Frequency,Channel B,Channel D
(kHz),(dBu),(dBu)

0.00000000,-39.81654000,-11.51220000
0.00061035,-47.13406000,-18.92242000
0.00122070,-60.87490000,-33.64999000
0.00183105,-78.94533000,-57.38098000
0.00244141,-83.48190000,-58.36919000
0.00305176,-79.22777000,-54.64742000
0.00366211,-80.06227000,-55.06617000
0.00427246,-76.91614000,-55.42997000
0.00488281,-78.76096000,-63.90754000
0.00549316,-88.29829000,-58.00938000
0.00610352,-79.54768000,-53.44047000
0.00671387,-76.64282000,-52.14855000
0.00732422,-75.13584000,-51.53446000
0.00793457,-78.28683000,-55.63231000
0.00854492,-83.94646000,-61.07796000
0.00915527,-79.65627000,-54.84417000
0.00976563,-89.96239000,-57.29713000
0.01037598,-81.01554000,-60.39806000
0.01098633,-83.20863000,-59.05920000
0.01159668,-81.12568000,-55.98749000
0.01220703,-85.29530000,-58.38432000
0.01281738,-83.19849000,-59.26849000
0.01342773,-89.13918000,-63.01498000
0.01403809,-86.42745000,-64.05845000
0.01464844,-81.48885000,-56.10974000
0.01525879,-83.45166000,-56.09209000
0.01586914,-86.41193000,-60.76791000
0.01647949,-75.78773000,-52.04941000
0.01708984,-74.59866000,-51.73710000
0.01770020,-75.44981000,-52.63876000
0.01831055,-77.79102000,-55.71459000
0.01892090,-79.39082000,-59.93440000
0.01953125,-76.79517000,-54.17080000
0.02014160,-77.40474000,-54.01310000
0.02075195,-80.12099000,-56.31962000
0.02136230,-85.06708000,-59.30721000
0.02197266,-81.78780000,-57.05364000
0.02258301,-82.55096000,-58.40351000
0.02319336,-87.31285000,-61.39062000
0.02380371,-78.90524000,-60.66515000
0.02441406,-80.13309000,-65.37975000
0.02502441,-83.31318000,-66.41023000
0.02563477,-84.75394000,-57.17805000
0.02624512,-79.69412000,-56.11576000
0.02685547,-75.71441000,-51.37892000
0.02746582,-91.54026000,-74.50534000
0.02807617,-84.12003000,-61.71833000
0.02868652,-41.43662000,-17.45442000
0.02929688,-23.02727000,0.94543890
0.02990723,-17.09051000,6.88296700
0.03051758,-20.20929000,3.76667700
0.03112793,-33.95607000,-9.96423600
0.03173828,-76.40956000,-51.24357000
0.03234863,-81.69109000,-53.72719000
0.03295898,-85.49523000,-68.32930000
0.03356934,-78.83729000,-54.41332000
0.03417969,-83.57005000,-63.31562000
0.03479004,-81.14119000,-58.38289000
0.03540039,-85.94360000,-60.73585000
0.03601074,-86.48789000,-60.45805000
0.03662109,-90.54063000,-71.64567000
0.03723145,-83.98044000,-61.88937000
0.03784180,-87.28751000,-65.16564000
0.03845215,-104.01250000,-79.41785000
0.03906250,-85.73151000,-60.51420000
0.03967285,-83.14743000,-58.34328000
0.04028320,-86.58866000,-77.93465000
0.04089355,-87.84138000,-63.56340000
0.04150391,-84.63075000,-60.37759000
0.04211426,-90.65744000,-58.19085000
0.04272461,-88.89449000,-61.25841000
0.04333496,-87.50954000,-65.73093000
0.04394531,-83.25027000,-61.42759000
0.04455566,-78.64345000,-56.26300000
0.04516602,-82.58920000,-59.21788000
0.04577637,-106.45220000,-74.30178000
0.04638672,-85.35823000,-62.18776000
0.04699707,-84.08354000,-65.68188000
0.04760742,-83.88749000,-65.54945000
0.04821777,-84.40099000,-61.18884000
0.04882813,-65.85539000,-43.92978000
0.04943848,-51.19341000,-29.17971000
0.05004883,-47.61470000,-25.55156000
0.05065918,-53.12555000,-31.03709000
0.05126953,-70.35190000,-48.19654000
0.05187988,-89.99543000,-64.50387000
0.05249023,-93.81264000,-69.84649000
0.05310059,-81.37007000,-62.05708000
0.05371094,-79.06787000,-55.05090000
0.05432129,-79.31643000,-53.53573000
0.05493164,-81.40980000,-57.12173000
0.05554199,-88.57262000,-84.95811000
0.05615234,-103.72050000,-61.52837000
0.05676270,-91.73328000,-58.41219000
0.05737305,-84.10478000,-57.42098000
0.05798340,-81.34850000,-60.29366000
0.05859375,-83.38352000,-60.88661000
0.05920410,-80.31532000,-53.95874000
0.05981445,-72.88110000,-48.35265000
0.06042480,-75.18658000,-51.01105000
0.06103516,-88.44547000,-67.35487000
0.06164551,-84.73003000,-66.77122000
0.06225586,-82.76032000,-66.32705000
0.06286621,-87.97474000,-71.29692000
0.06347656,-93.01998000,-63.89057000
0.06408691,-85.64474000,-66.03583000
0.06469727,-82.78766000,-64.10184000
0.06530762,-82.35825000,-61.67480000
0.06591797,-84.96608000,-62.56051000
0.06652832,-87.41441000,-64.96962000
0.06713867,-88.36433000,-64.45366000
0.06774902,-90.30412000,-64.99416000
0.06835938,-89.23314000,-64.64876000
0.06896973,-85.27493000,-59.86928000
0.06958008,-80.91603000,-56.85756000
0.07019043,-79.07944000,-56.19402000
0.07080078,-82.43858000,-62.61722000
0.07141113,-85.40652000,-73.19762000
0.07202148,-86.41906000,-66.62772000
0.07263184,-86.06278000,-61.83118000
0.07324219,-104.47720000,-62.42820000
0.07385254,-84.93146000,-60.78616000
0.07446289,-82.08147000,-61.55035000
0.07507324,-83.19276000,-65.14163000
0.07568359,-88.96835000,-66.99532000
0.07629395,-94.52100000,-69.41651000
0.07690430,-83.08661000,-73.65192000
0.07751465,-81.00880000,-64.26820000
0.07812500,-82.09126000,-60.88232000
0.07873535,-84.43181000,-61.88990000
0.07934570,-87.75697000,-65.80939000
0.07995605,-91.77823000,-74.02505000
0.08056641,-93.85506000,-71.33461000
0.08117676,-96.01779000,-76.41993000
0.08178711,-87.39094000,-64.33340000
0.08239746,-88.01175000,-65.11320000
0.08300781,-90.03453000,-64.32293000
0.08361816,-85.37261000,-61.36853000
0.08422852,-84.24382000,-64.07458000
0.08483887,-87.68887000,-74.23041000
0.08544922,-100.66510000,-75.96135000
0.08605957,-88.19061000,-67.87888000
0.08666992,-86.43961000,-68.12658000
0.08728027,-92.18919000,-69.63324000
0.08789063,-89.43756000,-64.68451000
0.08850098,-81.84297000,-58.88863000
0.08911133,-60.28915000,-36.03008000
0.08972168,-51.44293000,-27.12810000
0.09033203,-51.86182000,-27.54678000
0.09094238,-61.87634000,-37.52117000
0.09155273,-90.34734000,-63.54793000
0.09216309,-93.90934000,-70.98866000
0.09277344,-99.64700000,-65.00569000
0.09338379,-89.54179000,-74.95618000
0.09399414,-85.26703000,-68.26953000
0.09460449,-89.00943000,-63.30832000
0.09521484,-84.25356000,-63.83495000
0.09582520,-82.19856000,-64.20090000
0.09643555,-85.40480000,-63.26695000
0.09704590,-98.49957000,-67.65298000
0.09765625,-89.19243000,-72.74374000
0.09826660,-89.51956000,-71.20415000
0.09887695,-90.61546000,-72.51903000
0.09948730,-90.55794000,-64.16079000
0.10009766,-83.01175000,-63.26087000
0.10070801,-88.00185000,-76.23694000
0.10131836,-93.13388000,-68.13567000
0.10192871,-84.43788000,-63.54513000
0.10253906,-85.55261000,-65.42705000
0.10314941,-90.62589000,-71.40884000
0.10375977,-93.99442000,-69.10173000
0.10437012,-90.54309000,-66.08029000
0.10498047,-87.57349000,-66.82398000
0.10559082,-91.59660000,-76.58740000
0.10620117,-94.66574000,-76.18366000
0.10681152,-96.00182000,-75.56615000
0.10742188,-92.30614000,-68.39532000
0.10803223,-87.43240000,-63.36289000
0.10864258,-87.90984000,-65.39001000
0.10925293,-88.93250000,-61.96916000
0.10986328,-79.08719000,-54.96563000
0.11047363,-81.77408000,-58.91422000
0.11108398,-90.26780000,-79.26208000
0.11169434,-90.45967000,-68.67521000
0.11230469,-96.58673000,-71.54389000
0.11291504,-84.65203000,-69.59148000
0.11352539,-82.82956000,-62.77100000
0.11413574,-85.50433000,-61.74754000
0.11474609,-97.12299000,-67.42625000
0.11535645,-105.29940000,-67.26517000
0.11596680,-96.59390000,-64.38187000
0.11657715,-88.40988000,-68.97974000
0.11718750,-86.01877000,-64.87571000
0.11779785,-89.03859000,-65.16837000
0.11840820,-92.98954000,-75.09428000
0.11901855,-79.93218000,-57.26589000
0.11962891,-70.77773000,-47.08087000
0.12023926,-69.94346000,-46.54089000
0.12084961,-77.00471000,-55.06319000
0.12145996,-87.88322000,-69.04248000
0.12207031,-94.77908000,-65.90313000
0.12268066,-99.85086000,-66.82098000
0.12329102,-107.92470000,-68.76214000
0.12390137,-112.30890000,-66.27011000
0.12451172,-100.10890000,-66.66467000
0.12512207,-96.04593000,-66.90112000
0.12573242,-87.83235000,-70.54286000
0.12634277,-90.68432000,-74.14741000
0.12695313,-103.25670000,-66.73803000
0.12756348,-98.94690000,-73.53380000
0.12817383,-100.79590000,-76.85943000
0.12878418,-103.38080000,-76.72995000
0.12939453,-82.49290000,-60.70322000
0.13000488,-77.87109000,-56.00309000
0.13061523,-81.66946000,-60.55169000
0.13122559,-94.14582000,-66.19991000
0.13183594,-105.16410000,-64.41518000
0.13244629,-97.84340000,-69.29967000
0.13305664,-92.28868000,-69.25349000
0.13366699,-86.87904000,-68.28556000
0.13427734,-86.14679000,-77.86645000
0.13488770,-95.56863000,-69.20789000
0.13549805,-97.64174000,-71.08909000
0.13610840,-96.00391000,-64.94288000
0.13671875,-102.69170000,-63.36958000
0.13732910,-88.89369000,-66.01503000
0.13793945,-84.04755000,-66.98501000
0.13854980,-84.23850000,-64.04141000
0.13916016,-88.21923000,-62.52702000
0.13977051,-85.27055000,-65.54895000
0.14038086,-84.82761000,-66.83387000
0.14099121,-87.56639000,-66.47019000
0.14160156,-95.15875000,-68.80981000
0.14221191,-103.77180000,-75.98534000
0.14282227,-103.02230000,-79.51882000
0.14343262,-96.57388000,-72.28584000
0.14404297,-91.72867000,-73.38391000
0.14465332,-91.13448000,-72.22839000
0.14526367,-87.77982000,-69.06297000
0.14587402,-89.51472000,-66.63074000
0.14648438,-96.28714000,-71.82355000
0.14709473,-97.31886000,-79.13121000
0.14770508,-90.90924000,-66.73541000
0.14831543,-90.86129000,-65.41856000
0.14892578,-70.53374000,-46.76921000
0.14953613,-58.50612000,-34.65052000
0.15014648,-56.34132000,-32.41362000
0.15075684,-63.40422000,-39.38619000
0.15136719,-84.31083000,-60.51395000
0.15197754,-95.99464000,-75.64858000
0.15258789,-93.19356000,-77.37086000
0.15319824,-89.72195000,-79.74413000
0.15380859,-87.36649000,-74.69194000
0.15441895,-90.77820000,-79.88372000
0.15502930,-89.47333000,-78.87706000
0.15563965,-87.84045000,-68.33989000
0.15625000,-90.90916000,-63.03232000
0.15686035,-96.50558000,-63.32369000
0.15747070,-92.32293000,-71.27657000
0.15808105,-89.30901000,-73.27843000
0.15869141,-86.53978000,-74.35033000
0.15930176,-84.64997000,-69.97420000
0.15991211,-84.58063000,-66.12252000
0.16052246,-87.48577000,-74.92406000
0.16113281,-88.26392000,-71.00931000
0.16174316,-89.91168000,-79.64845000
0.16235352,-89.07159000,-73.12213000
0.16296387,-84.54932000,-70.48446000
0.16357422,-83.87521000,-79.52493000
0.16418457,-84.18884000,-73.45206000
0.16479492,-87.67351000,-68.57787000
0.16540527,-89.31120000,-67.63828000
0.16601563,-87.33066000,-74.24030000
0.16662598,-87.68092000,-70.90508000
0.16723633,-87.57964000,-70.76988000
0.16784668,-86.68359000,-77.94773000
0.16845703,-92.40360000,-74.50567000
0.16906738,-91.89285000,-66.78947000
0.16967773,-81.72198000,-57.23977000
0.17028809,-82.18469000,-56.44279000
0.17089844,-90.89792000,-64.91735000
0.17150879,-92.48074000,-74.81251000
0.17211914,-91.22918000,-72.83743000
0.17272949,-93.60359000,-78.11341000
0.17333984,-91.70162000,-95.73651000
0.17395020,-88.65574000,-77.46098000
0.17456055,-85.71341000,-69.25256000
0.17517090,-85.38083000,-68.27145000
0.17578125,-88.07054000,-75.94795000
0.17639160,-91.27542000,-74.88823000
0.17700195,-91.68341000,-76.42963000
0.17761230,-91.74974000,-84.67854000
0.17822266,-88.99648000,-67.43030000
0.17883301,-86.50367000,-62.22584000
0.17944336,-75.96361000,-53.00422000
0.18005371,-71.85569000,-49.56875000
0.18066406,-76.17737000,-54.42101000
0.18127441,-96.17546000,-67.02147000
0.18188477,-88.44051000,-70.20744000
0.18249512,-91.02914000,-70.78813000
0.18310547,-100.97820000,-71.82121000
0.18371582,-94.81350000,-75.01250000
0.18432617,-96.98918000,-78.82077000
0.18493652,-95.69142000,-74.49000000
0.18554688,-93.53326000,-69.49075000
0.18615723,-90.62450000,-68.59290000
0.18676758,-91.05605000,-71.01129000
0.18737793,-91.51213000,-74.22903000
0.18798828,-89.77594000,-75.15206000
0.18859863,-94.31796000,-75.74955000
0.18920898,-90.24139000,-67.32369000
0.18981934,-80.97871000,-59.19086000
0.19042969,-82.10428000,-62.52419000
0.19104004,-89.95015000,-78.39764000
0.19165039,-91.33651000,-80.30125000
0.19226074,-104.04380000,-76.02419000
0.19287109,-94.04243000,-80.24672000
0.19348145,-101.93120000,-76.15106000
0.19409180,-92.17932000,-70.23293000
0.19470215,-93.51559000,-69.24996000
0.19531250,-88.92540000,-74.03294000
0.19592285,-95.19668000,-77.64471000
0.19653320,-87.72244000,-72.29753000
0.19714355,-85.89246000,-74.39493000
0.19775391,-92.49226000,-80.89149000
0.19836426,-88.68607000,-74.00454000
0.19897461,-91.86980000,-78.36568000
0.19958496,-87.45631000,-69.97072000
0.20019531,-83.53448000,-65.52845000
0.20080566,-92.29694000,-65.25959000
0.20141602,-91.63367000,-68.13203000
0.20202637,-93.04187000,-73.99316000
0.20263672,-92.89870000,-77.28464000
0.20324707,-92.82130000,-75.12431000
0.20385742,-96.51210000,-69.42040000
0.20446777,-88.70538000,-67.26761000
0.20507813,-84.16388000,-66.67415000
0.20568848,-86.15462000,-69.48372000
0.20629883,-91.53526000,-69.64919000
0.20690918,-91.19682000,-71.35627000
0.20751953,-89.94562000,-73.45287000
0.20812988,-92.24853000,-86.03843000
0.20874023,-81.35431000,-57.91962000
0.20935059,-65.80437000,-41.91606000
0.20996094,-60.90743000,-37.04087000
0.21057129,-64.90556000,-41.20876000
0.21118164,-79.39088000,-57.36679000
0.21179199,-92.94467000,-78.86823000
0.21240234,-89.51302000,-75.37418000
0.21301270,-87.22408000,-73.00956000
0.21362305,-91.19460000,-71.95461000
0.21423340,-99.42915000,-78.29134000
0.21484375,-99.47982000,-91.83625000
0.21545410,-95.08124000,-74.83224000
0.21606445,-93.01810000,-68.16463000
0.21667480,-91.21313000,-67.26374000
0.21728516,-91.99730000,-71.53255000
0.21789551,-97.49155000,-90.18597000
0.21850586,-107.33060000,-75.93474000
0.21911621,-92.37275000,-73.95543000
0.21972656,-86.47578000,-67.97395000
0.22033691,-86.13310000,-64.56807000
0.22094727,-91.00676000,-69.85146000
0.22155762,-94.64153000,-75.46146000
0.22216797,-90.70125000,-68.29831000
0.22277832,-87.18913000,-69.88687000
0.22338867,-87.88174000,-68.79784000
0.22399902,-90.90339000,-64.37888000
0.22460938,-89.26881000,-67.20795000
0.22521973,-88.73633000,-71.25419000
0.22583008,-103.40190000,-68.88979000
0.22644043,-92.44917000,-68.30876000
0.22705078,-86.44868000,-71.59132000
0.22766113,-86.88274000,-71.88113000
0.22827148,-95.47591000,-71.80541000
0.22888184,-89.53224000,-66.69804000
0.22949219,-79.77814000,-57.54496000
0.23010254,-77.85822000,-56.40610000
0.23071289,-84.22032000,-61.47784000
0.23132324,-84.51508000,-68.00282000
0.23193359,-83.34977000,-67.04577000
0.23254395,-84.81929000,-66.87180000
0.23315430,-87.01070000,-71.57426000
0.23376465,-100.46710000,-75.82205000
0.23437500,-88.32721000,-82.08922000
0.23498535,-87.54062000,-77.02666000
0.23559570,-92.05590000,-69.41052000
0.23620605,-93.11136000,-69.97814000
0.23681641,-99.50014000,-75.23300000
0.23742676,-109.91020000,-80.52962000
0.23803711,-97.33563000,-76.73888000
0.23864746,-94.87724000,-81.92775000
0.23925781,-82.72671000,-57.33475000
0.23986816,-75.42163000,-50.24351000
0.24047852,-78.55382000,-52.89657000
0.24108887,-89.46969000,-65.66361000
0.24169922,-91.97900000,-86.43002000
0.24230957,-89.30080000,-76.59551000
0.24291992,-89.28313000,-73.80197000
0.24353027,-93.88135000,-71.29022000
0.24414063,-88.76656000,-70.53227000
0.24475098,-89.36174000,-69.90545000
0.24536133,-95.28419000,-70.24086000
0.24597168,-106.45370000,-71.79324000
0.24658203,-90.53171000,-75.49710000
0.24719238,-89.30583000,-81.09760000
0.24780273,-94.09829000,-76.42495000
0.24841309,-90.81941000,-80.46902000
0.24902344,-84.07468000,-65.28796000
0.24963379,-78.82858000,-56.76260000
0.25024414,-78.10719000,-57.49315000
0.25085449,-82.43666000,-68.96924000
0.25146484,-88.75978000,-76.63347000
0.25207520,-91.36618000,-76.22147000
0.25268555,-93.89363000,-85.73640000
0.25329590,-91.25813000,-76.96004000
0.25390625,-91.56134000,-71.51616000
0.25451660,-108.07230000,-70.59590000
0.25512695,-92.55952000,-70.42004000
0.25573730,-90.15420000,-72.15739000
0.25634766,-89.13693000,-80.22118000
0.25695801,-91.68054000,-77.32140000
0.25756836,-91.63684000,-75.10867000
0.25817871,-90.89818000,-76.78002000
0.25878906,-104.28030000,-76.38977000
0.25939941,-92.48502000,-66.29134000
0.26000977,-92.02010000,-63.89030000
0.26062012,-95.08002000,-67.07187000
0.26123047,-93.73615000,-73.02838000
0.26184082,-88.70357000,-75.59602000
0.26245117,-89.91951000,-79.25069000
0.26306152,-96.06572000,-74.99078000
0.26367188,-98.79761000,-74.09895000
0.26428223,-94.44793000,-81.04140000
0.26489258,-89.76317000,-78.46645000
0.26550293,-90.22338000,-73.03370000
0.26611328,-100.47610000,-73.14046000
0.26672363,-96.67075000,-71.91624000
0.26733398,-97.58411000,-72.24152000
0.26794434,-110.22730000,-70.03271000
0.26855469,-91.23984000,-65.62359000
0.26916504,-74.11824000,-49.00752000
0.26977539,-65.97984000,-41.17733000
0.27038574,-67.29919000,-42.40311000
0.27099609,-79.87261000,-53.15668000
0.27160645,-95.07097000,-75.70892000
0.27221680,-89.05827000,-72.73408000
0.27282715,-83.02328000,-70.26953000
0.27343750,-82.99541000,-70.43770000
0.27404785,-86.29459000,-76.43237000
0.27465820,-90.57166000,-78.79215000
0.27526855,-94.39986000,-71.24177000
0.27587891,-95.21780000,-68.61459000
0.27648926,-90.23914000,-72.12144000
0.27709961,-90.45907000,-71.74747000
0.27770996,-91.52664000,-68.88412000
0.27832031,-90.23757000,-72.17376000
0.27893066,-91.60705000,-83.62411000
0.27954102,-86.92905000,-80.76209000
0.28015137,-88.52218000,-84.84175000
0.28076172,-94.16332000,-76.88072000
0.28137207,-89.85802000,-72.83347000
0.28198242,-96.26388000,-73.10986000
0.28259277,-93.36644000,-77.00962000
0.28320313,-89.10664000,-66.50024000
0.28381348,-91.06380000,-65.74397000
0.28442383,-91.45929000,-69.29480000
0.28503418,-92.26920000,-84.09195000
0.28564453,-91.04222000,-72.18547000
0.28625488,-89.60079000,-68.67247000
0.28686523,-91.19316000,-69.74203000
0.28747559,-92.60067000,-76.96099000
0.28808594,-95.91568000,-77.00209000
0.28869629,-96.46839000,-73.99087000
0.28930664,-87.29143000,-63.16163000
0.28991699,-82.08152000,-58.84766000
0.29052734,-82.68711000,-62.86818000
0.29113770,-85.72971000,-75.63737000
0.29174805,-87.03654000,-70.14809000
0.29235840,-87.09927000,-66.77492000
0.29296875,-91.14326000,-77.09740000
0.29357910,-89.99838000,-73.76838000
0.29418945,-93.58463000,-75.85905000
0.29479980,-96.89610000,-79.48022000
0.29541016,-101.87750000,-71.61639000
0.29602051,-94.09651000,-74.65298000
0.29663086,-92.87437000,-71.40453000
0.29724121,-90.58524000,-70.41719000
0.29785156,-88.54057000,-72.87132000
0.29846191,-92.05613000,-71.45994000
0.29907227,-83.84197000,-60.21123000
0.29968262,-74.60850000,-51.96651000
0.30029297,-73.83263000,-52.30859000
0.30090332,-80.57494000,-61.20049000
0.30151367,-88.82026000,-69.69441000
0.30212402,-93.47034000,-68.17980000
0.30273438,-110.70380000,-66.96280000
0.30334473,-90.49825000,-69.03925000
0.30395508,-87.72110000,-80.94207000
0.30456543,-94.22971000,-73.87027000
0.30517578,-89.66301000,-72.84241000
0.30578613,-84.37312000,-78.30567000
0.30639648,-85.96665000,-74.74009000
0.30700684,-93.75725000,-76.77409000
0.30761719,-105.54560000,-76.36928000
0.30822754,-93.17970000,-75.58377000
0.30883789,-86.02458000,-71.42828000
0.30944824,-90.50736000,-64.82512000
0.31005859,-90.97375000,-62.69283000
0.31066895,-88.55920000,-66.47489000
0.31127930,-90.46013000,-71.08257000
0.31188965,-95.45631000,-78.97872000
0.31250000,-94.95551000,-76.77237000
0.31311035,-91.96053000,-75.99105000
0.31372070,-103.08880000,-78.20348000
0.31433105,-93.93427000,-82.91273000
0.31494141,-89.73323000,-84.05969000
0.31555176,-88.74460000,-72.44747000
0.31616211,-87.43217000,-73.18791000
0.31677246,-85.82572000,-75.54942000
0.31738281,-86.72425000,-74.25024000
0.31799316,-86.53264000,-85.18162000
0.31860352,-87.77394000,-78.78577000
0.31921387,-100.01600000,-74.25872000
0.31982422,-95.80193000,-65.44504000
0.32043457,-97.65517000,-67.98227000
0.32104492,-92.53137000,-88.85538000
0.32165527,-87.66074000,-75.06211000
0.32226563,-91.07489000,-75.93623000
0.32287598,-106.00740000,-77.76160000
0.32348633,-89.71663000,-80.45444000
0.32409668,-84.89801000,-73.58506000
0.32470703,-85.77258000,-72.78421000
0.32531738,-91.38777000,-78.06418000
0.32592773,-96.92635000,-72.70481000
0.32653809,-104.72150000,-73.14330000
0.32714844,-99.98102000,-74.26931000
0.32775879,-94.92303000,-80.87616000
0.32836914,-108.80090000,-82.39399000
0.32897949,-80.67745000,-57.19963000
0.32958984,-70.19589000,-46.18611000
0.33020020,-69.03874000,-44.70792000
0.33081055,-77.19600000,-52.16842000
0.33142090,-98.52281000,-70.88609000
0.33203125,-94.90065000,-78.99732000
0.33264160,-88.17444000,-72.28278000
0.33325195,-90.26959000,-75.83933000
0.33386230,-94.04768000,-72.83325000
0.33447266,-90.35179000,-71.20061000
0.33508301,-90.38411000,-71.60127000
0.33569336,-95.40517000,-70.57950000
0.33630371,-90.57464000,-73.80425000
0.33691406,-93.74360000,-70.56327000
0.33752441,-89.18738000,-70.83417000
0.33813477,-86.70249000,-74.05425000
0.33874512,-91.93483000,-75.24924000
0.33935547,-87.65931000,-67.41264000
0.33996582,-85.41741000,-64.83182000
0.34057617,-92.96304000,-67.03716000
0.34118652,-97.22736000,-67.84531000
0.34179688,-89.58790000,-69.34608000
0.34240723,-84.48257000,-76.25790000
0.34301758,-86.70955000,-77.46797000
0.34362793,-88.38996000,-78.80219000
0.34423828,-90.69360000,-75.96078000
0.34484863,-89.20419000,-72.14288000
0.34545898,-90.55762000,-68.55081000
0.34606934,-90.45343000,-66.14069000
0.34667969,-88.11292000,-69.15431000
0.34729004,-90.87104000,-75.36668000
0.34790039,-91.76082000,-74.85612000
0.34851074,-96.22092000,-88.57552000
0.34912109,-95.76463000,-63.85178000
0.34973145,-88.71915000,-58.73820000
0.35034180,-86.67477000,-62.99471000
0.35095215,-88.60832000,-72.94420000
0.35156250,-95.31158000,-70.30920000
0.35217285,-100.86870000,-70.41084000
0.35278320,-101.97560000,-76.73287000
0.35339355,-94.95399000,-79.83440000
0.35400391,-98.25550000,-76.33449000
0.35461426,-97.89633000,-79.38322000
0.35522461,-92.29035000,-76.60074000
0.35583496,-95.08188000,-72.55933000
0.35644531,-107.87660000,-81.51020000
0.35705566,-96.22426000,-70.98448000
0.35766602,-103.47780000,-68.82644000
0.35827637,-99.68384000,-70.98306000
0.35888672,-83.92121000,-73.34397000
0.35949707,-76.93746000,-56.62559000
0.36010742,-76.51666000,-53.46965000
0.36071777,-85.30774000,-58.65999000
0.36132813,-92.87508000,-71.37379000
0.36193848,-89.09187000,-79.19994000
0.36254883,-93.64933000,-74.05660000
0.36315918,-96.36560000,-74.81971000
0.36376953,-88.59429000,-84.44683000
0.36437988,-83.72153000,-72.39672000
0.36499023,-83.34885000,-73.28255000
0.36560059,-85.56176000,-78.67022000
0.36621094,-88.34105000,-72.35261000
0.36682129,-88.58268000,-74.37474000
0.36743164,-89.88066000,-81.43371000
0.36804199,-90.12857000,-75.79961000
0.36865234,-85.60213000,-69.87814000
0.36926270,-88.63426000,-68.23914000
0.36987305,-90.15754000,-67.79031000
0.37048340,-84.96851000,-73.49662000
0.37109375,-87.06460000,-71.47202000
0.37170410,-87.36746000,-70.26826000
0.37231445,-86.70945000,-71.90951000
0.37292480,-95.44485000,-70.67807000
0.37353516,-91.60950000,-73.10733000
0.37414551,-88.63336000,-78.40347000
0.37475586,-92.00122000,-77.75185000
0.37536621,-99.14362000,-75.70691000
0.37597656,-94.72218000,-71.03105000
0.37658691,-95.45876000,-69.48899000
0.37719727,-91.68834000,-69.38411000
0.37780762,-90.18312000,-75.19974000
0.37841797,-90.93886000,-83.63998000
0.37902832,-94.81480000,-83.30652000
0.37963867,-97.69871000,-77.41718000
0.38024902,-90.29436000,-79.99147000
0.38085938,-86.80951000,-72.39307000
0.38146973,-88.19805000,-74.71387000
0.38208008,-88.01042000,-85.71576000
0.38269043,-97.49294000,-84.14649000
0.38330078,-95.09515000,-72.94308000
0.38391113,-92.42661000,-67.95277000
0.38452148,-92.10281000,-71.27309000
0.38513184,-91.41377000,-72.31198000
0.38574219,-93.94386000,-72.25209000
0.38635254,-98.72802000,-77.22540000
0.38696289,-102.23940000,-81.55373000
0.38757324,-98.14742000,-86.39416000
0.38818359,-94.01859000,-96.80846000
0.38879395,-81.95885000,-66.95768000
0.38940430,-68.66154000,-51.68575000
0.39001465,-65.36736000,-47.60578000
0.39062500,-71.01729000,-52.73758000
0.39123535,-90.46921000,-70.47089000
0.39184570,-103.17520000,-76.49680000
0.39245605,-92.49548000,-79.16901000
0.39306641,-86.24225000,-67.79042000
0.39367676,-85.36258000,-66.15208000
0.39428711,-87.27069000,-70.56546000
0.39489746,-92.03262000,-78.41353000
0.39550781,-95.09459000,-72.01857000
0.39611816,-93.54000000,-72.23032000
0.39672852,-97.03088000,-74.70260000
0.39733887,-89.21864000,-79.82065000
0.39794922,-86.54726000,-78.60385000
0.39855957,-88.86753000,-75.10974000
0.39916992,-90.50952000,-70.66786000
0.39978027,-96.24139000,-66.54993000
0.40039063,-98.03972000,-67.20210000
0.40100098,-94.85938000,-75.67451000
0.40161133,-90.78670000,-82.00143000
0.40222168,-89.19223000,-77.67661000
0.40283203,-89.27347000,-78.30875000
0.40344238,-91.66727000,-72.31857000
0.40405273,-91.90461000,-68.57409000
0.40466309,-85.86430000,-68.62453000
0.40527344,-87.62335000,-74.30661000
0.40588379,-99.07736000,-81.95955000
0.40649414,-97.47510000,-74.76905000
0.40710449,-97.34947000,-69.75291000
0.40771484,-90.33390000,-68.18005000
0.40832520,-87.31561000,-69.18806000
0.40893555,-89.75079000,-68.78182000
0.40954590,-85.02695000,-63.17154000
0.41015625,-79.05452000,-60.98980000
0.41076660,-82.40192000,-65.27757000
0.41137695,-90.84294000,-73.77490000
0.41198730,-91.59836000,-77.61456000
0.41259766,-90.46243000,-71.71887000
0.41320801,-89.39931000,-79.06567000
0.41381836,-90.32724000,-78.00961000
0.41442871,-97.49184000,-73.31025000
0.41503906,-96.11221000,-71.65116000
0.41564941,-88.81279000,-74.33006000
0.41625977,-90.24138000,-81.39281000
0.41687012,-101.90890000,-70.38270000
0.41748047,-101.28740000,-69.28249000
0.41809082,-92.47048000,-76.33991000
0.41870117,-89.01521000,-86.46821000
0.41931152,-87.89432000,-62.43215000
0.41992188,-85.73238000,-55.44005000
0.42053223,-90.05016000,-58.92258000
0.42114258,-97.80392000,-74.10940000
0.42175293,-92.05898000,-80.53668000
0.42236328,-93.32829000,-82.96859000
0.42297363,-100.83060000,-83.76824000
0.42358398,-89.68117000,-69.90349000
0.42419434,-88.20187000,-70.09003000
0.42480469,-92.97527000,-78.51991000
0.42541504,-93.16692000,-71.91029000
0.42602539,-89.74358000,-72.74202000
0.42663574,-95.38402000,-83.88902000
0.42724609,-93.42200000,-82.13314000
0.42785645,-88.58598000,-76.30878000
0.42846680,-89.96559000,-72.21545000
0.42907715,-89.77169000,-67.32543000
0.42968750,-89.38837000,-63.90968000
0.43029785,-91.80244000,-65.97057000
0.43090820,-91.82310000,-73.52533000
0.43151855,-91.09442000,-80.19104000
0.43212891,-94.30358000,-79.92966000
0.43273926,-99.60105000,-86.07721000
0.43334961,-96.57848000,-72.19775000
0.43395996,-84.08050000,-70.21925000
0.43457031,-82.62543000,-73.18977000
0.43518066,-88.93562000,-69.72758000
0.43579102,-92.71450000,-64.89372000
0.43640137,-86.91071000,-64.29349000
0.43701172,-88.68645000,-65.16156000
0.43762207,-95.44941000,-66.19440000
0.43823242,-100.35170000,-69.97835000
0.43884277,-96.09241000,-77.50694000
0.43945313,-89.01332000,-65.07959000
0.44006348,-91.23489000,-62.72253000
0.44067383,-107.78680000,-70.33273000
0.44128418,-98.86914000,-74.03413000
0.44189453,-105.37240000,-74.90014000
0.44250488,-100.96830000,-81.58550000
0.44311523,-101.41120000,-78.08540000
0.44372559,-89.85920000,-88.86626000
0.44433594,-86.78971000,-76.17442000
0.44494629,-88.32990000,-72.57314000
0.44555664,-94.56415000,-71.02958000
0.44616699,-102.22420000,-76.91914000
0.44677734,-102.17410000,-73.87772000
0.44738770,-100.83480000,-73.56612000
0.44799805,-107.16570000,-73.72741000
0.44860840,-97.49696000,-76.35127000
0.44921875,-80.81069000,-57.58181000
0.44982910,-74.74373000,-50.82552000
0.45043945,-77.26688000,-52.97644000
0.45104980,-85.71452000,-64.89890000
0.45166016,-89.19061000,-85.23804000
0.45227051,-95.74288000,-77.33713000
0.45288086,-96.64563000,-79.32574000
0.45349121,-93.35150000,-82.89967000
0.45410156,-98.25117000,-80.13371000
0.45471191,-88.08517000,-73.53051000
0.45532227,-86.31576000,-82.60693000
0.45593262,-86.46185000,-84.10816000
0.45654297,-88.56526000,-90.58228000
0.45715332,-89.80992000,-91.24871000
0.45776367,-89.22349000,-88.52050000
0.45837402,-87.29107000,-87.44818000
0.45898438,-86.62119000,-73.47951000
0.45959473,-85.23368000,-75.69728000
0.46020508,-82.70687000,-69.13969000
0.46081543,-83.40580000,-71.49346000
0.46142578,-88.63782000,-83.15536000
0.46203613,-98.73247000,-79.07630000
0.46264648,-92.47227000,-85.01767000
0.46325684,-88.12206000,-81.02265000
0.46386719,-91.32454000,-77.95418000
0.46447754,-102.41810000,-75.61942000
0.46508789,-94.60609000,-76.49440000
0.46569824,-88.46870000,-81.47506000
0.46630859,-88.25354000,-82.59396000
0.46691895,-90.26318000,-84.79909000
0.46752930,-90.48771000,-74.44814000
0.46813965,-92.00462000,-73.08035000
0.46875000,-97.88443000,-76.82064000
0.46936035,-89.83524000,-63.65274000
0.46997070,-84.30006000,-61.58595000
0.47058105,-86.74281000,-66.69366000
0.47119141,-91.13054000,-70.81938000
0.47180176,-93.40378000,-74.47328000
0.47241211,-96.53663000,-72.79935000
0.47302246,-98.29514000,-71.02222000
0.47363281,-89.62768000,-76.19599000
0.47424316,-87.22594000,-74.29330000
0.47485352,-86.23855000,-77.89539000
0.47546387,-86.88226000,-83.06915000
0.47607422,-88.37456000,-82.79501000
0.47668457,-87.00089000,-73.04124000
0.47729492,-84.26256000,-83.86407000
0.47790527,-86.79279000,-75.37996000
0.47851563,-88.75601000,-93.68992000
0.47912598,-88.82480000,-64.37825000
0.47973633,-81.82178000,-56.39660000
0.48034668,-83.57747000,-57.15040000
0.48095703,-101.69980000,-66.98428000
0.48156738,-88.44519000,-79.83047000
0.48217773,-88.56865000,-83.41655000
0.48278809,-90.15016000,-75.76542000
0.48339844,-90.82521000,-77.55956000
0.48400879,-94.12670000,-87.41370000
0.48461914,-99.45242000,-83.91674000
0.48522949,-103.94540000,-82.61328000
0.48583984,-102.73510000,-78.66991000
0.48645020,-105.53400000,-85.23078000
0.48706055,-96.96965000,-87.31125000
0.48767090,-104.22550000,-88.37981000
0.48828125,-107.56760000,-81.18999000
0.48889160,-111.05500000,-71.06230000
0.48950195,-109.16430000,-66.89688000
0.49011230,-103.74710000,-71.31737000
0.49072266,-94.08515000,-75.58737000
0.49133301,-89.92237000,-68.18200000
0.49194336,-86.93475000,-67.16185000
0.49255371,-85.49806000,-68.69577000
0.49316406,-89.63506000,-70.47050000
0.49377441,-102.58860000,-70.12259000
0.49438477,-92.95678000,-75.17516000
0.49499512,-90.42474000,-74.07835000
0.49560547,-89.70180000,-77.69304000
0.49621582,-85.29420000,-77.60199000
0.49682617,-84.33423000,-76.89927000
0.49743652,-87.38686000,-74.85561000
0.49804688,-94.00180000,-70.24440000
0.49865723,-90.30768000,-69.47607000
0.49926758,-86.59138000,-66.90519000
0.49987793,-86.70974000,-64.10831000
0.50048828,-94.79432000,-66.28299000
0.50109863,-95.59447000,-74.16454000
0.50170898,-93.98846000,-72.33632000
0.50231934,-97.94402000,-70.85857000
0.50292969,-97.68045000,-71.22009000
0.50354004,-96.33044000,-69.40728000
0.50415039,-88.61002000,-71.02656000
0.50476074,-87.76402000,-69.64580000
0.50537109,-88.19367000,-68.28669000
0.50598145,-86.87684000,-67.59361000
0.50659180,-93.28149000,-68.07229000
0.50720215,-90.02862000,-75.31234000
0.50781250,-88.17410000,-85.88382000
0.50842285,-89.29698000,-78.70410000
0.50903320,-81.57818000,-64.08060000
0.50964355,-74.87466000,-55.00414000
0.51025391,-75.31866000,-53.96977000
0.51086426,-84.41110000,-60.38961000
0.51147461,-87.72060000,-71.71354000
0.51208496,-88.02499000,-81.97056000
0.51269531,-91.66736000,-86.49957000
0.51330566,-92.50206000,-99.91759000
0.51391602,-97.07474000,-82.75395000
0.51452637,-97.41023000,-89.47056000
0.51513672,-91.98602000,-95.44432000
0.51574707,-88.69965000,-75.18235000
0.51635742,-87.44254000,-74.13869000
0.51696777,-91.46511000,-77.15007000
0.51757813,-95.20009000,-70.27364000
0.51818848,-97.88586000,-78.71802000
0.51879883,-89.88905000,-76.04759000
0.51940918,-83.57245000,-76.31532000
0.52001953,-83.19831000,-81.38832000
0.52062988,-87.82845000,-86.52280000
0.52124023,-95.53967000,-75.80469000
0.52185059,-90.58788000,-71.82288000
0.52246094,-89.56163000,-74.14344000
0.52307129,-87.40611000,-74.75422000
0.52368164,-88.18015000,-74.78636000
0.52429199,-94.89514000,-71.60455000
0.52490234,-86.32195000,-68.08746000
0.52551270,-89.32063000,-68.33006000
0.52612305,-94.87160000,-71.48862000
0.52673340,-93.67409000,-77.68977000
0.52734375,-94.73712000,-72.30046000
0.52795410,-93.22885000,-72.16734000
0.52856445,-92.99099000,-75.76425000
0.52917480,-85.32451000,-72.14436000
0.52978516,-81.19106000,-72.28158000
0.53039551,-84.34841000,-77.01408000
0.53100586,-92.01911000,-80.96506000
0.53161621,-94.40678000,-87.22128000
0.53222656,-94.97848000,-76.82365000
0.53283691,-94.28043000,-77.04939000
0.53344727,-90.32048000,-86.53778000
0.53405762,-87.48364000,-83.66218000
0.53466797,-89.07998000,-79.03840000
0.53527832,-90.75160000,-76.54149000
0.53588867,-96.31631000,-83.92457000
0.53649902,-94.14819000,-78.91251000
0.53710938,-90.79308000,-75.91782000
0.53771973,-92.61501000,-71.87117000
0.53833008,-90.63564000,-74.78648000
0.53894043,-89.65036000,-84.06007000
0.53955078,-83.73616000,-63.20480000
0.54016113,-82.78282000,-61.25042000
0.54077148,-92.81424000,-71.35421000
0.54138184,-97.57420000,-89.09303000
0.54199219,-98.10017000,-76.78567000
0.54260254,-95.33456000,-73.14917000
0.54321289,-99.58530000,-77.28552000
0.54382324,-94.45083000,-77.54258000
0.54443359,-88.22380000,-74.58363000
0.54504395,-88.08868000,-69.01396000
0.54565430,-92.21375000,-65.30690000
0.54626465,-98.74352000,-66.77048000
0.54687500,-107.96900000,-74.42877000
0.54748535,-95.77862000,-84.61526000
0.54809570,-92.83995000,-86.62423000
0.54870605,-91.29356000,-72.59023000
0.54931641,-84.09087000,-67.49506000
0.54992676,-80.22438000,-65.53871000
0.55053711,-83.66420000,-69.56336000
0.55114746,-88.35919000,-72.32896000
0.55175781,-86.39729000,-75.51871000
0.55236816,-87.23291000,-73.51373000
0.55297852,-88.16389000,-72.72331000
0.55358887,-89.23376000,-72.94258000
0.55419922,-91.82053000,-73.68016000
0.55480957,-94.79219000,-70.32889000
0.55541992,-100.91170000,-76.09565000
0.55603027,-106.05570000,-75.88472000
0.55664063,-113.29570000,-71.51682000
0.55725098,-89.91680000,-72.68357000
0.55786133,-87.35919000,-75.87092000
0.55847168,-96.24538000,-70.00021000
0.55908203,-93.22907000,-69.10590000
0.55969238,-86.66589000,-68.84966000
0.56030273,-89.05564000,-73.18935000
0.56091309,-97.64731000,-78.37577000
0.56152344,-104.49130000,-76.96404000
0.56213379,-97.44365000,-77.06036000
0.56274414,-94.86337000,-80.18494000
0.56335449,-87.85049000,-76.78941000
0.56396484,-82.73523000,-73.50850000
0.56457520,-85.23721000,-73.73695000
0.56518555,-89.51048000,-71.06824000
0.56579590,-83.29444000,-69.46992000
0.56640625,-84.39845000,-73.79625000
0.56701660,-91.35823000,-82.53963000
0.56762695,-97.66570000,-77.56802000
0.56823730,-91.53790000,-84.68665000
0.56884766,-83.22357000,-71.55649000
0.56945801,-75.67574000,-58.77366000
0.57006836,-74.70502000,-55.55141000
0.57067871,-82.02747000,-61.29117000
0.57128906,-95.02998000,-77.47829000
0.57189941,-98.69026000,-84.53683000
0.57250977,-101.52130000,-77.29121000
0.57312012,-90.49463000,-72.41571000
0.57373047,-93.09019000,-83.39040000
0.57434082,-104.25490000,-76.72243000
0.57495117,-94.44755000,-72.14397000
0.57556152,-86.45586000,-73.01244000
0.57617188,-85.90128000,-84.74514000
0.57678223,-89.46654000,-82.35852000
0.57739258,-88.54011000,-83.83363000
0.57800293,-87.00938000,-74.77919000
0.57861328,-88.92836000,-77.14827000
0.57922363,-96.40906000,-74.03072000
0.57983398,-90.56622000,-73.71040000
0.58044434,-85.96619000,-78.06378000
0.58105469,-90.16361000,-82.24731000
0.58166504,-99.30278000,-74.96437000
0.58227539,-87.23442000,-75.23840000
0.58288574,-86.94664000,-76.43085000
0.58349609,-87.87840000,-84.85473000
0.58410645,-88.53829000,-78.73203000
0.58471680,-92.12650000,-76.70111000
0.58532715,-93.19031000,-75.84278000
0.58593750,-92.46800000,-70.65996000
0.58654785,-98.21548000,-70.04685000
0.58715820,-95.90221000,-71.90342000
0.58776855,-102.40130000,-70.52200000
0.58837891,-96.99080000,-82.11813000
0.58898926,-99.64016000,-70.36411000
0.58959961,-84.54430000,-66.85584000
0.59020996,-84.87096000,-69.49777000
0.59082031,-91.03838000,-71.78777000
0.59143066,-92.46693000,-71.04185000
0.59204102,-94.30873000,-70.30543000
0.59265137,-98.61642000,-71.88301000
0.59326172,-108.54290000,-75.10011000
0.59387207,-94.27477000,-76.57645000
0.59448242,-87.41278000,-78.40257000
0.59509277,-85.29853000,-75.30482000
0.59570313,-86.52298000,-72.21532000
0.59631348,-90.74449000,-76.84158000
0.59692383,-95.00121000,-71.28500000
0.59753418,-96.73720000,-69.19791000
0.59814453,-119.21580000,-73.78111000
0.59875488,-90.07678000,-88.11940000
0.59936523,-83.22099000,-67.96246000
0.59997559,-82.89494000,-61.39207000
0.60058594,-88.73338000,-63.90377000
0.60119629,-90.28105000,-72.61705000
0.60180664,-98.74928000,-93.12979000
0.60241699,-100.37930000,-71.44499000
0.60302734,-90.93552000,-68.77937000
0.60363770,-89.12053000,-72.36228000
0.60424805,-94.49405000,-83.20934000
0.60485840,-94.19557000,-80.63809000
0.60546875,-89.50324000,-77.26294000
0.60607910,-88.56904000,-69.02787000
0.60668945,-89.93526000,-71.28641000
0.60729980,-93.75542000,-81.32160000
0.60791016,-91.38638000,-76.61662000
0.60852051,-88.27124000,-72.27668000
0.60913086,-90.60435000,-71.76831000
0.60974121,-93.98036000,-72.89700000
0.61035156,-89.59857000,-74.41646000
0.61096191,-90.93533000,-69.31680000
0.61157227,-97.05023000,-66.55007000
0.61218262,-98.58868000,-69.80809000
0.61279297,-91.82129000,-79.95532000
0.61340332,-87.01656000,-74.96297000
0.61401367,-88.91173000,-72.99478000
0.61462402,-109.09290000,-75.69015000
0.61523438,-91.76695000,-75.66412000
0.61584473,-92.76247000,-86.12914000
0.61645508,-98.85629000,-87.85826000
0.61706543,-97.78672000,-82.35335000
0.61767578,-96.60171000,-75.44612000
0.61828613,-94.08205000,-72.21672000
0.61889648,-98.06358000,-72.90967000
0.61950684,-93.71469000,-68.40376000
0.62011719,-87.74362000,-64.28544000
0.62072754,-89.59191000,-67.19939000
0.62133789,-96.44330000,-80.67529000
0.62194824,-90.46538000,-77.79704000
0.62255859,-94.22961000,-76.34961000
0.62316895,-90.29929000,-81.23297000
0.62377930,-80.35317000,-75.09536000
0.62438965,-78.67046000,-75.27232000
0.62500000,-84.79280000,-83.15413000
0.62561035,-92.77831000,-88.09772000
0.62622070,-88.81898000,-78.49361000
0.62683105,-87.26366000,-73.73693000
0.62744141,-90.33469000,-75.86823000
0.62805176,-98.95590000,-73.08256000
0.62866211,-88.89325000,-73.48163000
0.62927246,-77.03593000,-65.54504000
0.62988281,-73.52840000,-59.09384000
0.63049316,-78.11809000,-61.26879000
0.63110352,-85.72173000,-75.97371000
0.63171387,-85.00833000,-75.23267000
0.63232422,-86.97272000,-73.64036000
0.63293457,-96.34521000,-75.20076000
0.63354492,-101.89760000,-75.15947000
0.63415527,-102.92880000,-75.50159000
0.63476563,-99.18842000,-72.16661000
0.63537598,-96.34975000,-67.87076000
0.63598633,-93.15319000,-69.54469000
0.63659668,-91.25034000,-75.93620000
0.63720703,-90.35809000,-69.60625000
0.63781738,-91.12215000,-67.55479000
0.63842773,-93.63344000,-69.16884000
0.63903809,-92.95806000,-71.44505000
0.63964844,-89.61125000,-74.96438000
0.64025879,-94.35139000,-81.36609000
0.64086914,-90.31496000,-75.04319000
0.64147949,-89.46431000,-74.61494000
0.64208984,-95.26643000,-73.66135000
0.64270020,-89.90683000,-76.11663000
0.64331055,-85.79292000,-75.73621000
0.64392090,-85.22243000,-76.86586000
0.64453125,-87.23735000,-81.52261000
0.64514160,-91.93993000,-82.12669000
0.64575195,-93.55178000,-80.72015000
0.64636230,-90.51424000,-75.31326000
0.64697266,-90.61765000,-84.53986000
0.64758301,-94.28305000,-70.92259000
0.64819336,-97.68201000,-67.74814000
0.64880371,-93.86469000,-67.46294000
0.64941406,-82.86082000,-64.19990000
0.65002441,-79.16273000,-63.19011000
0.65063477,-81.93317000,-69.28253000
0.65124512,-85.37426000,-74.76288000
0.65185547,-86.90404000,-80.72753000
0.65246582,-87.65755000,-75.10253000
0.65307617,-91.88064000,-72.43217000
0.65368652,-99.47256000,-76.40129000
0.65429688,-102.42420000,-85.05244000
0.65490723,-108.93830000,-74.12160000
0.65551758,-91.60426000,-74.08563000
0.65612793,-87.74311000,-76.68861000
0.65673828,-88.55747000,-76.26676000
0.65734863,-90.08789000,-73.46214000
0.65795898,-94.36237000,-70.29517000
0.65856934,-101.48260000,-71.64352000
0.65917969,-87.98923000,-69.67972000
0.65979004,-85.52868000,-61.88690000
0.66040039,-89.86841000,-61.87597000
0.66101074,-95.51968000,-66.28320000
0.66162109,-91.17183000,-69.01382000
0.66223145,-91.27594000,-74.34844000
0.66284180,-97.86663000,-88.94008000
0.66345215,-99.23607000,-81.89789000
0.66406250,-100.64740000,-70.00306000
0.66467285,-101.85440000,-69.23650000
0.66528320,-88.76553000,-70.61701000
0.66589355,-88.78018000,-75.58136000
0.66650391,-94.69888000,-78.34782000
0.66711426,-90.27737000,-75.91903000
0.66772461,-94.48693000,-76.12580000
0.66833496,-105.13590000,-84.84830000
0.66894531,-96.30283000,-75.83169000
0.66955566,-89.84229000,-83.33224000
0.67016602,-86.49272000,-79.97092000
0.67077637,-86.82339000,-80.09060000
0.67138672,-88.71857000,-84.92714000
0.67199707,-85.40126000,-76.75953000
0.67260742,-85.87962000,-78.63484000
0.67321777,-93.03008000,-77.00452000
0.67382813,-101.04450000,-75.96434000
0.67443848,-101.94480000,-73.04521000
0.67504883,-99.41070000,-69.87116000
0.67565918,-109.92310000,-73.40415000
0.67626953,-92.82314000,-74.40340000
0.67687988,-87.30664000,-77.65017000
0.67749023,-89.59365000,-80.00762000
0.67810059,-94.23257000,-73.17877000
0.67871094,-89.49136000,-71.63693000
0.67932129,-85.43121000,-68.60973000
0.67993164,-80.87952000,-69.16020000
0.68054199,-81.24529000,-86.22032000
0.68115234,-89.68144000,-71.14509000
0.68176270,-94.92461000,-70.80971000
0.68237305,-87.86256000,-73.31787000
0.68298340,-86.95313000,-72.41659000
0.68359375,-84.57053000,-74.23409000
0.68420410,-84.31275000,-75.14139000
0.68481445,-89.52753000,-72.17787000
0.68542480,-95.28172000,-76.70598000
0.68603516,-94.60629000,-73.50861000
0.68664551,-91.02768000,-73.17648000
0.68725586,-92.73177000,-82.42430000
0.68786621,-95.89660000,-84.06017000
0.68847656,-84.84676000,-86.90881000
0.68908691,-70.33404000,-72.86792000
0.68969727,-64.27249000,-61.78424000
0.69030762,-67.04147000,-61.63347000
0.69091797,-79.03482000,-71.75182000
0.69152832,-93.90181000,-69.22316000
0.69213867,-93.88791000,-68.42661000
0.69274902,-90.20367000,-73.81051000
0.69335938,-85.85228000,-86.02364000
0.69396973,-89.42125000,-83.71602000
0.69458008,-105.86970000,-72.23108000
0.69519043,-111.64610000,-70.67889000
0.69580078,-88.82678000,-70.93758000
0.69641113,-88.07654000,-72.82149000
0.69702148,-90.11447000,-75.07323000
0.69763184,-90.19186000,-69.51290000
0.69824219,-96.02519000,-68.80650000
0.69885254,-99.31861000,-71.21126000
0.69946289,-90.71557000,-65.74217000
0.70007324,-86.74461000,-63.47574000
0.70068359,-87.57584000,-66.36803000
0.70129395,-90.57324000,-72.11015000
0.70190430,-92.71158000,-70.58069000
0.70251465,-106.16520000,-69.14821000
0.70312500,-87.97700000,-73.53848000
0.70373535,-86.27364000,-81.30548000
0.70434570,-94.49594000,-78.80338000
0.70495605,-88.65894000,-80.26022000
0.70556641,-88.18707000,-78.77374000
0.70617676,-103.36540000,-90.40012000
0.70678711,-92.20517000,-74.96463000
0.70739746,-92.55728000,-80.09853000
0.70800781,-95.07367000,-83.18829000
0.70861816,-89.78627000,-76.43192000
0.70922852,-85.21907000,-74.44973000
0.70983887,-84.15215000,-71.50317000
0.71044922,-87.93422000,-71.35355000
0.71105957,-92.14260000,-68.98925000
0.71166992,-97.69925000,-67.43621000
0.71228027,-96.27080000,-71.50477000
0.71289063,-93.03013000,-71.72140000
0.71350098,-88.97701000,-74.76779000
0.71411133,-86.72942000,-83.52425000
0.71472168,-89.28075000,-70.81987000
0.71533203,-88.79556000,-68.64738000
0.71594238,-90.83942000,-67.70776000
0.71655273,-99.69276000,-67.94985000
0.71716309,-101.62290000,-71.14906000
0.71777344,-93.02834000,-76.24014000
0.71838379,-96.52278000,-89.09283000
0.71899414,-88.55209000,-81.09687000
0.71960449,-80.11978000,-68.63549000
0.72021484,-81.46599000,-67.67087000
0.72082520,-92.67181000,-77.01764000
0.72143555,-102.77020000,-77.65290000
0.72204590,-93.40468000,-76.09107000
0.72265625,-91.78616000,-74.82111000
0.72326660,-93.37581000,-71.53165000
0.72387695,-86.92505000,-73.36933000
0.72448730,-85.60201000,-81.61128000
0.72509766,-87.59391000,-83.35066000
0.72570801,-88.20801000,-74.95387000
0.72631836,-89.50006000,-75.34207000
0.72692871,-93.09752000,-86.00578000
0.72753906,-96.15281000,-81.39553000
0.72814941,-91.23623000,-75.41078000
0.72875977,-89.09296000,-81.62045000
0.72937012,-89.60159000,-75.46609000
0.72998047,-90.56344000,-76.29250000
0.73059082,-91.47477000,-76.83606000
0.73120117,-92.23198000,-71.48405000
0.73181152,-92.44574000,-72.17499000
0.73242188,-93.12627000,-79.62554000
0.73303223,-92.80852000,-88.46082000
0.73364258,-92.61253000,-75.88034000
0.73425293,-110.41680000,-72.66797000
0.73486328,-88.61289000,-79.31393000
0.73547363,-87.42740000,-76.70281000
0.73608398,-94.28584000,-72.20805000
0.73669434,-89.27942000,-76.48882000
0.73730469,-87.37834000,-81.45301000
0.73791504,-88.86573000,-75.27269000
0.73852539,-95.80457000,-79.70545000
0.73913574,-97.64301000,-78.26591000
0.73974609,-88.54244000,-75.13322000
0.74035645,-88.72087000,-72.16415000
0.74096680,-92.28242000,-77.66158000
0.74157715,-90.16315000,-78.65729000
0.74218750,-91.05470000,-84.75664000
0.74279785,-96.73059000,-80.46643000
0.74340820,-114.53160000,-78.61752000
0.74401855,-101.07740000,-76.80385000
0.74462891,-91.85105000,-82.67259000
0.74523926,-89.88310000,-79.93105000
0.74584961,-91.59203000,-77.33646000
0.74645996,-97.21028000,-77.13045000
0.74707031,-97.49233000,-78.64760000
0.74768066,-94.66438000,-74.69072000
0.74829102,-91.52612000,-73.85345000
0.74890137,-92.61166000,-74.13420000
0.74951172,-79.08511000,-70.09017000
0.75012207,-77.80419000,-66.69207000
0.75073242,-86.82667000,-66.94733000
0.75134277,-96.49632000,-68.75006000
0.75195313,-89.79794000,-74.09446000
0.75256348,-93.87270000,-73.77110000
0.75317383,-99.13873000,-70.59616000
0.75378418,-98.55330000,-68.10046000
0.75439453,-115.45480000,-67.51807000
0.75500488,-99.39307000,-68.61124000
0.75561523,-95.96650000,-69.72417000
0.75622559,-91.76820000,-69.57112000
0.75683594,-94.51373000,-69.49007000
0.75744629,-99.00814000,-71.88426000
0.75805664,-87.09387000,-68.22309000
0.75866699,-86.45305000,-67.69334000
0.75927734,-92.49627000,-71.66904000
0.75988770,-96.33167000,-69.18964000
0.76049805,-110.82930000,-67.47376000
0.76110840,-91.74715000,-69.84528000
0.76171875,-90.03627000,-72.52179000
0.76232910,-93.38782000,-72.23024000
0.76293945,-94.47770000,-72.46593000
0.76354980,-96.81812000,-75.74853000
0.76416016,-99.05160000,-79.51257000
0.76477051,-95.57262000,-79.16862000
0.76538086,-95.88676000,-71.19580000
0.76599121,-102.95870000,-78.46623000
0.76660156,-93.94351000,-71.37603000
0.76721191,-88.84575000,-72.23103000
0.76782227,-89.19038000,-81.33480000
0.76843262,-92.25715000,-81.73825000
0.76904297,-94.51842000,-76.28001000
0.76965332,-111.06790000,-69.97638000
0.77026367,-92.15903000,-70.82401000
0.77087402,-90.79014000,-77.08474000
0.77148438,-105.75730000,-80.89627000
0.77209473,-94.50764000,-78.37586000
0.77270508,-94.38197000,-79.48798000
0.77331543,-96.69209000,-85.55475000
0.77392578,-93.56140000,-78.72017000
0.77453613,-93.60587000,-73.44604000
0.77514648,-94.98256000,-75.30450000
0.77575684,-107.07710000,-74.63907000
0.77636719,-90.17102000,-71.49718000
0.77697754,-85.60838000,-70.99887000
0.77758789,-86.58751000,-73.39423000
0.77819824,-86.36169000,-76.78741000
0.77880859,-91.03079000,-75.69210000
0.77941895,-82.63132000,-68.08994000
0.78002930,-80.00349000,-61.15726000
0.78063965,-83.25940000,-63.79719000
0.78125000,-82.63707000,-73.81789000
0.78186035,-82.53304000,-85.04977000
0.78247070,-85.52125000,-77.61899000
0.78308105,-94.07172000,-74.84238000
0.78369141,-96.26404000,-70.67860000
0.78430176,-99.09322000,-70.98335000
0.78491211,-90.08152000,-76.75365000
0.78552246,-89.48841000,-75.80051000
0.78613281,-93.05306000,-72.38081000
0.78674316,-89.41765000,-72.66837000
0.78735352,-88.13820000,-76.17913000
0.78796387,-89.01124000,-79.28571000
0.78857422,-92.58087000,-85.36357000
0.78918457,-101.01140000,-77.85593000
0.78979492,-90.57611000,-74.82700000
0.79040527,-90.35052000,-78.64574000
0.79101563,-89.90359000,-75.00108000
0.79162598,-93.69484000,-71.81838000
0.79223633,-85.93590000,-75.57169000
0.79284668,-85.62183000,-76.27885000
0.79345703,-89.82566000,-81.25533000
0.79406738,-92.37077000,-86.13549000
0.79467773,-91.89105000,-90.59014000
0.79528809,-91.01881000,-80.86731000
0.79589844,-91.78476000,-87.33108000
0.79650879,-99.38370000,-75.06644000
0.79711914,-97.05901000,-69.88525000
0.79772949,-90.33023000,-68.59430000
0.79833984,-94.08337000,-66.50875000
0.79895020,-92.39453000,-67.37695000
0.79956055,-85.21817000,-76.83197000
0.80017090,-87.13112000,-84.29404000
0.80078125,-90.87837000,-80.01260000
0.80139160,-85.77612000,-87.66019000
0.80200195,-86.13380000,-70.19551000
0.80261230,-89.02252000,-71.59231000
0.80322266,-91.67243000,-77.54264000
0.80383301,-92.77385000,-66.84520000
0.80444336,-93.70569000,-67.05116000
0.80505371,-92.43594000,-70.98891000
0.80566406,-93.97891000,-70.99139000
0.80627441,-97.06193000,-68.38335000
0.80688477,-90.00053000,-69.64153000
0.80749512,-95.16814000,-75.74609000
0.80810547,-97.27158000,-73.61838000
0.80871582,-91.78567000,-73.63422000
0.80932617,-83.91387000,-68.06723000
0.80993652,-82.41402000,-65.80911000
0.81054688,-88.50877000,-69.31409000
0.81115723,-99.95362000,-73.92685000
0.81176758,-91.89897000,-76.82698000
0.81237793,-98.35259000,-75.93599000
0.81298828,-92.55049000,-76.03043000
0.81359863,-91.69312000,-84.57524000
0.81420898,-96.70503000,-75.89742000
0.81481934,-104.11380000,-72.10434000
0.81542969,-92.06702000,-77.82729000
0.81604004,-89.08680000,-73.95248000
0.81665039,-100.47130000,-72.19491000
0.81726074,-93.93161000,-78.72649000
0.81787109,-92.65434000,-76.34587000
0.81848145,-92.81813000,-77.38526000
0.81909180,-90.55144000,-78.92523000
0.81970215,-88.91865000,-71.43525000
0.82031250,-92.75086000,-73.91316000
0.82092285,-106.55970000,-77.32551000
0.82153320,-97.75117000,-77.81777000
0.82214355,-98.08502000,-68.67957000
0.82275391,-92.92138000,-66.50189000
0.82336426,-97.73690000,-66.93971000
0.82397461,-107.45190000,-71.17476000
0.82458496,-100.46370000,-87.63628000
0.82519531,-89.03596000,-72.87434000
0.82580566,-88.74371000,-73.21243000
0.82641602,-96.93630000,-76.02318000
0.82702637,-96.76197000,-78.24393000
0.82763672,-101.97540000,-75.63773000
0.82824707,-93.55025000,-76.42110000
0.82885742,-98.55042000,-73.65096000
0.82946777,-99.00871000,-68.54912000
0.83007813,-91.82915000,-66.17387000
0.83068848,-89.56161000,-76.36514000
0.83129883,-91.76355000,-82.92210000
0.83190918,-91.91484000,-73.21432000
0.83251953,-87.40056000,-68.46678000
0.83312988,-93.12245000,-69.25349000
0.83374023,-91.93656000,-74.02552000
0.83435059,-86.08132000,-84.50921000
0.83496094,-91.33681000,-101.42300000
0.83557129,-95.02662000,-80.22518000
0.83618164,-94.01626000,-79.92751000
0.83679199,-89.45821000,-89.79860000
0.83740234,-89.77322000,-80.30029000
0.83801270,-88.72512000,-73.78551000
0.83862305,-85.41633000,-72.48461000
0.83923340,-83.27798000,-70.40604000
0.83984375,-81.97318000,-66.10332000
0.84045410,-90.08807000,-69.56216000
0.84106445,-91.19600000,-82.08629000
0.84167480,-111.55710000,-75.73285000
0.84228516,-87.74514000,-69.02806000
0.84289551,-86.62586000,-68.61654000
0.84350586,-91.43756000,-68.43864000
0.84411621,-90.83640000,-70.65196000
0.84472656,-86.46684000,-81.21255000
0.84533691,-89.42242000,-79.12681000
0.84594727,-91.37157000,-78.64198000
0.84655762,-92.26868000,-88.35808000
0.84716797,-94.54402000,-74.87084000
0.84777832,-99.17790000,-78.28564000
0.84838867,-96.50479000,-76.45517000
0.84899902,-82.51617000,-72.08743000
0.84960938,-76.38822000,-66.03777000
0.85021973,-79.08679000,-66.09650000
0.85083008,-92.12686000,-73.20034000
0.85144043,-93.82694000,-83.14591000
0.85205078,-95.95210000,-74.88554000
0.85266113,-93.66744000,-73.82922000
0.85327148,-94.46487000,-73.49339000
0.85388184,-92.21010000,-76.46367000
0.85449219,-94.21806000,-75.86404000
0.85510254,-92.32490000,-76.52033000
0.85571289,-92.85670000,-80.49881000
0.85632324,-93.43842000,-74.37314000
0.85693359,-90.67497000,-68.75114000
0.85754395,-97.90478000,-67.91814000
0.85815430,-93.06164000,-70.90934000
0.85876465,-91.51780000,-74.83231000
0.85937500,-95.95174000,-80.27202000
0.85998535,-93.99711000,-80.44661000
0.86059570,-91.42078000,-80.31670000
0.86120605,-90.84927000,-69.54166000
0.86181641,-89.21843000,-69.89832000
0.86242676,-90.21333000,-71.00447000
0.86303711,-95.22987000,-70.22065000
0.86364746,-93.84693000,-73.28038000
0.86425781,-97.28128000,-81.17042000
0.86486816,-94.17423000,-75.83670000
0.86547852,-90.90457000,-77.12650000
0.86608887,-94.52285000,-89.16741000
0.86669922,-96.17753000,-81.16797000
0.86730957,-91.33357000,-81.85329000
0.86791992,-95.04295000,-74.30524000
0.86853027,-99.70645000,-74.71246000
0.86914063,-98.17717000,-72.65860000
0.86975098,-101.00570000,-67.32386000
0.87036133,-97.66544000,-65.43139000
0.87097168,-99.61650000,-68.71970000
0.87158203,-104.62660000,-72.59034000
0.87219238,-104.66040000,-74.39416000
0.87280273,-97.13445000,-74.46067000
0.87341309,-99.86717000,-73.37951000
0.87402344,-99.28224000,-73.09467000
0.87463379,-111.45310000,-72.93489000
0.87524414,-91.01913000,-68.43950000
0.87585449,-92.59035000,-70.82153000
0.87646484,-92.94449000,-73.51158000
0.87707520,-86.17628000,-75.06501000
0.87768555,-86.56663000,-83.74922000
0.87829590,-89.27025000,-75.16299000
0.87890625,-91.83981000,-69.58182000
0.87951660,-92.93909000,-71.23257000
0.88012695,-90.33618000,-77.10980000
0.88073730,-90.05946000,-89.46005000
0.88134766,-94.30755000,-76.59869000
0.88195801,-91.85578000,-70.89285000
0.88256836,-87.50638000,-70.21561000
0.88317871,-92.34924000,-69.73433000
0.88378906,-93.43451000,-67.14002000
0.88439941,-92.82406000,-68.40406000
0.88500977,-92.97397000,-73.15984000
0.88562012,-86.93495000,-73.10210000
0.88623047,-87.25745000,-73.66253000
0.88684082,-89.25331000,-70.23048000
0.88745117,-95.29105000,-72.47955000
0.88806152,-121.23260000,-83.07207000
0.88867188,-99.78572000,-83.72395000
0.88928223,-95.11852000,-79.09200000
0.88989258,-92.56924000,-74.32414000
0.89050293,-95.81122000,-80.12193000
0.89111328,-89.59507000,-80.32924000
0.89172363,-94.68903000,-77.96798000
0.89233398,-94.63448000,-77.20462000
0.89294434,-90.51242000,-73.18910000
0.89355469,-90.23172000,-76.79968000
0.89416504,-91.86517000,-78.54044000
0.89477539,-90.24355000,-85.60001000
0.89538574,-90.26588000,-79.94904000
0.89599609,-90.84771000,-74.12898000
0.89660645,-92.81451000,-73.87709000
0.89721680,-94.03981000,-74.30911000
0.89782715,-99.87987000,-77.28214000
0.89843750,-91.82377000,-73.79736000
0.89904785,-84.81747000,-70.31837000
0.89965820,-80.89400000,-65.19449000
0.90026855,-83.19310000,-66.28122000
0.90087891,-92.33443000,-74.79492000
0.90148926,-100.14370000,-87.23664000
0.90209961,-93.21046000,-71.85523000
0.90270996,-90.96065000,-68.72153000
0.90332031,-94.07564000,-70.34246000
0.90393066,-94.59158000,-77.44963000
0.90454102,-92.24446000,-76.28477000
0.90515137,-94.28558000,-69.53253000
0.90576172,-98.08138000,-70.25885000
0.90637207,-86.46556000,-76.27901000
0.90698242,-84.73531000,-83.64885000
0.90759277,-93.21480000,-86.81915000
0.90820313,-92.28280000,-76.22041000
0.90881348,-90.41444000,-74.14701000
0.90942383,-94.76071000,-80.09712000
0.91003418,-91.63803000,-72.50129000
0.91064453,-90.19754000,-77.43217000
0.91125488,-94.47005000,-80.98824000
0.91186523,-96.63555000,-84.04620000
0.91247559,-97.60555000,-76.16193000
0.91308594,-93.16788000,-75.16218000
0.91369629,-85.05312000,-76.17812000
0.91430664,-85.69525000,-87.38838000
0.91491699,-92.84207000,-72.63005000
0.91552734,-91.79660000,-76.99511000
0.91613770,-90.04051000,-75.76266000
0.91674805,-95.88681000,-72.97121000
0.91735840,-118.47010000,-80.77428000
0.91796875,-97.55271000,-73.59822000
0.91857910,-91.63539000,-73.23378000
0.91918945,-90.07149000,-80.31326000
0.91979980,-90.01079000,-67.04506000
0.92041016,-92.55792000,-66.58396000
0.92102051,-93.72728000,-72.70683000
0.92163086,-89.38361000,-82.98308000
0.92224121,-88.52332000,-78.90901000
0.92285156,-92.36429000,-78.63681000
0.92346191,-96.07384000,-72.14113000
0.92407227,-88.27159000,-72.51189000
0.92468262,-89.06754000,-73.91980000
0.92529297,-95.35056000,-75.96934000
0.92590332,-92.85526000,-81.34515000
0.92651367,-96.59629000,-70.92841000
0.92712402,-101.36340000,-72.61395000
0.92773438,-92.97446000,-81.30670000
0.92834473,-92.85948000,-84.80538000
0.92895508,-84.95644000,-96.20673000
0.92956543,-79.50799000,-78.75541000
0.93017578,-83.03133000,-81.61729000
0.93078613,-88.92171000,-72.43018000
0.93139648,-90.12718000,-66.13110000
0.93200684,-87.31921000,-65.11618000
0.93261719,-88.73505000,-67.42400000
0.93322754,-95.46901000,-71.94138000
0.93383789,-94.66219000,-76.26839000
0.93444824,-98.88973000,-76.20759000
0.93505859,-99.07327000,-83.45016000
0.93566895,-95.78582000,-71.68366000
0.93627930,-100.00630000,-66.29745000
0.93688965,-101.36090000,-65.70659000
0.93750000,-115.20490000,-69.18695000
0.93811035,-98.09052000,-85.13432000
0.93872070,-91.90415000,-70.85699000
0.93933105,-89.21889000,-70.81790000
0.93994141,-88.34144000,-71.28327000
0.94055176,-88.96279000,-75.28415000
0.94116211,-90.52802000,-71.97301000
0.94177246,-86.01251000,-73.98339000
0.94238281,-86.13618000,-76.97298000
0.94299316,-89.30872000,-82.69577000
0.94360352,-87.50108000,-79.28499000
0.94421387,-85.80054000,-73.01125000
0.94482422,-89.96121000,-70.25869000
0.94543457,-97.36068000,-72.13632000
0.94604492,-96.25144000,-73.68365000
0.94665527,-92.44453000,-80.07328000
0.94726563,-94.16315000,-74.41598000
0.94787598,-99.14153000,-73.70574000
0.94848633,-97.07814000,-73.09685000
0.94909668,-83.11909000,-70.42140000
0.94970703,-77.38877000,-68.93228000
0.95031738,-80.03846000,-74.01515000
0.95092773,-89.01770000,-79.54016000
0.95153809,-95.87209000,-75.39565000
0.95214844,-98.73195000,-80.14188000
0.95275879,-91.81190000,-73.36089000
0.95336914,-90.89748000,-74.68856000
0.95397949,-99.76841000,-80.81396000
0.95458984,-89.43330000,-82.46483000
0.95520020,-89.91821000,-75.20501000
0.95581055,-88.81461000,-75.70096000
0.95642090,-91.95853000,-77.08999000
0.95703125,-89.77544000,-81.70160000
0.95764160,-89.59074000,-88.99657000
0.95825195,-104.84680000,-76.96830000
0.95886230,-85.51950000,-69.72186000
0.95947266,-82.58725000,-65.66530000
0.96008301,-83.04085000,-65.80853000
0.96069336,-91.07151000,-74.19746000
0.96130371,-89.16896000,-72.65562000
0.96191406,-85.86848000,-68.94205000
0.96252441,-87.75854000,-74.68169000
0.96313477,-90.53427000,-89.96448000
0.96374512,-91.28252000,-73.29500000
0.96435547,-95.56003000,-67.73604000
0.96496582,-97.99953000,-69.13637000
0.96557617,-88.18513000,-74.78429000
0.96618652,-88.82257000,-82.04460000
0.96679688,-93.26337000,-79.64366000
0.96740723,-98.88652000,-74.40942000
0.96801758,-99.22237000,-73.64388000
0.96862793,-97.94464000,-78.03201000
0.96923828,-93.05167000,-88.51122000
0.96984863,-94.03087000,-82.28095000
0.97045898,-94.44125000,-83.50679000
0.97106934,-88.12109000,-76.03761000
0.97167969,-88.24214000,-72.15797000
0.97229004,-90.61971000,-69.64732000
0.97290039,-101.35410000,-71.82168000
0.97351074,-94.39957000,-71.43816000
0.97412109,-101.39930000,-70.00753000
0.97473145,-89.43124000,-70.19592000
0.97534180,-90.28756000,-68.74702000
0.97595215,-96.49910000,-70.30827000
0.97656250,-92.91607000,-74.87800000
0.97717285,-89.69843000,-78.28900000
0.97778320,-93.26218000,-70.44646000
0.97839355,-100.24560000,-67.88448000
0.97900391,-98.63435000,-79.47296000
0.97961426,-88.23333000,-73.80032000
0.98022461,-91.27977000,-74.93833000
0.98083496,-93.97954000,-79.70265000
0.98144531,-95.18098000,-79.51619000
0.98205566,-105.24840000,-77.41505000
0.98266602,-110.03040000,-84.14334000
0.98327637,-104.30950000,-76.33897000
0.98388672,-106.82510000,-75.29078000
0.98449707,-93.49975000,-75.79394000
0.98510742,-97.41289000,-78.91695000
0.98571777,-92.55370000,-72.39901000
0.98632813,-89.94954000,-69.85492000
0.98693848,-102.46010000,-75.38114000
0.98754883,-96.42154000,-85.91122000
0.98815918,-96.66521000,-81.28723000
0.98876953,-78.32905000,-74.03632000
0.98937988,-67.93193000,-70.51036000
0.98999023,-67.15816000,-64.10753000
0.99060059,-75.44208000,-64.11413000
0.99121094,-94.39505000,-69.43800000
0.99182129,-97.18670000,-74.15807000
0.99243164,-95.37842000,-75.07468000
0.99304199,-92.61800000,-77.31668000
0.99365234,-91.14098000,-80.43158000
0.99426270,-94.01859000,-74.56895000
0.99487305,-91.73726000,-74.57536000
0.99548340,-95.86101000,-78.68724000
0.99609375,-103.98610000,-80.02860000
0.99670410,-102.84120000,-76.95433000
0.99731445,-93.83373000,-77.43142000
0.99792480,-91.56571000,-72.14030000
0.99853516,-100.77050000,-69.80134000
0.99914551,-99.92188000,-70.14587000
0.99975586,-92.92226000,-69.66505000
1.00036621,-87.13849000,-76.45560000
1.00097656,-89.02428000,-83.20819000
1.00158691,-100.32420000,-71.22951000
1.00219727,-96.41272000,-68.16442000
1.00280762,-92.68852000,-69.31975000
1.00341797,-91.26717000,-70.30964000
1.00402832,-87.56277000,-68.58616000
1.00463867,-88.12733000,-68.65282000
1.00524902,-102.53850000,-76.13087000
1.00585938,-94.20879000,-77.90306000
1.00646973,-95.43390000,-77.51653000
1.00708008,-102.72970000,-82.36549000
1.00769043,-103.46120000,-80.35349000
1.00830078,-97.59526000,-75.33857000
1.00891113,-92.78774000,-74.18281000
1.00952148,-96.50459000,-73.45724000
1.01013184,-90.36931000,-76.35714000
1.01074219,-86.83218000,-81.55389000
1.01135254,-90.35561000,-72.06441000
1.01196289,-106.82060000,-73.77168000
1.01257324,-100.44080000,-74.49807000
1.01318359,-95.71509000,-77.52814000
1.01379395,-104.50680000,-97.84905000
1.01440430,-96.60315000,-77.26994000
1.01501465,-99.23397000,-81.16021000
1.01562500,-93.82623000,-83.68808000
1.01623535,-102.44980000,-81.68422000
1.01684570,-93.95221000,-72.46655000
1.01745605,-91.31306000,-72.08247000
1.01806641,-99.32384000,-73.36180000
1.01867676,-96.98601000,-74.09757000
1.01928711,-101.76910000,-77.21371000
1.01989746,-94.88082000,-71.38152000
1.02050781,-90.64613000,-74.17238000
1.02111816,-92.08160000,-75.20255000
1.02172852,-93.37181000,-72.02125000
1.02233887,-94.51253000,-76.50231000
1.02294922,-93.09312000,-76.35667000
1.02355957,-93.18351000,-74.00097000
1.02416992,-95.97472000,-76.19122000
1.02478027,-92.71368000,-76.77682000
1.02539063,-93.30990000,-79.55410000
1.02600098,-99.30663000,-82.51060000
1.02661133,-100.88200000,-83.39572000
1.02722168,-96.63878000,-95.61661000
1.02783203,-92.53378000,-87.54666000
1.02844238,-104.60110000,-79.17647000
1.02905273,-102.04150000,-70.66609000
1.02966309,-95.17373000,-70.01166000
1.03027344,-90.94832000,-75.22124000
1.03088379,-90.09593000,-69.78746000
1.03149414,-95.50758000,-70.24088000
1.03210449,-99.54567000,-73.33899000
1.03271484,-93.88732000,-74.74429000
1.03332520,-92.31841000,-70.43324000
1.03393555,-89.60741000,-68.56579000
1.03454590,-90.72974000,-73.64958000
1.03515625,-95.55157000,-70.77774000
1.03576660,-93.24783000,-73.16733000
1.03637695,-93.17795000,-78.73318000
1.03698730,-96.39267000,-79.01549000
1.03759766,-99.31619000,-83.95943000
1.03820801,-101.68150000,-79.98260000
1.03881836,-95.41564000,-78.78674000
1.03942871,-92.34303000,-81.64113000
1.04003906,-105.88760000,-87.84055000
1.04064941,-94.78924000,-84.72691000
1.04125977,-92.39717000,-75.15574000
1.04187012,-95.35077000,-70.31818000
1.04248047,-101.42730000,-68.91125000
1.04309082,-94.85098000,-69.02337000
1.04370117,-88.41262000,-69.86737000
1.04431152,-90.39105000,-71.54169000
1.04492188,-97.47714000,-82.54543000
1.04553223,-97.08939000,-84.51974000
1.04614258,-95.25215000,-86.26601000
1.04675293,-93.12077000,-78.15862000
1.04736328,-95.85326000,-76.01002000
1.04797363,-97.84400000,-77.94244000
1.04858398,-88.45634000,-84.03652000
1.04919434,-81.58337000,-83.91386000
1.04980469,-79.92528000,-78.16911000
1.05041504,-87.61292000,-89.63581000
1.05102539,-86.09225000,-77.32785000
1.05163574,-84.88759000,-87.52332000
1.05224609,-85.33669000,-78.27117000
1.05285645,-85.34694000,-79.11375000
1.05346680,-89.66302000,-94.86864000
1.05407715,-97.51955000,-85.22488000
1.05468750,-93.57761000,-71.55223000
1.05529785,-104.74050000,-68.40928000
1.05590820,-95.31112000,-69.77592000
1.05651855,-95.62131000,-78.33183000
1.05712891,-90.83215000,-75.70714000
1.05773926,-83.36781000,-71.38309000
1.05834961,-87.52181000,-75.14842000
1.05895996,-96.48502000,-73.51152000
1.05957031,-94.89532000,-75.66913000
1.06018066,-100.28320000,-86.61824000
1.06079102,-91.26321000,-75.91699000
1.06140137,-88.60539000,-77.32204000
1.06201172,-90.89207000,-82.01613000
1.06262207,-89.87517000,-73.81533000
1.06323242,-87.80140000,-75.21129000
1.06384277,-87.92999000,-85.94392000
1.06445313,-88.60162000,-76.52785000
1.06506348,-89.14299000,-74.54131000
1.06567383,-90.76569000,-77.05070000
1.06628418,-90.95832000,-76.52459000
1.06689453,-87.07964000,-75.55927000
1.06750488,-85.85759000,-73.45218000
1.06811523,-88.92860000,-78.02999000
1.06872559,-92.26411000,-75.74931000
1.06933594,-90.69398000,-75.36755000
1.06994629,-92.27624000,-75.57394000
1.07055664,-98.90015000,-77.89059000
1.07116699,-91.92623000,-70.18324000
1.07177734,-91.24870000,-72.50865000
1.07238770,-92.06854000,-69.49118000
1.07299805,-95.14287000,-68.10843000
1.07360840,-93.28870000,-71.96572000
1.07421875,-94.39721000,-84.94864000
1.07482910,-95.67505000,-81.44807000
1.07543945,-93.58040000,-75.38255000
1.07604980,-110.37950000,-73.48065000
1.07666016,-90.38932000,-75.19944000
1.07727051,-86.26846000,-76.59456000
1.07788086,-86.01792000,-72.75104000
1.07849121,-85.84937000,-82.07230000
1.07910156,-89.90370000,-79.91064000
1.07971191,-95.79461000,-83.36308000
1.08032227,-92.60075000,-72.14640000
1.08093262,-97.54707000,-70.38251000
1.08154297,-89.42133000,-74.42824000
1.08215332,-88.72568000,-83.52107000
1.08276367,-87.91458000,-87.40405000
1.08337402,-87.20644000,-94.65317000
1.08398438,-87.31133000,-77.30798000
1.08459473,-89.87053000,-83.62586000
1.08520508,-98.75808000,-74.22173000
1.08581543,-94.86076000,-75.71496000
1.08642578,-88.02113000,-77.01585000
1.08703613,-97.38145000,-71.75438000
1.08764648,-93.50312000,-71.09543000
1.08825684,-86.55922000,-73.73866000
1.08886719,-88.15331000,-78.62090000
1.08947754,-97.43008000,-98.38425000
1.09008789,-95.36461000,-72.92174000
1.09069824,-95.05298000,-74.77013000
1.09130859,-96.84078000,-87.91408000
1.09191895,-95.31821000,-74.84299000
1.09252930,-99.28958000,-71.66151000
1.09313965,-93.41202000,-75.03510000
1.09375000,-88.71490000,-80.43126000
1.09436035,-89.61770000,-91.25105000
1.09497070,-106.48580000,-78.04336000
1.09558105,-95.03373000,-76.63499000
1.09619141,-92.65889000,-74.84420000
1.09680176,-95.70338000,-73.70688000
1.09741211,-93.60712000,-74.07578000
1.09802246,-93.96786000,-77.84739000
1.09863281,-104.86510000,-70.73619000
1.09924316,-92.83844000,-67.71001000
1.09985352,-88.49019000,-66.34186000
1.10046387,-89.90877000,-68.53165000
1.10107422,-92.00471000,-71.33465000
1.10168457,-89.18282000,-68.72916000
1.10229492,-90.43234000,-70.32092000
1.10290527,-95.70412000,-83.84030000
1.10351563,-103.88150000,-76.18922000
1.10412598,-98.43627000,-75.80719000
1.10473633,-92.03697000,-79.70546000
1.10534668,-88.93177000,-86.68519000
1.10595703,-97.69365000,-77.52690000
1.10656738,-91.36510000,-72.80975000
1.10717773,-86.63020000,-71.87467000
1.10778809,-86.32087000,-68.32390000
1.10839844,-88.44357000,-65.54069000
1.10900879,-92.27774000,-68.26837000
1.10961914,-92.85081000,-75.13551000
1.11022949,-101.51530000,-81.10860000
1.11083984,-95.15726000,-73.22472000
1.11145020,-100.86930000,-75.70573000
1.11206055,-98.72258000,-85.36391000
1.11267090,-97.99141000,-86.89453000
1.11328125,-91.41724000,-74.09224000
1.11389160,-86.88056000,-68.98012000
1.11450195,-90.77284000,-80.24814000
1.11511230,-96.38963000,-69.46829000
1.11572266,-91.99639000,-66.58632000
1.11633301,-97.28349000,-68.12199000
1.11694336,-91.88850000,-74.60902000
1.11755371,-88.75426000,-75.57990000
1.11816406,-91.92735000,-75.58710000
1.11877441,-90.31487000,-74.82659000
1.11938477,-89.21021000,-73.17281000
1.11999512,-89.09483000,-73.52226000
1.12060547,-90.70322000,-73.00381000
1.12121582,-92.79543000,-67.91460000
1.12182617,-91.56458000,-66.33585000
1.12243652,-88.62228000,-73.54333000
1.12304688,-90.15404000,-72.41348000
1.12365723,-90.30807000,-68.49893000
1.12426758,-89.44343000,-69.30347000
1.12487793,-91.98154000,-79.35394000
1.12548828,-97.64296000,-78.57976000
1.12609863,-98.38438000,-74.85043000
1.12670898,-88.68500000,-72.52242000
1.12731934,-85.35480000,-73.78730000
1.12792969,-87.28104000,-72.24747000
1.12854004,-91.98581000,-73.13432000
1.12915039,-89.54430000,-91.53255000
1.12976074,-90.51978000,-76.44376000
1.13037109,-92.13513000,-76.98097000
1.13098145,-86.11100000,-76.65292000
1.13159180,-85.28113000,-83.73605000
1.13220215,-88.07178000,-87.14948000
1.13281250,-90.73571000,-80.27943000
1.13342285,-92.88359000,-71.83910000
1.13403320,-93.56671000,-71.01122000
1.13464355,-97.19245000,-70.24251000
1.13525391,-88.11036000,-73.29053000
1.13586426,-84.90178000,-83.58387000
1.13647461,-87.41227000,-75.94183000
1.13708496,-92.49778000,-76.73135000
1.13769531,-94.59058000,-75.79982000
1.13830566,-90.57172000,-71.34795000
1.13891602,-86.59686000,-72.91410000
1.13952637,-87.27008000,-74.68607000
1.14013672,-97.15471000,-71.38564000
1.14074707,-95.79008000,-78.69550000
1.14135742,-94.19308000,-74.24976000
1.14196777,-91.77474000,-70.33647000
1.14257813,-93.16077000,-72.62605000
1.14318848,-98.05193000,-75.77401000
1.14379883,-100.95920000,-81.70869000
1.14440918,-95.21697000,-79.76999000
1.14501953,-92.59080000,-74.05143000
1.14562988,-98.33897000,-69.33928000
1.14624023,-95.83041000,-70.07882000
1.14685059,-92.78663000,-77.54391000
1.14746094,-106.72200000,-81.64755000
1.14807129,-114.10570000,-79.46342000
1.14868164,-85.48125000,-69.71092000
1.14929199,-76.57189000,-64.64660000
1.14990234,-75.61706000,-64.73738000
1.15051270,-80.89877000,-70.64417000
1.15112305,-86.43047000,-81.69796000
1.15173340,-91.96262000,-83.51991000
1.15234375,-102.71060000,-78.89814000
1.15295410,-93.26775000,-89.04570000
1.15356445,-92.31796000,-77.52160000
1.15417480,-90.91296000,-74.05806000
1.15478516,-93.75801000,-73.64754000
1.15539551,-90.78888000,-75.31089000
1.15600586,-90.63754000,-75.18124000
1.15661621,-90.37518000,-72.08801000
1.15722656,-90.93330000,-75.92741000
1.15783691,-87.46986000,-84.72218000
1.15844727,-86.06171000,-77.35741000
1.15905762,-91.83714000,-73.82566000
1.15966797,-96.31763000,-74.31831000
1.16027832,-88.52586000,-72.08787000
1.16088867,-85.38823000,-71.84763000
1.16149902,-84.24244000,-70.45283000
1.16210938,-87.45957000,-70.23904000
1.16271973,-90.14822000,-71.44645000
1.16333008,-91.43917000,-71.84587000
1.16394043,-108.71930000,-75.56939000
1.16455078,-91.57350000,-72.63483000
1.16516113,-88.63380000,-75.81675000
1.16577148,-86.91185000,-80.86631000
1.16638184,-88.43364000,-71.01777000
1.16699219,-94.17036000,-69.77482000
1.16760254,-98.13007000,-77.17555000
1.16821289,-93.34182000,-76.57336000
1.16882324,-87.42339000,-72.33926000
1.16943359,-84.56282000,-74.01225000
1.17004395,-85.93909000,-78.99310000
1.17065430,-98.99551000,-72.40878000
1.17126465,-92.86221000,-70.58210000
1.17187500,-96.35808000,-73.64075000
1.17248535,-99.10880000,-79.92751000
1.17309570,-94.57928000,-94.89523000
1.17370605,-96.38924000,-82.06627000
1.17431641,-94.51859000,-77.14117000
1.17492676,-92.99908000,-69.33197000
1.17553711,-88.28983000,-66.61874000
1.17614746,-90.08339000,-68.60119000
1.17675781,-89.67274000,-74.92294000
1.17736816,-86.74088000,-87.57484000
1.17797852,-87.25715000,-83.43282000
1.17858887,-86.99272000,-71.08978000
1.17919922,-93.30589000,-72.38965000
1.17980957,-95.57102000,-91.46404000
1.18041992,-106.92300000,-86.04288000
1.18103027,-86.57201000,-88.47093000
1.18164063,-87.78782000,-75.61054000
1.18225098,-91.54997000,-73.62565000
1.18286133,-92.30138000,-73.75475000
1.18347168,-95.99022000,-77.11713000
1.18408203,-93.46277000,-70.85294000
1.18469238,-89.10820000,-73.12761000
1.18530273,-88.52837000,-76.61032000
1.18591309,-86.51443000,-74.07854000
1.18652344,-87.14642000,-70.28957000
1.18713379,-88.19141000,-68.50787000
1.18774414,-88.81384000,-74.53973000
1.18835449,-91.05180000,-85.80262000
1.18896484,-93.81248000,-80.31524000
1.18957520,-97.80407000,-75.14951000
1.19018555,-90.92880000,-78.42612000
1.19079590,-86.99982000,-85.13448000
1.19140625,-88.96133000,-72.67448000
1.19201660,-101.57300000,-71.90453000
1.19262695,-92.89516000,-86.40900000
1.19323730,-89.39604000,-69.14709000
1.19384766,-88.54437000,-67.88121000
1.19445801,-83.80305000,-71.03413000
1.19506836,-82.00844000,-73.52868000
1.19567871,-85.31097000,-72.40490000
1.19628906,-93.96263000,-72.16114000
1.19689941,-92.75623000,-72.21896000
1.19750977,-95.41587000,-73.66940000
1.19812012,-89.60986000,-72.19075000
1.19873047,-84.80635000,-72.39545000
1.19934082,-84.31435000,-77.26266000
1.19995117,-87.46410000,-77.00153000
1.20056152,-87.60219000,-74.92299000
1.20117188,-91.07070000,-72.18581000
1.20178223,-94.13461000,-72.84860000
1.20239258,-87.50141000,-84.94893000
1.20300293,-92.22800000,-78.48277000
1.20361328,-98.17971000,-80.85816000
1.20422363,-87.31414000,-73.84354000
1.20483398,-88.28377000,-79.05021000
1.20544434,-86.74094000,-79.45168000
1.20605469,-85.00675000,-75.41587000
1.20666504,-89.67529000,-72.69559000
1.20727539,-100.20180000,-68.30392000
1.20788574,-102.28250000,-69.93904000
1.20849609,-89.55646000,-69.05466000
1.20910645,-86.56605000,-71.35349000
1.20971680,-88.31600000,-76.60596000
1.21032715,-92.36375000,-74.59548000
1.21093750,-94.81918000,-76.28161000
1.21154785,-92.21649000,-86.70036000
1.21215820,-92.83965000,-75.98166000
1.21276855,-105.15180000,-71.17975000
1.21337891,-97.09496000,-71.08746000
1.21398926,-92.64810000,-75.06306000
1.21459961,-94.32514000,-87.40600000
1.21520996,-98.08212000,-78.17485000
1.21582031,-99.17648000,-71.27021000
1.21643066,-92.26096000,-72.72514000
1.21704102,-89.34695000,-75.96687000
1.21765137,-92.75281000,-69.98099000
1.21826172,-90.75883000,-66.58134000
1.21887207,-87.16660000,-68.77950000
1.21948242,-87.88295000,-77.31657000
1.22009277,-92.56084000,-76.31893000
1.22070313,-91.68412000,-93.78593000
1.22131348,-92.73170000,-72.82804000
1.22192383,-100.21650000,-74.76696000
1.22253418,-103.93160000,-80.48812000
1.22314453,-103.57030000,-79.23436000
1.22375488,-92.74991000,-84.76114000
1.22436523,-92.48262000,-92.01242000
1.22497559,-102.62540000,-79.44220000
1.22558594,-92.03401000,-74.31963000
1.22619629,-87.08067000,-70.33425000
1.22680664,-88.13057000,-72.00146000
1.22741699,-88.22519000,-76.56519000
1.22802734,-89.01371000,-75.61616000
1.22863770,-90.36533000,-73.96134000
1.22924805,-86.32536000,-81.13274000
1.22985840,-85.76793000,-71.50159000
1.23046875,-90.60851000,-69.61724000
1.23107910,-94.10858000,-74.03472000
1.23168945,-92.10903000,-85.66051000
1.23229980,-88.53958000,-82.36841000
1.23291016,-88.34064000,-79.31706000
1.23352051,-94.13165000,-70.29632000
1.23413086,-96.94313000,-70.40002000
1.23474121,-90.37537000,-68.73439000
1.23535156,-96.00761000,-69.66924000
1.23596191,-91.42569000,-79.59954000
1.23657227,-90.96528000,-75.40010000
1.23718262,-94.62994000,-72.99882000
1.23779297,-87.34035000,-70.39706000
1.23840332,-89.67429000,-74.29605000
1.23901367,-95.16931000,-79.36430000
1.23962402,-87.37347000,-76.56985000
1.24023438,-88.28012000,-86.22277000
1.24084473,-110.42530000,-77.43949000
1.24145508,-86.76648000,-76.31461000
1.24206543,-85.50998000,-91.21400000
1.24267578,-87.80921000,-80.31296000
1.24328613,-90.89547000,-75.97305000
1.24389648,-90.67338000,-77.70610000
1.24450684,-86.78043000,-81.05228000
1.24511719,-88.75735000,-75.19607000
1.24572754,-93.23740000,-69.37730000
1.24633789,-91.53482000,-66.73831000
1.24694824,-95.12268000,-71.59155000
1.24755859,-94.05328000,-77.46129000
1.24816895,-95.00344000,-71.50623000
1.24877930,-85.29402000,-67.17006000
1.24938965,-78.09614000,-66.92051000
1.25000000,-78.92896000,-69.89749000
1.25061035,-88.57604000,-85.06247000
1.25122070,-90.43110000,-76.73276000
1.25183105,-90.92892000,-86.93062000
1.25244141,-88.12581000,-83.25700000
1.25305176,-85.41177000,-73.79778000
1.25366211,-88.33852000,-75.00505000
1.25427246,-98.95300000,-78.97081000
1.25488281,-94.33822000,-71.25862000
1.25549316,-90.19478000,-71.79375000
1.25610352,-91.08051000,-85.54871000
1.25671387,-93.61464000,-71.44768000
1.25732422,-97.80972000,-71.58925000
1.25793457,-92.38399000,-80.75797000
1.25854492,-89.72961000,-85.10385000
1.25915527,-88.68149000,-74.34411000
1.25976563,-90.29272000,-75.78361000
1.26037598,-90.83585000,-84.88778000
1.26098633,-88.20265000,-80.47714000
1.26159668,-85.23505000,-75.32671000
1.26220703,-86.58775000,-72.04272000
1.26281738,-87.28621000,-73.41962000
1.26342773,-90.78839000,-70.02113000
1.26403809,-93.05541000,-70.79047000
1.26464844,-96.97605000,-73.28594000
1.26525879,-98.84715000,-77.68616000
1.26586914,-92.69203000,-76.06452000
1.26647949,-91.16461000,-71.76192000
1.26708984,-104.88590000,-70.15119000
1.26770020,-90.52740000,-68.90922000
1.26831055,-88.28704000,-75.56566000
1.26892090,-91.27442000,-74.17883000
1.26953125,-109.41040000,-71.05374000
1.27014160,-88.66133000,-76.47131000
1.27075195,-80.66725000,-94.39567000
1.27136230,-78.38731000,-72.46956000
1.27197266,-81.06757000,-69.22816000
1.27258301,-91.31818000,-74.33231000
1.27319336,-96.18338000,-72.84428000
1.27380371,-93.49168000,-69.74812000
1.27441406,-85.85820000,-74.08337000
1.27502441,-86.61576000,-78.29870000
1.27563477,-85.02277000,-83.02435000
1.27624512,-84.08955000,-77.67686000
1.27685547,-89.89401000,-73.65373000
1.27746582,-97.28665000,-77.50602000
1.27807617,-94.46984000,-88.56339000
1.27868652,-95.34953000,-84.18179000
1.27929688,-86.89166000,-71.60935000
1.27990723,-89.37439000,-66.49763000
1.28051758,-90.85762000,-68.14182000
1.28112793,-89.69557000,-71.20611000
1.28173828,-88.44086000,-70.61845000
1.28234863,-88.38996000,-73.69792000
1.28295898,-90.17872000,-70.75770000
1.28356934,-92.38014000,-70.46500000
1.28417969,-91.84689000,-71.09862000
1.28479004,-90.03780000,-73.35225000
1.28540039,-100.42900000,-77.59986000
1.28601074,-90.81590000,-73.46989000
1.28662109,-86.35938000,-71.66028000
1.28723145,-89.58015000,-70.35999000
1.28784180,-101.16000000,-73.71294000
1.28845215,-96.48793000,-76.49876000
1.28906250,-81.94919000,-69.39999000
1.28967285,-76.37147000,-71.16030000
1.29028320,-81.92896000,-80.60245000
1.29089355,-92.31590000,-77.94844000
1.29150391,-92.56187000,-77.23356000
1.29211426,-92.91592000,-74.59348000
1.29272461,-91.02588000,-70.97681000
1.29333496,-88.36532000,-71.47472000
1.29394531,-92.08671000,-73.12967000
1.29455566,-86.20699000,-78.31364000
1.29516602,-89.56229000,-80.98762000
1.29577637,-91.15060000,-76.33002000
1.29638672,-89.42825000,-73.80754000
1.29699707,-94.26942000,-70.55331000
1.29760742,-94.35085000,-70.04211000
1.29821777,-96.62753000,-70.07680000
1.29882813,-96.86244000,-71.33852000
1.29943848,-93.90263000,-75.04247000
1.30004883,-88.92462000,-74.74599000
1.30065918,-87.30518000,-69.36240000
1.30126953,-90.80357000,-69.47511000
1.30187988,-92.34180000,-69.26585000
1.30249023,-90.21178000,-72.19008000
1.30310059,-94.73727000,-81.77705000
1.30371094,-87.80479000,-84.08504000
1.30432129,-86.85585000,-76.18080000
1.30493164,-92.02462000,-72.82578000
1.30554199,-94.68276000,-73.43211000
1.30615234,-96.29449000,-73.01186000
1.30676270,-92.82546000,-70.67397000
1.30737305,-88.93433000,-75.04638000
1.30798340,-91.18073000,-79.76388000
1.30859375,-93.36353000,-89.88028000
1.30920410,-88.78676000,-78.02656000
1.30981445,-87.35795000,-79.00045000
1.31042480,-88.53005000,-87.65935000
1.31103516,-89.75090000,-78.18956000
1.31164551,-96.00450000,-77.05711000
1.31225586,-97.10059000,-76.13156000
1.31286621,-89.01047000,-77.48544000
1.31347656,-86.73433000,-76.06449000
1.31408691,-93.38111000,-79.14233000
1.31469727,-94.24264000,-77.43697000
1.31530762,-94.37027000,-72.25771000
1.31591797,-99.38730000,-76.96843000
1.31652832,-110.35780000,-75.39937000
1.31713867,-100.39030000,-88.59173000
1.31774902,-96.96904000,-79.96932000
1.31835938,-96.42659000,-75.86030000
1.31896973,-92.58338000,-70.28360000
1.31958008,-92.62318000,-69.81088000
1.32019043,-95.65903000,-70.81648000
1.32080078,-93.26466000,-69.17205000
1.32141113,-86.83960000,-67.20124000
1.32202148,-85.09996000,-67.94319000
1.32263184,-89.09542000,-68.77444000
1.32324219,-95.80226000,-71.30752000
1.32385254,-95.30354000,-89.64517000
1.32446289,-108.63120000,-77.56615000
1.32507324,-93.18317000,-80.80242000
1.32568359,-92.47143000,-69.40171000
1.32629395,-96.43887000,-67.44735000
1.32690430,-104.28280000,-71.95279000
1.32751465,-98.90710000,-75.97900000
1.32812500,-94.95493000,-70.91460000
1.32873535,-94.21517000,-72.99178000
1.32934570,-95.63777000,-77.58165000
1.32995605,-101.27980000,-91.22969000
1.33056641,-89.18684000,-77.89777000
1.33117676,-89.06068000,-80.48753000
1.33178711,-99.89613000,-87.51833000
1.33239746,-96.96087000,-76.05902000
1.33300781,-91.25426000,-70.06213000
1.33361816,-89.21777000,-67.20140000
1.33422852,-88.47930000,-70.62020000
1.33483887,-86.95702000,-76.61446000
1.33544922,-83.87028000,-72.06907000
1.33605957,-85.59549000,-78.17496000
1.33666992,-96.89346000,-76.06411000
1.33728027,-94.26101000,-74.14090000
1.33789063,-87.60583000,-73.90494000
1.33850098,-87.83327000,-77.00646000
1.33911133,-90.62878000,-86.86539000
1.33972168,-92.44498000,-76.63085000
1.34033203,-97.40076000,-76.11701000
1.34094238,-97.52777000,-78.41140000
1.34155273,-96.47969000,-73.99986000
1.34216309,-89.49307000,-78.12812000
1.34277344,-89.74545000,-81.30536000
1.34338379,-88.38388000,-75.64770000
1.34399414,-95.03474000,-74.11775000
1.34460449,-89.21307000,-82.94179000
1.34521484,-87.62958000,-78.22195000
1.34582520,-91.62933000,-73.67809000
1.34643555,-92.59085000,-73.61155000
1.34704590,-92.11974000,-81.02670000
1.34765625,-93.03389000,-79.65298000
1.34826660,-99.62047000,-74.90051000
1.34887695,-92.93037000,-70.25198000
1.34948730,-85.04297000,-68.70597000
1.35009766,-84.14522000,-70.74732000
1.35070801,-87.33112000,-74.56517000
1.35131836,-93.41013000,-74.61307000
1.35192871,-98.78397000,-74.65902000
1.35253906,-102.38870000,-84.94716000
1.35314941,-91.27846000,-76.95830000
1.35375977,-89.45212000,-80.73972000
1.35437012,-90.81644000,-79.06116000
1.35498047,-93.18863000,-83.00449000
1.35559082,-99.75231000,-79.84586000
1.35620117,-88.86848000,-81.08956000
1.35681152,-89.60370000,-78.07993000
1.35742188,-91.43529000,-82.12991000
1.35803223,-89.68817000,-83.58112000
1.35864258,-85.18851000,-72.40907000
1.35925293,-86.73225000,-71.47194000
1.35986328,-92.86528000,-74.22012000
1.36047363,-94.64848000,-76.05653000
1.36108398,-96.26027000,-77.73384000
1.36169434,-98.64242000,-73.82040000
1.36230469,-94.57462000,-71.59296000
1.36291504,-90.34433000,-75.43216000
1.36352539,-91.95136000,-72.64181000
1.36413574,-96.15655000,-71.34859000
1.36474609,-103.72350000,-72.02564000
1.36535645,-95.19821000,-76.48973000
1.36596680,-89.40830000,-70.24306000
1.36657715,-91.21449000,-69.68176000
1.36718750,-92.52280000,-74.63415000
1.36779785,-90.15298000,-82.92154000
1.36840820,-98.26486000,-74.18239000
1.36901855,-94.19559000,-71.75838000
1.36962891,-104.17840000,-71.34228000
1.37023926,-101.75030000,-70.66251000
1.37084961,-89.38912000,-71.95645000
1.37145996,-83.59794000,-77.68488000
1.37207031,-83.81463000,-97.73416000
1.37268066,-87.85667000,-73.88208000
1.37329102,-105.17290000,-79.92648000
1.37390137,-94.69984000,-75.46026000
1.37451172,-91.76514000,-72.13344000
1.37512207,-97.96444000,-75.20243000
1.37573242,-85.67005000,-82.27350000
1.37634277,-85.86295000,-73.70020000
1.37695313,-105.49450000,-78.87668000
1.37756348,-87.98944000,-69.29221000
1.37817383,-85.84691000,-77.18874000
1.37878418,-88.87181000,-77.61023000
1.37939453,-93.80692000,-74.86347000
1.38000488,-110.07170000,-72.39839000
1.38061523,-92.08408000,-75.08061000
1.38122559,-90.50145000,-73.81620000
1.38183594,-89.61082000,-72.43710000
1.38244629,-89.92149000,-86.37350000
1.38305664,-92.60685000,-77.69463000
1.38366699,-95.20163000,-77.06325000
1.38427734,-90.84616000,-76.63023000
1.38488770,-92.08664000,-71.42057000
1.38549805,-90.46320000,-73.29018000
1.38610840,-91.57528000,-72.81247000
1.38671875,-94.37341000,-73.50676000
1.38732910,-97.54393000,-81.53568000
1.38793945,-93.06366000,-82.59805000
1.38854980,-89.02058000,-75.25773000
1.38916016,-89.31064000,-73.45548000
1.38977051,-93.84453000,-73.69618000
1.39038086,-91.46332000,-72.16501000
1.39099121,-95.04417000,-77.49773000
1.39160156,-101.21610000,-82.48357000
1.39221191,-94.40181000,-85.90251000
1.39282227,-90.47092000,-75.07350000
1.39343262,-91.61581000,-72.00401000
1.39404297,-88.65192000,-74.95237000
1.39465332,-84.22849000,-79.69112000
1.39526367,-86.98364000,-83.43169000
1.39587402,-100.67030000,-78.91566000
1.39648438,-92.47198000,-75.92318000
1.39709473,-85.74149000,-93.77709000
1.39770508,-87.02141000,-73.63893000
1.39831543,-99.30724000,-74.25465000
1.39892578,-103.74570000,-70.49972000
1.39953613,-100.23190000,-69.51535000
1.40014648,-91.90014000,-68.72605000
1.40075684,-89.18922000,-67.78011000
1.40136719,-94.10740000,-72.28473000
1.40197754,-98.35883000,-74.34165000
1.40258789,-95.10960000,-84.54916000
1.40319824,-108.33260000,-72.83994000
1.40380859,-89.96136000,-77.02821000
1.40441895,-89.57378000,-83.67654000
1.40502930,-95.73967000,-79.11306000
1.40563965,-98.55002000,-73.80034000
1.40625000,-89.78590000,-70.53391000
1.40686035,-86.86908000,-66.90260000
1.40747070,-86.63964000,-69.68372000
1.40808105,-88.11494000,-81.17725000
1.40869141,-97.11415000,-87.87694000
1.40930176,-92.20306000,-77.41088000
1.40991211,-88.97678000,-72.85417000
1.41052246,-95.65675000,-77.18607000
1.41113281,-97.14462000,-82.10453000
1.41174316,-90.29039000,-89.32245000
1.41235352,-89.86145000,-77.04029000
1.41296387,-86.07272000,-77.53331000
1.41357422,-86.84851000,-80.38992000
1.41418457,-87.27942000,-73.57304000
1.41479492,-89.49367000,-76.41212000
1.41540527,-89.56371000,-87.79938000
1.41601563,-88.31525000,-75.50866000
1.41662598,-89.47670000,-76.35705000
1.41723633,-89.07922000,-80.98618000
1.41784668,-86.95148000,-69.45595000
1.41845703,-93.27594000,-69.08221000
1.41906738,-102.35170000,-72.40458000
1.41967773,-95.52448000,-70.71057000
1.42028809,-102.75570000,-74.54391000
1.42089844,-97.13216000,-85.77149000
1.42150879,-91.71951000,-80.90833000
1.42211914,-92.66071000,-86.32094000
1.42272949,-104.38800000,-74.74017000
1.42333984,-92.22073000,-68.49580000
1.42395020,-92.13517000,-68.00713000
1.42456055,-92.95531000,-75.90354000
1.42517090,-91.24763000,-86.82815000
1.42578125,-90.83618000,-76.07684000
1.42639160,-90.77473000,-75.92108000
1.42700195,-92.48460000,-85.41797000
1.42761230,-91.69760000,-90.77828000
1.42822266,-93.53349000,-82.32014000
1.42883301,-95.62953000,-76.14040000
1.42944336,-95.60191000,-73.80846000
1.43005371,-104.64570000,-75.18448000
1.43066406,-88.61635000,-70.99297000
1.43127441,-83.82768000,-67.68156000
1.43188477,-86.48479000,-70.95998000
1.43249512,-95.09126000,-77.23463000
1.43310547,-95.13686000,-79.61390000
1.43371582,-93.78674000,-76.86639000
1.43432617,-93.58055000,-67.38985000
1.43493652,-93.60879000,-68.51371000
1.43554688,-92.22070000,-74.33638000
1.43615723,-94.42796000,-71.92404000
1.43676758,-88.63099000,-67.56677000
1.43737793,-86.29131000,-67.56232000
1.43798828,-87.62674000,-72.28568000
1.43859863,-88.12016000,-74.31285000
1.43920898,-91.39696000,-76.53262000
1.43981934,-104.13100000,-78.00420000
1.44042969,-101.06320000,-83.87501000
1.44104004,-101.04170000,-72.45126000
1.44165039,-92.66835000,-67.19519000
1.44226074,-92.80775000,-70.20819000
1.44287109,-103.39600000,-78.89264000
1.44348145,-94.23840000,-106.57260000
1.44409180,-94.90491000,-84.28753000
1.44470215,-94.17793000,-76.02415000
1.44531250,-95.89484000,-73.35340000
1.44592285,-95.86521000,-79.11012000
1.44653320,-94.18961000,-80.61728000
1.44714355,-110.41080000,-76.96881000
1.44775391,-94.21365000,-76.89952000
1.44836426,-89.17522000,-80.22908000
1.44897461,-86.89116000,-75.61464000
1.44958496,-92.71026000,-70.19884000
1.45019531,-95.31891000,-78.01513000
1.45080566,-99.24652000,-84.59949000
1.45141602,-94.47118000,-86.77888000
1.45202637,-92.98686000,-75.43177000
1.45263672,-91.16802000,-67.54426000
1.45324707,-89.77640000,-70.86470000
1.45385742,-90.26613000,-73.84045000
1.45446777,-95.26682000,-73.00296000
1.45507813,-99.20837000,-76.86942000
1.45568848,-94.57878000,-80.90656000
1.45629883,-86.97205000,-76.29264000
1.45690918,-86.60587000,-85.51495000
1.45751953,-88.72598000,-71.23958000
1.45812988,-89.62177000,-69.10368000
1.45874023,-91.15177000,-71.99929000
1.45935059,-91.68510000,-77.69102000
1.45996094,-88.04724000,-78.10415000
1.46057129,-88.07536000,-78.11335000
1.46118164,-91.13854000,-77.62954000
1.46179199,-100.76150000,-87.17227000
1.46240234,-100.04310000,-75.86592000
1.46301270,-92.04018000,-71.25659000
1.46362305,-86.40921000,-73.44888000
1.46423340,-86.49266000,-73.06632000
1.46484375,-87.37087000,-68.01807000
1.46545410,-86.63010000,-68.19558000
1.46606445,-89.13538000,-72.58417000
1.46667480,-90.59988000,-74.18549000
1.46728516,-87.70438000,-74.44183000
1.46789551,-88.17005000,-73.14422000
1.46850586,-92.69466000,-74.82257000
1.46911621,-98.95006000,-88.59547000
1.46972656,-94.96030000,-78.18887000
1.47033691,-92.39567000,-76.27976000
1.47094727,-90.36304000,-92.40844000
1.47155762,-86.83353000,-75.93508000
1.47216797,-85.50088000,-75.69855000
1.47277832,-85.35909000,-74.40080000
1.47338867,-90.78243000,-73.68144000
1.47399902,-102.15200000,-79.51901000
1.47460938,-93.65640000,-81.12091000
1.47521973,-91.23325000,-78.20535000
1.47583008,-86.35667000,-75.39428000
1.47644043,-88.12398000,-68.80286000
1.47705078,-93.62672000,-68.09167000
1.47766113,-95.99786000,-73.85136000
1.47827148,-91.86146000,-79.75198000
1.47888184,-86.77522000,-76.45070000
1.47949219,-85.73628000,-86.04697000
1.48010254,-91.05188000,-72.91461000
1.48071289,-91.07031000,-72.82674000
1.48132324,-90.61440000,-74.01031000
1.48193359,-91.94933000,-80.60208000
1.48254395,-89.44087000,-84.09721000
1.48315430,-87.17509000,-77.96999000
1.48376465,-85.26561000,-72.42465000
1.48437500,-82.46085000,-74.41962000
1.48498535,-82.50873000,-83.59943000
1.48559570,-84.69799000,-74.49826000
1.48620605,-84.98997000,-74.38392000
1.48681641,-84.45121000,-76.21221000
1.48742676,-86.01524000,-70.02533000
1.48803711,-88.83917000,-69.88580000
1.48864746,-90.78764000,-73.10666000
1.48925781,-98.57217000,-77.49187000
1.48986816,-91.43613000,-77.38902000
1.49047852,-87.51347000,-85.89941000
1.49108887,-84.60663000,-83.70177000
1.49169922,-85.30567000,-84.46372000
1.49230957,-88.91946000,-86.38411000
1.49291992,-96.21419000,-76.65350000
1.49353027,-97.49232000,-74.75807000
1.49414063,-98.18571000,-79.33781000
1.49475098,-91.33104000,-81.23611000
1.49536133,-91.72946000,-78.85187000
1.49597168,-108.63140000,-85.62460000
1.49658203,-100.43220000,-77.55667000
1.49719238,-98.92400000,-75.25699000
1.49780273,-88.93588000,-84.95065000
1.49841309,-88.21178000,-71.25253000
1.49902344,-95.70167000,-70.09666000
1.49963379,-95.73563000,-67.68602000
1.50024414,-91.51814000,-67.46741000
1.50085449,-93.21938000,-74.53431000
1.50146484,-96.56458000,-72.07961000
1.50207520,-99.04547000,-73.02620000
1.50268555,-118.01990000,-78.96773000
1.50329590,-103.68790000,-75.35977000
1.50390625,-100.31970000,-78.03090000
1.50451660,-89.48064000,-72.13623000
1.50512695,-85.58037000,-72.34536000
1.50573730,-89.34558000,-75.33590000
1.50634766,-87.49580000,-74.65395000
1.50695801,-86.13005000,-75.53401000
1.50756836,-88.72737000,-83.10042000
1.50817871,-95.07183000,-69.15475000
1.50878906,-91.86990000,-67.04457000
1.50939941,-90.59059000,-68.20174000
1.51000977,-95.15328000,-71.40360000
1.51062012,-88.48698000,-72.94750000
1.51123047,-87.58160000,-75.53896000
1.51184082,-90.55184000,-70.97800000
1.51245117,-91.20721000,-71.85390000
1.51306152,-94.45281000,-72.71422000
1.51367188,-103.55880000,-78.82777000
1.51428223,-92.80258000,-79.66944000
1.51489258,-90.65933000,-82.91718000
1.51550293,-97.35562000,-80.89614000
1.51611328,-101.00490000,-75.32905000
1.51672363,-111.37280000,-73.92467000
1.51733398,-94.48055000,-72.42654000
1.51794434,-91.98089000,-73.70354000
1.51855469,-91.24767000,-77.28980000
1.51916504,-89.12525000,-70.53381000
1.51977539,-89.66031000,-70.05054000
1.52038574,-89.26808000,-74.17039000
1.52099609,-95.45636000,-72.14420000
1.52160645,-86.05379000,-71.02526000
1.52221680,-87.95078000,-71.27103000
1.52282715,-91.69858000,-78.52194000
1.52343750,-89.62007000,-88.50027000
1.52404785,-88.37067000,-76.54683000
1.52465820,-87.53185000,-71.29502000
1.52526855,-90.67918000,-66.42495000
1.52587891,-104.94000000,-67.80883000
1.52648926,-94.59037000,-74.38221000
1.52709961,-99.67712000,-68.43702000
1.52770996,-95.71802000,-66.41683000
1.52832031,-93.55950000,-67.43958000
1.52893066,-88.85827000,-69.15445000
1.52954102,-86.15884000,-69.17893000
1.53015137,-93.94624000,-70.92278000
1.53076172,-102.61940000,-71.61940000
1.53137207,-96.33057000,-73.25219000
1.53198242,-93.87760000,-77.19764000
1.53259277,-97.90073000,-73.23798000
1.53320313,-91.83063000,-69.49647000
1.53381348,-90.01299000,-70.42023000
1.53442383,-91.93051000,-77.22167000
1.53503418,-103.46090000,-78.82694000
1.53564453,-89.43528000,-73.99279000
1.53625488,-84.73420000,-72.15109000
1.53686523,-88.12519000,-70.38010000
1.53747559,-93.00195000,-71.35152000
1.53808594,-85.35279000,-69.01206000
1.53869629,-86.01167000,-66.39490000
1.53930664,-89.11067000,-69.64494000
1.53991699,-90.30328000,-84.07734000
1.54052734,-92.60888000,-81.34480000
1.54113770,-95.77251000,-72.61906000
1.54174805,-88.27435000,-70.22128000
1.54235840,-89.53942000,-70.99239000
1.54296875,-97.35409000,-71.03915000
1.54357910,-105.10090000,-71.59794000
1.54418945,-99.76115000,-75.60262000
1.54479980,-95.85071000,-87.84291000
1.54541016,-101.20370000,-75.27066000
1.54602051,-90.09533000,-73.14362000
1.54663086,-87.83008000,-77.84132000
1.54724121,-87.83920000,-77.40331000
1.54785156,-88.02376000,-75.45819000
1.54846191,-95.10528000,-78.21305000
1.54907227,-89.64427000,-74.68828000
1.54968262,-83.76351000,-77.79327000
1.55029297,-85.90043000,-76.46590000
1.55090332,-90.11951000,-76.75931000
1.55151367,-89.05412000,-79.74889000
1.55212402,-88.64767000,-84.31454000
1.55273438,-91.55937000,-79.19344000
1.55334473,-96.54182000,-76.64176000
1.55395508,-93.97263000,-79.79124000
1.55456543,-91.08913000,-78.64398000
1.55517578,-94.75450000,-74.99953000
1.55578613,-91.51178000,-74.05811000
1.55639648,-88.20885000,-81.59294000
1.55700684,-85.52417000,-76.92867000
1.55761719,-86.41754000,-71.51424000
1.55822754,-87.55769000,-69.74811000
1.55883789,-89.46408000,-75.21427000
1.55944824,-94.25060000,-94.82086000
1.56005859,-100.90400000,-76.99742000
1.56066895,-95.47186000,-72.66226000
1.56127930,-92.59483000,-75.24963000
1.56188965,-98.20434000,-80.18905000
1.56250000,-94.92740000,-77.47816000
1.56311035,-97.14912000,-87.52036000
1.56372070,-96.35598000,-86.49604000
1.56433105,-90.95989000,-73.97722000
1.56494141,-92.13480000,-69.48003000
1.56555176,-89.94592000,-71.83516000
1.56616211,-93.94322000,-79.29733000
1.56677246,-93.48691000,-78.73005000
1.56738281,-90.50576000,-75.62131000
1.56799316,-93.33661000,-74.88403000
1.56860352,-95.15971000,-75.64050000
1.56921387,-88.36091000,-70.62757000
1.56982422,-87.25671000,-68.04999000
1.57043457,-93.81599000,-70.19596000
1.57104492,-97.43015000,-72.32474000
1.57165527,-91.23274000,-72.59326000
1.57226563,-89.27009000,-78.57237000
1.57287598,-89.98936000,-79.26228000
1.57348633,-89.64584000,-81.31454000
1.57409668,-85.99492000,-77.48325000
1.57470703,-86.04583000,-73.46185000
1.57531738,-96.53297000,-73.75868000
1.57592773,-101.06230000,-72.56091000
1.57653809,-106.47090000,-79.67467000
1.57714844,-92.56786000,-77.92069000
1.57775879,-91.73495000,-79.27625000
1.57836914,-99.62890000,-73.56894000
1.57897949,-96.21933000,-76.79321000
1.57958984,-92.32993000,-93.26267000
1.58020020,-91.63802000,-84.45607000
1.58081055,-93.79022000,-76.44194000
1.58142090,-93.86761000,-79.12970000
1.58203125,-93.05220000,-75.08685000
1.58264160,-97.24468000,-73.01718000
1.58325195,-88.11791000,-79.57257000
1.58386230,-87.21931000,-81.73056000
1.58447266,-87.34368000,-80.49493000
1.58508301,-88.71542000,-82.90347000
1.58569336,-91.72421000,-91.69670000
1.58630371,-91.96407000,-90.83718000
1.58691406,-99.20941000,-81.87259000
1.58752441,-97.24183000,-77.40800000
1.58813477,-95.60917000,-73.23624000
1.58874512,-90.31625000,-73.85839000
1.58935547,-84.21597000,-77.76260000
1.58996582,-84.74338000,-73.30873000
1.59057617,-85.44529000,-79.76563000
1.59118652,-86.83208000,-77.43930000
1.59179688,-92.65067000,-79.11636000
1.59240723,-97.93274000,-71.76815000
1.59301758,-99.13196000,-68.22474000
1.59362793,-90.79380000,-67.25832000
1.59423828,-81.16829000,-72.00476000
1.59484863,-79.53057000,-79.93755000
1.59545898,-84.17525000,-79.56348000
1.59606934,-88.01910000,-80.96066000
1.59667969,-87.35511000,-79.08578000
1.59729004,-89.00855000,-72.37476000
1.59790039,-97.27807000,-70.93205000
1.59851074,-98.45300000,-72.05788000
1.59912109,-96.45779000,-83.89335000
1.59973145,-95.90544000,-74.83173000
1.60034180,-90.95196000,-73.23145000
1.60095215,-93.92717000,-74.27458000
1.60156250,-103.74420000,-77.30872000
1.60217285,-98.07695000,-93.53751000
1.60278320,-109.09950000,-81.40289000
1.60339355,-95.34931000,-77.24506000
1.60400391,-92.43535000,-81.03207000
1.60461426,-88.95320000,-83.35931000
1.60522461,-86.16772000,-80.24150000
1.60583496,-89.78662000,-82.11726000
1.60644531,-112.28360000,-77.71166000
1.60705566,-92.01726000,-79.15481000
1.60766602,-88.02113000,-74.68633000
1.60827637,-87.14672000,-92.33243000
1.60888672,-87.58153000,-73.76214000
1.60949707,-90.30354000,-68.70934000
1.61010742,-93.69477000,-68.52858000
1.61071777,-92.05932000,-81.84483000
1.61132813,-90.08434000,-85.92159000
1.61193848,-89.99057000,-78.59053000
1.61254883,-99.34088000,-74.53654000
1.61315918,-93.66566000,-78.80386000
1.61376953,-92.14838000,-74.25749000
1.61437988,-102.29610000,-81.81771000
1.61499023,-96.12534000,-71.59539000
1.61560059,-95.80441000,-68.51852000
1.61621094,-90.68495000,-71.30836000
1.61682129,-88.84038000,-72.10455000
1.61743164,-96.26581000,-71.10056000
1.61804199,-105.56730000,-74.11052000
1.61865234,-94.52354000,-84.14655000
1.61926270,-92.61555000,-82.69980000
1.61987305,-95.59933000,-76.21545000
1.62048340,-87.22001000,-73.60801000
1.62109375,-94.06050000,-79.44657000
1.62170410,-106.41120000,-79.01461000
1.62231445,-104.53730000,-74.26572000
1.62292480,-103.75780000,-71.24660000
1.62353516,-97.31483000,-68.15759000
1.62414551,-93.43320000,-67.43102000
1.62475586,-99.27964000,-71.79669000
1.62536621,-102.66320000,-75.38104000
1.62597656,-100.31170000,-69.84944000
1.62658691,-91.37312000,-71.24146000
1.62719727,-91.12761000,-79.19394000
1.62780762,-90.95071000,-72.86487000
1.62841797,-86.53395000,-70.85374000
1.62902832,-95.80608000,-72.15413000
1.62963867,-89.78439000,-81.17297000
1.63024902,-89.37011000,-82.01738000
1.63085938,-98.26369000,-82.33331000
1.63146973,-97.61778000,-74.73323000
1.63208008,-94.96130000,-71.28143000
1.63269043,-99.09893000,-77.71523000
1.63330078,-93.70158000,-72.02765000
1.63391113,-97.27132000,-77.92963000
1.63452148,-98.42323000,-80.51543000
1.63513184,-92.89194000,-75.47439000
1.63574219,-87.55019000,-76.31169000
1.63635254,-89.84592000,-78.56258000
1.63696289,-97.63030000,-80.82083000
1.63757324,-94.29305000,-85.95516000
1.63818359,-84.56522000,-99.13469000
1.63879395,-80.92060000,-90.34588000
1.63940430,-83.71532000,-82.73797000
1.64001465,-90.74502000,-76.50089000
1.64062500,-88.78085000,-74.03512000
1.64123535,-84.37387000,-89.80399000
1.64184570,-86.83651000,-80.57051000
1.64245605,-92.17324000,-77.33965000
1.64306641,-91.64245000,-74.24969000
1.64367676,-90.47006000,-79.27259000
1.64428711,-88.19154000,-89.20485000
1.64489746,-95.75683000,-81.81940000
1.64550781,-99.66670000,-81.14724000
1.64611816,-105.01390000,-80.21423000
1.64672852,-99.78185000,-76.70195000
1.64733887,-94.50282000,-71.02792000
1.64794922,-90.00713000,-65.76724000
1.64855957,-88.43297000,-68.91557000
1.64916992,-84.78054000,-73.13086000
1.64978027,-83.77882000,-69.79655000
1.65039063,-90.27312000,-69.72050000
1.65100098,-100.95090000,-73.50468000
1.65161133,-99.16472000,-76.71207000
1.65222168,-93.98788000,-78.12905000
1.65283203,-90.11970000,-79.74659000
1.65344238,-89.77878000,-79.47257000
1.65405273,-89.43740000,-81.13888000
1.65466309,-89.47731000,-78.44260000
1.65527344,-89.39873000,-86.07050000
1.65588379,-88.65169000,-73.43817000
1.65649414,-92.93723000,-74.03350000
1.65710449,-96.75930000,-79.86547000
1.65771484,-94.11621000,-77.02549000
1.65832520,-91.14424000,-72.56903000
1.65893555,-89.74736000,-74.13672000
1.65954590,-88.31561000,-79.34694000
1.66015625,-85.58358000,-75.89835000
1.66076660,-84.26442000,-78.03226000
1.66137695,-89.45392000,-76.20591000
1.66198730,-102.13250000,-75.79022000
1.66259766,-106.42790000,-76.37270000
1.66320801,-102.04740000,-73.94206000
1.66381836,-92.93969000,-77.13190000
1.66442871,-92.23735000,-78.53462000
1.66503906,-98.83192000,-72.52832000
1.66564941,-87.83756000,-76.83300000
1.66625977,-85.23362000,-75.87917000
1.66687012,-85.79827000,-75.79558000
1.66748047,-86.57653000,-78.87134000
1.66809082,-87.39310000,-76.94154000
1.66870117,-89.19670000,-71.44353000
1.66931152,-93.15312000,-79.32281000
1.66992188,-100.36400000,-74.30083000
1.67053223,-103.87920000,-75.64583000
1.67114258,-107.59630000,-75.92009000
1.67175293,-92.71774000,-74.04512000
1.67236328,-86.19757000,-80.15506000
1.67297363,-85.53750000,-78.97437000
1.67358398,-87.41522000,-77.41155000
1.67419434,-91.88819000,-76.37374000
1.67480469,-99.91776000,-71.30758000
1.67541504,-93.03948000,-70.81123000
1.67602539,-95.26252000,-74.17421000
1.67663574,-95.56213000,-82.47296000
1.67724609,-88.88786000,-90.76633000
1.67785645,-87.92900000,-89.71571000
1.67846680,-99.12907000,-81.74148000
1.67907715,-95.50569000,-98.10631000
1.67968750,-96.22136000,-80.17258000
1.68029785,-93.71201000,-78.69170000
1.68090820,-94.08037000,-73.26108000
1.68151855,-94.00833000,-72.34698000
1.68212891,-90.77096000,-73.63622000
1.68273926,-89.04211000,-72.30505000
1.68334961,-88.05318000,-71.40536000
1.68395996,-87.11964000,-74.49830000
1.68457031,-91.75761000,-77.73674000
1.68518066,-95.36728000,-78.14225000
1.68579102,-92.24763000,-80.69386000
1.68640137,-91.25960000,-76.53024000
1.68701172,-101.84990000,-76.41642000
1.68762207,-94.24535000,-77.57224000
1.68823242,-90.38842000,-72.68235000
1.68884277,-86.77576000,-70.88214000
1.68945313,-83.31340000,-73.43684000
1.69006348,-84.37107000,-83.36700000
1.69067383,-93.73932000,-76.82420000
1.69128418,-93.09059000,-74.11818000
1.69189453,-86.33667000,-74.56583000
1.69250488,-87.91889000,-80.41187000
1.69311523,-96.73170000,-77.66808000
1.69372559,-98.39285000,-85.14771000
1.69433594,-86.39418000,-79.47530000
1.69494629,-90.10397000,-76.03559000
1.69555664,-92.22914000,-75.72737000
1.69616699,-90.87589000,-79.52151000
1.69677734,-96.98251000,-100.80740000
1.69738770,-92.03574000,-87.40668000
1.69799805,-95.99483000,-98.32968000
1.69860840,-96.11896000,-78.54753000
1.69921875,-92.01360000,-70.22975000
1.69982910,-85.94739000,-68.81812000
1.70043945,-82.32594000,-70.03203000
1.70104980,-88.42262000,-70.25436000
1.70166016,-99.36842000,-68.72462000
1.70227051,-92.61949000,-68.87518000
1.70288086,-91.67260000,-72.87439000
1.70349121,-103.38160000,-78.10421000
1.70410156,-90.15837000,-76.82687000
1.70471191,-86.26779000,-74.79253000
1.70532227,-89.65059000,-72.84654000
1.70593262,-92.14197000,-71.38923000
1.70654297,-85.86791000,-72.51031000
1.70715332,-84.78257000,-76.57941000
1.70776367,-87.46505000,-76.94366000
1.70837402,-95.57208000,-75.48032000
1.70898438,-101.82520000,-73.99297000
1.70959473,-92.16457000,-69.89668000
1.71020508,-91.01640000,-67.01649000
1.71081543,-91.53780000,-70.09494000
1.71142578,-89.45617000,-76.24672000
1.71203613,-91.62540000,-79.46429000
1.71264648,-98.48441000,-85.02152000
1.71325684,-95.83603000,-88.84640000
1.71386719,-90.95111000,-73.31152000
1.71447754,-94.13615000,-73.70714000
1.71508789,-98.77526000,-79.24536000
1.71569824,-101.34760000,-76.78451000
1.71630859,-93.17374000,-72.70997000
1.71691895,-95.58893000,-71.84338000
1.71752930,-106.39510000,-79.16991000
1.71813965,-98.22032000,-75.68285000
1.71875000,-96.92284000,-78.91792000
1.71936035,-94.24964000,-75.46808000
1.71997070,-89.46426000,-69.82074000
1.72058105,-91.81020000,-70.83818000
1.72119141,-99.14893000,-77.83035000
1.72180176,-91.76422000,-73.04240000
1.72241211,-87.89777000,-71.11817000
1.72302246,-86.43304000,-79.70126000
1.72363281,-90.95069000,-96.40761000
1.72424316,-104.78900000,-87.21939000
1.72485352,-91.05400000,-87.90874000
1.72546387,-91.78547000,-85.57875000
1.72607422,-93.87337000,-72.43317000
1.72668457,-93.50783000,-70.29095000
1.72729492,-95.34148000,-69.61198000
1.72790527,-99.38483000,-68.50631000
1.72851563,-99.59352000,-69.98860000
1.72912598,-86.18328000,-73.85016000
1.72973633,-84.23112000,-80.91819000
1.73034668,-87.78236000,-70.53560000
1.73095703,-90.00085000,-68.36686000
1.73156738,-89.30225000,-71.53197000
1.73217773,-91.77789000,-73.46511000
1.73278809,-95.84802000,-71.11555000
1.73339844,-94.04239000,-72.02528000
1.73400879,-87.80891000,-76.03681000
1.73461914,-90.35765000,-83.66787000
1.73522949,-99.27470000,-80.17063000
1.73583984,-94.22922000,-75.97518000
1.73645020,-92.93212000,-91.52396000
1.73706055,-90.15560000,-78.77162000
1.73767090,-89.35054000,-74.82721000
1.73828125,-89.43641000,-72.19092000
1.73889160,-88.19480000,-73.54358000
1.73950195,-87.49698000,-72.48943000
1.74011230,-92.70238000,-70.30059000
1.74072266,-102.07140000,-70.91155000
1.74133301,-90.03822000,-72.97818000
1.74194336,-86.76866000,-78.07247000
1.74255371,-87.44148000,-73.86474000
1.74316406,-91.52470000,-70.97975000
1.74377441,-94.39017000,-74.23038000
1.74438477,-102.14460000,-78.17999000
1.74499512,-96.42403000,-75.79076000
1.74560547,-99.51288000,-75.17376000
1.74621582,-102.51120000,-75.88560000
1.74682617,-99.91574000,-75.31056000
1.74743652,-109.17880000,-77.97196000
1.74804688,-91.39591000,-92.92698000
1.74865723,-88.71384000,-78.45645000
1.74926758,-96.02497000,-76.36671000
1.74987793,-103.12790000,-73.75190000
1.75048828,-92.57663000,-82.26102000
1.75109863,-92.41789000,-79.48671000
1.75170898,-92.98849000,-80.15041000
1.75231934,-92.06893000,-81.59436000
1.75292969,-90.94496000,-74.89574000
1.75354004,-90.02966000,-72.53813000
1.75415039,-87.36655000,-71.35588000
1.75476074,-87.75502000,-72.50032000
1.75537109,-88.16972000,-77.61844000
1.75598145,-88.83617000,-72.97319000
1.75659180,-92.54121000,-81.07761000
1.75720215,-94.65813000,-76.48889000
1.75781250,-99.60097000,-79.01440000
1.75842285,-102.03560000,-76.41148000
1.75903320,-96.37907000,-72.02823000
1.75964355,-100.15800000,-74.12495000
1.76025391,-90.18640000,-88.99760000
1.76086426,-87.16943000,-88.53351000
1.76147461,-88.72200000,-79.47197000
1.76208496,-88.67545000,-77.25900000
1.76269531,-93.42231000,-77.77516000
1.76330566,-96.39207000,-73.13748000
1.76391602,-106.16070000,-71.68269000
1.76452637,-98.34381000,-78.41039000
1.76513672,-93.27415000,-83.11598000
1.76574707,-111.22070000,-77.55016000
1.76635742,-91.57493000,-74.55717000
1.76696777,-93.78249000,-81.22119000
1.76757813,-93.21972000,-77.94762000
1.76818848,-93.21263000,-91.77638000
1.76879883,-92.49715000,-76.28559000
1.76940918,-89.05069000,-78.85626000
1.77001953,-89.73427000,-80.53964000
1.77062988,-101.39280000,-79.73165000
1.77124023,-93.84446000,-81.03403000
1.77185059,-91.79062000,-85.22285000
1.77246094,-95.92102000,-69.82152000
1.77307129,-90.13538000,-67.81119000
1.77368164,-92.91440000,-77.85666000
1.77429199,-99.99597000,-72.99401000
1.77490234,-94.81761000,-71.20641000
1.77551270,-84.90917000,-69.72645000
1.77612305,-84.22095000,-71.73864000
1.77673340,-88.16695000,-77.16246000
1.77734375,-94.29559000,-74.85254000
1.77795410,-98.23319000,-76.58809000
1.77856445,-92.67213000,-82.15572000
1.77917480,-93.18037000,-71.63817000
1.77978516,-110.89580000,-72.76040000
1.78039551,-97.34974000,-80.65797000
1.78100586,-93.92952000,-69.97548000
1.78161621,-89.90263000,-71.53610000
1.78222656,-85.57835000,-71.81970000
1.78283691,-85.89802000,-69.83533000
1.78344727,-97.27875000,-71.96838000
1.78405762,-96.67796000,-73.92894000
1.78466797,-103.44110000,-76.44494000
1.78527832,-105.37810000,-76.48724000
1.78588867,-93.67889000,-80.07359000
1.78649902,-92.82889000,-85.21806000
1.78710938,-92.89260000,-87.25159000
1.78771973,-93.63532000,-77.42448000
1.78833008,-94.09492000,-74.79583000
1.78894043,-96.17941000,-71.88837000
1.78955078,-95.74750000,-67.13282000
1.79016113,-92.87967000,-65.25197000
1.79077148,-89.19966000,-65.55105000
1.79138184,-84.27048000,-68.85799000
1.79199219,-84.07338000,-72.71828000
1.79260254,-87.35210000,-78.48504000
1.79321289,-85.94024000,-100.81990000
1.79382324,-91.21299000,-76.04387000
1.79443359,-90.93307000,-73.94513000
1.79504395,-93.18376000,-85.31075000
1.79565430,-95.48618000,-77.83051000
1.79626465,-94.39304000,-73.21154000
1.79687500,-92.00949000,-73.98531000
1.79748535,-89.48444000,-85.06215000
1.79809570,-89.22611000,-80.71969000
1.79870605,-86.90414000,-76.61573000
1.79931641,-88.26026000,-68.23705000
1.79992676,-98.27220000,-68.24571000
1.80053711,-102.01920000,-74.21380000
1.80114746,-97.14005000,-71.43091000
1.80175781,-95.60548000,-72.41168000
1.80236816,-93.60651000,-77.57148000
1.80297852,-100.67410000,-80.02048000
1.80358887,-87.83171000,-79.84094000
1.80419922,-85.34348000,-89.18297000
1.80480957,-87.08881000,-80.11459000
1.80541992,-94.58099000,-87.16958000
1.80603027,-106.23700000,-76.68069000
1.80664063,-98.75156000,-79.40047000
1.80725098,-101.73330000,-72.48477000
1.80786133,-99.71345000,-67.16330000
1.80847168,-91.79432000,-66.08961000
1.80908203,-87.56793000,-72.93105000
1.80969238,-90.29306000,-82.35571000
1.81030273,-96.98398000,-99.26326000
1.81091309,-97.25610000,-76.78773000
1.81152344,-102.43340000,-73.55435000
1.81213379,-101.29140000,-71.85561000
1.81274414,-101.43230000,-69.77405000
1.81335449,-89.76030000,-70.03992000
1.81396484,-89.47723000,-74.46822000
1.81457520,-90.51850000,-85.50591000
1.81518555,-91.64609000,-72.94303000
1.81579590,-95.22816000,-71.24479000
1.81640625,-95.76109000,-73.51908000
1.81701660,-101.46460000,-88.29018000
1.81762695,-91.94479000,-79.09927000
1.81823730,-85.12894000,-78.02898000
1.81884766,-86.36049000,-77.45685000
1.81945801,-92.91138000,-72.32488000
1.82006836,-89.38371000,-72.85526000
1.82067871,-88.46194000,-79.91708000
1.82128906,-94.88827000,-80.96037000
1.82189941,-94.40131000,-83.47678000
1.82250977,-87.29434000,-73.44308000
1.82312012,-87.09866000,-71.74456000
1.82373047,-89.34961000,-73.44385000
1.82434082,-90.11316000,-75.60706000
1.82495117,-91.29245000,-78.17223000
1.82556152,-95.48885000,-77.92153000
1.82617188,-94.79985000,-74.58203000
1.82678223,-90.06802000,-74.41160000
1.82739258,-88.05330000,-76.27562000
1.82800293,-88.21751000,-77.22723000
1.82861328,-91.08037000,-74.91634000
1.82922363,-91.86242000,-69.42603000
1.82983398,-90.71661000,-70.44385000
1.83044434,-101.82160000,-74.79422000
1.83105469,-94.10165000,-74.14234000
1.83166504,-88.10032000,-74.11151000
1.83227539,-85.02950000,-74.93977000
1.83288574,-85.72559000,-74.49021000
1.83349609,-92.72888000,-75.41135000
1.83410645,-100.65510000,-79.04926000
1.83471680,-95.03892000,-82.72597000
1.83532715,-94.58934000,-70.18131000
1.83593750,-103.52860000,-68.15918000
1.83654785,-99.20782000,-72.83868000
1.83715820,-96.25328000,-76.05002000
1.83776855,-93.91489000,-72.75145000
1.83837891,-89.50359000,-79.31594000
1.83898926,-93.76311000,-80.38499000
1.83959961,-95.02491000,-84.39206000
1.84020996,-90.67162000,-80.86835000
1.84082031,-90.61309000,-71.71832000
1.84143066,-87.34926000,-73.31471000
1.84204102,-83.22608000,-82.58090000
1.84265137,-81.35880000,-75.86183000
1.84326172,-84.50117000,-74.87120000
1.84387207,-87.41772000,-84.93628000
1.84448242,-85.76347000,-78.29654000
1.84509277,-86.43821000,-73.74294000
1.84570313,-88.18607000,-80.11040000
1.84631348,-86.97434000,-76.01086000
1.84692383,-84.67267000,-76.45637000
1.84753418,-87.65132000,-82.12165000
1.84814453,-92.69180000,-69.70142000
1.84875488,-92.77909000,-67.87466000
1.84936523,-101.31760000,-72.59021000
1.84997559,-108.29330000,-73.01878000
1.85058594,-90.43743000,-66.26504000
1.85119629,-88.95364000,-67.46997000
1.85180664,-92.10527000,-72.71076000
1.85241699,-96.15831000,-76.50166000
1.85302734,-102.42460000,-76.70078000
1.85363770,-93.12486000,-75.68487000
1.85424805,-88.95836000,-71.54511000
1.85485840,-93.47601000,-74.16712000
1.85546875,-96.23550000,-71.33216000
1.85607910,-93.14519000,-70.82570000
1.85668945,-87.39464000,-72.15929000
1.85729980,-86.14975000,-74.27684000
1.85791016,-91.76848000,-71.81547000
1.85852051,-94.05547000,-71.01004000
1.85913086,-96.72469000,-75.57870000
1.85974121,-95.25726000,-79.43565000
1.86035156,-95.19063000,-75.43768000
1.86096191,-98.26219000,-87.83595000
1.86157227,-92.59132000,-78.86603000
1.86218262,-94.83353000,-84.23236000
1.86279297,-93.41693000,-74.79282000
1.86340332,-88.82220000,-70.58467000
1.86401367,-88.09048000,-72.45238000
1.86462402,-87.42873000,-71.83720000
1.86523438,-86.08351000,-78.54990000
1.86584473,-95.63516000,-78.59445000
1.86645508,-92.21591000,-75.98446000
1.86706543,-90.79980000,-82.15857000
1.86767578,-96.65417000,-79.56876000
1.86828613,-92.22800000,-75.70810000
1.86889648,-90.41580000,-78.48983000
1.86950684,-96.15276000,-74.93192000
1.87011719,-97.10825000,-73.43360000
1.87072754,-91.16708000,-79.38107000
1.87133789,-90.54627000,-74.97131000
1.87194824,-94.47878000,-73.09869000
1.87255859,-90.07689000,-77.10780000
1.87316895,-88.43238000,-75.44048000
1.87377930,-87.00853000,-71.80162000
1.87438965,-94.30457000,-73.64218000
1.87500000,-98.02411000,-73.18768000
1.87561035,-92.34051000,-69.23728000
1.87622070,-91.19136000,-66.12987000
1.87683105,-90.18973000,-66.59019000
1.87744141,-90.81458000,-71.35747000
1.87805176,-94.43018000,-79.67719000
1.87866211,-91.41286000,-72.62336000
1.87927246,-93.39207000,-70.21913000
1.87988281,-94.47842000,-68.71141000
1.88049316,-88.90197000,-70.95960000
1.88110352,-89.89464000,-73.59050000
1.88171387,-97.52786000,-81.50211000
1.88232422,-99.46048000,-70.60701000
1.88293457,-92.81605000,-66.36398000
1.88354492,-92.29622000,-71.90351000
1.88415527,-90.78431000,-87.39789000
1.88476563,-91.51453000,-86.73107000
1.88537598,-104.97790000,-74.61751000
1.88598633,-90.14413000,-67.01872000
1.88659668,-94.00753000,-67.90132000
1.88720703,-90.54666000,-73.76869000
1.88781738,-84.92412000,-74.62825000
1.88842773,-80.45842000,-70.80022000
1.88903809,-79.02543000,-71.90242000
1.88964844,-82.20795000,-71.23454000
1.89025879,-95.90141000,-69.83710000
1.89086914,-92.77736000,-74.20905000
1.89147949,-93.63175000,-76.30741000
1.89208984,-91.80534000,-75.67023000
1.89270020,-104.55600000,-74.84837000
1.89331055,-89.30344000,-80.83125000
1.89392090,-81.44772000,-75.79008000
1.89453125,-77.42575000,-75.69254000
1.89514160,-79.84465000,-85.67940000
1.89575195,-86.93062000,-80.04166000
1.89636230,-90.61647000,-71.48952000
1.89697266,-95.10105000,-71.07856000
1.89758301,-108.26160000,-73.19196000
1.89819336,-99.81300000,-77.44308000
1.89880371,-89.74953000,-81.52740000
1.89941406,-88.08342000,-88.13693000
1.90002441,-91.87135000,-73.92490000
1.90063477,-90.91833000,-69.53685000
1.90124512,-94.08446000,-67.84322000
1.90185547,-89.37643000,-69.75039000
1.90246582,-84.14425000,-79.66890000
1.90307617,-84.87954000,-84.42549000
1.90368652,-91.49810000,-79.60741000
1.90429688,-87.94095000,-75.50286000
1.90490723,-86.51645000,-74.21791000
1.90551758,-93.29449000,-70.07918000
1.90612793,-101.79680000,-68.29385000
1.90673828,-93.24831000,-70.26524000
1.90734863,-97.27546000,-76.36755000
1.90795898,-98.04393000,-84.58452000
1.90856934,-92.16049000,-79.83922000
1.90917969,-91.84910000,-75.43591000
1.90979004,-91.67099000,-73.58193000
1.91040039,-90.98082000,-74.94788000
1.91101074,-92.83317000,-85.79889000
1.91162109,-93.29350000,-78.57481000
1.91223145,-93.50002000,-73.14191000
1.91284180,-92.31983000,-71.04564000
1.91345215,-92.34937000,-70.91404000
1.91406250,-100.46210000,-71.89661000
1.91467285,-97.84137000,-75.59043000
1.91528320,-92.11761000,-76.24272000
1.91589355,-93.77684000,-78.78954000
1.91650391,-94.80045000,-80.11546000
1.91711426,-89.19150000,-78.42292000
1.91772461,-86.13148000,-73.54846000
1.91833496,-86.55811000,-68.95731000
1.91894531,-94.67128000,-71.60907000
1.91955566,-102.45630000,-78.67322000
1.92016602,-100.84580000,-77.70509000
1.92077637,-97.92117000,-73.99214000
1.92138672,-92.26112000,-72.29350000
1.92199707,-93.36130000,-76.40269000
1.92260742,-91.74634000,-77.91632000
1.92321777,-90.74113000,-75.88222000
1.92382813,-96.77765000,-76.72957000
1.92443848,-117.50910000,-79.88489000
1.92504883,-94.72540000,-93.58809000
1.92565918,-92.25694000,-82.62859000
1.92626953,-96.32248000,-74.41747000
1.92687988,-89.01637000,-69.70802000
1.92749023,-88.88480000,-69.90043000
1.92810059,-105.49300000,-71.50911000
1.92871094,-88.78212000,-73.15343000
1.92932129,-88.08875000,-79.19456000
1.92993164,-90.33757000,-90.47906000
1.93054199,-92.75414000,-90.79556000
1.93115234,-89.39905000,-74.27393000
1.93176270,-89.49722000,-71.91508000
1.93237305,-92.65557000,-75.22910000
1.93298340,-87.51659000,-77.75138000
1.93359375,-84.58907000,-82.31845000
1.93420410,-86.54893000,-92.48088000
1.93481445,-93.02361000,-78.88135000
1.93542480,-95.63758000,-79.20726000
1.93603516,-88.95805000,-83.05080000
1.93664551,-80.31155000,-74.60226000
1.93725586,-77.90419000,-70.97260000
1.93786621,-83.45832000,-74.83143000
1.93847656,-92.68698000,-80.90728000
1.93908691,-99.07363000,-73.04721000
1.93969727,-96.03165000,-76.50642000
1.94030762,-94.88528000,-78.71210000
1.94091797,-90.29657000,-78.47089000
1.94152832,-98.63226000,-78.03413000
1.94213867,-90.20232000,-72.48746000
1.94274902,-89.06600000,-70.95841000
1.94335938,-99.47884000,-74.12212000
1.94396973,-96.03720000,-78.54207000
1.94458008,-101.86450000,-83.14546000
1.94519043,-96.84222000,-74.58540000
1.94580078,-103.70720000,-68.54137000
1.94641113,-95.29049000,-70.97942000
1.94702148,-108.41800000,-81.91985000
1.94763184,-93.37852000,-85.48341000
1.94824219,-90.29996000,-75.65476000
1.94885254,-88.38568000,-70.65604000
1.94946289,-87.65382000,-69.96400000
1.95007324,-89.78653000,-71.95158000
1.95068359,-92.90018000,-70.62856000
1.95129395,-95.67641000,-67.53239000
1.95190430,-116.76320000,-72.63208000
1.95251465,-91.99561000,-79.05331000
1.95312500,-88.96140000,-77.34878000
1.95373535,-93.15959000,-77.39649000
1.95434570,-103.68560000,-74.41386000
1.95495605,-103.13140000,-71.30077000
1.95556641,-105.88930000,-71.73044000
1.95617676,-121.29140000,-74.08678000
1.95678711,-101.01460000,-72.99264000
1.95739746,-92.86098000,-71.92856000
1.95800781,-92.31377000,-75.55016000
1.95861816,-95.30305000,-76.93288000
1.95922852,-91.98536000,-75.36736000
1.95983887,-92.69253000,-79.61495000
1.96044922,-92.92500000,-81.14501000
1.96105957,-95.08411000,-75.15726000
1.96166992,-99.25575000,-76.86131000
1.96228027,-96.07555000,-76.08615000
1.96289063,-89.03972000,-77.48640000
1.96350098,-86.60556000,-72.98413000
1.96411133,-84.54848000,-70.76281000
1.96472168,-85.51956000,-72.39326000
1.96533203,-87.74335000,-72.51956000
1.96594238,-89.02609000,-70.67398000
1.96655273,-91.65706000,-71.88851000
1.96716309,-93.76227000,-78.76958000
1.96777344,-91.04989000,-79.09325000
1.96838379,-90.03045000,-73.77615000
1.96899414,-93.24540000,-81.23600000
1.96960449,-95.74057000,-76.54710000
1.97021484,-88.78955000,-73.58847000
1.97082520,-91.02576000,-72.60006000
1.97143555,-97.42496000,-71.16975000
1.97204590,-99.24122000,-73.41039000
1.97265625,-92.34560000,-72.95410000
1.97326660,-91.54034000,-70.74386000
1.97387695,-90.03102000,-73.25880000
1.97448730,-97.17752000,-84.70370000
1.97509766,-95.25380000,-80.70372000
1.97570801,-92.32117000,-75.01590000
1.97631836,-89.02171000,-73.67132000
1.97692871,-88.65699000,-71.02190000
1.97753906,-95.14244000,-71.86475000
1.97814941,-97.68334000,-78.86054000
1.97875977,-94.12085000,-74.75674000
1.97937012,-90.24901000,-71.85629000
1.97998047,-86.36253000,-77.12076000
1.98059082,-85.27238000,-71.49238000
1.98120117,-87.19342000,-72.46111000
1.98181152,-88.51186000,-75.51090000
1.98242188,-87.82761000,-72.98956000
1.98303223,-91.26610000,-73.86589000
1.98364258,-92.16531000,-73.16021000
1.98425293,-89.79736000,-72.49726000
1.98486328,-91.16901000,-77.89997000
1.98547363,-91.88943000,-82.45058000
1.98608398,-87.78452000,-74.55422000
1.98669434,-86.04156000,-72.29731000
1.98730469,-88.49442000,-73.72819000
1.98791504,-94.23862000,-92.11690000
1.98852539,-98.95659000,-77.89369000
1.98913574,-92.04001000,-80.70970000
1.98974609,-87.39646000,-83.86338000
1.99035645,-88.35211000,-73.35643000
1.99096680,-89.06590000,-71.96952000
1.99157715,-89.00162000,-72.54224000
1.99218750,-93.97989000,-72.66511000
1.99279785,-102.08990000,-72.52346000
1.99340820,-87.06735000,-71.48182000
1.99401855,-80.74232000,-73.52912000
1.99462891,-80.93140000,-75.09419000
1.99523926,-92.04906000,-75.09006000
1.99584961,-90.92033000,-75.13206000
1.99645996,-94.48642000,-77.61231000
1.99707031,-89.75168000,-72.65960000
1.99768066,-87.51659000,-70.51680000
1.99829102,-91.94732000,-73.03799000
1.99890137,-101.40650000,-82.09813000
1.99951172,-95.67283000,-77.01270000
2.00012207,-89.17717000,-77.84296000
2.00073242,-91.51585000,-80.92892000
2.00134277,-92.74698000,-77.79729000
2.00195313,-87.15076000,-73.15771000
2.00256348,-89.74493000,-72.78292000
2.00317383,-93.33795000,-74.89857000
2.00378418,-122.24950000,-74.13895000
2.00439453,-96.39423000,-72.47021000
2.00500488,-91.09140000,-75.50874000
2.00561523,-93.71472000,-76.71010000
2.00622559,-89.93943000,-78.28691000
2.00683594,-93.08235000,-73.73237000
2.00744629,-86.16352000,-75.25636000
2.00805664,-87.69653000,-82.02881000
2.00866699,-87.10667000,-83.30284000
2.00927734,-85.26477000,-75.06337000
2.00988770,-88.12123000,-70.16821000
2.01049805,-95.50024000,-70.89128000
2.01110840,-96.50198000,-81.35529000
2.01171875,-90.70306000,-76.18081000
2.01232910,-91.60916000,-84.06967000
2.01293945,-91.85869000,-69.96619000
2.01354980,-98.54996000,-69.49493000
2.01416016,-92.35826000,-75.46162000
2.01477051,-85.45660000,-78.99413000
2.01538086,-83.90232000,-83.82219000
2.01599121,-87.88158000,-76.83027000
2.01660156,-92.67518000,-77.35402000
2.01721191,-89.75460000,-71.49304000
2.01782227,-88.53863000,-76.04456000
2.01843262,-94.78679000,-75.37038000
2.01904297,-94.52407000,-76.09360000
2.01965332,-90.21255000,-93.65068000
2.02026367,-91.34312000,-74.82637000
2.02087402,-95.37854000,-70.86143000
2.02148438,-91.77538000,-74.60654000
2.02209473,-91.27364000,-81.24843000
2.02270508,-90.04983000,-70.86691000
2.02331543,-90.41274000,-69.72002000
2.02392578,-91.22656000,-72.72282000
2.02453613,-89.24135000,-78.03214000
2.02514648,-88.40536000,-76.78673000
2.02575684,-90.86948000,-73.43382000
2.02636719,-92.47787000,-78.26728000
2.02697754,-91.99218000,-76.03265000
2.02758789,-94.46817000,-73.73861000
2.02819824,-94.24206000,-77.46174000
2.02880859,-91.54827000,-82.50769000
2.02941895,-90.59392000,-82.22144000
2.03002930,-89.44690000,-78.76402000
2.03063965,-92.09070000,-83.27630000
2.03125000,-96.09551000,-78.32599000
2.03186035,-99.43336000,-73.14713000
2.03247070,-99.07771000,-73.79836000
2.03308105,-89.18475000,-75.89349000
2.03369141,-87.47133000,-71.80621000
2.03430176,-88.86137000,-71.32372000
2.03491211,-94.91655000,-74.43401000
2.03552246,-104.22600000,-80.34085000
2.03613281,-94.85566000,-77.67727000
2.03674316,-83.11211000,-69.08939000
2.03735352,-81.60223000,-70.14060000
2.03796387,-83.31562000,-83.54794000
2.03857422,-85.04319000,-74.58459000
2.03918457,-94.47105000,-79.04449000
2.03979492,-98.40813000,-81.92249000
2.04040527,-96.71243000,-78.76437000
2.04101563,-97.57477000,-82.42181000
2.04162598,-91.14686000,-81.08581000
2.04223633,-91.22392000,-87.18312000
2.04284668,-93.73185000,-81.18451000
2.04345703,-97.81124000,-77.06981000
2.04406738,-105.06670000,-93.74873000
2.04467773,-97.43559000,-75.44196000
2.04528809,-94.38221000,-74.85634000
2.04589844,-93.81753000,-79.98047000
2.04650879,-90.52536000,-75.54298000
2.04711914,-90.34906000,-74.92865000
2.04772949,-90.48096000,-73.17151000
2.04833984,-88.19260000,-68.18816000
2.04895020,-88.54585000,-70.64867000
2.04956055,-92.11160000,-82.65563000
2.05017090,-100.41450000,-82.74284000
2.05078125,-89.26472000,-80.70421000
2.05139160,-87.94804000,-71.68760000
2.05200195,-88.54621000,-75.24994000
2.05261230,-87.10616000,-78.99256000
2.05322266,-88.06400000,-71.43958000
2.05383301,-87.90780000,-68.00045000
2.05444336,-86.09309000,-68.83034000
2.05505371,-90.04668000,-69.64689000
2.05566406,-92.15103000,-69.79384000
2.05627441,-86.92514000,-71.83784000
2.05688477,-84.81859000,-72.00553000
2.05749512,-87.05322000,-71.97337000
2.05810547,-93.06898000,-85.10199000
2.05871582,-97.93198000,-73.78962000
2.05932617,-99.45627000,-70.59972000
2.05993652,-99.38232000,-68.99168000
2.06054688,-88.33362000,-70.66525000
2.06115723,-88.05821000,-72.43748000
2.06176758,-90.35844000,-71.49966000
2.06237793,-88.25169000,-71.15115000
2.06298828,-90.19021000,-73.43621000
2.06359863,-103.52840000,-73.38287000
2.06420898,-89.34532000,-74.04956000
2.06481934,-86.63464000,-78.39244000
2.06542969,-90.56259000,-81.51692000
2.06604004,-93.81871000,-91.74942000
2.06665039,-87.67870000,-100.44050000
2.06726074,-84.56634000,-82.07169000
2.06787109,-84.08965000,-74.94303000
2.06848145,-83.03899000,-75.90002000
2.06909180,-86.61607000,-79.41663000
2.06970215,-100.26940000,-71.56618000
2.07031250,-105.78930000,-69.84632000
2.07092285,-105.53130000,-69.28029000
2.07153320,-96.38904000,-71.13544000
2.07214355,-94.52672000,-75.53247000
2.07275391,-89.97646000,-81.39983000
2.07336426,-82.76929000,-74.92789000
2.07397461,-82.00992000,-75.21609000
2.07458496,-82.40506000,-72.35709000
2.07519531,-84.72177000,-68.40774000
2.07580566,-89.99258000,-69.78445000
2.07641602,-95.73927000,-78.90936000
2.07702637,-94.11572000,-75.30433000
2.07763672,-91.70163000,-78.09781000
2.07824707,-88.63090000,-73.27057000
2.07885742,-89.96880000,-70.65306000
2.07946777,-96.03233000,-73.34819000
2.08007813,-98.53476000,-81.96770000
2.08068848,-99.18022000,-86.75663000
2.08129883,-88.24123000,-87.72525000
2.08190918,-87.75127000,-90.84875000
2.08251953,-97.15196000,-84.67770000
2.08312988,-91.06291000,-80.63076000
2.08374023,-86.72643000,-93.77053000
2.08435059,-90.35593000,-72.60022000
2.08496094,-95.12031000,-69.03361000
2.08557129,-88.36459000,-72.72334000
2.08618164,-89.11539000,-79.16440000
2.08679199,-88.76827000,-80.44402000
2.08740234,-89.99345000,-86.32323000
2.08801270,-100.64760000,-77.98016000
2.08862305,-95.17061000,-72.88587000
2.08923340,-91.93436000,-68.93994000
2.08984375,-92.55707000,-71.18830000
2.09045410,-103.90800000,-71.62497000
2.09106445,-90.20680000,-68.58012000
2.09167480,-88.77186000,-68.59389000
2.09228516,-101.71010000,-72.14465000
2.09289551,-91.41335000,-73.69109000
2.09350586,-88.24239000,-73.93436000
2.09411621,-86.33488000,-76.37175000
2.09472656,-88.09282000,-74.61986000
2.09533691,-94.49649000,-71.43758000
2.09594727,-90.56381000,-70.77253000
2.09655762,-91.66821000,-72.65279000
2.09716797,-93.28810000,-74.38763000
2.09777832,-96.95179000,-81.70142000
2.09838867,-97.76763000,-78.87851000
2.09899902,-93.55081000,-81.91193000
2.09960938,-88.37358000,-76.20002000
2.10021973,-86.03405000,-76.11082000
2.10083008,-89.85165000,-80.77106000
2.10144043,-105.47180000,-82.21978000
2.10205078,-100.81730000,-75.36014000
2.10266113,-90.82638000,-84.29256000
2.10327148,-87.96348000,-80.59029000
2.10388184,-93.88634000,-81.11505000
2.10449219,-100.02080000,-83.90880000
2.10510254,-92.92309000,-75.45589000
2.10571289,-89.67581000,-72.72704000
2.10632324,-88.67466000,-69.27506000
2.10693359,-86.60387000,-69.09310000
2.10754395,-84.32697000,-78.11333000
2.10815430,-86.21059000,-75.26315000
2.10876465,-91.23132000,-86.58148000
2.10937500,-90.83976000,-69.48240000
2.10998535,-93.57600000,-68.34561000
2.11059570,-101.28710000,-74.44961000
2.11120605,-94.03441000,-75.23798000
2.11181641,-94.10087000,-75.81873000
2.11242676,-92.45248000,-86.09189000
2.11303711,-87.42901000,-81.24245000
2.11364746,-86.62909000,-75.74249000
2.11425781,-88.99670000,-73.50769000
2.11486816,-93.78661000,-74.58111000
2.11547852,-96.35583000,-79.64643000
2.11608887,-87.73740000,-77.34958000
2.11669922,-86.36571000,-72.34857000
2.11730957,-85.47710000,-74.56371000
2.11791992,-88.80035000,-86.65320000
2.11853027,-89.08516000,-84.73723000
2.11914063,-84.37392000,-79.13798000
2.11975098,-86.68793000,-71.23756000
2.12036133,-94.90211000,-70.73065000
2.12097168,-100.73360000,-74.19295000
2.12158203,-92.95861000,-71.56276000
2.12219238,-92.83276000,-72.91290000
2.12280273,-99.42717000,-70.78802000
2.12341309,-101.28340000,-72.35512000
2.12402344,-95.25410000,-75.82622000
2.12463379,-93.15488000,-73.86206000
2.12524414,-92.27108000,-71.50678000
2.12585449,-102.11740000,-72.33985000
2.12646484,-96.80434000,-79.49970000
2.12707520,-93.36227000,-76.21227000
2.12768555,-97.34147000,-73.27365000
2.12829590,-92.55791000,-77.58418000
2.12890625,-87.77170000,-73.27828000
2.12951660,-89.38898000,-71.78001000
2.13012695,-96.11046000,-74.63840000
2.13073730,-100.60120000,-85.55412000
2.13134766,-87.83385000,-85.74704000
2.13195801,-85.16154000,-79.21348000
2.13256836,-87.37568000,-76.52543000
2.13317871,-94.53907000,-76.18675000
2.13378906,-87.16549000,-75.26620000
2.13439941,-87.07365000,-73.07998000
2.13500977,-93.79353000,-75.76753000
2.13562012,-103.87930000,-76.60316000
2.13623047,-93.15599000,-78.12937000
2.13684082,-84.96942000,-74.04538000
2.13745117,-85.03654000,-72.43446000
2.13806152,-89.57523000,-74.64314000
2.13867188,-92.58910000,-75.22986000
2.13928223,-96.46262000,-78.90662000
2.13989258,-94.24312000,-79.51810000
2.14050293,-90.95760000,-81.20655000
2.14111328,-87.80931000,-74.52921000
2.14172363,-83.61767000,-73.29230000
2.14233398,-84.45950000,-72.68834000
2.14294434,-88.26588000,-69.13753000
2.14355469,-88.09642000,-69.63826000
2.14416504,-93.60818000,-74.67334000
2.14477539,-87.76819000,-76.11215000
2.14538574,-85.21720000,-74.84200000
2.14599609,-89.97341000,-70.99718000
2.14660645,-94.07574000,-69.14112000
2.14721680,-95.29141000,-71.73606000
2.14782715,-96.18762000,-74.18947000
2.14843750,-95.09273000,-73.34481000
2.14904785,-99.04987000,-70.41508000
2.14965820,-96.75853000,-71.22695000
2.15026855,-96.04362000,-79.24180000
2.15087891,-95.39826000,-69.12982000
2.15148926,-89.86235000,-69.58090000
2.15209961,-91.07413000,-70.50876000
2.15270996,-92.81396000,-73.45388000
2.15332031,-89.35477000,-80.19632000
2.15393066,-86.57747000,-90.10991000
2.15454102,-94.66056000,-74.08270000
2.15515137,-87.92290000,-70.33893000
2.15576172,-86.52777000,-73.61331000
2.15637207,-91.20332000,-78.14253000
2.15698242,-99.13659000,-87.05628000
2.15759277,-92.68417000,-78.11807000
2.15820313,-95.62507000,-79.45861000
2.15881348,-96.67896000,-80.03292000
2.15942383,-87.20035000,-73.54091000
2.16003418,-86.33782000,-68.80523000
2.16064453,-97.38463000,-69.32114000
2.16125488,-92.41527000,-71.85836000
2.16186523,-89.80904000,-73.27628000
2.16247559,-88.16069000,-79.48663000
2.16308594,-89.17258000,-83.72647000
2.16369629,-92.42543000,-85.37711000
2.16430664,-92.83705000,-78.88416000
2.16491699,-98.98676000,-70.61312000
2.16552734,-91.19378000,-73.67482000
2.16613770,-90.71837000,-82.42905000
2.16674805,-92.72910000,-76.00089000
2.16735840,-90.38315000,-71.09934000
2.16796875,-85.78156000,-68.87653000
2.16857910,-84.85511000,-69.81277000
2.16918945,-86.76257000,-75.18645000
2.16979980,-87.53011000,-76.70943000
2.17041016,-86.46632000,-72.13386000
2.17102051,-87.18154000,-76.89557000
2.17163086,-94.11702000,-79.62731000
2.17224121,-96.41143000,-68.45951000
2.17285156,-101.66030000,-69.83384000
2.17346191,-100.90870000,-84.06815000
2.17407227,-92.97713000,-72.82673000
2.17468262,-89.27629000,-71.70881000
2.17529297,-92.65641000,-75.17667000
2.17590332,-93.92451000,-85.86994000
2.17651367,-87.81590000,-78.64960000
2.17712402,-85.60730000,-75.69428000
2.17773438,-90.11143000,-79.76781000
2.17834473,-100.16320000,-72.73912000
2.17895508,-93.77338000,-77.75825000
2.17956543,-90.90363000,-75.93852000
2.18017578,-92.93677000,-70.91553000
2.18078613,-95.17593000,-70.90408000
2.18139648,-93.05553000,-85.26216000
2.18200684,-106.08500000,-77.44879000
2.18261719,-92.81020000,-76.33785000
2.18322754,-91.87900000,-76.51160000
2.18383789,-100.40110000,-92.79643000
2.18444824,-94.12988000,-70.60394000
2.18505859,-100.97240000,-67.02303000
2.18566895,-89.75399000,-72.59055000
2.18627930,-94.78303000,-74.81976000
2.18688965,-93.72415000,-69.92495000
2.18750000,-90.79823000,-70.30388000
2.18811035,-91.51505000,-73.07095000
2.18872070,-86.66001000,-78.53023000
2.18933105,-80.65243000,-79.43375000
2.18994141,-83.19202000,-76.33155000
2.19055176,-88.32285000,-81.83949000
2.19116211,-87.12396000,-77.63309000
2.19177246,-86.94439000,-76.43297000
2.19238281,-90.04108000,-76.70694000
2.19299316,-95.02672000,-81.53011000
2.19360352,-84.22546000,-73.10718000
2.19421387,-75.83215000,-68.18340000
2.19482422,-76.58575000,-70.37162000
2.19543457,-86.15836000,-77.44440000
2.19604492,-88.60101000,-74.78363000
2.19665527,-92.79557000,-75.55641000
2.19726563,-99.45132000,-82.60018000
2.19787598,-90.05534000,-87.49599000
2.19848633,-89.80004000,-83.47588000
2.19909668,-91.63617000,-77.67419000
2.19970703,-86.66812000,-74.07324000
2.20031738,-85.34445000,-70.26292000
2.20092773,-85.28598000,-69.08273000
2.20153809,-87.95233000,-73.05762000
2.20214844,-88.17344000,-77.23923000
2.20275879,-87.39563000,-75.96011000
2.20336914,-90.95403000,-81.22705000
2.20397949,-95.70346000,-90.29019000
2.20458984,-96.68881000,-85.77785000
2.20520020,-93.33015000,-73.01990000
2.20581055,-95.54177000,-68.43795000
2.20642090,-97.97433000,-66.57422000
2.20703125,-91.03937000,-66.17651000
2.20764160,-84.23682000,-66.97258000
2.20825195,-82.38232000,-66.35059000
2.20886230,-85.01917000,-67.98519000
2.20947266,-91.16611000,-77.42762000
2.21008301,-90.42982000,-78.12406000
2.21069336,-95.76036000,-79.02148000
2.21130371,-95.50743000,-76.05238000
2.21191406,-90.99107000,-71.11217000
2.21252441,-89.59596000,-72.26607000
2.21313477,-91.54944000,-83.52531000
2.21374512,-100.32420000,-84.90160000
2.21435547,-98.38185000,-74.48743000
2.21496582,-93.23756000,-71.90773000
2.21557617,-95.93312000,-70.28427000
2.21618652,-92.79416000,-71.52342000
2.21679688,-91.38673000,-78.65731000
2.21740723,-98.61928000,-93.53973000
2.21801758,-100.95460000,-78.54521000
2.21862793,-97.85181000,-69.70890000
2.21923828,-87.77940000,-69.53610000
2.21984863,-85.75197000,-74.02406000
2.22045898,-89.20487000,-77.33900000
2.22106934,-97.02005000,-76.96600000
2.22167969,-89.13208000,-77.51223000
2.22229004,-86.69081000,-85.52845000
2.22290039,-89.29715000,-81.83789000
2.22351074,-89.75473000,-77.75762000
2.22412109,-92.37428000,-75.18402000
2.22473145,-92.94614000,-80.49998000
2.22534180,-91.37988000,-72.69353000
2.22595215,-88.37513000,-72.18195000
2.22656250,-86.74382000,-71.03234000
2.22717285,-93.20714000,-70.45325000
2.22778320,-88.76685000,-74.60937000
2.22839355,-85.51793000,-75.47192000
2.22900391,-85.25181000,-90.85696000
2.22961426,-82.58464000,-72.21696000
2.23022461,-81.86790000,-69.38004000
2.23083496,-82.77324000,-71.94409000
2.23144531,-85.15607000,-78.23753000
2.23205566,-92.24483000,-77.65034000
2.23266602,-98.83914000,-70.10887000
2.23327637,-94.21997000,-70.99381000
2.23388672,-93.97179000,-75.01376000
2.23449707,-100.76190000,-67.38571000
2.23510742,-102.10610000,-68.42654000
2.23571777,-96.35652000,-78.56431000
2.23632813,-87.75860000,-74.02311000
2.23693848,-84.81274000,-68.63502000
2.23754883,-89.31506000,-71.28024000
2.23815918,-94.11546000,-79.11366000
2.23876953,-89.09666000,-78.65776000
2.23937988,-87.39758000,-76.44548000
2.23999023,-87.43803000,-78.56742000
2.24060059,-87.54590000,-77.32934000
2.24121094,-87.24517000,-79.88677000
2.24182129,-93.53783000,-87.52059000
2.24243164,-94.25386000,-73.34451000
2.24304199,-86.94030000,-76.58580000
2.24365234,-85.93330000,-86.83517000
2.24426270,-87.72173000,-79.24388000
2.24487305,-88.21709000,-70.40762000
2.24548340,-89.07422000,-69.64509000
2.24609375,-90.62683000,-73.92992000
2.24670410,-105.96500000,-79.97038000
2.24731445,-93.11163000,-74.09274000
2.24792480,-91.00383000,-74.48902000
2.24853516,-98.58330000,-80.61500000
2.24914551,-89.08501000,-80.61716000
2.24975586,-84.68204000,-80.71231000
2.25036621,-82.35316000,-77.39439000
2.25097656,-82.51273000,-72.17387000
2.25158691,-86.64666000,-73.13305000
2.25219727,-95.79597000,-80.50716000
2.25280762,-95.81165000,-73.64404000
2.25341797,-95.11348000,-74.66048000
2.25402832,-97.26929000,-79.74799000
2.25463867,-96.43517000,-82.41692000
2.25524902,-92.90073000,-76.45717000
2.25585938,-95.23856000,-73.51211000
2.25646973,-90.93871000,-71.89482000
2.25708008,-91.12262000,-72.53951000
2.25769043,-86.66558000,-73.72054000
2.25830078,-84.82680000,-74.95907000
2.25891113,-87.44293000,-77.48663000
2.25952148,-96.26046000,-80.14262000
2.26013184,-98.06139000,-79.61100000
2.26074219,-97.19077000,-68.67796000
2.26135254,-93.59337000,-67.75590000
2.26196289,-87.10140000,-68.48466000
2.26257324,-86.75523000,-70.22843000
2.26318359,-91.45866000,-75.39130000
2.26379395,-106.45560000,-78.16827000
2.26440430,-94.22420000,-82.44514000
2.26501465,-92.46654000,-79.80013000
2.26562500,-97.59212000,-77.14362000
2.26623535,-92.25127000,-85.91777000
2.26684570,-87.78201000,-81.75607000
2.26745605,-86.44012000,-75.30415000
2.26806641,-84.26537000,-71.22699000
2.26867676,-84.05784000,-70.20482000
2.26928711,-85.22271000,-71.08669000
2.26989746,-85.58156000,-75.37221000
2.27050781,-89.53842000,-75.21888000
2.27111816,-96.65664000,-72.75678000
2.27172852,-89.59145000,-68.85139000
2.27233887,-92.56665000,-70.50723000
2.27294922,-92.39972000,-79.50214000
2.27355957,-88.32356000,-76.62613000
2.27416992,-88.40126000,-78.25893000
2.27478027,-88.94347000,-76.38042000
2.27539063,-87.10005000,-72.46590000
2.27600098,-90.09380000,-72.26882000
2.27661133,-95.57099000,-71.95834000
2.27722168,-91.07100000,-74.26425000
2.27783203,-93.25070000,-85.91560000
2.27844238,-97.52654000,-76.83484000
2.27905273,-95.24517000,-70.62994000
2.27966309,-96.78476000,-71.56474000
2.28027344,-101.92600000,-74.51337000
2.28088379,-102.36660000,-74.37099000
2.28149414,-105.50390000,-74.92232000
2.28210449,-100.28260000,-70.83029000
2.28271484,-96.88961000,-70.38881000
2.28332520,-102.78860000,-75.10652000
2.28393555,-111.12580000,-73.47343000
2.28454590,-94.09372000,-71.54357000
2.28515625,-87.29681000,-78.12381000
2.28576660,-87.38288000,-75.02602000
2.28637695,-92.33827000,-71.68520000
2.28698730,-91.69379000,-78.75096000
2.28759766,-88.80111000,-80.22612000
2.28820801,-92.63599000,-83.35451000
2.28881836,-93.17723000,-80.07605000
2.28942871,-87.05762000,-74.70466000
2.29003906,-89.74034000,-75.97834000
2.29064941,-102.26510000,-79.17697000
2.29125977,-97.29519000,-75.16405000
2.29187012,-94.04682000,-72.50597000
2.29248047,-94.36141000,-69.33604000
2.29309082,-89.32848000,-67.35027000
2.29370117,-91.42915000,-69.11189000
2.29431152,-85.08713000,-73.31587000
2.29492188,-86.43945000,-74.35976000
2.29553223,-98.30741000,-73.58464000
2.29614258,-92.66650000,-75.21973000
2.29675293,-100.91250000,-80.11788000
2.29736328,-93.14636000,-78.36761000
2.29797363,-92.64607000,-76.70693000
2.29858398,-99.00024000,-76.11129000
2.29919434,-88.71136000,-75.75877000
2.29980469,-88.50891000,-79.53469000
2.30041504,-90.37990000,-93.41772000
2.30102539,-93.34064000,-81.59230000
2.30163574,-97.80785000,-75.24186000
2.30224609,-100.25990000,-78.15427000
2.30285645,-87.78461000,-73.68330000
2.30346680,-88.50498000,-66.23139000
2.30407715,-87.68810000,-66.38662000
2.30468750,-87.37052000,-74.03362000
2.30529785,-109.66860000,-76.47571000
2.30590820,-89.88876000,-84.58691000
2.30651855,-89.98312000,-78.34982000
2.30712891,-91.62711000,-75.36347000
2.30773926,-86.80119000,-78.60152000
2.30834961,-84.76492000,-76.37879000
2.30895996,-85.81618000,-74.75930000
2.30957031,-91.54433000,-75.00833000
2.31018066,-93.14281000,-74.13145000
2.31079102,-92.66952000,-72.35714000
2.31140137,-92.86647000,-72.39502000
2.31201172,-107.41390000,-74.56184000
2.31262207,-92.06928000,-76.72069000
2.31323242,-86.27362000,-77.58569000
2.31384277,-88.36530000,-79.46786000
2.31445313,-113.91960000,-75.60862000
2.31506348,-97.00957000,-72.30071000
2.31567383,-94.24694000,-71.34566000
2.31628418,-89.25218000,-77.87305000
2.31689453,-88.59674000,-84.14147000
2.31750488,-91.35205000,-81.01526000
2.31811523,-90.37587000,-73.71488000
2.31872559,-91.42967000,-73.41793000
2.31933594,-108.02540000,-78.74299000
2.31994629,-90.83274000,-81.60567000
2.32055664,-88.90021000,-76.48550000
2.32116699,-88.60671000,-94.91383000
2.32177734,-86.28061000,-73.41460000
2.32238770,-85.89578000,-69.11068000
2.32299805,-88.17117000,-72.36607000
2.32360840,-93.87920000,-72.17154000
2.32421875,-106.16130000,-68.43201000
2.32482910,-95.14603000,-69.58891000
2.32543945,-92.39907000,-71.67152000
2.32604980,-91.72848000,-73.56058000
2.32666016,-94.94888000,-70.60830000
2.32727051,-92.38235000,-69.17916000
2.32788086,-96.23047000,-80.80663000
2.32849121,-95.80910000,-75.84664000
2.32910156,-92.92844000,-76.81504000
2.32971191,-95.99461000,-84.80286000
2.33032227,-100.73570000,-75.95597000
2.33093262,-92.71472000,-69.38051000
2.33154297,-87.80534000,-69.61292000
2.33215332,-88.60486000,-79.00584000
2.33276367,-89.24641000,-69.95389000
2.33337402,-90.16762000,-66.47386000
2.33398438,-92.04309000,-68.06260000
2.33459473,-94.72042000,-69.38270000
2.33520508,-93.04562000,-68.40629000
2.33581543,-89.83809000,-72.07680000
2.33642578,-89.81155000,-77.38043000
2.33703613,-91.41591000,-75.74700000
2.33764648,-110.08230000,-74.75224000
2.33825684,-92.99689000,-73.81950000
2.33886719,-91.65455000,-76.67644000
2.33947754,-96.82829000,-74.27411000
2.34008789,-93.67406000,-88.87305000
2.34069824,-96.94133000,-74.90954000
2.34130859,-95.74653000,-78.52354000
2.34191895,-91.23359000,-73.07990000
2.34252930,-90.34171000,-72.33554000
2.34313965,-88.76034000,-78.94214000
2.34375000,-86.82532000,-79.22178000
2.34436035,-85.88057000,-76.38264000
2.34497070,-88.82316000,-74.95597000
2.34558105,-94.14302000,-78.14790000
2.34619141,-89.92237000,-69.32336000
2.34680176,-91.14047000,-67.70789000
2.34741211,-93.26192000,-76.68656000
2.34802246,-89.15398000,-82.76180000
2.34863281,-87.88986000,-76.50774000
2.34924316,-96.78349000,-77.97079000
2.34985352,-96.75313000,-74.26970000
2.35046387,-99.75252000,-71.07820000
2.35107422,-88.60237000,-72.16859000
2.35168457,-85.75065000,-81.74541000
2.35229492,-89.25368000,-90.79247000
2.35290527,-96.67131000,-81.96427000
2.35351563,-98.53806000,-75.56732000
2.35412598,-108.96800000,-69.38062000
2.35473633,-94.34236000,-72.16035000
2.35534668,-87.62971000,-80.29457000
2.35595703,-85.28640000,-75.65607000
2.35656738,-86.06571000,-75.33572000
2.35717773,-89.80966000,-74.47913000
2.35778809,-103.07180000,-68.83519000
2.35839844,-96.81184000,-66.90343000
2.35900879,-93.43088000,-68.50476000
2.35961914,-92.17209000,-71.14111000
2.36022949,-93.18845000,-72.82349000
2.36083984,-99.39709000,-73.77371000
2.36145020,-93.14799000,-90.38414000
2.36206055,-93.53870000,-74.47855000
2.36267090,-93.84558000,-71.82735000
2.36328125,-101.39640000,-69.22098000
2.36389160,-96.14277000,-70.65915000
2.36450195,-97.19058000,-74.05043000
2.36511230,-111.48890000,-76.83154000
2.36572266,-92.72948000,-70.21387000
2.36633301,-88.80112000,-72.66353000
2.36694336,-88.37617000,-76.07034000
2.36755371,-85.64723000,-71.56593000
2.36816406,-84.97881000,-77.59624000
2.36877441,-88.01445000,-74.47599000
2.36938477,-93.14353000,-71.66331000
2.36999512,-90.44081000,-80.41542000
2.37060547,-87.27561000,-82.08535000
2.37121582,-89.52110000,-78.20544000
2.37182617,-91.30661000,-91.51260000
2.37243652,-90.39189000,-89.12667000
2.37304688,-98.58384000,-85.04532000
2.37365723,-98.54697000,-80.73478000
2.37426758,-94.32649000,-75.24743000
2.37487793,-91.49659000,-72.06639000
2.37548828,-95.72870000,-71.49406000
2.37609863,-90.71662000,-76.20007000
2.37670898,-91.24654000,-83.99326000
2.37731934,-96.08634000,-78.08663000
2.37792969,-101.62560000,-79.92342000
2.37854004,-112.72400000,-73.24563000
2.37915039,-96.77208000,-77.30963000
2.37976074,-97.43382000,-88.48611000
2.38037109,-101.10510000,-79.97653000
2.38098145,-97.92243000,-76.25456000
2.38159180,-109.61380000,-80.39651000
2.38220215,-96.00887000,-72.72787000
2.38281250,-101.36800000,-87.95625000
2.38342285,-97.61932000,-71.15305000
2.38403320,-94.98369000,-68.62009000
2.38464355,-97.59907000,-74.88096000
2.38525391,-91.27609000,-75.04460000
2.38586426,-87.53110000,-70.86267000
2.38647461,-89.85710000,-72.95128000
2.38708496,-106.35590000,-79.07172000
2.38769531,-92.53285000,-88.13968000
2.38830566,-92.44795000,-74.57544000
2.38891602,-86.97099000,-71.59023000
2.38952637,-88.70274000,-79.70941000
2.39013672,-100.81840000,-80.41678000
2.39074707,-108.65860000,-73.61467000
2.39135742,-104.00820000,-73.17286000
2.39196777,-96.07121000,-79.84780000
2.39257813,-96.91494000,-76.10204000
2.39318848,-96.79271000,-72.53982000
2.39379883,-90.72681000,-76.21067000
2.39440918,-87.67796000,-75.40364000
2.39501953,-92.45949000,-77.64566000
2.39562988,-92.45957000,-79.29374000
2.39624023,-91.78865000,-70.94708000
2.39685059,-93.73229000,-75.48650000
2.39746094,-93.69208000,-79.16479000
2.39807129,-91.34201000,-72.30289000
2.39868164,-89.93637000,-73.94842000
2.39929199,-89.70513000,-76.37843000
2.39990234,-84.95907000,-71.02489000
2.40051270,-86.10251000,-74.89386000
2.40112305,-89.25328000,-76.74950000
2.40173340,-89.53239000,-73.87016000
2.40234375,-90.59513000,-75.35048000
2.40295410,-90.33293000,-79.10556000
2.40356445,-100.18190000,-70.58319000
2.40417480,-95.08284000,-69.42355000
2.40478516,-93.06906000,-77.55847000
2.40539551,-96.82250000,-80.70628000
2.40600586,-102.30640000,-73.10990000
2.40661621,-96.17575000,-71.73308000
2.40722656,-99.96625000,-77.13703000
2.40783691,-97.75450000,-76.45857000
2.40844727,-89.75685000,-72.52003000
2.40905762,-89.23938000,-78.95643000
2.40966797,-99.18732000,-82.52304000
2.41027832,-87.89838000,-77.71592000
2.41088867,-88.06290000,-85.96299000
2.41149902,-98.17993000,-75.26604000
2.41210938,-98.30085000,-69.46971000
2.41271973,-93.77616000,-73.39528000
2.41333008,-87.78067000,-71.38110000
2.41394043,-87.36078000,-73.10950000
2.41455078,-93.31837000,-88.17758000
2.41516113,-100.06440000,-74.67645000
2.41577148,-91.46043000,-73.68785000
2.41638184,-86.29864000,-77.08945000
2.41699219,-85.02066000,-77.50176000
2.41760254,-85.55939000,-75.73474000
2.41821289,-93.22219000,-74.43224000
2.41882324,-92.66647000,-73.64554000
2.41943359,-88.65958000,-77.32510000
2.42004395,-97.78749000,-77.94836000
2.42065430,-96.62682000,-72.24841000
2.42126465,-100.75330000,-71.67291000
2.42187500,-97.12188000,-72.28561000
2.42248535,-89.52986000,-82.78072000
2.42309570,-89.86382000,-81.30240000
2.42370605,-100.06310000,-83.69988000
2.42431641,-98.33823000,-79.57879000
2.42492676,-94.17654000,-74.79453000
2.42553711,-93.47691000,-74.60912000
2.42614746,-93.65175000,-72.77821000
2.42675781,-98.71827000,-77.63544000
2.42736816,-89.57561000,-84.75478000
2.42797852,-90.06596000,-75.86922000
2.42858887,-92.21689000,-80.99927000
2.42919922,-90.03018000,-72.54561000
2.42980957,-91.95259000,-67.57340000
2.43041992,-95.39700000,-69.11864000
2.43103027,-89.86427000,-73.02406000
2.43164063,-87.72876000,-77.88526000
2.43225098,-94.07526000,-72.61029000
2.43286133,-88.14174000,-73.61480000
2.43347168,-92.52966000,-81.38354000
2.43408203,-85.98746000,-79.68282000
2.43469238,-85.30757000,-75.21696000
2.43530273,-90.46132000,-74.04640000
2.43591309,-89.41641000,-75.91676000
2.43652344,-88.02665000,-82.99182000
2.43713379,-93.69243000,-73.96604000
2.43774414,-97.24608000,-70.02461000
2.43835449,-99.70409000,-73.85312000
2.43896484,-96.68632000,-84.64212000
2.43957520,-102.74230000,-73.93822000
2.44018555,-97.13921000,-74.51453000
2.44079590,-90.66154000,-78.52367000
2.44140625,-92.84669000,-72.42568000
2.44201660,-94.52477000,-72.84215000
2.44262695,-89.70876000,-87.12539000
2.44323730,-88.72906000,-81.59364000
2.44384766,-100.04820000,-73.28495000
2.44445801,-93.61368000,-69.99032000
2.44506836,-99.10217000,-72.99184000
2.44567871,-89.08324000,-81.28693000
2.44628906,-87.14862000,-86.31100000
2.44689941,-90.65220000,-69.48484000
2.44750977,-94.40846000,-67.84119000
2.44812012,-94.26234000,-71.18338000
2.44873047,-93.46628000,-78.48174000
2.44934082,-90.00968000,-83.27889000
2.44995117,-87.86856000,-77.56084000
2.45056152,-90.70846000,-75.62008000
2.45117188,-96.65775000,-74.07453000
2.45178223,-94.83310000,-78.24153000
2.45239258,-88.79205000,-77.15959000
2.45300293,-87.74060000,-70.23797000
2.45361328,-92.99661000,-67.16071000
2.45422363,-99.83021000,-65.72115000
2.45483398,-95.03228000,-69.23855000
2.45544434,-86.83588000,-85.86707000
2.45605469,-85.61896000,-76.61398000
2.45666504,-87.60590000,-73.48550000
2.45727539,-92.01524000,-69.96571000
2.45788574,-95.05410000,-69.78835000
2.45849609,-113.70240000,-71.49449000
2.45910645,-86.71207000,-72.71484000
2.45971680,-82.23970000,-74.57758000
2.46032715,-84.16714000,-74.07981000
2.46093750,-91.41057000,-71.12723000
2.46154785,-106.21430000,-72.26997000
2.46215820,-95.58891000,-77.09510000
2.46276855,-93.23124000,-72.69270000
2.46337891,-91.15993000,-72.41475000
2.46398926,-89.27670000,-76.25159000
2.46459961,-90.82878000,-79.89238000
2.46520996,-107.93370000,-74.27332000
2.46582031,-100.13590000,-75.66223000
2.46643066,-108.00480000,-76.44011000
2.46704102,-95.66116000,-74.21594000
2.46765137,-89.91886000,-76.37361000
2.46826172,-94.79661000,-77.50602000
2.46887207,-121.82360000,-73.23545000
2.46948242,-98.31216000,-72.26615000
2.47009277,-94.13641000,-71.86929000
2.47070313,-93.04417000,-71.25513000
2.47131348,-86.28088000,-73.52332000
2.47192383,-83.29008000,-74.16053000
2.47253418,-86.21078000,-79.80086000
2.47314453,-99.56954000,-72.98734000
2.47375488,-94.07864000,-70.47727000
2.47436523,-101.69130000,-75.38333000
2.47497559,-87.52133000,-74.43747000
2.47558594,-86.89618000,-72.07145000
2.47619629,-91.53774000,-80.10415000
2.47680664,-93.95943000,-81.45506000
2.47741699,-90.26196000,-75.53788000
2.47802734,-90.85703000,-75.03986000
2.47863770,-93.68201000,-78.74120000
2.47924805,-97.58466000,-70.17844000
2.47985840,-95.52055000,-70.30483000
2.48046875,-96.10846000,-71.80968000
2.48107910,-92.05338000,-73.19497000
2.48168945,-91.23499000,-79.32380000
2.48229980,-97.36961000,-76.75750000
2.48291016,-110.79210000,-71.32925000
2.48352051,-96.24802000,-68.41689000
2.48413086,-92.98164000,-68.11395000
2.48474121,-95.78497000,-73.79106000
2.48535156,-99.23300000,-85.85580000
2.48596191,-95.58214000,-77.38507000
2.48657227,-88.93533000,-77.53387000
2.48718262,-88.18323000,-85.05519000
2.48779297,-94.06590000,-78.03933000
2.48840332,-110.70600000,-92.29845000
2.48901367,-85.04453000,-71.80732000
2.48962402,-82.04512000,-71.47468000
2.49023438,-86.87386000,-80.06030000
2.49084473,-88.31172000,-82.75241000
2.49145508,-89.21365000,-82.79122000
2.49206543,-100.21700000,-83.04694000
2.49267578,-95.97175000,-75.74487000
2.49328613,-94.00233000,-78.23882000
2.49389648,-83.68423000,-82.03357000
2.49450684,-79.16213000,-77.71176000
2.49511719,-86.93129000,-71.61493000
2.49572754,-102.93520000,-66.95858000
2.49633789,-92.02036000,-66.45259000
2.49694824,-96.41812000,-71.72015000
2.49755859,-91.78757000,-79.84649000
2.49816895,-91.58350000,-76.59074000
2.49877930,-97.28706000,-77.84169000
2.49938965,-97.39663000,-78.86217000
2.50000000,-87.27439000,-78.74739000
2.50061035,-85.27477000,-84.48309000
2.50122070,-85.27155000,-80.08633000
2.50183105,-86.19637000,-78.15663000
2.50244141,-88.56934000,-74.86752000
2.50305176,-95.27348000,-75.97884000
2.50366211,-96.04305000,-87.78297000
2.50427246,-99.08092000,-80.54419000
2.50488281,-95.63426000,-79.33310000
2.50549316,-92.26703000,-77.71445000
2.50610352,-96.35439000,-104.61640000
2.50671387,-92.17146000,-86.23561000
2.50732422,-88.71436000,-85.19522000
2.50793457,-92.21970000,-77.69017000
2.50854492,-99.05554000,-71.14666000
2.50915527,-101.68600000,-72.02944000
2.50976563,-92.60231000,-85.57937000
2.51037598,-93.69374000,-75.01798000
2.51098633,-101.59460000,-72.20021000
2.51159668,-95.27779000,-72.28362000
2.51220703,-104.53540000,-80.04028000
2.51281738,-93.34789000,-67.27718000
2.51342773,-89.98907000,-67.46065000
2.51403809,-91.58488000,-72.78402000
2.51464844,-88.49064000,-74.12584000
2.51525879,-87.68790000,-80.89055000
2.51586914,-93.25962000,-86.07876000
2.51647949,-94.44829000,-77.18261000
2.51708984,-92.56099000,-73.68188000
2.51770020,-94.81969000,-72.75415000
2.51831055,-103.50620000,-70.01041000
2.51892090,-103.04920000,-69.08412000
2.51953125,-95.34883000,-74.27253000
2.52014160,-90.03743000,-80.36559000
2.52075195,-96.29317000,-81.49908000
2.52136230,-97.39607000,-78.63989000
2.52197266,-96.68564000,-77.95856000
2.52258301,-102.82660000,-91.02893000
2.52319336,-92.40446000,-78.90423000
2.52380371,-98.04872000,-72.28186000
2.52441406,-100.15310000,-72.83144000
2.52502441,-95.23055000,-73.44206000
2.52563477,-87.64294000,-71.63473000
2.52624512,-88.42942000,-70.46754000
2.52685547,-93.69461000,-73.31556000
2.52746582,-91.55769000,-73.76019000
2.52807617,-89.87782000,-73.28100000
2.52868652,-91.54155000,-73.59045000
2.52929688,-93.85781000,-76.53346000
2.52990723,-98.28156000,-73.33476000
2.53051758,-101.39810000,-71.59792000
2.53112793,-99.15771000,-74.69964000
2.53173828,-94.29979000,-82.90593000
2.53234863,-88.52111000,-74.50695000
2.53295898,-90.93219000,-74.01390000
2.53356934,-98.98782000,-73.46093000
2.53417969,-91.06863000,-74.31604000
2.53479004,-93.55988000,-76.41902000
2.53540039,-111.15380000,-77.88014000
2.53601074,-92.90753000,-77.93463000
2.53662109,-87.21656000,-80.85347000
2.53723145,-86.56395000,-74.52563000
2.53784180,-89.07857000,-78.02330000
2.53845215,-88.62896000,-84.16208000
2.53906250,-88.62526000,-79.18555000
2.53967285,-90.96699000,-75.82364000
2.54028320,-93.89696000,-74.53805000
2.54089355,-94.25819000,-77.83080000
2.54150391,-94.90239000,-76.10703000
2.54211426,-100.61190000,-78.05672000
2.54272461,-90.37859000,-74.54381000
2.54333496,-92.22073000,-72.02597000
2.54394531,-103.13460000,-80.64190000
2.54455566,-92.48662000,-78.84141000
2.54516602,-94.90779000,-79.00869000
2.54577637,-95.43941000,-79.53262000
2.54638672,-92.99984000,-78.05678000
2.54699707,-93.15527000,-83.79250000
2.54760742,-92.72475000,-71.52958000
2.54821777,-89.81335000,-73.66019000
2.54882813,-88.00271000,-76.51517000
2.54943848,-89.27565000,-73.93967000
2.55004883,-86.04362000,-75.45419000
2.55065918,-86.36964000,-74.24712000
2.55126953,-97.50574000,-68.95379000
2.55187988,-91.75583000,-70.52969000
2.55249023,-87.84349000,-71.04231000
2.55310059,-90.99852000,-70.88893000
2.55371094,-96.41526000,-74.55051000
2.55432129,-89.71820000,-77.63403000
2.55493164,-92.89415000,-77.89399000
2.55554199,-98.22505000,-83.86961000
2.55615234,-91.02727000,-78.68185000
2.55676270,-87.25605000,-72.15408000
2.55737305,-86.10388000,-72.68337000
2.55798340,-87.87354000,-78.38535000
2.55859375,-89.32283000,-95.28034000
2.55920410,-91.79717000,-74.87215000
2.55981445,-95.51762000,-71.31814000
2.56042480,-109.16160000,-69.02509000
2.56103516,-99.14841000,-65.64653000
2.56164551,-103.65070000,-65.32027000
2.56225586,-92.24181000,-69.22157000
2.56286621,-91.74514000,-75.65984000
2.56347656,-95.89379000,-69.35409000
2.56408691,-110.50910000,-69.76420000
2.56469727,-91.79765000,-72.29615000
2.56530762,-90.12091000,-73.93076000
2.56591797,-96.87767000,-73.67139000
2.56652832,-94.98504000,-66.98116000
2.56713867,-90.82869000,-67.64120000
2.56774902,-91.07202000,-76.38228000
2.56835938,-90.59045000,-76.43610000
2.56896973,-85.06258000,-74.35799000
2.56958008,-80.60973000,-72.09274000
2.57019043,-80.42258000,-74.00290000
2.57080078,-86.87172000,-75.46870000
2.57141113,-130.10280000,-75.48869000
2.57202148,-98.45069000,-73.53576000
2.57263184,-89.52984000,-74.03999000
2.57324219,-83.43410000,-70.96030000
2.57385254,-82.14798000,-69.18026000
2.57446289,-86.86504000,-68.38380000
2.57507324,-97.96066000,-70.54151000
2.57568359,-91.90770000,-71.20404000
2.57629395,-98.78143000,-75.60882000
2.57690430,-87.36433000,-80.93719000
2.57751465,-87.42943000,-73.46399000
2.57812500,-92.24808000,-73.91707000
2.57873535,-88.64867000,-77.95447000
2.57934570,-90.71679000,-73.12206000
2.57995605,-96.02363000,-74.71723000
2.58056641,-104.62900000,-79.27992000
2.58117676,-96.36739000,-72.91095000
2.58178711,-92.57478000,-74.54627000
2.58239746,-89.83113000,-75.91682000
2.58300781,-89.04748000,-71.03999000
2.58361816,-92.49100000,-70.91065000
2.58422852,-92.17973000,-79.46101000
2.58483887,-89.17639000,-77.18837000
2.58544922,-88.56261000,-72.88203000
2.58605957,-89.15229000,-75.88930000
2.58666992,-92.17881000,-82.64632000
2.58728027,-87.15280000,-101.07600000
2.58789063,-86.34920000,-82.90796000
2.58850098,-87.89745000,-74.59445000
2.58911133,-90.99606000,-77.77419000
2.58972168,-104.60910000,-73.32485000
2.59033203,-89.23093000,-69.66218000
2.59094238,-88.77931000,-73.42723000
2.59155273,-89.69173000,-74.03407000
2.59216309,-87.01537000,-75.36071000
2.59277344,-85.23933000,-75.66679000
2.59338379,-87.72470000,-72.84265000
2.59399414,-92.12352000,-76.39146000
2.59460449,-97.09128000,-81.84027000
2.59521484,-95.05742000,-78.70113000
2.59582520,-92.70855000,-74.10542000
2.59643555,-96.35080000,-71.83530000
2.59704590,-89.23901000,-74.14104000
2.59765625,-86.83081000,-74.89233000
2.59826660,-90.16290000,-68.51755000
2.59887695,-99.30098000,-69.04810000
2.59948730,-102.14950000,-81.00352000
2.60009766,-97.56470000,-70.43244000
2.60070801,-93.53540000,-67.44221000
2.60131836,-92.40615000,-69.98232000
2.60192871,-92.17041000,-71.37215000
2.60253906,-96.45100000,-73.33465000
2.60314941,-102.96540000,-77.05474000
2.60375977,-92.90712000,-77.32321000
2.60437012,-86.77850000,-77.11530000
2.60498047,-91.98524000,-76.03505000
2.60559082,-96.26321000,-73.60954000
2.60620117,-93.42754000,-77.57124000
2.60681152,-99.25223000,-85.64553000
2.60742188,-88.70007000,-80.02174000
2.60803223,-87.18048000,-79.60029000
2.60864258,-87.84725000,-75.29398000
2.60925293,-86.97530000,-79.36942000
2.60986328,-88.05932000,-81.18283000
2.61047363,-89.27229000,-75.85806000
2.61108398,-90.97851000,-76.02820000
2.61169434,-108.59020000,-75.32391000
2.61230469,-91.14153000,-78.16925000
2.61291504,-89.29913000,-79.17285000
2.61352539,-93.30186000,-76.65186000
2.61413574,-92.06148000,-84.05754000
2.61474609,-92.86256000,-80.42778000
2.61535645,-96.22598000,-75.01107000
2.61596680,-96.27930000,-76.19218000
2.61657715,-98.16804000,-81.32452000
2.61718750,-89.54704000,-80.02400000
2.61779785,-88.40870000,-83.34012000
2.61840820,-90.48061000,-76.36333000
2.61901855,-93.12396000,-73.97597000
2.61962891,-101.29220000,-80.64167000
2.62023926,-93.21742000,-81.81934000
2.62084961,-92.96703000,-74.64738000
2.62145996,-95.22813000,-73.39143000
2.62207031,-97.44307000,-79.74755000
2.62268066,-93.76228000,-73.15454000
2.62329102,-92.42786000,-74.43475000
2.62390137,-94.68530000,-72.80507000
2.62451172,-94.38209000,-70.66262000
2.62512207,-103.95850000,-72.89415000
2.62573242,-88.73444000,-74.66855000
2.62634277,-84.58805000,-73.65884000
2.62695313,-85.90477000,-77.87341000
2.62756348,-87.86053000,-85.89577000
2.62817383,-90.86484000,-81.43413000
2.62878418,-98.62514000,-79.68170000
2.62939453,-92.88247000,-76.90417000
2.63000488,-85.67459000,-78.92898000
2.63061523,-84.25844000,-70.68504000
2.63122559,-85.74377000,-72.18354000
2.63183594,-80.07509000,-74.92775000
2.63244629,-75.37553000,-72.07822000
2.63305664,-77.83048000,-76.02380000
2.63366699,-85.06044000,-75.45948000
2.63427734,-84.45011000,-68.45988000
2.63488770,-85.80849000,-72.63625000
2.63549805,-93.29572000,-77.87665000
2.63610840,-93.53534000,-86.13731000
2.63671875,-88.90418000,-78.89754000
2.63732910,-93.17342000,-80.78676000
2.63793945,-92.45266000,-76.84364000
2.63854980,-88.90296000,-74.25716000
2.63916016,-90.64473000,-80.05884000
2.63977051,-95.14081000,-76.98260000
2.64038086,-93.54557000,-71.04939000
2.64099121,-91.92188000,-72.30918000
2.64160156,-91.18141000,-69.29397000
2.64221191,-87.29156000,-67.38900000
2.64282227,-85.55497000,-73.07394000
2.64343262,-88.21759000,-72.35327000
2.64404297,-95.12748000,-70.41721000
2.64465332,-94.77972000,-76.40973000
2.64526367,-90.09392000,-74.75417000
2.64587402,-92.81557000,-69.63466000
2.64648438,-89.91479000,-71.29890000
2.64709473,-88.00625000,-74.71444000
2.64770508,-92.13344000,-79.10163000
2.64831543,-96.40601000,-94.99292000
2.64892578,-88.14530000,-74.32431000
2.64953613,-86.64631000,-70.66740000
2.65014648,-82.48989000,-75.84258000
2.65075684,-83.19113000,-73.76913000
2.65136719,-87.41057000,-70.80444000
2.65197754,-101.10040000,-73.80093000
2.65258789,-91.48817000,-73.91193000
2.65319824,-106.79930000,-69.62185000
2.65380859,-96.08922000,-69.11707000
2.65441895,-95.55248000,-73.44967000
2.65502930,-87.68897000,-80.33065000
2.65563965,-85.34009000,-74.07351000
2.65625000,-85.76691000,-67.82761000
2.65686035,-91.11761000,-65.41851000
2.65747070,-104.01050000,-67.69954000
2.65808105,-94.20770000,-76.04472000
2.65869141,-94.06990000,-86.81938000
2.65930176,-91.24181000,-78.92336000
2.65991211,-91.88051000,-74.60880000
2.66052246,-93.81581000,-72.95872000
2.66113281,-91.41493000,-74.20782000
2.66174316,-95.96411000,-73.62321000
2.66235352,-113.12610000,-74.06517000
2.66296387,-102.24580000,-72.97085000
2.66357422,-104.79530000,-73.95660000
2.66418457,-87.29012000,-74.22311000
2.66479492,-81.40201000,-74.31819000
2.66540527,-81.66748000,-84.02450000
2.66601563,-86.23925000,-72.87124000
2.66662598,-86.22722000,-71.79224000
2.66723633,-83.78590000,-88.96358000
2.66784668,-84.90788000,-73.41594000
2.66845703,-89.76630000,-73.40570000
2.66906738,-91.83707000,-71.16022000
2.66967773,-91.42342000,-69.20554000
2.67028809,-92.16981000,-71.44765000
2.67089844,-92.82177000,-71.48707000
2.67150879,-92.97173000,-69.10691000
2.67211914,-91.61143000,-68.43776000
2.67272949,-87.85282000,-71.34035000
2.67333984,-90.19753000,-75.62206000
2.67395020,-97.19303000,-76.09731000
2.67456055,-92.89775000,-84.33899000
2.67517090,-87.04599000,-76.31530000
2.67578125,-84.96246000,-72.25497000
2.67639160,-86.37055000,-69.62176000
2.67700195,-93.47807000,-68.81744000
2.67761230,-95.25542000,-69.90929000
2.67822266,-87.66399000,-71.87770000
2.67883301,-88.58502000,-77.84808000
2.67944336,-97.98906000,-80.33792000
2.68005371,-89.93195000,-74.55153000
2.68066406,-96.61987000,-85.20953000
2.68127441,-98.17860000,-80.79704000
2.68188477,-91.96816000,-76.42535000
2.68249512,-92.89952000,-73.03878000
2.68310547,-94.77782000,-77.06944000
2.68371582,-93.71997000,-80.48824000
2.68432617,-86.10533000,-77.93496000
2.68493652,-82.53113000,-76.71982000
2.68554688,-82.82220000,-74.33188000
2.68615723,-87.27805000,-82.31573000
2.68676758,-87.69578000,-82.36098000
2.68737793,-89.45813000,-74.93636000
2.68798828,-88.30415000,-72.21813000
2.68859863,-82.84980000,-69.73022000
2.68920898,-82.32286000,-68.65800000
2.68981934,-84.61270000,-72.05339000
2.69042969,-90.37959000,-78.17558000
2.69104004,-91.79710000,-82.22150000
2.69165039,-89.50047000,-78.87030000
2.69226074,-85.79202000,-76.66584000
2.69287109,-84.61895000,-70.71129000
2.69348145,-90.94536000,-71.36901000
2.69409180,-91.46814000,-76.76498000
2.69470215,-92.42847000,-75.26736000
2.69531250,-106.30360000,-75.42149000
2.69592285,-91.33564000,-77.75680000
2.69653320,-92.01221000,-80.23113000
2.69714355,-97.25191000,-78.56501000
2.69775391,-91.09756000,-70.94287000
2.69836426,-92.82309000,-68.55370000
2.69897461,-91.50284000,-70.75059000
2.69958496,-89.42834000,-77.86212000
2.70019531,-85.51004000,-73.19322000
2.70080566,-90.54729000,-76.47785000
2.70141602,-97.51221000,-75.89013000
2.70202637,-92.01517000,-83.31639000
2.70263672,-86.63853000,-72.31548000
2.70324707,-90.19001000,-69.41057000
2.70385742,-117.19770000,-71.35163000
2.70446777,-97.77650000,-71.58929000
2.70507813,-92.93970000,-74.18616000
2.70568848,-90.10288000,-81.21357000
2.70629883,-93.32458000,-74.83907000
2.70690918,-100.42470000,-72.49657000
2.70751953,-101.07190000,-76.96429000
2.70812988,-98.59279000,-77.29282000
2.70874023,-101.37730000,-71.54282000
2.70935059,-105.64510000,-80.42056000
2.70996094,-90.94463000,-72.58958000
2.71057129,-88.65401000,-77.87534000
2.71118164,-95.85226000,-78.02114000
2.71179199,-99.49492000,-83.40636000
2.71240234,-98.85398000,-74.67761000
2.71301270,-95.33813000,-68.38217000
2.71362305,-89.72765000,-68.25661000
2.71423340,-87.60857000,-81.57749000
2.71484375,-88.96783000,-72.96615000
2.71545410,-87.71790000,-72.61890000
2.71606445,-88.25065000,-85.38548000
2.71667480,-97.44325000,-81.23766000
2.71728516,-96.09490000,-75.56055000
2.71789551,-99.74662000,-72.85629000
2.71850586,-101.18640000,-82.42950000
2.71911621,-94.21010000,-75.49315000
2.71972656,-90.05966000,-78.27100000
2.72033691,-93.34059000,-83.09830000
2.72094727,-95.65331000,-79.47681000
2.72155762,-98.23889000,-76.33752000
2.72216797,-94.71066000,-73.75770000
2.72277832,-91.28938000,-76.97961000
2.72338867,-96.80237000,-74.17234000
2.72399902,-93.48663000,-70.25256000
2.72460938,-95.98203000,-70.01223000
2.72521973,-95.54131000,-73.28927000
2.72583008,-93.84103000,-82.15443000
2.72644043,-102.65120000,-82.48775000
2.72705078,-94.71530000,-79.69492000
2.72766113,-90.53171000,-77.96325000
2.72827148,-88.88152000,-71.48277000
2.72888184,-98.73143000,-68.51695000
2.72949219,-87.69629000,-68.06380000
2.73010254,-86.92804000,-71.62924000
2.73071289,-89.03908000,-76.11351000
2.73132324,-88.65401000,-66.68953000
2.73193359,-90.63636000,-68.57865000
2.73254395,-93.95214000,-81.62325000
2.73315430,-90.57244000,-79.26413000
2.73376465,-80.82820000,-73.37939000
2.73437500,-76.16947000,-68.75673000
2.73498535,-79.17331000,-71.62955000
2.73559570,-87.96986000,-83.01178000
2.73620605,-95.59686000,-85.15028000
2.73681641,-93.63528000,-76.76990000
2.73742676,-93.43804000,-73.37273000
2.73803711,-96.68812000,-71.43684000
2.73864746,-97.24980000,-70.98908000
2.73925781,-89.72203000,-70.33393000
2.73986816,-90.67185000,-71.68555000
2.74047852,-97.46159000,-76.07838000
2.74108887,-109.01490000,-76.78228000
2.74169922,-98.19949000,-77.51131000
2.74230957,-90.93887000,-77.37191000
2.74291992,-94.59058000,-71.87096000
2.74353027,-100.89340000,-71.11939000
2.74414063,-93.66085000,-78.59991000
2.74475098,-95.61949000,-71.64447000
2.74536133,-97.51876000,-70.03365000
2.74597168,-97.73411000,-75.51785000
2.74658203,-90.62450000,-80.82390000
2.74719238,-88.29876000,-74.83945000
2.74780273,-86.76062000,-74.53712000
2.74841309,-88.45237000,-75.25439000
2.74902344,-95.80662000,-88.50256000
2.74963379,-81.46946000,-73.86208000
2.75024414,-79.47768000,-70.14069000
2.75085449,-82.51778000,-67.94725000
2.75146484,-88.78151000,-70.99345000
2.75207520,-89.77638000,-78.44705000
2.75268555,-92.34886000,-91.48251000
2.75329590,-109.18780000,-75.89966000
2.75390625,-104.69950000,-70.01303000
2.75451660,-89.87350000,-70.26669000
2.75512695,-86.22959000,-73.23071000
2.75573730,-84.85362000,-75.30089000
2.75634766,-84.97099000,-82.05777000
2.75695801,-87.49786000,-80.29355000
2.75756836,-97.78770000,-74.64780000
2.75817871,-92.39259000,-71.47012000
2.75878906,-86.72165000,-74.52020000
2.75939941,-86.60402000,-80.90877000
2.76000977,-91.85750000,-75.04704000
2.76062012,-96.65389000,-75.79960000
2.76123047,-92.95941000,-75.81194000
2.76184082,-85.96716000,-80.54871000
2.76245117,-87.47182000,-80.77480000
2.76306152,-94.51593000,-73.59252000
2.76367188,-96.93505000,-72.76038000
2.76428223,-94.19189000,-73.63651000
2.76489258,-100.36080000,-69.55300000
2.76550293,-93.31909000,-67.10339000
2.76611328,-87.64127000,-70.57895000
2.76672363,-90.77957000,-86.41141000
2.76733398,-100.17920000,-73.35521000
2.76794434,-101.34080000,-70.21599000
2.76855469,-104.82580000,-69.60896000
2.76916504,-90.82552000,-70.71038000
2.76977539,-92.74406000,-74.67722000
2.77038574,-102.73190000,-81.03392000
2.77099609,-96.72688000,-71.57841000
2.77160645,-94.64600000,-69.02968000
2.77221680,-92.43784000,-71.98655000
2.77282715,-93.10307000,-75.58864000
2.77343750,-86.87386000,-78.11067000
2.77404785,-78.81599000,-79.07027000
2.77465820,-78.56369000,-82.80578000
2.77526855,-84.94598000,-77.50806000
2.77587891,-111.94200000,-77.39434000
2.77648926,-96.37038000,-76.50283000
2.77709961,-96.02296000,-73.14889000
2.77770996,-89.38266000,-71.35027000
2.77832031,-94.43360000,-69.34916000
2.77893066,-88.64861000,-68.15317000
2.77954102,-95.09838000,-69.70771000
2.78015137,-93.81586000,-69.05336000
2.78076172,-89.63078000,-70.78876000
2.78137207,-92.87161000,-74.74662000
2.78198242,-95.94099000,-72.23943000
2.78259277,-91.92292000,-70.82552000
2.78320313,-99.69143000,-72.93027000
2.78381348,-88.75458000,-72.17807000
2.78442383,-89.97858000,-68.72449000
2.78503418,-95.72469000,-71.38808000
2.78564453,-100.25520000,-78.22271000
2.78625488,-91.88461000,-70.80528000
2.78686523,-84.52148000,-72.49930000
2.78747559,-83.87844000,-76.12527000
2.78808594,-85.32562000,-71.21268000
2.78869629,-85.82749000,-74.65142000
2.78930664,-85.49573000,-71.80797000
2.78991699,-93.47357000,-71.70738000
2.79052734,-91.48521000,-73.61916000
2.79113770,-88.66747000,-81.72830000
2.79174805,-92.01234000,-70.41113000
2.79235840,-95.83752000,-69.13761000
2.79296875,-97.67938000,-74.50004000
2.79357910,-88.64986000,-79.88444000
2.79418945,-79.63306000,-85.92767000
2.79479980,-81.69274000,-85.56052000
2.79541016,-94.05532000,-77.87970000
2.79602051,-108.52720000,-73.26468000
2.79663086,-93.93746000,-79.68466000
2.79724121,-93.53113000,-82.09492000
2.79785156,-96.51578000,-79.51865000
2.79846191,-85.25533000,-86.19785000
2.79907227,-82.15557000,-72.49086000
2.79968262,-83.76848000,-68.98904000
2.80029297,-79.63988000,-74.34310000
2.80090332,-81.86883000,-83.52919000
2.80151367,-97.68427000,-80.60712000
2.80212402,-88.76122000,-72.13197000
2.80273438,-89.91655000,-73.38863000
2.80334473,-89.06711000,-73.33464000
2.80395508,-95.22393000,-75.00678000
2.80456543,-91.04533000,-71.88238000
2.80517578,-93.42666000,-73.76534000
2.80578613,-89.58810000,-82.21691000
2.80639648,-85.71362000,-82.80704000
2.80700684,-92.56923000,-81.23131000
2.80761719,-109.86320000,-75.08554000
2.80822754,-109.96820000,-73.25008000
2.80883789,-119.29300000,-73.65172000
2.80944824,-98.75360000,-76.03510000
2.81005859,-96.16631000,-76.35018000
2.81066895,-103.01560000,-77.92077000
2.81127930,-93.57850000,-77.00395000
2.81188965,-87.61710000,-72.17393000
2.81250000,-84.50328000,-72.89492000
2.81311035,-85.31923000,-76.76288000
2.81372070,-91.29555000,-78.52250000
2.81433105,-96.65359000,-77.68125000
2.81494141,-92.82876000,-78.31200000
2.81555176,-89.73698000,-80.28618000
2.81616211,-84.20541000,-96.62059000
2.81677246,-82.00684000,-81.30479000
2.81738281,-87.29878000,-78.62448000
2.81799316,-92.36867000,-71.66219000
2.81860352,-83.55391000,-67.00835000
2.81921387,-84.89503000,-67.32737000
2.81982422,-89.33846000,-77.10909000
2.82043457,-86.94256000,-75.98103000
2.82104492,-84.98271000,-74.96338000
2.82165527,-86.67162000,-78.58421000
2.82226563,-91.89973000,-93.76357000
2.82287598,-101.64620000,-79.97857000
2.82348633,-99.26907000,-83.75954000
2.82409668,-94.43365000,-82.64557000
2.82470703,-88.53313000,-75.98871000
2.82531738,-87.79842000,-71.97995000
2.82592773,-92.02829000,-72.18556000
2.82653809,-93.30948000,-72.71170000
2.82714844,-91.24078000,-72.09930000
2.82775879,-88.49959000,-77.59783000
2.82836914,-87.06041000,-85.08942000
2.82897949,-89.23723000,-80.59727000
2.82958984,-91.53111000,-75.32634000
2.83020020,-94.90993000,-71.57960000
2.83081055,-104.82660000,-76.05482000
2.83142090,-94.65806000,-75.38036000
2.83203125,-96.85341000,-75.10855000
2.83264160,-100.96550000,-80.81520000
2.83325195,-92.18245000,-86.59530000
2.83386230,-86.96030000,-74.31190000
2.83447266,-89.77062000,-74.18857000
2.83508301,-95.44231000,-73.73626000
2.83569336,-96.14384000,-74.02924000
2.83630371,-94.53572000,-72.81672000
2.83691406,-92.76532000,-71.28011000
2.83752441,-92.28187000,-69.45107000
2.83813477,-88.68515000,-68.84216000
2.83874512,-89.23705000,-83.93214000
2.83935547,-90.44732000,-73.44959000
2.83996582,-92.78554000,-78.99149000
2.84057617,-95.26022000,-71.67777000
2.84118652,-90.59750000,-72.88683000
2.84179688,-92.50439000,-78.17477000
2.84240723,-97.06765000,-74.42066000
2.84301758,-93.92068000,-74.04609000
2.84362793,-94.23732000,-72.24290000
2.84423828,-89.28719000,-75.10045000
2.84484863,-88.99734000,-80.25112000
2.84545898,-89.33569000,-80.32344000
2.84606934,-101.60730000,-75.59258000
2.84667969,-98.23378000,-80.79575000
2.84729004,-93.91918000,-71.46334000
2.84790039,-94.14158000,-66.74583000
2.84851074,-104.09270000,-68.60252000
2.84912109,-89.46596000,-74.25751000
2.84973145,-85.57376000,-83.29353000
2.85034180,-90.04426000,-83.10886000
2.85095215,-101.05130000,-81.90344000
2.85156250,-94.35587000,-73.79061000
2.85217285,-92.44331000,-73.64972000
2.85278320,-93.84262000,-75.30511000
2.85339355,-94.04514000,-75.23232000
2.85400391,-88.81108000,-71.71779000
2.85461426,-84.65900000,-68.65148000
2.85522461,-84.44152000,-73.43562000
2.85583496,-87.46118000,-92.00172000
2.85644531,-94.97475000,-78.69109000
2.85705566,-102.08940000,-69.51118000
2.85766602,-97.95737000,-70.02916000
2.85827637,-98.35574000,-73.46831000
2.85888672,-98.74059000,-77.68423000
2.85949707,-89.56185000,-75.50612000
2.86010742,-83.95921000,-72.95383000
2.86071777,-85.86211000,-72.65851000
2.86132813,-98.30242000,-71.92810000
2.86193848,-108.16090000,-70.08997000
2.86254883,-97.33870000,-72.11095000
2.86315918,-92.59235000,-72.70039000
2.86376953,-92.12012000,-69.07439000
2.86437988,-88.25146000,-69.16938000
2.86499023,-88.23694000,-69.66130000
2.86560059,-92.45983000,-71.43008000
2.86621094,-100.56320000,-83.53738000
2.86682129,-99.50248000,-73.39111000
2.86743164,-92.10027000,-68.55452000
2.86804199,-89.43004000,-69.36786000
2.86865234,-85.68210000,-70.32536000
2.86926270,-87.61887000,-66.30129000
2.86987305,-89.42874000,-67.07343000
2.87048340,-87.49924000,-71.13223000
2.87109375,-89.91252000,-76.39724000
2.87170410,-98.63483000,-79.89948000
2.87231445,-101.11600000,-84.06513000
2.87292480,-94.45627000,-83.09899000
2.87353516,-106.27140000,-80.56065000
2.87414551,-90.85854000,-81.16727000
2.87475586,-89.31685000,-80.68631000
2.87536621,-94.68872000,-78.90193000
2.87597656,-93.61134000,-83.24127000
2.87658691,-93.63265000,-79.42335000
2.87719727,-94.76031000,-71.65240000
2.87780762,-103.07370000,-68.48421000
2.87841797,-96.16745000,-67.95833000
2.87902832,-88.71291000,-68.43316000
2.87963867,-85.11806000,-77.11254000
2.88024902,-85.65217000,-83.16779000
2.88085938,-85.06721000,-88.17630000
2.88146973,-86.32710000,-81.78788000
2.88208008,-94.31638000,-75.95983000
2.88269043,-99.13647000,-74.16338000
2.88330078,-92.27795000,-90.28928000
2.88391113,-90.15651000,-74.39886000
2.88452148,-96.14763000,-68.89151000
2.88513184,-95.84836000,-65.52855000
2.88574219,-87.93443000,-65.19637000
2.88635254,-85.03755000,-67.94865000
2.88696289,-86.18259000,-71.68855000
2.88757324,-85.61293000,-79.74046000
2.88818359,-86.75005000,-69.21315000
2.88879395,-95.65583000,-65.72531000
2.88940430,-94.03932000,-67.61178000
2.89001465,-89.55685000,-73.30170000
2.89062500,-97.25336000,-79.63091000
2.89123535,-95.22464000,-79.95787000
2.89184570,-98.12067000,-79.83522000
2.89245605,-92.77890000,-75.45689000
2.89306641,-94.30634000,-82.52750000
2.89367676,-94.12815000,-79.06808000
2.89428711,-86.72295000,-73.56403000
2.89489746,-85.39391000,-70.59769000
2.89550781,-87.12611000,-69.41927000
2.89611816,-88.03883000,-74.49400000
2.89672852,-90.93918000,-78.77825000
2.89733887,-106.17880000,-70.30259000
2.89794922,-88.46400000,-71.94841000
2.89855957,-82.46904000,-77.60277000
2.89916992,-88.14248000,-73.83196000
2.89978027,-90.06842000,-72.15974000
2.90039063,-88.65746000,-83.51035000
2.90100098,-91.90620000,-68.80884000
2.90161133,-94.88954000,-67.44035000
2.90222168,-87.83107000,-71.95541000
2.90283203,-86.13420000,-84.54552000
2.90344238,-84.80962000,-78.78951000
2.90405273,-85.36507000,-71.03943000
2.90466309,-89.15482000,-67.88861000
2.90527344,-93.72390000,-70.32844000
2.90588379,-94.14786000,-75.01727000
2.90649414,-93.61325000,-72.19596000
2.90710449,-90.31065000,-73.28265000
2.90771484,-89.71983000,-73.96133000
2.90832520,-94.34198000,-72.01891000
2.90893555,-95.77914000,-73.88292000
2.90954590,-89.44548000,-82.05801000
2.91015625,-87.40393000,-74.31313000
2.91076660,-90.28743000,-74.84912000
2.91137695,-97.16156000,-73.64165000
2.91198730,-96.59267000,-74.73643000
2.91259766,-93.89464000,-71.55999000
2.91320801,-88.19339000,-80.01730000
2.91381836,-94.16129000,-75.13912000
2.91442871,-89.80727000,-73.87914000
2.91503906,-103.57900000,-78.62415000
2.91564941,-91.39253000,-80.92609000
2.91625977,-91.57437000,-77.17774000
2.91687012,-103.78300000,-72.17303000
2.91748047,-91.90915000,-70.44545000
2.91809082,-89.18473000,-72.85262000
2.91870117,-89.61966000,-76.26128000
2.91931152,-88.69597000,-86.99106000
2.91992188,-94.95831000,-72.21117000
2.92053223,-95.52590000,-70.14802000
2.92114258,-87.23654000,-69.58202000
2.92175293,-85.25926000,-72.59702000
2.92236328,-90.02937000,-77.44694000
2.92297363,-93.08875000,-76.45436000
2.92358398,-85.85061000,-84.23175000
2.92419434,-87.64999000,-79.08995000
2.92480469,-100.84850000,-73.17097000
2.92541504,-101.18800000,-71.36639000
2.92602539,-94.72755000,-69.84811000
2.92663574,-92.78133000,-67.12576000
2.92724609,-103.92020000,-68.24461000
2.92785645,-108.52090000,-81.71304000
2.92846680,-97.73960000,-81.24612000
2.92907715,-94.13731000,-89.27164000
2.92968750,-92.94347000,-86.65504000
2.93029785,-96.76698000,-84.06946000
2.93090820,-101.15790000,-75.79639000
2.93151855,-95.70605000,-72.99780000
2.93212891,-96.22690000,-80.52070000
2.93273926,-89.59748000,-71.37583000
2.93334961,-87.84016000,-73.89870000
2.93395996,-88.81996000,-87.04823000
2.93457031,-90.71298000,-85.30702000
2.93518066,-93.55739000,-80.25507000
2.93579102,-91.66104000,-74.61932000
2.93640137,-91.34278000,-76.26604000
2.93701172,-93.33435000,-85.23380000
2.93762207,-93.03634000,-78.97105000
2.93823242,-93.54732000,-73.72196000
2.93884277,-92.87591000,-73.16342000
2.93945313,-100.43930000,-79.65993000
2.94006348,-101.99470000,-89.83163000
2.94067383,-91.68384000,-79.48420000
2.94128418,-90.79614000,-73.43213000
2.94189453,-95.85621000,-68.14271000
2.94250488,-102.89230000,-68.43320000
2.94311523,-107.91520000,-74.96700000
2.94372559,-100.82370000,-74.60802000
2.94433594,-91.58955000,-72.62320000
2.94494629,-92.14209000,-76.15059000
2.94555664,-94.08817000,-75.34412000
2.94616699,-92.44804000,-69.40789000
2.94677734,-92.34673000,-69.59836000
2.94738770,-90.16946000,-73.40375000
2.94799805,-99.89838000,-75.48045000
2.94860840,-92.01988000,-73.83067000
2.94921875,-91.49905000,-71.65219000
2.94982910,-94.56813000,-70.13316000
2.95043945,-90.87543000,-71.69881000
2.95104980,-96.41029000,-77.13998000
2.95166016,-100.87320000,-76.79804000
2.95227051,-94.30180000,-70.43212000
2.95288086,-89.23318000,-67.83257000
2.95349121,-91.61239000,-69.88868000
2.95410156,-94.87534000,-72.79021000
2.95471191,-95.99319000,-73.53289000
2.95532227,-89.17690000,-83.00980000
2.95593262,-88.96294000,-75.68528000
2.95654297,-89.05707000,-72.51846000
2.95715332,-91.06203000,-84.89201000
2.95776367,-91.27449000,-79.78099000
2.95837402,-89.58840000,-77.42176000
2.95898438,-90.26829000,-75.26926000
2.95959473,-93.00121000,-77.57517000
2.96020508,-93.92844000,-83.40546000
2.96081543,-89.63821000,-82.57858000
2.96142578,-94.86646000,-74.98982000
2.96203613,-94.37572000,-82.81390000
2.96264648,-91.72456000,-77.19045000
2.96325684,-91.82885000,-72.70505000
2.96386719,-94.22314000,-71.42639000
2.96447754,-89.01106000,-70.22753000
2.96508789,-88.70091000,-66.80222000
2.96569824,-99.45080000,-68.95937000
2.96630859,-100.02120000,-81.63177000
2.96691895,-102.10600000,-79.89368000
2.96752930,-105.55720000,-71.23360000
2.96813965,-100.94500000,-71.30173000
2.96875000,-91.81195000,-74.08672000
2.96936035,-88.15707000,-72.62125000
2.96997070,-92.74010000,-74.74852000
2.97058105,-97.12111000,-79.06897000
2.97119141,-91.73303000,-80.62268000
2.97180176,-92.12810000,-82.89405000
2.97241211,-88.58255000,-81.85493000
2.97302246,-87.30923000,-76.07909000
2.97363281,-87.13260000,-75.90926000
2.97424316,-84.11590000,-86.92432000
2.97485352,-88.43628000,-95.12415000
2.97546387,-98.00482000,-76.80376000
2.97607422,-89.08473000,-70.94179000
2.97668457,-92.60258000,-70.21963000
2.97729492,-108.51010000,-73.93009000
2.97790527,-97.84671000,-80.45943000
2.97851563,-89.74872000,-77.70934000
2.97912598,-87.82025000,-71.73601000
2.97973633,-91.57612000,-73.30837000
2.98034668,-97.48161000,-69.78661000
2.98095703,-98.41552000,-70.77106000
2.98156738,-94.59337000,-77.04598000
2.98217773,-97.25486000,-87.88908000
2.98278809,-94.10035000,-81.83359000
2.98339844,-93.87086000,-77.99402000
2.98400879,-86.73019000,-72.10363000
2.98461914,-85.23869000,-72.41872000
2.98522949,-88.76436000,-85.93268000
2.98583984,-90.24870000,-80.23422000
2.98645020,-92.12042000,-74.37710000
2.98706055,-95.28787000,-72.87440000
2.98767090,-91.09214000,-76.64805000
2.98828125,-89.24877000,-81.71352000
2.98889160,-89.72894000,-86.55844000
2.98950195,-88.82390000,-83.70068000
2.99011230,-88.51111000,-72.70427000
2.99072266,-90.89745000,-69.97840000
2.99133301,-89.66297000,-72.65932000
2.99194336,-90.63226000,-79.02528000
2.99255371,-93.09166000,-83.45750000
2.99316406,-90.32559000,-73.15048000
2.99377441,-98.67392000,-74.97885000
2.99438477,-93.89157000,-76.40204000
2.99499512,-90.06977000,-76.42600000
2.99560547,-88.70789000,-81.42114000
2.99621582,-93.04429000,-80.33695000
2.99682617,-97.61496000,-79.29098000
2.99743652,-93.00269000,-79.88548000
2.99804688,-100.99370000,-74.33543000
2.99865723,-88.60966000,-80.09662000
2.99926758,-91.49864000,-75.70887000
2.99987793,-89.64751000,-72.71984000
3.00048828,-95.83203000,-77.69506000
3.00109863,-90.06554000,-80.88106000
3.00170898,-89.18357000,-80.72517000
3.00231934,-90.61497000,-81.25449000
3.00292969,-98.96661000,-79.16070000
3.00354004,-92.91687000,-75.80241000
3.00415039,-87.88013000,-69.67928000
3.00476074,-87.04120000,-72.32864000
3.00537109,-87.11944000,-92.21394000
3.00598145,-89.32578000,-87.18324000
3.00659180,-93.20233000,-86.23978000
3.00720215,-99.80125000,-78.77606000
3.00781250,-92.75230000,-69.37334000
3.00842285,-91.28452000,-66.73074000
3.00903320,-87.62482000,-69.98100000
3.00964355,-83.68697000,-77.45744000
3.01025391,-86.08714000,-82.94789000
3.01086426,-89.04366000,-75.84214000
3.01147461,-92.95461000,-83.25871000
3.01208496,-95.49361000,-76.81695000
3.01269531,-95.79927000,-69.64056000
3.01330566,-103.40110000,-73.55417000
3.01391602,-94.34396000,-80.17615000
3.01452637,-89.02841000,-74.46554000
3.01513672,-87.27676000,-73.41926000
3.01574707,-87.16379000,-75.70028000
3.01635742,-87.88055000,-77.67455000
3.01696777,-92.21320000,-73.69923000
3.01757813,-116.49820000,-72.65094000
3.01818848,-90.89496000,-71.97025000
3.01879883,-88.69672000,-74.31752000
3.01940918,-90.96574000,-76.82518000
3.02001953,-94.61307000,-71.92388000
3.02062988,-96.99273000,-69.84359000
3.02124023,-93.87574000,-75.98682000
3.02185059,-104.25040000,-79.12664000
3.02246094,-90.03737000,-71.96340000
3.02307129,-90.56767000,-73.55707000
3.02368164,-92.76186000,-76.47010000
3.02429199,-89.21487000,-71.58524000
3.02490234,-91.27120000,-72.36507000
3.02551270,-98.66006000,-75.82643000
3.02612305,-95.05672000,-71.77341000
3.02673340,-99.42561000,-80.16414000
3.02734375,-96.00910000,-85.51152000
3.02795410,-96.88046000,-78.96661000
3.02856445,-115.62210000,-81.55348000
3.02917480,-98.89019000,-70.67567000
3.02978516,-96.78841000,-68.95898000
3.03039551,-94.02077000,-69.33461000
3.03100586,-91.36039000,-73.62701000
3.03161621,-88.38569000,-86.64801000
3.03222656,-88.70229000,-91.95724000
3.03283691,-89.43410000,-79.19916000
3.03344727,-80.53230000,-85.51286000
3.03405762,-75.77525000,-81.62632000
3.03466797,-78.81288000,-80.39101000
3.03527832,-95.68590000,-83.92464000
3.03588867,-92.34637000,-102.59920000
3.03649902,-102.14260000,-78.41548000
3.03710938,-89.79883000,-89.02565000
3.03771973,-88.28849000,-71.92687000
3.03833008,-93.39337000,-68.59015000
3.03894043,-89.68459000,-72.38718000
3.03955078,-86.75702000,-78.47399000
3.04016113,-88.18752000,-70.69193000
3.04077148,-90.94118000,-69.15190000
3.04138184,-88.23956000,-71.83318000
3.04199219,-89.71036000,-70.19852000
3.04260254,-102.32950000,-71.27040000
3.04321289,-98.83658000,-75.24638000
3.04382324,-108.66860000,-74.26642000
3.04443359,-92.81136000,-78.08617000
3.04504395,-91.98846000,-82.02303000
3.04565430,-93.27325000,-71.58273000
3.04626465,-88.21808000,-67.31601000
3.04687500,-92.34017000,-67.87494000
3.04748535,-103.63990000,-67.21164000
3.04809570,-96.05891000,-67.90221000
3.04870605,-101.42850000,-72.21284000
3.04931641,-87.80128000,-88.41135000
3.04992676,-82.07252000,-75.99387000
3.05053711,-86.87251000,-73.28616000
3.05114746,-94.00016000,-67.85574000
3.05175781,-95.49363000,-67.06406000
3.05236816,-87.52419000,-70.36604000
3.05297852,-86.99770000,-79.63092000
3.05358887,-85.71186000,-81.64300000
3.05419922,-85.87852000,-95.29359000
3.05480957,-89.99673000,-82.85979000
3.05541992,-97.02557000,-76.40044000
3.05603027,-90.14391000,-79.23712000
3.05664063,-89.24020000,-80.10474000
3.05725098,-91.72459000,-73.73164000
3.05786133,-97.77251000,-78.78558000
3.05847168,-93.65009000,-82.77713000
3.05908203,-91.30046000,-71.44527000
3.05969238,-88.94042000,-66.13681000
3.06030273,-99.09393000,-66.28745000
3.06091309,-90.21817000,-70.66680000
3.06152344,-89.00385000,-77.65596000
3.06213379,-101.85400000,-74.42538000
3.06274414,-96.72412000,-79.54572000
3.06335449,-94.81339000,-73.69872000
3.06396484,-90.84934000,-73.30914000
3.06457520,-94.53099000,-80.76282000
3.06518555,-98.05221000,-85.36086000
3.06579590,-90.34529000,-79.23564000
3.06640625,-90.65220000,-71.48454000
3.06701660,-88.46958000,-76.11938000
3.06762695,-87.12460000,-78.96116000
3.06823730,-91.68839000,-76.40887000
3.06884766,-95.73253000,-80.82035000
3.06945801,-87.63472000,-74.24576000
3.07006836,-87.64977000,-79.56174000
3.07067871,-90.11670000,-80.28873000
3.07128906,-87.47234000,-71.49164000
3.07189941,-86.63425000,-67.52203000
3.07250977,-93.22853000,-68.48924000
3.07312012,-99.13979000,-84.54227000
3.07373047,-82.92786000,-71.42123000
3.07434082,-80.68573000,-72.96077000
3.07495117,-90.42717000,-92.98566000
3.07556152,-88.61485000,-79.92384000
3.07617188,-99.77124000,-88.03902000
3.07678223,-93.39803000,-82.03111000
3.07739258,-90.97134000,-77.97061000
3.07800293,-90.56049000,-85.85893000
3.07861328,-97.31086000,-78.38646000
3.07922363,-94.65356000,-75.00436000
3.07983398,-91.95129000,-71.82794000
3.08044434,-101.12500000,-70.75478000
3.08105469,-98.20572000,-72.45213000
3.08166504,-91.26588000,-73.07814000
3.08227539,-90.39795000,-73.34521000
3.08288574,-91.67403000,-75.00806000
3.08349609,-87.74974000,-86.14534000
3.08410645,-85.17635000,-72.73464000
3.08471680,-86.96524000,-69.51423000
3.08532715,-93.45647000,-74.00105000
3.08593750,-90.18069000,-89.51725000
3.08654785,-86.89574000,-75.61178000
3.08715820,-88.75853000,-75.25954000
3.08776855,-92.60602000,-79.06617000
3.08837891,-91.94938000,-69.30867000
3.08898926,-85.42207000,-71.36374000
3.08959961,-85.89740000,-82.15542000
3.09020996,-96.96891000,-72.95344000
3.09082031,-109.02110000,-70.75474000
3.09143066,-96.41918000,-69.66499000
3.09204102,-88.25286000,-70.58221000
3.09265137,-88.36938000,-69.97708000
3.09326172,-91.80556000,-71.49636000
3.09387207,-96.10854000,-79.83288000
3.09448242,-94.47163000,-71.19441000
3.09509277,-94.06889000,-85.80990000
3.09570313,-91.53745000,-74.14713000
3.09631348,-94.00618000,-76.43014000
3.09692383,-92.26508000,-84.98370000
3.09753418,-88.30715000,-83.36097000
3.09814453,-87.31770000,-77.45930000
3.09875488,-89.55615000,-72.82249000
3.09936523,-78.33919000,-68.62151000
3.09997559,-75.03421000,-68.56202000
3.10058594,-81.21963000,-74.14700000
3.10119629,-101.75420000,-84.70473000
3.10180664,-97.32297000,-74.32391000
3.10241699,-99.05254000,-70.92686000
3.10302734,-113.14740000,-71.90045000
3.10363770,-93.82336000,-80.10815000
3.10424805,-92.11719000,-79.48546000
3.10485840,-100.23930000,-76.75985000
3.10546875,-90.31150000,-78.86865000
3.10607910,-89.31618000,-73.45673000
3.10668945,-93.39851000,-70.96040000
3.10729980,-90.60790000,-69.31165000
3.10791016,-90.56282000,-70.88171000
3.10852051,-100.31180000,-75.32169000
3.10913086,-88.87952000,-82.55790000
3.10974121,-87.62978000,-78.37037000
3.11035156,-93.75508000,-73.97392000
3.11096191,-93.92827000,-70.39769000
3.11157227,-91.26202000,-73.04069000
3.11218262,-91.75783000,-78.19922000
3.11279297,-90.57504000,-72.14188000
3.11340332,-91.94008000,-69.64698000
3.11401367,-93.60329000,-73.16927000
3.11462402,-94.32303000,-75.65121000
3.11523438,-97.15298000,-76.95525000
3.11584473,-103.77880000,-75.01090000
3.11645508,-99.49489000,-71.88482000
3.11706543,-93.27056000,-73.04704000
3.11767578,-92.66035000,-76.24007000
3.11828613,-92.93782000,-75.34866000
3.11889648,-90.66108000,-79.59205000
3.11950684,-90.18182000,-79.63599000
3.12011719,-96.51917000,-74.51842000
3.12072754,-88.25426000,-75.64894000
3.12133789,-85.33508000,-83.14973000
3.12194824,-89.25887000,-91.84020000
3.12255859,-98.94173000,-90.62628000
3.12316895,-98.40494000,-75.29474000
3.12377930,-106.91490000,-76.01431000
3.12438965,-90.93649000,-84.28346000
3.12500000,-90.89034000,-82.16409000
3.12561035,-99.16531000,-84.67448000
3.12622070,-105.82000000,-69.83465000
3.12683105,-94.27045000,-66.88313000
3.12744141,-88.44746000,-67.81909000
3.12805176,-93.38478000,-68.79182000
3.12866211,-106.74590000,-69.02473000
3.12927246,-113.17970000,-69.52472000
3.12988281,-93.22701000,-69.40372000
3.13049316,-97.94569000,-73.97997000
3.13110352,-90.65296000,-77.51904000
3.13171387,-87.08270000,-77.01808000
3.13232422,-86.99322000,-80.90264000
3.13293457,-90.48095000,-84.83557000
3.13354492,-94.26120000,-75.94220000
3.13415527,-89.60224000,-74.39023000
3.13476563,-88.20116000,-77.82019000
3.13537598,-87.19639000,-82.50755000
3.13598633,-87.80280000,-87.28004000
3.13659668,-90.71829000,-77.32368000
3.13720703,-89.01500000,-81.59118000
3.13781738,-88.53097000,-81.76810000
3.13842773,-89.06064000,-75.92845000
3.13903809,-93.84508000,-74.84026000
3.13964844,-99.76669000,-71.99724000
3.14025879,-94.49879000,-71.69291000
3.14086914,-86.31812000,-74.02261000
3.14147949,-82.88225000,-72.08751000
3.14208984,-85.40045000,-68.97231000
3.14270020,-90.58798000,-75.73592000
3.14331055,-87.95403000,-81.54770000
3.14392090,-91.94474000,-80.64827000
3.14453125,-94.06442000,-80.56984000
3.14514160,-91.03918000,-73.50737000
3.14575195,-86.92456000,-69.59626000
3.14636230,-89.87897000,-71.41494000
3.14697266,-90.59724000,-72.44137000
3.14758301,-85.25677000,-69.04720000
3.14819336,-85.20630000,-72.63805000
3.14880371,-89.00905000,-81.60913000
3.14941406,-86.66084000,-88.49883000
3.15002441,-84.04730000,-80.01328000
3.15063477,-85.65276000,-91.52731000
3.15124512,-88.91730000,-76.94184000
3.15185547,-93.60573000,-80.65131000
3.15246582,-96.93591000,-68.64734000
3.15307617,-98.24242000,-68.74297000
3.15368652,-91.87685000,-74.96505000
3.15429688,-91.04213000,-79.66626000
3.15490723,-93.46072000,-79.41751000
3.15551758,-97.99511000,-81.24851000
3.15612793,-92.87801000,-74.48503000
3.15673828,-90.50740000,-69.56807000
3.15734863,-99.43942000,-70.05726000
3.15795898,-92.24373000,-81.51311000
3.15856934,-88.25629000,-73.72633000
3.15917969,-88.21581000,-68.82255000
3.15979004,-94.46365000,-71.87846000
3.16040039,-94.26422000,-74.37907000
3.16101074,-91.40752000,-74.13724000
3.16162109,-91.51437000,-72.83881000
3.16223145,-101.84980000,-73.97627000
3.16284180,-89.64915000,-81.20259000
3.16345215,-86.93011000,-72.70880000
3.16406250,-88.52235000,-71.58614000
3.16467285,-93.21128000,-68.06504000
3.16528320,-91.59625000,-67.47321000
3.16589355,-87.36915000,-76.28532000
3.16650391,-87.33774000,-75.11842000
3.16711426,-89.00443000,-71.56650000
3.16772461,-94.07052000,-71.33556000
3.16833496,-97.37934000,-72.47291000
3.16894531,-92.79871000,-78.78798000
3.16955566,-93.93837000,-77.24583000
3.17016602,-102.04450000,-74.72043000
3.17077637,-92.45460000,-73.29507000
3.17138672,-90.80679000,-71.41640000
3.17199707,-88.72984000,-70.85577000
3.17260742,-96.07664000,-70.78899000
3.17321777,-91.02313000,-72.01855000
3.17382813,-84.00444000,-73.96348000
3.17443848,-85.16385000,-73.58732000
3.17504883,-90.52153000,-74.98959000
3.17565918,-89.76124000,-81.49007000
3.17626953,-86.83516000,-74.84760000
3.17687988,-90.38527000,-81.24894000
3.17749023,-107.08020000,-87.16259000
3.17810059,-95.70154000,-82.13969000
3.17871094,-104.47280000,-80.10406000
3.17932129,-87.31551000,-78.32514000
3.17993164,-84.07652000,-76.36349000
3.18054199,-88.57436000,-84.85073000
3.18115234,-92.87799000,-75.06441000
3.18176270,-88.24712000,-72.41285000
3.18237305,-90.63996000,-77.00806000
3.18298340,-91.71653000,-71.62431000
3.18359375,-91.20805000,-65.34309000
3.18420410,-94.59320000,-66.97771000
3.18481445,-90.98593000,-75.56680000
3.18542480,-85.13370000,-79.75899000
3.18603516,-83.31767000,-75.99310000
3.18664551,-86.27625000,-75.27430000
3.18725586,-89.34925000,-75.29840000
3.18786621,-90.95139000,-80.04294000
3.18847656,-91.98097000,-77.51689000
3.18908691,-89.57046000,-76.31503000
3.18969727,-92.66747000,-85.55901000
3.19030762,-96.09335000,-78.84586000
3.19091797,-91.92798000,-82.45423000
3.19152832,-96.19156000,-75.68760000
3.19213867,-97.62259000,-74.85285000
3.19274902,-92.37461000,-74.49281000
3.19335938,-88.76233000,-75.33407000
3.19396973,-85.64709000,-77.18465000
3.19458008,-86.47067000,-77.27685000
3.19519043,-91.37872000,-73.91369000
3.19580078,-91.74605000,-76.65526000
3.19641113,-97.09772000,-76.99113000
3.19702148,-95.10482000,-74.04666000
3.19763184,-101.05320000,-76.41015000
3.19824219,-90.26068000,-67.79105000
3.19885254,-88.77292000,-68.47083000
3.19946289,-95.20226000,-77.95386000
3.20007324,-102.75180000,-80.15289000
3.20068359,-128.21730000,-71.86475000
3.20129395,-100.90900000,-69.66908000
3.20190430,-88.08337000,-71.70863000
3.20251465,-86.47574000,-73.06716000
3.20312500,-90.28385000,-73.62580000
3.20373535,-93.62091000,-72.63197000
3.20434570,-95.43037000,-69.60725000
3.20495605,-91.33659000,-77.40468000
3.20556641,-89.08237000,-78.06680000
3.20617676,-96.73459000,-73.94667000
3.20678711,-94.63375000,-79.14542000
3.20739746,-90.89896000,-78.77089000
3.20800781,-93.77139000,-73.00974000
3.20861816,-98.81929000,-74.02023000
3.20922852,-93.90816000,-87.38544000
3.20983887,-89.44831000,-79.46085000
3.21044922,-88.98273000,-78.14243000
3.21105957,-93.58224000,-73.75706000
3.21166992,-91.60229000,-79.08246000
3.21228027,-90.22125000,-70.48581000
3.21289063,-91.15211000,-69.23699000
3.21350098,-76.24045000,-79.66801000
3.21411133,-69.11459000,-74.83494000
3.21472168,-70.97121000,-72.44091000
3.21533203,-81.31672000,-72.49300000
3.21594238,-88.53817000,-72.61900000
3.21655273,-88.20552000,-75.40945000
3.21716309,-87.47819000,-89.46132000
3.21777344,-93.59084000,-81.91101000
3.21838379,-95.04311000,-74.32090000
3.21899414,-90.51746000,-68.57236000
3.21960449,-91.55698000,-65.35461000
3.22021484,-94.20304000,-63.98110000
3.22082520,-93.71397000,-66.43515000
3.22143555,-88.29967000,-70.90415000
3.22204590,-85.74023000,-70.51348000
3.22265625,-92.24524000,-73.07319000
3.22326660,-98.47693000,-81.78709000
3.22387695,-91.65111000,-78.60147000
3.22448730,-94.30660000,-82.03233000
3.22509766,-89.55547000,-83.80907000
3.22570801,-88.44540000,-78.14465000
3.22631836,-91.04869000,-84.47587000
3.22692871,-99.60913000,-84.10572000
3.22753906,-98.69289000,-88.42238000
3.22814941,-91.50989000,-80.34734000
3.22875977,-92.48875000,-82.59718000
3.22937012,-92.75467000,-71.93598000
3.22998047,-94.71954000,-74.53415000
3.23059082,-95.55896000,-76.31472000
3.23120117,-99.47398000,-78.21605000
3.23181152,-102.95990000,-72.22479000
3.23242188,-90.94125000,-71.26704000
3.23303223,-88.14484000,-75.94998000
3.23364258,-88.05122000,-81.49020000
3.23425293,-97.60664000,-80.56215000
3.23486328,-92.71722000,-70.91340000
3.23547363,-92.85217000,-72.98727000
3.23608398,-100.92230000,-79.80424000
3.23669434,-108.73330000,-79.83421000
3.23730469,-109.19040000,-70.20459000
3.23791504,-92.06804000,-73.12882000
3.23852539,-85.79052000,-83.25668000
3.23913574,-84.81322000,-84.15695000
3.23974609,-88.89554000,-84.73306000
3.24035645,-96.26807000,-72.56638000
3.24096680,-98.59084000,-69.25547000
3.24157715,-90.97424000,-68.70142000
3.24218750,-95.33660000,-70.82230000
3.24279785,-98.20213000,-72.76308000
3.24340820,-98.05791000,-71.67839000
3.24401855,-96.16990000,-71.21441000
3.24462891,-92.15720000,-76.54654000
3.24523926,-87.43465000,-77.83825000
3.24584961,-96.71126000,-76.79137000
3.24645996,-100.14170000,-80.62909000
3.24707031,-102.44050000,-83.88902000
3.24768066,-92.58539000,-82.23667000
3.24829102,-85.51189000,-71.94273000
3.24890137,-79.79753000,-71.96507000
3.24951172,-76.98907000,-69.18503000
3.25012207,-79.92419000,-68.57271000
3.25073242,-91.79337000,-73.31252000
3.25134277,-107.50820000,-74.92587000
3.25195313,-114.75610000,-75.05965000
3.25256348,-92.87906000,-69.76096000
3.25317383,-89.46432000,-70.77527000
3.25378418,-90.20760000,-71.65776000
3.25439453,-90.27988000,-75.85677000
3.25500488,-92.05263000,-82.16441000
3.25561523,-96.83638000,-72.10239000
3.25622559,-92.90084000,-73.94637000
3.25683594,-87.37003000,-76.14892000
3.25744629,-86.24447000,-67.10864000
3.25805664,-86.43445000,-66.86691000
3.25866699,-86.79679000,-73.30199000
3.25927734,-87.48625000,-83.82632000
3.25988770,-90.66217000,-82.96952000
3.26049805,-91.41415000,-72.65277000
3.26110840,-89.32182000,-69.79420000
3.26171875,-93.93907000,-73.92651000
3.26232910,-97.31328000,-80.20308000
3.26293945,-95.22376000,-79.34643000
3.26354980,-92.18551000,-71.72006000
3.26416016,-88.85663000,-73.97040000
3.26477051,-93.35143000,-98.13568000
3.26538086,-101.98610000,-78.70547000
3.26599121,-94.44336000,-74.20874000
3.26660156,-91.39876000,-72.45435000
3.26721191,-95.28584000,-73.38329000
3.26782227,-98.37207000,-70.54064000
3.26843262,-90.60001000,-68.91325000
3.26904297,-89.44637000,-71.81178000
3.26965332,-92.88394000,-85.22945000
3.27026367,-97.62887000,-81.84355000
3.27087402,-92.42345000,-76.49276000
3.27148438,-93.73867000,-68.45130000
3.27209473,-94.83631000,-68.21404000
3.27270508,-90.45730000,-73.31114000
3.27331543,-85.49330000,-70.65797000
3.27392578,-78.69707000,-67.91566000
3.27453613,-79.18901000,-70.91227000
3.27514648,-87.02951000,-76.21858000
3.27575684,-93.62206000,-74.00789000
3.27636719,-88.95445000,-67.75672000
3.27697754,-88.35968000,-66.60085000
3.27758789,-83.96072000,-69.34119000
3.27819824,-85.35910000,-80.41721000
3.27880859,-88.01376000,-76.60150000
3.27941895,-92.31251000,-73.36900000
3.28002930,-97.64081000,-75.39414000
3.28063965,-96.88879000,-76.37183000
3.28125000,-96.16902000,-78.36785000
3.28186035,-90.29823000,-79.73902000
3.28247070,-93.72443000,-75.15433000
3.28308105,-91.01002000,-74.63760000
3.28369141,-89.22626000,-77.02422000
3.28430176,-87.94517000,-74.24040000
3.28491211,-87.41939000,-74.16800000
3.28552246,-86.56563000,-73.42698000
3.28613281,-84.94356000,-68.78932000
3.28674316,-87.47995000,-71.83783000
3.28735352,-91.11047000,-75.19134000
3.28796387,-87.85208000,-73.38707000
3.28857422,-88.43684000,-72.86572000
3.28918457,-93.07971000,-74.88724000
3.28979492,-90.54044000,-75.76385000
3.29040527,-90.23322000,-72.53096000
3.29101563,-88.90192000,-69.27178000
3.29162598,-89.64425000,-68.66336000
3.29223633,-92.24268000,-74.47752000
3.29284668,-94.52943000,-76.09654000
3.29345703,-84.00873000,-75.95308000
3.29406738,-82.49724000,-78.65043000
3.29467773,-89.21467000,-74.75754000
3.29528809,-89.21794000,-76.68993000
3.29589844,-93.16306000,-77.52226000
3.29650879,-96.65413000,-77.42291000
3.29711914,-99.14097000,-75.02287000
3.29772949,-95.55055000,-74.33315000
3.29833984,-93.74696000,-72.08449000
3.29895020,-99.12923000,-73.17016000
3.29956055,-105.08550000,-87.89317000
3.30017090,-97.02646000,-80.01376000
3.30078125,-91.61600000,-83.68465000
3.30139160,-89.34246000,-83.26424000
3.30200195,-87.57643000,-75.53574000
3.30261230,-91.07062000,-73.51232000
3.30322266,-95.39985000,-87.43002000
3.30383301,-90.38696000,-74.93356000
3.30444336,-85.62260000,-75.21400000
3.30505371,-83.85426000,-80.72955000
3.30566406,-86.44008000,-77.01740000
3.30627441,-91.40109000,-72.63690000
3.30688477,-92.36914000,-71.31863000
3.30749512,-86.33400000,-71.74371000
3.30810547,-84.51908000,-70.03209000
3.30871582,-85.14665000,-69.41636000
3.30932617,-86.83788000,-67.55509000
3.30993652,-93.38810000,-68.83321000
3.31054688,-100.73050000,-81.74400000
3.31115723,-95.06870000,-78.03220000
3.31176758,-89.99197000,-71.24339000
3.31237793,-89.20461000,-68.85519000
3.31298828,-82.93825000,-72.49347000
3.31359863,-82.01639000,-81.56765000
3.31420898,-87.15527000,-73.24298000
3.31481934,-99.07151000,-72.98424000
3.31542969,-95.94733000,-77.97697000
3.31604004,-91.89133000,-77.34816000
3.31665039,-90.17197000,-74.44035000
3.31726074,-89.54732000,-73.81474000
3.31787109,-90.76794000,-71.97006000
3.31848145,-92.02793000,-74.08233000
3.31909180,-90.97678000,-76.67932000
3.31970215,-88.15098000,-80.69124000
3.32031250,-91.91092000,-80.68970000
3.32092285,-105.97980000,-76.96004000
3.32153320,-99.05083000,-79.28458000
3.32214355,-111.33760000,-71.73827000
3.32275391,-98.62655000,-68.73126000
3.32336426,-90.57923000,-71.78760000
3.32397461,-90.02702000,-75.36687000
3.32458496,-93.04456000,-84.05455000
3.32519531,-96.87357000,-72.51219000
3.32580566,-94.13374000,-68.57697000
3.32641602,-96.50136000,-68.47193000
3.32702637,-89.26286000,-81.70249000
3.32763672,-99.40005000,-74.01832000
3.32824707,-88.77644000,-69.79530000
3.32885742,-87.39170000,-69.00481000
3.32946777,-95.17758000,-71.90153000
3.33007813,-96.17241000,-76.06184000
3.33068848,-101.18520000,-81.93056000
3.33129883,-91.53273000,-94.43228000
3.33190918,-87.59177000,-77.72353000
3.33251953,-85.75965000,-71.89397000
3.33312988,-83.01309000,-72.66193000
3.33374023,-76.86718000,-76.38358000
3.33435059,-75.74238000,-88.46862000
3.33496094,-80.54109000,-83.17673000
3.33557129,-87.95602000,-86.42493000
3.33618164,-93.07763000,-78.23660000
3.33679199,-96.99568000,-74.09872000
3.33740234,-91.68816000,-70.61219000
3.33801270,-90.77081000,-69.95695000
3.33862305,-89.97653000,-72.23560000
3.33923340,-87.05024000,-74.50811000
3.33984375,-88.50712000,-78.51007000
3.34045410,-92.14337000,-75.51390000
3.34106445,-95.43576000,-75.44321000
3.34167480,-98.63562000,-78.80470000
3.34228516,-109.04980000,-82.67829000
3.34289551,-106.20870000,-86.94081000
3.34350586,-97.62701000,-76.56654000
3.34411621,-90.76316000,-74.87199000
3.34472656,-90.05402000,-83.38059000
3.34533691,-90.41031000,-85.78533000
3.34594727,-89.32152000,-75.85764000
3.34655762,-90.06847000,-73.50423000
3.34716797,-93.54684000,-69.31020000
3.34777832,-102.05250000,-75.87641000
3.34838867,-91.13611000,-78.19485000
3.34899902,-91.50474000,-81.45013000
3.34960938,-80.44051000,-77.70174000
3.35021973,-79.78240000,-73.96429000
3.35083008,-90.55362000,-75.27686000
3.35144043,-92.36480000,-69.60379000
3.35205078,-91.19935000,-68.87421000
3.35266113,-92.54383000,-75.62630000
3.35327148,-91.54259000,-74.86912000
3.35388184,-97.82295000,-70.00990000
3.35449219,-96.13228000,-67.63108000
3.35510254,-96.66470000,-67.86295000
3.35571289,-100.82020000,-72.83315000
3.35632324,-93.45241000,-79.68472000
3.35693359,-93.19924000,-84.36294000
3.35754395,-92.41515000,-80.92432000
3.35815430,-93.68697000,-76.16114000
3.35876465,-92.34203000,-70.85551000
3.35937500,-92.57676000,-75.71042000
3.35998535,-93.10325000,-74.96056000
3.36059570,-92.33083000,-72.68895000
3.36120605,-93.86880000,-72.86493000
3.36181641,-106.34110000,-72.67462000
3.36242676,-93.45184000,-73.98508000
3.36303711,-94.18719000,-76.89896000
3.36364746,-93.99355000,-79.66256000
3.36425781,-104.69040000,-76.91164000
3.36486816,-103.34370000,-78.27668000
3.36547852,-104.46090000,-73.40083000
3.36608887,-93.12415000,-74.75771000
3.36669922,-91.72250000,-72.36745000
3.36730957,-92.60480000,-70.94010000
3.36791992,-89.80696000,-70.50935000
3.36853027,-96.45336000,-72.09560000
3.36914063,-93.05809000,-74.28320000
3.36975098,-95.83971000,-81.14117000
3.37036133,-98.94759000,-79.69167000
3.37097168,-88.15742000,-78.67697000
3.37158203,-83.67332000,-81.16550000
3.37219238,-84.37091000,-73.81504000
3.37280273,-91.43622000,-71.67317000
3.37341309,-84.68990000,-73.06960000
3.37402344,-78.01729000,-85.20710000
3.37463379,-81.37131000,-87.19977000
3.37524414,-97.07085000,-82.44653000
3.37585449,-90.44038000,-82.79788000
3.37646484,-91.09677000,-80.76400000
3.37707520,-97.90794000,-77.47412000
3.37768555,-91.91495000,-71.18539000
3.37829590,-86.63004000,-76.23212000
3.37890625,-84.42821000,-86.13364000
3.37951660,-85.97591000,-78.14207000
3.38012695,-93.75993000,-74.69527000
3.38073730,-93.59369000,-71.44424000
3.38134766,-89.37424000,-72.35005000
3.38195801,-94.26853000,-73.89648000
3.38256836,-91.82130000,-76.42638000
3.38317871,-90.02162000,-72.23834000
3.38378906,-91.55236000,-69.23961000
3.38439941,-93.90110000,-77.90948000
3.38500977,-98.96980000,-71.97293000
3.38562012,-94.31976000,-73.89426000
3.38623047,-88.96791000,-80.28226000
3.38684082,-90.77449000,-70.09917000
3.38745117,-92.68199000,-68.84161000
3.38806152,-92.79865000,-74.63171000
3.38867188,-93.25378000,-80.03037000
3.38928223,-98.25560000,-84.88098000
3.38989258,-96.43350000,-70.53233000
3.39050293,-90.93265000,-69.80559000
3.39111328,-91.90390000,-73.18992000
3.39172363,-93.92607000,-68.84311000
3.39233398,-96.99127000,-70.07968000
3.39294434,-97.35871000,-76.34177000
3.39355469,-93.26328000,-72.44285000
3.39416504,-93.32581000,-69.39139000
3.39477539,-96.46286000,-69.80965000
3.39538574,-98.10234000,-71.75569000
3.39599609,-103.63680000,-71.38375000
3.39660645,-114.17330000,-72.01266000
3.39721680,-94.44634000,-73.82184000
3.39782715,-85.60300000,-68.85551000
3.39843750,-84.41287000,-71.12585000
3.39904785,-88.32603000,-72.11497000
3.39965820,-94.23325000,-70.75235000
3.40026855,-90.53578000,-73.82920000
3.40087891,-92.49901000,-81.14127000
3.40148926,-103.71230000,-72.17554000
3.40209961,-94.51012000,-74.57448000
3.40270996,-91.00801000,-80.41751000
3.40332031,-90.53882000,-76.22567000
3.40393066,-88.57518000,-75.15123000
3.40454102,-90.72585000,-72.52715000
3.40515137,-89.86516000,-78.86440000
3.40576172,-89.25627000,-77.51895000
3.40637207,-90.60675000,-68.03336000
3.40698242,-88.18387000,-63.83753000
3.40759277,-91.09747000,-67.16669000
3.40820313,-93.16047000,-75.85066000
3.40881348,-90.62263000,-74.95187000
3.40942383,-93.59778000,-75.01964000
3.41003418,-103.08490000,-80.67119000
3.41064453,-94.64075000,-78.03114000
3.41125488,-93.31465000,-83.98286000
3.41186523,-90.78101000,-76.24777000
3.41247559,-91.05867000,-79.70560000
3.41308594,-91.12885000,-76.34583000
3.41369629,-90.42377000,-78.29635000
3.41430664,-88.11291000,-81.52210000
3.41491699,-87.79938000,-73.77027000
3.41552734,-89.46162000,-72.20000000
3.41613770,-92.82332000,-74.97982000
3.41674805,-96.25665000,-73.61266000
3.41735840,-97.76152000,-78.21717000
3.41796875,-98.64418000,-79.21214000
3.41857910,-96.45732000,-70.36807000
3.41918945,-120.43720000,-69.09540000
3.41979980,-102.04080000,-70.15112000
3.42041016,-93.41470000,-70.72529000
3.42102051,-91.77293000,-69.31574000
3.42163086,-92.83427000,-70.01183000
3.42224121,-98.93471000,-76.00217000
3.42285156,-95.23952000,-80.51247000
3.42346191,-93.73582000,-83.42345000
3.42407227,-94.27987000,-81.87875000
3.42468262,-97.27499000,-87.68974000
3.42529297,-108.65190000,-73.88390000
3.42590332,-96.43977000,-68.88184000
3.42651367,-96.16997000,-72.23779000
3.42712402,-93.86604000,-78.01492000
3.42773438,-90.58849000,-69.30814000
3.42834473,-92.01550000,-73.29122000
3.42895508,-97.32707000,-78.15069000
3.42956543,-102.54210000,-74.86411000
3.43017578,-97.65682000,-71.85083000
3.43078613,-91.79434000,-72.85493000
3.43139648,-92.61642000,-82.83429000
3.43200684,-84.60389000,-75.49390000
3.43261719,-87.03819000,-73.76463000
3.43322754,-90.03197000,-70.20229000
3.43383789,-83.33247000,-72.21234000
3.43444824,-85.47356000,-84.51936000
3.43505859,-95.09126000,-77.58371000
3.43566895,-92.30945000,-72.43466000
3.43627930,-86.67769000,-69.22728000
3.43688965,-84.88324000,-71.03530000
3.43750000,-90.81918000,-71.54334000
3.43811035,-90.88219000,-70.13734000
3.43872070,-88.49101000,-69.39999000
3.43933105,-91.61664000,-74.89546000
3.43994141,-95.48260000,-73.34148000
3.44055176,-92.16948000,-71.07851000
3.44116211,-90.57480000,-80.38217000
3.44177246,-98.02692000,-83.59416000
3.44238281,-92.49371000,-74.48033000
3.44299316,-90.62946000,-70.14213000
3.44360352,-89.04496000,-72.34744000
3.44421387,-87.63853000,-78.55568000
3.44482422,-90.57603000,-85.46129000
3.44543457,-107.29320000,-80.88354000
3.44604492,-95.37746000,-72.10957000
3.44665527,-100.88750000,-69.88467000
3.44726563,-95.35527000,-76.31993000
3.44787598,-88.28178000,-72.96245000
3.44848633,-85.27401000,-69.24471000
3.44909668,-86.49262000,-70.18002000
3.44970703,-93.64590000,-74.32980000
3.45031738,-99.42097000,-75.34916000
3.45092773,-89.38262000,-82.12723000
3.45153809,-85.49446000,-81.10437000
3.45214844,-87.18282000,-76.61839000
3.45275879,-94.86713000,-77.31866000
3.45336914,-94.36012000,-77.60213000
3.45397949,-89.21114000,-81.80444000
3.45458984,-94.29759000,-88.96658000
3.45520020,-97.00142000,-76.63139000
3.45581055,-104.73250000,-68.45885000
3.45642090,-103.81730000,-66.73077000
3.45703125,-95.19168000,-68.38438000
3.45764160,-108.37330000,-71.54468000
3.45825195,-92.75603000,-76.16403000
3.45886230,-88.98213000,-86.41113000
3.45947266,-91.64479000,-82.01488000
3.46008301,-91.72287000,-76.63073000
3.46069336,-87.60075000,-78.10071000
3.46130371,-85.23929000,-75.70079000
3.46191406,-89.61041000,-82.79242000
3.46252441,-104.16010000,-77.25600000
3.46313477,-100.66170000,-84.90528000
3.46374512,-92.30336000,-78.88793000
3.46435547,-91.94832000,-73.71632000
3.46496582,-97.51045000,-82.89623000
3.46557617,-95.83072000,-70.37124000
3.46618652,-91.56175000,-67.94484000
3.46679688,-103.58820000,-71.00166000
3.46740723,-95.07733000,-73.56432000
3.46801758,-92.04317000,-72.07370000
3.46862793,-87.93376000,-71.16714000
3.46923828,-86.86873000,-69.69779000
3.46984863,-90.16756000,-71.38025000
3.47045898,-93.90899000,-83.02118000
3.47106934,-91.52872000,-74.26353000
3.47167969,-96.64178000,-72.52679000
3.47229004,-92.27318000,-73.21764000
3.47290039,-92.50785000,-74.64111000
3.47351074,-86.40769000,-83.19936000
3.47412109,-81.80524000,-78.18994000
3.47473145,-84.02618000,-75.85196000
3.47534180,-85.88583000,-70.50931000
3.47595215,-88.88218000,-71.06995000
3.47656250,-101.11350000,-74.89944000
3.47717285,-95.75055000,-75.82434000
3.47778320,-90.79818000,-74.28049000
3.47839355,-92.69180000,-79.97422000
3.47900391,-94.42699000,-87.62852000
3.47961426,-100.10850000,-76.76109000
3.48022461,-92.85612000,-71.32885000
3.48083496,-88.05251000,-72.63280000
3.48144531,-86.72099000,-73.22565000
3.48205566,-88.48107000,-73.17912000
3.48266602,-93.28125000,-72.68031000
3.48327637,-104.12170000,-70.17505000
3.48388672,-102.80200000,-72.48353000
3.48449707,-93.21332000,-81.55483000
3.48510742,-88.17844000,-75.13066000
3.48571777,-91.03316000,-73.72451000
3.48632813,-92.46441000,-76.05236000
3.48693848,-88.66891000,-73.93102000
3.48754883,-88.52068000,-70.89016000
3.48815918,-90.89847000,-72.50591000
3.48876953,-90.82864000,-75.64552000
3.48937988,-97.78710000,-76.99032000
3.48999023,-94.31614000,-69.29227000
3.49060059,-94.11381000,-67.65582000
3.49121094,-94.87868000,-77.97911000
3.49182129,-90.01260000,-71.94188000
3.49243164,-87.52303000,-69.50771000
3.49304199,-86.20515000,-72.61630000
3.49365234,-86.84685000,-72.07908000
3.49426270,-92.98011000,-82.90841000
3.49487305,-92.86056000,-70.64028000
3.49548340,-90.65106000,-70.22382000
3.49609375,-94.23311000,-91.29081000
3.49670410,-88.59399000,-72.59675000
3.49731445,-87.10807000,-72.73047000
3.49792480,-91.02700000,-81.23735000
3.49853516,-91.45505000,-76.40919000
3.49914551,-87.18007000,-70.04245000
3.49975586,-82.89229000,-74.55646000
3.50036621,-84.88223000,-71.70213000
3.50097656,-85.18549000,-71.47976000
3.50158691,-80.92410000,-85.87201000
3.50219727,-84.30230000,-80.79242000
3.50280762,-96.39822000,-81.15765000
3.50341797,-95.06219000,-76.71078000
3.50402832,-97.31584000,-71.68637000
3.50463867,-94.04984000,-71.30691000
3.50524902,-87.69241000,-71.67880000
3.50585938,-86.07247000,-70.62534000
3.50646973,-93.01011000,-72.80090000
3.50708008,-103.44970000,-76.64877000
3.50769043,-105.41940000,-77.48759000
3.50830078,-94.12193000,-77.67966000
3.50891113,-95.53581000,-80.11806000
3.50952148,-101.63510000,-73.70918000
3.51013184,-89.01378000,-74.27025000
3.51074219,-85.73620000,-80.65852000
3.51135254,-86.27819000,-79.79150000
3.51196289,-87.27817000,-69.73595000
3.51257324,-91.10327000,-67.70880000
3.51318359,-96.86456000,-70.77367000
3.51379395,-86.61294000,-74.16499000
3.51440430,-84.58186000,-74.15763000
3.51501465,-92.93931000,-77.80948000
3.51562500,-90.72937000,-84.45972000
3.51623535,-87.86853000,-79.45805000
3.51684570,-91.01287000,-73.62012000
3.51745605,-96.41254000,-72.45622000
3.51806641,-92.75041000,-72.53648000
3.51867676,-86.27756000,-70.75443000
3.51928711,-87.44322000,-71.74212000
3.51989746,-96.44294000,-72.38804000
3.52050781,-91.97114000,-74.00069000
3.52111816,-85.30768000,-81.09032000
3.52172852,-87.07107000,-71.96472000
3.52233887,-95.37471000,-68.39473000
3.52294922,-97.34501000,-69.17167000
3.52355957,-92.71964000,-75.04149000
3.52416992,-86.39873000,-82.17583000
3.52478027,-87.43278000,-80.72714000
3.52539063,-97.21739000,-82.45079000
3.52600098,-93.58786000,-74.96285000
3.52661133,-95.12117000,-73.61501000
3.52722168,-90.56647000,-75.83419000
3.52783203,-88.34927000,-83.76823000
3.52844238,-90.18143000,-82.92447000
3.52905273,-98.94586000,-81.56921000
3.52966309,-104.60350000,-85.43207000
3.53027344,-96.79520000,-83.01501000
3.53088379,-90.89160000,-78.37659000
3.53149414,-88.11687000,-83.11848000
3.53210449,-87.03867000,-72.69569000
3.53271484,-94.03942000,-68.92219000
3.53332520,-106.35990000,-70.93243000
3.53393555,-96.64520000,-77.51741000
3.53454590,-96.49429000,-97.99050000
3.53515625,-99.92778000,-101.69220000
3.53576660,-96.53744000,-82.28214000
3.53637695,-103.85270000,-73.55035000
3.53698730,-100.80160000,-70.52803000
3.53759766,-94.40694000,-72.79958000
3.53820801,-89.80563000,-77.97179000
3.53881836,-96.66576000,-74.52250000
3.53942871,-92.25803000,-73.24186000
3.54003906,-93.06670000,-70.62715000
3.54064941,-92.95312000,-69.95716000
3.54125977,-91.64170000,-69.44524000
3.54187012,-91.83181000,-71.49452000
3.54248047,-90.50873000,-76.49371000
3.54309082,-92.56691000,-83.06477000
3.54370117,-97.75893000,-85.75573000
3.54431152,-96.65963000,-81.70427000
3.54492188,-99.56513000,-76.94533000
3.54553223,-102.07210000,-75.65179000
3.54614258,-99.39365000,-76.55076000
3.54675293,-96.35446000,-79.29736000
3.54736328,-92.22698000,-72.47726000
3.54797363,-90.76804000,-70.20306000
3.54858398,-91.50964000,-72.61712000
3.54919434,-87.04527000,-70.96975000
3.54980469,-81.54488000,-73.19637000
3.55041504,-83.10470000,-75.49082000
3.55102539,-92.45047000,-73.70035000
3.55163574,-97.13913000,-72.17992000
3.55224609,-95.59302000,-77.52010000
3.55285645,-97.72251000,-75.02577000
3.55346680,-91.97087000,-82.48081000
3.55407715,-87.25328000,-78.24289000
3.55468750,-89.57916000,-68.02645000
3.55529785,-95.59724000,-65.81849000
3.55590820,-94.73427000,-70.18694000
3.55651855,-90.24420000,-83.28104000
3.55712891,-95.07386000,-72.90361000
3.55773926,-100.22240000,-75.41142000
3.55834961,-98.17702000,-81.88816000
3.55895996,-97.99445000,-79.93980000
3.55957031,-95.35265000,-73.96005000
3.56018066,-102.04880000,-71.37165000
3.56079102,-101.06800000,-76.12855000
3.56140137,-100.77340000,-82.07346000
3.56201172,-89.44266000,-79.02830000
3.56262207,-87.40478000,-79.49258000
3.56323242,-94.09514000,-80.79609000
3.56384277,-89.87595000,-82.38974000
3.56445313,-88.01076000,-73.16544000
3.56506348,-90.04089000,-71.75977000
3.56567383,-89.76823000,-73.55064000
3.56628418,-90.52590000,-75.09045000
3.56689453,-94.64420000,-75.01443000
3.56750488,-105.85580000,-77.94930000
3.56811523,-95.75860000,-80.56375000
3.56872559,-91.63463000,-79.21422000
3.56933594,-101.88350000,-81.78703000
3.56994629,-94.51138000,-79.50850000
3.57055664,-95.54653000,-78.72977000
3.57116699,-91.62869000,-80.62211000
3.57177734,-99.07358000,-75.39198000
3.57238770,-107.92950000,-75.34282000
3.57299805,-88.47200000,-75.12743000
3.57360840,-75.01325000,-83.31268000
3.57421875,-72.27976000,-79.94013000
3.57482910,-78.48968000,-76.95528000
3.57543945,-90.86861000,-75.46274000
3.57604980,-90.30920000,-68.30703000
3.57666016,-90.96207000,-69.48256000
3.57727051,-94.97501000,-75.07765000
3.57788086,-95.21390000,-74.37626000
3.57849121,-102.05350000,-70.57936000
3.57910156,-96.58626000,-73.56685000
3.57971191,-90.28014000,-77.70743000
3.58032227,-91.24785000,-72.43329000
3.58093262,-88.51825000,-67.22080000
3.58154297,-88.54132000,-67.55789000
3.58215332,-91.69593000,-72.33250000
3.58276367,-101.07320000,-72.46719000
3.58337402,-91.48166000,-68.97441000
3.58398438,-98.73486000,-68.78520000
3.58459473,-92.64388000,-73.07169000
3.58520508,-86.47569000,-76.87407000
3.58581543,-85.78732000,-74.48969000
3.58642578,-90.18699000,-78.01881000
3.58703613,-92.36904000,-72.06422000
3.58764648,-106.92130000,-75.41091000
3.58825684,-92.18291000,-71.83641000
3.58886719,-99.35319000,-73.34859000
3.58947754,-94.25809000,-76.67755000
3.59008789,-93.58009000,-74.48804000
3.59069824,-97.31698000,-73.19592000
3.59130859,-90.42807000,-71.57008000
3.59191895,-88.06889000,-71.92246000
3.59252930,-92.77254000,-82.23875000
3.59313965,-100.92150000,-72.08083000
3.59375000,-95.04138000,-68.80796000
3.59436035,-98.32550000,-71.63843000
3.59497070,-100.25950000,-73.56427000
3.59558105,-94.61303000,-74.51027000
3.59619141,-92.93565000,-86.08247000
3.59680176,-101.12680000,-74.93529000
3.59741211,-94.97392000,-70.90913000
3.59802246,-96.57571000,-69.51338000
3.59863281,-88.35857000,-68.58357000
3.59924316,-85.38711000,-68.27577000
3.59985352,-85.77438000,-71.00850000
3.60046387,-100.44100000,-83.43978000
3.60107422,-90.59299000,-75.77135000
3.60168457,-88.64355000,-75.06120000
3.60229492,-93.13984000,-72.01137000
3.60290527,-88.78523000,-68.91561000
3.60351563,-87.80373000,-73.87194000
3.60412598,-92.17165000,-88.56309000
3.60473633,-90.67834000,-70.89458000
3.60534668,-89.18669000,-68.44740000
3.60595703,-87.26833000,-74.27390000
3.60656738,-86.66660000,-87.24538000
3.60717773,-97.25134000,-74.84321000
3.60778809,-88.50626000,-69.63954000
3.60839844,-88.61732000,-72.14810000
3.60900879,-94.63203000,-76.65158000
3.60961914,-89.50524000,-75.82190000
3.61022949,-90.52102000,-77.80072000
3.61083984,-89.73138000,-80.62108000
3.61145020,-91.75624000,-71.99496000
3.61206055,-98.02086000,-67.43738000
3.61267090,-95.42654000,-70.56707000
3.61328125,-99.20739000,-87.08276000
3.61389160,-107.41980000,-76.24493000
3.61450195,-95.38120000,-76.13724000
3.61511230,-88.65019000,-77.42168000
3.61572266,-86.29073000,-74.05732000
3.61633301,-84.50730000,-70.14198000
3.61694336,-84.17644000,-70.55605000
3.61755371,-86.15283000,-70.26571000
3.61816406,-89.98289000,-70.32620000
3.61877441,-93.47076000,-68.21432000
3.61938477,-94.40442000,-69.28629000
3.61999512,-88.35657000,-73.85957000
3.62060547,-85.65021000,-80.90733000
3.62121582,-89.60198000,-75.55184000
3.62182617,-95.71037000,-73.07652000
3.62243652,-97.32430000,-71.98516000
3.62304688,-95.21471000,-74.00218000
3.62365723,-92.48513000,-77.39617000
3.62426758,-89.11694000,-74.69844000
3.62487793,-93.72852000,-77.90654000
3.62548828,-91.68099000,-73.46572000
3.62609863,-90.30742000,-80.72548000
3.62670898,-96.25146000,-87.44262000
3.62731934,-95.35256000,-75.64712000
3.62792969,-96.23170000,-72.74832000
3.62854004,-99.49162000,-72.19652000
3.62915039,-96.80330000,-74.90614000
3.62976074,-88.15132000,-85.65932000
3.63037109,-85.31174000,-81.90090000
3.63098145,-88.94687000,-77.80135000
3.63159180,-94.55669000,-78.35070000
3.63220215,-88.93948000,-75.14998000
3.63281250,-85.87663000,-84.00883000
3.63342285,-88.13853000,-72.22396000
3.63403320,-91.56201000,-74.73414000
3.63464355,-89.03323000,-77.06828000
3.63525391,-89.09287000,-67.83205000
3.63586426,-94.30592000,-74.36293000
3.63647461,-103.52720000,-75.66371000
3.63708496,-93.51112000,-72.29829000
3.63769531,-93.60345000,-73.17387000
3.63830566,-90.75665000,-78.20218000
3.63891602,-94.07248000,-81.23596000
3.63952637,-98.45087000,-77.44249000
3.64013672,-91.86342000,-85.47238000
3.64074707,-93.42506000,-89.34702000
3.64135742,-96.81973000,-81.09081000
3.64196777,-96.86913000,-86.50209000
3.64257813,-88.98676000,-72.07489000
3.64318848,-87.38232000,-70.76857000
3.64379883,-87.51001000,-83.28563000
3.64440918,-90.68706000,-76.45061000
3.64501953,-101.78000000,-72.58336000
3.64562988,-96.50690000,-69.78486000
3.64624023,-91.00216000,-76.08321000
3.64685059,-89.89723000,-76.58912000
3.64746094,-92.35620000,-70.91343000
3.64807129,-93.93753000,-68.90307000
3.64868164,-93.04762000,-70.74338000
3.64929199,-94.02342000,-81.58781000
3.64990234,-94.67152000,-81.63834000
3.65051270,-97.15894000,-85.33573000
3.65112305,-105.67870000,-72.93880000
3.65173340,-96.06635000,-77.82426000
3.65234375,-95.38324000,-83.06877000
3.65295410,-102.50140000,-79.63034000
3.65356445,-114.05290000,-78.25516000
3.65417480,-96.63506000,-73.50069000
3.65478516,-89.39059000,-72.62688000
3.65539551,-88.53833000,-74.47594000
3.65600586,-87.96138000,-78.21633000
3.65661621,-86.57134000,-86.62440000
3.65722656,-89.62897000,-79.45927000
3.65783691,-96.32091000,-89.33643000
3.65844727,-87.18921000,-85.98705000
3.65905762,-86.37757000,-74.40571000
3.65966797,-90.07915000,-75.64061000
3.66027832,-90.93739000,-71.94909000
3.66088867,-87.78403000,-73.06045000
3.66149902,-89.44376000,-74.71654000
3.66210938,-93.51906000,-75.57459000
3.66271973,-113.24290000,-81.25604000
3.66333008,-93.55450000,-78.86476000
3.66394043,-89.30103000,-71.22642000
3.66455078,-95.28866000,-75.19546000
3.66516113,-92.16998000,-77.43721000
3.66577148,-85.23164000,-72.20164000
3.66638184,-87.33527000,-72.64996000
3.66699219,-98.03315000,-75.99782000
3.66760254,-92.89955000,-86.70184000
3.66821289,-100.99550000,-78.74551000
3.66882324,-96.34369000,-75.86366000
3.66943359,-91.72668000,-80.17601000
3.67004395,-88.66121000,-76.60133000
3.67065430,-91.62369000,-72.61646000
3.67126465,-102.72710000,-71.40959000
3.67187500,-91.96756000,-71.34061000
3.67248535,-87.01691000,-75.01403000
3.67309570,-88.62251000,-78.47779000
3.67370605,-83.94560000,-75.35580000
3.67431641,-80.53142000,-92.29665000
3.67492676,-84.04494000,-76.35310000
3.67553711,-91.44374000,-73.44910000
3.67614746,-96.54535000,-75.27729000
3.67675781,-92.93866000,-79.15846000
3.67736816,-91.19182000,-74.04334000
3.67797852,-96.79001000,-70.57229000
3.67858887,-96.65166000,-70.02997000
3.67919922,-91.16627000,-73.76645000
3.67980957,-88.61488000,-79.48225000
3.68041992,-88.02521000,-91.54285000
3.68103027,-92.98363000,-83.04036000
3.68164063,-99.35907000,-75.71899000
3.68225098,-91.83799000,-72.52953000
3.68286133,-87.79181000,-71.59562000
3.68347168,-87.02881000,-74.16803000
3.68408203,-86.00231000,-76.07258000
3.68469238,-85.87831000,-85.37451000
3.68530273,-93.36015000,-77.75269000
3.68591309,-92.62978000,-75.15825000
3.68652344,-91.30982000,-71.81674000
3.68713379,-94.41151000,-77.69845000
3.68774414,-93.82829000,-70.17999000
3.68835449,-88.67034000,-73.66288000
3.68896484,-88.52644000,-81.19247000
3.68957520,-94.33155000,-72.46502000
3.69018555,-95.48952000,-72.85218000
3.69079590,-92.81159000,-78.92805000
3.69140625,-97.90439000,-69.10905000
3.69201660,-100.50950000,-69.15021000
3.69262695,-95.69019000,-72.14134000
3.69323730,-100.56300000,-74.26283000
3.69384766,-85.12893000,-75.13045000
3.69445801,-83.16620000,-77.75061000
3.69506836,-86.80798000,-81.90514000
3.69567871,-94.78477000,-80.85863000
3.69628906,-99.19550000,-74.02603000
3.69689941,-102.53910000,-75.89641000
3.69750977,-92.48173000,-92.26756000
3.69812012,-89.36342000,-82.32201000
3.69873047,-91.42030000,-78.90870000
3.69934082,-83.69904000,-85.28073000
3.69995117,-80.99372000,-87.86724000
3.70056152,-85.89598000,-80.21485000
3.70117188,-88.34815000,-73.76565000
3.70178223,-86.20700000,-76.21430000
3.70239258,-85.56785000,-76.01690000
3.70300293,-88.29906000,-77.44663000
3.70361328,-89.30493000,-73.11346000
3.70422363,-86.57261000,-72.51410000
3.70483398,-90.29762000,-84.36774000
3.70544434,-97.42416000,-85.09717000
3.70605469,-92.09520000,-83.71239000
3.70666504,-92.91798000,-76.74033000
3.70727539,-94.77489000,-73.06245000
3.70788574,-93.35506000,-82.10132000
3.70849609,-95.98924000,-78.07590000
3.70910645,-87.50019000,-78.88512000
3.70971680,-86.21335000,-71.33393000
3.71032715,-86.73203000,-67.23569000
3.71093750,-90.70529000,-69.75058000
3.71154785,-91.94466000,-77.84329000
3.71215820,-87.31795000,-73.89594000
3.71276855,-85.69573000,-71.98046000
3.71337891,-87.62709000,-71.22572000
3.71398926,-89.71994000,-72.41980000
3.71459961,-87.74966000,-70.55473000
3.71520996,-86.49103000,-70.42735000
3.71582031,-88.39090000,-76.45917000
3.71643066,-87.34732000,-79.02945000
3.71704102,-95.54941000,-70.69514000
3.71765137,-93.72069000,-65.38614000
3.71826172,-97.61481000,-64.98940000
3.71887207,-89.06821000,-69.16830000
3.71948242,-88.49319000,-74.29066000
3.72009277,-102.20940000,-77.23409000
3.72070313,-90.77991000,-79.58588000
3.72131348,-84.80309000,-73.45854000
3.72192383,-85.35622000,-82.60990000
3.72253418,-93.10396000,-80.36048000
3.72314453,-92.45422000,-76.66144000
3.72375488,-86.03433000,-74.99358000
3.72436523,-89.52541000,-76.24643000
3.72497559,-103.90420000,-77.79149000
3.72558594,-99.93974000,-70.57975000
3.72619629,-100.66360000,-73.49177000
3.72680664,-94.51339000,-76.11550000
3.72741699,-89.84658000,-80.83274000
3.72802734,-89.66364000,-75.29214000
3.72863770,-92.36866000,-71.04247000
3.72924805,-108.60850000,-71.79144000
3.72985840,-97.83087000,-72.60481000
3.73046875,-95.01120000,-71.85748000
3.73107910,-89.45042000,-70.67338000
3.73168945,-91.80946000,-73.23708000
3.73229980,-92.81276000,-75.79118000
3.73291016,-90.52524000,-74.99110000
3.73352051,-87.28143000,-79.69545000
3.73413086,-87.14999000,-69.21049000
3.73474121,-102.15250000,-71.20679000
3.73535156,-93.74497000,-74.41616000
3.73596191,-91.22479000,-77.09680000
3.73657227,-92.23766000,-71.86392000
3.73718262,-94.37909000,-69.33766000
3.73779297,-93.01349000,-68.02254000
3.73840332,-88.89107000,-73.68520000
3.73901367,-91.00842000,-81.92925000
3.73962402,-91.06064000,-76.74634000
3.74023438,-99.70490000,-80.74095000
3.74084473,-89.54996000,-74.16746000
3.74145508,-91.98413000,-77.71407000
3.74206543,-94.93289000,-75.26215000
3.74267578,-88.78274000,-70.40303000
3.74328613,-88.21686000,-73.52353000
3.74389648,-88.44367000,-75.25839000
3.74450684,-89.30421000,-73.34760000
3.74511719,-93.11249000,-73.18784000
3.74572754,-95.68471000,-73.56708000
3.74633789,-94.08204000,-72.60196000
3.74694824,-99.14020000,-67.46427000
3.74755859,-99.50040000,-66.14782000
3.74816895,-103.26670000,-69.08524000
3.74877930,-94.83971000,-73.44814000
3.74938965,-81.57462000,-65.16397000
3.75000000,-79.64548000,-63.90229000
3.75061035,-87.10207000,-66.90765000
3.75122070,-90.17747000,-68.75293000
3.75183105,-88.35553000,-70.90421000
3.75244141,-96.41143000,-70.80930000
3.75305176,-85.67207000,-74.22477000
3.75366211,-81.87871000,-84.73363000
3.75427246,-83.88455000,-84.77067000
3.75488281,-92.11180000,-79.06804000
3.75549316,-94.19980000,-78.01994000
3.75610352,-92.23785000,-74.50015000
3.75671387,-104.34440000,-75.65614000
3.75732422,-100.59770000,-78.67273000
3.75793457,-100.95580000,-75.51111000
3.75854492,-91.53215000,-72.35500000
3.75915527,-89.60695000,-70.62976000
3.75976563,-91.30446000,-72.14715000
3.76037598,-95.27904000,-83.44514000
3.76098633,-101.34220000,-76.95943000
3.76159668,-99.62433000,-72.27433000
3.76220703,-90.50024000,-73.60518000
3.76281738,-91.68025000,-78.27898000
3.76342773,-95.31994000,-73.47869000
3.76403809,-88.11633000,-72.52676000
3.76464844,-95.67038000,-76.22832000
3.76525879,-95.66365000,-89.23381000
3.76586914,-90.26059000,-73.32023000
3.76647949,-91.04195000,-70.91093000
3.76708984,-102.67460000,-70.26756000
3.76770020,-93.69470000,-68.95257000
3.76831055,-96.16531000,-74.37157000
3.76892090,-95.66344000,-82.42715000
3.76953125,-91.51071000,-84.31682000
3.77014160,-89.60349000,-75.49001000
3.77075195,-86.84135000,-70.60442000
3.77136230,-87.21930000,-70.60248000
3.77197266,-87.82126000,-73.97567000
3.77258301,-88.99060000,-79.61242000
3.77319336,-85.59827000,-79.88120000
3.77380371,-80.93829000,-77.86533000
3.77441406,-83.46513000,-79.12337000
3.77502441,-96.75441000,-77.67126000
3.77563477,-90.83554000,-75.15305000
3.77624512,-89.64555000,-72.26876000
3.77685547,-88.38565000,-71.62202000
3.77746582,-90.49249000,-73.89986000
3.77807617,-89.68593000,-77.14456000
3.77868652,-87.76706000,-72.44881000
3.77929688,-89.33414000,-68.47495000
3.77990723,-91.86325000,-66.00905000
3.78051758,-92.04990000,-65.38017000
3.78112793,-91.77216000,-67.94536000
3.78173828,-96.37856000,-72.29736000
3.78234863,-100.99880000,-72.15922000
3.78295898,-93.00925000,-71.45789000
3.78356934,-88.32857000,-80.40490000
3.78417969,-88.85682000,-77.36365000
3.78479004,-92.00560000,-73.80723000
3.78540039,-90.83138000,-83.28988000
3.78601074,-97.55573000,-75.48455000
3.78662109,-89.64793000,-71.17198000
3.78723145,-87.00665000,-69.52000000
3.78784180,-90.12079000,-70.65373000
3.78845215,-90.51235000,-76.00815000
3.78906250,-89.99199000,-75.93185000
3.78967285,-93.56437000,-78.29863000
3.79028320,-92.32659000,-77.01009000
3.79089355,-99.04088000,-74.51870000
3.79150391,-88.34374000,-72.78008000
3.79211426,-87.41164000,-76.28635000
3.79272461,-98.13246000,-77.78624000
3.79333496,-98.10909000,-73.41372000
3.79394531,-99.77599000,-74.98865000
3.79455566,-104.64140000,-71.65850000
3.79516602,-102.21470000,-76.89488000
3.79577637,-101.64450000,-76.69713000
3.79638672,-90.37751000,-78.95072000
3.79699707,-89.15770000,-75.73502000
3.79760742,-90.13912000,-73.53500000
3.79821777,-89.91075000,-82.63394000
3.79882813,-83.83022000,-72.01559000
3.79943848,-74.62065000,-65.62105000
3.80004883,-73.54063000,-66.21658000
3.80065918,-81.47029000,-75.25517000
3.80126953,-88.01224000,-83.27872000
3.80187988,-86.75805000,-84.40419000
3.80249023,-92.18098000,-80.32027000
3.80310059,-89.85902000,-70.98380000
3.80371094,-89.14766000,-74.26864000
3.80432129,-88.77633000,-74.24333000
3.80493164,-99.01855000,-78.70777000
3.80554199,-88.05116000,-79.24397000
3.80615234,-84.36993000,-89.74445000
3.80676270,-84.38130000,-77.80293000
3.80737305,-85.93259000,-71.78819000
3.80798340,-86.71468000,-71.93188000
3.80859375,-90.37589000,-71.82198000
3.80920410,-90.39841000,-69.47463000
3.80981445,-90.65918000,-70.86858000
3.81042480,-89.35619000,-80.54408000
3.81103516,-89.77682000,-75.90092000
3.81164551,-95.76328000,-71.04906000
3.81225586,-102.73050000,-71.95515000
3.81286621,-101.63890000,-82.22023000
3.81347656,-90.85349000,-72.94498000
3.81408691,-84.36433000,-69.92400000
3.81469727,-88.33955000,-72.79070000
3.81530762,-89.34937000,-79.62793000
3.81591797,-90.26868000,-87.80731000
3.81652832,-96.68953000,-83.22600000
3.81713867,-88.80838000,-84.53876000
3.81774902,-87.70995000,-70.92230000
3.81835938,-100.08150000,-71.16740000
3.81896973,-94.46500000,-75.84412000
3.81958008,-94.51115000,-79.01504000
3.82019043,-91.56061000,-85.92670000
3.82080078,-93.82172000,-78.11050000
3.82141113,-86.55392000,-73.18795000
3.82202148,-82.33094000,-70.79595000
3.82263184,-84.74846000,-70.57230000
3.82324219,-92.86774000,-71.43187000
3.82385254,-83.26911000,-73.21527000
3.82446289,-83.87737000,-103.45670000
3.82507324,-90.73020000,-79.15891000
3.82568359,-100.39350000,-78.39758000
3.82629395,-97.32466000,-69.47921000
3.82690430,-95.29152000,-66.30502000
3.82751465,-95.53682000,-66.40796000
3.82812500,-89.31622000,-71.78885000
3.82873535,-93.08757000,-77.65305000
3.82934570,-86.00154000,-82.81379000
3.82995605,-81.98022000,-80.21146000
3.83056641,-80.64458000,-71.25941000
3.83117676,-81.50562000,-69.27312000
3.83178711,-84.40139000,-69.44665000
3.83239746,-85.29779000,-71.78174000
3.83300781,-83.43118000,-71.36890000
3.83361816,-85.29916000,-69.99506000
3.83422852,-90.45764000,-73.44650000
3.83483887,-84.78725000,-82.62468000
3.83544922,-84.01982000,-68.62769000
3.83605957,-86.80830000,-65.37698000
3.83666992,-89.65701000,-67.30119000
3.83728027,-91.14192000,-75.23438000
3.83789063,-93.04966000,-81.61395000
3.83850098,-88.28362000,-71.38370000
3.83911133,-88.31813000,-70.30079000
3.83972168,-92.38597000,-75.97411000
3.84033203,-95.52440000,-79.13959000
3.84094238,-102.20710000,-77.75619000
3.84155273,-90.47345000,-79.65484000
3.84216309,-85.05223000,-87.25578000
3.84277344,-85.93018000,-76.88415000
3.84338379,-93.25894000,-73.61058000
3.84399414,-100.68980000,-72.14698000
3.84460449,-89.00897000,-71.60876000
3.84521484,-87.99236000,-73.57700000
3.84582520,-93.39184000,-70.78508000
3.84643555,-92.27741000,-69.58398000
3.84704590,-86.60831000,-73.27180000
3.84765625,-87.50070000,-81.11030000
3.84826660,-94.61183000,-76.31477000
3.84887695,-94.76411000,-78.35052000
3.84948730,-82.46422000,-74.11945000
3.85009766,-81.98749000,-74.19614000
3.85070801,-89.36026000,-78.87951000
3.85131836,-97.38158000,-79.32746000
3.85192871,-91.65569000,-72.09212000
3.85253906,-85.94727000,-73.63811000
3.85314941,-87.58257000,-67.95598000
3.85375977,-91.86165000,-69.07047000
3.85437012,-96.66263000,-68.94579000
3.85498047,-96.97714000,-68.37035000
3.85559082,-93.16257000,-72.05771000
3.85620117,-106.46390000,-73.20632000
3.85681152,-98.19424000,-72.75961000
3.85742188,-93.16143000,-75.29459000
3.85803223,-93.01392000,-78.17619000
3.85864258,-93.92513000,-83.39200000
3.85925293,-92.85577000,-89.63905000
3.85986328,-95.26894000,-78.44566000
3.86047363,-95.75340000,-77.51657000
3.86108398,-98.46941000,-83.13229000
3.86169434,-93.61028000,-83.15807000
3.86230469,-95.14515000,-82.36432000
3.86291504,-92.80234000,-79.33238000
3.86352539,-91.11327000,-74.81290000
3.86413574,-92.23967000,-76.30882000
3.86474609,-95.59721000,-80.10064000
3.86535645,-94.23690000,-80.78777000
3.86596680,-96.50890000,-70.15384000
3.86657715,-117.41780000,-66.39726000
3.86718750,-109.32200000,-67.48204000
3.86779785,-95.14493000,-73.74763000
3.86840820,-89.26147000,-88.50928000
3.86901855,-90.76186000,-81.92496000
3.86962891,-88.72247000,-76.36624000
3.87023926,-85.86725000,-73.15723000
3.87084961,-93.10249000,-73.14256000
3.87145996,-93.27321000,-98.80066000
3.87207031,-93.02557000,-73.07674000
3.87268066,-92.30762000,-75.16681000
3.87329102,-78.08469000,-70.63236000
3.87390137,-71.45564000,-65.72282000
3.87451172,-73.61633000,-67.66005000
3.87512207,-83.19781000,-83.32161000
3.87573242,-86.90212000,-71.86561000
3.87634277,-85.62905000,-69.75048000
3.87695313,-85.74604000,-70.25292000
3.87756348,-88.18409000,-71.25125000
3.87817383,-87.70169000,-78.61172000
3.87878418,-85.08543000,-72.54926000
3.87939453,-91.93504000,-67.63886000
3.88000488,-97.13797000,-75.46362000
3.88061523,-92.36442000,-74.55077000
3.88122559,-90.31142000,-75.29782000
3.88183594,-91.47628000,-76.27555000
3.88244629,-89.67391000,-76.27450000
3.88305664,-88.39210000,-85.95936000
3.88366699,-88.92091000,-84.89203000
3.88427734,-88.11402000,-84.90668000
3.88488770,-91.01772000,-81.80685000
3.88549805,-89.05711000,-70.69365000
3.88610840,-92.44175000,-70.45663000
3.88671875,-94.48628000,-80.16288000
3.88732910,-91.63210000,-75.38049000
3.88793945,-92.89801000,-73.18727000
3.88854980,-95.44677000,-70.67191000
3.88916016,-101.82010000,-71.38622000
3.88977051,-104.99840000,-71.51803000
3.89038086,-103.15830000,-70.30021000
3.89099121,-92.04405000,-75.04283000
3.89160156,-87.95303000,-76.13069000
3.89221191,-88.15606000,-75.33202000
3.89282227,-91.20309000,-75.14019000
3.89343262,-98.55348000,-69.54771000
3.89404297,-94.17062000,-68.25356000
3.89465332,-91.90215000,-70.06533000
3.89526367,-93.16519000,-69.96868000
3.89587402,-90.75453000,-71.19673000
3.89648438,-115.46700000,-70.71778000
3.89709473,-92.83860000,-69.21027000
3.89770508,-91.18030000,-69.51188000
3.89831543,-88.34319000,-75.93479000
3.89892578,-91.59942000,-78.52919000
3.89953613,-78.82436000,-77.76877000
3.90014648,-78.30427000,-78.10805000
3.90075684,-82.82207000,-77.90936000
3.90136719,-85.92389000,-78.44155000
3.90197754,-87.76067000,-88.34612000
3.90258789,-87.15109000,-89.92848000
3.90319824,-93.97427000,-79.59906000
3.90380859,-87.21506000,-71.83430000
3.90441895,-88.93902000,-69.82811000
3.90502930,-99.61684000,-74.26864000
3.90563965,-108.37910000,-86.27490000
3.90625000,-97.74178000,-75.33575000
3.90686035,-99.11707000,-76.17130000
3.90747070,-90.11898000,-78.13383000
3.90808105,-87.40196000,-76.08225000
3.90869141,-92.49611000,-76.99921000
3.90930176,-94.93069000,-75.72237000
3.90991211,-89.57040000,-77.06300000
3.91052246,-89.91637000,-84.53267000
3.91113281,-101.47080000,-86.20750000
3.91174316,-88.64752000,-73.63788000
3.91235352,-85.79545000,-67.51020000
3.91296387,-90.55676000,-70.05934000
3.91357422,-93.27914000,-78.61584000
3.91418457,-87.84267000,-71.14050000
3.91479492,-88.16071000,-68.28017000
3.91540527,-91.89022000,-68.33244000
3.91601563,-96.74344000,-73.19305000
3.91662598,-90.01042000,-88.06637000
3.91723633,-91.62873000,-76.01210000
3.91784668,-89.30122000,-79.24916000
3.91845703,-84.13370000,-82.12261000
3.91906738,-82.62177000,-87.12488000
3.91967773,-82.84126000,-77.29018000
3.92028809,-81.76965000,-73.97948000
3.92089844,-102.64430000,-71.78981000
3.92150879,-79.24307000,-73.30434000
3.92211914,-80.36056000,-105.77240000
3.92272949,-90.34317000,-75.48996000
3.92333984,-89.55516000,-71.34521000
3.92395020,-88.39611000,-69.92197000
3.92456055,-97.25006000,-74.70363000
3.92517090,-91.88249000,-75.43510000
3.92578125,-85.35893000,-85.31033000
3.92639160,-93.46961000,-88.18570000
3.92700195,-85.14652000,-78.21217000
3.92761230,-81.26423000,-75.77892000
3.92822266,-85.16429000,-75.62727000
3.92883301,-120.08960000,-74.01101000
3.92944336,-90.43410000,-70.60394000
3.93005371,-86.43218000,-70.03598000
3.93066406,-83.03394000,-69.52932000
3.93127441,-85.63934000,-73.91979000
3.93188477,-87.01962000,-79.40366000
3.93249512,-85.84529000,-80.78828000
3.93310547,-87.37770000,-78.31879000
3.93371582,-89.29460000,-73.48829000
3.93432617,-82.90382000,-72.87265000
3.93493652,-84.02592000,-72.64581000
3.93554688,-87.85038000,-72.97842000
3.93615723,-89.05969000,-69.85657000
3.93676758,-86.57996000,-72.24189000
3.93737793,-86.83533000,-73.02039000
3.93798828,-90.74401000,-68.88965000
3.93859863,-94.74626000,-66.41237000
3.93920898,-94.55891000,-70.58278000
3.93981934,-99.98814000,-80.23076000
3.94042969,-103.46340000,-82.27805000
3.94104004,-98.73048000,-93.75034000
3.94165039,-102.55740000,-78.24174000
3.94226074,-99.47203000,-76.42880000
3.94287109,-99.60521000,-81.27699000
3.94348145,-90.84687000,-77.67935000
3.94409180,-88.16486000,-73.85032000
3.94470215,-86.95103000,-79.62106000
3.94531250,-87.87331000,-79.68064000
3.94592285,-91.07052000,-77.89767000
3.94653320,-91.07303000,-76.32287000
3.94714355,-87.89174000,-78.59227000
3.94775391,-87.43218000,-84.61094000
3.94836426,-84.84333000,-77.34607000
3.94897461,-90.28012000,-83.56665000
3.94958496,-79.86246000,-71.69675000
3.95019531,-82.32863000,-68.91068000
3.95080566,-92.00295000,-69.78903000
3.95141602,-90.69427000,-75.71392000
3.95202637,-102.40170000,-89.84138000
3.95263672,-109.95100000,-96.81065000
3.95324707,-97.62325000,-74.21641000
3.95385742,-92.84240000,-71.79733000
3.95446777,-92.31269000,-73.72199000
3.95507813,-93.68313000,-74.12627000
3.95568848,-97.79349000,-72.17002000
3.95629883,-92.78065000,-68.40264000
3.95690918,-92.49860000,-70.51920000
3.95751953,-90.46057000,-76.39003000
3.95812988,-93.99308000,-75.30844000
3.95874023,-96.77309000,-75.05602000
3.95935059,-97.86881000,-76.82117000
3.95996094,-100.87810000,-72.76471000
3.96057129,-93.65172000,-71.69542000
3.96118164,-96.51584000,-81.51033000
3.96179199,-90.31762000,-78.25758000
3.96240234,-89.97677000,-80.65546000
3.96301270,-88.61427000,-82.64262000
3.96362305,-91.67515000,-75.41579000
3.96423340,-87.39677000,-72.05400000
3.96484375,-87.78496000,-71.48213000
3.96545410,-86.99355000,-78.65425000
3.96606445,-84.48497000,-73.85841000
3.96667480,-87.41306000,-68.71188000
3.96728516,-92.31052000,-67.02218000
3.96789551,-92.49635000,-67.13033000
3.96850586,-93.03745000,-70.43788000
3.96911621,-91.49888000,-75.02114000
3.96972656,-90.48213000,-75.23936000
3.97033691,-88.28746000,-74.48584000
3.97094727,-89.82608000,-80.46989000
3.97155762,-95.64864000,-72.79134000
3.97216797,-93.35606000,-79.70911000
3.97277832,-98.56805000,-70.40096000
3.97338867,-85.95670000,-67.70446000
3.97399902,-84.65936000,-67.28614000
3.97460938,-90.75163000,-70.30421000
3.97521973,-89.51356000,-71.28296000
3.97583008,-88.08733000,-65.94837000
3.97644043,-88.81199000,-65.82684000
3.97705078,-98.54663000,-69.72999000
3.97766113,-92.87281000,-72.35674000
3.97827148,-89.83839000,-72.45325000
3.97888184,-89.91833000,-73.48498000
3.97949219,-89.52690000,-84.67755000
3.98010254,-88.01342000,-76.46523000
3.98071289,-85.80329000,-71.34357000
3.98132324,-86.80429000,-77.17708000
3.98193359,-84.65984000,-79.87697000
3.98254395,-82.40280000,-75.31950000
3.98315430,-84.60176000,-74.19345000
3.98376465,-93.44853000,-71.76369000
3.98437500,-91.13403000,-71.46371000
3.98498535,-89.03322000,-83.86952000
3.98559570,-85.87700000,-80.00804000
3.98620605,-85.29913000,-78.83232000
3.98681641,-92.00230000,-66.95564000
3.98742676,-91.06556000,-65.33874000
3.98803711,-89.71040000,-68.09971000
3.98864746,-94.76001000,-72.95516000
3.98925781,-102.44050000,-73.56227000
3.98986816,-104.43780000,-75.59666000
3.99047852,-92.26747000,-76.77863000
3.99108887,-90.85648000,-78.64951000
3.99169922,-97.15652000,-88.05580000
3.99230957,-94.52076000,-79.29820000
3.99291992,-90.26689000,-82.47245000
3.99353027,-81.92195000,-71.63637000
3.99414063,-79.65810000,-66.47622000
3.99475098,-85.81680000,-65.73478000
3.99536133,-100.66970000,-71.43966000
3.99597168,-95.68997000,-77.66152000
3.99658203,-93.64737000,-71.53398000
3.99719238,-91.63067000,-76.32391000
3.99780273,-95.66863000,-79.32544000
3.99841309,-76.76718000,-78.75333000
3.99902344,-72.81161000,-73.95867000
3.99963379,-73.74587000,-71.64130000
4.00024414,-78.72540000,-71.50285000
4.00085449,-89.52031000,-72.75272000
4.00146484,-89.12258000,-71.38088000
4.00207520,-90.09709000,-69.87046000
4.00268555,-96.62901000,-71.93690000
4.00329590,-88.61469000,-80.09169000
4.00390625,-89.90778000,-89.39751000
4.00451660,-89.32114000,-81.48963000
4.00512695,-91.53168000,-80.62692000
4.00573730,-88.84751000,-83.51292000
4.00634766,-89.64028000,-79.03014000
4.00695801,-92.86249000,-75.14603000
4.00756836,-92.54240000,-81.97517000
4.00817871,-90.63550000,-81.53130000
4.00878906,-90.59947000,-78.22707000
4.00939941,-92.91681000,-83.93091000
4.01000977,-90.62827000,-86.96173000
4.01062012,-87.92464000,-71.35435000
4.01123047,-86.94234000,-66.37616000
4.01184082,-87.68833000,-68.80866000
4.01245117,-100.43190000,-77.16567000
4.01306152,-94.01002000,-75.80551000
4.01367188,-92.52478000,-71.67569000
4.01428223,-91.87405000,-70.25475000
4.01489258,-92.70919000,-72.58439000
4.01550293,-97.37001000,-84.22687000
4.01611328,-93.41827000,-73.98525000
4.01672363,-94.64645000,-78.04478000
4.01733398,-97.13001000,-72.85457000
4.01794434,-90.83566000,-68.59900000
4.01855469,-90.22314000,-67.32954000
4.01916504,-92.63622000,-75.08481000
4.01977539,-90.72999000,-74.74560000
4.02038574,-86.61250000,-71.72219000
4.02099609,-82.61588000,-71.83968000
4.02160645,-76.58943000,-75.30969000
4.02221680,-76.06427000,-81.76507000
4.02282715,-79.37721000,-78.41521000
4.02343750,-89.57945000,-77.77689000
4.02404785,-88.48750000,-69.49913000
4.02465820,-87.46143000,-68.90694000
4.02526855,-91.74946000,-75.85112000
4.02587891,-91.42857000,-72.83691000
4.02648926,-94.12144000,-70.80043000
4.02709961,-95.67290000,-72.68407000
4.02770996,-96.76163000,-73.94312000
4.02832031,-91.83868000,-77.98701000
4.02893066,-89.46596000,-76.36332000
4.02954102,-89.69609000,-69.46219000
4.03015137,-88.59893000,-67.09235000
4.03076172,-90.02800000,-70.33991000
4.03137207,-95.26730000,-71.75361000
4.03198242,-96.30142000,-76.19890000
4.03259277,-87.79816000,-78.95852000
4.03320313,-86.16966000,-72.16441000
4.03381348,-107.62450000,-69.52374000
4.03442383,-90.69253000,-70.46662000
4.03503418,-93.79845000,-77.81470000
4.03564453,-90.32330000,-81.85136000
4.03625488,-90.87413000,-76.59045000
4.03686523,-93.38664000,-75.88477000
4.03747559,-100.65820000,-77.76392000
4.03808594,-104.44930000,-87.45383000
4.03869629,-97.12051000,-86.10263000
4.03930664,-91.71479000,-80.79041000
4.03991699,-92.35310000,-82.39757000
4.04052734,-97.03546000,-84.16875000
4.04113770,-92.74575000,-76.04944000
4.04174805,-88.85956000,-70.06223000
4.04235840,-86.95283000,-70.61644000
4.04296875,-82.13570000,-71.78312000
4.04357910,-83.87730000,-72.60954000
4.04418945,-97.95555000,-88.98780000
4.04479980,-92.10431000,-73.00732000
4.04541016,-90.47466000,-73.16859000
4.04602051,-90.21521000,-81.00024000
4.04663086,-90.01128000,-75.09642000
4.04724121,-93.18811000,-70.85045000
4.04785156,-103.51230000,-76.39164000
4.04846191,-91.26711000,-85.45480000
4.04907227,-89.62646000,-83.38492000
4.04968262,-79.07555000,-76.29237000
4.05029297,-80.11263000,-72.92534000
4.05090332,-85.47626000,-75.13889000
4.05151367,-93.49463000,-84.33328000
4.05212402,-103.03860000,-69.55275000
4.05273438,-91.01633000,-69.54340000
4.05334473,-79.97417000,-76.22276000
4.05395508,-76.34890000,-80.13158000
4.05456543,-81.52597000,-82.68398000
4.05517578,-106.08820000,-78.17826000
4.05578613,-93.39370000,-83.70454000
4.05639648,-96.54777000,-77.32783000
4.05700684,-93.92307000,-75.97134000
4.05761719,-88.08530000,-79.85899000
4.05822754,-89.17896000,-79.91013000
4.05883789,-90.19939000,-74.70512000
4.05944824,-87.18492000,-71.04478000
4.06005859,-89.40166000,-71.97350000
4.06066895,-89.95837000,-82.83866000
4.06127930,-86.46751000,-77.06104000
4.06188965,-85.68971000,-80.15997000
4.06250000,-87.81680000,-72.84638000
4.06311035,-89.33303000,-75.46957000
4.06372070,-89.59230000,-95.92184000
4.06433105,-87.55199000,-73.61304000
4.06494141,-89.59141000,-73.67025000
4.06555176,-93.23457000,-90.62050000
4.06616211,-91.89750000,-82.46993000
4.06677246,-89.96716000,-76.19855000
4.06738281,-96.75548000,-74.99290000
4.06799316,-94.41653000,-71.94923000
4.06860352,-90.06981000,-67.16954000
4.06921387,-91.95629000,-73.32823000
4.06982422,-97.00898000,-72.38605000
4.07043457,-86.82747000,-68.94945000
4.07104492,-87.77031000,-76.42268000
4.07165527,-97.37740000,-75.77213000
4.07226563,-91.74654000,-76.76888000
4.07287598,-91.56039000,-75.06078000
4.07348633,-83.79214000,-74.71535000
4.07409668,-80.88358000,-82.04900000
4.07470703,-90.52577000,-76.56062000
4.07531738,-95.26208000,-71.21236000
4.07592773,-91.36188000,-70.16370000
4.07653809,-90.58865000,-72.32314000
4.07714844,-95.54603000,-76.66106000
4.07775879,-95.30300000,-77.31958000
4.07836914,-90.75202000,-74.31941000
4.07897949,-89.12688000,-80.94749000
4.07958984,-89.39116000,-77.01788000
4.08020020,-99.35249000,-71.76971000
4.08081055,-96.78050000,-75.03610000
4.08142090,-87.48718000,-75.43398000
4.08203125,-83.97119000,-77.37279000
4.08264160,-87.43462000,-82.84010000
4.08325195,-87.58965000,-81.75177000
4.08386230,-82.30755000,-80.40659000
4.08447266,-85.88324000,-75.56942000
4.08508301,-95.55462000,-70.46233000
4.08569336,-96.75702000,-69.48487000
4.08630371,-91.24383000,-74.17725000
4.08691406,-85.28580000,-84.96690000
4.08752441,-83.98678000,-83.31384000
4.08813477,-86.22670000,-78.75493000
4.08874512,-88.79097000,-82.75038000
4.08935547,-91.19966000,-85.36118000
4.08996582,-92.88468000,-75.66621000
4.09057617,-91.63728000,-73.77385000
4.09118652,-90.23457000,-73.39761000
4.09179688,-87.52934000,-70.27354000
4.09240723,-88.32267000,-72.01095000
4.09301758,-90.55417000,-83.13528000
4.09362793,-89.06205000,-75.18874000
4.09423828,-90.69203000,-79.26026000
4.09484863,-90.53611000,-71.44717000
4.09545898,-89.04610000,-69.30266000
4.09606934,-95.10471000,-80.49323000
4.09667969,-92.98660000,-77.49399000
4.09729004,-97.15565000,-72.69710000
4.09790039,-92.84698000,-74.08878000
4.09851074,-79.92111000,-81.32649000
4.09912109,-73.55908000,-73.24406000
4.09973145,-71.63692000,-68.79285000
4.10034180,-77.11929000,-71.56216000
4.10095215,-92.23766000,-71.71129000
4.10156250,-91.91448000,-81.82372000
4.10217285,-92.17397000,-80.69061000
4.10278320,-92.24442000,-76.48296000
4.10339355,-93.01597000,-75.02414000
4.10400391,-96.47858000,-74.16015000
4.10461426,-109.80600000,-74.17307000
4.10522461,-96.18607000,-73.89100000
4.10583496,-95.65411000,-74.85520000
4.10644531,-93.22861000,-76.98502000
4.10705566,-88.61388000,-72.06586000
4.10766602,-88.66054000,-69.60384000
4.10827637,-90.02901000,-72.17148000
4.10888672,-90.38557000,-76.35954000
4.10949707,-87.60724000,-71.76016000
4.11010742,-86.89479000,-72.11824000
4.11071777,-86.91672000,-70.65848000
4.11132813,-91.40279000,-69.06024000
4.11193848,-99.03702000,-66.00833000
4.11254883,-90.26425000,-67.13124000
4.11315918,-78.43813000,-78.95668000
4.11376953,-71.45248000,-65.57920000
4.11437988,-72.88081000,-64.83671000
4.11499023,-81.72387000,-68.42335000
4.11560059,-85.07435000,-72.50774000
4.11621094,-87.82841000,-68.81837000
4.11682129,-88.45023000,-66.85204000
4.11743164,-88.25275000,-68.57939000
4.11804199,-93.71364000,-68.41235000
4.11865234,-91.69785000,-68.61599000
4.11926270,-94.84636000,-74.28500000
4.11987305,-105.51830000,-74.44541000
4.12048340,-89.42214000,-71.37763000
4.12109375,-88.96979000,-71.59526000
4.12170410,-90.13397000,-72.55635000
4.12231445,-88.84988000,-74.09483000
4.12292480,-89.49603000,-76.91127000
4.12353516,-88.48384000,-80.92247000
4.12414551,-89.63687000,-80.91125000
4.12475586,-92.75917000,-77.08801000
4.12536621,-111.04790000,-75.32376000
4.12597656,-95.58687000,-81.56760000
4.12658691,-98.66177000,-73.43973000
4.12719727,-108.68050000,-70.36999000
4.12780762,-97.28402000,-70.17356000
4.12841797,-90.25674000,-72.52541000
4.12902832,-86.14498000,-89.49516000
4.12963867,-85.80476000,-72.93774000
4.13024902,-98.43240000,-76.27197000
4.13085938,-97.43097000,-76.65753000
4.13146973,-95.37055000,-73.58819000
4.13208008,-93.14748000,-75.07301000
4.13269043,-100.11980000,-90.24043000
4.13330078,-106.84140000,-77.83795000
4.13391113,-106.75180000,-72.46791000
4.13452148,-93.33517000,-74.03485000
4.13513184,-89.96788000,-85.38001000
4.13574219,-103.21920000,-74.60316000
4.13635254,-91.82422000,-82.42673000
4.13696289,-92.47208000,-78.81484000
4.13757324,-96.74619000,-86.80516000
4.13818359,-98.63760000,-78.76315000
4.13879395,-97.04799000,-87.67154000
4.13940430,-93.54188000,-84.93114000
4.14001465,-91.11302000,-81.40855000
4.14062500,-92.17545000,-80.71010000
4.14123535,-91.03107000,-79.12253000
4.14184570,-86.68745000,-71.59058000
4.14245605,-85.43149000,-68.80171000
4.14306641,-89.36780000,-74.29591000
4.14367676,-80.50238000,-72.33574000
4.14428711,-80.84136000,-68.08878000
4.14489746,-89.41096000,-70.02119000
4.14550781,-92.57846000,-72.97085000
4.14611816,-94.55069000,-78.74272000
4.14672852,-91.27109000,-70.27448000
4.14733887,-90.41749000,-69.44268000
4.14794922,-89.39614000,-70.68681000
4.14855957,-96.09863000,-75.04209000
4.14916992,-83.31234000,-70.65564000
4.14978027,-79.02699000,-72.48712000
4.15039063,-87.45231000,-79.51252000
4.15100098,-93.02098000,-78.47465000
4.15161133,-96.54519000,-74.51369000
4.15222168,-90.17238000,-77.11379000
4.15283203,-86.83758000,-79.07099000
4.15344238,-88.41272000,-74.90591000
4.15405273,-89.03337000,-74.72676000
4.15466309,-93.76054000,-82.00784000
4.15527344,-98.01212000,-79.07992000
4.15588379,-99.38038000,-71.17650000
4.15649414,-102.80000000,-68.33419000
4.15710449,-95.16406000,-70.28314000
4.15771484,-91.71693000,-74.92767000
4.15832520,-91.57624000,-79.38470000
4.15893555,-85.74218000,-83.03125000
4.15954590,-81.89058000,-92.53471000
4.16015625,-83.91240000,-80.68892000
4.16076660,-91.72047000,-76.36811000
4.16137695,-89.78477000,-77.06721000
4.16198730,-93.02162000,-80.81319000
4.16259766,-96.39063000,-83.17628000
4.16320801,-94.33648000,-79.02380000
4.16381836,-90.78764000,-73.09639000
4.16442871,-88.82251000,-75.81541000
4.16503906,-85.60783000,-79.55095000
4.16564941,-81.06120000,-69.35385000
4.16625977,-84.70300000,-73.03158000
4.16687012,-106.85460000,-79.02255000
4.16748047,-96.67494000,-73.96761000
4.16809082,-92.67735000,-77.69660000
4.16870117,-88.65478000,-75.59085000
4.16931152,-90.31911000,-69.94689000
4.16992188,-93.03613000,-66.46469000
4.17053223,-96.64377000,-66.80068000
4.17114258,-90.81187000,-68.97124000
4.17175293,-88.90464000,-74.64909000
4.17236328,-93.11431000,-74.72304000
4.17297363,-87.53214000,-87.44530000
4.17358398,-78.67890000,-71.52734000
4.17419434,-77.86457000,-70.74342000
4.17480469,-86.90189000,-78.84999000
4.17541504,-83.01968000,-91.24197000
4.17602539,-83.79779000,-80.76127000
4.17663574,-91.56473000,-72.79685000
4.17724609,-95.96919000,-70.61373000
4.17785645,-94.19118000,-73.83934000
4.17846680,-88.82234000,-77.80967000
4.17907715,-93.54325000,-82.33094000
4.17968750,-83.99700000,-73.21266000
4.18029785,-84.02098000,-70.42889000
4.18090820,-97.04708000,-72.40957000
4.18151855,-97.19489000,-79.45992000
4.18212891,-93.90263000,-86.62914000
4.18273926,-95.28146000,-77.21967000
4.18334961,-92.06268000,-87.40830000
4.18395996,-88.82578000,-71.59829000
4.18457031,-93.96649000,-78.17448000
4.18518066,-84.65984000,-79.35873000
4.18579102,-80.22781000,-81.16029000
4.18640137,-86.22946000,-78.77236000
4.18701172,-100.37710000,-81.86537000
4.18762207,-93.08740000,-80.86768000
4.18823242,-89.45525000,-77.15097000
4.18884277,-84.71916000,-71.66499000
4.18945313,-83.94603000,-70.84225000
4.19006348,-90.10318000,-72.21265000
4.19067383,-97.11608000,-73.80386000
4.19128418,-89.73848000,-74.35744000
4.19189453,-87.36284000,-74.09145000
4.19250488,-90.32508000,-76.11095000
4.19311523,-95.75800000,-74.17530000
4.19372559,-90.14380000,-74.82027000
4.19433594,-86.23526000,-71.88112000
4.19494629,-88.71078000,-72.21758000
4.19555664,-92.23918000,-78.21288000
4.19616699,-97.37550000,-77.94890000
4.19677734,-94.59912000,-85.95603000
4.19738770,-97.35429000,-74.66791000
4.19799805,-91.97223000,-74.12257000
4.19860840,-87.35699000,-71.02602000
4.19921875,-82.66739000,-66.32454000
4.19982910,-78.93138000,-67.00474000
4.20043945,-83.70270000,-80.26413000
4.20104980,-86.15407000,-78.28030000
4.20166016,-84.58772000,-75.43483000
4.20227051,-90.88314000,-66.47328000
4.20288086,-94.56445000,-70.79718000
4.20349121,-82.44418000,-76.65459000
4.20410156,-81.24725000,-74.05396000
4.20471191,-93.01469000,-71.47313000
4.20532227,-90.78949000,-71.01635000
4.20593262,-92.82894000,-71.94508000
4.20654297,-93.96935000,-71.53296000
4.20715332,-94.17697000,-71.48088000
4.20776367,-94.70406000,-73.92606000
4.20837402,-92.96062000,-80.48850000
4.20898438,-90.60271000,-77.54937000
4.20959473,-97.95602000,-87.37183000
4.21020508,-92.87840000,-71.74135000
4.21081543,-87.72903000,-69.13828000
4.21142578,-89.07817000,-78.59258000
4.21203613,-94.61847000,-85.09016000
4.21264648,-92.42169000,-71.58767000
4.21325684,-88.86343000,-69.02467000
4.21386719,-86.93671000,-71.47098000
4.21447754,-88.62258000,-71.04971000
4.21508789,-87.30499000,-70.72240000
4.21569824,-86.82217000,-71.76288000
4.21630859,-89.72263000,-71.64063000
4.21691895,-109.38010000,-73.48281000
4.21752930,-90.60958000,-73.43283000
4.21813965,-88.36723000,-81.41537000
4.21875000,-89.77950000,-73.77952000
4.21936035,-89.61623000,-72.29624000
4.21997070,-91.81504000,-74.06341000
4.22058105,-87.05783000,-75.74123000
4.22119141,-85.98838000,-72.12163000
4.22180176,-95.27871000,-75.98405000
4.22241211,-98.06534000,-75.17112000
4.22302246,-95.80578000,-68.17502000
4.22363281,-96.74699000,-68.18970000
4.22424316,-90.96363000,-73.74809000
4.22485352,-98.18081000,-77.33403000
4.22546387,-98.80157000,-79.26974000
4.22607422,-95.21980000,-73.60537000
4.22668457,-88.43034000,-72.05613000
4.22729492,-84.70010000,-74.89347000
4.22790527,-88.20542000,-78.26009000
4.22851563,-93.45329000,-81.59618000
4.22912598,-97.48862000,-84.96998000
4.22973633,-92.10260000,-76.28845000
4.23034668,-96.24615000,-75.95850000
4.23095703,-95.78940000,-84.86873000
4.23156738,-99.70249000,-80.38837000
4.23217773,-106.71020000,-78.83556000
4.23278809,-96.70594000,-70.92330000
4.23339844,-87.45968000,-67.80902000
4.23400879,-86.86180000,-65.60007000
4.23461914,-100.02100000,-65.39687000
4.23522949,-91.12787000,-69.60991000
4.23583984,-90.77771000,-73.22464000
4.23645020,-92.23296000,-84.25237000
4.23706055,-91.42146000,-74.70483000
4.23767090,-90.29613000,-73.74572000
4.23828125,-100.65640000,-76.19900000
4.23889160,-90.48181000,-80.05215000
4.23950195,-88.15115000,-80.67337000
4.24011230,-88.70090000,-80.65955000
4.24072266,-91.04953000,-75.61113000
4.24133301,-95.10944000,-82.45811000
4.24194336,-89.20798000,-69.77548000
4.24255371,-98.54623000,-68.91050000
4.24316406,-95.49666000,-75.91765000
4.24377441,-92.96507000,-82.45415000
4.24438477,-92.02842000,-91.34148000
4.24499512,-86.86145000,-81.45039000
4.24560547,-89.53699000,-74.30102000
4.24621582,-103.44350000,-71.55794000
4.24682617,-98.06587000,-71.21976000
4.24743652,-93.42230000,-69.43427000
4.24804688,-95.46132000,-71.83467000
4.24865723,-77.63833000,-76.36951000
4.24926758,-67.27098000,-63.67078000
4.24987793,-66.05527000,-61.58401000
4.25048828,-73.77737000,-69.84250000
4.25109863,-91.18931000,-78.72104000
4.25170898,-88.98230000,-75.04568000
4.25231934,-84.22207000,-78.40533000
4.25292969,-87.79877000,-89.79517000
4.25354004,-95.92766000,-88.46137000
4.25415039,-87.14509000,-85.29553000
4.25476074,-88.63892000,-78.77847000
4.25537109,-91.97033000,-75.72856000
4.25598145,-97.08831000,-77.30764000
4.25659180,-107.20230000,-91.59094000
4.25720215,-112.29390000,-80.68660000
4.25781250,-103.87630000,-86.48012000
4.25842285,-100.45820000,-76.53088000
4.25903320,-91.16995000,-99.48086000
4.25964355,-86.61447000,-71.17009000
4.26025391,-90.96561000,-73.87653000
4.26086426,-96.38951000,-78.93442000
4.26147461,-94.93149000,-100.92940000
4.26208496,-95.25597000,-77.87122000
4.26269531,-85.58794000,-73.64810000
4.26330566,-80.42244000,-70.30123000
4.26391602,-78.34644000,-72.05614000
4.26452637,-82.70792000,-77.38042000
4.26513672,-104.52850000,-80.23306000
4.26574707,-85.26023000,-70.84013000
4.26635742,-90.83147000,-70.00368000
4.26696777,-93.86673000,-71.48794000
4.26757813,-92.63383000,-72.06345000
4.26818848,-93.76567000,-68.30013000
4.26879883,-95.95078000,-66.19337000
4.26940918,-94.46945000,-71.65058000
4.27001953,-90.78358000,-81.35949000
4.27062988,-90.36887000,-76.02398000
4.27124023,-93.98509000,-80.68771000
4.27185059,-92.85644000,-72.01346000
4.27246094,-90.00755000,-72.14003000
4.27307129,-90.44485000,-72.21675000
4.27368164,-88.95950000,-73.61400000
4.27429199,-89.93198000,-77.81702000
4.27490234,-103.22630000,-92.42702000
4.27551270,-95.90639000,-99.87523000
4.27612305,-94.31281000,-78.93994000
4.27673340,-90.97673000,-75.34129000
4.27734375,-88.09986000,-72.17744000
4.27795410,-92.06697000,-71.06953000
4.27856445,-87.59896000,-73.93504000
4.27917480,-85.09899000,-73.93564000
4.27978516,-84.63223000,-71.53525000
4.28039551,-85.72536000,-72.73505000
4.28100586,-88.15074000,-77.18978000
4.28161621,-91.25586000,-84.41718000
4.28222656,-90.54575000,-83.58109000
4.28283691,-90.25951000,-74.34019000
4.28344727,-92.82505000,-70.55452000
4.28405762,-100.84800000,-74.17619000
4.28466797,-92.03711000,-76.50629000
4.28527832,-85.50416000,-73.13069000
4.28588867,-83.25528000,-76.96562000
4.28649902,-84.47333000,-71.78722000
4.28710938,-87.24725000,-71.84731000
4.28771973,-87.93919000,-73.15803000
4.28833008,-95.32935000,-72.70112000
4.28894043,-93.45280000,-76.28748000
4.28955078,-91.06654000,-76.29058000
4.29016113,-89.46001000,-92.31731000
4.29077148,-88.41396000,-85.38277000
4.29138184,-88.19480000,-75.48285000
4.29199219,-86.83598000,-74.23547000
4.29260254,-90.41802000,-75.50433000
4.29321289,-81.39124000,-69.75620000
4.29382324,-76.34759000,-67.85046000
4.29443359,-80.33304000,-69.26855000
4.29504395,-86.12132000,-76.18121000
4.29565430,-91.19583000,-79.72976000
4.29626465,-95.35310000,-73.91965000
4.29687500,-96.04264000,-74.70078000
4.29748535,-90.99962000,-76.14192000
4.29809570,-85.22751000,-76.88815000
4.29870605,-90.25677000,-70.84542000
4.29931641,-81.45774000,-67.47334000
4.29992676,-81.15379000,-71.45635000
4.30053711,-89.59596000,-84.70628000
4.30114746,-102.28920000,-81.02631000
4.30175781,-91.00198000,-75.81834000
4.30236816,-89.60751000,-70.56033000
4.30297852,-86.43093000,-69.59621000
4.30358887,-87.34193000,-72.45679000
4.30419922,-88.42300000,-74.63948000
4.30480957,-88.31589000,-73.12136000
4.30541992,-90.57111000,-74.06592000
4.30603027,-87.74187000,-83.44797000
4.30664063,-87.24759000,-72.64363000
4.30725098,-93.40758000,-73.27821000
4.30786133,-101.70140000,-75.13961000
4.30847168,-97.46555000,-74.66130000
4.30908203,-97.95961000,-73.50809000
4.30969238,-90.16732000,-72.32076000
4.31030273,-95.55680000,-76.23653000
4.31091309,-98.86974000,-87.63011000
4.31152344,-98.02863000,-82.00951000
4.31213379,-101.64610000,-73.66856000
4.31274414,-96.71967000,-76.63563000
4.31335449,-88.12975000,-77.21767000
4.31396484,-87.60548000,-78.65862000
4.31457520,-90.32417000,-80.65248000
4.31518555,-87.43416000,-82.11824000
4.31579590,-87.51913000,-79.03542000
4.31640625,-89.60992000,-87.72056000
4.31701660,-88.30788000,-85.31277000
4.31762695,-90.72105000,-82.09972000
4.31823730,-91.49103000,-79.48332000
4.31884766,-90.71468000,-74.99074000
4.31945801,-89.51911000,-73.50475000
4.32006836,-89.78271000,-75.53230000
4.32067871,-99.09412000,-79.46187000
4.32128906,-91.91164000,-75.12866000
4.32189941,-90.92880000,-79.81156000
4.32250977,-94.05347000,-72.26891000
4.32312012,-83.51190000,-104.32490000
4.32373047,-77.98129000,-76.96166000
4.32434082,-79.43398000,-74.14982000
4.32495117,-87.74585000,-75.62326000
4.32556152,-90.91589000,-74.53242000
4.32617188,-88.73235000,-71.22321000
4.32678223,-90.36370000,-69.61375000
4.32739258,-95.68707000,-71.58589000
4.32800293,-105.54840000,-86.63722000
4.32861328,-103.39230000,-75.24921000
4.32922363,-98.84194000,-70.04758000
4.32983398,-95.03923000,-68.65945000
4.33044434,-97.55020000,-69.97627000
4.33105469,-97.17764000,-83.15500000
4.33166504,-104.47450000,-73.26392000
4.33227539,-92.57020000,-75.42242000
4.33288574,-93.83202000,-93.84953000
4.33349609,-101.18770000,-74.81825000
4.33410645,-92.19445000,-74.05406000
4.33471680,-91.87949000,-83.07494000
4.33532715,-93.88875000,-78.81417000
4.33593750,-95.33293000,-91.66425000
4.33654785,-89.03652000,-80.03734000
4.33715820,-87.68200000,-104.86570000
4.33776855,-87.23929000,-77.33919000
4.33837891,-87.49611000,-71.32277000
4.33898926,-86.20511000,-71.44147000
4.33959961,-85.64628000,-71.39123000
4.34020996,-88.14129000,-74.84417000
4.34082031,-86.57654000,-84.94615000
4.34143066,-86.49092000,-73.85114000
4.34204102,-97.16022000,-77.36594000
4.34265137,-94.06361000,-75.02722000
4.34326172,-97.66685000,-69.40842000
4.34387207,-99.37168000,-74.59451000
4.34448242,-91.27951000,-90.69093000
4.34509277,-93.35966000,-77.74126000
4.34570313,-98.30966000,-73.90596000
4.34631348,-88.98453000,-74.04711000
4.34692383,-91.02437000,-75.42274000
4.34753418,-98.86760000,-80.73383000
4.34814453,-89.54629000,-75.83086000
4.34875488,-91.44696000,-71.70908000
4.34936523,-77.39589000,-69.01585000
4.34997559,-76.79285000,-70.46907000
4.35058594,-83.80647000,-70.94939000
4.35119629,-92.54863000,-69.86818000
4.35180664,-93.00238000,-75.37871000
4.35241699,-92.33764000,-75.67361000
4.35302734,-81.58963000,-71.60474000
4.35363770,-72.00778000,-70.68369000
4.35424805,-72.67157000,-72.83214000
4.35485840,-82.66167000,-71.26660000
4.35546875,-92.88522000,-69.99785000
4.35607910,-90.81590000,-71.67839000
4.35668945,-94.97466000,-74.96753000
4.35729980,-96.82841000,-80.16122000
4.35791016,-93.36037000,-83.14984000
4.35852051,-93.94989000,-73.83784000
4.35913086,-91.68237000,-71.29915000
4.35974121,-89.29417000,-75.22659000
4.36035156,-88.54699000,-76.18278000
4.36096191,-87.34990000,-73.04829000
4.36157227,-87.00122000,-72.97807000
4.36218262,-88.18947000,-74.36647000
4.36279297,-90.53491000,-78.78566000
4.36340332,-88.85934000,-74.35166000
4.36401367,-86.89058000,-71.15233000
4.36462402,-87.26231000,-71.15345000
4.36523438,-90.99155000,-72.02533000
4.36584473,-95.09874000,-73.89855000
4.36645508,-94.50860000,-80.58442000
4.36706543,-91.31687000,-84.98253000
4.36767578,-94.15359000,-82.47517000
4.36828613,-89.37932000,-77.21865000
4.36889648,-85.80606000,-78.15657000
4.36950684,-82.70406000,-78.52946000
4.37011719,-83.19991000,-82.39730000
4.37072754,-87.11153000,-86.00365000
4.37133789,-90.51830000,-81.20693000
4.37194824,-87.40770000,-72.93458000
4.37255859,-87.19397000,-74.80569000
4.37316895,-86.23440000,-82.26729000
4.37377930,-84.19139000,-76.76873000
4.37438965,-92.16153000,-82.30095000
4.37500000,-95.73491000,-80.93919000
4.37561035,-98.38016000,-83.90064000
4.37622070,-90.47684000,-72.12939000
4.37683105,-86.93066000,-70.03934000
4.37744141,-85.65205000,-75.69424000
4.37805176,-84.52145000,-82.81846000
4.37866211,-85.16048000,-76.21825000
4.37927246,-88.64181000,-72.13054000
4.37988281,-91.15610000,-74.76244000
4.38049316,-96.40183000,-73.09558000
4.38110352,-96.34531000,-73.34953000
4.38171387,-87.43600000,-81.74036000
4.38232422,-85.59025000,-72.46420000
4.38293457,-95.38210000,-75.92603000
4.38354492,-84.13970000,-72.51017000
4.38415527,-82.39606000,-74.84213000
4.38476563,-97.65559000,-79.04535000
4.38537598,-91.97957000,-86.63129000
4.38598633,-94.42368000,-73.94231000
4.38659668,-108.91180000,-74.01901000
4.38720703,-92.08885000,-74.22518000
4.38781738,-91.58730000,-76.14226000
4.38842773,-106.52410000,-76.42542000
4.38903809,-93.60709000,-71.18877000
4.38964844,-111.95920000,-77.47802000
4.39025879,-103.53360000,-73.33124000
4.39086914,-97.82571000,-72.70766000
4.39147949,-89.84592000,-70.49785000
4.39208984,-91.63171000,-67.06637000
4.39270020,-109.26360000,-73.12105000
4.39331055,-97.56187000,-77.71083000
4.39392090,-103.19240000,-74.20264000
4.39453125,-94.37302000,-89.69609000
4.39514160,-93.33836000,-73.49024000
4.39575195,-96.85905000,-69.94809000
4.39636230,-89.77940000,-73.30909000
4.39697266,-90.59836000,-79.83611000
4.39758301,-96.43790000,-77.38142000
4.39819336,-92.62814000,-76.60379000
4.39880371,-78.51544000,-73.81368000
4.39941406,-70.93215000,-67.96394000
4.40002441,-72.01402000,-68.43372000
4.40063477,-82.43672000,-73.85591000
4.40124512,-87.75081000,-67.85161000
4.40185547,-87.37547000,-67.96700000
4.40246582,-93.06690000,-72.70741000
4.40307617,-97.18787000,-74.18253000
4.40368652,-80.39995000,-73.14925000
4.40429688,-75.72953000,-83.41346000
4.40490723,-78.80998000,-85.73395000
4.40551758,-88.49738000,-73.62848000
4.40612793,-92.92800000,-74.68541000
4.40673828,-88.75466000,-85.18562000
4.40734863,-88.93021000,-74.88696000
4.40795898,-103.99170000,-71.08847000
4.40856934,-91.54779000,-70.31866000
4.40917969,-92.92725000,-74.88204000
4.40979004,-93.88593000,-74.67965000
4.41040039,-93.16080000,-71.16447000
4.41101074,-92.36869000,-71.92511000
4.41162109,-91.31087000,-70.79899000
4.41223145,-91.50211000,-71.95092000
4.41284180,-80.57297000,-69.51534000
4.41345215,-67.61043000,-65.06861000
4.41406250,-65.96590000,-66.02693000
4.41467285,-74.26707000,-70.36597000
4.41528320,-94.29675000,-71.97849000
4.41589355,-89.36551000,-72.30013000
4.41650391,-88.73634000,-74.51176000
4.41711426,-86.82487000,-85.36157000
4.41772461,-90.03875000,-76.64360000
4.41833496,-101.17330000,-77.60955000
4.41894531,-96.36862000,-83.53630000
4.41955566,-101.93790000,-77.42007000
4.42016602,-86.38287000,-84.80263000
4.42077637,-84.55700000,-86.48975000
4.42138672,-91.04613000,-82.94530000
4.42199707,-93.93212000,-76.27394000
4.42260742,-89.91487000,-73.47325000
4.42321777,-89.81499000,-70.90697000
4.42382813,-85.69383000,-74.79993000
4.42443848,-89.01107000,-86.40861000
4.42504883,-91.86830000,-79.44157000
4.42565918,-88.74249000,-81.23475000
4.42626953,-89.84364000,-81.44807000
4.42687988,-94.38362000,-73.63808000
4.42749023,-94.03448000,-73.20232000
4.42810059,-94.13741000,-69.98504000
4.42871094,-91.68681000,-68.17950000
4.42932129,-90.02271000,-71.31332000
4.42993164,-92.14039000,-85.05703000
4.43054199,-95.46851000,-89.41988000
4.43115234,-90.74918000,-89.58751000
4.43176270,-92.45896000,-76.50876000
4.43237305,-92.97206000,-71.47555000
4.43298340,-89.92026000,-75.86630000
4.43359375,-94.30970000,-77.51067000
4.43420410,-93.52382000,-77.41728000
4.43481445,-88.53889000,-72.36182000
4.43542480,-87.54033000,-75.65258000
4.43603516,-94.48540000,-77.98057000
4.43664551,-93.09898000,-74.72642000
4.43725586,-89.38158000,-74.23196000
4.43786621,-91.28621000,-78.98636000
4.43847656,-89.73725000,-74.25734000
4.43908691,-91.42620000,-72.01978000
4.43969727,-93.21723000,-70.09256000
4.44030762,-106.54510000,-71.06142000
4.44091797,-91.94293000,-77.64271000
4.44152832,-89.44522000,-80.13233000
4.44213867,-94.22535000,-78.53709000
4.44274902,-102.75130000,-78.70995000
4.44335938,-81.81228000,-71.94389000
4.44396973,-77.79296000,-69.13739000
4.44458008,-81.21916000,-77.90739000
4.44519043,-87.27281000,-76.08102000
4.44580078,-92.18044000,-69.86904000
4.44641113,-90.56392000,-72.34134000
4.44702148,-92.24392000,-77.77090000
4.44763184,-89.82216000,-69.96021000
4.44824219,-87.64201000,-68.25721000
4.44885254,-85.77014000,-71.60715000
4.44946289,-87.16965000,-69.68047000
4.45007324,-87.80389000,-68.25893000
4.45068359,-94.25296000,-69.32992000
4.45129395,-98.48537000,-72.24715000
4.45190430,-96.56837000,-81.10928000
4.45251465,-95.56564000,-91.37996000
4.45312500,-94.77810000,-77.23074000
4.45373535,-118.64430000,-70.80943000
4.45434570,-92.37802000,-69.53608000
4.45495605,-87.96196000,-72.93466000
4.45556641,-88.90642000,-80.09860000
4.45617676,-104.65670000,-89.84249000
4.45678711,-90.78938000,-93.62122000
4.45739746,-88.45470000,-74.41257000
4.45800781,-87.62257000,-68.29256000
4.45861816,-91.81324000,-68.71881000
4.45922852,-96.23567000,-75.76266000
4.45983887,-90.25760000,-84.49652000
4.46044922,-103.54820000,-75.62337000
4.46105957,-96.52365000,-69.65389000
4.46166992,-91.73051000,-71.57617000
4.46228027,-87.44531000,-94.49762000
4.46289063,-89.21073000,-72.50493000
4.46350098,-96.17915000,-69.67260000
4.46411133,-99.55769000,-71.98814000
4.46472168,-90.14293000,-75.67487000
4.46533203,-85.67450000,-85.19336000
4.46594238,-86.05496000,-72.24905000
4.46655273,-86.05450000,-67.63982000
4.46716309,-91.05936000,-72.54434000
4.46777344,-100.12480000,-73.83474000
4.46838379,-94.89495000,-69.33994000
4.46899414,-90.88100000,-70.60052000
4.46960449,-89.35713000,-70.48354000
4.47021484,-90.90443000,-71.47243000
4.47082520,-90.66689000,-73.75163000
4.47143555,-93.10623000,-73.10274000
4.47204590,-97.67999000,-69.29534000
4.47265625,-89.45613000,-67.50752000
4.47326660,-74.11880000,-65.59679000
4.47387695,-69.19536000,-64.22380000
4.47448730,-73.67348000,-68.97283000
4.47509766,-93.31016000,-86.14903000
4.47570801,-92.47562000,-72.56187000
4.47631836,-86.35237000,-67.72112000
4.47692871,-86.08242000,-68.28487000
4.47753906,-92.94376000,-74.95790000
4.47814941,-91.66337000,-81.33986000
4.47875977,-86.87305000,-85.74710000
4.47937012,-85.93922000,-80.05118000
4.47998047,-92.09372000,-73.11500000
4.48059082,-99.68887000,-70.88264000
4.48120117,-92.31676000,-71.86671000
4.48181152,-103.28890000,-73.83727000
4.48242188,-88.14151000,-70.62486000
4.48303223,-85.35898000,-67.78601000
4.48364258,-85.17906000,-67.12533000
4.48425293,-88.04931000,-68.67128000
4.48486328,-96.22211000,-70.07458000
4.48547363,-98.70095000,-80.53154000
4.48608398,-97.89902000,-79.39651000
4.48669434,-95.36580000,-89.43335000
4.48730469,-91.35802000,-86.02782000
4.48791504,-90.71548000,-79.00626000
4.48852539,-88.46648000,-83.72295000
4.48913574,-85.89149000,-74.29272000
4.48974609,-87.70308000,-77.79182000
4.49035645,-95.52853000,-73.47594000
4.49096680,-97.68216000,-77.12363000
4.49157715,-105.87650000,-86.87782000
4.49218750,-96.86778000,-86.10023000
4.49279785,-94.91123000,-89.04976000
4.49340820,-93.99219000,-73.06195000
4.49401855,-90.62106000,-68.43781000
4.49462891,-90.58178000,-68.35949000
4.49523926,-95.27678000,-71.88930000
4.49584961,-96.96003000,-82.23484000
4.49645996,-94.95186000,-77.10285000
4.49707031,-90.40959000,-73.94538000
4.49768066,-91.77101000,-72.14848000
4.49829102,-88.91150000,-83.83504000
4.49890137,-80.64347000,-73.97780000
4.49951172,-78.05036000,-69.17332000
4.50012207,-81.83092000,-71.68742000
4.50073242,-88.91859000,-74.27811000
4.50134277,-90.64205000,-73.14606000
4.50195313,-91.56445000,-74.81679000
4.50256348,-90.54610000,-76.10396000
4.50317383,-85.67781000,-73.76110000
4.50378418,-81.59007000,-70.78853000
4.50439453,-87.83569000,-70.60178000
4.50500488,-105.77360000,-71.66253000
4.50561523,-94.57780000,-76.34872000
4.50622559,-88.47610000,-83.39635000
4.50683594,-96.31734000,-83.36511000
4.50744629,-102.59970000,-71.96516000
4.50805664,-100.61470000,-72.07735000
4.50866699,-107.09260000,-77.52288000
4.50927734,-100.13240000,-75.26861000
4.50988770,-94.87594000,-70.91922000
4.51049805,-100.17690000,-70.74924000
4.51110840,-93.98192000,-78.85516000
4.51171875,-89.26714000,-82.36302000
4.51232910,-93.31969000,-78.32864000
4.51293945,-93.76375000,-76.53892000
4.51354980,-86.62947000,-78.22089000
4.51416016,-84.77105000,-74.31544000
4.51477051,-88.06279000,-71.81055000
4.51538086,-88.82119000,-85.95557000
4.51599121,-87.55730000,-73.09548000
4.51660156,-86.26610000,-71.12299000
4.51721191,-90.55780000,-71.52087000
4.51782227,-94.25093000,-78.30608000
4.51843262,-95.61818000,-80.46529000
4.51904297,-88.88200000,-75.70312000
4.51965332,-90.02086000,-81.82214000
4.52026367,-92.48058000,-77.06599000
4.52087402,-96.51715000,-70.53553000
4.52148438,-98.44762000,-73.01942000
4.52209473,-110.80920000,-77.39806000
4.52270508,-101.53850000,-72.54778000
4.52331543,-103.20280000,-77.74297000
4.52392578,-96.57180000,-80.53026000
4.52453613,-91.42110000,-76.50210000
4.52514648,-93.21815000,-93.40328000
4.52575684,-90.12859000,-75.19717000
4.52636719,-89.51371000,-72.65702000
4.52697754,-89.98489000,-71.48226000
4.52758789,-89.23229000,-71.82515000
4.52819824,-88.82394000,-69.47411000
4.52880859,-88.39866000,-72.04729000
4.52941895,-91.91339000,-81.78046000
4.53002930,-97.47607000,-72.38010000
4.53063965,-94.63685000,-68.73473000
4.53125000,-91.51752000,-67.11555000
4.53186035,-89.27647000,-68.06625000
4.53247070,-90.24266000,-71.57661000
4.53308105,-83.87641000,-74.36023000
4.53369141,-77.32623000,-72.45216000
4.53430176,-77.21530000,-70.70978000
4.53491211,-81.63163000,-73.25346000
4.53552246,-85.62107000,-74.54922000
4.53613281,-93.95470000,-75.08409000
4.53674316,-95.29144000,-77.83485000
4.53735352,-94.32262000,-70.52418000
4.53796387,-97.93394000,-73.12096000
4.53857422,-96.55954000,-82.95619000
4.53918457,-108.06920000,-82.43600000
4.53979492,-99.05968000,-96.15396000
4.54040527,-93.11569000,-76.68693000
4.54101563,-86.34131000,-72.48771000
4.54162598,-87.33208000,-73.16081000
4.54223633,-90.13693000,-79.06419000
4.54284668,-89.86279000,-86.35077000
4.54345703,-90.43586000,-87.49313000
4.54406738,-102.30660000,-77.12772000
4.54467773,-90.49692000,-72.48037000
4.54528809,-90.27971000,-72.13813000
4.54589844,-87.70003000,-73.43466000
4.54650879,-85.67902000,-72.26741000
4.54711914,-86.34242000,-68.24044000
4.54772949,-90.26245000,-77.98626000
4.54833984,-102.81100000,-74.18736000
4.54895020,-86.30653000,-71.94853000
4.54956055,-82.87090000,-71.43149000
4.55017090,-85.95976000,-71.85397000
4.55078125,-96.50725000,-73.43164000
4.55139160,-93.76859000,-72.76414000
4.55200195,-91.00093000,-73.30618000
4.55261230,-88.14163000,-78.61304000
4.55322266,-89.33580000,-72.78470000
4.55383301,-91.33401000,-69.20619000
4.55444336,-94.37104000,-69.10209000
4.55505371,-107.01170000,-72.15248000
4.55566406,-97.38587000,-72.85954000
4.55627441,-95.01471000,-73.98784000
4.55688477,-97.53687000,-79.69710000
4.55749512,-90.51545000,-79.32718000
4.55810547,-95.66199000,-84.89063000
4.55871582,-102.91330000,-75.10979000
4.55932617,-100.57000000,-70.17778000
4.55993652,-106.53510000,-74.88401000
4.56054688,-94.40161000,-91.90358000
4.56115723,-91.36147000,-76.81854000
4.56176758,-89.71470000,-73.33273000
4.56237793,-86.23465000,-72.59475000
4.56298828,-92.99966000,-73.03727000
4.56359863,-82.66248000,-89.59451000
4.56420898,-81.34691000,-80.00533000
4.56481934,-86.81110000,-77.32223000
4.56542969,-91.11455000,-81.87988000
4.56604004,-97.93037000,-80.40840000
4.56665039,-98.87502000,-78.28927000
4.56726074,-100.35570000,-74.55497000
4.56787109,-96.66958000,-78.31457000
4.56848145,-94.25823000,-75.66928000
4.56909180,-97.53338000,-70.31856000
4.56970215,-100.57500000,-74.73856000
4.57031250,-95.01839000,-87.60181000
4.57092285,-89.17449000,-81.60831000
4.57153320,-89.98584000,-80.50248000
4.57214355,-97.78284000,-86.41008000
4.57275391,-88.76428000,-76.78769000
4.57336426,-86.73688000,-73.87719000
4.57397461,-89.33079000,-72.45708000
4.57458496,-89.13596000,-77.85516000
4.57519531,-93.34679000,-73.98111000
4.57580566,-99.56112000,-70.23248000
4.57641602,-89.69955000,-69.68877000
4.57702637,-89.07486000,-71.75942000
4.57763672,-95.40177000,-75.13194000
4.57824707,-95.15350000,-76.27654000
4.57885742,-95.71576000,-84.51880000
4.57946777,-91.20844000,-77.43729000
4.58007813,-90.07381000,-82.48187000
4.58068848,-87.77062000,-93.31689000
4.58129883,-87.30815000,-91.24118000
4.58190918,-88.53934000,-79.92257000
4.58251953,-89.93671000,-74.51369000
4.58312988,-96.93509000,-73.50869000
4.58374023,-90.78894000,-68.58201000
4.58435059,-86.63101000,-67.84695000
4.58496094,-88.74992000,-71.14180000
4.58557129,-86.92224000,-82.34608000
4.58618164,-90.02454000,-70.03813000
4.58679199,-98.68241000,-71.54699000
4.58740234,-91.90456000,-72.79549000
4.58801270,-87.89346000,-68.12337000
4.58862305,-89.24824000,-69.38563000
4.58923340,-87.28044000,-74.16614000
4.58984375,-84.50317000,-83.84242000
4.59045410,-86.25476000,-82.18963000
4.59106445,-94.37071000,-83.48626000
4.59167480,-103.65260000,-77.46201000
4.59228516,-102.87580000,-70.15734000
4.59289551,-88.53117000,-68.46973000
4.59350586,-84.49242000,-71.51997000
4.59411621,-87.89246000,-79.58911000
4.59472656,-113.51000000,-71.16918000
4.59533691,-95.15707000,-69.05640000
4.59594727,-106.29590000,-71.23553000
4.59655762,-94.18510000,-74.36954000
4.59716797,-90.79527000,-81.31435000
4.59777832,-92.88531000,-81.67343000
4.59838867,-90.99438000,-98.14025000
4.59899902,-84.07220000,-75.15119000
4.59960938,-81.88805000,-71.02290000
4.60021973,-86.09361000,-79.61322000
4.60083008,-89.22177000,-77.85198000
4.60144043,-92.57228000,-77.10538000
4.60205078,-94.62086000,-77.88954000
4.60266113,-96.83405000,-76.27623000
4.60327148,-93.57421000,-70.95688000
4.60388184,-96.36363000,-65.78104000
4.60449219,-96.95647000,-65.94489000
4.60510254,-92.62975000,-71.10963000
4.60571289,-91.64731000,-80.68820000
4.60632324,-89.55142000,-81.55856000
4.60693359,-91.95019000,-86.18272000
4.60754395,-97.26871000,-74.10278000
4.60815430,-90.16572000,-69.87318000
4.60876465,-89.11014000,-69.55863000
4.60937500,-96.37512000,-74.32419000
4.60998535,-101.42200000,-76.77804000
4.61059570,-96.54751000,-72.16335000
4.61120605,-102.50640000,-73.24261000
4.61181641,-114.15860000,-72.08174000
4.61242676,-96.55841000,-70.51629000
4.61303711,-93.11161000,-70.49887000
4.61364746,-89.06078000,-71.04332000
4.61425781,-89.37970000,-81.01389000
4.61486816,-95.76331000,-70.39043000
4.61547852,-102.23490000,-68.86156000
4.61608887,-94.44416000,-69.66452000
4.61669922,-87.91093000,-75.65917000
4.61730957,-89.97028000,-80.61029000
4.61791992,-106.71280000,-76.80672000
4.61853027,-97.77632000,-73.80652000
4.61914063,-94.96272000,-74.36046000
4.61975098,-94.24789000,-71.11563000
4.62036133,-96.51262000,-71.49181000
4.62097168,-94.55165000,-76.81468000
4.62158203,-93.62403000,-71.43562000
4.62219238,-89.44299000,-70.83045000
4.62280273,-91.55885000,-75.44185000
4.62341309,-83.04734000,-73.07028000
4.62402344,-79.66636000,-75.58884000
4.62463379,-86.09415000,-89.74706000
4.62524414,-94.53773000,-83.52241000
4.62585449,-93.92340000,-77.40674000
4.62646484,-94.65278000,-73.33118000
4.62707520,-102.05770000,-75.22262000
4.62768555,-98.66779000,-82.27565000
4.62829590,-88.52658000,-74.63068000
4.62890625,-87.64052000,-68.97747000
4.62951660,-92.62643000,-69.58115000
4.63012695,-91.10440000,-76.71382000
4.63073730,-87.93488000,-73.04197000
4.63134766,-89.22761000,-71.19267000
4.63195801,-91.38470000,-69.62213000
4.63256836,-85.41436000,-68.46932000
4.63317871,-86.82359000,-70.32674000
4.63378906,-88.46795000,-71.71320000
4.63439941,-88.10513000,-79.36909000
4.63500977,-95.70731000,-72.50349000
4.63562012,-94.28642000,-72.24146000
4.63623047,-91.82358000,-77.07416000
4.63684082,-88.41356000,-84.55551000
4.63745117,-90.55023000,-75.35191000
4.63806152,-92.49615000,-85.06363000
4.63867188,-93.36896000,-73.31879000
4.63928223,-94.25893000,-68.94694000
4.63989258,-90.45425000,-68.09344000
4.64050293,-92.55168000,-68.85428000
4.64111328,-106.23490000,-72.51968000
4.64172363,-91.81964000,-87.11151000
4.64233398,-89.69960000,-79.00114000
4.64294434,-92.01411000,-75.83257000
4.64355469,-100.38980000,-71.45126000
4.64416504,-90.30119000,-73.40626000
4.64477539,-90.50821000,-76.27162000
4.64538574,-97.74236000,-68.92873000
4.64599609,-91.40085000,-72.55612000
4.64660645,-97.37466000,-85.71327000
4.64721680,-99.64467000,-76.89957000
4.64782715,-99.76482000,-71.66816000
4.64843750,-94.40215000,-81.55930000
4.64904785,-95.92370000,-74.78851000
4.64965820,-90.47675000,-72.86389000
4.65026855,-88.98385000,-72.66415000
4.65087891,-89.85275000,-71.42075000
4.65148926,-101.41800000,-75.55095000
4.65209961,-86.41577000,-83.16364000
4.65270996,-84.30302000,-88.79119000
4.65332031,-79.66714000,-76.40042000
4.65393066,-76.78857000,-81.36158000
4.65454102,-84.69548000,-81.77834000
4.65515137,-88.36510000,-73.91198000
4.65576172,-88.27895000,-71.47736000
4.65637207,-99.13202000,-73.11706000
4.65698242,-94.92062000,-75.48837000
4.65759277,-90.76801000,-71.62950000
4.65820313,-93.23595000,-74.96671000
4.65881348,-92.11521000,-77.01302000
4.65942383,-92.97101000,-74.00789000
4.66003418,-106.68230000,-75.36551000
4.66064453,-96.69298000,-80.88806000
4.66125488,-92.86044000,-80.50171000
4.66186523,-91.14601000,-81.90372000
4.66247559,-92.39590000,-78.33203000
4.66308594,-99.16935000,-88.05539000
4.66369629,-90.95915000,-70.55347000
4.66430664,-91.79902000,-69.02922000
4.66491699,-98.35471000,-74.55658000
4.66552734,-97.79092000,-85.31203000
4.66613770,-94.34723000,-79.61208000
4.66674805,-93.91525000,-79.83514000
4.66735840,-91.46976000,-78.92504000
4.66796875,-91.30392000,-75.20490000
4.66857910,-96.90073000,-74.31937000
4.66918945,-111.01860000,-76.39919000
4.66979980,-90.63707000,-74.07156000
4.67041016,-87.37412000,-69.72459000
4.67102051,-93.06664000,-68.72733000
4.67163086,-94.84399000,-69.65496000
4.67224121,-94.35009000,-72.39377000
4.67285156,-99.25551000,-74.84714000
4.67346191,-90.37402000,-70.78580000
4.67407227,-86.06060000,-70.33755000
4.67468262,-87.95126000,-71.52529000
4.67529297,-95.67887000,-71.97363000
4.67590332,-96.21689000,-73.47636000
4.67651367,-87.93534000,-74.31448000
4.67712402,-88.32557000,-73.29951000
4.67773438,-96.39435000,-78.83405000
4.67834473,-91.63805000,-78.68062000
4.67895508,-96.08521000,-73.70261000
4.67956543,-102.46640000,-72.52206000
4.68017578,-97.92769000,-71.69536000
4.68078613,-98.08923000,-73.55907000
4.68139648,-88.25715000,-78.63082000
4.68200684,-86.29865000,-71.74512000
4.68261719,-87.94038000,-68.18436000
4.68322754,-84.15512000,-67.99908000
4.68383789,-77.86284000,-71.79078000
4.68444824,-80.10526000,-86.62817000
4.68505859,-85.61726000,-72.62411000
4.68566895,-88.28981000,-71.15106000
4.68627930,-91.00272000,-72.04161000
4.68688965,-91.70345000,-75.83994000
4.68750000,-93.66013000,-75.25326000
4.68811035,-91.57666000,-70.37532000
4.68872070,-88.23418000,-70.75964000
4.68933105,-89.01202000,-68.40692000
4.68994141,-92.92426000,-72.39709000
4.69055176,-94.49042000,-81.06369000
4.69116211,-92.89725000,-76.29100000
4.69177246,-87.81490000,-80.88377000
4.69238281,-93.68011000,-84.33048000
4.69299316,-96.81682000,-81.84261000
4.69360352,-93.22139000,-83.15253000
4.69421387,-108.41120000,-72.15990000
4.69482422,-91.52757000,-69.14821000
4.69543457,-92.88949000,-71.95573000
4.69604492,-98.39124000,-75.86071000
4.69665527,-98.44781000,-77.28693000
4.69726563,-88.66341000,-77.56388000
4.69787598,-90.22520000,-69.82022000
4.69848633,-86.71813000,-69.35638000
4.69909668,-78.37985000,-73.67100000
4.69970703,-76.66344000,-76.26867000
4.70031738,-82.53946000,-80.22687000
4.70092773,-95.87464000,-89.01292000
4.70153809,-103.73160000,-79.11385000
4.70214844,-105.44120000,-75.35985000
4.70275879,-93.01665000,-73.43003000
4.70336914,-93.34647000,-74.85000000
4.70397949,-96.59801000,-79.78233000
4.70458984,-95.86272000,-75.78860000
4.70520020,-92.49406000,-70.33765000
4.70581055,-87.41661000,-69.87790000
4.70642090,-87.22014000,-72.32990000
4.70703125,-97.55452000,-72.90344000
4.70764160,-89.31979000,-68.96980000
4.70825195,-88.25461000,-70.20984000
4.70886230,-90.89812000,-74.84985000
4.70947266,-86.04553000,-73.90942000
4.71008301,-84.93137000,-80.08302000
4.71069336,-93.21730000,-83.88320000
4.71130371,-92.83409000,-80.29097000
4.71191406,-90.21552000,-84.21780000
4.71252441,-90.01657000,-72.38180000
4.71313477,-74.85919000,-73.76872000
4.71374512,-69.12046000,-65.65534000
4.71435547,-72.97306000,-65.46864000
4.71496582,-89.92387000,-73.49639000
4.71557617,-103.32200000,-81.16009000
4.71618652,-98.32280000,-90.37395000
4.71679688,-97.02145000,-85.24601000
4.71740723,-96.04913000,-86.20490000
4.71801758,-94.50779000,-78.02058000
4.71862793,-93.30266000,-78.29625000
4.71923828,-88.77202000,-73.20483000
4.71984863,-88.72913000,-67.08787000
4.72045898,-90.73737000,-66.76111000
4.72106934,-92.52449000,-71.72999000
4.72167969,-93.86852000,-74.02948000
4.72229004,-100.06360000,-69.39314000
4.72290039,-92.62948000,-72.18083000
4.72351074,-91.36979000,-81.22079000
4.72412109,-92.92148000,-70.62440000
4.72473145,-93.94112000,-73.70752000
4.72534180,-98.62343000,-85.36633000
4.72595215,-93.71028000,-73.23065000
4.72656250,-86.28605000,-75.92039000
4.72717285,-88.76929000,-75.16817000
4.72778320,-103.69560000,-75.42270000
4.72839355,-92.64223000,-78.39054000
4.72900391,-92.49505000,-75.53775000
4.72961426,-89.42948000,-76.89807000
4.73022461,-97.45432000,-76.76965000
4.73083496,-90.07588000,-68.61169000
4.73144531,-84.86512000,-69.75758000
4.73205566,-85.32687000,-88.85352000
4.73266602,-91.11440000,-87.40120000
4.73327637,-93.40062000,-79.98669000
4.73388672,-87.63918000,-75.46758000
4.73449707,-89.36182000,-73.09576000
4.73510742,-100.53700000,-71.98249000
4.73571777,-97.92710000,-71.23580000
4.73632813,-97.75105000,-71.87345000
4.73693848,-96.55995000,-70.98153000
4.73754883,-100.66180000,-71.52036000
4.73815918,-106.51520000,-75.22417000
4.73876953,-95.96284000,-79.90159000
4.73937988,-100.33510000,-85.52991000
4.73999023,-108.43830000,-78.08580000
4.74060059,-100.83890000,-79.73427000
4.74121094,-89.91055000,-78.19336000
4.74182129,-88.62901000,-94.99681000
4.74243164,-93.49205000,-78.33411000
4.74304199,-111.29480000,-86.50813000
4.74365234,-92.08400000,-78.37842000
4.74426270,-89.47990000,-76.81181000
4.74487305,-92.08813000,-73.28212000
4.74548340,-93.50801000,-71.83659000
4.74609375,-91.20372000,-71.34367000
4.74670410,-94.22301000,-69.25182000
4.74731445,-100.49790000,-68.46074000
4.74792480,-102.73320000,-72.56343000
4.74853516,-90.91145000,-72.88233000
4.74914551,-88.62479000,-71.27916000
4.74975586,-86.53192000,-69.71590000
4.75036621,-90.69373000,-71.00508000
4.75097656,-98.35417000,-77.13584000
4.75158691,-99.45999000,-87.30031000
4.75219727,-98.16859000,-79.60684000
4.75280762,-93.04420000,-84.09798000
4.75341797,-90.27771000,-77.27698000
4.75402832,-96.86374000,-70.21026000
4.75463867,-92.29146000,-70.83234000
4.75524902,-92.50529000,-72.43206000
4.75585938,-92.57758000,-72.99521000
4.75646973,-94.74514000,-73.17484000
4.75708008,-89.51378000,-71.91230000
4.75769043,-90.21799000,-77.16614000
4.75830078,-87.99271000,-78.45498000
4.75891113,-87.89153000,-71.49698000
4.75952148,-94.33943000,-69.11282000
4.76013184,-115.91280000,-70.54665000
4.76074219,-96.62846000,-78.20939000
4.76135254,-89.89941000,-70.92456000
4.76196289,-89.13545000,-72.32823000
4.76257324,-99.07647000,-73.41685000
4.76318359,-90.36160000,-71.27779000
4.76379395,-90.19341000,-69.16322000
4.76440430,-96.24160000,-68.29243000
4.76501465,-97.19853000,-71.03598000
4.76562500,-97.19681000,-71.74601000
4.76623535,-94.07346000,-67.64571000
4.76684570,-97.05963000,-65.52672000
4.76745605,-91.28154000,-67.33247000
4.76806641,-91.41341000,-74.89485000
4.76867676,-95.89306000,-81.95706000
4.76928711,-95.12836000,-80.47728000
4.76989746,-90.16468000,-91.04964000
4.77050781,-88.41016000,-74.23330000
4.77111816,-90.57518000,-72.08711000
4.77172852,-104.67550000,-71.16690000
4.77233887,-90.72095000,-73.90911000
4.77294922,-82.09228000,-78.19424000
4.77355957,-75.62990000,-72.26030000
4.77416992,-77.72757000,-80.10505000
4.77478027,-96.36714000,-76.42837000
4.77539063,-89.75545000,-78.17092000
4.77600098,-90.03180000,-80.90012000
4.77661133,-94.56619000,-80.72327000
4.77722168,-115.57010000,-74.91263000
4.77783203,-95.60139000,-73.07468000
4.77844238,-92.18391000,-75.21208000
4.77905273,-96.68449000,-79.78566000
4.77966309,-99.59358000,-76.25121000
4.78027344,-93.48316000,-74.02072000
4.78088379,-98.37369000,-74.92148000
4.78149414,-101.50610000,-73.71169000
4.78210449,-94.43449000,-71.82265000
4.78271484,-95.71548000,-72.10264000
4.78332520,-90.32877000,-72.88519000
4.78393555,-91.20171000,-70.84094000
4.78454590,-98.35820000,-70.00018000
4.78515625,-96.97455000,-71.11406000
4.78576660,-96.56279000,-73.96458000
4.78637695,-96.98981000,-81.33372000
4.78698730,-85.97324000,-86.84872000
4.78759766,-83.07204000,-79.53759000
4.78820801,-84.90822000,-77.40459000
4.78881836,-88.23586000,-73.46913000
4.78942871,-91.16881000,-71.56874000
4.79003906,-91.40726000,-74.84224000
4.79064941,-88.27015000,-88.23524000
4.79125977,-85.17207000,-82.53098000
4.79187012,-86.58557000,-76.00438000
4.79248047,-89.18840000,-72.67878000
4.79309082,-90.43472000,-75.06430000
4.79370117,-96.38538000,-73.99306000
4.79431152,-95.40847000,-70.91195000
4.79492188,-91.47948000,-69.15699000
4.79553223,-94.25320000,-72.42435000
4.79614258,-100.62690000,-85.18127000
4.79675293,-105.40700000,-75.78790000
4.79736328,-92.78794000,-81.28471000
4.79797363,-90.54903000,-71.17423000
4.79858398,-102.87630000,-68.98209000
4.79919434,-84.82223000,-67.32640000
4.79980469,-84.06346000,-68.15427000
4.80041504,-91.23275000,-73.36902000
4.80102539,-108.07390000,-81.75704000
4.80163574,-101.01530000,-84.09138000
4.80224609,-94.41444000,-69.93855000
4.80285645,-89.51198000,-69.17922000
4.80346680,-86.58665000,-77.35940000
4.80407715,-88.44891000,-77.07070000
4.80468750,-94.92693000,-81.34299000
4.80529785,-91.27469000,-78.74724000
4.80590820,-86.22638000,-74.80219000
4.80651855,-87.55214000,-71.14094000
4.80712891,-98.40820000,-78.41113000
4.80773926,-93.71649000,-81.80547000
4.80834961,-102.27620000,-82.05095000
4.80895996,-96.92745000,-81.30538000
4.80957031,-92.27001000,-77.56938000
4.81018066,-92.52226000,-71.08870000
4.81079102,-102.59360000,-71.72606000
4.81140137,-96.69495000,-74.03652000
4.81201172,-95.71992000,-72.12582000
4.81262207,-106.66250000,-72.88029000
4.81323242,-91.91148000,-78.96085000
4.81384277,-90.98972000,-90.18008000
4.81445313,-88.25037000,-74.01134000
4.81506348,-88.58715000,-66.69987000
4.81567383,-89.58049000,-67.76886000
4.81628418,-89.94112000,-74.46403000
4.81689453,-92.62109000,-81.48033000
4.81750488,-100.41130000,-74.34596000
4.81811523,-100.13790000,-77.41096000
4.81872559,-92.28111000,-88.00481000
4.81933594,-92.70242000,-77.55124000
4.81994629,-94.94435000,-81.42119000
4.82055664,-95.75539000,-90.00977000
4.82116699,-90.91605000,-78.01010000
4.82177734,-89.89327000,-84.42790000
4.82238770,-91.35431000,-75.41563000
4.82299805,-90.16556000,-76.40210000
4.82360840,-89.18535000,-75.34406000
4.82421875,-99.00079000,-72.01558000
4.82482910,-92.19086000,-69.47520000
4.82543945,-93.21725000,-71.31947000
4.82604980,-100.13780000,-75.76468000
4.82666016,-89.16663000,-72.07648000
4.82727051,-91.26297000,-71.79235000
4.82788086,-96.13585000,-77.73763000
4.82849121,-93.50790000,-78.30135000
4.82910156,-94.14011000,-71.20141000
4.82971191,-94.15595000,-69.60651000
4.83032227,-90.03152000,-70.83024000
4.83093262,-90.55225000,-75.08200000
4.83154297,-96.29806000,-79.10756000
4.83215332,-99.14043000,-79.54646000
4.83276367,-89.28056000,-83.33660000
4.83337402,-80.89759000,-77.12264000
4.83398438,-80.20496000,-76.10041000
4.83459473,-88.57963000,-71.89305000
4.83520508,-103.10260000,-68.63631000
4.83581543,-103.95350000,-71.19239000
4.83642578,-111.74610000,-75.74158000
4.83703613,-101.52470000,-75.49384000
4.83764648,-103.45930000,-80.60189000
4.83825684,-103.40370000,-79.06436000
4.83886719,-95.08185000,-73.01680000
4.83947754,-91.54771000,-76.71014000
4.84008789,-93.62128000,-80.21352000
4.84069824,-106.05620000,-81.78550000
4.84130859,-92.20550000,-75.60516000
4.84191895,-90.33555000,-72.34281000
4.84252930,-89.94994000,-73.87046000
4.84313965,-90.39354000,-77.43379000
4.84375000,-91.49904000,-90.83657000
4.84436035,-87.76877000,-78.83568000
4.84497070,-86.47964000,-73.05125000
4.84558105,-91.58836000,-68.06192000
4.84619141,-96.85899000,-66.40678000
4.84680176,-106.96580000,-68.43186000
4.84741211,-98.43174000,-72.04190000
4.84802246,-96.52910000,-77.22765000
4.84863281,-100.08160000,-80.14633000
4.84924316,-96.94598000,-74.02323000
4.84985352,-92.27951000,-73.51113000
4.85046387,-90.29064000,-73.57827000
4.85107422,-89.62331000,-77.67295000
4.85168457,-88.65752000,-82.36353000
4.85229492,-94.84933000,-74.31209000
4.85290527,-96.95036000,-79.10968000
4.85351563,-91.94138000,-97.10930000
4.85412598,-86.64223000,-90.35011000
4.85473633,-87.42760000,-87.73495000
4.85534668,-88.66093000,-79.32210000
4.85595703,-98.39654000,-90.39636000
4.85656738,-91.44327000,-73.09943000
4.85717773,-90.62257000,-71.33105000
4.85778809,-95.36246000,-73.04248000
4.85839844,-95.37987000,-74.57491000
4.85900879,-91.04472000,-90.69367000
4.85961914,-90.63636000,-83.05270000
4.86022949,-92.11376000,-75.12017000
4.86083984,-94.15401000,-73.55762000
4.86145020,-95.98533000,-72.65761000
4.86206055,-96.93000000,-76.43449000
4.86267090,-117.11160000,-74.20138000
4.86328125,-94.58824000,-71.21452000
4.86389160,-92.75134000,-68.56271000
4.86450195,-95.60478000,-68.82162000
4.86511230,-97.62946000,-69.58907000
4.86572266,-95.19510000,-71.66418000
4.86633301,-93.84628000,-74.92765000
4.86694336,-94.73057000,-77.05830000
4.86755371,-95.45821000,-77.90319000
4.86816406,-101.78630000,-74.05123000
4.86877441,-96.47254000,-83.70314000
4.86938477,-96.95175000,-79.75931000
4.86999512,-95.17744000,-82.76626000
4.87060547,-93.37643000,-80.68056000
4.87121582,-108.46070000,-78.23834000
4.87182617,-95.37207000,-75.65885000
4.87243652,-87.34208000,-72.44466000
4.87304688,-85.84351000,-73.26242000
4.87365723,-86.51154000,-76.15625000
4.87426758,-89.55170000,-74.47278000
4.87487793,-96.50508000,-73.22716000
4.87548828,-104.91210000,-80.64828000
4.87609863,-102.18690000,-82.79617000
4.87670898,-101.60910000,-85.77117000
4.87731934,-103.59850000,-82.80176000
4.87792969,-96.08227000,-77.98013000
4.87854004,-90.43705000,-77.27199000
4.87915039,-88.10101000,-78.95840000
4.87976074,-87.30730000,-81.12534000
4.88037109,-89.72786000,-85.29228000
4.88098145,-91.40144000,-74.55858000
4.88159180,-87.41119000,-69.36931000
4.88220215,-88.33114000,-69.16926000
4.88281250,-92.24541000,-71.66483000
4.88342285,-89.34182000,-83.37804000
4.88403320,-89.36446000,-74.11855000
4.88464355,-97.32155000,-74.76743000
4.88525391,-97.74097000,-77.61804000
4.88586426,-89.41804000,-87.58579000
4.88647461,-86.91226000,-75.21539000
4.88708496,-85.58575000,-70.21478000
4.88769531,-87.60807000,-72.28685000
4.88830566,-92.09809000,-76.75704000
4.88891602,-86.78279000,-80.53775000
4.88952637,-87.19009000,-87.34570000
4.89013672,-89.19884000,-82.25257000
4.89074707,-91.18765000,-77.47465000
4.89135742,-99.95927000,-79.60445000
4.89196777,-96.16583000,-83.68890000
4.89257813,-91.50897000,-79.51753000
4.89318848,-85.85441000,-80.62107000
4.89379883,-85.14761000,-76.40240000
4.89440918,-98.99719000,-87.96967000
4.89501953,-89.70722000,-77.89186000
4.89562988,-93.87375000,-73.62220000
4.89624023,-93.20601000,-75.11926000
4.89685059,-91.23470000,-78.30540000
4.89746094,-91.59245000,-77.83752000
4.89807129,-94.73445000,-86.84050000
4.89868164,-94.99809000,-78.31805000
4.89929199,-84.18156000,-70.63000000
4.89990234,-84.46155000,-69.05035000
4.90051270,-92.72060000,-73.53484000
4.90112305,-100.84450000,-82.78781000
4.90173340,-91.90212000,-81.82446000
4.90234375,-92.20207000,-76.20342000
4.90295410,-94.39744000,-79.43523000
4.90356445,-95.30204000,-75.87788000
4.90417480,-90.37224000,-95.08043000
4.90478516,-88.92543000,-77.58439000
4.90539551,-91.50635000,-81.87878000
4.90600586,-91.62070000,-74.90337000
4.90661621,-88.59122000,-71.72796000
4.90722656,-92.77145000,-72.10475000
4.90783691,-93.61469000,-73.61126000
4.90844727,-92.10947000,-70.28027000
4.90905762,-92.37617000,-70.16710000
4.90966797,-93.86768000,-71.94314000
4.91027832,-86.87104000,-76.91982000
4.91088867,-82.18880000,-78.46210000
4.91149902,-81.65062000,-68.93524000
4.91210938,-86.31074000,-66.04080000
4.91271973,-97.08998000,-70.10779000
4.91333008,-92.36911000,-72.75781000
4.91394043,-89.48726000,-74.33188000
4.91455078,-87.02426000,-80.84235000
4.91516113,-84.16866000,-83.35190000
4.91577148,-89.05537000,-80.55154000
4.91638184,-100.32970000,-74.57595000
4.91699219,-93.91430000,-70.67836000
4.91760254,-98.37040000,-68.65964000
4.91821289,-99.76875000,-72.98550000
4.91882324,-102.51380000,-78.34798000
4.91943359,-98.99219000,-71.31347000
4.92004395,-97.67381000,-70.09760000
4.92065430,-95.77671000,-76.52805000
4.92126465,-89.91774000,-70.61239000
4.92187500,-90.01991000,-67.76168000
4.92248535,-88.52341000,-71.20070000
4.92309570,-86.34101000,-76.21987000
4.92370605,-88.16504000,-75.97334000
4.92431641,-88.55832000,-75.82383000
4.92492676,-86.97300000,-74.19299000
4.92553711,-88.30354000,-77.63591000
4.92614746,-96.18356000,-82.56641000
4.92675781,-97.84622000,-77.96871000
4.92736816,-93.38147000,-80.97774000
4.92797852,-89.13554000,-82.10211000
4.92858887,-88.74428000,-76.92992000
4.92919922,-89.04849000,-76.16309000
4.92980957,-89.72844000,-88.11660000
4.93041992,-88.64040000,-75.75004000
4.93103027,-89.00420000,-76.43661000
4.93164063,-88.93790000,-73.20313000
4.93225098,-88.66246000,-69.71034000
4.93286133,-87.26817000,-73.53904000
4.93347168,-92.93138000,-90.94661000
4.93408203,-98.12067000,-74.14222000
4.93469238,-98.65488000,-71.70378000
4.93530273,-93.50880000,-75.38680000
4.93591309,-101.07390000,-73.60862000
4.93652344,-99.59992000,-72.94698000
4.93713379,-95.89456000,-84.26158000
4.93774414,-94.61102000,-84.78781000
4.93835449,-99.01187000,-77.17678000
4.93896484,-94.17503000,-73.56354000
4.93957520,-91.24421000,-74.74683000
4.94018555,-93.63087000,-84.00548000
4.94079590,-100.40780000,-75.15862000
4.94140625,-95.11085000,-72.59575000
4.94201660,-88.71922000,-71.65236000
4.94262695,-86.16328000,-76.35057000
4.94323730,-85.44299000,-78.66778000
4.94384766,-86.25453000,-75.30757000
4.94445801,-91.00908000,-70.94249000
4.94506836,-90.84448000,-71.51328000
4.94567871,-87.06326000,-78.74523000
4.94628906,-91.22520000,-79.78090000
4.94689941,-99.11380000,-72.78691000
4.94750977,-93.77484000,-75.02952000
4.94812012,-101.90070000,-80.90010000
4.94873047,-103.09070000,-75.64508000
4.94934082,-98.10165000,-83.63007000
4.94995117,-98.30763000,-75.73445000
4.95056152,-89.74590000,-76.00872000
4.95117188,-88.03189000,-75.86435000
4.95178223,-95.77431000,-74.51119000
4.95239258,-89.99596000,-74.08116000
4.95300293,-83.83008000,-79.70020000
4.95361328,-81.76492000,-77.55278000
4.95422363,-85.45366000,-73.81024000
4.95483398,-91.58660000,-75.12914000
4.95544434,-91.30388000,-74.40530000
4.95605469,-92.81868000,-77.97144000
4.95666504,-97.02197000,-81.96296000
4.95727539,-94.11530000,-73.17583000
4.95788574,-97.54546000,-80.90651000
4.95849609,-92.86240000,-82.03534000
4.95910645,-90.58162000,-83.74086000
4.95971680,-96.74491000,-79.22197000
4.96032715,-91.54899000,-73.57339000
4.96093750,-90.21376000,-76.17221000
4.96154785,-91.72395000,-74.92618000
4.96215820,-98.90222000,-75.97222000
4.96276855,-93.61458000,-87.74032000
4.96337891,-87.82176000,-80.84753000
4.96398926,-91.57807000,-88.30373000
4.96459961,-99.11465000,-69.26970000
4.96520996,-92.16962000,-65.12506000
4.96582031,-96.34299000,-66.71760000
4.96643066,-96.97786000,-69.71727000
4.96704102,-92.09377000,-74.33877000
4.96765137,-87.47016000,-80.38066000
4.96826172,-87.91427000,-79.58730000
4.96887207,-91.87949000,-83.90738000
4.96948242,-96.46217000,-78.42405000
4.97009277,-107.15340000,-70.86352000
4.97070313,-88.54469000,-71.23877000
4.97131348,-86.94389000,-75.46311000
4.97192383,-92.45330000,-85.85819000
4.97253418,-99.48897000,-77.09951000
4.97314453,-91.27468000,-73.97340000
4.97375488,-88.72643000,-77.38222000
4.97436523,-89.53521000,-73.25858000
4.97497559,-88.94585000,-69.73972000
4.97558594,-89.22313000,-73.36340000
4.97619629,-93.34306000,-76.67941000
4.97680664,-94.40364000,-76.45021000
4.97741699,-88.20565000,-75.60388000
4.97802734,-84.07672000,-73.87128000
4.97863770,-83.83640000,-72.80447000
4.97924805,-92.26677000,-79.15370000
4.97985840,-94.17877000,-84.88526000
4.98046875,-93.59394000,-73.97775000
4.98107910,-93.34617000,-73.26095000
4.98168945,-93.38376000,-79.58873000
4.98229980,-99.06599000,-75.31651000
4.98291016,-98.88792000,-74.69268000
4.98352051,-89.30705000,-73.28496000
4.98413086,-88.92224000,-73.66444000
4.98474121,-98.46279000,-72.46835000
4.98535156,-96.82053000,-65.10027000
4.98596191,-91.69774000,-67.07715000
4.98657227,-93.10130000,-74.68195000
4.98718262,-98.68707000,-74.80041000
4.98779297,-93.66040000,-84.35638000
4.98840332,-93.58667000,-84.62605000
4.98901367,-96.48139000,-97.33193000
4.98962402,-95.09233000,-73.58968000
4.99023438,-99.22348000,-70.23647000
4.99084473,-97.83966000,-73.99943000
4.99145508,-96.25066000,-69.69043000
4.99206543,-96.07907000,-68.59354000
4.99267578,-92.07697000,-75.58050000
4.99328613,-96.20531000,-77.30354000
4.99389648,-101.38160000,-76.26883000
4.99450684,-100.05950000,-74.90666000
4.99511719,-95.40444000,-79.54539000
4.99572754,-91.10984000,-77.28532000
4.99633789,-89.10059000,-81.11213000
4.99694824,-91.10056000,-80.68553000
4.99755859,-90.98401000,-72.75346000
4.99816895,-92.32545000,-68.97903000
4.99877930,-89.78436000,-69.69232000
4.99938965,-85.77057000,-71.60223000
5.00000000,-87.55296000,-70.98209000
5.00061035,-95.05827000,-67.28444000
5.00122070,-98.11476000,-67.89418000
5.00183105,-97.80489000,-68.58678000
5.00244141,-103.50270000,-67.75337000
5.00305176,-95.15125000,-69.76253000
5.00366211,-91.25577000,-74.30035000
5.00427246,-96.47826000,-77.14350000
5.00488281,-97.77196000,-75.76422000
5.00549316,-94.42221000,-76.12214000
5.00610352,-86.06320000,-78.98595000
5.00671387,-85.00548000,-81.66673000
5.00732422,-90.37215000,-78.23417000
5.00793457,-96.22881000,-71.07057000
5.00854492,-90.88812000,-69.11575000
5.00915527,-88.06468000,-72.53467000
5.00976563,-89.24734000,-75.49651000
5.01037598,-92.52614000,-78.83628000
5.01098633,-99.01238000,-74.31055000
5.01159668,-89.85950000,-76.88177000
5.01220703,-85.63134000,-77.26681000
5.01281738,-82.44966000,-73.88493000
5.01342773,-78.15535000,-68.85632000
5.01403809,-80.08902000,-70.55016000
5.01464844,-94.70813000,-80.44958000
5.01525879,-90.30511000,-77.22446000
5.01586914,-88.39039000,-84.10629000
5.01647949,-91.45152000,-77.65888000
5.01708984,-101.27290000,-73.34781000
5.01770020,-91.51925000,-77.16245000
5.01831055,-87.06355000,-76.93140000
5.01892090,-88.38021000,-84.46048000
5.01953125,-90.52911000,-73.51550000
5.02014160,-91.63736000,-68.57106000
5.02075195,-96.38870000,-70.29395000
5.02136230,-93.35052000,-79.77409000
5.02197266,-101.88390000,-77.13937000
5.02258301,-93.75510000,-82.83416000
5.02319336,-91.35484000,-82.79029000
5.02380371,-98.78639000,-81.31747000
5.02441406,-94.06190000,-75.52974000
5.02502441,-88.94051000,-75.04550000
5.02563477,-88.69338000,-68.38163000
5.02624512,-94.55511000,-66.83115000
5.02685547,-92.58732000,-67.78650000
5.02746582,-100.33250000,-68.45403000
5.02807617,-89.99475000,-73.10384000
5.02868652,-85.55694000,-76.39609000
5.02929688,-87.45457000,-72.83337000
5.02990723,-90.87352000,-71.35328000
5.03051758,-90.67374000,-71.35794000
5.03112793,-95.94548000,-71.83659000
5.03173828,-102.19100000,-77.52410000
5.03234863,-97.18484000,-75.74526000
5.03295898,-91.72089000,-70.79182000
5.03356934,-86.47426000,-71.22881000
5.03417969,-86.36403000,-69.83498000
5.03479004,-84.34180000,-70.24947000
5.03540039,-83.27081000,-78.41592000
5.03601074,-86.08348000,-77.27950000
5.03662109,-87.16658000,-76.01669000
5.03723145,-86.68021000,-72.48740000
5.03784180,-89.00188000,-74.84543000
5.03845215,-96.47647000,-71.10537000
5.03906250,-101.68850000,-67.42091000
5.03967285,-95.51658000,-70.65216000
5.04028320,-96.92178000,-88.27668000
5.04089355,-93.72003000,-83.40427000
5.04150391,-88.05873000,-75.11313000
5.04211426,-100.23020000,-73.02129000
5.04272461,-86.25080000,-71.53701000
5.04333496,-82.60326000,-73.44316000
5.04394531,-86.80208000,-71.99341000
5.04455566,-99.18163000,-71.57429000
5.04516602,-103.66210000,-77.17566000
5.04577637,-96.41549000,-81.04431000
5.04638672,-89.04953000,-78.35043000
5.04699707,-88.25307000,-75.23233000
5.04760742,-106.28950000,-71.25005000
5.04821777,-88.09853000,-73.21395000
5.04882813,-86.76665000,-72.99313000
5.04943848,-89.21283000,-85.95445000
5.05004883,-98.07678000,-74.13914000
5.05065918,-88.12613000,-74.55544000
5.05126953,-82.87186000,-75.75638000
5.05187988,-84.19867000,-72.30457000
5.05249023,-85.47417000,-78.11408000
5.05310059,-90.18739000,-81.87344000
5.05371094,-91.70883000,-71.42158000
5.05432129,-91.59209000,-69.37268000
5.05493164,-90.71065000,-71.53944000
5.05554199,-89.70055000,-71.85222000
5.05615234,-92.98334000,-72.65939000
5.05676270,-89.91016000,-95.38230000
5.05737305,-89.89082000,-73.33117000
5.05798340,-92.99618000,-77.21844000
5.05859375,-94.70807000,-83.62576000
5.05920410,-93.99143000,-80.06634000
5.05981445,-90.70395000,-75.64956000
5.06042480,-88.36667000,-82.37131000
5.06103516,-89.94724000,-76.33324000
5.06164551,-92.15877000,-76.15689000
5.06225586,-92.78793000,-82.86624000
5.06286621,-95.96298000,-77.46893000
5.06347656,-102.61570000,-71.20782000
5.06408691,-101.70690000,-73.91135000
5.06469727,-102.30330000,-81.01211000
5.06530762,-104.20650000,-75.67863000
5.06591797,-102.54850000,-81.96068000
5.06652832,-95.06514000,-77.72325000
5.06713867,-92.76466000,-74.47719000
5.06774902,-92.23263000,-71.63441000
5.06835938,-96.00113000,-71.67911000
5.06896973,-99.88426000,-79.74570000
5.06958008,-89.26286000,-81.54973000
5.07019043,-86.27065000,-82.52021000
5.07080078,-87.10179000,-75.42575000
5.07141113,-91.41582000,-74.17578000
5.07202148,-92.38221000,-77.19395000
5.07263184,-101.96360000,-79.06594000
5.07324219,-84.53171000,-76.21729000
5.07385254,-80.57504000,-69.29498000
5.07446289,-84.47325000,-72.18502000
5.07507324,-91.16922000,-85.81023000
5.07568359,-93.92279000,-73.58138000
5.07629395,-96.27348000,-74.12424000
5.07690430,-107.23770000,-79.60913000
5.07751465,-98.85616000,-83.22750000
5.07812500,-90.25798000,-79.62212000
5.07873535,-87.79993000,-72.99104000
5.07934570,-89.44087000,-66.57674000
5.07995605,-92.88087000,-69.45811000
5.08056641,-95.09605000,-78.03118000
5.08117676,-90.16296000,-75.73943000
5.08178711,-87.43597000,-73.79649000
5.08239746,-89.37165000,-72.61559000
5.08300781,-95.10902000,-70.37914000
5.08361816,-90.19810000,-69.36855000
5.08422852,-88.80426000,-80.20008000
5.08483887,-88.98061000,-69.20779000
5.08544922,-97.64513000,-69.79890000
5.08605957,-85.43067000,-88.88725000
5.08666992,-83.98553000,-75.33136000
5.08728027,-87.83696000,-72.49838000
5.08789063,-91.51581000,-70.74514000
5.08850098,-94.59664000,-78.99782000
5.08911133,-93.77054000,-72.40007000
5.08972168,-94.20514000,-75.97086000
5.09033203,-97.82291000,-76.29591000
5.09094238,-88.98550000,-74.74020000
5.09155273,-86.61993000,-73.03975000
5.09216309,-87.92114000,-75.67354000
5.09277344,-90.56384000,-86.53515000
5.09338379,-106.13570000,-73.37103000
5.09399414,-91.06880000,-74.77034000
5.09460449,-88.57414000,-76.46008000
5.09521484,-97.04613000,-74.73857000
5.09582520,-92.61714000,-76.42403000
5.09643555,-87.73190000,-77.55597000
5.09704590,-88.38623000,-83.75323000
5.09765625,-89.39427000,-73.63351000
5.09826660,-93.03987000,-71.48118000
5.09887695,-91.88775000,-79.25246000
5.09948730,-96.32354000,-88.01022000
5.10009766,-86.76888000,-79.07607000
5.10070801,-84.21071000,-71.84801000
5.10131836,-91.61233000,-70.00124000
5.10192871,-91.97887000,-71.89407000
5.10253906,-84.73622000,-72.27795000
5.10314941,-85.46647000,-75.03542000
5.10375977,-92.08850000,-74.77144000
5.10437012,-109.49370000,-73.45811000
5.10498047,-99.69531000,-74.86110000
5.10559082,-100.03880000,-77.95535000
5.10620117,-97.85775000,-77.83651000
5.10681152,-91.72169000,-72.88446000
5.10742188,-86.02769000,-72.60583000
5.10803223,-88.08652000,-76.18655000
5.10864258,-95.45330000,-92.12550000
5.10925293,-88.62492000,-73.67666000
5.10986328,-89.09550000,-70.29226000
5.11047363,-93.86693000,-71.05772000
5.11108398,-96.24478000,-76.78290000
5.11169434,-94.67740000,-82.43607000
5.11230469,-98.24240000,-72.94447000
5.11291504,-108.55560000,-79.32452000
5.11352539,-90.20583000,-76.30791000
5.11413574,-88.50723000,-75.50508000
5.11474609,-97.62780000,-93.66162000
5.11535645,-95.38657000,-78.20398000
5.11596680,-89.19086000,-76.79472000
5.11657715,-88.40811000,-76.61128000
5.11718750,-91.45006000,-81.37607000
5.11779785,-95.05925000,-78.95550000
5.11840820,-102.97550000,-72.62708000
5.11901855,-93.07751000,-74.51788000
5.11962891,-89.63054000,-86.67022000
5.12023926,-91.21678000,-81.19270000
5.12084961,-90.60455000,-74.21568000
5.12145996,-90.01483000,-77.50253000
5.12207031,-87.42706000,-83.37769000
5.12268066,-87.18030000,-77.43611000
5.12329102,-95.13157000,-86.67377000
5.12390137,-106.54730000,-75.69995000
5.12451172,-106.05540000,-75.09450000
5.12512207,-97.78246000,-84.16851000
5.12573242,-93.27661000,-76.61502000
5.12634277,-90.62997000,-70.12874000
5.12695313,-101.20710000,-77.41357000
5.12756348,-83.96125000,-72.18146000
5.12817383,-85.00012000,-67.46041000
5.12878418,-97.81719000,-70.56455000
5.12939453,-90.21964000,-84.53183000
5.13000488,-90.65494000,-73.48626000
5.13061523,-93.55299000,-73.23260000
5.13122559,-114.86910000,-72.62813000
5.13183594,-87.26090000,-69.76543000
5.13244629,-83.40387000,-71.94453000
5.13305664,-91.20953000,-83.35703000
5.13366699,-87.59608000,-85.15167000
5.13427734,-85.39607000,-81.97684000
5.13488770,-97.96670000,-76.02854000
5.13549805,-103.69390000,-73.31644000
5.13610840,-90.47767000,-75.38701000
5.13671875,-89.20831000,-81.18074000
5.13732910,-97.91290000,-80.64105000
5.13793945,-89.81647000,-74.26300000
5.13854980,-84.93584000,-77.61057000
5.13916016,-88.74028000,-82.44327000
5.13977051,-96.18786000,-88.98965000
5.14038086,-95.62195000,-83.39076000
5.14099121,-98.08272000,-79.90128000
5.14160156,-94.06928000,-75.49132000
5.14221191,-96.51555000,-76.92704000
5.14282227,-107.36150000,-71.73969000
5.14343262,-96.19226000,-70.00014000
5.14404297,-98.41907000,-76.07560000
5.14465332,-100.62700000,-72.45253000
5.14526367,-97.46911000,-74.19778000
5.14587402,-90.10040000,-84.28256000
5.14648438,-87.72128000,-80.28138000
5.14709473,-88.86432000,-77.35113000
5.14770508,-93.78043000,-79.06264000
5.14831543,-108.80400000,-76.84220000
5.14892578,-97.15313000,-76.79758000
5.14953613,-103.28360000,-84.59991000
5.15014648,-95.21309000,-75.28295000
5.15075684,-96.40131000,-81.81767000
5.15136719,-103.09450000,-74.11505000
5.15197754,-96.07200000,-90.91214000
5.15258789,-87.81873000,-74.46366000
5.15319824,-88.52952000,-72.74208000
5.15380859,-94.90616000,-74.70829000
5.15441895,-92.27288000,-79.77363000
5.15502930,-90.10635000,-78.28149000
5.15563965,-92.24969000,-73.88322000
5.15625000,-100.63310000,-69.41266000
5.15686035,-96.04216000,-68.63799000
5.15747070,-103.19160000,-74.26248000
5.15808105,-98.36687000,-77.20031000
5.15869141,-94.02689000,-81.31661000
5.15930176,-90.82330000,-75.61605000
5.15991211,-87.50273000,-73.75967000
5.16052246,-86.98232000,-77.96985000
5.16113281,-91.34134000,-82.74090000
5.16174316,-98.02408000,-87.90520000
5.16235352,-95.79347000,-84.59451000
5.16296387,-90.74612000,-75.20560000
5.16357422,-86.98137000,-73.84167000
5.16418457,-89.70233000,-77.83956000
5.16479492,-91.08643000,-85.10989000
5.16540527,-90.62161000,-77.13234000
5.16601563,-99.56574000,-76.08826000
5.16662598,-98.51783000,-78.21240000
5.16723633,-94.11095000,-80.07721000
5.16784668,-93.45894000,-72.90238000
5.16845703,-89.46258000,-73.22931000
5.16906738,-88.36880000,-76.19401000
5.16967773,-88.53046000,-76.80892000
5.17028809,-93.76159000,-71.14198000
5.17089844,-97.86960000,-70.50994000
5.17150879,-95.07800000,-72.00413000
5.17211914,-92.43047000,-70.10675000
5.17272949,-89.02205000,-70.11707000
5.17333984,-89.72058000,-68.96104000
5.17395020,-91.82996000,-70.21156000
5.17456055,-87.92935000,-73.48023000
5.17517090,-88.10029000,-76.83537000
5.17578125,-94.07184000,-96.11423000
5.17639160,-103.09860000,-85.05870000
5.17700195,-91.58097000,-80.84726000
5.17761230,-89.74973000,-75.79573000
5.17822266,-90.54701000,-79.14686000
5.17883301,-91.18225000,-76.93832000
5.17944336,-96.13200000,-75.32516000
5.18005371,-99.15687000,-80.13794000
5.18066406,-89.11796000,-78.73405000
5.18127441,-86.69644000,-73.26654000
5.18188477,-89.14624000,-75.10324000
5.18249512,-102.62860000,-76.04509000
5.18310547,-96.52386000,-71.41951000
5.18371582,-91.30519000,-70.45336000
5.18432617,-88.17780000,-72.43594000
5.18493652,-89.81131000,-80.67703000
5.18554688,-91.08497000,-78.88303000
5.18615723,-93.36903000,-71.47270000
5.18676758,-94.27029000,-69.23509000
5.18737793,-92.52816000,-69.86302000
5.18798828,-90.53357000,-70.13085000
5.18859863,-89.11384000,-74.27044000
5.18920898,-87.58842000,-75.71832000
5.18981934,-91.82845000,-66.80005000
5.19042969,-112.25640000,-67.70580000
5.19104004,-95.73212000,-73.88167000
5.19165039,-87.44945000,-73.40312000
5.19226074,-86.21614000,-73.30335000
5.19287109,-85.98203000,-78.86666000
5.19348145,-83.84990000,-88.77663000
5.19409180,-88.89578000,-75.08918000
5.19470215,-92.65642000,-69.97485000
5.19531250,-86.54319000,-70.69153000
5.19592285,-90.26753000,-77.22657000
5.19653320,-92.72782000,-87.36426000
5.19714355,-92.45203000,-79.13603000
5.19775391,-91.63826000,-78.13729000
5.19836426,-85.93983000,-75.33711000
5.19897461,-82.76527000,-70.92947000
5.19958496,-83.70070000,-75.23113000
5.20019531,-89.75606000,-78.63627000
5.20080566,-90.71387000,-75.27148000
5.20141602,-101.18050000,-81.01966000
5.20202637,-91.97639000,-75.28036000
5.20263672,-92.76952000,-71.94833000
5.20324707,-91.99294000,-74.99959000
5.20385742,-91.18398000,-80.72528000
5.20446777,-96.68201000,-81.16695000
5.20507813,-114.56630000,-80.28906000
5.20568848,-93.50449000,-76.30907000
5.20629883,-86.72851000,-74.26154000
5.20690918,-87.14630000,-74.15966000
5.20751953,-92.13483000,-75.58874000
5.20812988,-110.63780000,-77.11602000
5.20874023,-93.96025000,-82.13840000
5.20935059,-90.09487000,-78.86991000
5.20996094,-91.50280000,-74.11887000
5.21057129,-93.54278000,-71.32245000
5.21118164,-89.82262000,-75.13144000
5.21179199,-89.63968000,-76.03899000
5.21240234,-91.19801000,-76.61678000
5.21301270,-88.42839000,-71.52983000
5.21362305,-92.34455000,-68.02502000
5.21423340,-96.49124000,-70.87775000
5.21484375,-87.55199000,-84.79526000
5.21545410,-86.65565000,-79.10546000
5.21606445,-91.41345000,-76.55498000
5.21667480,-89.09166000,-76.56212000
5.21728516,-89.11067000,-77.32349000
5.21789551,-96.10306000,-79.29984000
5.21850586,-101.84610000,-87.22116000
5.21911621,-89.13055000,-84.61067000
5.21972656,-87.04272000,-77.47571000
5.22033691,-91.79404000,-70.10609000
5.22094727,-95.64648000,-73.95182000
5.22155762,-104.17290000,-75.49155000
5.22216797,-98.90553000,-68.43015000
5.22277832,-100.00620000,-69.37715000
5.22338867,-89.48952000,-71.11880000
5.22399902,-91.47090000,-74.15875000
5.22460938,-96.81352000,-83.88284000
5.22521973,-91.22139000,-72.03919000
5.22583008,-90.93671000,-70.65368000
5.22644043,-92.81419000,-71.29304000
5.22705078,-93.22509000,-78.32519000
5.22766113,-88.37350000,-83.33383000
5.22827148,-92.53253000,-77.33005000
5.22888184,-90.93654000,-75.66582000
5.22949219,-86.78320000,-72.96939000
5.23010254,-89.86512000,-72.35828000
5.23071289,-93.23201000,-71.67327000
5.23132324,-93.23108000,-68.88029000
5.23193359,-100.18550000,-69.34308000
5.23254395,-100.47450000,-83.97005000
5.23315430,-87.91816000,-77.52784000
5.23376465,-83.43845000,-78.89579000
5.23437500,-89.24260000,-88.27580000
5.23498535,-103.46770000,-77.15920000
5.23559570,-90.28996000,-69.70103000
5.23620605,-86.30672000,-69.29826000
5.23681641,-87.35083000,-72.72382000
5.23742676,-88.27317000,-71.81219000
5.23803711,-90.73325000,-69.06921000
5.23864746,-97.77314000,-70.22714000
5.23925781,-111.73680000,-75.55907000
5.23986816,-93.71357000,-83.72926000
5.24047852,-89.01505000,-75.21798000
5.24108887,-91.09161000,-74.63548000
5.24169922,-101.54410000,-77.57476000
5.24230957,-102.16260000,-81.15852000
5.24291992,-90.52116000,-70.10637000
5.24353027,-93.19136000,-67.93259000
5.24414063,-99.45650000,-72.64721000
5.24475098,-94.25253000,-78.40302000
5.24536133,-110.69190000,-75.30215000
5.24597168,-92.32991000,-75.33100000
5.24658203,-92.62215000,-80.68221000
5.24719238,-97.12483000,-82.98831000
5.24780273,-95.59023000,-86.44713000
5.24841309,-94.10760000,-83.48152000
5.24902344,-91.76884000,-78.50179000
5.24963379,-82.09189000,-70.77902000
5.25024414,-80.11401000,-68.81618000
5.25085449,-91.57367000,-73.19437000
5.25146484,-92.99405000,-85.56061000
5.25207520,-94.45271000,-80.88303000
5.25268555,-91.26677000,-74.05557000
5.25329590,-89.96825000,-70.19172000
5.25390625,-88.84643000,-72.17970000
5.25451660,-94.94566000,-90.36890000
5.25512695,-99.25060000,-73.92859000
5.25573730,-94.84045000,-70.25729000
5.25634766,-97.42502000,-73.27291000
5.25695801,-97.31528000,-77.96285000
5.25756836,-88.59950000,-73.91852000
5.25817871,-87.46275000,-74.68997000
5.25878906,-88.19978000,-71.44977000
5.25939941,-90.62851000,-67.56253000
5.26000977,-94.81036000,-69.27139000
5.26062012,-101.79050000,-74.82373000
5.26123047,-115.16430000,-75.68533000
5.26184082,-99.20964000,-81.74574000
5.26245117,-94.14308000,-82.24300000
5.26306152,-87.74689000,-80.56010000
5.26367188,-85.98861000,-74.57227000
5.26428223,-89.03107000,-73.70323000
5.26489258,-89.70737000,-75.35249000
5.26550293,-86.26130000,-82.25958000
5.26611328,-86.94363000,-89.95213000
5.26672363,-91.73369000,-85.89339000
5.26733398,-96.52121000,-74.28011000
5.26794434,-99.32613000,-72.00914000
5.26855469,-99.23336000,-71.39483000
5.26916504,-91.25211000,-72.11118000
5.26977539,-88.76107000,-74.54403000
5.27038574,-90.22580000,-75.81408000
5.27099609,-95.38903000,-75.15340000
5.27160645,-99.01160000,-71.94312000
5.27221680,-95.43251000,-74.93373000
5.27282715,-88.92014000,-74.67532000
5.27343750,-86.42442000,-71.22321000
5.27404785,-96.53350000,-82.46001000
5.27465820,-86.33839000,-79.97119000
5.27526855,-85.46803000,-77.72351000
5.27587891,-92.29707000,-80.75424000
5.27648926,-107.21050000,-72.61443000
5.27709961,-94.56284000,-71.66644000
5.27770996,-88.01731000,-75.85023000
5.27832031,-87.67803000,-74.06805000
5.27893066,-91.78040000,-77.28578000
5.27954102,-101.01420000,-80.62744000
5.28015137,-95.58936000,-87.20325000
5.28076172,-93.89393000,-82.12783000
5.28137207,-99.04738000,-75.33123000
5.28198242,-88.41999000,-73.34454000
5.28259277,-90.39619000,-76.12390000
5.28320313,-92.59656000,-78.75709000
5.28381348,-86.45361000,-87.53853000
5.28442383,-92.39880000,-86.34520000
5.28503418,-92.99689000,-77.42714000
5.28564453,-97.10526000,-79.58609000
5.28625488,-90.88174000,-91.04447000
5.28686523,-89.16873000,-73.01046000
5.28747559,-91.00036000,-70.59126000
5.28808594,-91.70869000,-83.96282000
5.28869629,-99.47559000,-78.32639000
5.28930664,-88.31949000,-87.41795000
5.28991699,-90.70718000,-82.05188000
5.29052734,-103.06720000,-76.44678000
5.29113770,-98.31522000,-74.27750000
5.29174805,-96.14373000,-70.05568000
5.29235840,-92.52199000,-72.27402000
5.29296875,-94.62357000,-79.59969000
5.29357910,-93.93924000,-83.32562000
5.29418945,-88.68462000,-76.39301000
5.29479980,-91.67465000,-85.21434000
5.29541016,-102.80270000,-79.87714000
5.29602051,-105.07160000,-75.63369000
5.29663086,-98.51753000,-74.75463000
5.29724121,-92.81554000,-76.08540000
5.29785156,-99.74225000,-70.42916000
5.29846191,-94.39638000,-70.35933000
5.29907227,-95.85860000,-71.64932000
5.29968262,-99.89658000,-67.59558000
5.30029297,-95.34751000,-66.75896000
5.30090332,-86.25462000,-69.75941000
5.30151367,-87.62753000,-72.58048000
5.30212402,-99.59046000,-72.48676000
5.30273438,-88.92898000,-74.90899000
5.30334473,-90.85489000,-77.97037000
5.30395508,-102.10820000,-77.12726000
5.30456543,-108.99920000,-84.67165000
5.30517578,-93.40372000,-78.99440000
5.30578613,-87.28246000,-76.07214000
5.30639648,-92.79810000,-74.10832000
5.30700684,-105.87840000,-75.28497000
5.30761719,-98.56025000,-77.34216000
5.30822754,-95.87225000,-78.10744000
5.30883789,-92.03021000,-79.16028000
5.30944824,-94.42733000,-72.30627000
5.31005859,-94.08570000,-72.25196000
5.31066895,-90.11855000,-81.46699000
5.31127930,-96.11700000,-89.89215000
5.31188965,-102.32210000,-90.44145000
5.31250000,-90.11063000,-74.47047000
5.31311035,-80.65942000,-74.37445000
5.31372070,-76.94350000,-79.62196000
5.31433105,-80.53870000,-77.03078000
5.31494141,-91.68954000,-76.22388000
5.31555176,-94.24752000,-74.90432000
5.31616211,-85.91961000,-74.54500000
5.31677246,-83.83148000,-80.44829000
5.31738281,-87.17700000,-80.88875000
5.31799316,-93.25378000,-80.40994000
5.31860352,-97.61903000,-70.55161000
5.31921387,-92.14517000,-69.25174000
5.31982422,-93.96965000,-76.49557000
5.32043457,-96.97052000,-79.26682000
5.32104492,-92.73264000,-73.49400000
5.32165527,-93.27081000,-71.29108000
5.32226563,-91.58324000,-72.04381000
5.32287598,-93.97114000,-74.18227000
5.32348633,-93.47421000,-81.12053000
5.32409668,-92.23960000,-72.04392000
5.32470703,-104.21000000,-70.85990000
5.32531738,-90.89791000,-72.03688000
5.32592773,-88.26565000,-71.23771000
5.32653809,-89.48846000,-71.41115000
5.32714844,-91.67843000,-72.41424000
5.32775879,-96.75812000,-78.77409000
5.32836914,-95.04047000,-75.89977000
5.32897949,-88.92628000,-69.62891000
5.32958984,-87.19566000,-69.74725000
5.33020020,-92.99773000,-74.13018000
5.33081055,-89.30193000,-72.38586000
5.33142090,-87.57127000,-70.26872000
5.33203125,-88.62656000,-73.49071000
5.33264160,-88.09621000,-78.80247000
5.33325195,-87.07989000,-86.38802000
5.33386230,-86.65359000,-76.40546000
5.33447266,-89.34116000,-76.55125000
5.33508301,-94.43005000,-81.90213000
5.33569336,-100.77940000,-73.62292000
5.33630371,-98.00163000,-77.73904000
5.33691406,-102.96520000,-79.39213000
5.33752441,-95.88858000,-74.12685000
5.33813477,-90.87691000,-78.65674000
5.33874512,-88.25826000,-76.82314000
5.33935547,-91.20647000,-70.35036000
5.33996582,-92.31310000,-73.52493000
5.34057617,-92.72365000,-75.67619000
5.34118652,-95.97897000,-76.09971000
5.34179688,-87.34998000,-82.68302000
5.34240723,-86.47574000,-73.63702000
5.34301758,-90.94658000,-68.73382000
5.34362793,-95.28268000,-71.62122000
5.34423828,-94.37195000,-91.10246000
5.34484863,-89.25751000,-80.85850000
5.34545898,-88.93142000,-79.40052000
5.34606934,-89.32289000,-72.30782000
5.34667969,-91.01032000,-69.29314000
5.34729004,-90.51842000,-68.31192000
5.34790039,-88.55952000,-70.71254000
5.34851074,-88.46954000,-70.64502000
5.34912109,-90.99835000,-67.91446000
5.34973145,-104.46020000,-66.22491000
5.35034180,-88.82147000,-67.91351000
5.35095215,-85.15199000,-74.62717000
5.35156250,-86.99952000,-71.99346000
5.35217285,-98.65536000,-73.37004000
5.35278320,-94.06669000,-90.12649000
5.35339355,-93.03146000,-76.68571000
5.35400391,-104.63590000,-79.26677000
5.35461426,-89.17914000,-82.49359000
5.35522461,-86.32781000,-73.28241000
5.35583496,-88.29886000,-69.25565000
5.35644531,-92.36652000,-69.52521000
5.35705566,-99.14030000,-71.64677000
5.35766602,-98.42072000,-71.59587000
5.35827637,-91.19503000,-71.35291000
5.35888672,-88.97301000,-70.91754000
5.35949707,-89.08475000,-70.01404000
5.36010742,-92.73756000,-73.14256000
5.36071777,-100.03400000,-77.55225000
5.36132813,-99.84605000,-88.37099000
5.36193848,-97.25323000,-77.20367000
5.36254883,-99.76449000,-75.83886000
5.36315918,-111.20540000,-76.53976000
5.36376953,-107.80500000,-69.03828000
5.36437988,-120.10260000,-70.21272000
5.36499023,-108.81870000,-72.15424000
5.36560059,-100.40830000,-72.27469000
5.36621094,-103.83340000,-70.13203000
5.36682129,-97.84164000,-70.69823000
5.36743164,-109.50090000,-75.48949000
5.36804199,-99.36473000,-89.13228000
5.36865234,-102.69910000,-77.02016000
5.36926270,-117.99730000,-73.61462000
5.36987305,-97.42044000,-80.12669000
5.37048340,-94.11541000,-73.15382000
5.37109375,-95.30567000,-75.63992000
5.37170410,-98.65421000,-75.68363000
5.37231445,-95.23499000,-70.55184000
5.37292480,-89.74415000,-75.26335000
5.37353516,-86.09775000,-80.98001000
5.37414551,-87.50519000,-80.27020000
5.37475586,-93.01190000,-77.34431000
5.37536621,-97.68813000,-72.66200000
5.37597656,-101.25590000,-74.70597000
5.37658691,-98.57552000,-82.54074000
5.37719727,-99.64267000,-83.70290000
5.37780762,-91.82950000,-79.17232000
5.37841797,-92.98287000,-74.71957000
5.37902832,-94.42299000,-72.01516000
5.37963867,-90.80338000,-73.21609000
5.38024902,-90.87376000,-77.64414000
5.38085938,-97.56642000,-84.40972000
5.38146973,-93.81955000,-75.92080000
5.38208008,-89.99742000,-70.83971000
5.38269043,-89.77588000,-67.53997000
5.38330078,-95.18021000,-66.57889000
5.38391113,-97.20810000,-68.60297000
5.38452148,-95.99101000,-73.77490000
5.38513184,-96.04462000,-76.61089000
5.38574219,-89.73072000,-77.50043000
5.38635254,-87.57968000,-80.94501000
5.38696289,-91.05751000,-86.14674000
5.38757324,-88.70162000,-83.98259000
5.38818359,-92.80382000,-77.10394000
5.38879395,-94.59846000,-73.37212000
5.38940430,-93.74930000,-71.51099000
5.39001465,-90.64602000,-73.75714000
5.39062500,-90.38700000,-81.67130000
5.39123535,-94.38681000,-76.54401000
5.39184570,-104.12060000,-73.03005000
5.39245605,-106.98750000,-73.91221000
5.39306641,-97.33090000,-88.41403000
5.39367676,-89.78889000,-78.50803000
5.39428711,-88.26147000,-76.68379000
5.39489746,-90.01395000,-84.54218000
5.39550781,-91.39729000,-72.90168000
5.39611816,-94.52087000,-71.67374000
5.39672852,-98.42434000,-73.71806000
5.39733887,-104.21620000,-81.18839000
5.39794922,-94.12347000,-88.28925000
5.39855957,-93.05786000,-81.97998000
5.39916992,-89.21344000,-84.93659000
5.39978027,-83.08363000,-80.68077000
5.40039063,-81.50367000,-75.09751000
5.40100098,-85.86543000,-82.59354000
5.40161133,-93.30551000,-75.85137000
5.40222168,-99.14331000,-81.24994000
5.40283203,-97.25735000,-77.97272000
5.40344238,-91.42022000,-76.84038000
5.40405273,-90.40020000,-75.38776000
5.40466309,-93.90194000,-81.02022000
5.40527344,-97.31597000,-81.04320000
5.40588379,-88.75627000,-79.94977000
5.40649414,-89.51822000,-79.69106000
5.40710449,-93.25356000,-101.51470000
5.40771484,-98.03333000,-78.15080000
5.40832520,-90.42468000,-73.52913000
5.40893555,-92.35199000,-73.01866000
5.40954590,-97.76616000,-70.35568000
5.41015625,-100.24540000,-68.46613000
5.41076660,-97.81887000,-69.52560000
5.41137695,-91.83532000,-75.42802000
5.41198730,-91.51213000,-73.05151000
5.41259766,-91.39592000,-70.66330000
5.41320801,-95.23341000,-78.17605000
5.41381836,-105.23440000,-77.16340000
5.41442871,-89.49553000,-75.26214000
5.41503906,-87.56387000,-88.01437000
5.41564941,-92.52602000,-72.29178000
5.41625977,-103.23110000,-73.79323000
5.41687012,-103.15680000,-86.02042000
5.41748047,-99.49182000,-85.25937000
5.41809082,-91.17409000,-76.72824000
5.41870117,-86.23270000,-77.42418000
5.41931152,-88.58817000,-82.61681000
5.41992188,-98.07168000,-79.06772000
5.42053223,-86.93445000,-75.56299000
5.42114258,-86.74274000,-76.04102000
5.42175293,-92.85690000,-75.84733000
5.42236328,-93.34435000,-89.61250000
5.42297363,-98.15994000,-75.38306000
5.42358398,-103.52360000,-82.06497000
5.42419434,-99.99309000,-75.95220000
5.42480469,-102.28400000,-72.03605000
5.42541504,-93.20374000,-71.13795000
5.42602539,-87.56712000,-70.89478000
5.42663574,-85.72179000,-70.90298000
5.42724609,-87.06264000,-77.55376000
5.42785645,-88.76617000,-75.62071000
5.42846680,-94.67255000,-76.37894000
5.42907715,-90.32339000,-86.61505000
5.42968750,-83.12921000,-75.12570000
5.43029785,-82.27538000,-86.36977000
5.43090820,-88.56865000,-75.99939000
5.43151855,-100.62760000,-74.37148000
5.43212891,-93.41282000,-72.78077000
5.43273926,-95.35442000,-73.85198000
5.43334961,-89.94849000,-81.35092000
5.43395996,-93.73741000,-98.63737000
5.43457031,-94.80861000,-80.96622000
5.43518066,-90.64255000,-71.89477000
5.43579102,-96.49136000,-72.18121000
5.43640137,-110.52420000,-74.48643000
5.43701172,-104.20950000,-68.89110000
5.43762207,-92.32372000,-71.68283000
5.43823242,-89.58589000,-86.23358000
5.43884277,-89.15646000,-71.50306000
5.43945313,-91.27870000,-72.59119000
5.44006348,-92.97306000,-75.16593000
5.44067383,-96.12691000,-74.97334000
5.44128418,-92.89943000,-84.39544000
5.44189453,-86.78511000,-78.15101000
5.44250488,-87.08637000,-77.25357000
5.44311523,-98.40435000,-75.87939000
5.44372559,-102.52590000,-75.96347000
5.44433594,-97.18291000,-75.48000000
5.44494629,-92.39584000,-74.88101000
5.44555664,-89.77589000,-71.11732000
5.44616699,-90.35165000,-67.65838000
5.44677734,-97.93423000,-67.99097000
5.44738770,-93.11125000,-68.77814000
5.44799805,-94.61345000,-73.80940000
5.44860840,-91.32249000,-78.79765000
5.44921875,-85.23376000,-73.63531000
5.44982910,-85.49107000,-72.79298000
5.45043945,-94.31122000,-73.32487000
5.45104980,-96.98345000,-74.87875000
5.45166016,-96.07980000,-78.41994000
5.45227051,-93.43063000,-79.44421000
5.45288086,-99.79211000,-77.18816000
5.45349121,-110.09230000,-78.76593000
5.45410156,-99.43589000,-83.92272000
5.45471191,-90.48989000,-75.75851000
5.45532227,-88.22064000,-77.40717000
5.45593262,-88.94714000,-92.76840000
5.45654297,-99.14054000,-76.28897000
5.45715332,-93.45900000,-71.82372000
5.45776367,-91.58134000,-72.39996000
5.45837402,-93.20230000,-70.30350000
5.45898438,-91.36452000,-72.72112000
5.45959473,-102.60900000,-81.76912000
5.46020508,-92.75452000,-82.47875000
5.46081543,-103.38420000,-76.65832000
5.46142578,-91.09116000,-73.77518000
5.46203613,-86.13632000,-69.68764000
5.46264648,-86.64908000,-72.60040000
5.46325684,-86.98902000,-77.38519000
5.46386719,-87.62939000,-73.04025000
5.46447754,-88.20748000,-69.60403000
5.46508789,-88.05618000,-76.68333000
5.46569824,-90.47283000,-90.34638000
5.46630859,-101.68450000,-85.67166000
5.46691895,-97.15491000,-88.56900000
5.46752930,-101.10180000,-75.67584000
5.46813965,-101.95440000,-72.77200000
5.46875000,-96.32228000,-75.69859000
5.46936035,-92.56456000,-75.88362000
5.46997070,-93.95786000,-76.69343000
5.47058105,-99.58264000,-71.52200000
5.47119141,-103.86260000,-70.55589000
5.47180176,-92.13496000,-73.79981000
5.47241211,-90.16521000,-75.86485000
5.47302246,-86.87494000,-73.91363000
5.47363281,-88.42780000,-73.78956000
5.47424316,-99.75071000,-71.81297000
5.47485352,-91.20705000,-68.86929000
5.47546387,-87.99229000,-68.48036000
5.47607422,-87.53602000,-71.78622000
5.47668457,-86.99864000,-75.88842000
5.47729492,-89.69318000,-80.53270000
5.47790527,-100.55040000,-77.33311000
5.47851563,-101.66440000,-74.07997000
5.47912598,-88.30059000,-71.32935000
5.47973633,-86.16348000,-68.40066000
5.48034668,-90.19932000,-69.85068000
5.48095703,-91.56960000,-71.41518000
5.48156738,-89.65367000,-69.89636000
5.48217773,-91.72149000,-68.58007000
5.48278809,-91.70525000,-68.62424000
5.48339844,-91.98650000,-72.91132000
5.48400879,-94.63917000,-88.31985000
5.48461914,-92.71542000,-77.42648000
5.48522949,-94.39655000,-78.66782000
5.48583984,-91.18077000,-72.90551000
5.48645020,-90.89159000,-74.22473000
5.48706055,-95.96495000,-77.43549000
5.48767090,-97.69258000,-75.39714000
5.48828125,-93.42064000,-67.57346000
5.48889160,-94.52632000,-66.60045000
5.48950195,-97.20112000,-68.45876000
5.49011230,-95.69336000,-70.44288000
5.49072266,-103.46180000,-70.98962000
5.49133301,-89.53063000,-66.46635000
5.49194336,-87.44044000,-66.36586000
5.49255371,-87.30501000,-71.77390000
5.49316406,-87.35656000,-74.82587000
5.49377441,-87.12490000,-73.71062000
5.49438477,-89.34814000,-82.18835000
5.49499512,-90.48047000,-75.47581000
5.49560547,-95.23903000,-75.04468000
5.49621582,-101.77340000,-74.14944000
5.49682617,-89.59248000,-71.18024000
5.49743652,-92.62302000,-80.36801000
5.49804688,-95.28172000,-77.37010000
5.49865723,-84.39182000,-87.35970000
5.49926758,-81.52126000,-78.44259000
5.49987793,-85.76599000,-77.75636000
5.50048828,-93.20576000,-80.69066000
5.50109863,-92.23995000,-76.99918000
5.50170898,-91.53420000,-73.88963000
5.50231934,-89.04552000,-77.62124000
5.50292969,-90.54462000,-79.36874000
5.50354004,-94.45602000,-80.99298000
5.50415039,-107.52000000,-84.45809000
5.50476074,-97.02798000,-78.83203000
5.50537109,-87.98279000,-77.46134000
5.50598145,-88.54466000,-69.87775000
5.50659180,-96.07941000,-68.23603000
5.50720215,-95.85754000,-71.69343000
5.50781250,-93.96473000,-72.72700000
5.50842285,-88.35609000,-71.20266000
5.50903320,-87.92966000,-68.79259000
5.50964355,-93.08514000,-69.51096000
5.51025391,-103.59660000,-73.83722000
5.51086426,-88.18797000,-75.95634000
5.51147461,-84.04148000,-77.95837000
5.51208496,-87.74487000,-79.56856000
5.51269531,-94.27573000,-88.61159000
5.51330566,-113.27320000,-82.87959000
5.51391602,-97.09496000,-79.38623000
5.51452637,-94.86652000,-79.29477000
5.51513672,-95.21474000,-76.63375000
5.51574707,-96.22716000,-73.63536000
5.51635742,-109.10590000,-73.21044000
5.51696777,-107.75670000,-74.82230000
5.51757813,-96.05030000,-77.63805000
5.51818848,-89.06936000,-80.31403000
5.51879883,-88.98207000,-80.37093000
5.51940918,-93.27917000,-74.38840000
5.52001953,-105.05120000,-83.21164000
5.52062988,-86.85990000,-71.14034000
5.52124023,-85.36794000,-71.68718000
5.52185059,-86.90147000,-69.34340000
5.52246094,-87.34526000,-72.41704000
5.52307129,-91.61829000,-81.29259000
5.52368164,-98.80692000,-81.02879000
5.52429199,-95.79391000,-80.44471000
5.52490234,-99.69688000,-99.65160000
5.52551270,-97.01315000,-88.01680000
5.52612305,-92.20529000,-73.45601000
5.52673340,-92.23656000,-68.67822000
5.52734375,-91.30571000,-71.53942000
5.52795410,-91.60315000,-78.42357000
5.52856445,-100.45290000,-82.08519000
5.52917480,-111.84900000,-83.29698000
5.52978516,-94.74905000,-74.48671000
5.53039551,-86.34547000,-76.69829000
5.53100586,-83.22179000,-77.74736000
5.53161621,-83.10661000,-75.36946000
5.53222656,-85.72807000,-78.21024000
5.53283691,-91.05429000,-77.68348000
5.53344727,-96.48289000,-84.59213000
5.53405762,-96.65601000,-72.25432000
5.53466797,-104.52700000,-76.54150000
5.53527832,-97.83142000,-73.23421000
5.53588867,-95.52281000,-75.00133000
5.53649902,-97.00447000,-71.23265000
5.53710938,-90.82092000,-74.22032000
5.53771973,-87.04086000,-84.35266000
5.53833008,-86.80301000,-73.99088000
5.53894043,-90.42438000,-75.06793000
5.53955078,-94.40771000,-95.17082000
5.54016113,-104.44530000,-79.53531000
5.54077148,-100.75260000,-80.48949000
5.54138184,-97.08007000,-79.22992000
5.54199219,-94.31129000,-74.68802000
5.54260254,-98.67508000,-73.98723000
5.54321289,-102.86230000,-71.20816000
5.54382324,-102.01780000,-69.94997000
5.54443359,-96.81660000,-73.61526000
5.54504395,-87.64134000,-87.00468000
5.54565430,-83.26183000,-78.23228000
5.54626465,-82.99260000,-73.24323000
5.54687500,-88.75984000,-76.76913000
5.54748535,-103.12190000,-72.95823000
5.54809570,-91.46500000,-72.22919000
5.54870605,-94.24144000,-77.93146000
5.54931641,-99.23476000,-73.66260000
5.54992676,-93.35464000,-70.92902000
5.55053711,-91.45100000,-79.38541000
5.55114746,-91.40224000,-76.70524000
5.55175781,-92.58240000,-73.14673000
5.55236816,-93.01693000,-75.08069000
5.55297852,-87.75964000,-72.44805000
5.55358887,-84.79461000,-72.63925000
5.55419922,-91.34554000,-82.11425000
5.55480957,-108.90010000,-75.21497000
5.55541992,-95.93341000,-71.57110000
5.55603027,-90.28553000,-75.38850000
5.55664063,-96.34103000,-75.25851000
5.55725098,-92.85947000,-69.47179000
5.55786133,-94.48215000,-71.67920000
5.55847168,-95.13126000,-74.36896000
5.55908203,-95.06097000,-74.93326000
5.55969238,-98.42529000,-74.56213000
5.56030273,-97.61415000,-81.18668000
5.56091309,-94.49752000,-77.15392000
5.56152344,-100.78270000,-76.78729000
5.56213379,-97.79564000,-70.56060000
5.56274414,-90.26589000,-69.39935000
5.56335449,-94.40813000,-69.86510000
5.56396484,-107.01000000,-69.69878000
5.56457520,-106.42470000,-68.86018000
5.56518555,-98.17953000,-71.90433000
5.56579590,-98.54256000,-81.37044000
5.56640625,-90.88586000,-87.11434000
5.56701660,-96.05988000,-75.58421000
5.56762695,-92.79372000,-74.87231000
5.56823730,-89.16335000,-76.62202000
5.56884766,-90.76054000,-89.11854000
5.56945801,-100.76450000,-75.97967000
5.57006836,-97.03795000,-71.94904000
5.57067871,-94.96339000,-72.91190000
5.57128906,-89.35909000,-75.04461000
5.57189941,-93.72878000,-70.78973000
5.57250977,-104.01750000,-70.72809000
5.57312012,-109.51780000,-74.85349000
5.57373047,-97.31339000,-74.66796000
5.57434082,-89.83139000,-72.98653000
5.57495117,-89.86166000,-70.63757000
5.57556152,-100.43460000,-74.77372000
5.57617188,-98.29250000,-72.49465000
5.57678223,-95.54048000,-73.65369000
5.57739258,-93.59911000,-72.22129000
5.57800293,-94.49474000,-69.15731000
5.57861328,-92.51408000,-69.90956000
5.57922363,-90.67389000,-72.66994000
5.57983398,-97.94447000,-82.11267000
5.58044434,-89.09648000,-71.10037000
5.58105469,-91.13250000,-70.65736000
5.58166504,-97.07150000,-76.51942000
5.58227539,-91.89971000,-76.85308000
5.58288574,-90.64372000,-75.66090000
5.58349609,-91.03816000,-77.34090000
5.58410645,-89.83917000,-74.78923000
5.58471680,-88.72745000,-80.92377000
5.58532715,-85.88069000,-78.75714000
5.58593750,-87.47059000,-76.04109000
5.58654785,-92.72239000,-70.16231000
5.58715820,-87.19323000,-67.03661000
5.58776855,-85.99839000,-67.95636000
5.58837891,-88.63094000,-70.77472000
5.58898926,-96.60923000,-71.39091000
5.58959961,-87.41821000,-73.69745000
5.59020996,-85.90824000,-78.42256000
5.59082031,-85.97657000,-81.28167000
5.59143066,-93.49901000,-83.34726000
5.59204102,-93.68420000,-78.46093000
5.59265137,-88.85083000,-74.82457000
5.59326172,-88.54462000,-71.92467000
5.59387207,-89.55636000,-75.03023000
5.59448242,-105.13890000,-76.03621000
5.59509277,-93.07453000,-71.75380000
5.59570313,-99.06495000,-67.24767000
5.59631348,-106.65730000,-66.76932000
5.59692383,-101.39810000,-67.87179000
5.59753418,-96.37145000,-72.49197000
5.59814453,-91.27242000,-77.14195000
5.59875488,-86.53387000,-69.71294000
5.59936523,-87.00921000,-72.19420000
5.59997559,-94.22964000,-79.98524000
5.60058594,-103.99340000,-76.39166000
5.60119629,-92.08276000,-72.94231000
5.60180664,-92.81783000,-75.73510000
5.60241699,-93.39368000,-77.19474000
5.60302734,-93.87993000,-78.55766000
5.60363770,-99.29570000,-83.07211000
5.60424805,-88.96394000,-71.36590000
5.60485840,-87.35516000,-66.55712000
5.60546875,-87.09190000,-66.97455000
5.60607910,-86.49911000,-74.10395000
5.60668945,-86.96247000,-82.24312000
5.60729980,-87.79965000,-74.96552000
5.60791016,-86.50964000,-87.12306000
5.60852051,-89.59882000,-75.80821000
5.60913086,-95.13354000,-77.51323000
5.60974121,-90.36912000,-77.81508000
5.61035156,-91.71013000,-74.44985000
5.61096191,-99.58304000,-70.45676000
5.61157227,-97.78626000,-73.34143000
5.61218262,-88.06010000,-77.03596000
5.61279297,-86.61452000,-73.80238000
5.61340332,-79.50447000,-84.64645000
5.61401367,-79.16872000,-74.62169000
5.61462402,-83.97350000,-70.87106000
5.61523438,-90.15194000,-68.48229000
5.61584473,-100.20680000,-72.37191000
5.61645508,-105.61100000,-79.94095000
5.61706543,-99.39227000,-78.36772000
5.61767578,-90.09449000,-81.90479000
5.61828613,-91.45018000,-77.16687000
5.61889648,-89.66460000,-80.98438000
5.61950684,-88.88126000,-73.89989000
5.62011719,-94.74019000,-71.06860000
5.62072754,-97.15717000,-72.14394000
5.62133789,-90.38082000,-72.21423000
5.62194824,-91.05612000,-71.67007000
5.62255859,-87.71058000,-71.09945000
5.62316895,-85.92620000,-75.13246000
5.62377930,-89.74348000,-80.22276000
5.62438965,-89.48308000,-77.83492000
5.62500000,-88.15460000,-76.51469000
5.62561035,-88.05882000,-69.66473000
5.62622070,-89.29335000,-68.69064000
5.62683105,-92.98210000,-71.30126000
5.62744141,-93.77472000,-71.62569000
5.62805176,-94.99115000,-71.38871000
5.62866211,-96.95899000,-73.48877000
5.62927246,-89.96173000,-77.61537000
5.62988281,-87.75165000,-76.58605000
5.63049316,-88.98891000,-76.98724000
5.63110352,-94.91776000,-85.39738000
5.63171387,-104.74340000,-84.23563000
5.63232422,-88.35664000,-81.06640000
5.63293457,-87.52824000,-81.01284000
5.63354492,-93.06817000,-79.99578000
5.63415527,-97.93224000,-69.67966000
5.63476563,-93.55256000,-69.23016000
5.63537598,-89.76020000,-73.59608000
5.63598633,-89.44995000,-77.77681000
5.63659668,-92.22366000,-81.32579000
5.63720703,-94.12151000,-75.75223000
5.63781738,-96.91441000,-74.09536000
5.63842773,-104.23600000,-75.61649000
5.63903809,-103.86710000,-71.09353000
5.63964844,-97.76940000,-72.41727000
5.64025879,-103.81470000,-78.23714000
5.64086914,-90.97766000,-85.59894000
5.64147949,-88.90695000,-85.90359000
5.64208984,-91.32861000,-82.38318000
5.64270020,-99.56107000,-71.55948000
5.64331055,-92.43804000,-70.96449000
5.64392090,-98.44296000,-78.85591000
5.64453125,-105.17260000,-74.38525000
5.64514160,-93.14877000,-77.86812000
5.64575195,-91.42838000,-73.78665000
5.64636230,-94.69199000,-72.13227000
5.64697266,-93.72642000,-74.33965000
5.64758301,-91.98776000,-82.15686000
5.64819336,-93.40691000,-81.31138000
5.64880371,-98.30508000,-76.12123000
5.64941406,-93.54578000,-74.71819000
5.65002441,-86.42348000,-77.27008000
5.65063477,-85.74375000,-75.08466000
5.65124512,-91.72661000,-69.19678000
5.65185547,-95.53718000,-70.97586000
5.65246582,-89.76685000,-73.34496000
5.65307617,-94.66403000,-74.69361000
5.65368652,-97.24422000,-74.16498000
5.65429688,-89.35805000,-78.05068000
5.65490723,-86.98356000,-83.20420000
5.65551758,-91.24556000,-73.35872000
5.65612793,-94.10150000,-72.72058000
5.65673828,-93.52988000,-77.26796000
5.65734863,-93.49573000,-81.47495000
5.65795898,-94.71214000,-93.68820000
5.65856934,-94.02196000,-79.71735000
5.65917969,-94.52815000,-74.53201000
5.65979004,-97.32512000,-76.78787000
5.66040039,-91.24753000,-74.53963000
5.66101074,-90.94578000,-69.86749000
5.66162109,-95.70888000,-68.69989000
5.66223145,-95.38177000,-74.71700000
5.66284180,-92.70407000,-74.73464000
5.66345215,-95.94475000,-71.39480000
5.66406250,-93.32710000,-73.22845000
5.66467285,-94.00390000,-78.16711000
5.66528320,-98.12692000,-72.15498000
5.66589355,-94.40583000,-70.84084000
5.66650391,-98.02275000,-71.63257000
5.66711426,-100.99870000,-82.12391000
5.66772461,-93.82500000,-70.26219000
5.66833496,-92.79827000,-72.39235000
5.66894531,-97.69715000,-70.48598000
5.66955566,-97.13606000,-66.73693000
5.67016602,-91.36669000,-66.37727000
5.67077637,-86.58978000,-69.21925000
5.67138672,-83.52306000,-77.20692000
5.67199707,-83.56740000,-76.47470000
5.67260742,-86.72611000,-77.54148000
5.67321777,-88.98239000,-89.25464000
5.67382813,-87.17426000,-79.08097000
5.67443848,-90.98121000,-74.93686000
5.67504883,-103.33120000,-71.84891000
5.67565918,-105.48450000,-75.42986000
5.67626953,-101.98130000,-77.99289000
5.67687988,-95.77071000,-76.40880000
5.67749023,-97.23746000,-75.85040000
5.67810059,-93.38338000,-68.46754000
5.67871094,-92.38184000,-69.41863000
5.67932129,-91.95316000,-76.11364000
5.67993164,-90.68176000,-75.02448000
5.68054199,-89.02126000,-76.90408000
5.68115234,-87.00005000,-76.70189000
5.68176270,-85.80688000,-72.81626000
5.68237305,-90.43633000,-75.95576000
5.68298340,-90.26376000,-82.33763000
5.68359375,-91.33240000,-87.77127000
5.68420410,-100.96040000,-80.55695000
5.68481445,-96.67670000,-80.73898000
5.68542480,-96.87145000,-82.06741000
5.68603516,-99.79320000,-80.41124000
5.68664551,-96.01021000,-79.30815000
5.68725586,-91.51227000,-108.29790000
5.68786621,-93.61755000,-89.68171000
5.68847656,-99.25244000,-89.47360000
5.68908691,-91.79519000,-74.74106000
5.68969727,-91.50908000,-70.45534000
5.69030762,-94.76897000,-75.09190000
5.69091797,-91.42047000,-75.78159000
5.69152832,-92.20620000,-73.73409000
5.69213867,-118.92510000,-74.76579000
5.69274902,-98.14914000,-74.93947000
5.69335938,-108.06810000,-78.36787000
5.69396973,-99.02460000,-71.94683000
5.69458008,-93.16906000,-72.76834000
5.69519043,-89.89069000,-71.15198000
5.69580078,-92.49520000,-74.82169000
5.69641113,-93.46727000,-90.33568000
5.69702148,-95.72791000,-70.45285000
5.69763184,-105.82500000,-67.77676000
5.69824219,-97.13382000,-71.60641000
5.69885254,-92.21761000,-77.64627000
5.69946289,-96.22484000,-72.00914000
5.70007324,-92.85600000,-71.66217000
5.70068359,-93.81223000,-76.76527000
5.70129395,-97.93385000,-75.42068000
5.70190430,-95.65071000,-70.98338000
5.70251465,-92.00845000,-70.04839000
5.70312500,-89.94473000,-70.21845000
5.70373535,-88.94515000,-74.81651000
5.70434570,-93.32426000,-83.81912000
5.70495605,-98.64220000,-75.44138000
5.70556641,-94.22565000,-74.06343000
5.70617676,-99.61905000,-74.71856000
5.70678711,-88.96439000,-81.24195000
5.70739746,-90.60826000,-74.89066000
5.70800781,-94.33897000,-69.98320000
5.70861816,-90.25713000,-69.64506000
5.70922852,-87.49043000,-74.73258000
5.70983887,-94.21177000,-78.56040000
5.71044922,-104.04880000,-75.45247000
5.71105957,-106.27840000,-83.75718000
5.71166992,-95.29826000,-76.13969000
5.71228027,-93.24815000,-72.68214000
5.71289063,-101.26130000,-71.68924000
5.71350098,-87.65557000,-78.67209000
5.71411133,-84.45779000,-87.40009000
5.71472168,-87.42430000,-79.93830000
5.71533203,-89.65462000,-73.93556000
5.71594238,-91.36153000,-78.91397000
5.71655273,-96.72958000,-76.61277000
5.71716309,-97.57458000,-72.02508000
5.71777344,-109.58970000,-74.56863000
5.71838379,-96.38379000,-73.58392000
5.71899414,-92.80549000,-72.18330000
5.71960449,-103.63660000,-72.55479000
5.72021484,-96.08809000,-78.49776000
5.72082520,-91.16470000,-73.18855000
5.72143555,-91.07029000,-67.83618000
5.72204590,-95.67486000,-67.29381000
5.72265625,-91.71269000,-69.06552000
5.72326660,-88.09494000,-73.54865000
5.72387695,-89.27208000,-79.06808000
5.72448730,-103.30330000,-83.20679000
5.72509766,-93.90540000,-77.26930000
5.72570801,-91.96343000,-80.30495000
5.72631836,-91.64880000,-69.47514000
5.72692871,-91.23063000,-68.21677000
5.72753906,-96.25863000,-77.12550000
5.72814941,-92.90259000,-80.58517000
5.72875977,-92.41325000,-81.86670000
5.72937012,-95.18699000,-74.94007000
5.72998047,-87.56629000,-79.52076000
5.73059082,-94.19743000,-91.30761000
5.73120117,-89.28177000,-83.87157000
5.73181152,-90.80071000,-79.89791000
5.73242188,-92.04891000,-82.45834000
5.73303223,-93.40091000,-78.36944000
5.73364258,-88.68625000,-76.59457000
5.73425293,-90.41895000,-70.06552000
5.73486328,-93.40591000,-70.85011000
5.73547363,-93.14487000,-71.67223000
5.73608398,-95.13219000,-81.85690000
5.73669434,-89.17075000,-79.54451000
5.73730469,-87.80930000,-77.22308000
5.73791504,-91.61818000,-69.01061000
5.73852539,-104.83830000,-67.63206000
5.73913574,-94.38491000,-71.37229000
5.73974609,-95.64862000,-69.02045000
5.74035645,-95.42920000,-71.75826000
5.74096680,-99.97469000,-89.24422000
5.74157715,-91.73294000,-76.00955000
5.74218750,-92.60063000,-68.71982000
5.74279785,-101.56420000,-68.69662000
5.74340820,-90.68009000,-71.88747000
5.74401855,-90.99649000,-72.95792000
5.74462891,-99.34495000,-81.56562000
5.74523926,-94.16510000,-82.69283000
5.74584961,-95.12131000,-79.92274000
5.74645996,-87.46904000,-77.89088000
5.74707031,-84.30007000,-72.68130000
5.74768066,-87.76154000,-72.61402000
5.74829102,-93.62000000,-73.98767000
5.74890137,-94.73872000,-79.62003000
5.74951172,-101.73150000,-87.87132000
5.75012207,-95.62898000,-74.26210000
5.75073242,-98.91467000,-72.33348000
5.75134277,-94.17598000,-69.63036000
5.75195313,-93.00053000,-66.42343000
5.75256348,-86.55196000,-69.21983000
5.75317383,-88.41254000,-74.34117000
5.75378418,-87.89352000,-73.78958000
5.75439453,-90.67506000,-83.45938000
5.75500488,-102.30280000,-92.90009000
5.75561523,-95.96191000,-69.57676000
5.75622559,-92.42175000,-65.10813000
5.75683594,-87.30843000,-66.36653000
5.75744629,-91.05350000,-71.23582000
5.75805664,-137.15530000,-71.47000000
5.75866699,-101.40290000,-73.20242000
5.75927734,-96.35741000,-75.72988000
5.75988770,-93.56774000,-79.22225000
5.76049805,-93.57856000,-77.45049000
5.76110840,-95.87527000,-78.74117000
5.76171875,-94.28198000,-72.91579000
5.76232910,-94.54957000,-75.92595000
5.76293945,-100.76510000,-72.43777000
5.76354980,-97.62561000,-70.65395000
5.76416016,-86.38864000,-68.74207000
5.76477051,-82.34216000,-69.46455000
5.76538086,-83.89703000,-71.75784000
5.76599121,-90.35092000,-67.70918000
5.76660156,-102.43710000,-68.23174000
5.76721191,-91.26649000,-77.30312000
5.76782227,-88.47102000,-91.95004000
5.76843262,-92.78474000,-81.36409000
5.76904297,-95.85486000,-72.65289000
5.76965332,-96.12388000,-71.58840000
5.77026367,-92.56805000,-74.59946000
5.77087402,-96.82381000,-76.12016000
5.77148438,-93.56609000,-75.64684000
5.77209473,-88.03368000,-78.97237000
5.77270508,-90.32971000,-82.52895000
5.77331543,-91.30181000,-79.32721000
5.77392578,-87.09832000,-81.05429000
5.77453613,-93.25853000,-70.93940000
5.77514648,-97.56847000,-67.51366000
5.77575684,-90.25803000,-70.09625000
5.77636719,-86.94330000,-71.98997000
5.77697754,-88.30132000,-73.38123000
5.77758789,-94.54623000,-87.33353000
5.77819824,-94.11050000,-84.62520000
5.77880859,-93.10454000,-94.03085000
5.77941895,-92.24311000,-85.27539000
5.78002930,-88.21394000,-76.95128000
5.78063965,-88.23564000,-70.39447000
5.78125000,-89.70295000,-70.56543000
5.78186035,-94.55082000,-74.11294000
5.78247070,-89.04712000,-78.77557000
5.78308105,-86.69350000,-74.16154000
5.78369141,-97.84227000,-69.83778000
5.78430176,-95.39344000,-69.42813000
5.78491211,-98.65119000,-73.35669000
5.78552246,-99.33769000,-75.57836000
5.78613281,-92.93003000,-73.11356000
5.78674316,-93.45374000,-71.01611000
5.78735352,-108.15960000,-69.75209000
5.78796387,-92.43114000,-70.96461000
5.78857422,-91.86667000,-76.00903000
5.78918457,-97.31956000,-83.20199000
5.78979492,-99.04347000,-77.35641000
5.79040527,-98.60556000,-73.97698000
5.79101563,-86.02292000,-74.97140000
5.79162598,-84.76152000,-69.75896000
5.79223633,-89.65276000,-68.59859000
5.79284668,-84.67254000,-70.80001000
5.79345703,-80.26684000,-68.00248000
5.79406738,-83.74741000,-70.65186000
5.79467773,-89.50301000,-80.14594000
5.79528809,-88.08280000,-84.23431000
5.79589844,-86.48831000,-83.37952000
5.79650879,-89.78555000,-76.76774000
5.79711914,-96.92149000,-68.81794000
5.79772949,-96.00562000,-66.31142000
5.79833984,-90.28386000,-67.22366000
5.79895020,-86.15952000,-68.24286000
5.79956055,-87.67134000,-69.60181000
5.80017090,-98.56036000,-71.35212000
5.80078125,-88.47327000,-71.41541000
5.80139160,-89.86266000,-72.92789000
5.80200195,-101.41980000,-75.30511000
5.80261230,-103.93930000,-79.22885000
5.80322266,-100.50190000,-84.31093000
5.80383301,-105.81520000,-74.91741000
5.80444336,-98.27779000,-78.17332000
5.80505371,-90.99538000,-80.92148000
5.80566406,-90.13332000,-81.03658000
5.80627441,-94.46082000,-76.19593000
5.80688477,-89.96959000,-79.18808000
5.80749512,-92.56061000,-77.54671000
5.80810547,-88.69076000,-79.29098000
5.80871582,-91.00812000,-83.06271000
5.80932617,-97.48836000,-75.90839000
5.80993652,-92.15292000,-78.62459000
5.81054688,-85.62057000,-75.10596000
5.81115723,-80.97240000,-77.27959000
5.81176758,-82.17548000,-75.90041000
5.81237793,-87.36021000,-74.44607000
5.81298828,-87.94615000,-75.36727000
5.81359863,-86.69984000,-74.15160000
5.81420898,-90.62029000,-70.70318000
5.81481934,-101.57920000,-69.80588000
5.81542969,-98.55201000,-69.90479000
5.81604004,-99.74190000,-70.38728000
5.81665039,-108.65070000,-72.21061000
5.81726074,-97.95167000,-77.86247000
5.81787109,-99.29856000,-75.97006000
5.81848145,-104.86810000,-78.76265000
5.81909180,-99.19138000,-76.41770000
5.81970215,-90.68925000,-74.41604000
5.82031250,-86.96290000,-82.38979000
5.82092285,-89.44149000,-81.36845000
5.82153320,-95.54706000,-73.01272000
5.82214355,-106.52180000,-76.47277000
5.82275391,-92.76649000,-86.81761000
5.82336426,-101.40680000,-84.15556000
5.82397461,-96.85055000,-78.69267000
5.82458496,-93.32063000,-83.76154000
5.82519531,-89.20152000,-82.66046000
5.82580566,-89.53820000,-72.51074000
5.82641602,-91.82282000,-71.16902000
5.82702637,-94.58389000,-73.76169000
5.82763672,-87.97984000,-73.89362000
5.82824707,-85.50488000,-84.50436000
5.82885742,-92.27477000,-71.39507000
5.82946777,-86.53023000,-67.45481000
5.83007813,-85.40179000,-67.72900000
5.83068848,-89.32466000,-69.06228000
5.83129883,-94.60175000,-73.59325000
5.83190918,-94.00727000,-71.05804000
5.83251953,-88.29771000,-73.31258000
5.83312988,-89.68344000,-77.06908000
5.83374023,-90.34927000,-77.87242000
5.83435059,-91.95215000,-86.02806000
5.83496094,-102.74800000,-78.01308000
5.83557129,-96.55021000,-78.45901000
5.83618164,-92.25046000,-76.68401000
5.83679199,-93.86786000,-75.83490000
5.83740234,-106.13330000,-82.39293000
5.83801270,-96.74297000,-72.05434000
5.83862305,-97.22932000,-77.40182000
5.83923340,-113.92970000,-86.41290000
5.83984375,-96.97632000,-73.03680000
5.84045410,-87.59895000,-66.24583000
5.84106445,-85.28027000,-64.04425000
5.84167480,-88.56534000,-65.88964000
5.84228516,-96.38625000,-69.70399000
5.84289551,-92.92526000,-73.51894000
5.84350586,-90.63359000,-79.71427000
5.84411621,-90.83665000,-76.04912000
5.84472656,-95.48119000,-70.98142000
5.84533691,-98.67493000,-73.87163000
5.84594727,-96.66495000,-73.69736000
5.84655762,-88.09867000,-72.10132000
5.84716797,-86.33379000,-72.68597000
5.84777832,-90.18773000,-72.68322000
5.84838867,-94.10094000,-69.65417000
5.84899902,-92.15193000,-68.05999000
5.84960938,-89.90367000,-71.47996000
5.85021973,-88.28468000,-74.22425000
5.85083008,-92.49673000,-71.09941000
5.85144043,-90.64083000,-71.17120000
5.85205078,-90.79800000,-73.37023000
5.85266113,-96.14410000,-72.06183000
5.85327148,-91.58475000,-68.91267000
5.85388184,-91.12907000,-70.03217000
5.85449219,-98.78893000,-74.53239000
5.85510254,-95.67374000,-76.59854000
5.85571289,-94.15473000,-78.34151000
5.85632324,-90.48920000,-75.20634000
5.85693359,-90.86530000,-76.06987000
5.85754395,-99.20558000,-68.33100000
5.85815430,-93.33080000,-66.10414000
5.85876465,-89.36537000,-70.32735000
5.85937500,-97.87139000,-80.66092000
5.85998535,-93.70181000,-84.39827000
5.86059570,-90.67577000,-82.54660000
5.86120605,-91.32439000,-86.23081000
5.86181641,-95.69247000,-74.96846000
5.86242676,-104.53370000,-75.56348000
5.86303711,-93.57346000,-84.72355000
5.86364746,-90.96748000,-76.55453000
5.86425781,-107.80150000,-76.54038000
5.86486816,-91.31891000,-77.99009000
5.86547852,-87.38263000,-69.32384000
5.86608887,-86.38123000,-70.27258000
5.86669922,-86.51491000,-76.01778000
5.86730957,-87.87584000,-74.72988000
5.86791992,-98.80759000,-73.29330000
5.86853027,-91.92554000,-71.18905000
5.86914063,-90.84716000,-68.20020000
5.86975098,-92.57072000,-67.26216000
5.87036133,-95.12809000,-67.17723000
5.87097168,-94.43893000,-70.74303000
5.87158203,-90.67596000,-69.95864000
5.87219238,-89.75181000,-67.83546000
5.87280273,-98.39217000,-69.36828000
5.87341309,-89.09645000,-73.12260000
5.87402344,-91.46506000,-79.08258000
5.87463379,-97.85168000,-80.52639000
5.87524414,-93.14625000,-75.30783000
5.87585449,-88.19645000,-71.95930000
5.87646484,-94.27342000,-74.02888000
5.87707520,-91.53009000,-78.07435000
5.87768555,-88.73756000,-79.46184000
5.87829590,-86.45378000,-76.03825000
5.87890625,-89.65028000,-73.51628000
5.87951660,-96.87946000,-75.56283000
5.88012695,-98.88015000,-78.00424000
5.88073730,-95.45641000,-81.09126000
5.88134766,-89.89767000,-78.44764000
5.88195801,-89.21550000,-72.63052000
5.88256836,-89.36173000,-73.99214000
5.88317871,-92.30389000,-87.40765000
5.88378906,-106.61460000,-77.99673000
5.88439941,-91.81952000,-78.26689000
5.88500977,-88.36798000,-70.25023000
5.88562012,-88.54260000,-69.91074000
5.88623047,-92.98786000,-76.73734000
5.88684082,-95.12142000,-96.70209000
5.88745117,-98.29537000,-82.01956000
5.88806152,-99.55967000,-90.81585000
5.88867188,-91.22611000,-82.68047000
5.88928223,-94.45798000,-79.02753000
5.88989258,-106.56780000,-73.16802000
5.89050293,-96.26148000,-71.10612000
5.89111328,-92.60113000,-71.69130000
5.89172363,-94.49870000,-76.63177000
5.89233398,-97.64420000,-78.66387000
5.89294434,-93.96884000,-81.10589000
5.89355469,-90.41007000,-70.77066000
5.89416504,-93.05764000,-68.42137000
5.89477539,-96.24171000,-74.27657000
5.89538574,-94.13908000,-72.22623000
5.89599609,-92.91177000,-67.98848000
5.89660645,-90.92818000,-70.21696000
5.89721680,-85.70963000,-69.43495000
5.89782715,-88.51284000,-73.08230000
5.89843750,-95.43863000,-77.83808000
5.89904785,-96.53345000,-73.11916000
5.89965820,-88.78648000,-71.25799000
5.90026855,-88.34504000,-67.98893000
5.90087891,-89.68362000,-68.73291000
5.90148926,-93.43475000,-72.11977000
5.90209961,-106.99660000,-70.87653000
5.90270996,-103.94670000,-71.08976000
5.90332031,-96.47382000,-70.07185000
5.90393066,-89.61243000,-71.99936000
5.90454102,-90.40790000,-75.08733000
5.90515137,-94.21359000,-71.21394000
5.90576172,-96.96514000,-70.04576000
5.90637207,-97.25536000,-70.49277000
5.90698242,-108.71480000,-71.24621000
5.90759277,-93.35831000,-78.73040000
5.90820313,-94.52943000,-77.37664000
5.90881348,-94.40472000,-69.55611000
5.90942383,-96.47121000,-70.91051000
5.91003418,-89.02090000,-74.53970000
5.91064453,-86.87305000,-73.65488000
5.91125488,-87.36369000,-72.96377000
5.91186523,-92.16637000,-72.62434000
5.91247559,-101.47230000,-69.29486000
5.91308594,-87.01096000,-80.26640000
5.91369629,-84.27047000,-74.45495000
5.91430664,-92.40228000,-75.18130000
5.91491699,-92.25694000,-80.00926000
5.91552734,-86.58498000,-79.80779000
5.91613770,-88.45152000,-78.99964000
5.91674805,-91.40440000,-78.66990000
5.91735840,-87.92714000,-79.34026000
5.91796875,-88.17720000,-76.61287000
5.91857910,-90.94822000,-75.66354000
5.91918945,-91.58426000,-75.96600000
5.91979980,-90.03821000,-66.73389000
5.92041016,-93.68456000,-67.86283000
5.92102051,-93.78577000,-76.51833000
5.92163086,-88.47165000,-79.53400000
5.92224121,-89.84000000,-75.72500000
5.92285156,-94.13064000,-72.84761000
5.92346191,-103.31750000,-72.79203000
5.92407227,-102.01520000,-74.06686000
5.92468262,-91.81396000,-89.63531000
5.92529297,-90.69756000,-79.21922000
5.92590332,-90.50106000,-73.79859000
5.92651367,-85.97231000,-70.84129000
5.92712402,-87.28847000,-70.17789000
5.92773438,-91.01088000,-72.84439000
5.92834473,-94.06265000,-78.56783000
5.92895508,-93.24017000,-80.84385000
5.92956543,-93.76349000,-73.48931000
5.93017578,-96.14224000,-73.83643000
5.93078613,-90.01313000,-81.29945000
5.93139648,-90.96541000,-80.49568000
5.93200684,-91.52502000,-76.48274000
5.93261719,-88.81123000,-80.00044000
5.93322754,-90.63881000,-74.44540000
5.93383789,-96.08667000,-72.20923000
5.93444824,-103.55990000,-76.82557000
5.93505859,-96.90873000,-74.77988000
5.93566895,-102.70270000,-77.04709000
5.93627930,-98.88676000,-83.14832000
5.93688965,-98.87065000,-73.63589000
5.93750000,-112.21040000,-72.06464000
5.93811035,-99.22731000,-73.16928000
5.93872070,-97.34467000,-73.96425000
5.93933105,-104.03290000,-74.13710000
5.93994141,-95.54593000,-72.39893000
5.94055176,-89.66785000,-71.80576000
5.94116211,-94.04090000,-75.75397000
5.94177246,-95.59631000,-79.41409000
5.94238281,-90.33291000,-75.69604000
5.94299316,-88.22549000,-71.41298000
5.94360352,-86.92397000,-71.49870000
5.94421387,-89.54155000,-77.32817000
5.94482422,-100.19770000,-84.28912000
5.94543457,-104.77820000,-76.70025000
5.94604492,-93.37453000,-74.29343000
5.94665527,-90.35438000,-79.81969000
5.94726563,-100.20040000,-86.46992000
5.94787598,-90.73646000,-75.36666000
5.94848633,-89.61266000,-72.67243000
5.94909668,-93.53989000,-77.11546000
5.94970703,-88.43982000,-72.29371000
5.95031738,-87.01991000,-72.91075000
5.95092773,-89.36583000,-78.06157000
5.95153809,-88.71198000,-84.86176000
5.95214844,-88.31040000,-82.63409000
5.95275879,-91.85823000,-88.34590000
5.95336914,-91.86382000,-79.77867000
5.95397949,-87.66392000,-76.13782000
5.95458984,-89.90220000,-81.83699000
5.95520020,-97.87278000,-75.51317000
5.95581055,-89.95342000,-76.19605000
5.95642090,-89.28957000,-79.06413000
5.95703125,-94.11884000,-79.81986000
5.95764160,-91.33900000,-75.18151000
5.95825195,-85.46493000,-73.47298000
5.95886230,-84.87257000,-70.94262000
5.95947266,-89.33590000,-72.15084000
5.96008301,-98.66875000,-83.07379000
5.96069336,-101.22110000,-77.65769000
5.96130371,-105.96040000,-74.66497000
5.96191406,-92.73940000,-76.13575000
5.96252441,-91.11256000,-86.90720000
5.96313477,-105.75950000,-78.23637000
5.96374512,-95.35099000,-73.75571000
5.96435547,-96.49566000,-75.57220000
5.96496582,-93.18423000,-68.15413000
5.96557617,-95.10484000,-69.55787000
5.96618652,-100.37080000,-76.21407000
5.96679688,-94.26561000,-74.67367000
5.96740723,-90.40811000,-75.07434000
5.96801758,-89.71620000,-75.38634000
5.96862793,-89.36599000,-72.77621000
5.96923828,-90.07732000,-73.85265000
5.96984863,-97.10056000,-74.39605000
5.97045898,-109.52760000,-72.50426000
5.97106934,-95.60919000,-76.96983000
5.97167969,-90.34432000,-83.94273000
5.97229004,-94.12942000,-77.02557000
5.97290039,-101.61610000,-79.81561000
5.97351074,-97.85709000,-77.58757000
5.97412109,-102.51470000,-78.29926000
5.97473145,-92.88215000,-78.74002000
5.97534180,-90.19082000,-81.60419000
5.97595215,-89.26576000,-77.97739000
5.97656250,-85.10117000,-76.73575000
5.97717285,-84.94651000,-88.84003000
5.97778320,-91.71681000,-76.45166000
5.97839355,-103.54000000,-73.82563000
5.97900391,-103.55180000,-74.75546000
5.97961426,-100.69030000,-76.54495000
5.98022461,-97.07986000,-77.84369000
5.98083496,-97.27257000,-72.00783000
5.98144531,-98.45049000,-72.48003000
5.98205566,-98.52678000,-71.10706000
5.98266602,-98.20981000,-68.99915000
5.98327637,-88.77441000,-71.48936000
5.98388672,-89.50128000,-76.21703000
5.98449707,-97.70030000,-72.45538000
5.98510742,-94.42368000,-73.59856000
5.98571777,-88.65462000,-74.33150000
5.98632813,-87.65376000,-75.09048000
5.98693848,-91.61919000,-77.15564000
5.98754883,-99.36595000,-77.72329000
5.98815918,-92.09774000,-71.07011000
5.98876953,-93.01353000,-70.30383000
5.98937988,-91.26183000,-71.84627000
5.98999023,-93.35809000,-78.33385000
5.99060059,-96.48225000,-90.80389000
5.99121094,-90.22540000,-88.34007000
5.99182129,-89.50013000,-75.83380000
5.99243164,-87.21619000,-74.31487000
5.99304199,-86.93523000,-80.59369000
5.99365234,-88.80894000,-88.47238000
5.99426270,-92.79970000,-80.18017000
5.99487305,-100.02740000,-91.41504000
5.99548340,-100.71720000,-81.88095000
5.99609375,-91.87130000,-74.71120000
5.99670410,-85.38567000,-77.81096000
5.99731445,-85.28275000,-77.04125000
5.99792480,-89.81229000,-72.31574000
5.99853516,-93.52589000,-75.96995000
5.99914551,-91.54944000,-77.43206000
5.99975586,-97.73042000,-74.78200000
6.00036621,-90.77135000,-73.59735000
6.00097656,-96.55769000,-87.94843000
6.00158691,-89.45411000,-73.69553000
6.00219727,-94.05768000,-71.23509000
6.00280762,-91.39738000,-71.94568000
6.00341797,-86.83278000,-78.07997000
6.00402832,-88.83704000,-75.65387000
6.00463867,-89.17068000,-75.62352000
6.00524902,-87.28478000,-79.45827000
6.00585938,-89.79398000,-73.43434000
6.00646973,-96.57483000,-71.94373000
6.00708008,-95.35835000,-67.95020000
6.00769043,-117.10990000,-68.16647000
6.00830078,-92.53578000,-77.16536000
6.00891113,-89.64999000,-80.65514000
6.00952148,-92.71483000,-79.28816000
6.01013184,-90.37690000,-74.81767000
6.01074219,-90.19787000,-71.47204000
6.01135254,-93.92929000,-74.03815000
6.01196289,-94.63194000,-86.25057000
6.01257324,-85.36977000,-84.27951000
6.01318359,-84.97852000,-78.91155000
6.01379395,-89.76526000,-81.62119000
6.01440430,-99.22467000,-73.07362000
6.01501465,-97.55934000,-82.19528000
6.01562500,-91.68999000,-83.67535000
6.01623535,-88.64043000,-75.51390000
6.01684570,-87.79891000,-71.98146000
6.01745605,-90.36857000,-78.05431000
6.01806641,-101.83160000,-90.22417000
6.01867676,-98.96327000,-83.45270000
6.01928711,-97.98061000,-79.23399000
6.01989746,-100.85980000,-81.45470000
6.02050781,-94.84547000,-80.48100000
6.02111816,-87.30991000,-78.11290000
6.02172852,-86.44301000,-76.67499000
6.02233887,-87.34051000,-73.82829000
6.02294922,-89.15089000,-73.22160000
6.02355957,-93.87405000,-75.33990000
6.02416992,-92.85325000,-70.23232000
6.02478027,-88.63731000,-72.15677000
6.02539063,-88.48801000,-78.39520000
6.02600098,-88.48862000,-77.15134000
6.02661133,-89.53046000,-76.86182000
6.02722168,-95.01350000,-81.57294000
6.02783203,-115.23440000,-81.86612000
6.02844238,-106.06180000,-75.63776000
6.02905273,-113.65530000,-72.84245000
6.02966309,-103.68560000,-69.94920000
6.03027344,-99.55329000,-68.18433000
6.03088379,-93.62439000,-67.95852000
6.03149414,-90.67015000,-67.06576000
6.03210449,-86.11476000,-66.49200000
6.03271484,-86.93923000,-68.32748000
6.03332520,-91.61371000,-72.21274000
6.03393555,-96.09045000,-79.03127000
6.03454590,-96.03463000,-85.75562000
6.03515625,-98.94852000,-76.36885000
6.03576660,-96.98043000,-73.67049000
6.03637695,-94.84720000,-76.36440000
6.03698730,-87.96067000,-86.81138000
6.03759766,-88.38601000,-77.39703000
6.03820801,-89.37440000,-73.01872000
6.03881836,-90.16670000,-69.83125000
6.03942871,-92.22380000,-77.74522000
6.04003906,-87.91397000,-86.67091000
6.04064941,-87.21227000,-78.52694000
6.04125977,-92.34595000,-79.17354000
6.04187012,-94.08267000,-78.11391000
6.04248047,-95.08071000,-85.86312000
6.04309082,-94.00925000,-76.73586000
6.04370117,-96.90148000,-75.78585000
6.04431152,-90.75539000,-72.44919000
6.04492188,-91.49475000,-77.91991000
6.04553223,-90.12231000,-87.92640000
6.04614258,-88.86693000,-80.44807000
6.04675293,-91.36287000,-71.48553000
6.04736328,-94.63332000,-71.37796000
6.04797363,-92.64040000,-73.42372000
6.04858398,-97.16325000,-73.59911000
6.04919434,-95.36640000,-71.32113000
6.04980469,-92.36149000,-73.03503000
6.05041504,-87.35541000,-75.84349000
6.05102539,-84.02731000,-71.66066000
6.05163574,-87.36421000,-68.55972000
6.05224609,-97.00810000,-67.43258000
6.05285645,-99.65439000,-71.14638000
6.05346680,-94.61534000,-88.13464000
6.05407715,-100.61410000,-91.65634000
6.05468750,-95.23040000,-71.97676000
6.05529785,-87.63885000,-67.36787000
6.05590820,-84.15356000,-68.29970000
6.05651855,-86.78880000,-71.00481000
6.05712891,-102.82710000,-75.55048000
6.05773926,-91.62025000,-87.20245000
6.05834961,-91.34377000,-75.36161000
6.05895996,-89.55537000,-87.49518000
6.05957031,-90.34233000,-72.56560000
6.06018066,-90.47054000,-72.81767000
6.06079102,-91.77769000,-81.36557000
6.06140137,-89.91479000,-83.68263000
6.06201172,-86.24228000,-84.78522000
6.06262207,-87.50049000,-74.88977000
6.06323242,-86.90444000,-70.73618000
6.06384277,-88.85391000,-75.32182000
6.06445313,-92.57737000,-79.47787000
6.06506348,-89.61007000,-79.75716000
6.06567383,-93.58438000,-73.62338000
6.06628418,-110.83900000,-76.10999000
6.06689453,-95.64473000,-80.22945000
6.06750488,-94.50340000,-78.09960000
6.06811523,-107.34600000,-77.04581000
6.06872559,-97.39142000,-73.93463000
6.06933594,-117.80470000,-78.59946000
6.06994629,-108.50900000,-77.86523000
6.07055664,-96.15955000,-75.77081000
6.07116699,-95.09712000,-84.70115000
6.07177734,-108.64140000,-80.98904000
6.07238770,-105.89510000,-87.00840000
6.07299805,-90.29710000,-78.72927000
6.07360840,-86.10802000,-74.92804000
6.07421875,-91.95225000,-71.71861000
6.07482910,-101.50460000,-75.18585000
6.07543945,-111.79690000,-81.50336000
6.07604980,-90.99307000,-78.10388000
6.07666016,-87.40585000,-73.65379000
6.07727051,-88.31294000,-71.95972000
6.07788086,-93.18040000,-77.46999000
6.07849121,-97.75620000,-75.28719000
6.07910156,-91.22610000,-70.45114000
6.07971191,-92.33922000,-70.30230000
6.08032227,-97.44745000,-70.97131000
6.08093262,-90.55487000,-72.37563000
6.08154297,-89.99074000,-72.48735000
6.08215332,-99.64934000,-74.95364000
6.08276367,-92.57846000,-74.20158000
6.08337402,-98.06541000,-77.23851000
6.08398438,-95.23244000,-84.10748000
6.08459473,-93.23833000,-74.66245000
6.08520508,-89.30113000,-68.41104000
6.08581543,-86.29271000,-74.12708000
6.08642578,-86.94793000,-78.12054000
6.08703613,-89.62285000,-79.99847000
6.08764648,-91.06606000,-72.31639000
6.08825684,-89.03432000,-68.32173000
6.08886719,-85.01703000,-68.31319000
6.08947754,-87.11064000,-69.37804000
6.09008789,-95.16591000,-72.72099000
6.09069824,-97.59366000,-74.13047000
6.09130859,-95.65042000,-76.16179000
6.09191895,-92.82737000,-75.30537000
6.09252930,-87.69401000,-73.75886000
6.09313965,-84.19981000,-71.27258000
6.09375000,-88.14709000,-71.95135000
6.09436035,-95.69867000,-72.36821000
6.09497070,-92.17529000,-75.52712000
6.09558105,-92.56261000,-76.60394000
6.09619141,-95.15181000,-77.92895000
6.09680176,-99.19544000,-73.67461000
6.09741211,-90.85489000,-68.57697000
6.09802246,-91.93284000,-69.15495000
6.09863281,-98.97475000,-67.79376000
6.09924316,-95.71321000,-63.83833000
6.09985352,-104.54490000,-67.89169000
6.10046387,-95.59902000,-89.28902000
6.10107422,-98.13844000,-76.03725000
6.10168457,-94.51291000,-70.03551000
6.10229492,-89.44656000,-69.73136000
6.10290527,-86.46893000,-79.07777000
6.10351563,-88.71899000,-75.53562000
6.10412598,-94.82245000,-73.11817000
6.10473633,-92.85130000,-72.12130000
6.10534668,-91.83315000,-71.52299000
6.10595703,-96.64170000,-72.99762000
6.10656738,-99.04182000,-77.73009000
6.10717773,-93.56582000,-89.39309000
6.10778809,-93.25263000,-77.18261000
6.10839844,-95.01311000,-82.58503000
6.10900879,-87.63344000,-88.90855000
6.10961914,-87.66960000,-83.77724000
6.11022949,-85.31857000,-78.67120000
6.11083984,-81.34472000,-82.27439000
6.11145020,-81.01540000,-76.37026000
6.11206055,-84.73772000,-73.58826000
6.11267090,-86.91803000,-71.79472000
6.11328125,-88.93361000,-73.72837000
6.11389160,-92.25251000,-74.68919000
6.11450195,-91.79592000,-79.64383000
6.11511230,-95.78330000,-69.13781000
6.11572266,-96.55026000,-69.50874000
6.11633301,-90.29336000,-77.00929000
6.11694336,-88.58363000,-74.24760000
6.11755371,-87.39261000,-76.94354000
6.11816406,-88.58382000,-80.98656000
6.11877441,-93.67142000,-82.12596000
6.11938477,-91.10320000,-80.17673000
6.11999512,-91.59809000,-79.82954000
6.12060547,-97.89232000,-83.35620000
6.12121582,-105.59440000,-78.39753000
6.12182617,-96.23048000,-85.07592000
6.12243652,-101.68380000,-73.61749000
6.12304688,-94.14162000,-72.37514000
6.12365723,-88.89843000,-73.35194000
6.12426758,-92.48877000,-73.93488000
6.12487793,-96.57795000,-72.07986000
6.12548828,-89.74585000,-72.00460000
6.12609863,-90.59155000,-77.90450000
6.12670898,-97.95711000,-70.24271000
6.12731934,-97.10553000,-67.94608000
6.12792969,-88.50979000,-69.63708000
6.12854004,-89.49059000,-87.42173000
6.12915039,-92.40875000,-72.59174000
6.12976074,-88.25031000,-73.47631000
6.13037109,-88.94283000,-73.67450000
6.13098145,-96.09245000,-70.68942000
6.13159180,-94.61033000,-68.53484000
6.13220215,-93.61335000,-67.97836000
6.13281250,-88.57125000,-71.75414000
6.13342285,-87.71671000,-70.61322000
6.13403320,-86.17654000,-68.62693000
6.13464355,-88.69276000,-71.78609000
6.13525391,-93.19569000,-70.46210000
6.13586426,-96.53558000,-74.83148000
6.13647461,-109.81860000,-90.98209000
6.13708496,-95.21163000,-75.97558000
6.13769531,-90.01481000,-74.56744000
6.13830566,-89.28816000,-74.61957000
6.13891602,-96.66823000,-74.22911000
6.13952637,-96.32298000,-74.08041000
6.14013672,-89.49245000,-79.52454000
6.14074707,-87.49156000,-81.55343000
6.14135742,-90.41058000,-75.99492000
6.14196777,-99.08611000,-73.57230000
6.14257813,-103.25920000,-75.26025000
6.14318848,-98.71542000,-72.42490000
6.14379883,-102.26030000,-78.41923000
6.14440918,-107.71750000,-82.14011000
6.14501953,-100.56570000,-72.45754000
6.14562988,-94.83125000,-68.04870000
6.14624023,-103.19590000,-72.83057000
6.14685059,-91.31568000,-79.27934000
6.14746094,-90.72803000,-89.08430000
6.14807129,-101.65400000,-85.63084000
6.14868164,-97.42044000,-76.22008000
6.14929199,-94.12013000,-73.21954000
6.14990234,-88.32175000,-82.35154000
6.15051270,-87.71534000,-69.62755000
6.15112305,-90.41787000,-77.31156000
6.15173340,-92.72099000,-76.07171000
6.15234375,-101.74410000,-95.34715000
6.15295410,-97.71927000,-72.93697000
6.15356445,-97.61819000,-72.03419000
6.15417480,-102.93450000,-80.39500000
6.15478516,-101.58570000,-78.90547000
6.15539551,-91.89188000,-85.61337000
6.15600586,-89.92248000,-74.50986000
6.15661621,-97.79097000,-69.13131000
6.15722656,-95.54558000,-67.53871000
6.15783691,-88.15014000,-68.46957000
6.15844727,-86.86050000,-73.60651000
6.15905762,-90.98747000,-79.42727000
6.15966797,-98.27699000,-70.90765000
6.16027832,-94.88469000,-70.09551000
6.16088867,-91.82545000,-73.51929000
6.16149902,-93.19504000,-76.32973000
6.16210938,-98.25011000,-80.61081000
6.16271973,-96.86049000,-82.59840000
6.16333008,-112.90990000,-82.69485000
6.16394043,-89.77161000,-78.44054000
6.16455078,-88.74823000,-91.33916000
6.16516113,-90.86590000,-75.88692000
6.16577148,-91.45982000,-70.98009000
6.16638184,-91.74294000,-72.23302000
6.16699219,-92.45892000,-83.40897000
6.16760254,-94.86899000,-78.20252000
6.16821289,-99.44788000,-71.00401000
6.16882324,-92.77591000,-67.37924000
6.16943359,-87.29144000,-67.34577000
6.17004395,-87.13136000,-74.11044000
6.17065430,-87.61998000,-82.09533000
6.17126465,-87.69896000,-71.81702000
6.17187500,-97.68744000,-72.09617000
6.17248535,-103.87390000,-87.89348000
6.17309570,-95.55565000,-85.77954000
6.17370605,-91.77871000,-97.22688000
6.17431641,-96.58085000,-79.16915000
6.17492676,-103.94460000,-75.41548000
6.17553711,-95.42985000,-80.45409000
6.17614746,-92.39845000,-81.63737000
6.17675781,-94.41737000,-73.15812000
6.17736816,-102.62090000,-68.78564000
6.17797852,-104.07350000,-67.03078000
6.17858887,-97.38187000,-68.16936000
6.17919922,-94.26860000,-72.46024000
6.17980957,-103.80060000,-78.85879000
6.18041992,-95.16685000,-69.39910000
6.18103027,-92.87111000,-72.10785000
6.18164063,-97.75979000,-73.17887000
6.18225098,-97.21693000,-68.37816000
6.18286133,-92.00240000,-71.30698000
6.18347168,-89.80002000,-81.27541000
6.18408203,-89.20128000,-71.93639000
6.18469238,-86.91738000,-68.92852000
6.18530273,-91.71207000,-69.93617000
6.18591309,-91.86507000,-70.01694000
6.18652344,-88.33803000,-72.93020000
6.18713379,-90.83775000,-87.90889000
6.18774414,-94.80035000,-72.40955000
6.18835449,-94.40143000,-72.57207000
6.18896484,-90.91617000,-84.11361000
6.18957520,-96.32390000,-83.86971000
6.19018555,-97.18912000,-75.51343000
6.19079590,-92.79103000,-75.22344000
6.19140625,-98.39600000,-76.40243000
6.19201660,-88.07022000,-94.19006000
6.19262695,-91.22581000,-82.12086000
6.19323730,-94.15392000,-87.49721000
6.19384766,-88.06480000,-76.20879000
6.19445801,-86.52107000,-74.04436000
6.19506836,-88.29002000,-72.64561000
6.19567871,-91.89754000,-74.56818000
6.19628906,-91.80961000,-80.12868000
6.19689941,-92.33226000,-75.46378000
6.19750977,-106.97200000,-77.60880000
6.19812012,-96.06179000,-71.24605000
6.19873047,-92.14381000,-68.12199000
6.19934082,-94.13031000,-69.99117000
6.19995117,-95.81516000,-72.88210000
6.20056152,-90.34112000,-72.01726000
6.20117188,-88.32381000,-69.69307000
6.20178223,-86.78763000,-73.41589000
6.20239258,-89.16985000,-79.86410000
6.20300293,-91.13442000,-77.43439000
6.20361328,-87.96129000,-75.35880000
6.20422363,-86.07705000,-73.14878000
6.20483398,-89.29124000,-69.77052000
6.20544434,-93.53273000,-69.44630000
6.20605469,-90.01899000,-72.71893000
6.20666504,-93.78004000,-74.91566000
6.20727539,-96.32657000,-76.46023000
6.20788574,-92.45023000,-74.90703000
6.20849609,-88.27660000,-72.79695000
6.20910645,-87.57679000,-71.33706000
6.20971680,-88.80940000,-69.98966000
6.21032715,-94.74174000,-69.82427000
6.21093750,-106.45610000,-69.40231000
6.21154785,-96.59204000,-65.12180000
6.21215820,-94.05773000,-66.07212000
6.21276855,-90.14833000,-75.42841000
6.21337891,-82.30634000,-72.72167000
6.21398926,-83.59898000,-72.23721000
6.21459961,-87.13248000,-79.74305000
6.21520996,-86.84717000,-78.80153000
6.21582031,-87.21552000,-71.26318000
6.21643066,-98.16447000,-70.18758000
6.21704102,-91.43936000,-68.96033000
6.21765137,-94.49771000,-67.60988000
6.21826172,-94.84077000,-70.64078000
6.21887207,-89.38686000,-80.85777000
6.21948242,-85.51179000,-70.85960000
6.22009277,-85.64777000,-73.94342000
6.22070313,-89.63097000,-82.93468000
6.22131348,-98.13811000,-87.18568000
6.22192383,-97.11264000,-83.93542000
6.22253418,-99.35687000,-77.91101000
6.22314453,-93.46771000,-73.28587000
6.22375488,-94.42905000,-71.16626000
6.22436523,-92.92311000,-73.72746000
6.22497559,-93.75716000,-83.43578000
6.22558594,-102.80850000,-72.22225000
6.22619629,-101.53190000,-69.35307000
6.22680664,-92.88758000,-71.20724000
6.22741699,-93.29876000,-75.25584000
6.22802734,-111.64350000,-75.67844000
6.22863770,-93.78955000,-75.85483000
6.22924805,-99.44748000,-77.85909000
6.22985840,-102.77900000,-77.39294000
6.23046875,-98.92320000,-72.65871000
6.23107910,-90.43156000,-73.86538000
6.23168945,-86.72632000,-77.81922000
6.23229980,-86.58637000,-83.31998000
6.23291016,-87.72333000,-74.23454000
6.23352051,-88.25237000,-68.93217000
6.23413086,-91.96552000,-69.42509000
6.23474121,-93.13609000,-71.10113000
6.23535156,-89.26006000,-71.96320000
6.23596191,-96.33949000,-72.02966000
6.23657227,-97.49272000,-74.84930000
6.23718262,-88.11159000,-76.12430000
6.23779297,-87.09382000,-78.43509000
6.23840332,-89.14978000,-79.76336000
6.23901367,-89.83247000,-75.30653000
6.23962402,-89.81419000,-68.78523000
6.24023438,-91.12079000,-71.48668000
6.24084473,-93.03442000,-75.16348000
6.24145508,-86.91730000,-74.06866000
6.24206543,-86.96758000,-76.05088000
6.24267578,-92.92950000,-84.23476000
6.24328613,-93.91587000,-75.98587000
6.24389648,-113.23560000,-70.62181000
6.24450684,-93.41881000,-77.26127000
6.24511719,-94.59538000,-72.66203000
6.24572754,-96.39819000,-69.26882000
6.24633789,-92.64213000,-73.04268000
6.24694824,-105.04340000,-78.04059000
6.24755859,-94.52678000,-76.82491000
6.24816895,-94.55511000,-72.17548000
6.24877930,-94.76859000,-70.93896000
6.24938965,-95.82898000,-73.18011000
6.25000000,-100.40960000,-74.50366000
6.25061035,-93.35886000,-77.18048000
6.25122070,-100.39370000,-76.18350000
6.25183105,-91.29230000,-78.94933000
6.25244141,-95.60300000,-85.33729000
6.25305176,-102.07050000,-77.60553000
6.25366211,-96.61504000,-79.65883000
6.25427246,-93.95950000,-72.23787000
6.25488281,-91.45187000,-76.75813000
6.25549316,-90.22334000,-76.96985000
6.25610352,-89.13860000,-77.51728000
6.25671387,-89.58444000,-72.13651000
6.25732422,-91.86157000,-70.27467000
6.25793457,-94.92997000,-89.32526000
6.25854492,-99.60125000,-69.53428000
6.25915527,-98.24463000,-65.94899000
6.25976563,-93.08068000,-66.23971000
6.26037598,-88.85550000,-70.89202000
6.26098633,-86.76752000,-69.62548000
6.26159668,-90.08336000,-70.72427000
6.26220703,-115.00060000,-77.75054000
6.26281738,-97.71429000,-85.79365000
6.26342773,-91.73058000,-76.51910000
6.26403809,-98.97793000,-71.42928000
6.26464844,-97.06526000,-71.01292000
6.26525879,-91.18160000,-74.01637000
6.26586914,-90.98076000,-76.65883000
6.26647949,-92.18933000,-74.70290000
6.26708984,-91.45028000,-75.93157000
6.26770020,-92.89510000,-89.75368000
6.26831055,-92.85199000,-78.41460000
6.26892090,-94.97367000,-78.69839000
6.26953125,-103.77900000,-73.28110000
6.27014160,-90.99097000,-68.74308000
6.27075195,-89.83533000,-69.49763000
6.27136230,-92.61789000,-75.30498000
6.27197266,-96.36051000,-82.48261000
6.27258301,-99.86591000,-72.82935000
6.27319336,-103.51530000,-68.89050000
6.27380371,-89.90119000,-73.04388000
6.27441406,-86.83746000,-77.46632000
6.27502441,-89.24523000,-71.67896000
6.27563477,-96.36690000,-71.66656000
6.27624512,-89.84168000,-73.37285000
6.27685547,-87.73651000,-72.94425000
6.27746582,-98.25333000,-75.66135000
6.27807617,-92.57805000,-86.62648000
6.27868652,-89.44588000,-76.95985000
6.27929688,-91.67825000,-71.79774000
6.27990723,-108.06980000,-73.75317000
6.28051758,-99.92298000,-78.15021000
6.28112793,-100.87920000,-71.94087000
6.28173828,-97.20176000,-73.18568000
6.28234863,-89.78917000,-80.40704000
6.28295898,-88.47948000,-77.41097000
6.28356934,-92.29846000,-78.38157000
6.28417969,-98.91745000,-83.97914000
6.28479004,-98.89588000,-77.83230000
6.28540039,-103.28110000,-72.70663000
6.28601074,-92.84174000,-71.14709000
6.28662109,-103.71180000,-70.57788000
6.28723145,-86.69662000,-72.76196000
6.28784180,-88.20403000,-75.00263000
6.28845215,-107.73100000,-85.30089000
6.28906250,-94.74368000,-74.61581000
6.28967285,-91.46344000,-70.65744000
6.29028320,-90.68640000,-75.87344000
6.29089355,-86.38412000,-72.83308000
6.29150391,-89.11803000,-77.47982000
6.29211426,-98.20245000,-71.68401000
6.29272461,-94.52569000,-68.35999000
6.29333496,-94.95529000,-70.54306000
6.29394531,-102.72280000,-72.74004000
6.29455566,-91.97314000,-70.08539000
6.29516602,-91.67525000,-71.50892000
6.29577637,-94.76114000,-73.54527000
6.29638672,-97.14838000,-69.30246000
6.29699707,-91.44438000,-74.36787000
6.29760742,-91.64006000,-77.85794000
6.29821777,-100.98140000,-76.47987000
6.29882813,-99.34741000,-90.91164000
6.29943848,-95.83161000,-72.24899000
6.30004883,-92.54227000,-68.93057000
6.30065918,-88.97729000,-69.04791000
6.30126953,-88.36821000,-69.74056000
6.30187988,-93.42790000,-70.44191000
6.30249023,-96.09644000,-73.44577000
6.30310059,-89.81201000,-79.04553000
6.30371094,-87.06031000,-84.51324000
6.30432129,-91.23844000,-93.60042000
6.30493164,-97.23908000,-75.31517000
6.30554199,-96.06093000,-70.49609000
6.30615234,-100.69730000,-76.59539000
6.30676270,-102.91950000,-95.69739000
6.30737305,-92.66013000,-77.02366000
6.30798340,-89.99733000,-74.52516000
6.30859375,-90.92296000,-76.24416000
6.30920410,-90.63964000,-93.43465000
6.30981445,-92.55502000,-78.33447000
6.31042480,-104.07790000,-79.75766000
6.31103516,-88.55271000,-77.07861000
6.31164551,-88.08762000,-79.75372000
6.31225586,-100.30760000,-80.58875000
6.31286621,-94.35535000,-74.64352000
6.31347656,-94.40536000,-72.55457000
6.31408691,-97.78468000,-72.27788000
6.31469727,-99.37242000,-83.77306000
6.31530762,-92.60490000,-76.27151000
6.31591797,-88.44022000,-69.43368000
6.31652832,-88.37742000,-67.53704000
6.31713867,-89.74755000,-68.52511000
6.31774902,-91.03247000,-72.40923000
6.31835938,-95.78365000,-81.83661000
6.31896973,-105.10850000,-76.57586000
6.31958008,-93.56858000,-69.19833000
6.32019043,-89.51996000,-69.50791000
6.32080078,-88.72361000,-77.02769000
6.32141113,-92.82607000,-82.71007000
6.32202148,-94.46811000,-83.92557000
6.32263184,-93.73030000,-75.32229000
6.32324219,-115.43710000,-73.61153000
6.32385254,-106.61740000,-78.47502000
6.32446289,-101.87090000,-83.04511000
6.32507324,-90.70919000,-78.23843000
6.32568359,-90.79021000,-79.32720000
6.32629395,-98.04337000,-73.26471000
6.32690430,-89.63927000,-69.54839000
6.32751465,-88.59490000,-68.13879000
6.32812500,-87.75424000,-70.69460000
6.32873535,-89.21455000,-73.47383000
6.32934570,-90.73123000,-72.57071000
6.32995605,-90.24300000,-68.59100000
6.33056641,-91.00166000,-69.02066000
6.33117676,-91.45866000,-69.85097000
6.33178711,-89.38506000,-72.48205000
6.33239746,-95.82480000,-79.92505000
6.33300781,-91.86343000,-84.35483000
6.33361816,-87.32549000,-74.99939000
6.33422852,-88.62106000,-70.55762000
6.33483887,-87.35203000,-73.73699000
6.33544922,-83.34579000,-96.05464000
6.33605957,-86.00780000,-78.03445000
6.33666992,-90.89262000,-73.83246000
6.33728027,-89.86221000,-73.52191000
6.33789063,-94.88705000,-75.55467000
6.33850098,-92.55171000,-71.79523000
6.33911133,-92.55077000,-68.83090000
6.33972168,-92.63581000,-69.91275000
6.34033203,-93.63687000,-75.79080000
6.34094238,-96.49521000,-71.28490000
6.34155273,-91.19160000,-77.71619000
6.34216309,-90.58905000,-75.00250000
6.34277344,-90.47786000,-76.81772000
6.34338379,-88.28891000,-78.71797000
6.34399414,-86.33244000,-84.55891000
6.34460449,-85.97215000,-80.51639000
6.34521484,-85.14513000,-77.77946000
6.34582520,-85.60509000,-77.19215000
6.34643555,-89.26244000,-75.77206000
6.34704590,-100.20070000,-75.43311000
6.34765625,-101.99720000,-74.89003000
6.34826660,-95.53493000,-77.35908000
6.34887695,-91.69949000,-79.93069000
6.34948730,-91.28002000,-74.81506000
6.35009766,-90.73775000,-69.55600000
6.35070801,-88.67692000,-71.26949000
6.35131836,-97.33989000,-78.62968000
6.35192871,-95.75897000,-73.79306000
6.35253906,-93.96947000,-73.34000000
6.35314941,-97.10350000,-72.83874000
6.35375977,-108.58150000,-74.46132000
6.35437012,-97.11684000,-75.28522000
6.35498047,-100.32360000,-76.44263000
6.35559082,-93.30783000,-70.59609000
6.35620117,-100.70870000,-68.80555000
6.35681152,-94.35165000,-72.39104000
6.35742188,-90.40337000,-73.38568000
6.35803223,-91.61800000,-75.30281000
6.35864258,-96.80103000,-84.60449000
6.35925293,-114.00870000,-84.98938000
6.35986328,-93.91372000,-79.51845000
6.36047363,-86.60814000,-76.45162000
6.36108398,-86.73454000,-77.58439000
6.36169434,-93.59473000,-73.62909000
6.36230469,-92.44011000,-70.06367000
6.36291504,-89.66492000,-71.35237000
6.36352539,-92.71439000,-75.01565000
6.36413574,-91.66628000,-77.21558000
6.36474609,-88.86138000,-73.81512000
6.36535645,-94.72557000,-78.03982000
6.36596680,-100.33460000,-69.91538000
6.36657715,-103.27490000,-66.38551000
6.36718750,-106.12900000,-74.90896000
6.36779785,-95.74724000,-72.85349000
6.36840820,-89.02396000,-72.63772000
6.36901855,-87.91961000,-77.61378000
6.36962891,-92.17223000,-73.98734000
6.37023926,-94.82841000,-74.27573000
6.37084961,-92.37335000,-88.31628000
6.37145996,-93.38577000,-81.15548000
6.37207031,-91.05444000,-77.40945000
6.37268066,-86.59917000,-71.99358000
6.37329102,-87.19995000,-71.72552000
6.37390137,-94.52789000,-76.54542000
6.37451172,-107.25760000,-72.54034000
6.37512207,-96.02800000,-72.21479000
6.37573242,-92.86757000,-73.18438000
6.37634277,-87.22794000,-70.65101000
6.37695313,-87.35901000,-71.22081000
6.37756348,-90.19377000,-69.83018000
6.37817383,-93.31343000,-69.69189000
6.37878418,-95.46073000,-83.27602000
6.37939453,-92.47238000,-69.64579000
6.38000488,-89.88801000,-68.50311000
6.38061523,-93.95285000,-70.89635000
6.38122559,-106.63440000,-70.54816000
6.38183594,-107.12430000,-68.38063000
6.38244629,-99.52989000,-68.95100000
6.38305664,-88.83420000,-73.43870000
6.38366699,-88.66710000,-73.68624000
6.38427734,-91.67137000,-77.26922000
6.38488770,-88.80801000,-74.10950000
6.38549805,-87.16320000,-73.91877000
6.38610840,-89.04797000,-74.27475000
6.38671875,-98.31076000,-69.50158000
6.38732910,-91.28704000,-69.43499000
6.38793945,-89.11580000,-74.64404000
6.38854980,-93.89991000,-82.93649000
6.38916016,-91.32861000,-83.37253000
6.38977051,-95.05352000,-83.70571000
6.39038086,-86.50012000,-86.70452000
6.39099121,-85.49324000,-77.14845000
6.39160156,-87.85707000,-72.92836000
6.39221191,-92.34055000,-72.53401000
6.39282227,-86.27588000,-74.76077000
6.39343262,-82.46735000,-76.75983000
6.39404297,-85.55449000,-74.74767000
6.39465332,-95.72694000,-78.82417000
6.39526367,-92.27290000,-97.51299000
6.39587402,-96.00029000,-84.94608000
6.39648438,-99.63042000,-86.85593000
6.39709473,-100.44840000,-80.77750000
6.39770508,-99.05087000,-79.05891000
6.39831543,-104.67940000,-87.97668000
6.39892578,-93.54259000,-72.32669000
6.39953613,-88.62903000,-70.68542000
6.40014648,-88.72127000,-74.99753000
6.40075684,-94.18510000,-82.10158000
6.40136719,-90.96035000,-73.74068000
6.40197754,-89.10302000,-70.76675000
6.40258789,-95.91145000,-78.11112000
6.40319824,-97.68871000,-81.27209000
6.40380859,-92.72325000,-78.64605000
6.40441895,-92.22226000,-78.05000000
6.40502930,-97.30299000,-73.52141000
6.40563965,-120.08390000,-69.29286000
6.40625000,-104.49380000,-69.82710000
6.40686035,-106.48720000,-77.60976000
6.40747070,-97.94785000,-77.88290000
6.40808105,-94.46677000,-80.09340000
6.40869141,-93.36869000,-71.86853000
6.40930176,-89.92435000,-70.09431000
6.40991211,-88.99519000,-84.12608000
6.41052246,-84.94210000,-81.45445000
6.41113281,-82.91760000,-76.92004000
6.41174316,-85.93223000,-68.75449000
6.41235352,-90.61858000,-70.97899000
6.41296387,-91.71920000,-75.36468000
6.41357422,-94.40589000,-71.14649000
6.41418457,-98.40801000,-71.78405000
6.41479492,-91.47586000,-72.43158000
6.41540527,-90.51040000,-72.18169000
6.41601563,-93.26096000,-75.88174000
6.41662598,-90.45744000,-78.37520000
6.41723633,-91.99470000,-79.33963000
6.41784668,-93.78356000,-84.72881000
6.41845703,-98.00615000,-80.05391000
6.41906738,-101.77660000,-83.09787000
6.41967773,-90.06828000,-78.70853000
6.42028809,-87.42580000,-75.03734000
6.42089844,-87.89848000,-74.95197000
6.42150879,-89.98312000,-77.66953000
6.42211914,-88.16644000,-71.48740000
6.42272949,-87.35341000,-68.28326000
6.42333984,-87.81136000,-68.33991000
6.42395020,-85.10609000,-67.75139000
6.42456055,-84.88380000,-68.20881000
6.42517090,-87.15603000,-73.17277000
6.42578125,-87.71013000,-85.11835000
6.42639160,-89.53116000,-77.63170000
6.42700195,-91.22649000,-72.30149000
6.42761230,-89.09822000,-69.75846000
6.42822266,-91.79787000,-70.66083000
6.42883301,-100.02180000,-74.75675000
6.42944336,-93.52747000,-82.64369000
6.43005371,-93.09882000,-83.34282000
6.43066406,-93.91727000,-72.42696000
6.43127441,-93.84921000,-75.85625000
6.43188477,-94.95258000,-79.48415000
6.43249512,-91.18811000,-72.74203000
6.43310547,-91.04472000,-74.60118000
6.43371582,-95.78041000,-88.15505000
6.43432617,-103.62840000,-73.06750000
6.43493652,-94.03614000,-70.50159000
6.43554688,-91.12685000,-71.09931000
6.43615723,-88.52753000,-75.78265000
6.43676758,-87.53905000,-85.88913000
6.43737793,-88.42650000,-75.14131000
6.43798828,-86.14005000,-71.69518000
6.43859863,-88.46263000,-70.17982000
6.43920898,-97.41972000,-67.79140000
6.43981934,-90.87263000,-69.15726000
6.44042969,-87.75011000,-73.00553000
6.44104004,-91.93456000,-74.05356000
6.44165039,-89.07623000,-72.39179000
6.44226074,-90.86643000,-71.34538000
6.44287109,-96.03654000,-69.38638000
6.44348145,-94.79102000,-67.52030000
6.44409180,-91.83959000,-69.81895000
6.44470215,-90.13466000,-71.61517000
6.44531250,-90.70304000,-75.07289000
6.44592285,-93.03929000,-79.49441000
6.44653320,-92.91081000,-79.97865000
6.44714355,-105.81240000,-87.13663000
6.44775391,-89.90634000,-76.75933000
6.44836426,-84.73164000,-73.20251000
6.44897461,-85.21089000,-72.98890000
6.44958496,-87.82414000,-82.48387000
6.45019531,-90.27618000,-76.54499000
6.45080566,-99.73380000,-69.18248000
6.45141602,-104.74060000,-67.64582000
6.45202637,-98.63114000,-73.07167000
6.45263672,-90.47802000,-82.39838000
6.45324707,-86.25311000,-78.85138000
6.45385742,-88.40959000,-72.26495000
6.45446777,-100.96000000,-69.36223000
6.45507813,-102.59420000,-73.01677000
6.45568848,-97.05060000,-74.56343000
6.45629883,-94.18098000,-73.54982000
6.45690918,-103.84720000,-78.67677000
6.45751953,-90.33958000,-83.37159000
6.45812988,-86.02680000,-75.13721000
6.45874023,-85.23219000,-78.25146000
6.45935059,-86.77151000,-80.38194000
6.45996094,-90.68597000,-73.04767000
6.46057129,-91.43925000,-72.60425000
6.46118164,-93.87558000,-71.85075000
6.46179199,-105.15970000,-75.82230000
6.46240234,-105.33280000,-92.41248000
6.46301270,-102.39800000,-80.19047000
6.46362305,-99.14994000,-85.20862000
6.46423340,-91.68233000,-88.23035000
6.46484375,-98.69042000,-90.15323000
6.46545410,-88.36361000,-72.24906000
6.46606445,-90.72781000,-69.36455000
6.46667480,-105.35720000,-75.37122000
6.46728516,-97.05247000,-70.99039000
6.46789551,-96.02412000,-68.91833000
6.46850586,-90.80173000,-76.55307000
6.46911621,-90.54963000,-85.55747000
6.46972656,-98.97759000,-74.05837000
6.47033691,-92.27906000,-70.76588000
6.47094727,-84.43417000,-80.51018000
6.47155762,-85.53050000,-72.18237000
6.47216797,-88.48102000,-68.37092000
6.47277832,-87.54703000,-72.97953000
6.47338867,-91.90911000,-74.20877000
6.47399902,-94.93118000,-73.31926000
6.47460938,-86.64466000,-74.46425000
6.47521973,-87.92495000,-76.66185000
6.47583008,-93.07298000,-83.10635000
6.47644043,-91.53972000,-87.08444000
6.47705078,-95.40940000,-78.91943000
6.47766113,-100.02190000,-82.18650000
6.47827148,-104.89370000,-74.22662000
6.47888184,-107.00010000,-73.46457000
6.47949219,-94.24641000,-74.50207000
6.48010254,-88.86688000,-71.13104000
6.48071289,-89.97137000,-69.42358000
6.48132324,-96.23288000,-75.59556000
6.48193359,-118.35580000,-74.79543000
6.48254395,-88.88507000,-78.29724000
6.48315430,-83.79938000,-86.09520000
6.48376465,-84.83265000,-74.22370000
6.48437500,-88.30326000,-74.49677000
6.48498535,-92.23961000,-71.01304000
6.48559570,-114.97370000,-73.26347000
6.48620605,-88.45651000,-95.83062000
6.48681641,-87.53669000,-80.59912000
6.48742676,-98.64026000,-78.30952000
6.48803711,-107.95910000,-71.84657000
6.48864746,-89.41224000,-72.82056000
6.48925781,-86.73383000,-72.57176000
6.48986816,-91.27197000,-69.91447000
6.49047852,-92.70663000,-71.19798000
6.49108887,-93.76410000,-76.10471000
6.49169922,-98.37674000,-73.94649000
6.49230957,-106.61480000,-73.06735000
6.49291992,-91.37077000,-74.11875000
6.49353027,-86.27319000,-80.32105000
6.49414063,-87.09606000,-73.37502000
6.49475098,-92.07439000,-73.92266000
6.49536133,-101.37000000,-76.95683000
6.49597168,-93.77348000,-73.97088000
6.49658203,-89.67713000,-73.50671000
6.49719238,-91.16862000,-76.34515000
6.49780273,-98.10136000,-77.07867000
6.49841309,-98.67543000,-75.39265000
6.49902344,-92.72045000,-80.25618000
6.49963379,-85.07287000,-87.20618000
6.50024414,-88.50750000,-75.43783000
6.50085449,-98.53481000,-73.80464000
6.50146484,-92.04425000,-77.51123000
6.50207520,-98.49031000,-74.31885000
6.50268555,-94.54047000,-73.42645000
6.50329590,-88.35824000,-84.43468000
6.50390625,-87.67957000,-78.60846000
6.50451660,-91.28458000,-81.92252000
6.50512695,-89.76528000,-78.70889000
6.50573730,-89.02573000,-75.93805000
6.50634766,-88.31230000,-94.21931000
6.50695801,-88.85781000,-77.29771000
6.50756836,-89.43329000,-80.91821000
6.50817871,-87.61411000,-84.95171000
6.50878906,-87.68747000,-75.04112000
6.50939941,-91.49926000,-69.47194000
6.51000977,-98.73119000,-68.28642000
6.51062012,-94.06584000,-74.86245000
6.51123047,-88.64954000,-84.43819000
6.51184082,-91.05870000,-77.68709000
6.51245117,-90.42016000,-74.64151000
6.51306152,-83.91367000,-73.96677000
6.51367188,-83.47992000,-71.58945000
6.51428223,-88.60329000,-72.28109000
6.51489258,-102.93920000,-75.78554000
6.51550293,-89.72281000,-73.28599000
6.51611328,-86.17886000,-78.67564000
6.51672363,-89.58100000,-74.32042000
6.51733398,-100.87440000,-75.62669000
6.51794434,-103.16540000,-74.10070000
6.51855469,-89.09728000,-71.25883000
6.51916504,-85.03090000,-70.10177000
6.51977539,-89.63309000,-74.41567000
6.52038574,-90.73960000,-79.70377000
6.52099609,-88.13457000,-77.02046000
6.52160645,-93.08789000,-78.03086000
6.52221680,-90.83432000,-76.94923000
6.52282715,-90.49221000,-82.94913000
6.52343750,-91.42648000,-71.75262000
6.52404785,-94.71497000,-72.08320000
6.52465820,-94.21266000,-75.67548000
6.52526855,-86.64908000,-78.46963000
6.52587891,-89.27669000,-71.55167000
6.52648926,-95.71613000,-75.10847000
6.52709961,-91.43414000,-74.00483000
6.52770996,-88.65020000,-77.55679000
6.52832031,-89.03403000,-72.05566000
6.52893066,-89.56313000,-73.66138000
6.52954102,-88.07244000,-74.58365000
6.53015137,-87.41968000,-75.30829000
6.53076172,-90.12064000,-74.29180000
6.53137207,-96.64768000,-70.88186000
6.53198242,-91.01083000,-78.10260000
6.53259277,-87.79764000,-71.86935000
6.53320313,-87.74822000,-69.84659000
6.53381348,-86.97525000,-71.50806000
6.53442383,-87.87322000,-71.62171000
6.53503418,-93.71158000,-71.99755000
6.53564453,-91.69621000,-77.12373000
6.53625488,-85.91600000,-75.55361000
6.53686523,-85.78864000,-74.53393000
6.53747559,-88.40228000,-69.64183000
6.53808594,-94.71259000,-66.08154000
6.53869629,-91.80682000,-67.57135000
6.53930664,-88.61573000,-76.63670000
6.53991699,-91.75842000,-77.89678000
6.54052734,-90.10193000,-73.52725000
6.54113770,-90.53920000,-72.13435000
6.54174805,-96.46947000,-73.99859000
6.54235840,-94.16096000,-75.43805000
6.54296875,-86.05389000,-73.55655000
6.54357910,-85.67345000,-76.09124000
6.54418945,-89.92110000,-73.62641000
6.54479980,-95.97466000,-76.37556000
6.54541016,-91.60953000,-78.73668000
6.54602051,-93.10664000,-71.93775000
6.54663086,-96.90895000,-73.87357000
6.54724121,-97.69060000,-89.01592000
6.54785156,-92.07009000,-76.32098000
6.54846191,-90.57256000,-74.01610000
6.54907227,-97.62144000,-77.09095000
6.54968262,-91.56845000,-68.83899000
6.55029297,-94.16621000,-65.99982000
6.55090332,-100.30820000,-67.74274000
6.55151367,-91.62216000,-70.94312000
6.55212402,-87.78434000,-73.26663000
6.55273438,-87.70181000,-73.27959000
6.55334473,-88.68087000,-73.72466000
6.55395508,-86.80851000,-75.49780000
6.55456543,-85.92520000,-86.80581000
6.55517578,-90.26837000,-88.30675000
6.55578613,-96.09010000,-82.40563000
6.55639648,-88.64915000,-78.45854000
6.55700684,-86.99997000,-77.11047000
6.55761719,-88.54285000,-72.45471000
6.55822754,-91.85930000,-72.56219000
6.55883789,-94.19858000,-77.61711000
6.55944824,-95.21576000,-71.46753000
6.56005859,-92.97975000,-75.54514000
6.56066895,-89.98393000,-81.34293000
6.56127930,-91.02869000,-72.51154000
6.56188965,-89.81564000,-72.67110000
6.56250000,-91.94838000,-73.46962000
6.56311035,-98.10535000,-73.30164000
6.56372070,-101.71040000,-77.08276000
6.56433105,-92.70338000,-78.50860000
6.56494141,-92.26956000,-74.60326000
6.56555176,-94.83678000,-77.06323000
6.56616211,-94.83475000,-74.19276000
6.56677246,-93.98991000,-68.21132000
6.56738281,-97.43855000,-68.58234000
6.56799316,-89.77916000,-74.12844000
6.56860352,-89.57103000,-79.31400000
6.56921387,-93.40895000,-97.68088000
6.56982422,-96.75338000,-76.31264000
6.57043457,-92.68253000,-87.83462000
6.57104492,-90.61433000,-74.02629000
6.57165527,-90.22861000,-76.44534000
6.57226563,-94.62315000,-84.64670000
6.57287598,-87.64416000,-74.95332000
6.57348633,-89.18476000,-82.95924000
6.57409668,-94.07342000,-70.25862000
6.57470703,-87.55400000,-67.62438000
6.57531738,-86.13080000,-70.51456000
6.57592773,-83.56006000,-71.43913000
6.57653809,-83.82802000,-72.62801000
6.57714844,-87.51937000,-77.91129000
6.57775879,-92.53773000,-73.44085000
6.57836914,-85.95596000,-69.31013000
6.57897949,-87.48444000,-70.77181000
6.57958984,-93.79676000,-76.59043000
6.58020020,-94.96771000,-70.81827000
6.58081055,-91.85691000,-71.87193000
6.58142090,-90.00267000,-74.23199000
6.58203125,-94.83015000,-70.95830000
6.58264160,-103.62250000,-71.39051000
6.58325195,-98.26958000,-77.98642000
6.58386230,-94.36806000,-76.32899000
6.58447266,-103.48640000,-73.43539000
6.58508301,-90.53716000,-69.38397000
6.58569336,-88.17926000,-66.40010000
6.58630371,-99.40158000,-68.93304000
6.58691406,-92.92485000,-76.09106000
6.58752441,-89.36691000,-73.55391000
6.58813477,-93.70715000,-68.32751000
6.58874512,-93.13966000,-67.07504000
6.58935547,-96.89934000,-69.71192000
6.58996582,-89.52808000,-74.32019000
6.59057617,-85.54768000,-90.18729000
6.59118652,-85.40089000,-81.95397000
6.59179688,-92.06989000,-76.08887000
6.59240723,-112.70460000,-70.75612000
6.59301758,-90.13397000,-73.10531000
6.59362793,-88.01403000,-76.95403000
6.59423828,-92.00363000,-82.09497000
6.59484863,-98.54690000,-70.13295000
6.59545898,-99.11256000,-69.08089000
6.59606934,-90.56363000,-69.73880000
6.59667969,-87.36568000,-75.25254000
6.59729004,-88.41038000,-69.48943000
6.59790039,-90.57156000,-67.44829000
6.59851074,-93.47588000,-73.87459000
6.59912109,-91.01036000,-94.84195000
6.59973145,-91.53182000,-81.60159000
6.60034180,-101.18350000,-82.05563000
6.60095215,-103.56660000,-73.52160000
6.60156250,-93.16153000,-77.75447000
6.60217285,-91.49794000,-76.07967000
6.60278320,-86.62137000,-75.78139000
6.60339355,-87.06683000,-82.98010000
6.60400391,-89.38997000,-71.53924000
6.60461426,-89.24628000,-69.53687000
6.60522461,-93.76651000,-74.51375000
6.60583496,-95.81562000,-75.91173000
6.60644531,-93.66644000,-72.29338000
6.60705566,-101.34620000,-72.97983000
6.60766602,-96.91449000,-71.69785000
6.60827637,-93.60947000,-72.82851000
6.60888672,-92.89659000,-78.21935000
6.60949707,-90.52490000,-77.70080000
6.61010742,-93.56194000,-78.85694000
6.61071777,-97.13210000,-77.64797000
6.61132813,-95.88255000,-70.73878000
6.61193848,-89.21674000,-68.48843000
6.61254883,-86.70468000,-71.65542000
6.61315918,-88.64948000,-78.46244000
6.61376953,-91.04655000,-79.79447000
6.61437988,-94.22859000,-75.06095000
6.61499023,-92.07463000,-78.98746000
6.61560059,-85.85056000,-72.43620000
6.61621094,-86.31644000,-72.15578000
6.61682129,-97.46067000,-75.46355000
6.61743164,-91.01841000,-92.39811000
6.61804199,-89.28939000,-76.21651000
6.61865234,-90.73932000,-78.23220000
6.61926270,-87.35774000,-83.33436000
6.61987305,-85.02145000,-85.50034000
6.62048340,-86.31133000,-68.60649000
6.62109375,-91.32713000,-65.81579000
6.62170410,-88.25148000,-66.67902000
6.62231445,-87.68829000,-68.16879000
6.62292480,-92.55782000,-72.83183000
6.62353516,-92.13541000,-78.49505000
6.62414551,-91.46507000,-73.72425000
6.62475586,-94.54491000,-69.74829000
6.62536621,-86.70735000,-67.49829000
6.62597656,-87.89161000,-70.26285000
6.62658691,-87.69095000,-71.55254000
6.62719727,-86.04639000,-73.11115000
6.62780762,-86.26816000,-76.91544000
6.62841797,-90.39597000,-72.27193000
6.62902832,-96.34608000,-71.71119000
6.62963867,-93.21738000,-74.52412000
6.63024902,-91.09025000,-72.51461000
6.63085938,-101.02190000,-72.02856000
6.63146973,-96.06227000,-74.55576000
6.63208008,-95.95753000,-78.68085000
6.63269043,-102.37800000,-80.33881000
6.63330078,-90.72654000,-72.17896000
6.63391113,-86.11007000,-69.25096000
6.63452148,-86.23519000,-71.50721000
6.63513184,-87.14603000,-67.14461000
6.63574219,-89.42047000,-66.31798000
6.63635254,-93.89343000,-70.92317000
6.63696289,-104.98180000,-69.75182000
6.63757324,-104.80630000,-67.99532000
6.63818359,-95.47581000,-67.74917000
6.63879395,-94.13033000,-69.78024000
6.63940430,-95.85015000,-76.16161000
6.64001465,-100.48720000,-75.04071000
6.64062500,-99.60982000,-70.85506000
6.64123535,-95.98510000,-70.31571000
6.64184570,-109.14550000,-80.26706000
6.64245605,-100.10380000,-85.23032000
6.64306641,-96.34290000,-76.88734000
6.64367676,-94.54097000,-68.75659000
6.64428711,-92.08063000,-68.86313000
6.64489746,-92.39284000,-76.05172000
6.64550781,-94.07075000,-81.78951000
6.64611816,-88.30090000,-76.03606000
6.64672852,-89.18420000,-77.95731000
6.64733887,-85.17648000,-77.95268000
6.64794922,-81.78801000,-75.02915000
6.64855957,-83.26008000,-80.92090000
6.64916992,-89.09874000,-74.18679000
6.64978027,-108.97490000,-77.62679000
6.65039063,-89.71812000,-78.26979000
6.65100098,-86.56470000,-75.02297000
6.65161133,-86.46867000,-78.64795000
6.65222168,-88.02953000,-83.38287000
6.65283203,-91.58311000,-76.87252000
6.65344238,-97.10465000,-75.20245000
6.65405273,-99.08203000,-78.13544000
6.65466309,-94.45870000,-89.12026000
6.65527344,-90.13701000,-75.25660000
6.65588379,-93.29198000,-73.53822000
6.65649414,-88.68076000,-73.53254000
6.65710449,-89.24537000,-72.67337000
6.65771484,-95.44240000,-85.07365000
6.65832520,-108.10860000,-85.33916000
6.65893555,-95.20234000,-80.07305000
6.65954590,-97.22195000,-79.62000000
6.66015625,-97.18683000,-71.20830000
6.66076660,-92.96365000,-71.77251000
6.66137695,-89.73521000,-71.87183000
6.66198730,-88.25928000,-69.28836000
6.66259766,-92.46787000,-72.34360000
6.66320801,-93.25446000,-82.21398000
6.66381836,-95.99049000,-76.30828000
6.66442871,-96.18794000,-76.85232000
6.66503906,-91.43700000,-81.76721000
6.66564941,-91.62566000,-86.21291000
6.66625977,-88.42210000,-79.39821000
6.66687012,-90.88990000,-87.92957000
6.66748047,-89.30365000,-82.21126000
6.66809082,-93.57091000,-80.14583000
6.66870117,-94.65474000,-72.88304000
6.66931152,-88.02300000,-67.65227000
6.66992188,-89.94783000,-68.97371000
6.67053223,-87.07095000,-73.89069000
6.67114258,-86.83124000,-69.89503000
6.67175293,-95.40931000,-67.82932000
6.67236328,-92.94193000,-70.81285000
6.67297363,-89.83448000,-71.11934000
6.67358398,-90.85779000,-72.07698000
6.67419434,-96.62779000,-72.96841000
6.67480469,-90.95802000,-74.25189000
6.67541504,-90.27051000,-82.30705000
6.67602539,-95.01256000,-87.19010000
6.67663574,-98.48331000,-80.14507000
6.67724609,-94.03746000,-91.68969000
6.67785645,-90.98672000,-80.31554000
6.67846680,-91.22005000,-84.37492000
6.67907715,-97.40208000,-75.91829000
6.67968750,-89.76090000,-73.42785000
6.68029785,-89.42219000,-79.23570000
6.68090820,-90.40633000,-69.91716000
6.68151855,-89.83066000,-69.60628000
6.68212891,-88.05534000,-74.37950000
6.68273926,-86.75821000,-71.27586000
6.68334961,-89.94627000,-65.88554000
6.68395996,-99.71016000,-68.70433000
6.68457031,-94.09051000,-76.38136000
6.68518066,-97.64343000,-78.14098000
6.68579102,-98.48114000,-78.49820000
6.68640137,-95.80230000,-76.98600000
6.68701172,-92.53419000,-73.08125000
6.68762207,-90.45174000,-72.98052000
6.68823242,-91.23862000,-73.31960000
6.68884277,-98.42625000,-71.67850000
6.68945313,-92.63399000,-75.56966000
6.69006348,-98.50854000,-77.69044000
6.69067383,-90.97771000,-75.06451000
6.69128418,-86.98260000,-75.92778000
6.69189453,-86.65576000,-81.17931000
6.69250488,-90.20911000,-77.79619000
6.69311523,-91.82542000,-69.30968000
6.69372559,-90.38913000,-65.60760000
6.69433594,-90.77161000,-65.52142000
6.69494629,-90.77791000,-68.30425000
6.69555664,-94.44198000,-74.91959000
6.69616699,-94.16482000,-73.70755000
6.69677734,-94.95007000,-68.50821000
6.69738770,-90.89037000,-67.57617000
6.69799805,-84.65608000,-67.79834000
6.69860840,-82.47758000,-69.33677000
6.69921875,-86.68053000,-79.48615000
6.69982910,-89.25567000,-71.22952000
6.70043945,-89.09290000,-67.18314000
6.70104980,-108.48610000,-67.73899000
6.70166016,-87.93537000,-69.62137000
6.70227051,-86.21964000,-74.43074000
6.70288086,-87.56942000,-73.38654000
6.70349121,-92.14568000,-69.36073000
6.70410156,-95.21539000,-70.21700000
6.70471191,-92.97112000,-72.15273000
6.70532227,-88.86584000,-80.59612000
6.70593262,-87.90443000,-80.31669000
6.70654297,-91.85423000,-81.48335000
6.70715332,-91.23273000,-87.78334000
6.70776367,-90.60151000,-75.43189000
6.70837402,-89.64755000,-76.66560000
6.70898438,-92.57512000,-80.56626000
6.70959473,-102.61150000,-82.78268000
6.71020508,-89.87342000,-76.13207000
6.71081543,-86.81389000,-77.90018000
6.71142578,-89.62793000,-91.44824000
6.71203613,-99.37529000,-75.63877000
6.71264648,-90.59491000,-80.30594000
6.71325684,-92.77081000,-78.76400000
6.71386719,-95.17291000,-79.86104000
6.71447754,-107.78830000,-70.81985000
6.71508789,-90.49209000,-67.01765000
6.71569824,-88.35091000,-69.17800000
6.71630859,-94.82274000,-73.78394000
6.71691895,-99.95246000,-73.44744000
6.71752930,-92.22736000,-77.52850000
6.71813965,-93.42721000,-81.15474000
6.71875000,-97.42142000,-73.40942000
6.71936035,-89.91378000,-69.94027000
6.71997070,-93.03931000,-70.33652000
6.72058105,-90.09903000,-72.18758000
6.72119141,-87.77122000,-72.10258000
6.72180176,-87.78450000,-72.22949000
6.72241211,-99.90413000,-71.25999000
6.72302246,-88.21384000,-69.74723000
6.72363281,-86.08298000,-74.73079000
6.72424316,-94.25103000,-76.02511000
6.72485352,-93.76779000,-78.07970000
6.72546387,-92.86961000,-71.73204000
6.72607422,-96.00729000,-69.41354000
6.72668457,-89.08290000,-74.36097000
6.72729492,-94.26990000,-77.44901000
6.72790527,-99.93721000,-72.59261000
6.72851563,-98.33609000,-72.15311000
6.72912598,-94.03767000,-72.19453000
6.72973633,-94.61036000,-74.17998000
6.73034668,-97.81891000,-73.43111000
6.73095703,-97.11323000,-70.57063000
6.73156738,-95.10129000,-71.79642000
6.73217773,-95.64243000,-80.24932000
6.73278809,-92.00398000,-81.93101000
6.73339844,-88.94269000,-82.79655000
6.73400879,-92.92580000,-79.38345000
6.73461914,-101.23020000,-80.48656000
6.73522949,-105.02960000,-78.41533000
6.73583984,-97.96696000,-79.83055000
6.73645020,-93.33001000,-74.73535000
6.73706055,-102.58190000,-77.58041000
6.73767090,-94.39822000,-85.99135000
6.73828125,-89.93455000,-85.33302000
6.73889160,-102.51590000,-79.54408000
6.73950195,-93.63394000,-78.36402000
6.74011230,-90.80829000,-74.32126000
6.74072266,-100.49070000,-71.14352000
6.74133301,-90.49478000,-76.16698000
6.74194336,-87.00673000,-83.42599000
6.74255371,-88.25558000,-77.80570000
6.74316406,-90.27431000,-77.56823000
6.74377441,-99.89555000,-75.35570000
6.74438477,-94.36539000,-69.76934000
6.74499512,-95.35913000,-75.69604000
6.74560547,-99.91750000,-79.35815000
6.74621582,-94.46666000,-78.09183000
6.74682617,-99.21116000,-67.99689000
6.74743652,-92.71949000,-70.40630000
6.74804688,-92.21626000,-75.23627000
6.74865723,-101.14320000,-70.46707000
6.74926758,-99.29424000,-77.79817000
6.74987793,-95.53078000,-74.27930000
6.75048828,-103.76930000,-72.66223000
6.75109863,-89.43523000,-75.83083000
6.75170898,-85.78538000,-78.79320000
6.75231934,-88.82643000,-77.15717000
6.75292969,-88.61118000,-83.26524000
6.75354004,-86.05567000,-81.70570000
6.75415039,-90.72442000,-70.73454000
6.75476074,-102.33680000,-69.18507000
6.75537109,-96.52417000,-75.59949000
6.75598145,-91.91476000,-84.44686000
6.75659180,-100.48410000,-81.19698000
6.75720215,-90.39185000,-75.88729000
6.75781250,-88.37548000,-76.72284000
6.75842285,-90.26323000,-80.06087000
6.75903320,-91.39377000,-87.45337000
6.75964355,-94.29686000,-83.24688000
6.76025391,-94.97382000,-75.81930000
6.76086426,-90.40833000,-70.52769000
6.76147461,-88.21244000,-68.63118000
6.76208496,-86.53809000,-68.59091000
6.76269531,-86.64333000,-71.58519000
6.76330566,-88.91199000,-74.38998000
6.76391602,-93.79364000,-80.91828000
6.76452637,-93.17203000,-93.86191000
6.76513672,-93.33577000,-82.47207000
6.76574707,-94.14497000,-79.62872000
6.76635742,-96.29564000,-86.33500000
6.76696777,-95.56113000,-84.92797000
6.76757813,-96.31245000,-73.06729000
6.76818848,-101.08800000,-68.46937000
6.76879883,-94.45879000,-70.63422000
6.76940918,-90.70720000,-82.75407000
6.77001953,-94.90053000,-71.97079000
6.77062988,-96.51799000,-76.09166000
6.77124023,-93.82539000,-74.75545000
6.77185059,-100.97840000,-73.05994000
6.77246094,-93.43176000,-74.85203000
6.77307129,-87.28668000,-77.44476000
6.77368164,-88.75171000,-80.64413000
6.77429199,-100.97680000,-74.55804000
6.77490234,-100.50070000,-70.14240000
6.77551270,-108.73280000,-70.84166000
6.77612305,-118.17090000,-73.64803000
6.77673340,-97.20343000,-73.18885000
6.77734375,-95.58907000,-72.62328000
6.77795410,-100.62040000,-69.91994000
6.77856445,-94.76842000,-69.16971000
6.77917480,-89.90177000,-68.64613000
6.77978516,-91.79180000,-68.03638000
6.78039551,-93.87638000,-72.29616000
6.78100586,-88.57761000,-78.38538000
6.78161621,-87.00911000,-75.16048000
6.78222656,-92.04116000,-76.11646000
6.78283691,-91.07814000,-76.93143000
6.78344727,-87.69413000,-75.53706000
6.78405762,-88.29890000,-75.26157000
6.78466797,-89.00508000,-79.09512000
6.78527832,-92.49319000,-71.02557000
6.78588867,-103.26720000,-69.96901000
6.78649902,-96.31538000,-72.03101000
6.78710938,-93.18567000,-69.79982000
6.78771973,-90.70442000,-76.09139000
6.78833008,-90.52132000,-88.26196000
6.78894043,-89.59586000,-79.15590000
6.78955078,-87.89590000,-73.85589000
6.79016113,-88.08289000,-72.30212000
6.79077148,-103.02380000,-76.71895000
6.79138184,-92.27023000,-72.88184000
6.79199219,-92.95641000,-72.90837000
6.79260254,-97.98791000,-69.83715000
6.79321289,-99.60995000,-68.43584000
6.79382324,-90.96760000,-74.19978000
6.79443359,-86.54391000,-78.80041000
6.79504395,-85.65892000,-77.57071000
6.79565430,-88.78007000,-74.14746000
6.79626465,-98.51704000,-73.15207000
6.79687500,-100.36730000,-79.40788000
6.79748535,-94.02253000,-77.59763000
6.79809570,-93.33950000,-67.45560000
6.79870605,-91.36661000,-64.56952000
6.79931641,-91.99146000,-67.89905000
6.79992676,-119.83860000,-74.44635000
6.80053711,-119.69530000,-72.87045000
6.80114746,-92.54459000,-81.70853000
6.80175781,-92.04811000,-74.02947000
6.80236816,-97.48009000,-71.07615000
6.80297852,-100.07360000,-69.54991000
6.80358887,-93.35518000,-69.72625000
6.80419922,-92.37955000,-71.38295000
6.80480957,-99.68124000,-71.37345000
6.80541992,-88.39345000,-72.42494000
6.80603027,-85.38512000,-71.36621000
6.80664063,-88.76207000,-71.12817000
6.80725098,-98.19028000,-77.20374000
6.80786133,-104.46190000,-84.70592000
6.80847168,-93.02414000,-77.12550000
6.80908203,-86.35640000,-75.92709000
6.80969238,-87.12636000,-74.03585000
6.81030273,-95.02538000,-73.48926000
6.81091309,-92.40437000,-83.52966000
6.81152344,-91.10206000,-78.72886000
6.81213379,-87.63024000,-83.53753000
6.81274414,-87.78931000,-75.54243000
6.81335449,-89.19888000,-74.82475000
6.81396484,-92.18123000,-75.71647000
6.81457520,-94.49699000,-72.02711000
6.81518555,-90.42297000,-82.49374000
6.81579590,-90.00548000,-75.72155000
6.81640625,-98.30112000,-77.48873000
6.81701660,-97.27500000,-76.93127000
6.81762695,-91.22936000,-77.34489000
6.81823730,-87.06435000,-81.57905000
6.81884766,-89.74593000,-80.82246000
6.81945801,-105.18020000,-74.84145000
6.82006836,-98.14071000,-73.29142000
6.82067871,-91.65611000,-78.16293000
6.82128906,-88.86436000,-76.52899000
6.82189941,-88.66073000,-74.05568000
6.82250977,-92.04300000,-67.57787000
6.82312012,-96.11497000,-68.83942000
6.82373047,-96.50127000,-78.25937000
6.82434082,-96.17598000,-77.12241000
6.82495117,-91.15732000,-76.49168000
6.82556152,-91.15318000,-71.12907000
6.82617188,-96.27010000,-72.19061000
6.82678223,-90.71513000,-79.10339000
6.82739258,-95.00206000,-70.69225000
6.82800293,-99.18019000,-77.80558000
6.82861328,-92.58195000,-85.08515000
6.82922363,-100.59280000,-81.63590000
6.82983398,-90.83190000,-79.51704000
6.83044434,-94.24548000,-76.20562000
6.83105469,-97.24740000,-74.58305000
6.83166504,-94.09056000,-74.54948000
6.83227539,-91.71796000,-78.09243000
6.83288574,-90.48721000,-74.56304000
6.83349609,-92.86414000,-78.74988000
6.83410645,-94.59735000,-79.15532000
6.83471680,-90.06783000,-76.88075000
6.83532715,-86.73082000,-70.81475000
6.83593750,-86.45343000,-71.91909000
6.83654785,-89.52554000,-81.52667000
6.83715820,-97.04973000,-75.53177000
6.83776855,-105.70480000,-81.07445000
6.83837891,-102.00170000,-79.17186000
6.83898926,-98.09045000,-73.28238000
6.83959961,-96.66146000,-68.96223000
6.84020996,-90.33028000,-67.21298000
6.84082031,-88.79195000,-69.55348000
6.84143066,-89.84921000,-74.55705000
6.84204102,-91.60133000,-78.34838000
6.84265137,-94.77376000,-80.14240000
6.84326172,-99.93656000,-75.68712000
6.84387207,-93.85751000,-83.06683000
6.84448242,-97.78001000,-72.71244000
6.84509277,-99.79656000,-70.47787000
6.84570313,-97.61765000,-77.83273000
6.84631348,-90.57479000,-80.90278000
6.84692383,-97.40634000,-86.29760000
6.84753418,-92.85303000,-76.42371000
6.84814453,-89.96294000,-75.74262000
6.84875488,-91.04277000,-75.85461000
6.84936523,-94.68188000,-80.53195000
6.84997559,-89.77375000,-69.02421000
6.85058594,-87.23447000,-68.92551000
6.85119629,-90.05830000,-72.83806000
6.85180664,-94.69819000,-74.41071000
6.85241699,-97.16203000,-87.11340000
6.85302734,-90.87940000,-76.74831000
6.85363770,-85.92650000,-77.09987000
6.85424805,-88.65243000,-76.32733000
6.85485840,-96.95835000,-72.41461000
6.85546875,-98.41812000,-71.72018000
6.85607910,-97.04632000,-72.92364000
6.85668945,-92.45560000,-79.63655000
6.85729980,-90.60362000,-85.08975000
6.85791016,-95.57838000,-74.18425000
6.85852051,-98.05508000,-67.65578000
6.85913086,-94.68482000,-67.22245000
6.85974121,-89.62135000,-73.65314000
6.86035156,-90.52472000,-77.96688000
6.86096191,-96.17729000,-72.30391000
6.86157227,-92.83280000,-75.61752000
6.86218262,-86.75893000,-75.10684000
6.86279297,-87.87753000,-74.40425000
6.86340332,-95.00093000,-79.06075000
6.86401367,-93.58083000,-76.88369000
6.86462402,-91.50322000,-74.50407000
6.86523438,-91.83536000,-74.76979000
6.86584473,-88.37577000,-82.65227000
6.86645508,-87.36189000,-88.56220000
6.86706543,-90.35112000,-80.89053000
6.86767578,-93.47594000,-72.14091000
6.86828613,-92.67563000,-69.15220000
6.86889648,-93.43306000,-74.65837000
6.86950684,-95.11588000,-80.96696000
6.87011719,-100.27820000,-77.22290000
6.87072754,-98.38548000,-72.98197000
6.87133789,-93.20998000,-78.67169000
6.87194824,-93.78532000,-78.91660000
6.87255859,-91.07401000,-77.99668000
6.87316895,-89.49460000,-74.79344000
6.87377930,-101.14460000,-70.22691000
6.87438965,-92.70197000,-68.75758000
6.87500000,-95.19377000,-71.85142000
6.87561035,-90.53961000,-68.81994000
6.87622070,-86.58208000,-71.27331000
6.87683105,-86.99644000,-81.43917000
6.87744141,-90.44391000,-79.01450000
6.87805176,-102.47700000,-72.68348000
6.87866211,-93.23145000,-70.75262000
6.87927246,-97.54843000,-76.36310000
6.87988281,-93.96819000,-76.45853000
6.88049316,-89.39545000,-75.84891000
6.88110352,-88.88829000,-77.20827000
6.88171387,-91.71485000,-75.76495000
6.88232422,-95.51708000,-78.32922000
6.88293457,-99.73848000,-84.92003000
6.88354492,-102.50590000,-75.90133000
6.88415527,-93.17441000,-70.54916000
6.88476563,-90.87074000,-73.69677000
6.88537598,-85.96317000,-84.15427000
6.88598633,-86.25449000,-77.56845000
6.88659668,-96.16463000,-75.95213000
6.88720703,-97.75217000,-89.89862000
6.88781738,-95.08539000,-86.09275000
6.88842773,-112.48590000,-83.96888000
6.88903809,-97.78537000,-72.20435000
6.88964844,-104.31370000,-70.92594000
6.89025879,-109.55020000,-75.52473000
6.89086914,-98.19850000,-82.57020000
6.89147949,-88.59134000,-75.57818000
6.89208984,-85.78201000,-75.96227000
6.89270020,-86.17736000,-76.77797000
6.89331055,-90.32179000,-82.44719000
6.89392090,-102.10330000,-70.86995000
6.89453125,-101.79200000,-70.12518000
6.89514160,-100.98690000,-77.66336000
6.89575195,-102.94510000,-76.12223000
6.89636230,-95.41711000,-83.75564000
6.89697266,-90.11105000,-83.50594000
6.89758301,-89.39179000,-88.47022000
6.89819336,-104.18360000,-93.19914000
6.89880371,-94.75368000,-91.99092000
6.89941406,-95.32815000,-79.64860000
6.90002441,-93.14513000,-81.79469000
6.90063477,-90.78568000,-78.19936000
6.90124512,-89.27406000,-72.27866000
6.90185547,-91.88103000,-73.94708000
6.90246582,-99.32384000,-82.72339000
6.90307617,-102.56690000,-75.60887000
6.90368652,-104.08500000,-76.44514000
6.90429688,-100.18130000,-74.69367000
6.90490723,-103.09580000,-83.07618000
6.90551758,-93.28675000,-79.09611000
6.90612793,-91.49293000,-71.22514000
6.90673828,-97.40117000,-68.57455000
6.90734863,-110.40540000,-69.05580000
6.90795898,-102.38070000,-72.56085000
6.90856934,-97.00014000,-75.57309000
6.90917969,-95.05751000,-74.98780000
6.90979004,-90.50678000,-75.65611000
6.91040039,-88.70061000,-74.29120000
6.91101074,-87.20773000,-72.51262000
6.91162109,-86.10925000,-72.63436000
6.91223145,-87.41406000,-75.83246000
6.91284180,-90.71901000,-76.87972000
6.91345215,-95.81974000,-79.21255000
6.91406250,-96.24797000,-85.08165000
6.91467285,-91.11076000,-77.52723000
6.91528320,-90.15723000,-75.26653000
6.91589355,-93.72832000,-74.02225000
6.91650391,-94.84641000,-76.26478000
6.91711426,-91.89935000,-86.24085000
6.91772461,-98.98122000,-73.58459000
6.91833496,-94.32641000,-75.25246000
6.91894531,-92.31528000,-77.71153000
6.91955566,-94.38681000,-80.28465000
6.92016602,-96.78318000,-84.70456000
6.92077637,-95.94606000,-98.25695000
6.92138672,-93.95018000,-83.44415000
6.92199707,-94.15082000,-86.88422000
6.92260742,-101.77930000,-75.82024000
6.92321777,-101.48250000,-73.72073000
6.92382813,-100.27300000,-77.70308000
6.92443848,-109.96810000,-85.16606000
6.92504883,-107.82600000,-89.08601000
6.92565918,-96.77734000,-81.42033000
6.92626953,-96.19498000,-92.47614000
6.92687988,-96.68449000,-82.48089000
6.92749023,-90.38387000,-86.65864000
6.92810059,-91.10953000,-84.20289000
6.92871094,-97.32458000,-88.34595000
6.92932129,-91.64948000,-77.04224000
6.92993164,-90.02323000,-72.24274000
6.93054199,-95.98618000,-69.06625000
6.93115234,-93.87917000,-74.08826000
6.93176270,-90.57510000,-76.04980000
6.93237305,-98.84489000,-79.45752000
6.93298340,-95.81021000,-73.09579000
6.93359375,-93.40153000,-71.68445000
6.93420410,-98.55572000,-71.59058000
6.93481445,-93.65634000,-72.08423000
6.93542480,-102.10810000,-73.80022000
6.93603516,-96.49626000,-73.09062000
6.93664551,-102.06870000,-74.53959000
6.93725586,-89.40395000,-76.85460000
6.93786621,-85.80326000,-76.40460000
6.93847656,-85.97411000,-74.97516000
6.93908691,-87.93063000,-72.53838000
6.93969727,-87.75875000,-74.17512000
6.94030762,-93.28709000,-78.65968000
6.94091797,-103.48090000,-76.10580000
6.94152832,-95.81947000,-74.27606000
6.94213867,-96.90985000,-77.19044000
6.94274902,-101.67200000,-75.98903000
6.94335938,-99.92970000,-75.94165000
6.94396973,-102.21160000,-82.90184000
6.94458008,-94.29131000,-73.54649000
6.94519043,-86.96957000,-71.97918000
6.94580078,-86.96835000,-71.66438000
6.94641113,-94.26340000,-74.22786000
6.94702148,-96.40998000,-77.26422000
6.94763184,-92.48852000,-72.59017000
6.94824219,-92.57346000,-72.39824000
6.94885254,-86.81960000,-74.63960000
6.94946289,-87.86689000,-70.20482000
6.95007324,-90.89952000,-68.76253000
6.95068359,-88.94588000,-73.42345000
6.95129395,-88.17069000,-76.45248000
6.95190430,-96.95031000,-78.00269000
6.95251465,-94.36130000,-73.29901000
6.95312500,-88.85484000,-71.38716000
6.95373535,-84.66706000,-72.44697000
6.95434570,-85.88074000,-78.47223000
6.95495605,-98.83294000,-73.60323000
6.95556641,-90.16709000,-72.13174000
6.95617676,-89.45012000,-69.63562000
6.95678711,-96.26945000,-67.38771000
6.95739746,-102.49130000,-70.41331000
6.95800781,-88.51012000,-78.33025000
6.95861816,-86.51958000,-80.09902000
6.95922852,-90.08583000,-74.18105000
6.95983887,-104.59930000,-73.17725000
6.96044922,-101.73960000,-69.55271000
6.96105957,-102.62020000,-69.91357000
6.96166992,-100.63610000,-76.32774000
6.96228027,-91.95703000,-82.21088000
6.96289063,-85.60108000,-72.82944000
6.96350098,-84.78268000,-70.51292000
6.96411133,-86.65359000,-73.82341000
6.96472168,-85.40201000,-73.16664000
6.96533203,-83.52707000,-70.68166000
6.96594238,-83.14095000,-78.17313000
6.96655273,-84.82278000,-79.67551000
6.96716309,-87.15823000,-74.54529000
6.96777344,-90.09251000,-85.21714000
6.96838379,-95.74577000,-73.19487000
6.96899414,-102.96420000,-73.60004000
6.96960449,-101.39330000,-78.97025000
6.97021484,-97.36740000,-74.07391000
6.97082520,-104.40740000,-78.03342000
6.97143555,-94.05931000,-87.43099000
6.97204590,-88.42426000,-78.91160000
6.97265625,-88.58037000,-72.41108000
6.97326660,-91.45897000,-73.87796000
6.97387695,-107.45890000,-83.87482000
6.97448730,-90.70265000,-83.97223000
6.97509766,-90.74920000,-86.67468000
6.97570801,-94.27704000,-74.94504000
6.97631836,-99.64570000,-80.91884000
6.97692871,-91.44204000,-72.59657000
6.97753906,-90.15381000,-68.45870000
6.97814941,-94.37687000,-68.74518000
6.97875977,-101.10380000,-66.96436000
6.97937012,-95.71973000,-66.98790000
6.97998047,-104.66410000,-73.46504000
6.98059082,-92.00127000,-69.01321000
6.98120117,-91.55872000,-69.67348000
6.98181152,-100.48020000,-74.36463000
6.98242188,-99.76633000,-79.39764000
6.98303223,-110.92030000,-85.67585000
6.98364258,-93.42919000,-72.59206000
6.98425293,-90.63564000,-68.94096000
6.98486328,-90.83139000,-70.11224000
6.98547363,-89.14471000,-75.53807000
6.98608398,-96.81714000,-72.65048000
6.98669434,-91.78078000,-72.00600000
6.98730469,-93.44081000,-78.45822000
6.98791504,-92.79259000,-77.29845000
6.98852539,-101.64480000,-83.36117000
6.98913574,-95.46533000,-75.89273000
6.98974609,-89.76226000,-71.44766000
6.99035645,-89.12881000,-76.95410000
6.99096680,-94.15163000,-73.83942000
6.99157715,-95.92061000,-72.90556000
6.99218750,-89.20021000,-74.19360000
6.99279785,-85.18762000,-70.27461000
6.99340820,-85.09789000,-71.62177000
6.99401855,-87.38687000,-88.57010000
6.99462891,-87.87900000,-72.62313000
6.99523926,-88.97343000,-70.53588000
6.99584961,-93.89795000,-75.02348000
6.99645996,-103.60740000,-75.85934000
6.99707031,-94.73756000,-76.18624000
6.99768066,-97.93958000,-74.78623000
6.99829102,-85.10352000,-73.53445000
6.99890137,-87.72889000,-76.44147000
6.99951172,-95.25970000,-82.09129000
7.00012207,-92.87312000,-80.62043000
7.00073242,-94.77825000,-78.89899000
7.00134277,-93.19048000,-80.82539000
7.00195313,-87.88455000,-76.37411000
7.00256348,-90.36407000,-71.91422000
7.00317383,-93.64753000,-71.87159000
7.00378418,-89.68900000,-74.86276000
7.00439453,-91.52650000,-75.15163000
7.00500488,-96.52585000,-78.53444000
7.00561523,-100.42180000,-73.72720000
7.00622559,-99.92513000,-69.92447000
7.00683594,-98.48458000,-77.01805000
7.00744629,-116.46030000,-77.33144000
7.00805664,-93.60192000,-73.02204000
7.00866699,-90.61752000,-78.87866000
7.00927734,-88.76289000,-91.23154000
7.00988770,-90.56561000,-78.67719000
7.01049805,-92.71436000,-81.97407000
7.01110840,-93.52409000,-85.71548000
7.01171875,-104.47440000,-78.86169000
7.01232910,-92.65469000,-76.00606000
7.01293945,-87.35022000,-76.37567000
7.01354980,-86.82230000,-72.56647000
7.01416016,-88.15655000,-71.42731000
7.01477051,-90.76277000,-72.79112000
7.01538086,-89.65018000,-74.85503000
7.01599121,-89.79211000,-77.91170000
7.01660156,-92.16928000,-77.13620000
7.01721191,-90.51803000,-77.39536000
7.01782227,-90.78391000,-71.51392000
7.01843262,-89.26101000,-68.98719000
7.01904297,-89.09210000,-76.17549000
7.01965332,-88.00309000,-75.83202000
7.02026367,-88.95268000,-72.38809000
7.02087402,-92.13777000,-77.40091000
7.02148438,-94.31957000,-74.86230000
7.02209473,-95.49384000,-74.79308000
7.02270508,-91.09348000,-75.03687000
7.02331543,-91.43181000,-77.27882000
7.02392578,-92.85934000,-85.01146000
7.02453613,-93.98601000,-83.07365000
7.02514648,-101.58680000,-77.09395000
7.02575684,-88.98941000,-78.60133000
7.02636719,-86.88015000,-80.81941000
7.02697754,-90.13534000,-79.76161000
7.02758789,-93.12591000,-81.56891000
7.02819824,-93.31854000,-79.24534000
7.02880859,-91.44724000,-78.55866000
7.02941895,-91.30934000,-84.98328000
7.03002930,-98.16635000,-74.07065000
7.03063965,-91.66104000,-77.77917000
7.03125000,-89.23734000,-70.37772000
7.03186035,-98.83841000,-68.07601000
7.03247070,-98.26175000,-68.95663000
7.03308105,-96.60989000,-70.43869000
7.03369141,-98.13339000,-78.61028000
7.03430176,-101.53080000,-77.86726000
7.03491211,-99.52744000,-79.42107000
7.03552246,-97.15007000,-71.12088000
7.03613281,-93.77515000,-70.33286000
7.03674316,-91.10152000,-76.37474000
7.03735352,-89.28523000,-83.42146000
7.03796387,-91.82431000,-77.84729000
7.03857422,-98.52126000,-89.64500000
7.03918457,-92.73856000,-75.81957000
7.03979492,-87.73713000,-70.11922000
7.04040527,-86.65836000,-68.22993000
7.04101563,-91.16402000,-74.53666000
7.04162598,-98.65488000,-75.42970000
7.04223633,-94.34547000,-75.84727000
7.04284668,-93.78679000,-78.97372000
7.04345703,-98.02399000,-69.87181000
7.04406738,-86.84164000,-69.29881000
7.04467773,-84.21127000,-73.23892000
7.04528809,-83.58205000,-75.43333000
7.04589844,-85.78622000,-71.74731000
7.04650879,-90.93355000,-72.43798000
7.04711914,-98.54028000,-77.44389000
7.04772949,-98.79128000,-82.76404000
7.04833984,-99.01806000,-84.18240000
7.04895020,-93.36411000,-75.45270000
7.04956055,-93.23288000,-74.30206000
7.05017090,-103.99130000,-79.60723000
7.05078125,-94.20367000,-80.74645000
7.05139160,-90.79242000,-77.30582000
7.05200195,-96.47791000,-87.67437000
7.05261230,-92.05980000,-74.93707000
7.05322266,-87.82726000,-75.20487000
7.05383301,-89.72041000,-74.22531000
7.05444336,-94.37287000,-74.32533000
7.05505371,-99.14278000,-74.12579000
7.05566406,-94.63704000,-70.96849000
7.05627441,-93.36251000,-87.04781000
7.05688477,-99.46495000,-80.30482000
7.05749512,-92.93606000,-87.52110000
7.05810547,-89.68787000,-73.77203000
7.05871582,-96.65036000,-71.15869000
7.05932617,-92.26653000,-75.13769000
7.05993652,-85.45374000,-85.85964000
7.06054688,-85.38987000,-75.79826000
7.06115723,-87.91417000,-76.80647000
7.06176758,-89.97424000,-73.32633000
7.06237793,-102.20850000,-74.27975000
7.06298828,-93.99224000,-73.93758000
7.06359863,-94.16455000,-76.41679000
7.06420898,-94.37997000,-77.74013000
7.06481934,-91.95980000,-80.65375000
7.06542969,-94.41506000,-83.35130000
7.06604004,-99.51872000,-77.04283000
7.06665039,-95.71220000,-82.89176000
7.06726074,-93.05560000,-70.24876000
7.06787109,-94.95377000,-66.39880000
7.06848145,-94.96130000,-67.18810000
7.06909180,-94.37167000,-71.17238000
7.06970215,-94.93301000,-73.52827000
7.07031250,-89.31856000,-69.47424000
7.07092285,-90.34238000,-70.41136000
7.07153320,-96.35430000,-78.09745000
7.07214355,-95.81226000,-74.53676000
7.07275391,-92.10320000,-76.59547000
7.07336426,-98.76006000,-79.08334000
7.07397461,-92.74808000,-72.60126000
7.07458496,-93.31173000,-77.60985000
7.07519531,-90.76328000,-76.42257000
7.07580566,-88.86036000,-76.14375000
7.07641602,-89.73328000,-85.32673000
7.07702637,-95.19944000,-78.18153000
7.07763672,-90.76024000,-73.38112000
7.07824707,-84.59517000,-70.60779000
7.07885742,-83.63290000,-75.18675000
7.07946777,-85.22226000,-79.31703000
7.08007813,-86.70780000,-71.58710000
7.08068848,-88.21522000,-70.90826000
7.08129883,-91.46796000,-69.74860000
7.08190918,-92.35264000,-71.12796000
7.08251953,-86.44017000,-75.79282000
7.08312988,-83.15462000,-88.85852000
7.08374023,-85.19326000,-84.17737000
7.08435059,-88.69955000,-78.96591000
7.08496094,-89.38145000,-80.55893000
7.08557129,-89.60138000,-82.58836000
7.08618164,-98.50430000,-71.81376000
7.08679199,-111.01530000,-68.24980000
7.08740234,-97.17819000,-68.46104000
7.08801270,-94.56581000,-75.78700000
7.08862305,-107.41240000,-77.48685000
7.08923340,-91.78147000,-74.30530000
7.08984375,-89.02821000,-72.56494000
7.09045410,-93.16891000,-71.32216000
7.09106445,-91.34628000,-71.48515000
7.09167480,-85.69572000,-76.10468000
7.09228516,-86.62453000,-83.02963000
7.09289551,-88.08080000,-87.23931000
7.09350586,-87.35696000,-76.69960000
7.09411621,-91.80862000,-70.27548000
7.09472656,-92.77058000,-68.39456000
7.09533691,-94.21541000,-73.50104000
7.09594727,-100.80360000,-77.09562000
7.09655762,-99.60136000,-77.02538000
7.09716797,-107.19630000,-82.84290000
7.09777832,-92.19566000,-75.67455000
7.09838867,-90.27032000,-78.38212000
7.09899902,-91.07322000,-82.50789000
7.09960938,-89.94965000,-69.96567000
7.10021973,-93.16547000,-69.29895000
7.10083008,-98.17368000,-73.15028000
7.10144043,-96.83044000,-70.36428000
7.10205078,-87.28202000,-70.58958000
7.10266113,-87.48602000,-82.86458000
7.10327148,-100.73390000,-73.77187000
7.10388184,-100.92170000,-69.64093000
7.10449219,-93.37299000,-72.53413000
7.10510254,-87.98088000,-92.73343000
7.10571289,-88.97281000,-71.29977000
7.10632324,-98.19283000,-68.42593000
7.10693359,-92.81529000,-66.18833000
7.10754395,-86.88591000,-66.46115000
7.10815430,-84.95628000,-69.02646000
7.10876465,-87.90135000,-67.28086000
7.10937500,-101.86090000,-66.16647000
7.10998535,-96.90552000,-71.70524000
7.11059570,-103.44250000,-82.95148000
7.11120605,-103.01400000,-75.81243000
7.11181641,-94.25806000,-87.50018000
7.11242676,-88.05072000,-74.06821000
7.11303711,-84.71951000,-69.21700000
7.11364746,-88.30553000,-72.06816000
7.11425781,-95.13312000,-72.94038000
7.11486816,-103.71580000,-68.37721000
7.11547852,-98.29796000,-67.49332000
7.11608887,-115.21880000,-70.71715000
7.11669922,-99.54131000,-73.13757000
7.11730957,-97.07620000,-76.44359000
7.11791992,-93.25790000,-75.38565000
7.11853027,-97.12437000,-72.62006000
7.11914063,-90.56168000,-71.41138000
7.11975098,-87.90019000,-71.36839000
7.12036133,-91.27634000,-77.57404000
7.12097168,-88.07823000,-87.03445000
7.12158203,-87.17818000,-75.68121000
7.12219238,-90.92314000,-73.98228000
7.12280273,-93.65929000,-72.71423000
7.12341309,-91.47623000,-67.94987000
7.12402344,-92.33583000,-64.55664000
7.12463379,-89.05659000,-66.00974000
7.12524414,-86.46484000,-72.35820000
7.12585449,-89.54899000,-73.83598000
7.12646484,-89.41646000,-71.66124000
7.12707520,-89.56796000,-71.52090000
7.12768555,-92.89517000,-75.34428000
7.12829590,-103.45670000,-99.57907000
7.12890625,-91.12158000,-79.31386000
7.12951660,-89.82121000,-75.35524000
7.13012695,-92.95106000,-72.41431000
7.13073730,-89.76864000,-71.21321000
7.13134766,-90.97466000,-69.87556000
7.13195801,-91.06631000,-71.15807000
7.13256836,-92.35426000,-78.41867000
7.13317871,-105.64470000,-86.90298000
7.13378906,-90.94219000,-73.52607000
7.13439941,-86.91884000,-71.67848000
7.13500977,-83.92532000,-83.52301000
7.13562012,-83.13791000,-78.50253000
7.13623047,-85.91946000,-88.95959000
7.13684082,-94.64690000,-74.10915000
7.13745117,-98.46626000,-70.20071000
7.13806152,-89.89728000,-73.03143000
7.13867188,-88.42254000,-75.60541000
7.13928223,-90.23007000,-73.24122000
7.13989258,-90.86242000,-73.56860000
7.14050293,-95.37728000,-77.69709000
7.14111328,-99.72297000,-75.00108000
7.14172363,-97.40662000,-73.50726000
7.14233398,-98.46263000,-74.47079000
7.14294434,-86.48792000,-68.22137000
7.14355469,-83.18462000,-69.45351000
7.14416504,-89.06935000,-76.61214000
7.14477539,-101.91330000,-92.42012000
7.14538574,-97.35648000,-80.11537000
7.14599609,-99.90939000,-75.09746000
7.14660645,-91.88259000,-78.91684000
7.14721680,-91.87814000,-80.67836000
7.14782715,-90.53666000,-92.32195000
7.14843750,-87.28831000,-80.33627000
7.14904785,-89.43373000,-80.95036000
7.14965820,-91.52972000,-76.38422000
7.15026855,-93.97731000,-70.87131000
7.15087891,-95.59976000,-71.83482000
7.15148926,-96.51638000,-71.10970000
7.15209961,-97.38102000,-74.09962000
7.15270996,-104.43090000,-88.59631000
7.15332031,-96.08087000,-78.50870000
7.15393066,-92.96022000,-73.65782000
7.15454102,-91.35916000,-72.59976000
7.15515137,-89.21989000,-70.39867000
7.15576172,-90.30162000,-72.09666000
7.15637207,-109.88900000,-79.26274000
7.15698242,-88.37188000,-85.76524000
7.15759277,-87.76691000,-77.79999000
7.15820313,-92.08255000,-75.57099000
7.15881348,-90.81564000,-76.87015000
7.15942383,-91.66436000,-82.70372000
7.16003418,-94.11525000,-74.38734000
7.16064453,-95.31894000,-76.25952000
7.16125488,-97.38875000,-87.84254000
7.16186523,-95.90989000,-86.98947000
7.16247559,-92.42590000,-75.26097000
7.16308594,-89.39331000,-70.69878000
7.16369629,-92.53671000,-71.93954000
7.16430664,-95.85697000,-73.16994000
7.16491699,-94.89979000,-84.65674000
7.16552734,-92.64710000,-81.83759000
7.16613770,-91.68372000,-81.44743000
7.16674805,-93.62418000,-75.27187000
7.16735840,-90.65623000,-74.46674000
7.16796875,-88.39462000,-78.98423000
7.16857910,-97.13533000,-73.84452000
7.16918945,-93.42446000,-102.57770000
7.16979980,-94.46229000,-70.74332000
7.17041016,-104.62430000,-71.16249000
7.17102051,-118.15850000,-73.55545000
7.17163086,-98.12872000,-74.61494000
7.17224121,-92.16885000,-86.89320000
7.17285156,-88.78181000,-78.32811000
7.17346191,-89.49020000,-75.66022000
7.17407227,-91.91478000,-71.86025000
7.17468262,-97.94962000,-77.13561000
7.17529297,-88.12971000,-81.83242000
7.17590332,-87.04675000,-76.24593000
7.17651367,-90.04256000,-73.68216000
7.17712402,-100.21570000,-71.32169000
7.17773438,-95.02816000,-72.67661000
7.17834473,-95.58931000,-81.01503000
7.17895508,-96.91765000,-77.18984000
7.17956543,-92.39669000,-72.76050000
7.18017578,-90.61604000,-79.20522000
7.18078613,-90.39355000,-83.71033000
7.18139648,-88.70762000,-88.22528000
7.18200684,-86.06696000,-77.97149000
7.18261719,-86.99330000,-77.22874000
7.18322754,-91.16249000,-72.79585000
7.18383789,-100.95720000,-74.53468000
7.18444824,-86.59608000,-75.88605000
7.18505859,-87.95254000,-68.76252000
7.18566895,-94.50414000,-67.63783000
7.18627930,-92.86133000,-71.19225000
7.18688965,-90.85625000,-71.91186000
7.18750000,-89.06442000,-69.33057000
7.18811035,-89.51884000,-70.43734000
7.18872070,-89.58112000,-73.49419000
7.18933105,-92.37488000,-74.90298000
7.18994141,-103.09310000,-76.26528000
7.19055176,-95.71465000,-75.58607000
7.19116211,-90.33420000,-75.78611000
7.19177246,-89.73809000,-78.62396000
7.19238281,-95.65164000,-73.26375000
7.19299316,-90.93771000,-73.98376000
7.19360352,-91.02291000,-83.50618000
7.19421387,-92.06664000,-79.09100000
7.19482422,-89.83387000,-80.89207000
7.19543457,-89.47838000,-79.25813000
7.19604492,-93.53992000,-76.77459000
7.19665527,-101.84980000,-73.07336000
7.19726563,-121.06500000,-74.85286000
7.19787598,-94.99633000,-78.89323000
7.19848633,-92.36045000,-74.78896000
7.19909668,-93.37265000,-75.45500000
7.19970703,-88.41452000,-78.45575000
7.20031738,-89.29073000,-93.26507000
7.20092773,-91.09401000,-86.84134000
7.20153809,-103.34170000,-75.84556000
7.20214844,-98.05543000,-70.14349000
7.20275879,-94.01637000,-72.92748000
7.20336914,-86.54807000,-80.02081000
7.20397949,-85.60770000,-80.20943000
7.20458984,-90.37171000,-85.53499000
7.20520020,-96.85320000,-76.24153000
7.20581055,-94.85625000,-72.56227000
7.20642090,-89.59972000,-76.68075000
7.20703125,-89.59411000,-83.06435000
7.20764160,-88.71410000,-72.74008000
7.20825195,-87.74632000,-67.76277000
7.20886230,-88.63504000,-67.69167000
7.20947266,-97.49498000,-68.12035000
7.21008301,-99.86640000,-69.01421000
7.21069336,-101.70850000,-68.28112000
7.21130371,-109.56600000,-71.60948000
7.21191406,-93.90273000,-77.99191000
7.21252441,-89.84750000,-81.54889000
7.21313477,-92.59978000,-76.80151000
7.21374512,-93.06956000,-75.31159000
7.21435547,-90.08925000,-72.25666000
7.21496582,-90.95000000,-72.56013000
7.21557617,-91.05313000,-75.00476000
7.21618652,-91.10023000,-78.44209000
7.21679688,-98.88109000,-81.90112000
7.21740723,-99.78748000,-82.18106000
7.21801758,-91.64661000,-78.94595000
7.21862793,-100.07980000,-72.12209000
7.21923828,-87.95636000,-70.63814000
7.21984863,-87.40440000,-77.96408000
7.22045898,-89.84587000,-74.28524000
7.22106934,-97.69882000,-71.83840000
7.22167969,-98.62997000,-73.09833000
7.22229004,-96.80058000,-72.27403000
7.22290039,-92.64105000,-68.94945000
7.22351074,-90.60953000,-67.85909000
7.22412109,-88.40315000,-68.62872000
7.22473145,-86.22943000,-70.36614000
7.22534180,-86.39400000,-70.48863000
7.22595215,-87.53360000,-70.06487000
7.22656250,-88.67255000,-70.26132000
7.22717285,-96.19107000,-73.45604000
7.22778320,-90.81039000,-72.13963000
7.22839355,-85.62250000,-73.64159000
7.22900391,-86.62952000,-76.98960000
7.22961426,-88.73664000,-78.27230000
7.23022461,-88.33443000,-82.34905000
7.23083496,-86.89375000,-78.03989000
7.23144531,-92.17338000,-87.78897000
7.23205566,-95.53593000,-77.32431000
7.23266602,-96.60470000,-73.92296000
7.23327637,-111.46990000,-74.65739000
7.23388672,-109.63320000,-72.12544000
7.23449707,-92.21896000,-71.16405000
7.23510742,-88.74255000,-81.28242000
7.23571777,-92.02297000,-71.54884000
7.23632813,-111.64530000,-70.45556000
7.23693848,-93.25452000,-78.04626000
7.23754883,-95.66733000,-72.01862000
7.23815918,-93.41254000,-69.74239000
7.23876953,-89.31609000,-70.44159000
7.23937988,-92.35048000,-76.65780000
7.23999023,-97.48024000,-89.46523000
7.24060059,-92.64548000,-79.92760000
7.24121094,-107.34310000,-75.39825000
7.24182129,-95.04855000,-72.15667000
7.24243164,-93.86262000,-69.89953000
7.24304199,-89.32252000,-71.37105000
7.24365234,-90.35065000,-74.35980000
7.24426270,-92.46666000,-70.78246000
7.24487305,-93.92854000,-68.57001000
7.24548340,-107.87000000,-68.32713000
7.24609375,-92.34566000,-76.04908000
7.24670410,-89.27090000,-74.52007000
7.24731445,-88.12821000,-73.32614000
7.24792480,-87.45538000,-72.27388000
7.24853516,-89.58572000,-78.07443000
7.24914551,-93.79932000,-89.64149000
7.24975586,-91.44489000,-76.97778000
7.25036621,-87.49093000,-71.75811000
7.25097656,-87.43523000,-72.24101000
7.25158691,-87.84680000,-73.26014000
7.25219727,-93.43143000,-72.64297000
7.25280762,-94.18472000,-72.05369000
7.25341797,-87.74258000,-70.03674000
7.25402832,-88.60314000,-83.14371000
7.25463867,-88.71242000,-74.53594000
7.25524902,-88.46823000,-73.46320000
7.25585938,-96.88687000,-78.83341000
7.25646973,-96.15074000,-73.14802000
7.25708008,-88.67165000,-68.35231000
7.25769043,-84.79187000,-71.11777000
7.25830078,-85.10542000,-82.85928000
7.25891113,-91.83244000,-77.67358000
7.25952148,-91.87599000,-72.11810000
7.26013184,-93.11154000,-74.52914000
7.26074219,-91.14449000,-70.99778000
7.26135254,-89.52221000,-68.39295000
7.26196289,-94.52361000,-72.82074000
7.26257324,-91.50715000,-80.03646000
7.26318359,-89.59174000,-73.01787000
7.26379395,-93.58798000,-69.88740000
7.26440430,-99.43359000,-67.69052000
7.26501465,-92.38297000,-69.75108000
7.26562500,-97.43180000,-74.25358000
7.26623535,-101.39790000,-76.94939000
7.26684570,-109.66740000,-74.05114000
7.26745605,-90.22610000,-81.26044000
7.26806641,-90.25198000,-87.93984000
7.26867676,-99.72652000,-75.77365000
7.26928711,-93.53539000,-72.63663000
7.26989746,-91.67869000,-73.49965000
7.27050781,-91.08348000,-72.49519000
7.27111816,-93.06464000,-74.13735000
7.27172852,-102.05280000,-79.19699000
7.27233887,-102.60000000,-75.84202000
7.27294922,-97.38789000,-69.29277000
7.27355957,-112.95830000,-65.36841000
7.27416992,-94.22408000,-67.71487000
7.27478027,-89.89610000,-77.19977000
7.27539063,-89.64339000,-78.45316000
7.27600098,-94.20866000,-73.07236000
7.27661133,-88.67517000,-70.86066000
7.27722168,-88.02260000,-72.17295000
7.27783203,-94.70576000,-78.10699000
7.27844238,-86.84264000,-79.52129000
7.27905273,-84.90620000,-73.66753000
7.27966309,-85.56533000,-68.80727000
7.28027344,-88.08013000,-71.56271000
7.28088379,-90.74159000,-84.33463000
7.28149414,-94.80656000,-80.84042000
7.28210449,-95.98735000,-71.70984000
7.28271484,-94.23148000,-71.08816000
7.28332520,-114.33000000,-86.04819000
7.28393555,-95.99509000,-85.58279000
7.28454590,-99.24186000,-78.64149000
7.28515625,-89.85358000,-84.98152000
7.28576660,-84.76961000,-77.80305000
7.28637695,-84.35507000,-72.17803000
7.28698730,-91.60843000,-75.21133000
7.28759766,-110.41300000,-76.19516000
7.28820801,-92.86765000,-74.82626000
7.28881836,-88.41564000,-79.87727000
7.28942871,-90.68782000,-76.64574000
7.29003906,-93.57634000,-74.37225000
7.29064941,-92.10129000,-76.79980000
7.29125977,-87.99232000,-75.00467000
7.29187012,-87.98412000,-79.46092000
7.29248047,-92.20651000,-75.70097000
7.29309082,-107.61860000,-71.46663000
7.29370117,-94.97547000,-73.54933000
7.29431152,-86.07767000,-74.93826000
7.29492188,-86.25241000,-78.82661000
7.29553223,-100.15980000,-84.31998000
7.29614258,-107.36120000,-83.58351000
7.29675293,-105.42960000,-75.31947000
7.29736328,-94.75806000,-72.40254000
7.29797363,-83.69514000,-75.48715000
7.29858398,-84.39019000,-78.16591000
7.29919434,-89.07361000,-74.06747000
7.29980469,-92.81580000,-70.67715000
7.30041504,-96.66599000,-70.98833000
7.30102539,-94.84856000,-75.27428000
7.30163574,-91.48174000,-83.92760000
7.30224609,-95.20267000,-81.76958000
7.30285645,-91.23459000,-70.63152000
7.30346680,-87.48380000,-69.36504000
7.30407715,-88.11732000,-70.65710000
7.30468750,-89.55008000,-71.90278000
7.30529785,-89.21901000,-72.92027000
7.30590820,-87.43451000,-75.66503000
7.30651855,-88.63924000,-72.67508000
7.30712891,-91.71413000,-79.61269000
7.30773926,-89.23021000,-88.17487000
7.30834961,-89.34348000,-94.00981000
7.30895996,-93.12721000,-90.50834000
7.30957031,-91.67731000,-77.61638000
7.31018066,-87.96274000,-69.37344000
7.31079102,-85.34560000,-67.33981000
7.31140137,-86.84927000,-69.27563000
7.31201172,-92.52583000,-76.85395000
7.31262207,-93.78958000,-78.81292000
7.31323242,-95.25862000,-70.79224000
7.31384277,-88.13725000,-69.18600000
7.31445313,-86.44421000,-70.55296000
7.31506348,-88.86073000,-73.36871000
7.31567383,-93.59603000,-78.97421000
7.31628418,-92.34337000,-82.57596000
7.31689453,-87.37977000,-80.02734000
7.31750488,-90.68472000,-83.17783000
7.31811523,-96.45459000,-80.41763000
7.31872559,-94.45094000,-72.62227000
7.31933594,-93.58654000,-72.45922000
7.31994629,-92.91332000,-88.02345000
7.32055664,-89.78389000,-72.22104000
7.32116699,-91.95077000,-70.34446000
7.32177734,-91.90220000,-70.10031000
7.32238770,-87.74371000,-72.19118000
7.32299805,-89.47707000,-73.00862000
7.32360840,-101.68540000,-80.05969000
7.32421875,-99.87218000,-75.10337000
7.32482910,-89.96794000,-71.63399000
7.32543945,-86.47445000,-68.00073000
7.32604980,-88.13136000,-67.62326000
7.32666016,-89.47145000,-71.61478000
7.32727051,-92.19510000,-73.08765000
7.32788086,-99.47018000,-71.69372000
7.32849121,-97.42959000,-78.16275000
7.32910156,-90.55447000,-71.39491000
7.32971191,-94.57275000,-73.00484000
7.33032227,-99.83689000,-73.46492000
7.33093262,-99.07050000,-72.09673000
7.33154297,-93.64595000,-70.66095000
7.33215332,-91.88268000,-68.93369000
7.33276367,-90.84883000,-71.05296000
7.33337402,-90.68898000,-68.91999000
7.33398438,-91.95761000,-67.12331000
7.33459473,-99.63772000,-68.21595000
7.33520508,-89.65558000,-72.62811000
7.33581543,-89.03385000,-77.52413000
7.33642578,-103.84780000,-86.64811000
7.33703613,-92.73647000,-81.50448000
7.33764648,-93.06223000,-71.17155000
7.33825684,-93.28468000,-67.05853000
7.33886719,-91.46747000,-66.58204000
7.33947754,-92.02515000,-68.92656000
7.34008789,-96.21809000,-69.46725000
7.34069824,-100.67740000,-78.44489000
7.34130859,-88.21216000,-70.16475000
7.34191895,-85.97548000,-66.53300000
7.34252930,-92.08075000,-68.52035000
7.34313965,-99.77192000,-70.76165000
7.34375000,-93.89548000,-70.93803000
7.34436035,-96.72942000,-71.50061000
7.34497070,-89.55293000,-74.36065000
7.34558105,-87.19041000,-81.04596000
7.34619141,-90.12473000,-84.94630000
7.34680176,-95.92412000,-77.55635000
7.34741211,-91.40654000,-69.67088000
7.34802246,-87.92988000,-69.85643000
7.34863281,-87.45049000,-71.81078000
7.34924316,-89.05239000,-72.64759000
7.34985352,-97.69554000,-67.47685000
7.35046387,-96.70497000,-65.10683000
7.35107422,-89.86592000,-65.91992000
7.35168457,-88.63190000,-70.01550000
7.35229492,-90.50609000,-72.11569000
7.35290527,-96.15749000,-69.22799000
7.35351563,-90.16313000,-69.96951000
7.35412598,-91.95107000,-81.30711000
7.35473633,-107.52770000,-80.85590000
7.35534668,-94.70898000,-74.07260000
7.35595703,-93.98183000,-73.32699000
7.35656738,-101.49740000,-74.87476000
7.35717773,-95.31029000,-79.35827000
7.35778809,-87.60223000,-81.16335000
7.35839844,-87.74394000,-77.06531000
7.35900879,-94.57470000,-87.18215000
7.35961914,-90.87436000,-76.94830000
7.36022949,-92.90845000,-75.00825000
7.36083984,-100.49230000,-76.46194000
7.36145020,-107.32720000,-73.11887000
7.36206055,-95.14378000,-71.08287000
7.36267090,-93.17008000,-73.67420000
7.36328125,-91.60559000,-73.21954000
7.36389160,-91.08887000,-70.63860000
7.36450195,-89.78290000,-70.61428000
7.36511230,-92.93769000,-72.51576000
7.36572266,-95.52639000,-74.04101000
7.36633301,-105.67190000,-71.15614000
7.36694336,-102.59650000,-70.02418000
7.36755371,-95.70709000,-73.34708000
7.36816406,-96.09462000,-74.05570000
7.36877441,-97.61337000,-72.31876000
7.36938477,-92.88129000,-73.95657000
7.36999512,-89.20326000,-76.68997000
7.37060547,-90.11948000,-73.94350000
7.37121582,-92.86211000,-70.51717000
7.37182617,-90.66231000,-69.14817000
7.37243652,-88.44980000,-74.47239000
7.37304688,-95.71606000,-77.74840000
7.37365723,-104.34780000,-75.72421000
7.37426758,-95.73517000,-71.86425000
7.37487793,-93.18844000,-72.77304000
7.37548828,-88.82935000,-75.28177000
7.37609863,-85.51920000,-72.18143000
7.37670898,-89.64224000,-70.03870000
7.37731934,-96.50722000,-74.27708000
7.37792969,-93.50724000,-75.34806000
7.37854004,-95.09930000,-71.22335000
7.37915039,-99.63662000,-74.48231000
7.37976074,-94.74908000,-86.71059000
7.38037109,-92.34757000,-94.18140000
7.38098145,-102.13980000,-84.33490000
7.38159180,-93.92181000,-76.40987000
7.38220215,-99.31892000,-72.20259000
7.38281250,-90.59563000,-71.21092000
7.38342285,-86.29979000,-73.87563000
7.38403320,-88.20664000,-84.38923000
7.38464355,-90.48760000,-77.49668000
7.38525391,-94.98978000,-83.73035000
7.38586426,-94.83955000,-81.25610000
7.38647461,-92.70473000,-81.24045000
7.38708496,-92.63933000,-83.37254000
7.38769531,-89.92352000,-83.06004000
7.38830566,-89.12266000,-76.23801000
7.38891602,-92.97883000,-72.77413000
7.38952637,-103.60310000,-71.98006000
7.39013672,-97.19803000,-72.56286000
7.39074707,-99.01086000,-75.99561000
7.39135742,-94.34937000,-80.52293000
7.39196777,-89.76019000,-78.56137000
7.39257813,-92.86571000,-78.81428000
7.39318848,-98.18079000,-74.67658000
7.39379883,-93.82473000,-85.60508000
7.39440918,-102.84690000,-71.94560000
7.39501953,-102.77700000,-68.34320000
7.39562988,-100.73610000,-70.21272000
7.39624023,-93.09190000,-72.11030000
7.39685059,-96.56239000,-73.46961000
7.39746094,-94.13064000,-72.73433000
7.39807129,-89.52286000,-77.97097000
7.39868164,-89.18437000,-83.65640000
7.39929199,-89.30055000,-84.62733000
7.39990234,-91.39592000,-78.74600000
7.40051270,-95.31173000,-70.85208000
7.40112305,-95.80843000,-72.96667000
7.40173340,-97.20930000,-74.26322000
7.40234375,-110.62900000,-69.14211000
7.40295410,-98.32867000,-69.96941000
7.40356445,-96.33763000,-72.26073000
7.40417480,-92.66838000,-81.37865000
7.40478516,-88.43477000,-76.68153000
7.40539551,-83.83041000,-73.10808000
7.40600586,-84.42232000,-78.43984000
7.40661621,-92.66125000,-74.81374000
7.40722656,-92.40184000,-70.10300000
7.40783691,-87.69322000,-73.72112000
7.40844727,-87.78946000,-77.39322000
7.40905762,-90.40023000,-71.30678000
7.40966797,-88.88663000,-71.71695000
7.41027832,-86.55743000,-79.29426000
7.41088867,-90.12657000,-76.83429000
7.41149902,-105.24100000,-76.87658000
7.41210938,-90.72714000,-74.46549000
7.41271973,-85.39260000,-68.64320000
7.41333008,-85.99667000,-68.54633000
7.41394043,-91.54952000,-75.56329000
7.41455078,-96.31618000,-79.20538000
7.41516113,-91.61073000,-80.52226000
7.41577148,-91.64854000,-86.43894000
7.41638184,-101.86300000,-72.33273000
7.41699219,-93.57833000,-70.95231000
7.41760254,-107.22390000,-79.93791000
7.41821289,-90.16940000,-80.38275000
7.41882324,-87.42795000,-74.37611000
7.41943359,-87.43365000,-70.98027000
7.42004395,-91.44785000,-70.21020000
7.42065430,-91.81507000,-75.68977000
7.42126465,-93.75523000,-69.49752000
7.42187500,-94.46977000,-68.85567000
7.42248535,-92.49689000,-78.88395000
7.42309570,-94.87053000,-76.13399000
7.42370605,-96.72581000,-72.55504000
7.42431641,-92.35136000,-70.77695000
7.42492676,-82.06982000,-69.49978000
7.42553711,-83.84361000,-68.96316000
7.42614746,-104.76590000,-67.25896000
7.42675781,-96.54853000,-68.02908000
7.42736816,-92.89504000,-73.96066000
7.42797852,-90.87442000,-80.68329000
7.42858887,-92.49170000,-73.40060000
7.42919922,-91.68799000,-76.63933000
7.42980957,-90.30517000,-80.69328000
7.43041992,-91.63536000,-78.14628000
7.43103027,-96.64389000,-82.44187000
7.43164063,-95.01888000,-85.68089000
7.43225098,-94.01659000,-91.53153000
7.43286133,-96.29398000,-86.21298000
7.43347168,-95.94064000,-88.06821000
7.43408203,-96.31005000,-82.44725000
7.43469238,-96.14232000,-79.66439000
7.43530273,-92.77493000,-74.66149000
7.43591309,-89.48032000,-70.32571000
7.43652344,-88.10809000,-72.56238000
7.43713379,-89.57928000,-75.90408000
7.43774414,-92.29262000,-76.74386000
7.43835449,-86.72289000,-78.82908000
7.43896484,-89.14024000,-75.75909000
7.43957520,-98.33087000,-82.62515000
7.44018555,-96.46228000,-76.94608000
7.44079590,-94.02014000,-82.44061000
7.44140625,-96.51252000,-71.82861000
7.44201660,-107.56360000,-72.23895000
7.44262695,-92.73357000,-77.71723000
7.44323730,-87.35314000,-81.02701000
7.44384766,-89.11615000,-74.68295000
7.44445801,-87.96263000,-75.21748000
7.44506836,-84.95838000,-80.15985000
7.44567871,-84.94518000,-72.37233000
7.44628906,-85.57701000,-70.94285000
7.44689941,-88.99358000,-77.20734000
7.44750977,-98.80043000,-84.18075000
7.44812012,-99.64233000,-76.17558000
7.44873047,-98.88994000,-78.06359000
7.44934082,-99.04588000,-75.78025000
7.44995117,-91.83580000,-91.53830000
7.45056152,-88.33781000,-75.58463000
7.45117188,-92.39951000,-77.48586000
7.45178223,-94.51465000,-77.34933000
7.45239258,-93.33755000,-75.28951000
7.45300293,-93.23559000,-72.26945000
7.45361328,-91.92879000,-76.73184000
7.45422363,-93.52081000,-72.95728000
7.45483398,-96.75952000,-72.65335000
7.45544434,-92.61646000,-80.44078000
7.45605469,-94.69228000,-98.69571000
7.45666504,-99.80978000,-82.20093000
7.45727539,-92.40616000,-77.47444000
7.45788574,-93.52921000,-81.00792000
7.45849609,-93.57841000,-73.54734000
7.45910645,-88.60347000,-68.45748000
7.45971680,-87.68745000,-67.89174000
7.46032715,-90.09811000,-72.93900000
7.46093750,-91.87043000,-87.03994000
7.46154785,-98.85919000,-79.21318000
7.46215820,-104.90770000,-71.77205000
7.46276855,-102.06560000,-74.55781000
7.46337891,-95.86913000,-73.90484000
7.46398926,-91.26775000,-71.28155000
7.46459961,-89.65432000,-72.00114000
7.46520996,-88.74719000,-71.24725000
7.46582031,-86.12056000,-69.02839000
7.46643066,-88.25436000,-70.96768000
7.46704102,-99.62578000,-72.46437000
7.46765137,-91.94923000,-76.02798000
7.46826172,-86.60764000,-80.92465000
7.46887207,-88.01591000,-89.12914000
7.46948242,-102.25660000,-80.81288000
7.47009277,-92.18739000,-75.70525000
7.47070313,-90.50760000,-72.12544000
7.47131348,-91.28957000,-78.14970000
7.47192383,-90.30736000,-76.16237000
7.47253418,-95.80075000,-70.31211000
7.47314453,-96.45831000,-68.96575000
7.47375488,-98.83357000,-70.71337000
7.47436523,-88.77987000,-84.26195000
7.47497559,-84.82674000,-68.13496000
7.47558594,-86.05424000,-65.97739000
7.47619629,-90.71587000,-69.10275000
7.47680664,-93.00829000,-76.85801000
7.47741699,-91.84475000,-89.05382000
7.47802734,-91.00789000,-75.49670000
7.47863770,-83.60213000,-76.80466000
7.47924805,-83.16711000,-80.54904000
7.47985840,-84.35448000,-73.33022000
7.48046875,-89.76777000,-73.01238000
7.48107910,-93.20253000,-76.18310000
7.48168945,-95.17227000,-75.24867000
7.48229980,-88.50261000,-77.08797000
7.48291016,-86.68014000,-85.69839000
7.48352051,-99.22499000,-71.40314000
7.48413086,-86.85147000,-68.71964000
7.48474121,-86.37247000,-74.57545000
7.48535156,-86.62949000,-88.88908000
7.48596191,-89.03351000,-79.36143000
7.48657227,-95.39542000,-71.41252000
7.48718262,-106.94960000,-72.23385000
7.48779297,-92.04105000,-72.74641000
7.48840332,-87.29973000,-74.90859000
7.48901367,-89.61303000,-80.73180000
7.48962402,-107.17770000,-78.44971000
7.49023438,-94.75131000,-72.23998000
7.49084473,-94.50096000,-72.54282000
7.49145508,-91.08669000,-72.37916000
7.49206543,-93.31768000,-72.37441000
7.49267578,-99.64184000,-74.26944000
7.49328613,-106.18260000,-71.61242000
7.49389648,-92.34943000,-74.38272000
7.49450684,-91.46797000,-75.08115000
7.49511719,-94.92903000,-70.70148000
7.49572754,-106.61020000,-76.13348000
7.49633789,-95.66534000,-76.87897000
7.49694824,-95.57628000,-71.32811000
7.49755859,-88.96401000,-69.91866000
7.49816895,-82.69209000,-88.15067000
7.49877930,-85.90679000,-71.14745000
7.49938965,-96.45961000,-70.58656000
7.50000000,-96.43752000,-74.84592000
7.50061035,-91.90701000,-75.49619000
7.50122070,-98.27106000,-89.94789000
7.50183105,-99.92110000,-76.79784000
7.50244141,-90.60219000,-76.32701000
7.50305176,-89.57129000,-70.11317000
7.50366211,-90.91412000,-70.06562000
7.50427246,-85.99927000,-75.46340000
7.50488281,-89.82804000,-78.66888000
7.50549316,-96.70562000,-72.80860000
7.50610352,-91.43434000,-70.23154000
7.50671387,-92.86024000,-72.17970000
7.50732422,-102.68430000,-71.34421000
7.50793457,-90.57730000,-71.66432000
7.50854492,-87.92903000,-74.87781000
7.50915527,-90.74669000,-73.49767000
7.50976563,-97.59084000,-71.16773000
7.51037598,-100.64760000,-72.62170000
7.51098633,-105.58080000,-83.55132000
7.51159668,-98.81992000,-78.67677000
7.51220703,-90.33448000,-73.65601000
7.51281738,-88.86131000,-72.41874000
7.51342773,-91.59008000,-78.34466000
7.51403809,-93.61164000,-73.97765000
7.51464844,-87.65499000,-67.35780000
7.51525879,-88.43390000,-66.35734000
7.51586914,-94.74937000,-68.76296000
7.51647949,-97.75119000,-73.35310000
7.51708984,-94.02200000,-77.95060000
7.51770020,-98.99495000,-81.30357000
7.51831055,-88.46221000,-76.27537000
7.51892090,-89.18166000,-71.51608000
7.51953125,-96.56560000,-68.84312000
7.52014160,-97.24075000,-74.20953000
7.52075195,-97.68213000,-74.11198000
7.52136230,-93.35388000,-78.67519000
7.52197266,-95.13259000,-74.23543000
7.52258301,-92.10966000,-73.99233000
7.52319336,-87.17842000,-83.85196000
7.52380371,-89.32929000,-76.03355000
7.52441406,-98.98184000,-80.61449000
7.52502441,-89.54796000,-77.27966000
7.52563477,-85.28081000,-76.66042000
7.52624512,-87.61768000,-82.28100000
7.52685547,-95.51181000,-75.94882000
7.52746582,-105.59650000,-78.70718000
7.52807617,-92.30534000,-75.90575000
7.52868652,-88.22890000,-72.33575000
7.52929688,-87.54199000,-72.51532000
7.52990723,-91.33319000,-70.76066000
7.53051758,-92.99269000,-69.62838000
7.53112793,-89.20509000,-77.23817000
7.53173828,-87.07353000,-76.50912000
7.53234863,-89.30153000,-70.75784000
7.53295898,-103.21570000,-71.55325000
7.53356934,-91.22977000,-78.76207000
7.53417969,-92.47966000,-83.23766000
7.53479004,-97.80527000,-72.33555000
7.53540039,-91.11201000,-70.03755000
7.53601074,-97.14569000,-69.98530000
7.53662109,-94.67946000,-69.03203000
7.53723145,-89.59579000,-68.03647000
7.53784180,-98.92816000,-66.44189000
7.53845215,-87.85835000,-68.91631000
7.53906250,-88.08155000,-70.73642000
7.53967285,-89.32156000,-70.53338000
7.54028320,-89.34232000,-74.96786000
7.54089355,-90.30093000,-76.45084000
7.54150391,-97.41048000,-76.20653000
7.54211426,-97.00768000,-73.36282000
7.54272461,-93.53207000,-74.25494000
7.54333496,-90.53295000,-77.40647000
7.54394531,-88.48187000,-71.21713000
7.54455566,-90.56789000,-70.39663000
7.54516602,-101.47740000,-76.94637000
7.54577637,-92.81010000,-74.50580000
7.54638672,-87.08404000,-71.34018000
7.54699707,-86.35591000,-75.72501000
7.54760742,-90.56365000,-81.06594000
7.54821777,-92.37324000,-77.07568000
7.54882813,-92.03149000,-69.02487000
7.54943848,-97.92525000,-68.75468000
7.55004883,-96.99913000,-81.23814000
7.55065918,-95.23428000,-74.99747000
7.55126953,-99.86311000,-75.92358000
7.55187988,-92.27883000,-100.17900000
7.55249023,-89.37540000,-76.23017000
7.55310059,-94.78430000,-76.46985000
7.55371094,-93.03775000,-87.16768000
7.55432129,-89.82222000,-71.49528000
7.55493164,-93.07243000,-69.23251000
7.55554199,-98.44204000,-73.76903000
7.55615234,-94.15530000,-86.40685000
7.55676270,-104.85240000,-71.99751000
7.55737305,-90.83176000,-73.25286000
7.55798340,-89.99821000,-81.47958000
7.55859375,-100.06210000,-76.83635000
7.55920410,-98.40755000,-74.63459000
7.55981445,-105.33840000,-76.99551000
7.56042480,-99.25177000,-72.11898000
7.56103516,-95.61812000,-71.26553000
7.56164551,-97.75740000,-74.79071000
7.56225586,-92.57796000,-75.72856000
7.56286621,-93.32384000,-73.89064000
7.56347656,-91.06719000,-73.63735000
7.56408691,-88.54362000,-74.08710000
7.56469727,-89.34406000,-74.65094000
7.56530762,-89.04708000,-75.10378000
7.56591797,-91.95232000,-73.84822000
7.56652832,-93.96426000,-75.49448000
7.56713867,-91.06284000,-82.56554000
7.56774902,-86.62964000,-73.46146000
7.56835938,-88.61168000,-74.86626000
7.56896973,-100.37750000,-82.44389000
7.56958008,-90.68452000,-81.91942000
7.57019043,-92.61111000,-74.42584000
7.57080078,-102.89430000,-75.15745000
7.57141113,-94.75642000,-84.66808000
7.57202148,-89.38244000,-77.36503000
7.57263184,-89.88019000,-73.14587000
7.57324219,-107.85440000,-71.21791000
7.57385254,-91.97738000,-73.93985000
7.57446289,-95.25161000,-72.12364000
7.57507324,-103.25040000,-69.67541000
7.57568359,-95.55737000,-68.67721000
7.57629395,-88.62297000,-68.15485000
7.57690430,-89.28315000,-71.42567000
7.57751465,-95.34214000,-81.29495000
7.57812500,-99.96294000,-75.00861000
7.57873535,-88.76786000,-74.14664000
7.57934570,-90.25901000,-80.40189000
7.57995605,-98.53847000,-82.57846000
7.58056641,-90.54801000,-85.15598000
7.58117676,-91.13145000,-76.12810000
7.58178711,-107.46500000,-76.52084000
7.58239746,-111.67450000,-79.56979000
7.58300781,-99.22662000,-77.19244000
7.58361816,-107.02950000,-76.36596000
7.58422852,-96.25060000,-79.98363000
7.58483887,-93.67761000,-79.95350000
7.58544922,-90.07687000,-84.18830000
7.58605957,-91.92123000,-81.67447000
7.58666992,-105.22220000,-75.40336000
7.58728027,-94.70930000,-71.11412000
7.58789063,-98.38334000,-68.44784000
7.58850098,-94.74056000,-69.99511000
7.58911133,-97.17047000,-74.03242000
7.58972168,-107.26010000,-68.73376000
7.59033203,-95.84763000,-66.18301000
7.59094238,-88.88084000,-70.54034000
7.59155273,-91.18819000,-74.41822000
7.59216309,-98.98193000,-74.53000000
7.59277344,-93.57207000,-73.13136000
7.59338379,-89.57022000,-71.99768000
7.59399414,-87.10022000,-73.49669000
7.59460449,-84.59458000,-75.59790000
7.59521484,-86.60873000,-75.23947000
7.59582520,-101.01910000,-83.05698000
7.59643555,-90.64247000,-67.21471000
7.59704590,-89.45227000,-66.93810000
7.59765625,-83.95168000,-71.46918000
7.59826660,-82.35577000,-71.00610000
7.59887695,-85.97947000,-81.04176000
7.59948730,-88.99504000,-69.76568000
7.60009766,-95.60104000,-68.45132000
7.60070801,-93.13269000,-72.21712000
7.60131836,-92.54867000,-80.44835000
7.60192871,-100.15080000,-88.63801000
7.60253906,-94.68558000,-82.78360000
7.60314941,-94.88522000,-76.29302000
7.60375977,-87.51342000,-80.93642000
7.60437012,-89.33809000,-77.62648000
7.60498047,-104.93730000,-80.32474000
7.60559082,-93.39188000,-75.83835000
7.60620117,-90.10266000,-72.15392000
7.60681152,-92.69244000,-70.79412000
7.60742188,-98.74657000,-71.93409000
7.60803223,-95.92034000,-77.75475000
7.60864258,-99.52953000,-82.07790000
7.60925293,-91.71970000,-72.69527000
7.60986328,-86.17712000,-77.07887000
7.61047363,-86.84959000,-80.04668000
7.61108398,-87.16328000,-73.50323000
7.61169434,-86.61494000,-74.49818000
7.61230469,-86.17451000,-75.74969000
7.61291504,-88.79057000,-72.97849000
7.61352539,-96.16235000,-73.05465000
7.61413574,-100.83480000,-80.45921000
7.61474609,-88.84741000,-70.89777000
7.61535645,-87.56174000,-69.47646000
7.61596680,-100.16090000,-73.82669000
7.61657715,-94.76127000,-76.27980000
7.61718750,-98.74500000,-76.68836000
7.61779785,-95.35176000,-71.49125000
7.61840820,-94.65527000,-69.85472000
7.61901855,-91.33363000,-75.02092000
7.61962891,-93.16016000,-73.09344000
7.62023926,-86.42890000,-66.98317000
7.62084961,-86.04292000,-67.28893000
7.62145996,-85.74093000,-71.57777000
7.62207031,-85.67670000,-72.60553000
7.62268066,-85.16922000,-70.01787000
7.62329102,-84.35104000,-69.56137000
7.62390137,-85.60162000,-73.50339000
7.62451172,-86.99841000,-76.51506000
7.62512207,-91.90365000,-71.67271000
7.62573242,-94.68894000,-73.28997000
7.62634277,-92.31805000,-76.93131000
7.62695313,-106.74190000,-79.80461000
7.62756348,-95.91838000,-73.62212000
7.62817383,-92.97608000,-70.20876000
7.62878418,-93.34131000,-77.78077000
7.62939453,-99.56648000,-76.41425000
7.63000488,-94.96004000,-70.73610000
7.63061523,-90.06999000,-70.46564000
7.63122559,-94.42220000,-74.90029000
7.63183594,-90.82030000,-77.77010000
7.63244629,-87.92690000,-74.87309000
7.63305664,-90.19313000,-69.22945000
7.63366699,-93.92989000,-71.52744000
7.63427734,-94.71593000,-84.36013000
7.63488770,-91.52800000,-81.23338000
7.63549805,-90.73212000,-72.35533000
7.63610840,-94.05486000,-73.74963000
7.63671875,-108.53910000,-86.02578000
7.63732910,-94.90200000,-73.49433000
7.63793945,-92.81895000,-73.88001000
7.63854980,-94.30316000,-91.62071000
7.63916016,-87.69748000,-80.66321000
7.63977051,-85.83977000,-83.52029000
7.64038086,-91.23123000,-75.85187000
7.64099121,-95.22915000,-68.73116000
7.64160156,-89.39178000,-66.27719000
7.64221191,-88.30653000,-67.17959000
7.64282227,-92.76631000,-70.47906000
7.64343262,-92.71496000,-73.09367000
7.64404297,-95.12628000,-74.62810000
7.64465332,-99.89699000,-77.50300000
7.64526367,-94.92802000,-81.06332000
7.64587402,-94.29758000,-70.11483000
7.64648438,-96.96403000,-71.88293000
7.64709473,-91.35551000,-77.43369000
7.64770508,-91.51981000,-81.00279000
7.64831543,-101.17730000,-77.33333000
7.64892578,-96.68125000,-76.40339000
7.64953613,-93.58147000,-82.31023000
7.65014648,-96.34930000,-72.61807000
7.65075684,-97.81948000,-71.46118000
7.65136719,-92.09927000,-71.50506000
7.65197754,-91.80107000,-69.52765000
7.65258789,-88.25130000,-71.03307000
7.65319824,-87.71739000,-73.47958000
7.65380859,-93.84993000,-73.59213000
7.65441895,-105.04620000,-72.15865000
7.65502930,-90.81768000,-72.57650000
7.65563965,-85.00725000,-79.84160000
7.65625000,-84.72806000,-76.41304000
7.65686035,-87.85694000,-73.84410000
7.65747070,-85.59402000,-77.08994000
7.65808105,-81.33686000,-80.26363000
7.65869141,-83.01169000,-77.18100000
7.65930176,-92.15002000,-71.76205000
7.65991211,-94.15169000,-71.84586000
7.66052246,-88.56696000,-74.46600000
7.66113281,-93.98857000,-75.17010000
7.66174316,-98.25731000,-74.32477000
7.66235352,-88.80390000,-76.52168000
7.66296387,-90.31784000,-81.62811000
7.66357422,-97.55110000,-81.62660000
7.66418457,-98.99792000,-73.93347000
7.66479492,-91.22936000,-70.67122000
7.66540527,-91.39105000,-73.08643000
7.66601563,-90.53895000,-74.20528000
7.66662598,-89.11494000,-76.75373000
7.66723633,-86.79211000,-74.32038000
7.66784668,-84.12551000,-71.47310000
7.66845703,-84.89198000,-72.85131000
7.66906738,-94.08675000,-71.50207000
7.66967773,-94.85195000,-69.76411000
7.67028809,-87.44838000,-73.52054000
7.67089844,-89.87534000,-104.59400000
7.67150879,-105.42710000,-72.72330000
7.67211914,-93.41440000,-68.57967000
7.67272949,-94.64301000,-69.48514000
7.67333984,-98.88641000,-71.78367000
7.67395020,-93.20795000,-71.11486000
7.67456055,-93.78059000,-69.00761000
7.67517090,-103.49710000,-69.63091000
7.67578125,-92.78130000,-74.22557000
7.67639160,-89.06860000,-75.55379000
7.67700195,-89.69162000,-71.96423000
7.67761230,-95.23647000,-73.28970000
7.67822266,-97.78200000,-83.93311000
7.67883301,-99.05846000,-78.73065000
7.67944336,-90.38116000,-74.62553000
7.68005371,-85.20985000,-74.67696000
7.68066406,-83.63747000,-77.92908000
7.68127441,-84.80650000,-80.38247000
7.68188477,-88.05907000,-78.47549000
7.68249512,-91.02644000,-91.70332000
7.68310547,-103.74250000,-79.06076000
7.68371582,-87.43860000,-75.80033000
7.68432617,-87.70699000,-75.62299000
7.68493652,-90.75916000,-72.71723000
7.68554688,-97.98683000,-70.20242000
7.68615723,-96.38870000,-67.44549000
7.68676758,-110.43710000,-67.15884000
7.68737793,-96.51989000,-69.42221000
7.68798828,-90.40168000,-71.04380000
7.68859863,-94.62821000,-71.65933000
7.68920898,-105.90330000,-73.50129000
7.68981934,-94.26402000,-80.65854000
7.69042969,-89.25703000,-76.17393000
7.69104004,-91.03258000,-72.95304000
7.69165039,-97.29064000,-82.93967000
7.69226074,-98.35637000,-77.22984000
7.69287109,-92.85976000,-75.89448000
7.69348145,-89.42414000,-78.22470000
7.69409180,-93.72155000,-78.22075000
7.69470215,-96.27999000,-77.74568000
7.69531250,-94.43551000,-86.90894000
7.69592285,-102.88900000,-80.76432000
7.69653320,-93.19325000,-79.36305000
7.69714355,-98.18123000,-75.53575000
7.69775391,-97.39999000,-69.18317000
7.69836426,-96.75061000,-70.87162000
7.69897461,-117.94170000,-80.17007000
7.69958496,-95.36711000,-95.47607000
7.70019531,-94.82304000,-75.55344000
7.70080566,-93.34384000,-71.39649000
7.70141602,-92.66769000,-75.32870000
7.70202637,-89.49502000,-77.52293000
7.70263672,-90.27475000,-80.88400000
7.70324707,-96.39992000,-72.60618000
7.70385742,-98.95955000,-71.36158000
7.70446777,-96.18465000,-71.74078000
7.70507813,-87.13255000,-69.08511000
7.70568848,-85.79877000,-71.27087000
7.70629883,-90.22252000,-76.68523000
7.70690918,-92.97985000,-71.83747000
7.70751953,-89.57726000,-70.13344000
7.70812988,-89.70138000,-74.54276000
7.70874023,-94.80336000,-82.46064000
7.70935059,-103.31580000,-73.06423000
7.70996094,-90.06675000,-71.00870000
7.71057129,-82.96085000,-80.06764000
7.71118164,-84.01205000,-72.27354000
7.71179199,-88.14065000,-73.07750000
7.71240234,-85.99155000,-92.28370000
7.71301270,-85.54195000,-83.26926000
7.71362305,-90.14560000,-85.62978000
7.71423340,-105.42310000,-75.81113000
7.71484375,-98.28989000,-71.58276000
7.71545410,-107.29330000,-71.12489000
7.71606445,-96.11878000,-72.64072000
7.71667480,-95.88207000,-75.48694000
7.71728516,-95.03928000,-75.52760000
7.71789551,-92.42400000,-80.54231000
7.71850586,-89.19399000,-78.44354000
7.71911621,-91.04546000,-72.86033000
7.71972656,-93.20034000,-76.18381000
7.72033691,-89.13982000,-76.35895000
7.72094727,-90.86694000,-72.81638000
7.72155762,-93.28535000,-71.13517000
7.72216797,-95.96970000,-70.57398000
7.72277832,-106.17350000,-74.23929000
7.72338867,-98.11217000,-72.50987000
7.72399902,-94.20142000,-69.62950000
7.72460938,-91.07925000,-76.50240000
7.72521973,-82.72058000,-75.66031000
7.72583008,-93.27719000,-70.71400000
7.72644043,-90.45531000,-70.46011000
7.72705078,-97.67281000,-69.58527000
7.72766113,-101.12820000,-70.47070000
7.72827148,-97.26310000,-72.31584000
7.72888184,-89.48205000,-73.96181000
7.72949219,-86.92941000,-75.98230000
7.73010254,-88.96907000,-81.98384000
7.73071289,-94.46922000,-72.75983000
7.73132324,-95.44789000,-70.16303000
7.73193359,-96.86668000,-72.20995000
7.73254395,-93.79848000,-73.44382000
7.73315430,-93.02486000,-73.85863000
7.73376465,-91.88539000,-84.85774000
7.73437500,-85.09871000,-85.27993000
7.73498535,-86.37428000,-78.28740000
7.73559570,-93.80592000,-79.00955000
7.73620605,-100.72380000,-78.51022000
7.73681641,-93.54630000,-69.93413000
7.73742676,-97.57133000,-68.65764000
7.73803711,-90.37003000,-76.50233000
7.73864746,-95.80085000,-94.64769000
7.73925781,-109.91540000,-80.52376000
7.73986816,-100.26200000,-73.41941000
7.74047852,-95.64339000,-70.91489000
7.74108887,-92.91060000,-71.94483000
7.74169922,-86.55547000,-74.69633000
7.74230957,-87.18658000,-73.73669000
7.74291992,-97.38084000,-78.13280000
7.74353027,-91.87547000,-69.42088000
7.74414063,-88.18027000,-67.16833000
7.74475098,-88.69624000,-69.20780000
7.74536133,-90.41994000,-70.47584000
7.74597168,-88.68900000,-71.14543000
7.74658203,-89.35207000,-78.72491000
7.74719238,-95.08637000,-78.61172000
7.74780273,-97.18967000,-79.90617000
7.74841309,-90.05210000,-72.42460000
7.74902344,-89.44818000,-69.57079000
7.74963379,-87.85592000,-70.98212000
7.75024414,-91.73603000,-72.00029000
7.75085449,-112.72540000,-72.55153000
7.75146484,-97.59981000,-73.95917000
7.75207520,-95.31392000,-81.55540000
7.75268555,-92.74611000,-79.88474000
7.75329590,-97.15240000,-77.77793000
7.75390625,-95.50485000,-78.89977000
7.75451660,-88.45620000,-76.26774000
7.75512695,-90.32408000,-72.78425000
7.75573730,-95.59147000,-69.87761000
7.75634766,-91.99414000,-70.99532000
7.75695801,-95.36617000,-75.27524000
7.75756836,-96.16133000,-81.14799000
7.75817871,-93.70198000,-78.32637000
7.75878906,-108.83230000,-74.09901000
7.75939941,-89.58115000,-76.06479000
7.76000977,-84.55254000,-82.54777000
7.76062012,-87.35108000,-82.90719000
7.76123047,-102.42810000,-75.01861000
7.76184082,-97.55737000,-72.18286000
7.76245117,-98.19218000,-76.88898000
7.76306152,-89.85640000,-80.81597000
7.76367188,-87.69794000,-93.42088000
7.76428223,-89.65604000,-88.55077000
7.76489258,-90.22765000,-83.59452000
7.76550293,-100.67050000,-77.33459000
7.76611328,-93.22214000,-77.66391000
7.76672363,-88.69785000,-80.82123000
7.76733398,-88.85890000,-72.91557000
7.76794434,-88.81036000,-72.28780000
7.76855469,-91.67885000,-78.23260000
7.76916504,-90.83737000,-80.27512000
7.76977539,-85.49792000,-72.28595000
7.77038574,-85.42993000,-73.44707000
7.77099609,-88.48591000,-76.85416000
7.77160645,-92.68462000,-75.08275000
7.77221680,-93.73070000,-74.16257000
7.77282715,-89.07935000,-72.57085000
7.77343750,-87.05179000,-72.74827000
7.77404785,-93.30352000,-72.33985000
7.77465820,-100.12860000,-68.43587000
7.77526855,-96.88371000,-69.09193000
7.77587891,-98.34184000,-72.89155000
7.77648926,-97.61177000,-80.59834000
7.77709961,-98.35425000,-88.83606000
7.77770996,-98.62855000,-77.32459000
7.77832031,-87.34592000,-77.14841000
7.77893066,-84.66087000,-78.75690000
7.77954102,-89.52531000,-70.19070000
7.78015137,-93.55724000,-68.84293000
7.78076172,-94.92893000,-70.21497000
7.78137207,-92.91579000,-75.87829000
7.78198242,-87.31371000,-78.49805000
7.78259277,-83.65340000,-77.05731000
7.78320313,-84.46080000,-78.91900000
7.78381348,-93.16408000,-71.85888000
7.78442383,-91.41000000,-77.66217000
7.78503418,-93.47450000,-72.07641000
7.78564453,-91.02524000,-72.21389000
7.78625488,-93.65114000,-81.43892000
7.78686523,-94.19878000,-89.96802000
7.78747559,-95.20848000,-82.77977000
7.78808594,-91.00636000,-74.39409000
7.78869629,-92.53304000,-72.33519000
7.78930664,-104.14650000,-76.16273000
7.78991699,-96.16691000,-85.38217000
7.79052734,-95.31015000,-83.80177000
7.79113770,-95.15515000,-76.76589000
7.79174805,-102.80210000,-74.30206000
7.79235840,-95.07927000,-70.79149000
7.79296875,-92.29033000,-69.52076000
7.79357910,-98.05745000,-72.84348000
7.79418945,-96.03451000,-77.72910000
7.79479980,-93.86292000,-76.64155000
7.79541016,-103.59880000,-75.30965000
7.79602051,-110.49960000,-71.71145000
7.79663086,-101.62510000,-71.13947000
7.79724121,-93.10629000,-75.65360000
7.79785156,-91.47010000,-79.60551000
7.79846191,-106.01970000,-76.04930000
7.79907227,-90.78369000,-72.66557000
7.79968262,-89.26266000,-78.80611000
7.80029297,-85.70973000,-75.40649000
7.80090332,-84.37543000,-72.12629000
7.80151367,-87.67795000,-73.75436000
7.80212402,-91.75546000,-73.73786000
7.80273438,-95.78998000,-77.65145000
7.80334473,-95.12101000,-76.98003000
7.80395508,-91.84723000,-76.56828000
7.80456543,-101.02880000,-87.29541000
7.80517578,-95.14011000,-74.74684000
7.80578613,-90.62318000,-73.84875000
7.80639648,-90.58916000,-75.69432000
7.80700684,-94.04089000,-73.61211000
7.80761719,-98.54822000,-71.20185000
7.80822754,-98.46467000,-78.43551000
7.80883789,-91.11156000,-81.10711000
7.80944824,-89.81830000,-78.92779000
7.81005859,-91.84455000,-79.24098000
7.81066895,-100.24780000,-76.55814000
7.81127930,-97.94658000,-80.33879000
7.81188965,-93.58204000,-92.55659000
7.81250000,-96.02704000,-79.83063000
7.81311035,-93.56759000,-80.77655000
7.81372070,-90.25314000,-71.56039000
7.81433105,-96.76185000,-72.68526000
7.81494141,-93.89513000,-80.34128000
7.81555176,-93.52269000,-79.22247000
7.81616211,-96.35131000,-77.70753000
7.81677246,-93.06087000,-72.39867000
7.81738281,-96.57485000,-72.85154000
7.81799316,-96.62070000,-77.37573000
7.81860352,-91.07652000,-88.59264000
7.81921387,-97.84909000,-72.42940000
7.81982422,-99.50871000,-69.78970000
7.82043457,-102.44930000,-72.22289000
7.82104492,-97.27563000,-76.32154000
7.82165527,-92.07100000,-78.19495000
7.82226563,-92.88064000,-80.95162000
7.82287598,-91.01814000,-77.72683000
7.82348633,-88.84403000,-76.57151000
7.82409668,-93.69392000,-71.62044000
7.82470703,-86.27850000,-71.96812000
7.82531738,-81.93892000,-70.13597000
7.82592773,-89.86080000,-70.45394000
7.82653809,-91.13255000,-73.09630000
7.82714844,-88.89153000,-88.91313000
7.82775879,-91.22173000,-72.93772000
7.82836914,-99.80827000,-75.06519000
7.82897949,-96.62788000,-79.20685000
7.82958984,-92.18686000,-76.46603000
7.83020020,-89.23184000,-71.81416000
7.83081055,-91.54118000,-67.31271000
7.83142090,-103.42710000,-65.80110000
7.83203125,-91.04972000,-67.04131000
7.83264160,-90.85514000,-72.62962000
7.83325195,-90.67644000,-81.29092000
7.83386230,-90.13294000,-82.16431000
7.83447266,-88.32259000,-80.04753000
7.83508301,-91.92590000,-72.37518000
7.83569336,-113.40950000,-71.00446000
7.83630371,-97.27665000,-74.45311000
7.83691406,-84.80157000,-98.85818000
7.83752441,-72.66679000,-69.02802000
7.83813477,-70.08996000,-65.10959000
7.83874512,-76.49423000,-70.51841000
7.83935547,-91.05186000,-77.27129000
7.83996582,-98.14984000,-76.12387000
7.84057617,-96.65508000,-77.18058000
7.84118652,-93.03587000,-73.49557000
7.84179688,-91.90841000,-73.30029000
7.84240723,-92.15885000,-73.34367000
7.84301758,-90.88487000,-74.90769000
7.84362793,-90.32195000,-85.37421000
7.84423828,-89.84770000,-70.87726000
7.84484863,-89.29531000,-70.86957000
7.84545898,-89.17415000,-76.79058000
7.84606934,-93.56879000,-70.78800000
7.84667969,-97.19844000,-72.20536000
7.84729004,-90.30572000,-89.77931000
7.84790039,-87.14291000,-75.47421000
7.84851074,-88.63692000,-73.18086000
7.84912109,-100.51970000,-77.85126000
7.84973145,-90.80051000,-86.46185000
7.85034180,-93.29998000,-96.36242000
7.85095215,-100.06760000,-81.14372000
7.85156250,-96.33557000,-76.64039000
7.85217285,-100.34710000,-74.44627000
7.85278320,-105.66430000,-78.55156000
7.85339355,-100.03280000,-86.26965000
7.85400391,-92.43257000,-75.90020000
7.85461426,-87.76017000,-71.89526000
7.85522461,-85.96680000,-76.45334000
7.85583496,-93.56198000,-97.48303000
7.85644531,-89.33854000,-80.64133000
7.85705566,-93.69839000,-82.65184000
7.85766602,-89.74823000,-82.56990000
7.85827637,-85.47038000,-75.29108000
7.85888672,-90.02090000,-75.44685000
7.85949707,-94.77109000,-85.29563000
7.86010742,-88.46459000,-80.80898000
7.86071777,-84.44535000,-84.97756000
7.86132813,-85.28702000,-78.32452000
7.86193848,-96.41928000,-73.67118000
7.86254883,-92.68672000,-75.62410000
7.86315918,-86.43393000,-80.75946000
7.86376953,-85.59073000,-81.87973000
7.86437988,-87.99417000,-73.74093000
7.86499023,-96.58751000,-70.58330000
7.86560059,-94.67392000,-70.67797000
7.86621094,-87.57378000,-74.94199000
7.86682129,-93.00933000,-72.37266000
7.86743164,-98.29466000,-66.49450000
7.86804199,-102.30110000,-66.67680000
7.86865234,-101.95060000,-74.40207000
7.86926270,-92.63477000,-73.74442000
7.86987305,-88.96661000,-73.02460000
7.87048340,-92.48139000,-80.20260000
7.87109375,-96.96163000,-81.64635000
7.87170410,-91.86063000,-77.24390000
7.87231445,-92.03864000,-72.48626000
7.87292480,-98.72855000,-71.29433000
7.87353516,-93.65490000,-74.88955000
7.87414551,-99.39771000,-69.97021000
7.87475586,-107.91040000,-72.14746000
7.87536621,-110.44280000,-74.44079000
7.87597656,-98.61573000,-72.65394000
7.87658691,-95.31790000,-70.59371000
7.87719727,-89.51335000,-69.90160000
7.87780762,-86.45509000,-72.14193000
7.87841797,-87.84976000,-74.02852000
7.87902832,-87.47137000,-71.96834000
7.87963867,-86.98941000,-71.28151000
7.88024902,-89.94289000,-70.71754000
7.88085938,-91.28204000,-71.86134000
7.88146973,-89.37351000,-76.46073000
7.88208008,-90.98361000,-72.72348000
7.88269043,-103.65190000,-71.32550000
7.88330078,-102.25130000,-73.41159000
7.88391113,-91.51042000,-92.31407000
7.88452148,-92.02358000,-78.60262000
7.88513184,-94.39736000,-80.87001000
7.88574219,-93.31476000,-85.44620000
7.88635254,-94.07548000,-77.11085000
7.88696289,-88.19505000,-81.98376000
7.88757324,-91.30645000,-76.90776000
7.88818359,-98.43288000,-75.89278000
7.88879395,-98.47207000,-70.92223000
7.88940430,-90.65355000,-72.03271000
7.89001465,-90.80614000,-79.63428000
7.89062500,-99.35830000,-72.28494000
7.89123535,-95.22897000,-71.59434000
7.89184570,-94.14666000,-78.74417000
7.89245605,-91.89218000,-79.38792000
7.89306641,-104.07360000,-76.81562000
7.89367676,-95.30716000,-93.93822000
7.89428711,-96.16725000,-74.52309000
7.89489746,-89.44820000,-74.91220000
7.89550781,-91.56830000,-77.92924000
7.89611816,-105.42330000,-75.28973000
7.89672852,-104.21490000,-80.90811000
7.89733887,-92.97012000,-74.12646000
7.89794922,-85.47775000,-69.18555000
7.89855957,-83.25079000,-74.37869000
7.89916992,-85.89370000,-77.06933000
7.89978027,-88.19962000,-72.11595000
7.90039063,-85.03922000,-73.95427000
7.90100098,-85.05806000,-78.92935000
7.90161133,-92.37227000,-77.63834000
7.90222168,-92.31448000,-70.35302000
7.90283203,-86.03333000,-75.33955000
7.90344238,-89.10999000,-80.48767000
7.90405273,-101.30500000,-77.15560000
7.90466309,-94.63431000,-75.82619000
7.90527344,-95.68083000,-90.13267000
7.90588379,-95.64723000,-74.91165000
7.90649414,-97.07295000,-73.06982000
7.90710449,-92.68637000,-80.16893000
7.90771484,-94.65750000,-73.14499000
7.90832520,-93.57071000,-71.53686000
7.90893555,-93.50600000,-75.42758000
7.90954590,-92.29331000,-73.36877000
7.91015625,-94.39041000,-83.02316000
7.91076660,-92.09907000,-77.27519000
7.91137695,-89.31339000,-69.83869000
7.91198730,-91.22232000,-69.53323000
7.91259766,-95.56782000,-78.29305000
7.91320801,-105.73180000,-68.16881000
7.91381836,-90.65157000,-75.10863000
7.91442871,-86.82662000,-71.98885000
7.91503906,-93.48328000,-68.24531000
7.91564941,-97.62035000,-73.76617000
7.91625977,-95.74975000,-75.42280000
7.91687012,-89.91528000,-75.42682000
7.91748047,-88.59335000,-85.46597000
7.91809082,-89.80338000,-73.73752000
7.91870117,-91.93362000,-71.54132000
7.91931152,-95.66517000,-70.31409000
7.91992188,-87.52271000,-77.11487000
7.92053223,-84.77077000,-73.27272000
7.92114258,-87.49625000,-74.32262000
7.92175293,-93.62402000,-81.32325000
7.92236328,-92.13647000,-86.78557000
7.92297363,-89.49382000,-75.92184000
7.92358398,-89.42333000,-70.60537000
7.92419434,-90.33565000,-75.63132000
7.92480469,-88.75838000,-75.98344000
7.92541504,-87.76909000,-76.61216000
7.92602539,-91.21614000,-77.94246000
7.92663574,-93.40656000,-73.02308000
7.92724609,-93.47705000,-70.86835000
7.92785645,-89.91156000,-74.35172000
7.92846680,-89.50275000,-80.36292000
7.92907715,-90.06409000,-75.25360000
7.92968750,-95.86127000,-68.88525000
7.93029785,-96.59593000,-68.81439000
7.93090820,-89.28931000,-73.33512000
7.93151855,-87.57935000,-82.04383000
7.93212891,-86.55519000,-75.81548000
7.93273926,-89.80411000,-74.11617000
7.93334961,-91.46001000,-74.23595000
7.93395996,-91.22606000,-72.61363000
7.93457031,-90.78371000,-71.35159000
7.93518066,-88.72919000,-73.35532000
7.93579102,-90.11226000,-77.70303000
7.93640137,-89.84665000,-74.26585000
7.93701172,-91.14020000,-70.89282000
7.93762207,-102.29900000,-73.03088000
7.93823242,-93.41786000,-72.39220000
7.93884277,-92.81429000,-69.41322000
7.93945313,-92.96877000,-69.56449000
7.94006348,-91.91555000,-71.14796000
7.94067383,-90.98102000,-74.73083000
7.94128418,-86.81834000,-75.72988000
7.94189453,-85.87140000,-83.37560000
7.94250488,-91.33775000,-76.84183000
7.94311523,-100.01460000,-71.39024000
7.94372559,-90.37053000,-74.41366000
7.94433594,-93.78890000,-95.54785000
7.94494629,-95.66161000,-72.78664000
7.94555664,-89.34924000,-70.36945000
7.94616699,-89.48947000,-72.27066000
7.94677734,-96.29655000,-74.20821000
7.94738770,-110.36340000,-77.47760000
7.94799805,-95.08833000,-78.93498000
7.94860840,-88.84143000,-71.97725000
7.94921875,-89.47275000,-72.72918000
7.94982910,-99.05445000,-75.30547000
7.95043945,-99.02826000,-79.07073000
7.95104980,-98.54684000,-85.34515000
7.95166016,-94.82846000,-80.01085000
7.95227051,-90.60709000,-86.05976000
7.95288086,-91.64959000,-79.89926000
7.95349121,-90.90054000,-91.82349000
7.95410156,-90.70327000,-72.61928000
7.95471191,-94.24889000,-73.73602000
7.95532227,-98.79086000,-87.04204000
7.95593262,-85.62251000,-74.50656000
7.95654297,-82.62172000,-76.07866000
7.95715332,-84.17563000,-71.52859000
7.95776367,-87.60448000,-75.78280000
7.95837402,-93.60434000,-76.80058000
7.95898438,-95.93634000,-77.39227000
7.95959473,-97.30323000,-83.18954000
7.96020508,-102.58840000,-76.36360000
7.96081543,-96.01279000,-77.92322000
7.96142578,-91.70193000,-73.60470000
7.96203613,-86.11067000,-71.16070000
7.96264648,-85.93134000,-69.17020000
7.96325684,-98.24896000,-69.92509000
7.96386719,-91.34072000,-75.06435000
7.96447754,-92.15804000,-76.73149000
7.96508789,-88.20279000,-75.09525000
7.96569824,-86.89760000,-86.45812000
7.96630859,-90.65724000,-74.53279000
7.96691895,-103.26030000,-70.70625000
7.96752930,-105.09380000,-74.50771000
7.96813965,-112.41590000,-74.55209000
7.96875000,-99.15480000,-81.92935000
7.96936035,-102.72190000,-75.30023000
7.96997070,-92.56468000,-73.03503000
7.97058105,-88.90472000,-74.96960000
7.97119141,-97.74039000,-80.83685000
7.97180176,-90.34712000,-81.38107000
7.97241211,-88.46691000,-77.73087000
7.97302246,-96.82121000,-72.01079000
7.97363281,-102.82720000,-72.26901000
7.97424316,-102.71390000,-82.67287000
7.97485352,-94.36875000,-91.84166000
7.97546387,-86.78597000,-90.76133000
7.97607422,-87.20006000,-80.17406000
7.97668457,-92.52670000,-72.64606000
7.97729492,-91.35155000,-70.92481000
7.97790527,-87.31888000,-74.09195000
7.97851563,-88.96700000,-74.66485000
7.97912598,-95.77099000,-69.99673000
7.97973633,-97.17995000,-68.58212000
7.98034668,-90.50220000,-74.28981000
7.98095703,-93.01258000,-76.33228000
7.98156738,-102.25110000,-73.78165000
7.98217773,-100.60680000,-76.23497000
7.98278809,-91.92016000,-71.14400000
7.98339844,-89.35793000,-68.86510000
7.98400879,-90.50735000,-69.81634000
7.98461914,-93.33621000,-68.49387000
7.98522949,-96.79688000,-70.00119000
7.98583984,-94.43024000,-70.42166000
7.98645020,-96.94937000,-79.28291000
7.98706055,-96.16553000,-74.94065000
7.98767090,-90.42625000,-75.79932000
7.98828125,-89.24048000,-75.87456000
7.98889160,-94.78668000,-71.75017000
7.98950195,-107.82010000,-72.50037000
7.99011230,-99.97467000,-71.63257000
7.99072266,-92.10458000,-71.49853000
7.99133301,-89.63588000,-71.01721000
7.99194336,-93.37706000,-69.46056000
7.99255371,-97.81158000,-70.11935000
7.99316406,-95.71349000,-73.02702000
7.99377441,-94.06608000,-80.25112000
7.99438477,-97.54770000,-77.53059000
7.99499512,-110.15500000,-72.34633000
7.99560547,-98.86896000,-76.39672000
7.99621582,-93.31368000,-77.64819000
7.99682617,-106.13840000,-77.15392000
7.99743652,-93.23938000,-85.09525000
7.99804688,-88.81487000,-81.02387000
7.99865723,-85.47151000,-75.45831000
7.99926758,-85.99734000,-74.37798000
7.99987793,-94.71976000,-67.93037000
8.00048828,-100.97100000,-69.03598000
8.00109863,-93.07694000,-75.32969000
8.00170898,-92.74357000,-72.38974000
8.00231934,-93.62868000,-67.34695000
8.00292969,-93.42957000,-70.59104000
8.00354004,-92.13078000,-84.59874000
8.00415039,-93.04778000,-74.38639000
8.00476074,-98.25859000,-77.76353000
8.00537109,-97.41376000,-90.42212000
8.00598145,-94.99274000,-79.86031000
8.00659180,-97.24091000,-73.92802000
8.00720215,-92.88902000,-78.39864000
8.00781250,-99.59397000,-86.76429000
8.00842285,-92.75829000,-80.08182000
8.00903320,-92.83078000,-78.78251000
8.00964355,-96.55548000,-78.00254000
8.01025391,-88.53505000,-73.90324000
8.01086426,-86.98311000,-73.10313000
8.01147461,-90.37523000,-90.18335000
8.01208496,-89.95535000,-73.47698000
8.01269531,-88.02445000,-87.11075000
8.01330566,-90.46324000,-72.16521000
8.01391602,-88.62553000,-70.27844000
8.01452637,-88.50808000,-74.88525000
8.01513672,-90.40579000,-81.93158000
8.01574707,-97.77020000,-77.66484000
8.01635742,-90.67348000,-69.71266000
8.01696777,-90.89031000,-67.65538000
8.01757813,-93.58239000,-70.74978000
8.01818848,-89.94943000,-75.21451000
8.01879883,-91.59348000,-75.18287000
8.01940918,-99.12556000,-75.61140000
8.02001953,-101.78580000,-74.35582000
8.02062988,-96.20546000,-72.00650000
8.02124023,-101.38780000,-73.71780000
8.02185059,-95.42131000,-92.09648000
8.02246094,-97.13765000,-77.14323000
8.02307129,-92.91798000,-72.28463000
8.02368164,-89.93903000,-70.60712000
8.02429199,-90.20439000,-70.80534000
8.02490234,-90.62863000,-70.89619000
8.02551270,-83.40649000,-74.74341000
8.02612305,-83.84164000,-73.23450000
8.02673340,-87.23073000,-71.68014000
8.02734375,-93.84110000,-70.90519000
8.02795410,-91.69120000,-70.64428000
8.02856445,-89.67458000,-73.04203000
8.02917480,-92.80312000,-73.70291000
8.02978516,-91.59753000,-74.32517000
8.03039551,-95.40813000,-78.08179000
8.03100586,-100.19390000,-79.07722000
8.03161621,-99.14760000,-76.88499000
8.03222656,-96.79707000,-80.07312000
8.03283691,-87.71015000,-78.92809000
8.03344727,-85.71143000,-75.33382000
8.03405762,-85.34930000,-79.97330000
8.03466797,-86.45151000,-85.65933000
8.03527832,-91.33250000,-72.95894000
8.03588867,-97.80701000,-69.97324000
8.03649902,-93.61212000,-79.88378000
8.03710938,-89.21143000,-78.60594000
8.03771973,-86.29691000,-70.90845000
8.03833008,-88.40286000,-69.08803000
8.03894043,-110.25620000,-76.43069000
8.03955078,-89.13825000,-83.54353000
8.04016113,-86.14613000,-78.17323000
8.04077148,-85.97665000,-75.57362000
8.04138184,-90.71000000,-72.03969000
8.04199219,-94.35253000,-70.76292000
8.04260254,-87.45020000,-76.34786000
8.04321289,-86.15643000,-82.30109000
8.04382324,-85.59051000,-101.99570000
8.04443359,-85.11534000,-78.89272000
8.04504395,-86.94740000,-85.71618000
8.04565430,-90.24272000,-76.61056000
8.04626465,-94.09771000,-74.31290000
8.04687500,-95.72541000,-76.10459000
8.04748535,-100.77640000,-72.82201000
8.04809570,-91.63907000,-79.58368000
8.04870605,-88.54335000,-69.73446000
8.04931641,-91.83418000,-67.42342000
8.04992676,-95.65355000,-69.34340000
8.05053711,-100.59210000,-71.26330000
8.05114746,-100.69710000,-73.18451000
8.05175781,-102.39330000,-75.88271000
8.05236816,-89.57346000,-81.24657000
8.05297852,-92.66330000,-73.32941000
8.05358887,-97.99214000,-70.60901000
8.05419922,-87.15034000,-72.18872000
8.05480957,-86.30273000,-76.42111000
8.05541992,-92.21130000,-83.45908000
8.05603027,-97.38966000,-83.64352000
8.05664063,-94.60950000,-78.77448000
8.05725098,-101.97490000,-79.47433000
8.05786133,-96.86726000,-78.60108000
8.05847168,-100.31770000,-74.18182000
8.05908203,-100.47240000,-74.38338000
8.05969238,-93.16178000,-74.21214000
8.06030273,-93.26353000,-75.24213000
8.06091309,-91.71062000,-76.72265000
8.06152344,-92.15951000,-79.03703000
8.06213379,-90.56584000,-80.05292000
8.06274414,-88.43307000,-81.42905000
8.06335449,-88.56426000,-78.84685000
8.06396484,-91.27674000,-92.49488000
8.06457520,-94.05120000,-73.43739000
8.06518555,-93.27061000,-70.53178000
8.06579590,-90.73215000,-72.75020000
8.06640625,-87.45071000,-73.13172000
8.06701660,-88.02217000,-73.25288000
8.06762695,-99.00627000,-79.49709000
8.06823730,-96.06101000,-81.21240000
8.06884766,-89.75140000,-73.46741000
8.06945801,-92.63354000,-71.40507000
8.07006836,-93.47381000,-76.02950000
8.07067871,-90.75913000,-77.04234000
8.07128906,-89.14542000,-81.45512000
8.07189941,-93.68819000,-75.25639000
8.07250977,-93.79417000,-72.89887000
8.07312012,-90.21053000,-92.33414000
8.07373047,-87.04644000,-76.66209000
8.07434082,-92.85115000,-73.59074000
8.07495117,-86.45236000,-78.54094000
8.07556152,-81.95210000,-83.96933000
8.07617188,-82.06541000,-96.76456000
8.07678223,-86.58710000,-83.33046000
8.07739258,-91.06155000,-93.45142000
8.07800293,-91.78146000,-81.49471000
8.07861328,-90.78746000,-75.21055000
8.07922363,-90.54496000,-72.46153000
8.07983398,-98.91615000,-73.38187000
8.08044434,-85.86140000,-75.90873000
8.08105469,-83.98408000,-72.66217000
8.08166504,-87.42258000,-78.23283000
8.08227539,-110.31340000,-73.52464000
8.08288574,-90.79456000,-70.74285000
8.08349609,-91.56631000,-70.92349000
8.08410645,-96.69753000,-71.67995000
8.08471680,-95.27721000,-75.80444000
8.08532715,-91.64773000,-79.23743000
8.08593750,-92.06200000,-72.87459000
8.08654785,-94.71719000,-66.18705000
8.08715820,-91.38760000,-68.19434000
8.08776855,-88.14990000,-73.39970000
8.08837891,-91.00131000,-74.91168000
8.08898926,-94.11027000,-76.13174000
8.08959961,-83.53294000,-73.67136000
8.09020996,-83.24449000,-70.48662000
8.09082031,-88.48145000,-68.75830000
8.09143066,-97.53941000,-69.01405000
8.09204102,-113.59970000,-68.43187000
8.09265137,-93.88654000,-68.78171000
8.09326172,-91.59564000,-78.56351000
8.09387207,-87.84625000,-72.46748000
8.09448242,-87.63648000,-70.86447000
8.09509277,-95.99442000,-69.21298000
8.09570313,-92.59399000,-71.27206000
8.09631348,-92.53764000,-88.82893000
8.09692383,-90.34743000,-78.65076000
8.09753418,-86.47259000,-67.92523000
8.09814453,-91.20284000,-67.51178000
8.09875488,-91.68641000,-76.05858000
8.09936523,-93.74213000,-81.62022000
8.09997559,-103.09350000,-70.94001000
8.10058594,-91.22382000,-70.72219000
8.10119629,-88.35042000,-77.49884000
8.10180664,-96.17825000,-73.44882000
8.10241699,-93.70843000,-74.97237000
8.10302734,-94.05327000,-89.18804000
8.10363770,-103.06820000,-74.19793000
8.10424805,-105.19340000,-70.37499000
8.10485840,-95.39773000,-72.70074000
8.10546875,-87.30717000,-71.23260000
8.10607910,-84.62085000,-71.25837000
8.10668945,-85.69678000,-71.09339000
8.10729980,-88.49786000,-69.05460000
8.10791016,-88.13588000,-68.47062000
8.10852051,-93.42510000,-70.31618000
8.10913086,-97.34358000,-72.45414000
8.10974121,-96.74332000,-69.34867000
8.11035156,-96.87728000,-68.35887000
8.11096191,-92.46776000,-69.46991000
8.11157227,-98.32093000,-71.06028000
8.11218262,-96.46748000,-82.75705000
8.11279297,-92.37596000,-77.33030000
8.11340332,-92.56570000,-82.19698000
8.11401367,-101.55120000,-75.47567000
8.11462402,-91.22688000,-71.89645000
8.11523438,-88.86924000,-81.48201000
8.11584473,-86.71571000,-81.44521000
8.11645508,-90.06590000,-75.20373000
8.11706543,-89.64340000,-79.65959000
8.11767578,-85.85087000,-77.26031000
8.11828613,-86.66287000,-70.03131000
8.11889648,-92.26897000,-74.48608000
8.11950684,-93.50234000,-68.84895000
8.12011719,-93.63972000,-66.36020000
8.12072754,-90.62794000,-68.73167000
8.12133789,-89.79961000,-68.12764000
8.12194824,-91.04565000,-66.50413000
8.12255859,-93.45635000,-67.12629000
8.12316895,-92.12264000,-69.52245000
8.12377930,-90.90745000,-74.03476000
8.12438965,-89.86234000,-76.25957000
8.12500000,-94.76025000,-72.34259000
8.12561035,-94.10824000,-72.27727000
8.12622070,-86.99012000,-75.30734000
8.12683105,-89.25480000,-79.15939000
8.12744141,-98.73734000,-78.02169000
8.12805176,-97.97186000,-74.78304000
8.12866211,-91.07224000,-90.32363000
8.12927246,-87.22703000,-77.16040000
8.12988281,-86.51503000,-74.28709000
8.13049316,-91.68291000,-82.03902000
8.13110352,-97.44979000,-78.89857000
8.13171387,-97.81094000,-75.58620000
8.13232422,-94.35981000,-78.30291000
8.13293457,-93.68702000,-79.42007000
8.13354492,-90.82098000,-86.22021000
8.13415527,-94.22926000,-86.88309000
8.13476563,-91.04570000,-78.91306000
8.13537598,-87.43254000,-81.23168000
8.13598633,-88.01921000,-91.45245000
8.13659668,-96.04468000,-83.64175000
8.13720703,-72.33717000,-65.78605000
8.13781738,-64.72977000,-59.49635000
8.13842773,-66.62634000,-62.45019000
8.13903809,-77.38843000,-70.17875000
8.13964844,-88.09624000,-73.41328000
8.14025879,-90.70747000,-91.51315000
8.14086914,-98.85616000,-75.51145000
8.14147949,-118.01480000,-76.14089000
8.14208984,-97.29730000,-78.39400000
8.14270020,-92.37293000,-87.05124000
8.14331055,-89.28139000,-76.17194000
8.14392090,-86.63719000,-69.63746000
8.14453125,-91.73088000,-76.70402000
8.14514160,-94.95392000,-73.37002000
8.14575195,-88.52471000,-70.89312000
8.14636230,-88.80499000,-76.01037000
8.14697266,-97.65132000,-72.99862000
8.14758301,-101.76150000,-69.33978000
8.14819336,-95.84641000,-72.52212000
8.14880371,-92.40803000,-75.17492000
8.14941406,-89.84270000,-74.54268000
8.15002441,-88.38432000,-76.61629000
8.15063477,-93.26913000,-82.68388000
8.15124512,-89.71508000,-81.08870000
8.15185547,-88.15087000,-90.71950000
8.15246582,-98.30437000,-75.71793000
8.15307617,-90.65245000,-74.56590000
8.15368652,-86.60335000,-76.33571000
8.15429688,-89.96979000,-74.92131000
8.15490723,-94.35157000,-69.49568000
8.15551758,-96.44508000,-71.19391000
8.15612793,-90.96159000,-78.58764000
8.15673828,-89.00455000,-72.59554000
8.15734863,-87.84692000,-70.74857000
8.15795898,-86.02232000,-73.64336000
8.15856934,-86.92200000,-74.24863000
8.15917969,-96.60764000,-74.06028000
8.15979004,-92.77977000,-72.55859000
8.16040039,-87.07111000,-87.81284000
8.16101074,-88.63456000,-72.11660000
8.16162109,-100.32510000,-71.13849000
8.16223145,-95.09484000,-72.47253000
8.16284180,-94.50175000,-73.68423000
8.16345215,-100.72410000,-76.80154000
8.16406250,-90.21620000,-76.61284000
8.16467285,-93.42532000,-73.70771000
8.16528320,-97.23112000,-76.92260000
8.16589355,-90.44244000,-85.96857000
8.16650391,-86.70819000,-76.49229000
8.16711426,-86.86646000,-82.38914000
8.16772461,-89.35142000,-74.84718000
8.16833496,-90.87974000,-70.27409000
8.16894531,-99.48188000,-71.55109000
8.16955566,-96.21719000,-72.24026000
8.17016602,-92.26450000,-80.24886000
8.17077637,-98.04625000,-82.50764000
8.17138672,-93.67636000,-75.64355000
8.17199707,-98.84959000,-70.88683000
8.17260742,-94.93409000,-70.76651000
8.17321777,-88.58499000,-81.18725000
8.17382813,-87.12589000,-83.36127000
8.17443848,-87.46502000,-73.81824000
8.17504883,-93.25731000,-71.04082000
8.17565918,-96.71108000,-72.98384000
8.17626953,-89.15070000,-73.96977000
8.17687988,-94.19907000,-75.77097000
8.17749023,-95.72376000,-84.93713000
8.17810059,-87.40653000,-86.68594000
8.17871094,-86.22687000,-77.58519000
8.17932129,-85.81552000,-76.69994000
8.17993164,-85.97250000,-80.87936000
8.18054199,-93.74303000,-76.82217000
8.18115234,-92.40357000,-69.32755000
8.18176270,-88.55224000,-72.46169000
8.18237305,-88.69728000,-77.81806000
8.18298340,-88.35355000,-70.80643000
8.18359375,-90.43385000,-70.57941000
8.18420410,-92.93410000,-68.44878000
8.18481445,-93.66998000,-70.59963000
8.18542480,-93.59566000,-77.35095000
8.18603516,-98.14868000,-78.56067000
8.18664551,-96.26642000,-82.27144000
8.18725586,-92.58415000,-81.10248000
8.18786621,-96.36015000,-74.22608000
8.18847656,-92.15524000,-77.92310000
8.18908691,-88.93291000,-73.59154000
8.18969727,-90.86656000,-76.23901000
8.19030762,-98.68039000,-91.33643000
8.19091797,-101.81320000,-76.41100000
8.19152832,-104.39360000,-70.59602000
8.19213867,-108.20470000,-71.65175000
8.19274902,-96.84485000,-79.78931000
8.19335938,-111.05420000,-77.47719000
8.19396973,-96.84387000,-73.45343000
8.19458008,-106.62850000,-80.08663000
8.19519043,-99.50296000,-78.58039000
8.19580078,-104.04950000,-82.05048000
8.19641113,-100.78020000,-81.84615000
8.19702148,-92.81763000,-85.98664000
8.19763184,-92.42599000,-74.19976000
8.19824219,-106.22290000,-75.79747000
8.19885254,-92.01100000,-72.59380000
8.19946289,-90.65189000,-71.36212000
8.20007324,-86.63805000,-73.02592000
8.20068359,-87.36333000,-69.51963000
8.20129395,-93.03203000,-73.35090000
8.20190430,-98.40168000,-82.38985000
8.20251465,-103.24390000,-82.79279000
8.20312500,-102.82170000,-77.74312000
8.20373535,-93.51482000,-76.27985000
8.20434570,-93.47042000,-76.97287000
8.20495605,-92.70294000,-80.90213000
8.20556641,-91.61214000,-74.54716000
8.20617676,-90.99651000,-70.23528000
8.20678711,-93.40283000,-75.82774000
8.20739746,-103.96220000,-78.14874000
8.20800781,-96.33788000,-74.13478000
8.20861816,-94.37410000,-73.04880000
8.20922852,-90.31268000,-69.38316000
8.20983887,-103.49860000,-68.30975000
8.21044922,-91.47022000,-69.77219000
8.21105957,-87.26292000,-77.99216000
8.21166992,-87.24168000,-75.32880000
8.21228027,-97.39134000,-77.24417000
8.21289063,-94.66914000,-72.38783000
8.21350098,-94.48200000,-70.81857000
8.21411133,-95.37273000,-74.58581000
8.21472168,-96.84915000,-73.93544000
8.21533203,-100.10800000,-72.79378000
8.21594238,-97.43969000,-77.39255000
8.21655273,-102.11440000,-71.50056000
8.21716309,-97.94433000,-75.21309000
8.21777344,-94.68402000,-80.38001000
8.21838379,-87.97668000,-74.17342000
8.21899414,-91.88429000,-80.40880000
8.21960449,-93.83005000,-74.72640000
8.22021484,-87.81520000,-70.83914000
8.22082520,-88.47581000,-75.89351000
8.22143555,-94.55972000,-72.42776000
8.22204590,-91.38116000,-76.78732000
8.22265625,-85.63407000,-82.65639000
8.22326660,-87.88811000,-78.92101000
8.22387695,-93.71758000,-75.41724000
8.22448730,-90.09158000,-80.73195000
8.22509766,-87.83553000,-75.06451000
8.22570801,-83.64701000,-77.66766000
8.22631836,-83.22289000,-75.82024000
8.22692871,-88.13470000,-72.46642000
8.22753906,-105.92130000,-74.44949000
8.22814941,-95.01939000,-84.94598000
8.22875977,-96.97858000,-83.54701000
8.22937012,-100.81260000,-72.68047000
8.22998047,-94.10216000,-67.66226000
8.23059082,-93.83173000,-66.57053000
8.23120117,-94.13243000,-67.35030000
8.23181152,-120.60490000,-73.05424000
8.23242188,-96.26352000,-83.10204000
8.23303223,-90.03574000,-75.19122000
8.23364258,-90.10380000,-72.83288000
8.23425293,-90.21127000,-75.08252000
8.23486328,-91.04832000,-73.48174000
8.23547363,-99.94343000,-81.89455000
8.23608398,-91.75171000,-77.40922000
8.23669434,-94.53386000,-70.64094000
8.23730469,-88.47087000,-70.04449000
8.23791504,-84.63889000,-73.89351000
8.23852539,-85.83429000,-74.17461000
8.23913574,-93.54782000,-71.35072000
8.23974609,-99.65763000,-67.41017000
8.24035645,-96.72092000,-68.99825000
8.24096680,-93.65548000,-76.46462000
8.24157715,-91.07214000,-76.24271000
8.24218750,-92.42670000,-71.95828000
8.24279785,-93.58295000,-75.26009000
8.24340820,-98.01271000,-73.11864000
8.24401855,-93.21160000,-72.10136000
8.24462891,-91.80301000,-79.30826000
8.24523926,-93.20143000,-73.73085000
8.24584961,-90.68192000,-78.42822000
8.24645996,-90.92297000,-79.89783000
8.24707031,-92.98149000,-79.78622000
8.24768066,-96.03510000,-87.78972000
8.24829102,-96.46298000,-81.33115000
8.24890137,-90.45935000,-103.93840000
8.24951172,-86.38617000,-77.00053000
8.25012207,-86.89506000,-74.62135000
8.25073242,-89.34499000,-73.02301000
8.25134277,-93.87788000,-78.71178000
8.25195313,-95.90228000,-75.11288000
8.25256348,-91.64176000,-73.82796000
8.25317383,-85.95421000,-80.24186000
8.25378418,-87.21671000,-84.88815000
8.25439453,-92.75989000,-77.62946000
8.25500488,-92.86636000,-75.50686000
8.25561523,-93.86298000,-74.88589000
8.25622559,-99.09322000,-79.73083000
8.25683594,-92.93214000,-77.02495000
8.25744629,-101.36790000,-77.67763000
8.25805664,-90.29362000,-73.96642000
8.25866699,-88.24532000,-73.35905000
8.25927734,-89.71233000,-74.60682000
8.25988770,-95.48767000,-75.25842000
8.26049805,-100.69810000,-72.97594000
8.26110840,-94.77359000,-73.99884000
8.26171875,-91.44256000,-82.28790000
8.26232910,-91.40891000,-78.68333000
8.26293945,-89.18808000,-72.56362000
8.26354980,-88.68080000,-73.44718000
8.26416016,-91.65465000,-88.15849000
8.26477051,-94.45504000,-74.02935000
8.26538086,-102.19340000,-72.77610000
8.26599121,-89.86697000,-71.12824000
8.26660156,-89.10431000,-69.89333000
8.26721191,-99.80009000,-68.56764000
8.26782227,-88.97915000,-69.04539000
8.26843262,-87.58159000,-75.62010000
8.26904297,-91.51231000,-84.78331000
8.26965332,-101.40350000,-74.78918000
8.27026367,-128.12160000,-72.95226000
8.27087402,-101.50080000,-76.86128000
8.27148438,-97.40097000,-87.71388000
8.27209473,-90.13131000,-76.60822000
8.27270508,-86.59389000,-71.78138000
8.27331543,-89.42538000,-84.30664000
8.27392578,-97.52079000,-77.34801000
8.27453613,-92.97021000,-77.49953000
8.27514648,-88.77293000,-69.92750000
8.27575684,-87.51751000,-69.19604000
8.27636719,-88.82626000,-69.86639000
8.27697754,-90.02083000,-69.93082000
8.27758789,-87.05349000,-81.95587000
8.27819824,-87.15192000,-77.80260000
8.27880859,-90.30215000,-76.89349000
8.27941895,-91.48889000,-76.51826000
8.28002930,-88.59296000,-93.58178000
8.28063965,-85.81693000,-81.47282000
8.28125000,-84.83159000,-102.03410000
8.28186035,-87.73015000,-75.32534000
8.28247070,-87.43089000,-72.95793000
8.28308105,-83.51550000,-73.17506000
8.28369141,-85.86320000,-73.91048000
8.28430176,-88.99474000,-73.52132000
8.28491211,-97.62988000,-79.24484000
8.28552246,-96.56831000,-86.40984000
8.28613281,-87.16834000,-76.80810000
8.28674316,-85.79716000,-77.99954000
8.28735352,-91.03805000,-83.55882000
8.28796387,-93.17483000,-74.46700000
8.28857422,-91.15549000,-78.86361000
8.28918457,-90.11072000,-87.20608000
8.28979492,-91.46565000,-78.07104000
8.29040527,-90.72656000,-82.82345000
8.29101563,-91.89458000,-84.41521000
8.29162598,-93.82003000,-94.07477000
8.29223633,-92.80770000,-79.72112000
8.29284668,-91.19630000,-75.81811000
8.29345703,-91.31477000,-76.65773000
8.29406738,-93.74756000,-79.75043000
8.29467773,-98.33852000,-84.35986000
8.29528809,-99.02975000,-78.55538000
8.29589844,-96.07857000,-74.32195000
8.29650879,-91.46098000,-75.57494000
8.29711914,-90.32930000,-77.72772000
8.29772949,-92.43054000,-71.22935000
8.29833984,-96.97518000,-70.29117000
8.29895020,-96.87007000,-71.87789000
8.29956055,-91.38366000,-78.05228000
8.30017090,-86.41631000,-80.02411000
8.30078125,-86.98060000,-75.64666000
8.30139160,-94.36726000,-75.33779000
8.30200195,-95.30819000,-79.56161000
8.30261230,-91.26299000,-79.65392000
8.30322266,-91.55869000,-75.89347000
8.30383301,-99.50706000,-74.80369000
8.30444336,-95.73963000,-71.86193000
8.30505371,-86.22063000,-76.21555000
8.30566406,-82.33559000,-70.17638000
8.30627441,-82.75230000,-69.06418000
8.30688477,-87.21750000,-70.98740000
8.30749512,-87.61604000,-70.28728000
8.30810547,-91.72394000,-74.71407000
8.30871582,-100.40950000,-78.38252000
8.30932617,-89.18196000,-77.50264000
8.30993652,-86.71764000,-76.95096000
8.31054688,-88.28261000,-75.58231000
8.31115723,-96.38533000,-73.34069000
8.31176758,-97.77718000,-75.86308000
8.31237793,-90.02643000,-90.15955000
8.31298828,-88.50955000,-79.39594000
8.31359863,-94.08784000,-77.52603000
8.31420898,-95.95541000,-79.94750000
8.31481934,-89.39516000,-78.52163000
8.31542969,-91.70157000,-75.65828000
8.31604004,-96.28097000,-76.54620000
8.31665039,-94.08209000,-78.49480000
8.31726074,-83.65235000,-72.31880000
8.31787109,-82.11320000,-72.33256000
8.31848145,-87.24038000,-71.53139000
8.31909180,-100.06770000,-71.25939000
8.31970215,-96.04707000,-73.52835000
8.32031250,-94.59882000,-78.89819000
8.32092285,-97.17876000,-75.92561000
8.32153320,-98.78621000,-72.75201000
8.32214355,-94.24274000,-70.56491000
8.32275391,-87.89761000,-72.34000000
8.32336426,-90.75302000,-81.46906000
8.32397461,-102.57440000,-73.25149000
8.32458496,-97.99140000,-73.38860000
8.32519531,-93.07133000,-82.31108000
8.32580566,-101.13590000,-73.05732000
8.32641602,-92.06207000,-75.03407000
8.32702637,-93.28291000,-73.30566000
8.32763672,-101.22150000,-75.06451000
8.32824707,-98.65895000,-85.66042000
8.32885742,-94.67361000,-83.58143000
8.32946777,-89.41942000,-77.62698000
8.33007813,-89.35582000,-75.44076000
8.33068848,-93.17677000,-73.02716000
8.33129883,-92.06727000,-76.93373000
8.33190918,-92.10211000,-81.80698000
8.33251953,-97.82857000,-71.69588000
8.33312988,-96.43708000,-69.97571000
8.33374023,-90.80864000,-81.46239000
8.33435059,-88.98322000,-73.31616000
8.33496094,-91.54858000,-72.53862000
8.33557129,-96.52316000,-80.19128000
8.33618164,-89.36294000,-74.70292000
8.33679199,-89.67976000,-70.37113000
8.33740234,-97.13605000,-75.16804000
8.33801270,-91.98811000,-82.69210000
8.33862305,-89.65980000,-78.65101000
8.33923340,-92.17020000,-75.49078000
8.33984375,-92.01931000,-82.41680000
8.34045410,-89.40514000,-74.92697000
8.34106445,-88.24094000,-72.80246000
8.34167480,-89.15882000,-73.08494000
8.34228516,-89.66232000,-72.91199000
8.34289551,-89.81606000,-72.80783000
8.34350586,-93.03668000,-70.96019000
8.34411621,-98.68402000,-71.78956000
8.34472656,-100.94070000,-74.40271000
8.34533691,-95.81972000,-79.68543000
8.34594727,-89.82093000,-87.18746000
8.34655762,-88.47622000,-81.38530000
8.34716797,-87.93807000,-82.91290000
8.34777832,-91.43076000,-92.78553000
8.34838867,-91.76622000,-77.97634000
8.34899902,-89.04522000,-77.09016000
8.34960938,-89.18076000,-80.68527000
8.35021973,-99.15239000,-81.13082000
8.35083008,-94.64880000,-74.04540000
8.35144043,-95.02125000,-74.00418000
8.35205078,-90.66325000,-82.90527000
8.35266113,-91.35219000,-77.71142000
8.35327148,-97.25320000,-77.07076000
8.35388184,-91.58536000,-91.04176000
8.35449219,-90.71724000,-82.19013000
8.35510254,-90.44955000,-74.46712000
8.35571289,-89.86375000,-77.90927000
8.35632324,-89.90309000,-79.18727000
8.35693359,-96.02609000,-77.50383000
8.35754395,-105.50140000,-96.43027000
8.35815430,-99.93690000,-78.15559000
8.35876465,-91.35810000,-77.90267000
8.35937500,-87.62387000,-80.59747000
8.35998535,-85.60050000,-73.44945000
8.36059570,-84.10962000,-73.07568000
8.36120605,-85.94039000,-74.41745000
8.36181641,-107.47030000,-68.61573000
8.36242676,-88.62267000,-70.93188000
8.36303711,-89.89373000,-80.26452000
8.36364746,-94.72737000,-81.36575000
8.36425781,-90.44697000,-74.40720000
8.36486816,-90.02382000,-70.20709000
8.36547852,-96.24529000,-66.80070000
8.36608887,-93.73338000,-64.03998000
8.36669922,-89.49753000,-66.71434000
8.36730957,-90.24285000,-74.53412000
8.36791992,-95.53680000,-86.64128000
8.36853027,-105.47390000,-73.65810000
8.36914063,-98.27365000,-66.84457000
8.36975098,-98.06146000,-65.81662000
8.37036133,-94.58446000,-68.07063000
8.37097168,-90.39259000,-70.18083000
8.37158203,-94.40117000,-71.71423000
8.37219238,-93.91087000,-75.02831000
8.37280273,-88.32854000,-86.26799000
8.37341309,-89.64624000,-77.26218000
8.37402344,-92.65382000,-72.73032000
8.37463379,-95.69627000,-72.09387000
8.37524414,-101.85260000,-79.18912000
8.37585449,-98.86275000,-81.17898000
8.37646484,-100.47150000,-80.21064000
8.37707520,-88.03666000,-75.15623000
8.37768555,-85.15435000,-75.36647000
8.37829590,-89.53101000,-82.33546000
8.37890625,-96.69141000,-74.97044000
8.37951660,-89.35539000,-71.70013000
8.38012695,-90.48361000,-73.01001000
8.38073730,-91.27961000,-78.30946000
8.38134766,-92.23090000,-77.51830000
8.38195801,-99.92547000,-73.52299000
8.38256836,-92.93842000,-84.69250000
8.38317871,-100.25220000,-76.19388000
8.38378906,-96.64520000,-84.91550000
8.38439941,-94.88708000,-73.01754000
8.38500977,-89.47826000,-73.06819000
8.38562012,-83.72784000,-73.42881000
8.38623047,-84.92001000,-73.11372000
8.38684082,-87.57954000,-77.41300000
8.38745117,-86.48872000,-90.54580000
8.38806152,-92.96730000,-80.75158000
8.38867188,-95.32419000,-76.14333000
8.38928223,-93.37018000,-73.84885000
8.38989258,-90.86471000,-69.17230000
8.39050293,-93.22755000,-67.23065000
8.39111328,-93.24795000,-71.04435000
8.39172363,-90.65089000,-77.63190000
8.39233398,-92.85208000,-82.68375000
8.39294434,-93.42808000,-75.62938000
8.39355469,-95.41042000,-72.06004000
8.39416504,-97.40523000,-71.02888000
8.39477539,-114.13320000,-71.21131000
8.39538574,-98.63570000,-74.00015000
8.39599609,-92.26949000,-75.45690000
8.39660645,-92.03806000,-81.60202000
8.39721680,-99.06041000,-76.13118000
8.39782715,-92.79947000,-74.98575000
8.39843750,-93.96851000,-76.51118000
8.39904785,-105.58490000,-74.22952000
8.39965820,-96.47710000,-72.63182000
8.40026855,-95.40660000,-72.98644000
8.40087891,-98.02032000,-77.15376000
8.40148926,-91.59829000,-92.21230000
8.40209961,-91.39502000,-72.94077000
8.40270996,-91.64230000,-69.14319000
8.40332031,-91.65768000,-74.81919000
8.40393066,-96.09905000,-87.53350000
8.40454102,-104.05710000,-78.12196000
8.40515137,-100.07390000,-70.65307000
8.40576172,-92.75525000,-69.06564000
8.40637207,-89.12342000,-67.07598000
8.40698242,-93.91414000,-66.82874000
8.40759277,-86.91186000,-70.22715000
8.40820313,-84.86447000,-68.85545000
8.40881348,-87.29148000,-66.78842000
8.40942383,-89.48555000,-67.75668000
8.41003418,-93.93040000,-72.61643000
8.41064453,-113.77290000,-88.47768000
8.41125488,-96.04674000,-82.95220000
8.41186523,-93.50070000,-82.14191000
8.41247559,-90.16516000,-76.01738000
8.41308594,-85.90592000,-76.63338000
8.41369629,-85.22531000,-76.68745000
8.41430664,-89.56725000,-75.26420000
8.41491699,-95.43221000,-75.30578000
8.41552734,-96.19299000,-69.82915000
8.41613770,-91.03600000,-68.63660000
8.41674805,-87.28645000,-73.83552000
8.41735840,-87.61578000,-75.81924000
8.41796875,-89.39624000,-74.17838000
8.41857910,-89.64103000,-74.18792000
8.41918945,-93.64305000,-73.04279000
8.41979980,-96.55117000,-72.60783000
8.42041016,-89.67317000,-83.04531000
8.42102051,-90.59120000,-81.18526000
8.42163086,-95.47795000,-74.99184000
8.42224121,-90.71809000,-71.60265000
8.42285156,-89.40692000,-72.45625000
8.42346191,-87.63176000,-74.21789000
8.42407227,-88.03453000,-78.72468000
8.42468262,-94.85244000,-83.04489000
8.42529297,-95.41230000,-83.53333000
8.42590332,-93.31512000,-76.20551000
8.42651367,-88.48454000,-73.72639000
8.42712402,-94.76256000,-77.76769000
8.42773438,-105.40690000,-77.80961000
8.42834473,-99.52164000,-77.18234000
8.42895508,-98.26587000,-71.04192000
8.42956543,-99.41392000,-69.04918000
8.43017578,-93.73462000,-70.72387000
8.43078613,-90.24187000,-70.79690000
8.43139648,-99.04840000,-70.14554000
8.43200684,-90.57807000,-71.44382000
8.43261719,-91.97727000,-70.37386000
8.43322754,-95.57512000,-70.56726000
8.43383789,-96.00847000,-72.22200000
8.43444824,-97.33514000,-78.83345000
8.43505859,-91.75961000,-79.73382000
8.43566895,-94.13326000,-75.94807000
8.43627930,-109.25820000,-72.94307000
8.43688965,-84.69491000,-74.76200000
8.43750000,-72.79061000,-72.94605000
8.43811035,-71.05550000,-73.47373000
8.43872070,-78.32756000,-83.01505000
8.43933105,-90.22144000,-83.52135000
8.43994141,-92.46719000,-83.11650000
8.44055176,-92.35940000,-81.20416000
8.44116211,-88.73051000,-82.97329000
8.44177246,-86.55153000,-77.70789000
8.44238281,-87.52907000,-74.28041000
8.44299316,-96.19669000,-78.28962000
8.44360352,-99.27392000,-76.20780000
8.44421387,-100.05210000,-74.07540000
8.44482422,-96.37267000,-70.60078000
8.44543457,-96.52447000,-69.04517000
8.44604492,-102.77960000,-70.77735000
8.44665527,-95.35088000,-71.43080000
8.44726563,-93.92211000,-72.68401000
8.44787598,-94.56841000,-102.49770000
8.44848633,-90.73948000,-82.72856000
8.44909668,-88.02491000,-71.92466000
8.44970703,-91.29411000,-67.75952000
8.45031738,-92.31975000,-72.08955000
8.45092773,-100.24170000,-80.14404000
8.45153809,-92.42201000,-81.48934000
8.45214844,-90.70113000,-75.10751000
8.45275879,-92.02366000,-76.24577000
8.45336914,-92.15700000,-82.69696000
8.45397949,-88.41290000,-84.24286000
8.45458984,-87.99095000,-82.57715000
8.45520020,-89.70104000,-75.71655000
8.45581055,-91.72904000,-72.06386000
8.45642090,-93.44590000,-69.43941000
8.45703125,-94.04076000,-75.52390000
8.45764160,-92.66368000,-79.74205000
8.45825195,-89.16075000,-74.24802000
8.45886230,-88.87038000,-74.52107000
8.45947266,-91.48553000,-79.02750000
8.46008301,-95.61242000,-77.31297000
8.46069336,-101.42260000,-70.36361000
8.46130371,-97.72243000,-72.37437000
8.46191406,-92.25877000,-75.91730000
8.46252441,-87.90045000,-76.82629000
8.46313477,-86.55158000,-72.29396000
8.46374512,-91.54807000,-71.97738000
8.46435547,-98.15866000,-74.07308000
8.46496582,-95.80209000,-71.57950000
8.46557617,-91.51904000,-69.75831000
8.46618652,-94.70191000,-68.29099000
8.46679688,-92.74098000,-67.51647000
8.46740723,-92.01226000,-70.32801000
8.46801758,-95.24867000,-76.95397000
8.46862793,-100.28560000,-76.00183000
8.46923828,-97.67197000,-77.51000000
8.46984863,-97.56261000,-74.21372000
8.47045898,-91.52355000,-77.92301000
8.47106934,-92.75285000,-82.12585000
8.47167969,-89.84453000,-73.50925000
8.47229004,-90.09447000,-80.47177000
8.47290039,-99.70860000,-74.08569000
8.47351074,-91.73988000,-80.46381000
8.47412109,-88.64676000,-72.78047000
8.47473145,-91.56532000,-66.66488000
8.47534180,-90.75511000,-66.76634000
8.47595215,-91.68727000,-72.21931000
8.47656250,-92.63699000,-69.76691000
8.47717285,-90.55209000,-68.42141000
8.47778320,-88.87940000,-73.55707000
8.47839355,-86.89224000,-74.61455000
8.47900391,-90.09010000,-80.30716000
8.47961426,-95.46481000,-71.15731000
8.48022461,-87.56840000,-69.59219000
8.48083496,-82.91477000,-70.92850000
8.48144531,-84.77834000,-74.25229000
8.48205566,-91.99933000,-70.29108000
8.48266602,-105.57360000,-68.74889000
8.48327637,-98.02869000,-74.26556000
8.48388672,-94.32202000,-74.30090000
8.48449707,-98.38678000,-72.18935000
8.48510742,-90.52644000,-75.54224000
8.48571777,-93.47942000,-88.58300000
8.48632813,-91.63985000,-80.03542000
8.48693848,-85.99721000,-89.72581000
8.48754883,-89.27177000,-78.06072000
8.48815918,-107.24460000,-72.69260000
8.48876953,-92.33179000,-73.99288000
8.48937988,-94.46022000,-73.16562000
8.48999023,-100.98010000,-77.33568000
8.49060059,-100.35990000,-75.81371000
8.49121094,-104.89610000,-71.40474000
8.49182129,-91.94293000,-70.91351000
8.49243164,-90.63771000,-78.48438000
8.49304199,-98.23071000,-75.66506000
8.49365234,-97.72832000,-70.51348000
8.49426270,-96.76421000,-74.36563000
8.49487305,-93.10287000,-86.54842000
8.49548340,-87.51617000,-75.28653000
8.49609375,-85.36004000,-72.02306000
8.49670410,-87.30587000,-71.53664000
8.49731445,-92.85130000,-72.60312000
8.49792480,-100.09260000,-80.96281000
8.49853516,-95.40013000,-82.59453000
8.49914551,-88.31415000,-79.95683000
8.49975586,-88.22175000,-73.71230000
8.50036621,-95.84515000,-75.40502000
8.50097656,-100.51030000,-70.73682000
8.50158691,-91.19500000,-72.57568000
8.50219727,-87.77099000,-74.22935000
8.50280762,-88.41480000,-75.52348000
8.50341797,-86.37893000,-77.45237000
8.50402832,-87.08655000,-69.51647000
8.50463867,-87.79730000,-67.95810000
8.50524902,-88.08858000,-71.80608000
8.50585938,-91.83339000,-72.82957000
8.50646973,-92.78935000,-68.72621000
8.50708008,-91.54723000,-68.36401000
8.50769043,-88.14491000,-71.89253000
8.50830078,-90.35381000,-81.36389000
8.50891113,-88.99082000,-73.13602000
8.50952148,-90.16226000,-68.09854000
8.51013184,-93.32218000,-70.68064000
8.51074219,-92.87711000,-79.27557000
8.51135254,-91.89259000,-70.87106000
8.51196289,-97.22481000,-72.42432000
8.51257324,-98.34550000,-83.83606000
8.51318359,-93.76051000,-74.08899000
8.51379395,-94.85921000,-70.93879000
8.51440430,-92.87354000,-70.33761000
8.51501465,-92.07066000,-73.80553000
8.51562500,-93.57715000,-88.36241000
8.51623535,-92.96261000,-78.47063000
8.51684570,-90.35419000,-77.28288000
8.51745605,-86.10745000,-72.53171000
8.51806641,-87.88016000,-73.22996000
8.51867676,-91.37717000,-77.34959000
8.51928711,-95.18808000,-87.56213000
8.51989746,-98.59918000,-75.34563000
8.52050781,-88.58968000,-79.47785000
8.52111816,-87.88029000,-86.82578000
8.52172852,-97.46532000,-80.12325000
8.52233887,-95.47894000,-82.99203000
8.52294922,-109.03370000,-84.64246000
8.52355957,-93.98380000,-81.48337000
8.52416992,-98.36133000,-75.61927000
8.52478027,-110.33770000,-71.11149000
8.52539063,-99.97638000,-70.69467000
8.52600098,-91.06033000,-72.30544000
8.52661133,-90.28078000,-79.99859000
8.52722168,-90.28728000,-76.77975000
8.52783203,-95.11374000,-74.81439000
8.52844238,-94.71027000,-76.74365000
8.52905273,-94.31361000,-78.23280000
8.52966309,-92.23093000,-115.91680000
8.53027344,-87.56572000,-71.97782000
8.53088379,-89.58489000,-68.53009000
8.53149414,-101.53980000,-69.91190000
8.53210449,-108.44370000,-74.46801000
8.53271484,-99.07744000,-91.02711000
8.53332520,-101.91400000,-78.21008000
8.53393555,-99.09038000,-80.12348000
8.53454590,-98.12112000,-87.16637000
8.53515625,-98.26492000,-73.98320000
8.53576660,-110.05520000,-73.89840000
8.53637695,-96.24864000,-71.11511000
8.53698730,-88.20958000,-71.03659000
8.53759766,-90.28592000,-71.59998000
8.53820801,-93.91122000,-72.70503000
8.53881836,-93.73038000,-75.09012000
8.53942871,-95.33081000,-73.22948000
8.54003906,-95.02464000,-82.11484000
8.54064941,-91.77829000,-79.85059000
8.54125977,-93.66779000,-73.93169000
8.54187012,-99.68645000,-73.39252000
8.54248047,-105.04390000,-74.87983000
8.54309082,-97.64526000,-76.73837000
8.54370117,-94.02571000,-76.32919000
8.54431152,-100.80230000,-79.13969000
8.54492188,-103.09300000,-89.95395000
8.54553223,-93.33875000,-77.59134000
8.54614258,-89.63935000,-70.32603000
8.54675293,-94.10133000,-68.19951000
8.54736328,-94.41368000,-68.56223000
8.54797363,-91.57044000,-77.16048000
8.54858398,-91.15126000,-77.14089000
8.54919434,-95.91679000,-72.90694000
8.54980469,-99.68469000,-73.88040000
8.55041504,-99.70315000,-88.06942000
8.55102539,-95.71994000,-87.66425000
8.55163574,-93.95428000,-76.95872000
8.55224609,-93.84122000,-74.76149000
8.55285645,-90.57896000,-76.42699000
8.55346680,-89.50382000,-85.70131000
8.55407715,-88.18203000,-76.08024000
8.55468750,-90.43138000,-67.69578000
8.55529785,-93.99406000,-65.05898000
8.55590820,-89.86288000,-67.80806000
8.55651855,-90.01100000,-73.08649000
8.55712891,-90.39494000,-74.79831000
8.55773926,-89.55064000,-84.73460000
8.55834961,-93.06907000,-81.49951000
8.55895996,-87.15798000,-76.50969000
8.55957031,-82.65984000,-71.40777000
8.56018066,-85.21690000,-75.66253000
8.56079102,-89.79642000,-79.67221000
8.56140137,-91.89475000,-77.04060000
8.56201172,-88.74487000,-80.53931000
8.56262207,-90.51825000,-81.15768000
8.56323242,-95.64823000,-84.72946000
8.56384277,-91.87984000,-86.94569000
8.56445313,-88.79625000,-81.99599000
8.56506348,-91.68158000,-82.35424000
8.56567383,-100.24080000,-78.94736000
8.56628418,-95.40803000,-72.30791000
8.56689453,-96.95091000,-72.30132000
8.56750488,-103.81130000,-73.20537000
8.56811523,-103.38980000,-91.76102000
8.56872559,-90.66888000,-73.28284000
8.56933594,-85.57258000,-84.92883000
8.56994629,-88.33556000,-78.90327000
8.57055664,-91.23173000,-83.33463000
8.57116699,-89.49458000,-82.87769000
8.57177734,-90.29274000,-76.25550000
8.57238770,-95.49081000,-78.25986000
8.57299805,-95.68184000,-78.60976000
8.57360840,-94.38508000,-78.98340000
8.57421875,-113.37200000,-75.88050000
8.57482910,-94.35742000,-82.44157000
8.57543945,-90.51195000,-75.25028000
8.57604980,-89.27986000,-70.17905000
8.57666016,-88.63000000,-71.02668000
8.57727051,-87.28194000,-72.39774000
8.57788086,-88.41277000,-75.17481000
8.57849121,-94.03934000,-84.25945000
8.57910156,-94.57961000,-84.19994000
8.57971191,-92.80654000,-78.13472000
8.58032227,-86.82430000,-79.13842000
8.58093262,-86.17943000,-80.33775000
8.58154297,-87.70465000,-70.93163000
8.58215332,-88.15818000,-66.59132000
8.58276367,-92.62216000,-64.72033000
8.58337402,-104.79310000,-66.30608000
8.58398438,-91.45779000,-71.05950000
8.58459473,-88.61527000,-74.47155000
8.58520508,-86.82594000,-76.01956000
8.58581543,-86.60933000,-79.03601000
8.58642578,-86.21974000,-83.11248000
8.58703613,-86.36584000,-76.77944000
8.58764648,-89.04174000,-69.91784000
8.58825684,-93.39962000,-71.06949000
8.58886719,-89.83957000,-80.80272000
8.58947754,-87.52560000,-78.93378000
8.59008789,-88.76596000,-68.37567000
8.59069824,-93.76549000,-66.95655000
8.59130859,-99.15631000,-72.52308000
8.59191895,-94.77000000,-87.87450000
8.59252930,-92.90488000,-91.08829000
8.59313965,-99.46233000,-79.88477000
8.59375000,-95.38697000,-76.74132000
8.59436035,-87.39135000,-78.16046000
8.59497070,-89.05756000,-84.56773000
8.59558105,-91.79668000,-73.56225000
8.59619141,-96.20071000,-80.20099000
8.59680176,-88.17722000,-77.38565000
8.59741211,-84.38388000,-71.74992000
8.59802246,-87.07811000,-71.12809000
8.59863281,-91.22403000,-72.64980000
8.59924316,-100.95560000,-76.41203000
8.59985352,-94.77759000,-76.43678000
8.60046387,-91.13372000,-76.39444000
8.60107422,-85.80035000,-81.15672000
8.60168457,-84.40019000,-81.95992000
8.60229492,-88.83145000,-69.91986000
8.60290527,-91.77108000,-67.01797000
8.60351563,-91.20377000,-69.96529000
8.60412598,-96.09890000,-70.62139000
8.60473633,-106.52840000,-76.18655000
8.60534668,-99.78486000,-72.45325000
8.60595703,-98.86147000,-68.05977000
8.60656738,-95.11177000,-69.84828000
8.60717773,-92.19952000,-73.29985000
8.60778809,-91.03070000,-77.94335000
8.60839844,-91.02594000,-78.10529000
8.60900879,-90.96309000,-76.69621000
8.60961914,-94.90585000,-75.25420000
8.61022949,-97.53358000,-73.90598000
8.61083984,-101.39230000,-78.53082000
8.61145020,-104.68520000,-79.10004000
8.61206055,-98.54674000,-69.24737000
8.61267090,-96.70506000,-69.80406000
8.61328125,-94.61720000,-73.72511000
8.61389160,-99.72421000,-72.70642000
8.61450195,-94.21241000,-73.90733000
8.61511230,-87.31038000,-76.24495000
8.61572266,-88.21791000,-72.06994000
8.61633301,-91.61987000,-75.69727000
8.61694336,-90.10876000,-72.04749000
8.61755371,-82.88315000,-69.90752000
8.61816406,-82.73307000,-68.62975000
8.61877441,-87.12051000,-68.75122000
8.61938477,-88.74811000,-70.87886000
8.61999512,-89.85496000,-73.75806000
8.62060547,-89.73324000,-76.04599000
8.62121582,-88.84378000,-75.48297000
8.62182617,-86.23364000,-75.22304000
8.62243652,-85.33332000,-73.31526000
8.62304688,-99.97728000,-76.42782000
8.62365723,-90.64246000,-80.97533000
8.62426758,-91.65730000,-79.10480000
8.62487793,-99.14815000,-68.10172000
8.62548828,-108.16780000,-68.10008000
8.62609863,-94.42310000,-71.43862000
8.62670898,-92.06687000,-74.60542000
8.62731934,-88.47703000,-72.01247000
8.62792969,-87.57126000,-70.24850000
8.62854004,-90.83424000,-72.90405000
8.62915039,-91.53685000,-71.11353000
8.62976074,-97.87220000,-67.81944000
8.63037109,-95.10564000,-67.68560000
8.63098145,-89.39843000,-72.24280000
8.63159180,-87.92953000,-77.93097000
8.63220215,-88.75320000,-78.83244000
8.63281250,-89.76879000,-79.83574000
8.63342285,-88.27094000,-82.17744000
8.63403320,-86.39909000,-80.90588000
8.63464355,-85.74417000,-81.85891000
8.63525391,-88.69714000,-83.38959000
8.63586426,-103.51660000,-73.29763000
8.63647461,-94.47800000,-76.89675000
8.63708496,-90.49167000,-70.53138000
8.63769531,-87.52747000,-67.54918000
8.63830566,-86.90173000,-70.46839000
8.63891602,-90.32187000,-71.25305000
8.63952637,-96.50582000,-68.43031000
8.64013672,-96.33157000,-67.46648000
8.64074707,-90.91522000,-70.55293000
8.64135742,-87.49112000,-86.98349000
8.64196777,-87.53685000,-75.83644000
8.64257813,-94.75836000,-79.53391000
8.64318848,-86.25314000,-69.14812000
8.64379883,-84.23074000,-69.56162000
8.64440918,-90.57436000,-68.23743000
8.64501953,-95.20436000,-68.84995000
8.64562988,-93.07233000,-77.22887000
8.64624023,-94.59354000,-80.31718000
8.64685059,-106.60630000,-83.37704000
8.64746094,-93.18282000,-77.27400000
8.64807129,-89.52124000,-74.72243000
8.64868164,-88.57278000,-68.87425000
8.64929199,-94.64469000,-69.74492000
8.64990234,-98.28102000,-73.02728000
8.65051270,-93.29424000,-76.98800000
8.65112305,-91.49948000,-81.88754000
8.65173340,-93.01930000,-90.52783000
8.65234375,-102.79990000,-86.91924000
8.65295410,-95.25567000,-82.32040000
8.65356445,-94.48601000,-87.99781000
8.65417480,-97.58324000,-72.84150000
8.65478516,-97.25221000,-65.01889000
8.65539551,-100.22500000,-64.89573000
8.65600586,-96.78635000,-72.41647000
8.65661621,-95.60054000,-71.28931000
8.65722656,-97.67776000,-66.75684000
8.65783691,-88.14534000,-68.66657000
8.65844727,-88.76644000,-69.34287000
8.65905762,-97.49725000,-68.62334000
8.65966797,-108.13620000,-68.50252000
8.66027832,-95.44548000,-69.62783000
8.66088867,-90.88688000,-70.34445000
8.66149902,-95.36427000,-73.49126000
8.66210938,-102.62580000,-74.48721000
8.66271973,-94.80052000,-73.37032000
8.66333008,-91.60536000,-76.91360000
8.66394043,-85.76569000,-80.60650000
8.66455078,-82.29207000,-76.32279000
8.66516113,-84.42058000,-74.50027000
8.66577148,-88.63147000,-71.13158000
8.66638184,-92.92268000,-69.78163000
8.66699219,-96.46762000,-72.56072000
8.66760254,-87.61566000,-71.07022000
8.66821289,-90.09827000,-71.27334000
8.66882324,-88.54356000,-75.39340000
8.66943359,-89.68039000,-79.58539000
8.67004395,-89.68616000,-71.37061000
8.67065430,-90.83266000,-72.83969000
8.67126465,-91.71456000,-71.29327000
8.67187500,-106.19000000,-77.18830000
8.67248535,-93.29034000,-84.89127000
8.67309570,-89.20146000,-77.10348000
8.67370605,-87.09835000,-82.76826000
8.67431641,-90.74660000,-84.18420000
8.67492676,-93.37402000,-83.77863000
8.67553711,-86.81073000,-74.74828000
8.67614746,-86.98904000,-78.48795000
8.67675781,-94.34292000,-82.00890000
8.67736816,-86.88634000,-77.47490000
8.67797852,-84.14546000,-78.29872000
8.67858887,-92.57287000,-91.36044000
8.67919922,-107.06290000,-86.31880000
8.67980957,-91.87442000,-82.47667000
8.68041992,-89.06346000,-84.47799000
8.68103027,-91.56284000,-81.89294000
8.68164063,-101.91280000,-76.67780000
8.68225098,-92.61258000,-76.44965000
8.68286133,-85.61557000,-73.53750000
8.68347168,-86.66534000,-73.52542000
8.68408203,-91.31264000,-75.72910000
8.68469238,-96.23138000,-75.74035000
8.68530273,-89.30230000,-86.05819000
8.68591309,-84.57751000,-83.43982000
8.68652344,-86.06390000,-72.76236000
8.68713379,-90.14938000,-68.35403000
8.68774414,-92.87587000,-69.35493000
8.68835449,-94.93073000,-71.55025000
8.68896484,-99.62399000,-71.51397000
8.68957520,-116.43030000,-75.64442000
8.69018555,-109.68050000,-86.94466000
8.69079590,-99.65717000,-79.08533000
8.69140625,-94.48265000,-92.92570000
8.69201660,-96.19382000,-81.14066000
8.69262695,-88.84827000,-88.88276000
8.69323730,-91.32150000,-77.53842000
8.69384766,-99.57889000,-76.19510000
8.69445801,-97.82891000,-72.38906000
8.69506836,-96.59386000,-73.64928000
8.69567871,-114.59900000,-82.96190000
8.69628906,-94.20792000,-86.06378000
8.69689941,-88.30756000,-76.51145000
8.69750977,-86.80209000,-73.53427000
8.69812012,-88.88282000,-75.72887000
8.69873047,-84.85879000,-71.20251000
8.69934082,-86.23620000,-69.38084000
8.69995117,-91.09610000,-77.44736000
8.70056152,-98.92411000,-73.44244000
8.70117188,-98.13964000,-70.97411000
8.70178223,-93.19366000,-71.24336000
8.70239258,-106.30420000,-72.92195000
8.70300293,-94.94960000,-81.26878000
8.70361328,-95.98296000,-82.05292000
8.70422363,-105.26420000,-74.51457000
8.70483398,-101.65030000,-68.40844000
8.70544434,-95.22296000,-72.56285000
8.70605469,-89.09409000,-79.94173000
8.70666504,-85.54243000,-75.16461000
8.70727539,-88.73584000,-80.01657000
8.70788574,-94.41942000,-74.37396000
8.70849609,-93.67210000,-82.81585000
8.70910645,-94.53147000,-74.43788000
8.70971680,-100.26060000,-73.12533000
8.71032715,-88.37035000,-77.64655000
8.71093750,-88.80542000,-76.99466000
8.71154785,-91.71340000,-76.73597000
8.71215820,-91.30597000,-82.33125000
8.71276855,-103.53590000,-74.68611000
8.71337891,-93.05591000,-80.54001000
8.71398926,-87.83855000,-83.57479000
8.71459961,-88.99446000,-80.56232000
8.71520996,-94.18536000,-79.25877000
8.71582031,-88.82596000,-74.16552000
8.71643066,-89.88432000,-73.68424000
8.71704102,-91.18992000,-74.44589000
8.71765137,-97.89890000,-74.77380000
8.71826172,-97.54398000,-77.18939000
8.71887207,-98.10078000,-69.45539000
8.71948242,-97.63058000,-66.99069000
8.72009277,-89.98534000,-69.24340000
8.72070313,-87.67335000,-75.60214000
8.72131348,-89.94233000,-78.88032000
8.72192383,-98.17213000,-70.32850000
8.72253418,-101.58200000,-71.20183000
8.72314453,-101.14120000,-73.52772000
8.72375488,-105.47960000,-76.72186000
8.72436523,-94.59393000,-79.96103000
8.72497559,-91.55293000,-71.56937000
8.72558594,-90.95974000,-69.19704000
8.72619629,-87.30299000,-71.89648000
8.72680664,-86.66015000,-81.58328000
8.72741699,-90.56810000,-78.87025000
8.72802734,-102.08700000,-75.86933000
8.72863770,-95.66301000,-89.93839000
8.72924805,-91.13586000,-71.01726000
8.72985840,-90.11357000,-69.65421000
8.73046875,-90.87772000,-71.70594000
8.73107910,-93.92379000,-75.89217000
8.73168945,-90.97019000,-69.93068000
8.73229980,-88.49176000,-72.45721000
8.73291016,-94.77757000,-80.83115000
8.73352051,-95.15976000,-72.24977000
8.73413086,-89.85317000,-74.67542000
8.73474121,-89.23463000,-84.55154000
8.73535156,-87.28528000,-75.25768000
8.73596191,-87.17188000,-73.03473000
8.73657227,-89.07143000,-71.23509000
8.73718262,-84.97176000,-69.46385000
8.73779297,-84.38289000,-67.59238000
8.73840332,-105.57060000,-66.80212000
8.73901367,-87.66213000,-71.56717000
8.73962402,-99.98474000,-82.20024000
8.74023438,-93.64994000,-77.61012000
8.74084473,-96.87863000,-75.45506000
8.74145508,-94.75600000,-71.64802000
8.74206543,-94.87858000,-68.85596000
8.74267578,-94.87988000,-71.03652000
8.74328613,-99.18369000,-76.24709000
8.74389648,-95.14816000,-81.08067000
8.74450684,-88.84148000,-86.37325000
8.74511719,-90.28011000,-77.53973000
8.74572754,-93.25280000,-74.15926000
8.74633789,-95.45173000,-81.19584000
8.74694824,-107.44650000,-74.62557000
8.74755859,-92.27035000,-68.57743000
8.74816895,-91.14464000,-70.60217000
8.74877930,-93.44482000,-75.50146000
8.74938965,-101.62840000,-74.02393000
8.75000000,-89.52981000,-69.83073000
8.75061035,-86.81915000,-69.62303000
8.75122070,-89.95696000,-72.96317000
8.75183105,-89.51774000,-77.14758000
8.75244141,-86.85970000,-78.73259000
8.75305176,-86.39983000,-75.37454000
8.75366211,-91.17634000,-79.16684000
8.75427246,-106.65180000,-78.72441000
8.75488281,-100.59400000,-78.82535000
8.75549316,-90.53938000,-73.48289000
8.75610352,-93.46948000,-71.81134000
8.75671387,-96.79282000,-71.67244000
8.75732422,-91.54174000,-72.94449000
8.75793457,-94.83348000,-80.28296000
8.75854492,-104.17590000,-77.90452000
8.75915527,-92.59805000,-75.44776000
8.75976563,-90.19759000,-74.39552000
8.76037598,-93.43640000,-74.95753000
8.76098633,-97.58369000,-68.50039000
8.76159668,-90.80270000,-71.02375000
8.76220703,-90.44246000,-75.27772000
8.76281738,-94.80957000,-74.20773000
8.76342773,-112.26260000,-76.81804000
8.76403809,-114.22810000,-79.25118000
8.76464844,-118.56750000,-76.90969000
8.76525879,-113.77500000,-71.27853000
8.76586914,-102.40410000,-69.61848000
8.76647949,-92.44321000,-68.98555000
8.76708984,-91.36987000,-68.94588000
8.76770020,-91.95595000,-70.81294000
8.76831055,-87.50115000,-73.09358000
8.76892090,-90.21979000,-78.30326000
8.76953125,-89.71964000,-76.04906000
8.77014160,-87.63846000,-79.45934000
8.77075195,-89.40434000,-75.83377000
8.77136230,-90.13671000,-78.55261000
8.77197266,-89.12354000,-74.25422000
8.77258301,-90.94883000,-76.73363000
8.77319336,-103.87090000,-85.26650000
8.77380371,-103.20100000,-74.85061000
8.77441406,-109.43910000,-68.57253000
8.77502441,-96.19067000,-68.56004000
8.77563477,-88.07948000,-72.05399000
8.77624512,-86.89442000,-69.15585000
8.77685547,-91.51458000,-68.89091000
8.77746582,-91.77374000,-73.59251000
8.77807617,-90.29217000,-77.80160000
8.77868652,-90.96992000,-70.41806000
8.77929688,-94.59506000,-75.28104000
8.77990723,-94.84985000,-78.10889000
8.78051758,-95.02620000,-74.59608000
8.78112793,-98.10600000,-78.21120000
8.78173828,-101.39880000,-76.04281000
8.78234863,-92.69980000,-76.73627000
8.78295898,-84.00751000,-85.17757000
8.78356934,-84.81546000,-84.19577000
8.78417969,-87.01626000,-79.49847000
8.78479004,-86.34937000,-72.47945000
8.78540039,-90.25486000,-69.70835000
8.78601074,-95.26274000,-73.07769000
8.78662109,-103.69580000,-79.50790000
8.78723145,-105.34330000,-73.22095000
8.78784180,-93.35708000,-75.24322000
8.78845215,-85.20625000,-81.26732000
8.78906250,-83.78801000,-72.07849000
8.78967285,-94.40428000,-66.86499000
8.79028320,-88.29308000,-67.83943000
8.79089355,-83.19401000,-73.48192000
8.79150391,-84.17367000,-82.17355000
8.79211426,-87.56489000,-76.54178000
8.79272461,-92.48142000,-67.52150000
8.79333496,-89.43795000,-66.55816000
8.79394531,-87.40717000,-71.03934000
8.79455566,-87.27136000,-68.67535000
8.79516602,-87.47408000,-74.00962000
8.79577637,-88.77913000,-81.83929000
8.79638672,-87.90630000,-78.98534000
8.79699707,-90.97197000,-83.34296000
8.79760742,-93.50914000,-72.23843000
8.79821777,-90.94512000,-69.26517000
8.79882813,-90.90041000,-77.09079000
8.79943848,-88.85741000,-78.05354000
8.80004883,-88.92342000,-74.58980000
8.80065918,-96.94031000,-73.85472000
8.80126953,-93.99494000,-77.12177000
8.80187988,-89.40538000,-83.40156000
8.80249023,-91.30540000,-76.56683000
8.80310059,-99.88019000,-73.09080000
8.80371094,-97.23260000,-81.15251000
8.80432129,-91.72757000,-104.12020000
8.80493164,-88.93502000,-81.93679000
8.80554199,-88.30456000,-75.45883000
8.80615234,-89.37354000,-75.57631000
8.80676270,-90.93745000,-75.05773000
8.80737305,-90.66959000,-74.89293000
8.80798340,-90.62234000,-73.44470000
8.80859375,-91.30238000,-71.14051000
8.80920410,-87.48985000,-67.49094000
8.80981445,-86.37940000,-69.67056000
8.81042480,-87.12371000,-67.51117000
8.81103516,-89.76224000,-69.48726000
8.81164551,-91.09834000,-76.70650000
8.81225586,-87.12627000,-74.78307000
8.81286621,-87.10732000,-68.25513000
8.81347656,-88.05783000,-67.40477000
8.81408691,-90.57983000,-70.21663000
8.81469727,-88.96801000,-74.48898000
8.81530762,-86.77660000,-82.14192000
8.81591797,-88.69811000,-80.30652000
8.81652832,-93.05473000,-73.64890000
8.81713867,-97.41611000,-76.02380000
8.81774902,-91.82878000,-74.54182000
8.81835938,-90.35178000,-77.50925000
8.81896973,-96.91077000,-72.06969000
8.81958008,-92.77585000,-67.76196000
8.82019043,-88.58778000,-68.32734000
8.82080078,-87.73719000,-73.54005000
8.82141113,-88.27448000,-76.87389000
8.82202148,-93.97709000,-70.93387000
8.82263184,-103.15900000,-69.94182000
8.82324219,-108.84870000,-68.86617000
8.82385254,-95.97253000,-71.58082000
8.82446289,-92.48788000,-73.73170000
8.82507324,-90.35832000,-73.35275000
8.82568359,-90.45448000,-73.31738000
8.82629395,-89.28966000,-72.37781000
8.82690430,-87.38811000,-77.01306000
8.82751465,-89.23206000,-83.65051000
8.82812500,-91.95461000,-77.54445000
8.82873535,-93.42887000,-76.82637000
8.82934570,-88.07458000,-81.78473000
8.82995605,-90.17052000,-92.52794000
8.83056641,-91.31349000,-76.06207000
8.83117676,-86.82580000,-72.19585000
8.83178711,-90.99697000,-71.28125000
8.83239746,-101.39810000,-72.07566000
8.83300781,-99.15842000,-73.99414000
8.83361816,-99.61206000,-71.44982000
8.83422852,-95.75512000,-71.14288000
8.83483887,-93.70767000,-83.17734000
8.83544922,-95.14130000,-78.57723000
8.83605957,-91.61645000,-93.70147000
8.83666992,-92.43302000,-72.79529000
8.83728027,-97.97729000,-70.41112000
8.83789063,-90.53375000,-72.67065000
8.83850098,-91.56543000,-69.96554000
8.83911133,-98.49954000,-69.42561000
8.83972168,-99.37106000,-69.49416000
8.84033203,-95.61499000,-76.97240000
8.84094238,-91.26158000,-78.55948000
8.84155273,-90.38479000,-76.69738000
8.84216309,-89.57061000,-76.15528000
8.84277344,-84.74980000,-78.69849000
8.84338379,-82.98264000,-81.42371000
8.84399414,-86.13605000,-84.27756000
8.84460449,-98.23571000,-83.72521000
8.84521484,-99.16709000,-74.57290000
8.84582520,-90.55196000,-68.82799000
8.84643555,-91.19872000,-68.81996000
8.84704590,-109.15680000,-76.06981000
8.84765625,-92.92117000,-78.38304000
8.84826660,-91.01434000,-77.20216000
8.84887695,-92.52538000,-71.49648000
8.84948730,-101.40520000,-69.83903000
8.85009766,-90.18922000,-76.57812000
8.85070801,-87.75150000,-75.42786000
8.85131836,-92.89243000,-73.27564000
8.85192871,-97.21552000,-77.71929000
8.85253906,-102.38220000,-80.75258000
8.85314941,-90.24810000,-71.48911000
8.85375977,-83.12892000,-68.25169000
8.85437012,-84.70039000,-69.43198000
8.85498047,-91.14507000,-70.42974000
8.85559082,-93.16142000,-70.80628000
8.85620117,-93.98120000,-81.48067000
8.85681152,-93.83025000,-71.12253000
8.85742188,-94.90891000,-69.60344000
8.85803223,-94.59991000,-71.62230000
8.85864258,-91.67003000,-72.33693000
8.85925293,-91.92376000,-77.93079000
8.85986328,-88.32507000,-75.41270000
8.86047363,-90.68885000,-77.08055000
8.86108398,-94.63592000,-74.95574000
8.86169434,-87.58956000,-72.95798000
8.86230469,-84.90101000,-76.91879000
8.86291504,-85.56003000,-75.63995000
8.86352539,-89.37227000,-72.71127000
8.86413574,-88.10638000,-74.11500000
8.86474609,-86.42467000,-72.55746000
8.86535645,-86.92450000,-68.86598000
8.86596680,-86.50699000,-67.60369000
8.86657715,-87.29346000,-69.75056000
8.86718750,-91.03400000,-68.35735000
8.86779785,-96.16669000,-69.46267000
8.86840820,-96.93970000,-72.67843000
8.86901855,-91.23673000,-74.53526000
8.86962891,-87.48283000,-81.24996000
8.87023926,-90.93169000,-87.43642000
8.87084961,-101.01090000,-81.63361000
8.87145996,-99.60310000,-72.26213000
8.87207031,-89.85055000,-71.83463000
8.87268066,-87.90363000,-71.59867000
8.87329102,-89.19490000,-70.87247000
8.87390137,-90.06638000,-71.72514000
8.87451172,-88.43506000,-74.04375000
8.87512207,-88.90356000,-70.35018000
8.87573242,-109.54510000,-71.82664000
8.87634277,-111.40510000,-75.80315000
8.87695313,-101.08910000,-74.97296000
8.87756348,-91.91682000,-74.88407000
8.87817383,-89.86916000,-72.49330000
8.87878418,-92.83707000,-70.29984000
8.87939453,-97.15076000,-69.93378000
8.88000488,-92.98779000,-75.70121000
8.88061523,-88.55844000,-72.02837000
8.88122559,-96.50380000,-66.34895000
8.88183594,-99.87515000,-69.13505000
8.88244629,-92.50253000,-75.97077000
8.88305664,-86.35823000,-69.74572000
8.88366699,-88.70185000,-70.26325000
8.88427734,-88.48370000,-75.88483000
8.88488770,-91.41211000,-68.67058000
8.88549805,-95.96425000,-67.00366000
8.88610840,-93.85211000,-69.20410000
8.88671875,-92.48684000,-71.38543000
8.88732910,-90.52024000,-72.24114000
8.88793945,-91.09166000,-69.20724000
8.88854980,-96.23253000,-68.21465000
8.88916016,-92.20795000,-75.62493000
8.88977051,-90.39567000,-72.54357000
8.89038086,-94.13875000,-70.54580000
8.89099121,-98.52692000,-74.64409000
8.89160156,-97.24021000,-82.00276000
8.89221191,-93.98988000,-79.16552000
8.89282227,-88.23816000,-84.39711000
8.89343262,-86.20293000,-79.89631000
8.89404297,-87.07771000,-74.78334000
8.89465332,-85.82961000,-73.26196000
8.89526367,-82.30851000,-72.65034000
8.89587402,-80.02758000,-77.21919000
8.89648438,-84.19701000,-94.66228000
8.89709473,-95.69640000,-81.14602000
8.89770508,-93.79558000,-81.94630000
8.89831543,-91.74094000,-80.02817000
8.89892578,-102.03690000,-73.58782000
8.89953613,-90.87294000,-69.66566000
8.90014648,-89.38654000,-75.56195000
8.90075684,-97.99709000,-73.22635000
8.90136719,-91.53909000,-70.04056000
8.90197754,-93.15544000,-70.59222000
8.90258789,-103.98060000,-69.27509000
8.90319824,-92.06387000,-69.90889000
8.90380859,-92.62067000,-73.69149000
8.90441895,-90.16945000,-84.18504000
8.90502930,-102.33570000,-81.68324000
8.90563965,-86.65685000,-84.25950000
8.90625000,-84.81569000,-90.76935000
8.90686035,-88.73203000,-87.59408000
8.90747070,-91.96584000,-84.72823000
8.90808105,-90.35073000,-74.20921000
8.90869141,-94.09417000,-72.49032000
8.90930176,-93.39893000,-83.74876000
8.90991211,-92.03423000,-79.50441000
8.91052246,-88.42401000,-73.04916000
8.91113281,-88.08574000,-69.99099000
8.91174316,-87.45052000,-76.21682000
8.91235352,-85.58655000,-74.10883000
8.91296387,-85.75500000,-74.24561000
8.91357422,-88.71861000,-73.38300000
8.91418457,-94.10321000,-68.59653000
8.91479492,-104.87110000,-76.34198000
8.91540527,-92.19885000,-76.55351000
8.91601563,-89.02398000,-79.61086000
8.91662598,-79.64210000,-89.10080000
8.91723633,-75.72480000,-76.00787000
8.91784668,-77.08374000,-74.64655000
8.91845703,-82.80434000,-74.70052000
8.91906738,-90.65426000,-76.73381000
8.91967773,-88.44952000,-83.16380000
8.92028809,-93.56207000,-74.41673000
8.92089844,-92.84943000,-73.31927000
8.92150879,-89.03741000,-72.19283000
8.92211914,-91.32813000,-71.93011000
8.92272949,-95.58563000,-71.65607000
8.92333984,-96.09191000,-74.52958000
8.92395020,-100.35040000,-86.64960000
8.92456055,-93.19759000,-79.11774000
8.92517090,-89.69064000,-74.95857000
8.92578125,-93.67603000,-72.38824000
8.92639160,-90.41928000,-70.26765000
8.92700195,-85.92506000,-74.99129000
8.92761230,-87.27473000,-78.57054000
8.92822266,-94.84924000,-87.09196000
8.92883301,-104.84340000,-75.87939000
8.92944336,-93.28996000,-81.44387000
8.93005371,-90.16908000,-86.35559000
8.93066406,-95.56863000,-80.83414000
8.93127441,-97.44656000,-77.12426000
8.93188477,-89.24297000,-80.63913000
8.93249512,-88.31314000,-82.11986000
8.93310547,-93.34935000,-80.09698000
8.93371582,-99.94572000,-92.74614000
8.93432617,-113.60110000,-80.48183000
8.93493652,-97.26777000,-71.54494000
8.93554688,-104.58820000,-69.99512000
8.93615723,-96.05187000,-76.47823000
8.93676758,-89.68655000,-83.20153000
8.93737793,-82.89990000,-78.93960000
8.93798828,-77.61407000,-71.14796000
8.93859863,-80.75464000,-70.70717000
8.93920898,-87.08467000,-74.55852000
8.93981934,-84.40334000,-74.57510000
8.94042969,-86.25099000,-70.48043000
8.94104004,-91.49545000,-68.14498000
8.94165039,-90.09966000,-69.16074000
8.94226074,-89.13843000,-70.14637000
8.94287109,-92.75623000,-70.18845000
8.94348145,-93.26107000,-72.31370000
8.94409180,-88.83435000,-94.66249000
8.94470215,-89.18438000,-74.03529000
8.94531250,-93.01270000,-68.97404000
8.94592285,-100.22450000,-67.72144000
8.94653320,-98.24098000,-70.70792000
8.94714355,-106.74080000,-73.05876000
8.94775391,-93.15749000,-71.13562000
8.94836426,-86.93571000,-71.81602000
8.94897461,-87.02343000,-76.99963000
8.94958496,-90.77914000,-74.84178000
8.95019531,-90.75354000,-75.65247000
8.95080566,-85.08762000,-81.89735000
8.95141602,-85.88218000,-86.28882000
8.95202637,-93.21560000,-75.00076000
8.95263672,-87.48203000,-71.54483000
8.95324707,-87.15348000,-77.64619000
8.95385742,-93.58205000,-86.95284000
8.95446777,-86.24666000,-77.96899000
8.95507813,-84.37092000,-74.97933000
8.95568848,-88.67416000,-73.78215000
8.95629883,-90.00011000,-76.21103000
8.95690918,-83.82267000,-76.43607000
8.95751953,-85.02853000,-69.69115000
8.95812988,-83.88974000,-66.96655000
8.95874023,-76.10175000,-69.42228000
8.95935059,-76.92294000,-73.90708000
8.95996094,-86.32689000,-83.55465000
8.96057129,-96.89003000,-77.13168000
8.96118164,-91.79482000,-71.98160000
8.96179199,-91.80515000,-73.76981000
8.96240234,-96.40158000,-75.55786000
8.96301270,-122.38330000,-69.70811000
8.96362305,-102.52140000,-67.64571000
8.96423340,-93.84106000,-70.50027000
8.96484375,-92.53345000,-75.59671000
8.96545410,-89.71439000,-80.13802000
8.96606445,-98.46932000,-81.18744000
8.96667480,-95.72026000,-81.16881000
8.96728516,-102.00980000,-78.34647000
8.96789551,-96.87701000,-76.09370000
8.96850586,-92.42474000,-82.52097000
8.96911621,-92.00260000,-83.41060000
8.96972656,-90.06755000,-77.71945000
8.97033691,-90.55334000,-76.11718000
8.97094727,-88.79182000,-74.58897000
8.97155762,-85.44885000,-69.86317000
8.97216797,-87.34802000,-67.60654000
8.97277832,-91.63807000,-72.79642000
8.97338867,-92.29816000,-79.02467000
8.97399902,-93.37399000,-74.98388000
8.97460938,-97.95313000,-78.12135000
8.97521973,-93.80698000,-74.67551000
8.97583008,-86.90408000,-73.68558000
8.97644043,-84.06552000,-71.00053000
8.97705078,-82.68929000,-68.06548000
8.97766113,-82.90489000,-71.00501000
8.97827148,-85.89957000,-75.52715000
8.97888184,-88.73620000,-68.52437000
8.97949219,-82.36646000,-71.98865000
8.98010254,-78.58220000,-79.29465000
8.98071289,-83.47381000,-74.07888000
8.98132324,-91.63734000,-74.77058000
8.98193359,-87.36657000,-76.01574000
8.98254395,-83.87328000,-76.80357000
8.98315430,-85.86334000,-79.03622000
8.98376465,-92.97722000,-77.58681000
8.98437500,-91.84488000,-71.91053000
8.98498535,-93.05447000,-70.70189000
8.98559570,-101.74990000,-70.51399000
8.98620605,-92.36363000,-68.72975000
8.98681641,-91.43906000,-69.12930000
8.98742676,-101.99670000,-72.85178000
8.98803711,-94.50748000,-71.76289000
8.98864746,-93.21014000,-75.00555000
8.98925781,-95.77480000,-79.72240000
8.98986816,-89.92567000,-75.68025000
8.99047852,-89.65790000,-86.24963000
8.99108887,-89.36164000,-79.93239000
8.99169922,-88.54989000,-78.80260000
8.99230957,-97.49995000,-102.19450000
8.99291992,-98.24822000,-79.89993000
8.99353027,-99.14815000,-77.80485000
8.99414063,-90.00259000,-81.25240000
8.99475098,-85.67104000,-84.82418000
8.99536133,-84.32526000,-74.89460000
8.99597168,-85.65826000,-72.48597000
8.99658203,-89.47384000,-74.10972000
8.99719238,-98.14793000,-79.65965000
8.99780273,-103.59770000,-75.89273000
8.99841309,-94.54324000,-71.69361000
8.99902344,-83.60701000,-72.40290000
8.99963379,-81.78973000,-71.67686000
9.00024414,-83.86478000,-74.75079000
9.00085449,-79.98685000,-79.94397000
9.00146484,-82.67195000,-76.52277000
9.00207520,-96.95490000,-73.38721000
9.00268555,-107.46640000,-69.52676000
9.00329590,-97.56964000,-79.43070000
9.00390625,-96.10724000,-72.52267000
9.00451660,-95.20779000,-70.05276000
9.00512695,-103.93580000,-77.27054000
9.00573730,-94.02516000,-78.58306000
9.00634766,-94.21179000,-71.62172000
9.00695801,-91.39119000,-71.26213000
9.00756836,-90.17471000,-71.78487000
9.00817871,-97.21791000,-68.73843000
9.00878906,-96.72993000,-70.88722000
9.00939941,-95.29466000,-79.68486000
9.01000977,-97.09998000,-76.38800000
9.01062012,-90.26608000,-73.95506000
9.01123047,-105.58710000,-72.75859000
9.01184082,-93.91072000,-71.02883000
9.01245117,-94.83295000,-70.59500000
9.01306152,-94.60722000,-70.93507000
9.01367188,-91.81261000,-74.50343000
9.01428223,-88.22131000,-73.48685000
9.01489258,-88.79105000,-74.31568000
9.01550293,-94.83929000,-85.68289000
9.01611328,-95.11296000,-76.58716000
9.01672363,-90.07079000,-85.21790000
9.01733398,-88.67217000,-78.14047000
9.01794434,-94.25339000,-75.91647000
9.01855469,-96.92284000,-80.01102000
9.01916504,-97.30874000,-80.00150000
9.01977539,-106.92110000,-75.06940000
9.02038574,-102.78930000,-103.85190000
9.02099609,-91.24779000,-72.48831000
9.02160645,-85.18158000,-71.26842000
9.02221680,-83.12649000,-73.69310000
9.02282715,-85.65285000,-73.15865000
9.02343750,-84.98627000,-73.68436000
9.02404785,-85.57922000,-86.72556000
9.02465820,-85.52269000,-74.16067000
9.02526855,-85.54046000,-72.91055000
9.02587891,-89.54380000,-74.21140000
9.02648926,-94.92598000,-78.07177000
9.02709961,-91.73740000,-77.30707000
9.02770996,-92.02100000,-82.44615000
9.02832031,-100.60080000,-69.02511000
9.02893066,-101.70460000,-65.46693000
9.02954102,-101.97160000,-67.57833000
9.03015137,-102.86420000,-74.33602000
9.03076172,-110.66460000,-82.41127000
9.03137207,-105.73080000,-74.57292000
9.03198242,-101.24760000,-70.21854000
9.03259277,-96.51557000,-70.83338000
9.03320313,-90.22429000,-81.68776000
9.03381348,-87.83958000,-72.88561000
9.03442383,-85.31109000,-72.83374000
9.03503418,-85.23498000,-85.14550000
9.03564453,-88.88113000,-86.39670000
9.03625488,-90.40160000,-83.20673000
9.03686523,-86.60763000,-78.06136000
9.03747559,-86.68046000,-74.96561000
9.03808594,-90.25082000,-76.61778000
9.03869629,-92.43985000,-75.08597000
9.03930664,-96.53632000,-70.65520000
9.03991699,-87.27966000,-71.01037000
9.04052734,-87.31607000,-70.34959000
9.04113770,-87.35983000,-70.72756000
9.04174805,-87.24074000,-71.04042000
9.04235840,-84.05928000,-71.77699000
9.04296875,-78.16576000,-77.00787000
9.04357910,-78.28058000,-75.16454000
9.04418945,-81.84555000,-76.99876000
9.04479980,-86.30247000,-79.41354000
9.04541016,-101.67630000,-73.20726000
9.04602051,-92.26147000,-71.29390000
9.04663086,-93.40756000,-70.98532000
9.04724121,-93.33573000,-71.75890000
9.04785156,-97.24704000,-80.49888000
9.04846191,-91.86936000,-78.67636000
9.04907227,-91.04749000,-72.66653000
9.04968262,-97.77393000,-70.26561000
9.05029297,-93.11166000,-68.80698000
9.05090332,-91.82599000,-69.04321000
9.05151367,-95.60074000,-78.33059000
9.05212402,-96.37730000,-78.91898000
9.05273438,-98.68481000,-78.32221000
9.05334473,-97.69807000,-81.40426000
9.05395508,-89.36414000,-79.39844000
9.05456543,-86.96873000,-74.68403000
9.05517578,-86.73389000,-69.86420000
9.05578613,-88.20490000,-66.61541000
9.05639648,-92.67091000,-68.32596000
9.05700684,-112.71940000,-73.83401000
9.05761719,-101.48280000,-72.00507000
9.05822754,-109.26090000,-74.43896000
9.05883789,-91.34294000,-73.33743000
9.05944824,-86.46210000,-72.52074000
9.06005859,-89.47373000,-77.45226000
9.06066895,-89.53305000,-84.71722000
9.06127930,-90.50498000,-81.62093000
9.06188965,-99.93934000,-80.31913000
9.06250000,-99.42957000,-72.45461000
9.06311035,-96.21353000,-74.64371000
9.06372070,-86.93883000,-81.48074000
9.06433105,-85.53459000,-81.39993000
9.06494141,-91.34406000,-82.18685000
9.06555176,-110.56370000,-82.00530000
9.06616211,-94.32394000,-81.28300000
9.06677246,-89.58771000,-81.46043000
9.06738281,-86.74606000,-77.04408000
9.06799316,-86.17030000,-73.22874000
9.06860352,-88.09874000,-71.99557000
9.06921387,-95.99297000,-75.01463000
9.06982422,-96.58046000,-78.08305000
9.07043457,-95.36699000,-96.94405000
9.07104492,-96.53145000,-77.17729000
9.07165527,-94.20842000,-69.20911000
9.07226563,-92.24443000,-66.51503000
9.07287598,-92.40833000,-67.69103000
9.07348633,-91.35720000,-71.28475000
9.07409668,-87.97610000,-75.76894000
9.07470703,-87.14019000,-80.96138000
9.07531738,-88.55225000,-71.44919000
9.07592773,-91.59132000,-68.67493000
9.07653809,-90.62532000,-69.45596000
9.07714844,-88.72636000,-76.86179000
9.07775879,-89.54564000,-77.99145000
9.07836914,-94.02345000,-70.07066000
9.07897949,-98.40999000,-70.43381000
9.07958984,-91.26114000,-80.22701000
9.08020020,-85.69470000,-79.75371000
9.08081055,-87.72678000,-86.66559000
9.08142090,-97.64824000,-81.28417000
9.08203125,-99.71371000,-74.12598000
9.08264160,-96.01836000,-78.09409000
9.08325195,-93.86284000,-92.03991000
9.08386230,-93.51684000,-77.65924000
9.08447266,-86.62876000,-72.03555000
9.08508301,-84.26124000,-73.55470000
9.08569336,-86.67247000,-75.93986000
9.08630371,-91.22853000,-81.73079000
9.08691406,-88.01727000,-78.66976000
9.08752441,-88.14613000,-75.09381000
9.08813477,-94.54456000,-75.63674000
9.08874512,-105.67000000,-74.30529000
9.08935547,-98.44509000,-72.41624000
9.08996582,-96.66126000,-77.16213000
9.09057617,-94.95296000,-80.63066000
9.09118652,-91.59538000,-72.47418000
9.09179688,-90.71526000,-77.02103000
9.09240723,-95.70344000,-77.61954000
9.09301758,-105.21650000,-70.20598000
9.09362793,-106.54320000,-69.12720000
9.09423828,-106.88730000,-72.75255000
9.09484863,-108.38720000,-75.35613000
9.09545898,-94.00410000,-72.65204000
9.09606934,-91.13194000,-74.12193000
9.09667969,-100.84500000,-74.23727000
9.09729004,-89.10953000,-71.36044000
9.09790039,-87.81610000,-78.33531000
9.09851074,-91.96783000,-74.15637000
9.09912109,-100.99030000,-72.75512000
9.09973145,-89.13071000,-79.13794000
9.10034180,-89.54754000,-79.62614000
9.10095215,-91.35809000,-82.31613000
9.10156250,-89.94938000,-73.75713000
9.10217285,-96.36127000,-69.42862000
9.10278320,-94.19991000,-67.82425000
9.10339355,-94.86507000,-72.49435000
9.10400391,-89.41794000,-76.12929000
9.10461426,-85.25272000,-75.77155000
9.10522461,-86.41216000,-73.22531000
9.10583496,-88.27046000,-75.89949000
9.10644531,-93.45753000,-79.07249000
9.10705566,-104.71690000,-72.64985000
9.10766602,-106.48670000,-70.90112000
9.10827637,-96.01513000,-73.19982000
9.10888672,-90.38335000,-73.30544000
9.10949707,-89.86319000,-70.44379000
9.11010742,-91.25327000,-68.59635000
9.11071777,-90.93210000,-67.60902000
9.11132813,-88.44189000,-70.12730000
9.11193848,-89.49440000,-78.87176000
9.11254883,-91.51144000,-79.16425000
9.11315918,-91.87783000,-73.51687000
9.11376953,-88.81393000,-72.22722000
9.11437988,-89.03441000,-74.51383000
9.11499023,-94.47911000,-85.54340000
9.11560059,-87.79000000,-74.91846000
9.11621094,-84.93059000,-71.34139000
9.11682129,-91.87477000,-74.87401000
9.11743164,-89.77834000,-79.64404000
9.11804199,-90.78551000,-72.01713000
9.11865234,-96.97484000,-71.60354000
9.11926270,-93.43307000,-73.60017000
9.11987305,-91.00623000,-74.67795000
9.12048340,-86.42258000,-72.62450000
9.12109375,-85.55008000,-72.61741000
9.12170410,-86.00861000,-71.19951000
9.12231445,-87.47816000,-73.52039000
9.12292480,-93.93081000,-83.45531000
9.12353516,-101.84090000,-86.29550000
9.12414551,-97.91888000,-80.18230000
9.12475586,-97.70705000,-85.26952000
9.12536621,-86.86235000,-76.95764000
9.12597656,-83.89240000,-71.97239000
9.12658691,-86.15912000,-70.76095000
9.12719727,-86.90141000,-70.95181000
9.12780762,-90.08014000,-73.53873000
9.12841797,-106.74420000,-72.93757000
9.12902832,-99.22512000,-70.63068000
9.12963867,-91.74675000,-71.69311000
9.13024902,-86.99792000,-87.82314000
9.13085938,-90.18892000,-71.10919000
9.13146973,-102.80840000,-71.27580000
9.13208008,-101.17050000,-73.44530000
9.13269043,-96.53331000,-71.86213000
9.13330078,-93.99079000,-75.16746000
9.13391113,-102.46450000,-87.06517000
9.13452148,-99.64161000,-86.65251000
9.13513184,-96.34639000,-94.62017000
9.13574219,-92.46445000,-101.17880000
9.13635254,-94.60039000,-79.40942000
9.13696289,-102.58620000,-75.13490000
9.13757324,-93.98042000,-72.73019000
9.13818359,-91.75732000,-69.25716000
9.13879395,-91.00508000,-68.80670000
9.13940430,-94.91307000,-70.18777000
9.14001465,-98.34072000,-72.74648000
9.14062500,-95.53127000,-79.00098000
9.14123535,-94.66853000,-76.77457000
9.14184570,-95.79296000,-80.05338000
9.14245605,-99.74792000,-70.23316000
9.14306641,-92.54102000,-71.26120000
9.14367676,-87.92152000,-75.12736000
9.14428711,-91.19869000,-72.15551000
9.14489746,-96.85340000,-72.10012000
9.14550781,-99.66161000,-73.71072000
9.14611816,-90.86246000,-69.99516000
9.14672852,-96.45833000,-72.54342000
9.14733887,-93.57719000,-80.79792000
9.14794922,-91.02111000,-72.49032000
9.14855957,-98.56800000,-75.59801000
9.14916992,-94.04919000,-76.47160000
9.14978027,-94.01402000,-73.09802000
9.15039063,-99.88743000,-69.92733000
9.15100098,-102.31020000,-68.88641000
9.15161133,-94.28222000,-70.38579000
9.15222168,-90.74564000,-72.39637000
9.15283203,-90.68394000,-76.63301000
9.15344238,-91.83511000,-81.45354000
9.15405273,-95.25737000,-81.40018000
9.15466309,-93.96523000,-72.84970000
9.15527344,-90.88109000,-72.17314000
9.15588379,-91.84097000,-75.32901000
9.15649414,-95.83961000,-74.84561000
9.15710449,-84.26959000,-69.06060000
9.15771484,-81.50921000,-68.96455000
9.15832520,-83.30833000,-75.31256000
9.15893555,-90.21900000,-81.11322000
9.15954590,-92.87742000,-74.55316000
9.16015625,-88.04118000,-76.76808000
9.16076660,-94.90899000,-83.49901000
9.16137695,-100.67390000,-76.61745000
9.16198730,-91.08495000,-77.37211000
9.16259766,-100.43460000,-82.69601000
9.16320801,-91.07613000,-76.36018000
9.16381836,-88.42622000,-71.46128000
9.16442871,-89.24060000,-76.92625000
9.16503906,-91.19200000,-71.80474000
9.16564941,-92.10703000,-68.53862000
9.16625977,-89.71859000,-71.37505000
9.16687012,-88.85041000,-73.53870000
9.16748047,-92.10842000,-72.06937000
9.16809082,-98.79420000,-78.50750000
9.16870117,-89.78133000,-71.33430000
9.16931152,-88.26109000,-73.18204000
9.16992188,-90.31825000,-78.86423000
9.17053223,-92.17521000,-87.88477000
9.17114258,-97.76431000,-90.44708000
9.17175293,-92.21407000,-79.45077000
9.17236328,-90.19830000,-75.97006000
9.17297363,-94.64966000,-76.34800000
9.17358398,-108.42260000,-79.80833000
9.17419434,-95.97756000,-86.71185000
9.17480469,-98.60233000,-83.26341000
9.17541504,-95.73050000,-74.88595000
9.17602539,-89.87677000,-72.15627000
9.17663574,-88.22160000,-83.42458000
9.17724609,-92.02431000,-76.96542000
9.17785645,-92.64655000,-76.58235000
9.17846680,-91.27875000,-76.21590000
9.17907715,-91.19804000,-73.12579000
9.17968750,-90.62771000,-70.70612000
9.18029785,-99.66084000,-73.03201000
9.18090820,-88.83504000,-80.67138000
9.18151855,-89.95255000,-78.87658000
9.18212891,-93.66144000,-73.65228000
9.18273926,-92.60605000,-72.98016000
9.18334961,-94.52045000,-75.50655000
9.18395996,-101.65320000,-81.41930000
9.18457031,-92.59122000,-84.69266000
9.18518066,-94.56139000,-77.34647000
9.18579102,-104.06050000,-77.56976000
9.18640137,-90.91216000,-80.83273000
9.18701172,-89.90867000,-68.98552000
9.18762207,-99.07067000,-68.88648000
9.18823242,-100.55990000,-74.86165000
9.18884277,-110.03610000,-71.29112000
9.18945313,-97.14082000,-73.66803000
9.19006348,-91.71785000,-75.75626000
9.19067383,-91.12705000,-76.47666000
9.19128418,-96.00841000,-72.10265000
9.19189453,-94.42072000,-67.97752000
9.19250488,-92.04688000,-66.80632000
9.19311523,-92.12717000,-69.25999000
9.19372559,-89.31815000,-73.76557000
9.19433594,-87.32109000,-83.13125000
9.19494629,-89.79664000,-83.77411000
9.19555664,-91.40556000,-76.63302000
9.19616699,-90.60408000,-85.74383000
9.19677734,-92.50201000,-76.71581000
9.19738770,-90.46069000,-69.83728000
9.19799805,-94.55491000,-70.54706000
9.19860840,-90.20120000,-73.39761000
9.19921875,-85.56154000,-77.28534000
9.19982910,-88.74157000,-80.51693000
9.20043945,-92.68098000,-71.58707000
9.20104980,-95.11458000,-74.06940000
9.20166016,-94.72480000,-78.11237000
9.20227051,-92.23327000,-71.57727000
9.20288086,-91.19892000,-71.06665000
9.20349121,-87.05682000,-75.34698000
9.20410156,-93.02460000,-74.22277000
9.20471191,-93.26439000,-72.73946000
9.20532227,-92.51252000,-71.74976000
9.20593262,-93.23251000,-72.86298000
9.20654297,-87.03790000,-77.40507000
9.20715332,-87.17276000,-81.78789000
9.20776367,-95.99387000,-82.52090000
9.20837402,-93.47629000,-76.70380000
9.20898438,-89.86922000,-85.51643000
9.20959473,-91.52314000,-69.78717000
9.21020508,-99.60201000,-66.67247000
9.21081543,-95.20179000,-74.57568000
9.21142578,-91.72334000,-66.69109000
9.21203613,-90.04236000,-67.03777000
9.21264648,-92.60390000,-74.16503000
9.21325684,-99.02055000,-80.28846000
9.21386719,-92.83977000,-77.36732000
9.21447754,-92.55837000,-76.54630000
9.21508789,-92.60866000,-79.00066000
9.21569824,-111.84800000,-76.26453000
9.21630859,-90.09325000,-70.73932000
9.21691895,-79.90627000,-70.56761000
9.21752930,-74.03922000,-77.80975000
9.21813965,-75.58140000,-83.22453000
9.21875000,-84.04594000,-83.94012000
9.21936035,-93.37050000,-82.06989000
9.21997070,-90.64796000,-72.75238000
9.22058105,-90.04015000,-73.78915000
9.22119141,-90.86281000,-76.67771000
9.22180176,-90.44877000,-71.67538000
9.22241211,-92.95856000,-72.47318000
9.22302246,-90.82398000,-75.34246000
9.22363281,-86.85581000,-75.75477000
9.22424316,-87.47360000,-76.12792000
9.22485352,-95.53979000,-77.35838000
9.22546387,-102.51680000,-72.66371000
9.22607422,-94.01840000,-71.29340000
9.22668457,-90.15885000,-70.84098000
9.22729492,-93.06174000,-70.35838000
9.22790527,-99.84972000,-74.27195000
9.22851563,-89.77397000,-72.75140000
9.22912598,-88.74014000,-73.17493000
9.22973633,-88.84357000,-72.88539000
9.23034668,-88.20815000,-72.29050000
9.23095703,-92.83149000,-75.48224000
9.23156738,-95.61551000,-85.27002000
9.23217773,-91.29142000,-72.89569000
9.23278809,-87.38098000,-73.51627000
9.23339844,-89.15016000,-75.29046000
9.23400879,-93.43401000,-73.24045000
9.23461914,-92.36423000,-74.63958000
9.23522949,-93.22025000,-74.49830000
9.23583984,-98.60501000,-77.74784000
9.23645020,-111.09070000,-78.82424000
9.23706055,-106.09240000,-75.35936000
9.23767090,-99.30312000,-70.17902000
9.23828125,-93.64826000,-69.68967000
9.23889160,-97.50922000,-72.13133000
9.23950195,-92.64522000,-74.52706000
9.24011230,-88.06248000,-88.21706000
9.24072266,-100.63020000,-76.19917000
9.24133301,-94.65061000,-75.06326000
9.24194336,-91.65862000,-74.63667000
9.24255371,-92.54231000,-77.58151000
9.24316406,-103.80080000,-81.23765000
9.24377441,-99.46437000,-78.70634000
9.24438477,-93.93797000,-79.30804000
9.24499512,-87.62597000,-75.08112000
9.24560547,-91.36272000,-79.04761000
9.24621582,-99.35101000,-72.70175000
9.24682617,-98.77109000,-73.24394000
9.24743652,-97.64059000,-72.46651000
9.24804688,-88.20747000,-72.28843000
9.24865723,-83.56701000,-73.55291000
9.24926758,-82.96783000,-72.39576000
9.24987793,-86.66698000,-69.27245000
9.25048828,-92.30445000,-69.09163000
9.25109863,-111.50670000,-84.30833000
9.25170898,-93.22009000,-70.81266000
9.25231934,-88.51066000,-70.03519000
9.25292969,-89.30233000,-74.35724000
9.25354004,-90.51965000,-70.24451000
9.25415039,-87.33296000,-72.00442000
9.25476074,-87.58968000,-92.76943000
9.25537109,-91.79230000,-76.24756000
9.25598145,-96.68690000,-75.10066000
9.25659180,-96.23005000,-73.05495000
9.25720215,-93.33701000,-80.41553000
9.25781250,-88.89397000,-78.95165000
9.25842285,-91.94722000,-70.72102000
9.25903320,-92.88300000,-71.24545000
9.25964355,-92.94445000,-78.55264000
9.26025391,-96.87809000,-82.66814000
9.26086426,-97.45850000,-73.91149000
9.26147461,-91.73988000,-72.41769000
9.26208496,-90.18742000,-76.00455000
9.26269531,-99.36890000,-91.13188000
9.26330566,-94.50673000,-70.24718000
9.26391602,-88.07735000,-69.96535000
9.26452637,-88.25365000,-70.62793000
9.26513672,-91.82143000,-81.81174000
9.26574707,-90.88296000,-82.47498000
9.26635742,-94.85454000,-77.48591000
9.26696777,-102.45650000,-69.73435000
9.26757813,-110.50200000,-69.96082000
9.26818848,-104.98450000,-70.57382000
9.26879883,-113.21670000,-68.44306000
9.26940918,-107.57610000,-73.25273000
9.27001953,-98.17290000,-75.40927000
9.27062988,-103.29930000,-72.24235000
9.27124023,-114.06390000,-75.12343000
9.27185059,-101.14310000,-77.65981000
9.27246094,-87.35345000,-70.05291000
9.27307129,-82.68134000,-77.18073000
9.27368164,-85.20679000,-78.99435000
9.27429199,-98.67421000,-76.04255000
9.27490234,-93.67770000,-83.14518000
9.27551270,-89.38800000,-116.84960000
9.27612305,-88.91481000,-84.63174000
9.27673340,-92.79873000,-79.24626000
9.27734375,-88.56545000,-97.15301000
9.27795410,-85.74892000,-86.04251000
9.27856445,-87.30930000,-79.78629000
9.27917480,-93.08444000,-73.12093000
9.27978516,-95.68094000,-74.15391000
9.28039551,-89.57801000,-70.82343000
9.28100586,-93.16212000,-71.31496000
9.28161621,-96.89481000,-79.51978000
9.28222656,-88.39310000,-77.82150000
9.28283691,-88.06459000,-81.17699000
9.28344727,-90.70938000,-83.31944000
9.28405762,-97.98354000,-80.30972000
9.28466797,-102.27910000,-75.77719000
9.28527832,-106.35910000,-74.42015000
9.28588867,-94.77050000,-72.94386000
9.28649902,-94.19856000,-77.87091000
9.28710938,-100.14560000,-75.54587000
9.28771973,-90.44957000,-71.25943000
9.28833008,-96.01314000,-71.06985000
9.28894043,-88.02548000,-68.46673000
9.28955078,-87.43173000,-69.70871000
9.29016113,-87.36355000,-78.75742000
9.29077148,-89.29702000,-76.60277000
9.29138184,-94.41701000,-80.26251000
9.29199219,-102.27630000,-75.05565000
9.29260254,-103.87340000,-72.42187000
9.29321289,-94.48890000,-71.90099000
9.29382324,-98.65244000,-70.06190000
9.29443359,-104.11700000,-68.57921000
9.29504395,-96.80993000,-69.60538000
9.29565430,-95.09182000,-75.17670000
9.29626465,-94.15172000,-85.64378000
9.29687500,-91.23185000,-99.38638000
9.29748535,-91.60938000,-82.25966000
9.29809570,-97.75763000,-76.75987000
9.29870605,-91.71919000,-82.09990000
9.29931641,-91.09946000,-76.92329000
9.29992676,-91.86380000,-72.51787000
9.30053711,-106.82030000,-84.26163000
9.30114746,-90.32027000,-73.96460000
9.30175781,-89.60071000,-70.14195000
9.30236816,-91.89976000,-74.05740000
9.30297852,-95.12112000,-80.82117000
9.30358887,-90.06639000,-78.45412000
9.30419922,-88.96912000,-81.25388000
9.30480957,-86.68163000,-77.47017000
9.30541992,-87.19703000,-79.45627000
9.30603027,-85.22401000,-76.40617000
9.30664063,-86.98953000,-69.37674000
9.30725098,-92.15530000,-72.77742000
9.30786133,-91.75296000,-95.68011000
9.30847168,-88.63324000,-82.42357000
9.30908203,-88.33057000,-75.01778000
9.30969238,-93.22163000,-71.34846000
9.31030273,-95.48568000,-71.29456000
9.31091309,-100.66300000,-79.20077000
9.31152344,-96.70364000,-68.68336000
9.31213379,-91.81676000,-68.40911000
9.31274414,-85.94193000,-70.22811000
9.31335449,-85.09494000,-70.08434000
9.31396484,-90.83778000,-73.05325000
9.31457520,-96.83521000,-77.45415000
9.31518555,-95.95641000,-75.85609000
9.31579590,-98.11158000,-78.77457000
9.31640625,-92.86044000,-78.75836000
9.31701660,-89.96918000,-73.08101000
9.31762695,-89.27048000,-74.36197000
9.31823730,-90.83333000,-79.83368000
9.31884766,-88.62727000,-67.53520000
9.31945801,-84.90445000,-67.59877000
9.32006836,-84.77501000,-73.14622000
9.32067871,-88.52466000,-76.29794000
9.32128906,-92.62521000,-73.17793000
9.32189941,-101.92270000,-71.53577000
9.32250977,-88.70795000,-70.41881000
9.32312012,-85.04868000,-68.04500000
9.32373047,-86.12823000,-68.67261000
9.32434082,-98.98059000,-74.91878000
9.32495117,-87.22517000,-82.15255000
9.32556152,-86.52772000,-76.35461000
9.32617188,-89.01463000,-77.30674000
9.32678223,-90.46748000,-79.48484000
9.32739258,-97.12656000,-75.50260000
9.32800293,-99.38241000,-85.92677000
9.32861328,-90.22919000,-73.23454000
9.32922363,-85.54569000,-71.57827000
9.32983398,-86.56284000,-77.66478000
9.33044434,-92.72771000,-78.12396000
9.33105469,-94.66247000,-70.03468000
9.33166504,-92.94585000,-69.64715000
9.33227539,-96.63197000,-66.41492000
9.33288574,-104.52100000,-68.33459000
9.33349609,-96.16794000,-73.52912000
9.33410645,-89.91013000,-72.94685000
9.33471680,-88.16260000,-80.26585000
9.33532715,-88.19301000,-75.68557000
9.33593750,-90.03968000,-73.88563000
9.33654785,-87.59549000,-69.71676000
9.33715820,-85.95796000,-70.36043000
9.33776855,-87.28584000,-77.23425000
9.33837891,-90.95409000,-81.62247000
9.33898926,-91.02200000,-80.79894000
9.33959961,-93.70204000,-74.48753000
9.34020996,-97.20721000,-69.45706000
9.34082031,-94.22016000,-67.72177000
9.34143066,-94.01752000,-67.82426000
9.34204102,-91.59069000,-67.74614000
9.34265137,-92.06480000,-72.41187000
9.34326172,-93.84766000,-74.05824000
9.34387207,-91.33749000,-80.62405000
9.34448242,-94.20271000,-72.04886000
9.34509277,-97.35427000,-71.80604000
9.34570313,-96.57673000,-73.91197000
9.34631348,-92.80453000,-80.39018000
9.34692383,-90.97353000,-85.82984000
9.34753418,-92.60967000,-83.46661000
9.34814453,-88.51073000,-81.56960000
9.34875488,-84.18790000,-78.82308000
9.34936523,-83.63636000,-79.81023000
9.34997559,-86.09325000,-77.38084000
9.35058594,-89.11282000,-70.98056000
9.35119629,-91.01830000,-73.84034000
9.35180664,-91.61625000,-79.27586000
9.35241699,-88.01800000,-79.26218000
9.35302734,-86.66965000,-72.70795000
9.35363770,-92.03297000,-70.50239000
9.35424805,-108.30940000,-72.83857000
9.35485840,-93.01548000,-78.22906000
9.35546875,-93.03246000,-77.71728000
9.35607910,-102.72320000,-77.07603000
9.35668945,-92.11716000,-75.09032000
9.35729980,-94.17931000,-75.62875000
9.35791016,-89.81927000,-77.71453000
9.35852051,-90.03377000,-81.89331000
9.35913086,-97.76172000,-77.98211000
9.35974121,-99.63896000,-77.84804000
9.36035156,-101.76460000,-70.02405000
9.36096191,-95.66039000,-68.26311000
9.36157227,-96.95370000,-72.07343000
9.36218262,-101.09540000,-72.01896000
9.36279297,-96.47739000,-69.14624000
9.36340332,-101.79550000,-67.40902000
9.36401367,-93.12648000,-69.35358000
9.36462402,-90.20879000,-77.13892000
9.36523438,-94.90514000,-82.67165000
9.36584473,-89.50517000,-76.00957000
9.36645508,-90.31198000,-78.35222000
9.36706543,-95.68094000,-76.52927000
9.36767578,-98.31837000,-75.53156000
9.36828613,-96.83435000,-73.03841000
9.36889648,-97.40411000,-69.25436000
9.36950684,-98.30795000,-76.69862000
9.37011719,-93.57155000,-71.58104000
9.37072754,-92.26035000,-73.61900000
9.37133789,-92.03380000,-70.80639000
9.37194824,-89.07137000,-66.31324000
9.37255859,-93.21794000,-66.62961000
9.37316895,-95.84909000,-69.03591000
9.37377930,-87.91808000,-74.69128000
9.37438965,-89.90586000,-77.22238000
9.37500000,-112.91740000,-74.81715000
9.37561035,-90.56558000,-78.62061000
9.37622070,-89.34052000,-75.12141000
9.37683105,-96.82411000,-78.11387000
9.37744141,-93.86436000,-86.04537000
9.37805176,-97.35893000,-81.33121000
9.37866211,-96.81834000,-79.13853000
9.37927246,-90.91592000,-84.12755000
9.37988281,-84.16126000,-80.22113000
9.38049316,-83.25446000,-78.95333000
9.38110352,-88.10402000,-74.71395000
9.38171387,-97.10197000,-74.25412000
9.38232422,-94.81676000,-76.20880000
9.38293457,-90.69907000,-73.31548000
9.38354492,-92.11529000,-68.58812000
9.38415527,-88.60271000,-67.23780000
9.38476563,-91.44934000,-68.81326000
9.38537598,-96.97689000,-72.24669000
9.38598633,-88.31261000,-73.53667000
9.38659668,-89.18106000,-79.33212000
9.38720703,-85.79646000,-73.27332000
9.38781738,-86.46330000,-75.44469000
9.38842773,-92.44025000,-82.69769000
9.38903809,-97.92945000,-72.31683000
9.38964844,-97.11359000,-72.71082000
9.39025879,-97.09491000,-76.34777000
9.39086914,-102.27830000,-73.59780000
9.39147949,-99.83455000,-71.76680000
9.39208984,-92.42296000,-67.68540000
9.39270020,-100.78840000,-67.38852000
9.39331055,-92.66860000,-72.17024000
9.39392090,-89.42298000,-80.54154000
9.39453125,-87.93431000,-73.22276000
9.39514160,-84.76596000,-72.51965000
9.39575195,-84.90982000,-73.27960000
9.39636230,-87.62910000,-71.45098000
9.39697266,-91.99539000,-74.00585000
9.39758301,-99.28020000,-85.42230000
9.39819336,-103.00680000,-71.50224000
9.39880371,-91.54578000,-68.92684000
9.39941406,-87.77322000,-70.36703000
9.40002441,-87.24797000,-68.72520000
9.40063477,-90.39880000,-69.65085000
9.40124512,-100.34670000,-76.85529000
9.40185547,-102.05790000,-82.27466000
9.40246582,-98.54629000,-75.16027000
9.40307617,-89.39789000,-77.31820000
9.40368652,-84.41413000,-75.14724000
9.40429688,-83.92052000,-69.89526000
9.40490723,-88.07993000,-70.76915000
9.40551758,-95.30529000,-79.41552000
9.40612793,-95.08278000,-88.03750000
9.40673828,-92.22789000,-78.61405000
9.40734863,-92.99435000,-71.93919000
9.40795898,-97.49275000,-70.31185000
9.40856934,-114.86660000,-69.97853000
9.40917969,-100.89920000,-66.19822000
9.40979004,-97.37082000,-65.17702000
9.41040039,-94.52492000,-69.27057000
9.41101074,-100.90000000,-73.08406000
9.41162109,-100.83410000,-72.84097000
9.41223145,-90.62247000,-77.72021000
9.41284180,-86.12296000,-80.93500000
9.41345215,-86.57487000,-75.42888000
9.41406250,-91.36005000,-71.00204000
9.41467285,-97.31120000,-74.05216000
9.41528320,-91.46840000,-77.35739000
9.41589355,-95.63712000,-85.13350000
9.41650391,-87.39068000,-78.45043000
9.41711426,-81.11442000,-77.91543000
9.41772461,-79.39538000,-79.05420000
9.41833496,-83.51984000,-79.89334000
9.41894531,-88.40292000,-83.70058000
9.41955566,-86.76727000,-76.65314000
9.42016602,-87.31841000,-73.62711000
9.42077637,-90.97275000,-84.06557000
9.42138672,-90.47276000,-77.84239000
9.42199707,-89.15688000,-87.94136000
9.42260742,-89.78992000,-72.75569000
9.42321777,-92.66525000,-72.11536000
9.42382813,-94.81004000,-70.95351000
9.42443848,-104.33810000,-67.50181000
9.42504883,-96.53927000,-68.11517000
9.42565918,-96.83865000,-73.88325000
9.42626953,-104.21570000,-72.64570000
9.42687988,-99.48515000,-75.43187000
9.42749023,-97.04444000,-75.68918000
9.42810059,-90.97067000,-70.28674000
9.42871094,-87.03065000,-72.42646000
9.42932129,-86.13615000,-76.31753000
9.42993164,-89.70427000,-84.94243000
9.43054199,-93.50966000,-75.50085000
9.43115234,-92.57691000,-73.63419000
9.43176270,-94.78925000,-80.38567000
9.43237305,-100.10660000,-84.55804000
9.43298340,-103.27000000,-72.96540000
9.43359375,-95.35450000,-71.95013000
9.43420410,-92.78891000,-80.67389000
9.43481445,-95.83395000,-71.24358000
9.43542480,-90.07034000,-67.36732000
9.43603516,-89.80919000,-69.16224000
9.43664551,-96.79161000,-75.34030000
9.43725586,-104.83220000,-76.38547000
9.43786621,-97.30849000,-87.86938000
9.43847656,-91.73959000,-80.29374000
9.43908691,-88.86250000,-71.94265000
9.43969727,-91.52011000,-73.04734000
9.44030762,-100.84040000,-85.88980000
9.44091797,-91.45016000,-82.71545000
9.44152832,-91.62041000,-71.96465000
9.44213867,-95.57106000,-76.38198000
9.44274902,-101.04380000,-72.53510000
9.44335938,-96.99664000,-71.03099000
9.44396973,-104.02990000,-75.66026000
9.44458008,-100.04210000,-71.58859000
9.44519043,-100.73150000,-72.28762000
9.44580078,-99.01081000,-73.43192000
9.44641113,-99.01007000,-71.79534000
9.44702148,-92.72850000,-78.54380000
9.44763184,-96.93730000,-73.23737000
9.44824219,-94.62043000,-67.67567000
9.44885254,-96.50112000,-70.39079000
9.44946289,-103.17490000,-91.06927000
9.45007324,-89.77724000,-78.03161000
9.45068359,-89.89371000,-79.49496000
9.45129395,-96.69152000,-72.95567000
9.45190430,-96.52757000,-74.95683000
9.45251465,-96.26453000,-80.64259000
9.45312500,-95.90504000,-83.00147000
9.45373535,-95.60429000,-75.05185000
9.45434570,-92.90875000,-75.55952000
9.45495605,-87.69182000,-86.01266000
9.45556641,-84.78131000,-81.79028000
9.45617676,-85.50549000,-72.29675000
9.45678711,-89.25702000,-70.20879000
9.45739746,-91.10908000,-74.84270000
9.45800781,-92.09959000,-81.37878000
9.45861816,-88.86169000,-72.44117000
9.45922852,-89.03926000,-72.61247000
9.45983887,-90.80146000,-70.06624000
9.46044922,-88.19217000,-71.42900000
9.46105957,-88.94905000,-74.90739000
9.46166992,-91.23729000,-73.47461000
9.46228027,-91.27077000,-72.13480000
9.46289063,-91.33650000,-73.96612000
9.46350098,-87.77213000,-85.93787000
9.46411133,-86.91815000,-84.66824000
9.46472168,-87.62600000,-79.57568000
9.46533203,-86.52763000,-81.16309000
9.46594238,-89.38766000,-74.57825000
9.46655273,-90.02166000,-66.70658000
9.46716309,-91.20559000,-67.67440000
9.46777344,-95.81271000,-72.94113000
9.46838379,-94.50209000,-78.28829000
9.46899414,-99.90131000,-80.00370000
9.46960449,-97.87161000,-74.14248000
9.47021484,-100.18610000,-86.32443000
9.47082520,-88.44916000,-72.89248000
9.47143555,-93.72155000,-86.77361000
9.47204590,-94.64676000,-74.09259000
9.47265625,-89.18507000,-84.61686000
9.47326660,-87.29438000,-72.98361000
9.47387695,-90.39161000,-69.83826000
9.47448730,-96.53344000,-72.88542000
9.47509766,-97.13151000,-72.61418000
9.47570801,-92.59064000,-75.39934000
9.47631836,-91.16233000,-74.69016000
9.47692871,-87.03416000,-70.60490000
9.47753906,-85.93420000,-76.87910000
9.47814941,-90.16672000,-89.01891000
9.47875977,-89.04970000,-79.20464000
9.47937012,-86.83913000,-75.85011000
9.47998047,-87.18560000,-74.57854000
9.48059082,-89.70650000,-72.08314000
9.48120117,-89.11605000,-73.78083000
9.48181152,-87.73431000,-76.50705000
9.48242188,-90.17847000,-75.66199000
9.48303223,-88.14764000,-78.07993000
9.48364258,-87.62987000,-71.41202000
9.48425293,-103.72480000,-70.32367000
9.48486328,-91.03619000,-74.48552000
9.48547363,-88.91056000,-79.44012000
9.48608398,-91.80328000,-76.16651000
9.48669434,-89.93237000,-72.07104000
9.48730469,-89.80412000,-71.47727000
9.48791504,-89.77895000,-70.65166000
9.48852539,-91.06007000,-71.45728000
9.48913574,-95.99690000,-72.80326000
9.48974609,-91.17477000,-78.72846000
9.49035645,-91.15350000,-74.31731000
9.49096680,-96.61277000,-74.89851000
9.49157715,-96.66275000,-79.40823000
9.49218750,-103.08900000,-80.12900000
9.49279785,-113.07630000,-72.96796000
9.49340820,-99.76882000,-75.30321000
9.49401855,-88.54908000,-83.43716000
9.49462891,-86.39626000,-78.69807000
9.49523926,-88.99208000,-76.93301000
9.49584961,-90.80375000,-72.44738000
9.49645996,-89.49321000,-69.77512000
9.49707031,-87.72098000,-73.59428000
9.49768066,-88.24337000,-85.67683000
9.49829102,-89.75954000,-81.15106000
9.49890137,-83.66652000,-73.79816000
9.49951172,-78.01077000,-72.31194000
9.50012207,-79.47240000,-69.17413000
9.50073242,-92.60017000,-67.27221000
9.50134277,-92.54418000,-69.01364000
9.50195313,-89.60052000,-76.77145000
9.50256348,-94.00669000,-82.07246000
9.50317383,-96.28074000,-76.77876000
9.50378418,-88.62814000,-74.58367000
9.50439453,-87.68258000,-71.54731000
9.50500488,-94.00919000,-68.59081000
9.50561523,-88.44331000,-72.32993000
9.50622559,-97.81200000,-77.92083000
9.50683594,-89.58080000,-75.25575000
9.50744629,-87.90999000,-76.20139000
9.50805664,-90.27286000,-70.88147000
9.50866699,-92.34775000,-72.03889000
9.50927734,-96.02916000,-77.90822000
9.50988770,-98.69458000,-72.68488000
9.51049805,-98.70842000,-66.71599000
9.51110840,-87.61438000,-67.85096000
9.51171875,-85.14465000,-78.07927000
9.51232910,-85.59518000,-89.35243000
9.51293945,-83.95013000,-101.14310000
9.51354980,-83.34773000,-80.28206000
9.51416016,-88.24944000,-73.42677000
9.51477051,-92.86359000,-71.54055000
9.51538086,-90.46203000,-73.97605000
9.51599121,-89.40009000,-82.53230000
9.51660156,-81.69864000,-86.03268000
9.51721191,-72.25905000,-85.71522000
9.51782227,-70.98545000,-88.45466000
9.51843262,-78.27926000,-75.57843000
9.51904297,-96.16810000,-75.76451000
9.51965332,-104.74130000,-72.21398000
9.52026367,-96.59164000,-70.65015000
9.52087402,-90.45300000,-71.39011000
9.52148438,-91.28487000,-72.10033000
9.52209473,-100.37780000,-72.90878000
9.52270508,-93.43317000,-77.17932000
9.52331543,-96.66375000,-72.87080000
9.52392578,-99.15445000,-73.42934000
9.52453613,-90.87897000,-80.45831000
9.52514648,-86.99632000,-79.01537000
9.52575684,-85.91049000,-75.04404000
9.52636719,-86.19826000,-74.52482000
9.52697754,-88.44691000,-77.84174000
9.52758789,-95.07814000,-78.05312000
9.52819824,-92.67790000,-73.10113000
9.52880859,-91.14835000,-72.67091000
9.52941895,-102.67610000,-78.30333000
9.53002930,-89.14931000,-74.19393000
9.53063965,-88.74347000,-76.55829000
9.53125000,-90.02072000,-84.53609000
9.53186035,-90.57458000,-89.11732000
9.53247070,-90.85976000,-89.62701000
9.53308105,-89.88020000,-82.74983000
9.53369141,-88.82803000,-78.04788000
9.53430176,-86.62034000,-74.46719000
9.53491211,-87.00192000,-76.85983000
9.53552246,-90.63039000,-81.63461000
9.53613281,-98.41102000,-75.61395000
9.53674316,-88.32742000,-73.31111000
9.53735352,-84.22844000,-70.51818000
9.53796387,-84.22075000,-72.53825000
9.53857422,-85.01086000,-76.87459000
9.53918457,-88.28374000,-83.94646000
9.53979492,-99.75996000,-73.50743000
9.54040527,-89.15813000,-71.89218000
9.54101563,-86.53724000,-74.23392000
9.54162598,-91.95457000,-80.59491000
9.54223633,-97.43787000,-76.62721000
9.54284668,-90.52374000,-74.28669000
9.54345703,-89.15096000,-78.43428000
9.54406738,-91.09222000,-75.31641000
9.54467773,-91.81648000,-73.45452000
9.54528809,-91.73684000,-78.96162000
9.54589844,-90.38437000,-80.52171000
9.54650879,-86.95653000,-72.40311000
9.54711914,-86.56709000,-69.68594000
9.54772949,-85.91328000,-73.62912000
9.54833984,-86.24917000,-76.47159000
9.54895020,-87.05708000,-81.78806000
9.54956055,-85.82172000,-71.69381000
9.55017090,-84.99245000,-67.18062000
9.55078125,-86.38909000,-69.42706000
9.55139160,-88.89729000,-77.38054000
9.55200195,-92.28203000,-85.59221000
9.55261230,-101.23700000,-77.17685000
9.55322266,-92.35695000,-71.67579000
9.55383301,-96.77680000,-71.69894000
9.55444336,-108.78310000,-74.60138000
9.55505371,-102.55500000,-87.10867000
9.55566406,-112.26120000,-82.12947000
9.55627441,-95.51332000,-76.61074000
9.55688477,-95.40897000,-71.12730000
9.55749512,-96.60683000,-69.10249000
9.55810547,-96.88152000,-74.08685000
9.55871582,-97.87572000,-75.12585000
9.55932617,-95.66179000,-71.85898000
9.55993652,-92.81815000,-72.40897000
9.56054688,-97.76984000,-66.87511000
9.56115723,-94.23812000,-67.91444000
9.56176758,-89.35852000,-72.21664000
9.56237793,-92.08531000,-72.66038000
9.56298828,-89.88225000,-69.78765000
9.56359863,-90.23824000,-71.27223000
9.56420898,-95.77684000,-76.30614000
9.56481934,-94.29796000,-80.77699000
9.56542969,-92.47349000,-71.34447000
9.56604004,-97.17262000,-73.60806000
9.56665039,-96.75990000,-79.85941000
9.56726074,-102.41250000,-78.79945000
9.56787109,-103.52240000,-73.02177000
9.56848145,-99.93861000,-74.04679000
9.56909180,-95.93360000,-75.53516000
9.56970215,-92.53792000,-68.35362000
9.57031250,-93.83640000,-68.00661000
9.57092285,-90.38582000,-71.45183000
9.57153320,-87.79240000,-76.21227000
9.57214355,-89.54815000,-78.11809000
9.57275391,-94.22646000,-74.06272000
9.57336426,-96.70618000,-71.49281000
9.57397461,-100.52510000,-70.88849000
9.57458496,-98.28956000,-68.95721000
9.57519531,-91.67014000,-70.11405000
9.57580566,-89.86046000,-74.26627000
9.57641602,-97.21770000,-77.46672000
9.57702637,-103.06320000,-73.23345000
9.57763672,-108.30780000,-71.60462000
9.57824707,-105.79760000,-68.94209000
9.57885742,-102.71720000,-67.91385000
9.57946777,-94.42123000,-74.38712000
9.58007813,-90.39336000,-87.77458000
9.58068848,-89.24323000,-83.08113000
9.58129883,-86.55164000,-73.57783000
9.58190918,-81.71666000,-66.80281000
9.58251953,-79.94110000,-65.68374000
9.58312988,-86.09413000,-67.51608000
9.58374023,-87.19024000,-70.55510000
9.58435059,-85.02153000,-70.25719000
9.58496094,-87.57417000,-71.70683000
9.58557129,-91.57196000,-75.94802000
9.58618164,-94.83089000,-81.72245000
9.58679199,-110.73490000,-91.41793000
9.58740234,-100.61530000,-76.38035000
9.58801270,-109.47500000,-76.74829000
9.58862305,-96.48502000,-76.71949000
9.58923340,-94.34328000,-71.75264000
9.58984375,-91.91010000,-73.86452000
9.59045410,-94.18527000,-80.84163000
9.59106445,-98.34968000,-77.40395000
9.59167480,-97.16489000,-68.69736000
9.59228516,-94.72586000,-65.97768000
9.59289551,-93.71837000,-66.81785000
9.59350586,-96.83687000,-70.30920000
9.59411621,-92.35729000,-79.19510000
9.59472656,-85.78453000,-81.75201000
9.59533691,-82.61619000,-81.43817000
9.59594727,-84.10764000,-72.96534000
9.59655762,-88.06782000,-70.34329000
9.59716797,-93.53851000,-74.88950000
9.59777832,-97.99869000,-80.09111000
9.59838867,-93.10165000,-83.12219000
9.59899902,-92.84988000,-73.00570000
9.59960938,-89.09534000,-69.08621000
9.60021973,-87.67010000,-76.53397000
9.60083008,-86.68555000,-78.05311000
9.60144043,-86.80623000,-73.88374000
9.60205078,-89.19440000,-71.45475000
9.60266113,-100.39080000,-69.58087000
9.60327148,-92.14997000,-79.19745000
9.60388184,-92.44441000,-75.25327000
9.60449219,-95.43732000,-79.19917000
9.60510254,-95.46335000,-69.96268000
9.60571289,-95.57545000,-68.95839000
9.60632324,-96.45988000,-66.99702000
9.60693359,-92.14801000,-68.82339000
9.60754395,-89.83707000,-72.38506000
9.60815430,-92.75689000,-78.72107000
9.60876465,-93.45175000,-74.98311000
9.60937500,-86.45010000,-80.45512000
9.60998535,-89.48887000,-72.09319000
9.61059570,-98.18035000,-70.85265000
9.61120605,-94.87563000,-70.50343000
9.61181641,-93.85287000,-72.49094000
9.61242676,-102.52760000,-71.81158000
9.61303711,-102.67980000,-68.59465000
9.61364746,-98.55519000,-72.70950000
9.61425781,-104.35430000,-84.24667000
9.61486816,-98.13672000,-69.93092000
9.61547852,-98.16804000,-66.34511000
9.61608887,-95.13043000,-68.26761000
9.61669922,-88.18211000,-75.16295000
9.61730957,-88.72453000,-74.52483000
9.61791992,-92.12965000,-75.53450000
9.61853027,-92.61449000,-69.59712000
9.61914063,-93.26509000,-66.90794000
9.61975098,-93.22143000,-70.94570000
9.62036133,-92.87508000,-84.30596000
9.62097168,-90.06965000,-83.67085000
9.62158203,-90.32870000,-84.76054000
9.62219238,-90.52532000,-80.69222000
9.62280273,-91.93557000,-77.34147000
9.62341309,-92.14497000,-79.80167000
9.62402344,-90.69741000,-72.28812000
9.62463379,-92.70326000,-69.37024000
9.62524414,-108.74440000,-72.61300000
9.62585449,-90.10758000,-82.83486000
9.62646484,-85.15816000,-72.62285000
9.62707520,-85.64156000,-77.54756000
9.62768555,-84.90905000,-81.11343000
9.62829590,-84.48747000,-77.86381000
9.62890625,-88.29784000,-71.41791000
9.62951660,-94.75610000,-69.67976000
9.63012695,-96.72771000,-71.32064000
9.63073730,-101.69430000,-68.47489000
9.63134766,-97.66237000,-65.55993000
9.63195801,-92.95807000,-66.66673000
9.63256836,-92.74051000,-70.31348000
9.63317871,-89.44030000,-78.19188000
9.63378906,-92.24281000,-85.72769000
9.63439941,-93.75534000,-78.21028000
9.63500977,-90.55589000,-77.46131000
9.63562012,-87.83479000,-76.99020000
9.63623047,-85.86204000,-80.42526000
9.63684082,-84.86693000,-76.51469000
9.63745117,-82.10042000,-80.33084000
9.63806152,-81.31566000,-85.29517000
9.63867188,-84.83031000,-79.60097000
9.63928223,-95.03297000,-76.31990000
9.63989258,-96.61325000,-78.44649000
9.64050293,-93.16298000,-96.02496000
9.64111328,-89.94286000,-78.65920000
9.64172363,-97.60484000,-71.80596000
9.64233398,-88.62379000,-70.01744000
9.64294434,-85.80759000,-73.95626000
9.64355469,-96.46997000,-90.50179000
9.64416504,-102.26940000,-75.38687000
9.64477539,-121.44650000,-78.65706000
9.64538574,-96.21098000,-82.75795000
9.64599609,-91.41824000,-72.90957000
9.64660645,-91.01624000,-68.74823000
9.64721680,-92.30104000,-67.27807000
9.64782715,-91.78398000,-71.43273000
9.64843750,-88.85861000,-76.71726000
9.64904785,-88.70377000,-80.68289000
9.64965820,-88.63895000,-77.13371000
9.65026855,-89.09871000,-71.04874000
9.65087891,-92.05527000,-72.10486000
9.65148926,-95.65026000,-81.95828000
9.65209961,-94.82197000,-77.20218000
9.65270996,-91.70808000,-79.89960000
9.65332031,-88.92859000,-76.18465000
9.65393066,-88.28345000,-75.26493000
9.65454102,-87.03967000,-71.73079000
9.65515137,-86.81378000,-67.47292000
9.65576172,-89.73880000,-68.65998000
9.65637207,-90.81964000,-70.70251000
9.65698242,-87.40806000,-71.43155000
9.65759277,-92.52155000,-70.88998000
9.65820313,-98.08791000,-72.46081000
9.65881348,-91.36512000,-73.92765000
9.65942383,-87.96803000,-71.64065000
9.66003418,-87.42641000,-72.23053000
9.66064453,-85.54762000,-77.27194000
9.66125488,-85.31049000,-86.42790000
9.66186523,-86.46156000,-81.55362000
9.66247559,-88.58583000,-78.72679000
9.66308594,-91.14631000,-72.72975000
9.66369629,-90.62044000,-68.55795000
9.66430664,-95.21193000,-68.55877000
9.66491699,-88.89564000,-75.60361000
9.66552734,-89.89861000,-75.43206000
9.66613770,-90.25821000,-71.72780000
9.66674805,-90.34694000,-69.33844000
9.66735840,-94.04369000,-69.79137000
9.66796875,-98.92854000,-79.40292000
9.66857910,-96.40546000,-69.92545000
9.66918945,-100.62230000,-67.46803000
9.66979980,-103.76340000,-66.18651000
9.67041016,-100.59750000,-65.33694000
9.67102051,-104.16080000,-66.01968000
9.67163086,-103.61370000,-68.64219000
9.67224121,-92.00560000,-73.64560000
9.67285156,-94.46494000,-73.72224000
9.67346191,-106.34300000,-73.58482000
9.67407227,-101.06940000,-90.85468000
9.67468262,-100.89710000,-75.58885000
9.67529297,-105.18260000,-71.87318000
9.67590332,-90.85106000,-73.20866000
9.67651367,-89.16566000,-75.81838000
9.67712402,-90.88834000,-74.04556000
9.67773438,-87.84229000,-69.67234000
9.67834473,-87.47937000,-76.67484000
9.67895508,-88.78396000,-80.12575000
9.67956543,-88.11057000,-90.19067000
9.68017578,-88.48181000,-79.26884000
9.68078613,-95.42104000,-91.65891000
9.68139648,-90.38713000,-75.70697000
9.68200684,-82.77016000,-75.71758000
9.68261719,-80.70627000,-80.07801000
9.68322754,-87.16270000,-79.92257000
9.68383789,-93.94337000,-72.55792000
9.68444824,-90.09053000,-73.54482000
9.68505859,-91.29655000,-75.12132000
9.68566895,-94.94485000,-74.67743000
9.68627930,-91.52618000,-86.88972000
9.68688965,-90.93210000,-75.40811000
9.68750000,-104.64100000,-76.70139000
9.68811035,-91.43404000,-79.21552000
9.68872070,-93.10440000,-77.10635000
9.68933105,-103.38140000,-73.48519000
9.68994141,-118.78930000,-70.03509000
9.69055176,-96.16837000,-72.65935000
9.69116211,-90.46356000,-78.61945000
9.69177246,-88.45645000,-83.43773000
9.69238281,-89.02592000,-89.42657000
9.69299316,-86.02200000,-82.77012000
9.69360352,-84.99863000,-77.15861000
9.69421387,-86.23756000,-68.08322000
9.69482422,-85.39964000,-70.00092000
9.69543457,-86.37623000,-79.36732000
9.69604492,-90.03415000,-84.55260000
9.69665527,-92.16404000,-75.62894000
9.69726563,-94.54224000,-75.45673000
9.69787598,-95.63139000,-79.33560000
9.69848633,-98.41724000,-79.84332000
9.69909668,-102.67000000,-82.33929000
9.69970703,-106.73920000,-84.05609000
9.70031738,-96.43749000,-73.90057000
9.70092773,-91.61121000,-77.34887000
9.70153809,-96.82053000,-78.61156000
9.70214844,-104.54480000,-76.00407000
9.70275879,-92.04949000,-77.14856000
9.70336914,-87.59849000,-71.26166000
9.70397949,-88.72077000,-69.75780000
9.70458984,-94.61301000,-72.42225000
9.70520020,-98.02425000,-76.98534000
9.70581055,-92.10455000,-71.98245000
9.70642090,-103.06940000,-68.32118000
9.70703125,-91.20246000,-69.05769000
9.70764160,-86.70956000,-76.45371000
9.70825195,-87.39742000,-77.48070000
9.70886230,-91.78165000,-85.05451000
9.70947266,-104.82540000,-72.98438000
9.71008301,-89.11629000,-71.13437000
9.71069336,-85.72842000,-73.37148000
9.71130371,-86.41732000,-76.03298000
9.71191406,-88.88559000,-72.20343000
9.71252441,-95.99329000,-68.93113000
9.71313477,-91.54588000,-68.91665000
9.71374512,-90.72349000,-73.77378000
9.71435547,-98.00711000,-83.19644000
9.71496582,-101.48040000,-74.35606000
9.71557617,-97.48210000,-73.83422000
9.71618652,-89.11361000,-83.62537000
9.71679688,-108.77970000,-76.91188000
9.71740723,-82.65011000,-73.46648000
9.71801758,-82.62218000,-82.23619000
9.71862793,-93.52097000,-81.80541000
9.71923828,-94.99248000,-78.83812000
9.71984863,-92.26247000,-88.82606000
9.72045898,-90.66242000,-85.09377000
9.72106934,-86.59142000,-78.88296000
9.72167969,-87.92969000,-73.59145000
9.72229004,-99.99940000,-73.15839000
9.72290039,-93.07098000,-74.28774000
9.72351074,-88.65538000,-80.96462000
9.72412109,-88.70296000,-77.81100000
9.72473145,-90.06248000,-76.28748000
9.72534180,-91.07133000,-84.48888000
9.72595215,-96.58161000,-73.32583000
9.72656250,-90.09715000,-69.31785000
9.72717285,-90.23152000,-74.83568000
9.72778320,-97.50853000,-67.52014000
9.72839355,-111.71820000,-69.34357000
9.72900391,-99.81274000,-70.01971000
9.72961426,-92.29593000,-70.37764000
9.73022461,-88.24834000,-68.42770000
9.73083496,-86.75162000,-67.49955000
9.73144531,-88.72868000,-68.43891000
9.73205566,-91.16330000,-70.53001000
9.73266602,-92.52248000,-71.18431000
9.73327637,-92.68022000,-72.52094000
9.73388672,-93.76705000,-74.04657000
9.73449707,-96.22212000,-73.67378000
9.73510742,-91.14076000,-71.66008000
9.73571777,-91.93611000,-71.09718000
9.73632813,-94.81433000,-71.07011000
9.73693848,-93.27950000,-77.77862000
9.73754883,-89.14753000,-79.85802000
9.73815918,-91.34077000,-82.63487000
9.73876953,-87.93618000,-74.70023000
9.73937988,-85.83343000,-75.29778000
9.73999023,-92.29007000,-76.03638000
9.74060059,-96.90598000,-77.41186000
9.74121094,-89.11340000,-83.25028000
9.74182129,-90.25695000,-76.88430000
9.74243164,-92.21617000,-95.82379000
9.74304199,-92.61179000,-97.16824000
9.74365234,-99.15062000,-82.79361000
9.74426270,-95.90745000,-79.43214000
9.74487305,-93.29541000,-83.13998000
9.74548340,-87.13584000,-83.97519000
9.74609375,-88.41142000,-85.70838000
9.74670410,-95.31374000,-73.63351000
9.74731445,-91.31767000,-71.44656000
9.74792480,-93.23515000,-76.80002000
9.74853516,-98.58402000,-78.36252000
9.74914551,-93.83142000,-77.46924000
9.74975586,-95.34810000,-77.27042000
9.75036621,-92.75739000,-77.45592000
9.75097656,-96.37134000,-82.15642000
9.75158691,-94.54353000,-71.66024000
9.75219727,-93.21616000,-70.98003000
9.75280762,-103.50380000,-69.11930000
9.75341797,-98.65251000,-72.09380000
9.75402832,-95.65639000,-80.27848000
9.75463867,-89.32672000,-89.07273000
9.75524902,-88.23368000,-75.52019000
9.75585938,-91.10436000,-74.55537000
9.75646973,-94.88784000,-70.80243000
9.75708008,-91.09814000,-69.29408000
9.75769043,-89.23407000,-68.30247000
9.75830078,-97.89191000,-68.36398000
9.75891113,-103.31130000,-73.35077000
9.75952148,-103.13200000,-74.61928000
9.76013184,-91.85452000,-68.44626000
9.76074219,-90.42949000,-70.61348000
9.76135254,-94.33625000,-74.85019000
9.76196289,-87.01958000,-81.55692000
9.76257324,-85.19920000,-84.34009000
9.76318359,-91.89018000,-79.54579000
9.76379395,-98.38218000,-78.32813000
9.76440430,-97.08160000,-73.06125000
9.76501465,-98.61922000,-72.07059000
9.76562500,-96.49516000,-73.88160000
9.76623535,-90.36198000,-75.63493000
9.76684570,-94.53639000,-76.02005000
9.76745605,-98.24093000,-72.96551000
9.76806641,-91.43920000,-71.33561000
9.76867676,-92.09808000,-77.35719000
9.76928711,-93.88591000,-78.61354000
9.76989746,-90.18796000,-74.30731000
9.77050781,-90.52403000,-75.58374000
9.77111816,-90.72458000,-74.58749000
9.77172852,-122.91730000,-70.64292000
9.77233887,-90.53329000,-69.04899000
9.77294922,-87.52087000,-69.71134000
9.77355957,-86.32218000,-72.75630000
9.77416992,-88.14354000,-78.67168000
9.77478027,-97.45569000,-77.67528000
9.77539063,-102.07350000,-76.56089000
9.77600098,-93.81750000,-86.63441000
9.77661133,-88.48033000,-81.79321000
9.77722168,-87.69738000,-73.57219000
9.77783203,-90.43279000,-71.24316000
9.77844238,-94.71470000,-78.98994000
9.77905273,-94.25218000,-78.63872000
9.77966309,-94.13406000,-74.15506000
9.78027344,-95.04800000,-75.09100000
9.78088379,-94.77835000,-86.17100000
9.78149414,-94.61697000,-80.28831000
9.78210449,-103.35090000,-79.55270000
9.78271484,-91.59753000,-75.10512000
9.78332520,-92.36192000,-76.83631000
9.78393555,-92.60738000,-85.86445000
9.78454590,-91.00224000,-79.01434000
9.78515625,-90.48946000,-72.92521000
9.78576660,-96.39594000,-73.67603000
9.78637695,-110.31770000,-84.57275000
9.78698730,-99.50352000,-79.84107000
9.78759766,-90.08989000,-82.30798000
9.78820801,-88.98932000,-77.42802000
9.78881836,-96.39893000,-73.99772000
9.78942871,-101.22050000,-70.20320000
9.79003906,-98.94351000,-67.71689000
9.79064941,-97.88846000,-69.64932000
9.79125977,-92.63078000,-74.32990000
9.79187012,-107.30240000,-73.76852000
9.79248047,-104.34970000,-70.10806000
9.79309082,-109.10270000,-71.43491000
9.79370117,-99.09341000,-78.55116000
9.79431152,-89.55920000,-72.78802000
9.79492188,-87.33208000,-70.94191000
9.79553223,-89.17992000,-75.26333000
9.79614258,-92.73035000,-78.16920000
9.79675293,-102.88410000,-70.51344000
9.79736328,-100.71460000,-71.12712000
9.79797363,-102.93580000,-86.25371000
9.79858398,-93.28388000,-73.37183000
9.79919434,-87.85405000,-73.24910000
9.79980469,-90.99022000,-74.54977000
9.80041504,-93.69496000,-75.68600000
9.80102539,-91.06853000,-78.22820000
9.80163574,-89.75340000,-72.14766000
9.80224609,-88.46734000,-69.92825000
9.80285645,-97.65168000,-70.01665000
9.80346680,-92.51350000,-70.11851000
9.80407715,-89.04588000,-68.08686000
9.80468750,-87.99147000,-68.60211000
9.80529785,-90.91472000,-81.73492000
9.80590820,-86.23915000,-72.51197000
9.80651855,-85.23775000,-72.85928000
9.80712891,-87.38257000,-79.60973000
9.80773926,-91.64348000,-71.85609000
9.80834961,-93.91820000,-69.45724000
9.80895996,-89.32291000,-71.59974000
9.80957031,-85.21445000,-72.75620000
9.81018066,-84.62740000,-73.35554000
9.81079102,-86.29424000,-74.11810000
9.81140137,-89.98387000,-73.89065000
9.81201172,-94.23659000,-87.96828000
9.81262207,-90.68433000,-75.11815000
9.81323242,-91.29062000,-71.47366000
9.81384277,-97.31971000,-70.70267000
9.81445313,-91.72861000,-73.44241000
9.81506348,-88.21198000,-74.13412000
9.81567383,-85.28878000,-73.00228000
9.81628418,-83.06672000,-72.93801000
9.81689453,-74.99421000,-72.32753000
9.81750488,-71.47682000,-73.39355000
9.81811523,-76.71652000,-74.54408000
9.81872559,-90.09319000,-75.04693000
9.81933594,-93.76121000,-72.18607000
9.81994629,-91.81461000,-69.75832000
9.82055664,-88.29312000,-71.55952000
9.82116699,-85.93756000,-77.90968000
9.82177734,-87.52263000,-75.32569000
9.82238770,-98.48096000,-78.98964000
9.82299805,-96.08712000,-77.47413000
9.82360840,-94.69966000,-71.77807000
9.82421875,-87.70082000,-70.78123000
9.82482910,-84.90009000,-74.45264000
9.82543945,-85.24789000,-77.11205000
9.82604980,-84.21431000,-72.33817000
9.82666016,-88.37518000,-74.84636000
9.82727051,-100.08910000,-72.80920000
9.82788086,-95.59499000,-71.88228000
9.82849121,-94.68986000,-67.19451000
9.82910156,-96.25555000,-65.56786000
9.82971191,-86.73805000,-69.23511000
9.83032227,-85.88738000,-77.60126000
9.83093262,-85.88365000,-70.73852000
9.83154297,-87.19850000,-75.09690000
9.83215332,-90.20697000,-82.87285000
9.83276367,-98.07458000,-83.81064000
9.83337402,-103.20660000,-77.88165000
9.83398438,-95.54449000,-74.58836000
9.83459473,-87.59121000,-72.61336000
9.83520508,-84.52551000,-74.99767000
9.83581543,-83.04475000,-78.77028000
9.83642578,-84.00260000,-78.22816000
9.83703613,-87.36064000,-76.30475000
9.83764648,-90.30262000,-77.76561000
9.83825684,-96.26747000,-86.11122000
9.83886719,-101.38410000,-77.56396000
9.83947754,-96.80543000,-70.19501000
9.84008789,-93.26148000,-66.89726000
9.84069824,-91.26240000,-66.59731000
9.84130859,-95.07877000,-70.78389000
9.84191895,-96.66728000,-77.77541000
9.84252930,-92.03683000,-76.88796000
9.84313965,-87.08316000,-73.65863000
9.84375000,-86.17028000,-77.14316000
9.84436035,-87.24194000,-77.78967000
9.84497070,-90.59448000,-71.04724000
9.84558105,-94.68224000,-71.46567000
9.84619141,-99.14384000,-71.15045000
9.84680176,-95.77328000,-70.57964000
9.84741211,-89.81844000,-75.34969000
9.84802246,-90.71149000,-79.93661000
9.84863281,-94.97406000,-74.93667000
9.84924316,-97.05615000,-79.69633000
9.84985352,-96.78082000,-76.09695000
9.85046387,-97.19784000,-80.49632000
9.85107422,-99.91604000,-91.26820000
9.85168457,-94.82102000,-83.99780000
9.85229492,-89.89204000,-78.82796000
9.85290527,-90.26176000,-90.50499000
9.85351563,-92.45529000,-75.92606000
9.85412598,-90.58646000,-70.55907000
9.85473633,-95.16189000,-71.24605000
9.85534668,-97.80400000,-76.39083000
9.85595703,-96.51519000,-75.86943000
9.85656738,-97.75726000,-80.23569000
9.85717773,-91.29601000,-75.99535000
9.85778809,-89.07662000,-71.06944000
9.85839844,-91.82375000,-67.33344000
9.85900879,-99.55611000,-66.63255000
9.85961914,-105.48440000,-70.07808000
9.86022949,-102.72380000,-74.35507000
9.86083984,-87.87657000,-78.14462000
9.86145020,-85.91542000,-74.19250000
9.86206055,-91.64023000,-85.79797000
9.86267090,-99.77082000,-76.50992000
9.86328125,-95.89959000,-79.64714000
9.86389160,-100.28060000,-74.60284000
9.86450195,-97.15987000,-69.30238000
9.86511230,-100.17420000,-68.85960000
9.86572266,-90.61067000,-73.10290000
9.86633301,-89.52570000,-75.89665000
9.86694336,-95.48470000,-85.92784000
9.86755371,-88.33305000,-68.21419000
9.86816406,-85.30921000,-67.99103000
9.86877441,-86.57344000,-74.37378000
9.86938477,-87.97417000,-74.16045000
9.86999512,-94.72057000,-70.79533000
9.87060547,-96.19045000,-73.57726000
9.87121582,-89.86620000,-81.64235000
9.87182617,-92.23751000,-78.16171000
9.87243652,-97.44591000,-74.83451000
9.87304688,-91.81425000,-71.61304000
9.87365723,-90.08852000,-76.95532000
9.87426758,-89.96399000,-82.44914000
9.87487793,-93.34880000,-89.48547000
9.87548828,-93.75838000,-85.07114000
9.87609863,-88.52625000,-93.42643000
9.87670898,-86.44449000,-76.18136000
9.87731934,-88.33868000,-70.31045000
9.87792969,-100.45550000,-71.86873000
9.87854004,-97.58246000,-91.69925000
9.87915039,-99.33308000,-74.37221000
9.87976074,-88.89429000,-73.25782000
9.88037109,-88.93671000,-77.16325000
9.88098145,-93.75421000,-80.61102000
9.88159180,-87.13687000,-79.94078000
9.88220215,-77.95943000,-72.79609000
9.88281250,-77.32828000,-70.85814000
9.88342285,-88.31544000,-74.98682000
9.88403320,-91.33809000,-80.93636000
9.88464355,-86.75404000,-73.11624000
9.88525391,-87.42309000,-70.13168000
9.88586426,-93.76049000,-71.09108000
9.88647461,-91.99504000,-69.81302000
9.88708496,-86.64959000,-74.85181000
9.88769531,-87.38265000,-81.44501000
9.88830566,-94.86848000,-77.85762000
9.88891602,-105.81370000,-86.30138000
9.88952637,-94.53271000,-73.72227000
9.89013672,-86.93925000,-72.01708000
9.89074707,-86.97335000,-75.46795000
9.89135742,-92.44270000,-74.55711000
9.89196777,-87.14034000,-72.33383000
9.89257813,-84.61366000,-71.85500000
9.89318848,-86.20658000,-72.72922000
9.89379883,-94.81967000,-76.56104000
9.89440918,-89.67892000,-85.09177000
9.89501953,-93.58128000,-77.77296000
9.89562988,-88.24625000,-69.86398000
9.89624023,-91.81274000,-71.01012000
9.89685059,-93.15868000,-79.46039000
9.89746094,-87.80692000,-72.65145000
9.89807129,-87.14516000,-69.62927000
9.89868164,-88.03850000,-72.44061000
9.89929199,-95.94719000,-81.77495000
9.89990234,-90.35634000,-71.68832000
9.90051270,-84.70341000,-72.44793000
9.90112305,-85.34676000,-81.28372000
9.90173340,-86.22311000,-76.95251000
9.90234375,-88.73654000,-73.80937000
9.90295410,-88.56777000,-73.42924000
9.90356445,-89.42364000,-75.25092000
9.90417480,-95.01174000,-70.81507000
9.90478516,-94.78723000,-70.68396000
9.90539551,-93.30559000,-74.01656000
9.90600586,-93.22108000,-71.21355000
9.90661621,-95.71743000,-73.27814000
9.90722656,-105.43340000,-76.65915000
9.90783691,-104.24340000,-80.87933000
9.90844727,-112.64710000,-74.26021000
9.90905762,-97.03555000,-73.28868000
9.90966797,-89.83552000,-70.68205000
9.91027832,-93.07883000,-68.86569000
9.91088867,-94.96528000,-71.33386000
9.91149902,-98.04932000,-71.18055000
9.91210938,-107.11910000,-71.75073000
9.91271973,-97.96989000,-74.38128000
9.91333008,-89.36713000,-73.41494000
9.91394043,-87.26360000,-72.20010000
9.91455078,-91.46954000,-78.62023000
9.91516113,-106.37180000,-76.82442000
9.91577148,-107.40580000,-74.96584000
9.91638184,-91.92864000,-81.83046000
9.91699219,-88.38423000,-76.61644000
9.91760254,-94.20966000,-70.78495000
9.91821289,-96.86815000,-74.81109000
9.91882324,-93.92334000,-80.49219000
9.91943359,-90.58661000,-75.48058000
9.92004395,-87.41229000,-73.80210000
9.92065430,-95.43665000,-72.04566000
9.92126465,-91.35832000,-73.83279000
9.92187500,-90.12788000,-73.87812000
9.92248535,-89.92598000,-77.45583000
9.92309570,-96.24062000,-86.14458000
9.92370605,-88.93265000,-76.70126000
9.92431641,-87.96997000,-72.60218000
9.92492676,-101.38220000,-82.41747000
9.92553711,-94.37394000,-72.61594000
9.92614746,-92.67891000,-70.82614000
9.92675781,-93.28088000,-70.60923000
9.92736816,-90.03455000,-82.89832000
9.92797852,-85.98958000,-72.60085000
9.92858887,-85.37792000,-69.55014000
9.92919922,-88.27541000,-76.54227000
9.92980957,-97.64182000,-72.83718000
9.93041992,-95.15430000,-71.50627000
9.93103027,-94.41246000,-74.35230000
9.93164063,-92.59816000,-74.87176000
9.93225098,-91.48492000,-78.18984000
9.93286133,-91.86832000,-76.74744000
9.93347168,-90.29690000,-71.16605000
9.93408203,-90.85403000,-74.54744000
9.93469238,-91.62782000,-83.13316000
9.93530273,-93.92654000,-78.28329000
9.93591309,-97.70015000,-70.94916000
9.93652344,-91.27064000,-69.70587000
9.93713379,-95.13258000,-74.19888000
9.93774414,-93.54596000,-82.22531000
9.93835449,-91.80764000,-74.83661000
9.93896484,-103.95090000,-71.10609000
9.93957520,-92.09061000,-69.63541000
9.94018555,-94.37495000,-73.81685000
9.94079590,-93.99223000,-84.49462000
9.94140625,-91.31075000,-75.65110000
9.94201660,-89.92191000,-81.68105000
9.94262695,-92.09908000,-81.31754000
9.94323730,-89.97192000,-81.94473000
9.94384766,-88.43670000,-78.89436000
9.94445801,-93.14574000,-75.02647000
9.94506836,-91.08112000,-85.96252000
9.94567871,-90.25990000,-72.30701000
9.94628906,-89.33603000,-71.58450000
9.94689941,-89.55009000,-75.85307000
9.94750977,-90.12718000,-80.26421000
9.94812012,-88.89649000,-85.90501000
9.94873047,-88.38127000,-88.65536000
9.94934082,-88.42871000,-80.40900000
9.94995117,-91.18803000,-72.46320000
9.95056152,-92.30666000,-72.36676000
9.95117188,-87.06429000,-75.59386000
9.95178223,-86.49992000,-77.18637000
9.95239258,-87.31782000,-79.33813000
9.95300293,-85.43022000,-75.25019000
9.95361328,-85.39623000,-70.08172000
9.95422363,-87.53833000,-72.48817000
9.95483398,-88.43355000,-74.02042000
9.95544434,-85.89184000,-69.74577000
9.95605469,-84.17197000,-71.70205000
9.95666504,-86.25026000,-80.97836000
9.95727539,-88.30241000,-77.35302000
9.95788574,-84.72281000,-68.87688000
9.95849609,-86.76714000,-66.47063000
9.95910645,-92.61437000,-68.24647000
9.95971680,-105.19250000,-72.59591000
9.96032715,-98.61108000,-75.32105000
9.96093750,-98.43497000,-77.52602000
9.96154785,-103.03960000,-76.31757000
9.96215820,-95.50726000,-70.63159000
9.96276855,-97.50943000,-68.64449000
9.96337891,-98.40428000,-71.24198000
9.96398926,-90.82242000,-72.00335000
9.96459961,-97.68236000,-71.80544000
9.96520996,-103.39170000,-74.55888000
9.96582031,-96.45259000,-77.08617000
9.96643066,-94.91172000,-81.02599000
9.96704102,-99.82745000,-74.49625000
9.96765137,-95.78517000,-79.25024000
9.96826172,-93.94875000,-76.39017000
9.96887207,-107.47120000,-73.91494000
9.96948242,-95.98748000,-78.54822000
9.97009277,-91.50659000,-90.78589000
9.97070313,-89.27116000,-82.14980000
9.97131348,-93.16400000,-87.44537000
9.97192383,-92.13757000,-78.39149000
9.97253418,-88.80173000,-77.54850000
9.97314453,-91.54172000,-79.54579000
9.97375488,-101.26640000,-75.62544000
9.97436523,-92.43562000,-88.48032000
9.97497559,-91.17904000,-74.00534000
9.97558594,-113.28160000,-72.62259000
9.97619629,-93.62300000,-73.26085000
9.97680664,-88.71133000,-77.91512000
9.97741699,-90.44952000,-72.24017000
9.97802734,-95.76763000,-67.00334000
9.97863770,-88.05390000,-68.97428000
9.97924805,-90.49609000,-75.27869000
9.97985840,-89.57814000,-74.45014000
9.98046875,-86.39433000,-70.83691000
9.98107910,-87.51450000,-68.88219000
9.98168945,-87.53284000,-67.76357000
9.98229980,-85.56519000,-69.49993000
9.98291016,-88.58170000,-70.20230000
9.98352051,-110.15690000,-73.68142000
9.98413086,-93.52332000,-83.51455000
9.98474121,-96.58235000,-83.06413000
9.98535156,-95.69534000,-82.22253000
9.98596191,-86.91199000,-80.83240000
9.98657227,-85.30251000,-73.13758000
9.98718262,-88.89815000,-70.28595000
9.98779297,-92.73133000,-73.85017000
9.98840332,-96.19487000,-82.67811000
9.98901367,-105.03800000,-78.68095000
9.98962402,-94.54904000,-75.93183000
9.99023438,-95.83852000,-68.51704000
9.99084473,-100.48240000,-69.60971000
9.99145508,-94.72305000,-86.09916000
9.99206543,-88.32243000,-89.38528000
9.99267578,-86.17630000,-97.54683000
9.99328613,-86.09933000,-76.52619000
9.99389648,-92.67012000,-68.74821000
9.99450684,-105.23150000,-67.63792000
9.99511719,-95.88219000,-68.69698000
9.99572754,-88.38446000,-72.96842000
9.99633789,-96.19816000,-101.35160000
9.99694824,-92.33452000,-75.34404000
9.99755859,-92.33647000,-71.22795000
9.99816895,-91.00455000,-74.08913000
9.99877930,-85.84096000,-80.87633000
9.99938965,-85.19527000,-72.90452000
