Frequency,Channel B,Channel D
(kHz),(dBu),(dBu)

0.00000000,-40.76731000,-11.71598000
0.00061035,-48.51509000,-19.34606000
0.00122070,-65.35938000,-35.86024000
0.00183105,-78.22632000,-60.90480000
0.00244141,-78.02596000,-59.75409000
0.00305176,-78.59383000,-55.10126000
0.00366211,-76.95375000,-53.80232000
0.00427246,-79.30779000,-57.06154000
0.00488281,-83.27603000,-58.78836000
0.00549316,-74.67898000,-52.41630000
0.00610352,-70.46542000,-47.84457000
0.00671387,-71.82729000,-48.48795000
0.00732422,-75.46481000,-50.85842000
0.00793457,-79.28676000,-54.08684000
0.00854492,-85.24687000,-61.43565000
0.00915527,-83.45600000,-68.66716000
0.00976563,-88.98006000,-68.03775000
0.01037598,-76.77660000,-53.43213000
0.01098633,-75.31419000,-51.51190000
0.01159668,-83.69594000,-56.53073000
0.01220703,-90.41464000,-61.73932000
0.01281738,-81.07327000,-55.72938000
0.01342773,-80.35911000,-54.78489000
0.01403809,-81.74018000,-56.89579000
0.01464844,-78.23717000,-54.68561000
0.01525879,-80.77464000,-57.58809000
0.01586914,-89.16714000,-64.94117000
0.01647949,-87.57187000,-64.88299000
0.01708984,-91.97052000,-59.52945000
0.01770020,-82.93692000,-56.17139000
0.01831055,-81.88008000,-58.83643000
0.01892090,-79.88977000,-64.83112000
0.01953125,-80.17232000,-63.51745000
0.02014160,-81.16654000,-58.88190000
0.02075195,-86.12816000,-59.41780000
0.02136230,-97.86213000,-64.74651000
0.02197266,-95.82336000,-67.11185000
0.02258301,-83.34093000,-62.26336000
0.02319336,-79.23749000,-57.50639000
0.02380371,-83.76283000,-61.95503000
0.02441406,-81.63850000,-56.61024000
0.02502441,-76.66780000,-51.33266000
0.02563477,-72.92966000,-48.35094000
0.02624512,-83.10152000,-58.88169000
0.02685547,-82.49470000,-58.17949000
0.02746582,-89.09707000,-68.18870000
0.02807617,-82.96400000,-57.90369000
0.02868652,-41.44120000,-17.50088000
0.02929688,-23.03137000,0.93565850
0.02990723,-17.09034000,6.88026400
0.03051758,-20.20599000,3.76557800
0.03112793,-33.96684000,-10.00037000
0.03173828,-80.01997000,-61.43452000
0.03234863,-86.34480000,-70.35174000
0.03295898,-77.98715000,-51.93241000
0.03356934,-82.96687000,-57.82276000
0.03417969,-89.04669000,-63.84163000
0.03479004,-89.26101000,-68.60060000
0.03540039,-81.69638000,-57.06916000
0.03601074,-78.90303000,-53.75071000
0.03662109,-83.41914000,-55.08099000
0.03723145,-95.30367000,-64.18555000
0.03784180,-86.90174000,-68.27668000
0.03845215,-84.88014000,-64.67835000
0.03906250,-90.14044000,-62.09808000
0.03967285,-85.38074000,-58.80566000
0.04028320,-81.09349000,-56.00990000
0.04089355,-80.47958000,-56.41022000
0.04150391,-83.53112000,-59.65514000
0.04211426,-81.39943000,-59.59187000
0.04272461,-90.69046000,-65.53207000
0.04333496,-87.70408000,-63.01127000
0.04394531,-84.62569000,-61.47486000
0.04455566,-82.62086000,-58.73385000
0.04516602,-84.25853000,-58.15461000
0.04577637,-88.12081000,-61.90098000
0.04638672,-86.85004000,-63.02033000
0.04699707,-90.23769000,-70.95959000
0.04760742,-85.53338000,-59.24120000
0.04821777,-83.62677000,-57.35375000
0.04882813,-66.40948000,-44.99398000
0.04943848,-51.39991000,-29.43261000
0.05004883,-47.67679000,-25.68880000
0.05065918,-53.04359000,-31.15126000
0.05126953,-70.81113000,-49.49398000
0.05187988,-85.67490000,-64.45863000
0.05249023,-89.34528000,-67.15980000
0.05310059,-82.61414000,-58.67548000
0.05371094,-82.33363000,-58.28037000
0.05432129,-87.14524000,-63.91085000
0.05493164,-87.37918000,-68.01859000
0.05554199,-88.25941000,-66.84645000
0.05615234,-84.49953000,-57.90086000
0.05676270,-85.34797000,-57.93343000
0.05737305,-92.37880000,-59.42030000
0.05798340,-91.23684000,-61.06167000
0.05859375,-88.93994000,-63.85258000
0.05920410,-79.62553000,-55.00167000
0.05981445,-74.23041000,-48.25235000
0.06042480,-78.42126000,-51.52998000
0.06103516,-84.73182000,-62.36135000
0.06164551,-82.17851000,-58.62151000
0.06225586,-91.18336000,-69.34292000
0.06286621,-94.02833000,-68.56668000
0.06347656,-92.41415000,-65.49075000
0.06408691,-91.12689000,-67.34023000
0.06469727,-89.06007000,-71.75774000
0.06530762,-85.26448000,-62.86904000
0.06591797,-87.26132000,-69.98749000
0.06652832,-96.65040000,-71.38053000
0.06713867,-95.14420000,-67.33505000
0.06774902,-92.46835000,-70.55603000
0.06835938,-93.70152000,-73.86908000
0.06896973,-86.12115000,-61.76452000
0.06958008,-78.61916000,-57.83031000
0.07019043,-81.20537000,-62.03888000
0.07080078,-88.19072000,-63.87444000
0.07141113,-88.72169000,-63.22232000
0.07202148,-89.93317000,-70.97467000
0.07263184,-88.94472000,-67.48549000
0.07324219,-88.57413000,-62.87627000
0.07385254,-85.73363000,-65.35031000
0.07446289,-85.34334000,-67.84610000
0.07507324,-84.76625000,-69.37903000
0.07568359,-84.72101000,-67.07153000
0.07629395,-85.79419000,-61.98988000
0.07690430,-85.99525000,-60.64700000
0.07751465,-87.16331000,-62.82436000
0.07812500,-89.91691000,-66.27932000
0.07873535,-90.85257000,-71.46273000
0.07934570,-92.26311000,-64.52181000
0.07995605,-89.44043000,-62.71082000
0.08056641,-85.46296000,-61.77372000
0.08117676,-88.52600000,-65.20497000
0.08178711,-92.75639000,-70.69486000
0.08239746,-85.01434000,-67.56029000
0.08300781,-85.04985000,-66.06262000
0.08361816,-88.09631000,-75.20163000
0.08422852,-91.99513000,-72.38223000
0.08483887,-87.18761000,-62.64558000
0.08544922,-88.67263000,-60.81741000
0.08605957,-91.75750000,-63.18246000
0.08666992,-88.82184000,-62.84742000
0.08728027,-88.32246000,-63.75894000
0.08789063,-86.99358000,-69.95061000
0.08850098,-85.62605000,-60.97155000
0.08911133,-59.97487000,-35.95525000
0.08972168,-51.12506000,-27.08401000
0.09033203,-51.67490000,-27.53494000
0.09094238,-62.03742000,-37.45235000
0.09155273,-84.46227000,-62.04568000
0.09216309,-94.21809000,-81.33022000
0.09277344,-85.71323000,-80.33398000
0.09338379,-85.63651000,-71.96735000
0.09399414,-109.07700000,-86.97545000
0.09460449,-92.65351000,-74.73626000
0.09521484,-89.84337000,-70.59584000
0.09582520,-88.62481000,-68.23487000
0.09643555,-90.76973000,-65.72707000
0.09704590,-95.39452000,-65.27568000
0.09765625,-98.81615000,-67.43819000
0.09826660,-88.96925000,-60.81041000
0.09887695,-88.54947000,-59.96125000
0.09948730,-84.18397000,-67.79951000
0.10009766,-81.46756000,-66.36753000
0.10070801,-85.49342000,-62.68966000
0.10131836,-90.46014000,-60.85445000
0.10192871,-89.32990000,-63.41276000
0.10253906,-87.05186000,-63.63026000
0.10314941,-85.90457000,-62.31379000
0.10375977,-83.70482000,-62.63130000
0.10437012,-82.61471000,-64.41070000
0.10498047,-83.85471000,-66.60796000
0.10559082,-85.57529000,-68.77841000
0.10620117,-90.32782000,-71.93970000
0.10681152,-88.53500000,-67.81237000
0.10742188,-87.27729000,-65.17603000
0.10803223,-92.55670000,-67.16251000
0.10864258,-95.94300000,-69.33018000
0.10925293,-86.31306000,-60.42534000
0.10986328,-82.72755000,-54.45780000
0.11047363,-88.44675000,-56.93694000
0.11108398,-92.89464000,-75.14810000
0.11169434,-91.83297000,-70.87469000
0.11230469,-84.55909000,-73.95103000
0.11291504,-82.62633000,-69.22261000
0.11352539,-85.05885000,-71.89085000
0.11413574,-87.47318000,-64.58704000
0.11474609,-89.48547000,-67.60224000
0.11535645,-90.96188000,-72.56319000
0.11596680,-87.91199000,-68.70518000
0.11657715,-87.42576000,-66.13483000
0.11718750,-90.65054000,-67.04837000
0.11779785,-91.86057000,-73.98540000
0.11840820,-96.06462000,-71.79617000
0.11901855,-83.55313000,-60.56667000
0.11962891,-71.72997000,-47.82061000
0.12023926,-70.75636000,-46.75829000
0.12084961,-78.28808000,-55.35159000
0.12145996,-85.43751000,-72.79931000
0.12207031,-88.13278000,-69.46091000
0.12268066,-95.74207000,-76.79907000
0.12329102,-95.49129000,-68.47726000
0.12390137,-96.38148000,-66.67151000
0.12451172,-90.18831000,-72.30928000
0.12512207,-86.62372000,-71.31173000
0.12573242,-88.73130000,-68.34064000
0.12634277,-94.64426000,-64.80096000
0.12695313,-87.59805000,-66.39721000
0.12756348,-89.78824000,-76.10873000
0.12817383,-90.03556000,-73.56197000
0.12878418,-89.65211000,-69.71975000
0.12939453,-85.00996000,-59.33551000
0.13000488,-80.50301000,-55.18533000
0.13061523,-82.25961000,-57.72699000
0.13122559,-91.51535000,-69.47831000
0.13183594,-90.53501000,-80.15175000
0.13244629,-88.26662000,-72.04861000
0.13305664,-91.35359000,-79.45319000
0.13366699,-93.49793000,-70.83183000
0.13427734,-94.36059000,-87.45113000
0.13488770,-85.40580000,-70.81634000
0.13549805,-88.41300000,-75.86890000
0.13610840,-100.73700000,-70.13200000
0.13671875,-89.84189000,-65.55370000
0.13732910,-88.80858000,-65.50155000
0.13793945,-89.64104000,-65.81137000
0.13854980,-95.12466000,-72.15855000
0.13916016,-98.24192000,-75.02158000
0.13977051,-91.51035000,-77.45160000
0.14038086,-89.47096000,-70.70836000
0.14099121,-94.84604000,-70.40661000
0.14160156,-92.90298000,-71.99326000
0.14221191,-90.14924000,-69.48960000
0.14282227,-87.06969000,-74.09258000
0.14343262,-86.47322000,-82.37088000
0.14404297,-88.00270000,-73.67608000
0.14465332,-86.09222000,-74.77026000
0.14526367,-87.03735000,-81.44385000
0.14587402,-91.12702000,-82.11097000
0.14648438,-101.71810000,-78.16157000
0.14709473,-106.97760000,-74.09344000
0.14770508,-96.28532000,-74.53909000
0.14831543,-92.56560000,-69.73862000
0.14892578,-70.03403000,-46.82328000
0.14953613,-57.78389000,-34.17660000
0.15014648,-55.56486000,-31.86181000
0.15075684,-62.36274000,-38.65849000
0.15136719,-80.52847000,-59.12971000
0.15197754,-84.10156000,-82.77091000
0.15258789,-87.71763000,-83.49413000
0.15319824,-98.55233000,-79.81760000
0.15380859,-93.59585000,-71.52881000
0.15441895,-90.03300000,-67.91605000
0.15502930,-90.30247000,-69.10264000
0.15563965,-88.01247000,-86.14391000
0.15625000,-85.64754000,-74.47223000
0.15686035,-89.85211000,-74.02520000
0.15747070,-93.62375000,-69.56287000
0.15808105,-94.77357000,-66.49026000
0.15869141,-109.16820000,-68.14935000
0.15930176,-92.82913000,-72.41271000
0.15991211,-88.93588000,-66.99551000
0.16052246,-88.24498000,-74.64098000
0.16113281,-89.75377000,-71.67001000
0.16174316,-89.91945000,-66.13275000
0.16235352,-88.87816000,-64.81433000
0.16296387,-87.79759000,-65.48178000
0.16357422,-88.44489000,-67.72333000
0.16418457,-90.74264000,-77.65252000
0.16479492,-91.12298000,-80.20441000
0.16540527,-89.12492000,-76.85094000
0.16601563,-94.17766000,-72.19831000
0.16662598,-94.02206000,-67.28575000
0.16723633,-92.71636000,-69.09103000
0.16784668,-88.61192000,-73.40703000
0.16845703,-87.78575000,-67.94554000
0.16906738,-84.19351000,-68.52878000
0.16967773,-78.71296000,-56.71887000
0.17028809,-78.53234000,-54.77625000
0.17089844,-84.81987000,-61.18784000
0.17150879,-90.51124000,-69.13245000
0.17211914,-91.64437000,-70.36628000
0.17272949,-92.40907000,-69.41653000
0.17333984,-98.60954000,-69.21977000
0.17395020,-86.76311000,-71.37531000
0.17456055,-88.04712000,-69.34343000
0.17517090,-97.03853000,-71.77056000
0.17578125,-105.25310000,-86.17767000
0.17639160,-98.60187000,-71.23070000
0.17700195,-90.47876000,-66.89090000
0.17761230,-94.48267000,-68.53400000
0.17822266,-88.71503000,-77.17690000
0.17883301,-84.06984000,-61.95213000
0.17944336,-76.38665000,-53.29144000
0.18005371,-73.62414000,-50.78918000
0.18066406,-78.63613000,-55.95521000
0.18127441,-86.94104000,-66.08537000
0.18188477,-89.31757000,-68.70414000
0.18249512,-90.70087000,-73.74137000
0.18310547,-89.56620000,-81.92964000
0.18371582,-92.91029000,-72.34435000
0.18432617,-88.78567000,-66.82793000
0.18493652,-87.04613000,-67.88360000
0.18554688,-91.33953000,-71.70151000
0.18615723,-90.44554000,-65.21346000
0.18676758,-94.83574000,-64.34684000
0.18737793,-97.08745000,-73.02249000
0.18798828,-92.41955000,-82.49385000
0.18859863,-91.96323000,-76.38708000
0.18920898,-103.56160000,-68.04299000
0.18981934,-86.42745000,-60.43951000
0.19042969,-88.71185000,-61.77444000
0.19104004,-99.23466000,-78.99613000
0.19165039,-92.26357000,-65.76493000
0.19226074,-96.93375000,-66.60074000
0.19287109,-93.18374000,-72.05884000
0.19348145,-87.84091000,-72.74360000
0.19409180,-89.80962000,-75.28273000
0.19470215,-95.13750000,-78.20487000
0.19531250,-95.24243000,-72.97990000
0.19592285,-92.29897000,-67.99579000
0.19653320,-88.65166000,-68.68000000
0.19714355,-90.97719000,-68.14083000
0.19775391,-88.92545000,-68.71384000
0.19836426,-87.51730000,-72.69059000
0.19897461,-85.32317000,-82.23891000
0.19958496,-81.01890000,-73.65675000
0.20019531,-82.87461000,-65.38959000
0.20080566,-89.01485000,-63.18687000
0.20141602,-94.33788000,-69.50307000
0.20202637,-96.58180000,-69.30691000
0.20263672,-90.91564000,-62.71441000
0.20324707,-90.88329000,-63.34346000
0.20385742,-93.78036000,-67.31415000
0.20446777,-98.96827000,-74.24664000
0.20507813,-90.81313000,-77.65325000
0.20568848,-91.60644000,-70.41006000
0.20629883,-100.04890000,-84.28140000
0.20690918,-96.53774000,-77.77942000
0.20751953,-96.19434000,-91.45867000
0.20812988,-98.11524000,-75.39353000
0.20874023,-80.62888000,-58.30629000
0.20935059,-64.64018000,-42.04224000
0.20996094,-59.70142000,-36.96111000
0.21057129,-63.81004000,-40.93080000
0.21118164,-79.73666000,-56.33908000
0.21179199,-92.53150000,-88.11876000
0.21240234,-93.39046000,-90.47726000
0.21301270,-95.35737000,-86.29735000
0.21362305,-100.87680000,-75.34045000
0.21423340,-96.01551000,-68.54666000
0.21484375,-88.39717000,-67.80346000
0.21545410,-91.41808000,-76.93030000
0.21606445,-107.21000000,-74.85500000
0.21667480,-92.85590000,-86.41140000
0.21728516,-86.89605000,-86.30290000
0.21789551,-88.12844000,-79.58746000
0.21850586,-91.17072000,-72.69624000
0.21911621,-92.09313000,-70.95757000
0.21972656,-90.20703000,-65.32307000
0.22033691,-89.70008000,-61.71338000
0.22094727,-97.66827000,-63.39340000
0.22155762,-88.78680000,-68.48010000
0.22216797,-87.18207000,-75.98692000
0.22277832,-93.48389000,-76.44054000
0.22338867,-94.85379000,-73.71693000
0.22399902,-95.27167000,-71.96161000
0.22460938,-92.06097000,-76.07610000
0.22521973,-91.84867000,-74.25043000
0.22583008,-96.45267000,-68.20367000
0.22644043,-97.46804000,-70.51596000
0.22705078,-102.71680000,-73.33044000
0.22766113,-99.15702000,-77.01405000
0.22827148,-104.68460000,-77.10430000
0.22888184,-91.36621000,-76.97670000
0.22949219,-82.07368000,-60.66677000
0.23010254,-79.25333000,-57.22084000
0.23071289,-81.83092000,-61.45350000
0.23132324,-87.42210000,-74.04014000
0.23193359,-95.54981000,-73.00571000
0.23254395,-101.41960000,-68.06848000
0.23315430,-92.74147000,-69.24378000
0.23376465,-91.43253000,-74.94149000
0.23437500,-89.85703000,-75.94547000
0.23498535,-87.28069000,-72.90381000
0.23559570,-87.10163000,-75.07468000
0.23620605,-91.34732000,-76.28570000
0.23681641,-92.30727000,-72.56649000
0.23742676,-90.96122000,-73.52044000
0.23803711,-90.29305000,-73.48036000
0.23864746,-90.22808000,-75.95900000
0.23925781,-80.20238000,-59.01129000
0.23986816,-74.53857000,-51.99191000
0.24047852,-77.08069000,-54.79942000
0.24108887,-88.05176000,-69.78888000
0.24169922,-88.92935000,-78.63757000
0.24230957,-92.54408000,-80.88087000
0.24291992,-102.79610000,-73.81461000
0.24353027,-90.96566000,-72.11520000
0.24414063,-93.27393000,-73.55689000
0.24475098,-96.61152000,-73.01859000
0.24536133,-91.84071000,-71.33343000
0.24597168,-94.01562000,-71.86463000
0.24658203,-97.05812000,-73.23089000
0.24719238,-93.41325000,-71.18230000
0.24780273,-87.30861000,-72.04192000
0.24841309,-87.48406000,-76.86011000
0.24902344,-90.51962000,-68.76883000
0.24963379,-78.26575000,-61.59561000
0.25024414,-77.39099000,-61.17009000
0.25085449,-87.24651000,-67.70162000
0.25146484,-92.86102000,-76.86438000
0.25207520,-89.89971000,-70.35760000
0.25268555,-93.96331000,-68.62908000
0.25329590,-94.97340000,-67.30130000
0.25390625,-94.35538000,-65.40343000
0.25451660,-89.22319000,-68.74093000
0.25512695,-91.50815000,-74.54402000
0.25573730,-96.12874000,-68.21529000
0.25634766,-91.32737000,-70.74292000
0.25695801,-92.01523000,-74.10457000
0.25756836,-95.82780000,-73.56105000
0.25817871,-97.87606000,-78.90941000
0.25878906,-95.88245000,-77.71037000
0.25939941,-94.39363000,-69.17821000
0.26000977,-87.02415000,-68.94400000
0.26062012,-84.39401000,-80.69213000
0.26123047,-88.78099000,-75.22855000
0.26184082,-93.97630000,-71.19455000
0.26245117,-95.59853000,-70.54096000
0.26306152,-101.34490000,-71.18413000
0.26367188,-104.66570000,-72.00734000
0.26428223,-94.45882000,-76.44722000
0.26489258,-89.90205000,-89.08784000
0.26550293,-88.63733000,-79.36363000
0.26611328,-87.15935000,-84.88662000
0.26672363,-86.80386000,-92.17271000
0.26733398,-88.09906000,-88.34824000
0.26794434,-91.77859000,-75.19462000
0.26855469,-108.82750000,-71.72631000
0.26916504,-71.53052000,-49.11030000
0.26977539,-63.46272000,-41.19822000
0.27038574,-64.98584000,-42.51257000
0.27099609,-77.09700000,-53.87550000
0.27160645,-92.71832000,-87.70290000
0.27221680,-95.43494000,-76.59947000
0.27282715,-97.19493000,-74.82335000
0.27343750,-90.03574000,-72.23734000
0.27404785,-88.02589000,-74.32683000
0.27465820,-92.93609000,-95.37248000
0.27526855,-114.27210000,-71.54349000
0.27587891,-93.41663000,-71.90739000
0.27648926,-99.33540000,-74.17873000
0.27709961,-90.84291000,-68.22717000
0.27770996,-89.56381000,-71.14887000
0.27832031,-91.23416000,-79.05857000
0.27893066,-93.68890000,-74.38333000
0.27954102,-91.80635000,-70.98191000
0.28015137,-89.07608000,-68.53291000
0.28076172,-90.37110000,-72.41464000
0.28137207,-102.99690000,-75.13106000
0.28198242,-100.63770000,-78.11313000
0.28259277,-91.83793000,-85.56174000
0.28320313,-84.03053000,-80.62498000
0.28381348,-82.73204000,-82.72353000
0.28442383,-85.98962000,-82.03188000
0.28503418,-88.31399000,-73.96373000
0.28564453,-93.74405000,-72.11555000
0.28625488,-93.83083000,-82.64648000
0.28686523,-87.94526000,-74.83272000
0.28747559,-86.28047000,-70.04525000
0.28808594,-90.82523000,-70.70973000
0.28869629,-92.87530000,-71.30248000
0.28930664,-80.04452000,-64.19096000
0.28991699,-75.33220000,-60.76573000
0.29052734,-78.87168000,-67.49010000
0.29113770,-90.90616000,-75.00731000
0.29174805,-99.30485000,-73.69424000
0.29235840,-93.89584000,-82.19116000
0.29296875,-94.25868000,-88.24024000
0.29357910,-93.06419000,-75.10068000
0.29418945,-91.63559000,-67.56551000
0.29479980,-90.57545000,-65.71046000
0.29541016,-88.31740000,-65.28617000
0.29602051,-87.16264000,-65.56328000
0.29663086,-87.02882000,-69.68541000
0.29724121,-88.84357000,-80.24720000
0.29785156,-91.47015000,-73.74635000
0.29846191,-90.80824000,-67.32692000
0.29907227,-81.33839000,-61.28443000
0.29968262,-74.28397000,-52.19658000
0.30029297,-75.32743000,-52.31875000
0.30090332,-87.92237000,-61.23469000
0.30151367,-90.05456000,-70.07021000
0.30212402,-86.20186000,-71.90507000
0.30273438,-85.75725000,-79.32498000
0.30334473,-89.96423000,-75.91605000
0.30395508,-96.08857000,-78.51890000
0.30456543,-101.87080000,-85.88310000
0.30517578,-91.85443000,-74.50344000
0.30578613,-91.73774000,-73.80798000
0.30639648,-91.57398000,-81.93256000
0.30700684,-98.84628000,-75.07520000
0.30761719,-100.36280000,-71.63640000
0.30822754,-94.80293000,-79.05558000
0.30883789,-94.22862000,-72.72356000
0.30944824,-88.43860000,-64.18710000
0.31005859,-85.16155000,-63.73005000
0.31066895,-88.57057000,-70.38705000
0.31127930,-91.74652000,-74.61195000
0.31188965,-88.91788000,-77.13209000
0.31250000,-88.81179000,-71.51683000
0.31311035,-92.39226000,-68.95579000
0.31372070,-101.24160000,-72.48950000
0.31433105,-101.65030000,-77.31626000
0.31494141,-93.72491000,-76.99763000
0.31555176,-91.84299000,-78.91296000
0.31616211,-95.41854000,-73.75048000
0.31677246,-106.68760000,-72.67722000
0.31738281,-96.50496000,-72.47340000
0.31799316,-91.88716000,-76.15675000
0.31860352,-92.42191000,-72.61412000
0.31921387,-100.97240000,-69.04288000
0.31982422,-108.32510000,-66.36456000
0.32043457,-94.15279000,-69.09172000
0.32104492,-91.21043000,-78.25740000
0.32165527,-94.52980000,-74.25051000
0.32226563,-92.97115000,-75.60851000
0.32287598,-90.01907000,-71.44185000
0.32348633,-91.91786000,-70.73323000
0.32409668,-107.79080000,-77.34198000
0.32470703,-93.97060000,-84.08455000
0.32531738,-89.83956000,-82.95960000
0.32592773,-93.60364000,-75.37213000
0.32653809,-97.52808000,-83.99972000
0.32714844,-93.76942000,-80.31788000
0.32775879,-90.81618000,-73.88451000
0.32836914,-92.03516000,-70.26543000
0.32897949,-77.73985000,-59.31162000
0.32958984,-67.11501000,-46.32563000
0.33020020,-66.07970000,-44.72960000
0.33081055,-74.05540000,-52.50434000
0.33142090,-89.77754000,-74.71156000
0.33203125,-90.77209000,-77.24980000
0.33264160,-91.46561000,-73.94625000
0.33325195,-97.89741000,-74.05828000
0.33386230,-85.45886000,-71.75514000
0.33447266,-85.32700000,-77.50307000
0.33508301,-89.88078000,-81.33330000
0.33569336,-89.98032000,-73.38152000
0.33630371,-92.42456000,-80.05959000
0.33691406,-88.58819000,-87.74557000
0.33752441,-85.99102000,-84.67126000
0.33813477,-85.56659000,-75.65734000
0.33874512,-86.53691000,-74.61477000
0.33935547,-85.16349000,-71.45359000
0.33996582,-87.29308000,-69.48532000
0.34057617,-94.33415000,-71.66132000
0.34118652,-93.08425000,-72.43496000
0.34179688,-108.67850000,-72.57607000
0.34240723,-91.39786000,-80.01199000
0.34301758,-88.33218000,-96.93955000
0.34362793,-88.80790000,-79.56503000
0.34423828,-92.69933000,-74.00590000
0.34484863,-93.67567000,-72.77591000
0.34545898,-87.89088000,-69.90677000
0.34606934,-89.18974000,-68.44971000
0.34667969,-93.55258000,-70.59668000
0.34729004,-93.01131000,-75.92044000
0.34790039,-91.42111000,-72.07944000
0.34851074,-97.93182000,-69.50591000
0.34912109,-80.49651000,-62.43037000
0.34973145,-74.23723000,-56.51038000
0.35034180,-75.62169000,-57.80154000
0.35095215,-86.53561000,-66.32379000
0.35156250,-97.54665000,-73.41193000
0.35217285,-95.27172000,-70.79078000
0.35278320,-92.87049000,-71.96928000
0.35339355,-95.02338000,-74.00764000
0.35400391,-104.35600000,-67.72300000
0.35461426,-94.10217000,-68.02245000
0.35522461,-88.35990000,-72.21870000
0.35583496,-90.80370000,-67.89916000
0.35644531,-98.42555000,-65.26961000
0.35705566,-89.44708000,-67.65071000
0.35766602,-95.28953000,-72.10069000
0.35827637,-99.33137000,-72.64171000
0.35888672,-92.70545000,-70.35427000
0.35949707,-81.26037000,-56.49694000
0.36010742,-79.23782000,-53.45228000
0.36071777,-85.93671000,-59.37637000
0.36132813,-91.87253000,-77.08540000
0.36193848,-102.86120000,-71.72213000
0.36254883,-95.43339000,-66.35863000
0.36315918,-92.04556000,-68.47327000
0.36376953,-92.11530000,-71.54642000
0.36437988,-91.94580000,-71.85622000
0.36499023,-92.89735000,-72.99313000
0.36560059,-95.77500000,-66.99060000
0.36621094,-98.38361000,-65.78314000
0.36682129,-97.37708000,-71.72662000
0.36743164,-98.37840000,-86.95411000
0.36804199,-106.47310000,-73.50323000
0.36865234,-116.34150000,-70.66141000
0.36926270,-94.45433000,-68.59868000
0.36987305,-86.95884000,-66.41781000
0.37048340,-90.65752000,-70.16920000
0.37109375,-90.06791000,-75.74912000
0.37170410,-88.67888000,-86.01719000
0.37231445,-100.99420000,-76.57932000
0.37292480,-88.61618000,-72.19051000
0.37353516,-91.35064000,-69.83567000
0.37414551,-93.03204000,-69.51926000
0.37475586,-99.59624000,-71.62325000
0.37536621,-90.35649000,-68.85466000
0.37597656,-87.64922000,-64.51994000
0.37658691,-88.97368000,-65.53496000
0.37719727,-98.69456000,-70.32622000
0.37780762,-98.44322000,-73.70343000
0.37841797,-115.57970000,-75.71848000
0.37902832,-97.76577000,-78.79302000
0.37963867,-92.18025000,-71.79056000
0.38024902,-90.59468000,-71.09036000
0.38085938,-101.00930000,-78.53168000
0.38146973,-100.06280000,-89.37967000
0.38208008,-96.78184000,-79.18191000
0.38269043,-99.42616000,-73.98273000
0.38330078,-99.40818000,-75.74265000
0.38391113,-92.16203000,-83.30733000
0.38452148,-90.06837000,-76.84970000
0.38513184,-86.62688000,-74.30876000
0.38574219,-86.63265000,-77.11291000
0.38635254,-89.29102000,-77.03056000
0.38696289,-95.57240000,-74.46259000
0.38757324,-98.10452000,-69.92056000
0.38818359,-92.40758000,-66.96806000
0.38879395,-79.09204000,-61.97066000
0.38940430,-66.33749000,-51.99110000
0.39001465,-63.14941000,-48.44118000
0.39062500,-68.70047000,-53.77924000
0.39123535,-84.83119000,-80.56426000
0.39184570,-93.37560000,-73.54844000
0.39245605,-91.47095000,-79.46558000
0.39306641,-96.14409000,-73.19600000
0.39367676,-96.19416000,-73.53802000
0.39428711,-92.39892000,-76.66646000
0.39489746,-89.83720000,-80.90688000
0.39550781,-89.30405000,-72.13694000
0.39611816,-89.39984000,-74.87408000
0.39672852,-89.20780000,-76.78374000
0.39733887,-92.58234000,-68.95639000
0.39794922,-105.47320000,-68.12354000
0.39855957,-94.90172000,-69.51566000
0.39916992,-93.40857000,-69.24977000
0.39978027,-104.11870000,-66.69298000
0.40039063,-91.37210000,-67.48870000
0.40100098,-87.79049000,-72.86932000
0.40161133,-86.93528000,-83.02373000
0.40222168,-89.68319000,-84.34291000
0.40283203,-86.83610000,-72.67894000
0.40344238,-90.73381000,-71.38005000
0.40405273,-91.40768000,-70.18800000
0.40466309,-88.34743000,-75.18592000
0.40527344,-89.11603000,-72.74351000
0.40588379,-90.88412000,-74.37453000
0.40649414,-92.34628000,-104.20510000
0.40710449,-89.58248000,-85.09484000
0.40771484,-89.80756000,-74.54240000
0.40832520,-93.36480000,-74.03056000
0.40893555,-97.05728000,-88.09531000
0.40954590,-85.66412000,-68.30987000
0.41015625,-80.86219000,-64.78374000
0.41076660,-86.93340000,-75.64542000
0.41137695,-96.90599000,-91.84509000
0.41198730,-92.04781000,-68.83784000
0.41259766,-98.12611000,-66.56710000
0.41320801,-107.69210000,-70.89037000
0.41381836,-106.39470000,-74.57731000
0.41442871,-96.45963000,-87.46262000
0.41503906,-97.15405000,-77.50881000
0.41564941,-109.43110000,-73.63975000
0.41625977,-101.60380000,-68.85815000
0.41687012,-89.29437000,-70.37863000
0.41748047,-89.65396000,-78.47823000
0.41809082,-92.16164000,-69.21339000
0.41870117,-89.32400000,-68.63730000
0.41931152,-80.15750000,-59.60105000
0.41992188,-76.06342000,-54.41246000
0.42053223,-79.38320000,-58.55044000
0.42114258,-86.66577000,-75.35249000
0.42175293,-93.44786000,-76.33645000
0.42236328,-91.98065000,-75.78986000
0.42297363,-88.24596000,-78.35498000
0.42358398,-95.26737000,-77.46065000
0.42419434,-102.87680000,-74.03827000
0.42480469,-97.83301000,-77.08437000
0.42541504,-98.35492000,-80.49531000
0.42602539,-101.02670000,-72.61201000
0.42663574,-95.76791000,-69.96768000
0.42724609,-98.62702000,-74.69972000
0.42785645,-110.02200000,-74.21248000
0.42846680,-103.90930000,-69.09536000
0.42907715,-90.40482000,-68.31824000
0.42968750,-85.19543000,-64.17380000
0.43029785,-88.22466000,-67.21486000
0.43090820,-106.38310000,-80.59808000
0.43151855,-94.17995000,-82.27309000
0.43212891,-96.00568000,-79.14955000
0.43273926,-91.34743000,-84.65010000
0.43334961,-88.18495000,-76.99882000
0.43395996,-88.77377000,-78.51838000
0.43457031,-94.45267000,-84.85138000
0.43518066,-98.00068000,-71.33105000
0.43579102,-93.89289000,-70.57328000
0.43640137,-90.97851000,-71.09344000
0.43701172,-93.55841000,-72.94520000
0.43762207,-101.10650000,-80.91277000
0.43823242,-94.02660000,-78.67587000
0.43884277,-90.11432000,-76.77212000
0.43945313,-92.33288000,-72.60593000
0.44006348,-95.65317000,-69.57825000
0.44067383,-94.65900000,-68.55656000
0.44128418,-94.44306000,-70.22073000
0.44189453,-92.18151000,-74.13157000
0.44250488,-96.00089000,-72.02826000
0.44311523,-95.15808000,-70.29002000
0.44372559,-91.98653000,-71.65744000
0.44433594,-93.62388000,-72.40218000
0.44494629,-87.59785000,-85.85434000
0.44555664,-87.94383000,-70.94312000
0.44616699,-92.86792000,-69.07767000
0.44677734,-94.43671000,-76.48019000
0.44738770,-92.78065000,-71.56686000
0.44799805,-89.31915000,-70.45196000
0.44860840,-91.73235000,-72.87498000
0.44921875,-74.80857000,-60.23114000
0.44982910,-68.29822000,-52.38177000
0.45043945,-71.50629000,-53.91899000
0.45104980,-89.45449000,-65.52045000
0.45166016,-88.90510000,-69.53623000
0.45227051,-88.97179000,-66.67725000
0.45288086,-92.19630000,-71.54230000
0.45349121,-94.31403000,-75.74872000
0.45410156,-96.68033000,-74.49193000
0.45471191,-96.55472000,-72.05054000
0.45532227,-96.30225000,-74.77437000
0.45593262,-89.15058000,-80.25540000
0.45654297,-88.98797000,-79.06104000
0.45715332,-94.93072000,-78.63734000
0.45776367,-100.65610000,-76.89769000
0.45837402,-99.72479000,-83.01403000
0.45898438,-95.70317000,-81.95889000
0.45959473,-92.45467000,-72.60648000
0.46020508,-91.21667000,-67.50533000
0.46081543,-95.91884000,-71.40616000
0.46142578,-90.04488000,-78.09449000
0.46203613,-90.44747000,-77.34396000
0.46264648,-92.34887000,-78.85770000
0.46325684,-91.91661000,-77.97805000
0.46386719,-90.70964000,-75.28503000
0.46447754,-93.23952000,-92.37714000
0.46508789,-101.22990000,-76.88750000
0.46569824,-102.52360000,-73.40924000
0.46630859,-94.26254000,-70.30738000
0.46691895,-90.76072000,-69.83940000
0.46752930,-88.69908000,-73.04116000
0.46813965,-97.83949000,-73.70033000
0.46875000,-98.83087000,-71.14413000
0.46936035,-84.59412000,-64.94065000
0.46997070,-79.78056000,-62.05122000
0.47058105,-85.76969000,-66.29073000
0.47119141,-98.91263000,-76.79785000
0.47180176,-93.55124000,-82.83327000
0.47241211,-93.20077000,-87.49969000
0.47302246,-95.33902000,-75.54889000
0.47363281,-111.04560000,-77.72727000
0.47424316,-102.78250000,-83.26273000
0.47485352,-96.68950000,-73.21883000
0.47546387,-107.31530000,-74.11182000
0.47607422,-97.07191000,-91.46997000
0.47668457,-89.30709000,-75.81443000
0.47729492,-87.26389000,-76.57146000
0.47790527,-91.06480000,-74.32435000
0.47851563,-90.48898000,-78.56436000
0.47912598,-83.71988000,-63.83533000
0.47973633,-78.25040000,-55.57221000
0.48034668,-79.01250000,-56.90438000
0.48095703,-87.12498000,-69.27337000
0.48156738,-92.87915000,-84.14343000
0.48217773,-98.92648000,-78.22629000
0.48278809,-97.33138000,-76.60719000
0.48339844,-90.19622000,-80.75504000
0.48400879,-93.46478000,-72.07942000
0.48461914,-93.79243000,-70.97272000
0.48522949,-91.15408000,-71.95388000
0.48583984,-102.65180000,-74.64221000
0.48645020,-100.44430000,-74.09677000
0.48706055,-96.61629000,-72.45972000
0.48767090,-89.46030000,-77.50674000
0.48828125,-90.65451000,-85.23160000
0.48889160,-94.40205000,-75.24301000
0.48950195,-93.25294000,-76.12469000
0.49011230,-90.39971000,-73.20335000
0.49072266,-90.55080000,-75.50369000
0.49133301,-90.04348000,-73.32526000
0.49194336,-94.78984000,-74.01092000
0.49255371,-89.58546000,-87.54034000
0.49316406,-89.08633000,-77.78016000
0.49377441,-88.27198000,-76.74387000
0.49438477,-89.83361000,-71.37865000
0.49499512,-99.02211000,-68.24324000
0.49560547,-111.97490000,-68.29704000
0.49621582,-96.08633000,-69.68961000
0.49682617,-90.01296000,-72.37888000
0.49743652,-92.18021000,-73.50958000
0.49804688,-97.30241000,-76.26477000
0.49865723,-92.64473000,-71.81256000
0.49926758,-88.97935000,-78.15369000
0.49987793,-89.25912000,-74.75343000
0.50048828,-94.42730000,-84.99645000
0.50109863,-92.26053000,-70.73163000
0.50170898,-91.17548000,-68.83981000
0.50231934,-92.06234000,-72.48605000
0.50292969,-91.57880000,-74.91976000
0.50354004,-90.32581000,-79.68637000
0.50415039,-86.69348000,-78.23925000
0.50476074,-92.49878000,-68.81820000
0.50537109,-95.39275000,-66.18420000
0.50598145,-98.63878000,-68.38558000
0.50659180,-91.47888000,-72.94041000
0.50720215,-94.70398000,-70.03035000
0.50781250,-94.31227000,-71.48508000
0.50842285,-86.58199000,-79.30583000
0.50903320,-76.51785000,-65.60320000
0.50964355,-70.16868000,-55.46890000
0.51025391,-71.55739000,-54.34416000
0.51086426,-81.68518000,-61.78659000
0.51147461,-92.71836000,-79.72849000
0.51208496,-89.87398000,-69.35376000
0.51269531,-89.88739000,-69.88771000
0.51330566,-86.69992000,-69.47691000
0.51391602,-87.38796000,-71.97536000
0.51452637,-90.63599000,-77.32263000
0.51513672,-92.08627000,-83.99455000
0.51574707,-94.58474000,-82.11872000
0.51635742,-116.48740000,-92.09228000
0.51696777,-92.00339000,-81.96766000
0.51757813,-87.80359000,-72.36155000
0.51818848,-89.12459000,-72.53672000
0.51879883,-92.16370000,-76.14242000
0.51940918,-91.81929000,-68.62672000
0.52001953,-93.62644000,-65.87629000
0.52062988,-105.54640000,-67.41302000
0.52124023,-98.06076000,-70.48807000
0.52185059,-114.50180000,-70.01010000
0.52246094,-94.50303000,-67.29064000
0.52307129,-99.83081000,-67.61453000
0.52368164,-99.41110000,-71.82852000
0.52429199,-94.99462000,-80.18571000
0.52490234,-93.56659000,-83.23096000
0.52551270,-96.80889000,-71.46437000
0.52612305,-96.02058000,-73.40573000
0.52673340,-89.38948000,-82.08747000
0.52734375,-88.39227000,-92.80791000
0.52795410,-93.11370000,-79.03096000
0.52856445,-98.73305000,-88.91418000
0.52917480,-91.92478000,-74.75312000
0.52978516,-84.06158000,-67.85048000
0.53039551,-89.13734000,-67.26434000
0.53100586,-94.82627000,-71.45686000
0.53161621,-89.33449000,-80.49150000
0.53222656,-95.17816000,-75.61052000
0.53283691,-94.01546000,-72.75859000
0.53344727,-90.80544000,-72.15619000
0.53405762,-94.97105000,-72.63914000
0.53466797,-108.62590000,-76.95054000
0.53527832,-100.16490000,-79.75758000
0.53588867,-95.31094000,-75.90652000
0.53649902,-95.37057000,-79.28193000
0.53710938,-93.85603000,-77.32859000
0.53771973,-98.82317000,-90.55413000
0.53833008,-97.22397000,-78.26597000
0.53894043,-88.23439000,-71.96059000
0.53955078,-80.89554000,-59.32793000
0.54016113,-80.56107000,-57.79629000
0.54077148,-89.62739000,-64.90842000
0.54138184,-100.63650000,-79.94615000
0.54199219,-95.20211000,-96.86426000
0.54260254,-94.48193000,-75.29130000
0.54321289,-89.37862000,-73.09172000
0.54382324,-90.67726000,-71.94596000
0.54443359,-102.05310000,-71.94497000
0.54504395,-88.41659000,-77.69727000
0.54565430,-90.68462000,-84.48661000
0.54626465,-96.14571000,-77.04648000
0.54687500,-93.77541000,-82.75325000
0.54748535,-106.27870000,-77.10306000
0.54809570,-96.72897000,-74.87299000
0.54870605,-92.86777000,-76.15107000
0.54931641,-85.64281000,-72.22569000
0.54992676,-80.96900000,-70.40378000
0.55053711,-83.88808000,-75.40124000
0.55114746,-92.88802000,-72.25420000
0.55175781,-92.38701000,-73.19814000
0.55236816,-94.97868000,-77.76103000
0.55297852,-96.64623000,-69.50934000
0.55358887,-97.84348000,-71.42721000
0.55419922,-95.59322000,-75.12531000
0.55480957,-96.69658000,-74.01981000
0.55541992,-89.76646000,-71.77572000
0.55603027,-89.24332000,-76.68597000
0.55664063,-90.06895000,-67.67574000
0.55725098,-92.89097000,-64.72791000
0.55786133,-98.96780000,-67.21277000
0.55847168,-92.28737000,-79.03976000
0.55908203,-92.26632000,-73.95293000
0.55969238,-90.95935000,-73.09113000
0.56030273,-94.91063000,-71.10383000
0.56091309,-98.53439000,-74.16642000
0.56152344,-94.84676000,-76.70860000
0.56213379,-98.61353000,-73.95131000
0.56274414,-93.54745000,-78.99774000
0.56335449,-86.38577000,-76.34862000
0.56396484,-83.54991000,-74.68005000
0.56457520,-85.91888000,-72.44926000
0.56518555,-94.54589000,-75.43106000
0.56579590,-98.05154000,-72.50840000
0.56640625,-91.66849000,-72.33389000
0.56701660,-90.40390000,-75.90885000
0.56762695,-87.93405000,-73.00769000
0.56823730,-88.01376000,-72.70805000
0.56884766,-82.15591000,-75.93274000
0.56945801,-73.61028000,-61.73366000
0.57006836,-72.40807000,-58.23742000
0.57067871,-80.52077000,-64.63638000
0.57128906,-111.00450000,-81.91753000
0.57189941,-94.22700000,-75.11026000
0.57250977,-92.85933000,-72.40047000
0.57312012,-93.64706000,-69.78522000
0.57373047,-88.18011000,-69.24923000
0.57434082,-87.02445000,-72.83209000
0.57495117,-89.52998000,-72.97861000
0.57556152,-92.86121000,-66.22258000
0.57617188,-94.72137000,-65.95083000
0.57678223,-85.89548000,-72.50700000
0.57739258,-86.45332000,-79.84084000
0.57800293,-106.99830000,-77.49860000
0.57861328,-92.39149000,-79.17907000
0.57922363,-95.14320000,-82.74213000
0.57983398,-91.15678000,-87.87067000
0.58044434,-93.07060000,-87.50747000
0.58105469,-95.48171000,-81.58790000
0.58166504,-89.01097000,-87.04968000
0.58227539,-87.42832000,-80.14008000
0.58288574,-88.35786000,-75.85345000
0.58349609,-89.50295000,-78.54024000
0.58410645,-95.95921000,-74.33684000
0.58471680,-108.85900000,-74.98212000
0.58532715,-105.73330000,-75.63989000
0.58593750,-92.91273000,-71.46857000
0.58654785,-99.38346000,-71.83961000
0.58715820,-90.24007000,-79.72342000
0.58776855,-91.00758000,-77.78504000
0.58837891,-92.57706000,-71.14918000
0.58898926,-86.50627000,-74.10271000
0.58959961,-78.25533000,-67.68090000
0.59020996,-79.37239000,-68.71570000
0.59082031,-94.11183000,-73.25420000
0.59143066,-95.69270000,-68.75761000
0.59204102,-103.68580000,-70.82677000
0.59265137,-92.88277000,-77.21445000
0.59326172,-94.90745000,-82.76190000
0.59387207,-91.69763000,-81.60610000
0.59448242,-86.92333000,-82.69453000
0.59509277,-87.98544000,-88.24065000
0.59570313,-91.78696000,-78.97113000
0.59631348,-94.59073000,-75.92427000
0.59692383,-101.35710000,-72.63892000
0.59753418,-101.53290000,-67.80145000
0.59814453,-98.83346000,-66.64349000
0.59875488,-92.69004000,-68.09369000
0.59936523,-86.61707000,-65.26345000
0.59997559,-82.55337000,-61.94096000
0.60058594,-86.01917000,-67.45119000
0.60119629,-93.98141000,-77.63806000
0.60180664,-89.74319000,-69.52022000
0.60241699,-88.75507000,-68.15558000
0.60302734,-90.65172000,-70.07240000
0.60363770,-91.18501000,-69.75243000
0.60424805,-96.26390000,-71.59587000
0.60485840,-94.40688000,-79.43085000
0.60546875,-93.37764000,-82.96113000
0.60607910,-93.50373000,-77.40488000
0.60668945,-89.32616000,-72.34381000
0.60729980,-91.68500000,-74.30440000
0.60791016,-88.63995000,-72.10050000
0.60852051,-84.54822000,-70.44600000
0.60913086,-83.19579000,-75.02245000
0.60974121,-85.23898000,-73.34202000
0.61035156,-95.50232000,-73.99409000
0.61096191,-93.54308000,-73.88577000
0.61157227,-92.33958000,-73.38724000
0.61218262,-92.68936000,-73.71472000
0.61279297,-89.04298000,-78.38971000
0.61340332,-87.49325000,-81.46695000
0.61401367,-87.46521000,-83.00468000
0.61462402,-88.07647000,-84.71595000
0.61523438,-88.80252000,-80.31055000
0.61584473,-91.54529000,-73.46326000
0.61645508,-92.03650000,-72.50602000
0.61706543,-89.40083000,-72.33356000
0.61767578,-90.68986000,-71.98092000
0.61828613,-92.07053000,-75.70520000
0.61889648,-96.08311000,-74.42200000
0.61950684,-92.04105000,-68.43433000
0.62011719,-91.07613000,-72.69266000
0.62072754,-94.10330000,-81.71914000
0.62133789,-102.57190000,-85.24123000
0.62194824,-92.26436000,-79.78636000
0.62255859,-90.13510000,-94.50906000
0.62316895,-92.19557000,-73.47590000
0.62377930,-81.64427000,-76.82258000
0.62438965,-79.08334000,-88.08914000
0.62500000,-83.81682000,-82.42131000
0.62561035,-93.38233000,-86.91369000
0.62622070,-97.81514000,-76.75162000
0.62683105,-91.06811000,-72.49166000
0.62744141,-91.32061000,-76.27404000
0.62805176,-97.96034000,-79.50583000
0.62866211,-86.00361000,-71.67596000
0.62927246,-73.16518000,-68.52252000
0.62988281,-69.61500000,-59.81872000
0.63049316,-74.23629000,-61.65557000
0.63110352,-87.49709000,-70.78551000
0.63171387,-98.26984000,-81.22959000
0.63232422,-92.84113000,-85.89906000
0.63293457,-92.97027000,-72.56474000
0.63354492,-96.63284000,-68.16312000
0.63415527,-105.53410000,-69.54163000
0.63476563,-96.13850000,-76.52349000
0.63537598,-115.12840000,-74.66191000
0.63598633,-94.79824000,-68.04227000
0.63659668,-87.59713000,-74.37150000
0.63720703,-88.48038000,-89.02396000
0.63781738,-98.08519000,-85.62038000
0.63842773,-88.41552000,-81.41021000
0.63903809,-87.44878000,-72.59918000
0.63964844,-94.40948000,-71.26610000
0.64025879,-97.79408000,-80.42763000
0.64086914,-87.80094000,-81.86555000
0.64147949,-85.70238000,-74.39248000
0.64208984,-89.96293000,-76.92516000
0.64270020,-92.32146000,-73.85704000
0.64331055,-91.61567000,-70.86983000
0.64392090,-100.11260000,-73.38812000
0.64453125,-100.81680000,-87.71913000
0.64514160,-92.21920000,-79.39412000
0.64575195,-96.11290000,-81.35963000
0.64636230,-94.69109000,-74.56403000
0.64697266,-91.41107000,-72.91997000
0.64758301,-91.08890000,-69.07685000
0.64819336,-87.89880000,-68.73502000
0.64880371,-90.57971000,-74.18792000
0.64941406,-81.33820000,-67.70639000
0.65002441,-78.18249000,-61.45950000
0.65063477,-85.84084000,-66.70119000
0.65124512,-95.12109000,-74.53802000
0.65185547,-90.68965000,-67.69836000
0.65246582,-92.79509000,-70.45526000
0.65307617,-101.05630000,-73.54274000
0.65368652,-94.62125000,-72.83566000
0.65429688,-94.18723000,-82.11543000
0.65490723,-96.71349000,-74.38482000
0.65551758,-91.42068000,-70.19984000
0.65612793,-90.60709000,-73.48148000
0.65673828,-94.28885000,-83.07586000
0.65734863,-89.98730000,-85.01067000
0.65795898,-86.42610000,-77.64497000
0.65856934,-87.19228000,-77.38253000
0.65917969,-92.50047000,-70.25264000
0.65979004,-87.43966000,-62.27538000
0.66040039,-86.03966000,-63.87791000
0.66101074,-90.09613000,-75.90872000
0.66162109,-89.64675000,-75.24651000
0.66223145,-92.98210000,-69.50507000
0.66284180,-103.57150000,-68.16563000
0.66345215,-99.97939000,-70.29924000
0.66406250,-92.74178000,-80.87990000
0.66467285,-92.03365000,-77.04472000
0.66528320,-91.86740000,-73.96436000
0.66589355,-91.36222000,-76.58369000
0.66650391,-93.38668000,-86.46214000
0.66711426,-91.50201000,-76.19073000
0.66772461,-86.95214000,-70.20968000
0.66833496,-85.22070000,-73.78052000
0.66894531,-88.03689000,-93.86277000
0.66955566,-93.58730000,-76.01598000
0.67016602,-94.26593000,-77.72248000
0.67077637,-93.24721000,-71.17899000
0.67138672,-97.32256000,-68.52634000
0.67199707,-95.10682000,-69.64410000
0.67260742,-87.53424000,-70.00916000
0.67321777,-93.50833000,-70.35521000
0.67382813,-91.48739000,-74.84779000
0.67443848,-88.54144000,-82.33570000
0.67504883,-89.50063000,-73.97421000
0.67565918,-90.36591000,-71.55524000
0.67626953,-87.66277000,-74.86607000
0.67687988,-85.04974000,-72.28476000
0.67749023,-90.70316000,-70.72753000
0.67810059,-101.72260000,-71.96797000
0.67871094,-99.01376000,-70.98052000
0.67932129,-93.66040000,-72.25503000
0.67993164,-91.31686000,-74.86311000
0.68054199,-100.45080000,-77.82373000
0.68115234,-91.02800000,-78.65395000
0.68176270,-89.50854000,-71.65321000
0.68237305,-94.44942000,-67.79308000
0.68298340,-112.15500000,-66.91618000
0.68359375,-90.77931000,-70.92069000
0.68420410,-89.53038000,-84.09676000
0.68481445,-87.43325000,-80.25873000
0.68542480,-86.23956000,-80.18445000
0.68603516,-100.84800000,-71.92568000
0.68664551,-90.42218000,-70.77165000
0.68725586,-87.95126000,-70.83286000
0.68786621,-91.93680000,-79.07548000
0.68847656,-89.13303000,-70.47903000
0.68908691,-69.60031000,-67.28975000
0.68969727,-62.80138000,-67.39776000
0.69030762,-65.42429000,-67.03014000
0.69091797,-79.48639000,-85.09010000
0.69152832,-94.76263000,-73.69942000
0.69213867,-93.57990000,-68.95968000
0.69274902,-94.47277000,-66.46414000
0.69335938,-92.47073000,-68.05367000
0.69396973,-89.65232000,-72.83235000
0.69458008,-90.91521000,-76.41118000
0.69519043,-94.07869000,-81.74905000
0.69580078,-93.68351000,-71.08281000
0.69641113,-89.04341000,-68.51498000
0.69702148,-86.66897000,-70.09930000
0.69763184,-90.28968000,-69.04446000
0.69824219,-93.55262000,-72.31580000
0.69885254,-87.83657000,-73.92920000
0.69946289,-89.32301000,-64.77519000
0.70007324,-91.60333000,-63.77469000
0.70068359,-86.48116000,-69.55468000
0.70129395,-87.02213000,-76.83151000
0.70190430,-108.99440000,-73.86450000
0.70251465,-91.47452000,-75.24673000
0.70312500,-93.27351000,-76.09992000
0.70373535,-87.31490000,-82.75670000
0.70434570,-85.73795000,-76.70477000
0.70495605,-90.37091000,-73.44052000
0.70556641,-98.96246000,-68.27287000
0.70617676,-101.29120000,-67.71561000
0.70678711,-89.14888000,-70.19804000
0.70739746,-86.66739000,-70.33792000
0.70800781,-96.62482000,-71.68058000
0.70861816,-100.59430000,-73.43413000
0.70922852,-94.00093000,-80.66698000
0.70983887,-85.53308000,-72.55145000
0.71044922,-89.64157000,-72.73734000
0.71105957,-96.62006000,-90.93723000
0.71166992,-90.19573000,-76.53139000
0.71228027,-96.25046000,-79.85827000
0.71289063,-98.31077000,-95.53514000
0.71350098,-96.07383000,-78.82716000
0.71411133,-91.22688000,-81.19983000
0.71472168,-88.33485000,-85.33372000
0.71533203,-99.47992000,-97.09094000
0.71594238,-95.07635000,-75.33209000
0.71655273,-98.07654000,-70.99941000
0.71716309,-91.86182000,-73.49074000
0.71777344,-87.49550000,-74.70496000
0.71838379,-91.63232000,-74.89077000
0.71899414,-94.69787000,-80.56413000
0.71960449,-83.35612000,-66.34319000
0.72021484,-82.87155000,-63.95709000
0.72082520,-91.43383000,-70.20038000
0.72143555,-93.03651000,-74.66717000
0.72204590,-87.51851000,-71.09158000
0.72265625,-86.30159000,-70.76085000
0.72326660,-86.38412000,-72.06406000
0.72387695,-92.60391000,-74.90939000
0.72448730,-94.61861000,-67.70507000
0.72509766,-94.78964000,-66.06772000
0.72570801,-94.33850000,-70.58473000
0.72631836,-91.53011000,-75.82480000
0.72692871,-98.31483000,-74.23542000
0.72753906,-96.89800000,-76.12697000
0.72814941,-97.50313000,-74.69643000
0.72875977,-101.55980000,-72.59555000
0.72937012,-93.42377000,-79.46043000
0.72998047,-92.00303000,-72.88242000
0.73059082,-103.46400000,-74.00587000
0.73120117,-98.53555000,-76.85738000
0.73181152,-102.45460000,-74.01910000
0.73242188,-99.90387000,-75.86383000
0.73303223,-91.99992000,-74.09565000
0.73364258,-91.03172000,-75.20146000
0.73425293,-92.28166000,-77.71774000
0.73486328,-100.08600000,-76.21626000
0.73547363,-91.05607000,-80.99244000
0.73608398,-86.44627000,-77.42553000
0.73669434,-86.18655000,-71.03823000
0.73730469,-89.00317000,-70.56697000
0.73791504,-92.53686000,-73.32918000
0.73852539,-91.44334000,-76.40250000
0.73913574,-96.60773000,-71.23975000
0.73974609,-98.33813000,-66.56214000
0.74035645,-91.45763000,-66.24892000
0.74096680,-95.66235000,-69.19244000
0.74157715,-93.89745000,-78.00826000
0.74218750,-90.35126000,-75.79875000
0.74279785,-96.72637000,-69.27766000
0.74340820,-118.39390000,-68.05502000
0.74401855,-97.14702000,-72.12893000
0.74462891,-91.95021000,-78.19386000
0.74523926,-90.40227000,-74.36270000
0.74584961,-93.99644000,-81.88720000
0.74645996,-107.48320000,-87.99898000
0.74707031,-108.95090000,-78.78448000
0.74768066,-97.18369000,-77.24474000
0.74829102,-89.06773000,-85.01411000
0.74890137,-79.70444000,-73.32707000
0.74951172,-72.59035000,-64.85980000
0.75012207,-72.94307000,-63.32665000
0.75073242,-81.22606000,-69.50700000
0.75134277,-96.51773000,-80.71072000
0.75195313,-101.32280000,-76.56932000
0.75256348,-94.59888000,-71.70902000
0.75317383,-91.90568000,-78.08463000
0.75378418,-87.15250000,-74.13950000
0.75439453,-91.38367000,-68.85060000
0.75500488,-89.94447000,-66.63406000
0.75561523,-87.81102000,-71.65287000
0.75622559,-90.10110000,-77.06214000
0.75683594,-98.35107000,-70.20694000
0.75744629,-104.48950000,-75.88502000
0.75805664,-96.17059000,-82.45773000
0.75866699,-89.83549000,-75.45218000
0.75927734,-91.40945000,-77.31740000
0.75988770,-109.77200000,-68.23252000
0.76049805,-93.36964000,-68.54532000
0.76110840,-89.86723000,-77.24359000
0.76171875,-88.17804000,-73.23264000
0.76232910,-92.49594000,-71.23662000
0.76293945,-111.13980000,-71.68022000
0.76354980,-96.06919000,-74.47562000
0.76416016,-95.25420000,-72.86918000
0.76477051,-87.41299000,-70.85319000
0.76538086,-86.25138000,-75.62744000
0.76599121,-93.34805000,-75.67844000
0.76660156,-101.16860000,-77.30238000
0.76721191,-95.95214000,-77.32885000
0.76782227,-98.73432000,-71.83582000
0.76843262,-94.78939000,-72.71401000
0.76904297,-94.74536000,-70.38484000
0.76965332,-87.17533000,-66.83199000
0.77026367,-84.78504000,-68.83317000
0.77087402,-88.32433000,-79.12280000
0.77148438,-92.08329000,-79.19055000
0.77209473,-93.23820000,-77.06751000
0.77270508,-90.79830000,-74.13849000
0.77331543,-91.90756000,-73.72559000
0.77392578,-93.40390000,-79.88866000
0.77453613,-88.16603000,-78.47388000
0.77514648,-86.34271000,-77.84395000
0.77575684,-89.00925000,-95.49278000
0.77636719,-97.98069000,-78.47373000
0.77697754,-90.87991000,-77.12955000
0.77758789,-93.97515000,-74.56557000
0.77819824,-91.94411000,-75.94882000
0.77880859,-90.55571000,-92.06879000
0.77941895,-97.87703000,-69.84651000
0.78002930,-88.96735000,-65.74767000
0.78063965,-91.41298000,-72.63000000
0.78125000,-96.36641000,-76.82466000
0.78186035,-94.08081000,-72.55820000
0.78247070,-93.05009000,-73.10641000
0.78308105,-95.42047000,-73.93222000
0.78369141,-95.48092000,-72.46163000
0.78430176,-94.92554000,-73.15286000
0.78491211,-89.96457000,-78.59886000
0.78552246,-91.54953000,-72.44167000
0.78613281,-98.37330000,-71.81005000
0.78674316,-91.59084000,-80.51644000
0.78735352,-91.62733000,-85.01367000
0.78796387,-95.47113000,-83.38498000
0.78857422,-92.48578000,-74.48150000
0.78918457,-95.14893000,-79.97596000
0.78979492,-96.34785000,-79.15762000
0.79040527,-93.56798000,-77.06412000
0.79101563,-97.12912000,-69.47194000
0.79162598,-102.33390000,-73.47525000
0.79223633,-98.48976000,-71.29451000
0.79284668,-93.87196000,-66.27578000
0.79345703,-96.57287000,-69.35435000
0.79406738,-93.39304000,-72.11796000
0.79467773,-94.93850000,-73.19309000
0.79528809,-94.69804000,-78.24770000
0.79589844,-102.31650000,-71.97130000
0.79650879,-102.62860000,-76.32285000
0.79711914,-96.25611000,-79.26958000
0.79772949,-88.50664000,-71.73387000
0.79833984,-90.51244000,-69.80272000
0.79895020,-92.76687000,-73.28493000
0.79956055,-94.84913000,-77.06646000
0.80017090,-91.60552000,-70.62334000
0.80078125,-92.01672000,-73.88969000
0.80139160,-90.18825000,-91.21156000
0.80200195,-89.73450000,-78.05465000
0.80261230,-89.61354000,-82.33263000
0.80322266,-93.23624000,-70.27384000
0.80383301,-104.77720000,-77.26189000
0.80444336,-93.56119000,-72.72984000
0.80505371,-95.10384000,-69.10175000
0.80566406,-99.39348000,-70.39041000
0.80627441,-97.83278000,-72.02168000
0.80688477,-94.21825000,-74.60632000
0.80749512,-100.11270000,-92.30444000
0.80810547,-94.13451000,-79.24624000
0.80871582,-96.10640000,-78.41780000
0.80932617,-77.45081000,-80.27043000
0.80993652,-74.17570000,-70.43432000
0.81054688,-80.94056000,-69.41829000
0.81115723,-97.62183000,-72.73222000
0.81176758,-107.11420000,-77.35407000
0.81237793,-94.33470000,-72.89353000
0.81298828,-90.53146000,-84.00628000
0.81359863,-92.93016000,-79.66106000
0.81420898,-97.98539000,-76.59313000
0.81481934,-91.79395000,-76.81184000
0.81542969,-91.13412000,-74.07645000
0.81604004,-98.84388000,-77.09115000
0.81665039,-90.92765000,-84.80612000
0.81726074,-89.22916000,-85.66574000
0.81787109,-93.03285000,-75.24610000
0.81848145,-92.33507000,-73.78661000
0.81909180,-93.35921000,-79.21506000
0.81970215,-91.61217000,-75.56033000
0.82031250,-92.73488000,-73.07723000
0.82092285,-93.53329000,-77.70186000
0.82153320,-96.55042000,-79.69765000
0.82214355,-99.47708000,-71.22020000
0.82275391,-91.18419000,-71.80873000
0.82336426,-91.42053000,-72.59556000
0.82397461,-93.48396000,-73.34119000
0.82458496,-98.23311000,-76.77927000
0.82519531,-98.75098000,-72.49352000
0.82580566,-90.55363000,-70.88898000
0.82641602,-85.41836000,-83.64635000
0.82702637,-86.16969000,-69.00735000
0.82763672,-91.42567000,-66.26589000
0.82824707,-101.24170000,-67.98456000
0.82885742,-98.77674000,-74.31314000
0.82946777,-87.20031000,-75.92549000
0.83007813,-85.01815000,-70.38262000
0.83068848,-88.12326000,-69.51997000
0.83129883,-89.46561000,-71.62772000
0.83190918,-94.26884000,-76.19231000
0.83251953,-102.35750000,-75.27577000
0.83312988,-92.86343000,-80.16854000
0.83374023,-90.55167000,-86.91624000
0.83435059,-93.60616000,-78.78583000
0.83496094,-98.30827000,-84.66417000
0.83557129,-88.19467000,-82.40388000
0.83618164,-89.98091000,-79.20424000
0.83679199,-90.04292000,-74.97306000
0.83740234,-85.79955000,-72.93631000
0.83801270,-87.69631000,-72.81696000
0.83862305,-101.92760000,-78.50205000
0.83923340,-87.30155000,-74.35662000
0.83984375,-89.94675000,-65.11734000
0.84045410,-92.51616000,-68.67271000
0.84106445,-85.03440000,-73.02041000
0.84167480,-90.62212000,-70.29700000
0.84228516,-94.65026000,-75.69060000
0.84289551,-90.28944000,-79.26391000
0.84350586,-98.42323000,-103.08080000
0.84411621,-99.34974000,-81.95274000
0.84472656,-91.07800000,-72.77142000
0.84533691,-90.49035000,-76.47825000
0.84594727,-89.58301000,-80.93250000
0.84655762,-94.75204000,-76.25909000
0.84716797,-94.72562000,-75.16724000
0.84777832,-93.45573000,-76.98656000
0.84838867,-100.76650000,-85.42248000
0.84899902,-84.59405000,-70.69357000
0.84960938,-78.97519000,-63.44688000
0.85021973,-79.27753000,-66.13160000
0.85083008,-82.89688000,-71.03568000
0.85144043,-85.32333000,-71.69874000
0.85205078,-93.22403000,-75.33331000
0.85266113,-91.36681000,-74.44705000
0.85327148,-88.00400000,-73.77086000
0.85388184,-89.60686000,-81.50752000
0.85449219,-97.24132000,-75.43822000
0.85510254,-94.72828000,-81.67613000
0.85571289,-93.69670000,-72.22542000
0.85632324,-92.91362000,-68.47718000
0.85693359,-89.57470000,-69.80060000
0.85754395,-89.99335000,-73.13544000
0.85815430,-93.12718000,-72.92157000
0.85876465,-91.47335000,-70.06664000
0.85937500,-94.73639000,-74.00916000
0.85998535,-92.26066000,-77.00382000
0.86059570,-87.54236000,-87.53644000
0.86120605,-84.23950000,-75.71458000
0.86181641,-86.25070000,-81.96910000
0.86242676,-96.02960000,-77.23431000
0.86303711,-107.47190000,-78.38313000
0.86364746,-99.25218000,-72.93622000
0.86425781,-101.86640000,-70.03902000
0.86486816,-93.70897000,-70.74335000
0.86547852,-93.72000000,-77.84332000
0.86608887,-94.87462000,-83.55350000
0.86669922,-96.98865000,-80.50494000
0.86730957,-90.08096000,-80.06625000
0.86791992,-86.73570000,-74.91902000
0.86853027,-86.76199000,-74.81812000
0.86914063,-77.20779000,-75.63708000
0.86975098,-72.54961000,-68.32499000
0.87036133,-75.98891000,-66.54826000
0.87097168,-87.61035000,-74.23532000
0.87158203,-95.68088000,-87.85079000
0.87219238,-95.92645000,-79.70350000
0.87280273,-96.04953000,-73.00943000
0.87341309,-95.58433000,-75.35101000
0.87402344,-103.12980000,-75.19416000
0.87463379,-101.13950000,-76.41272000
0.87524414,-105.75060000,-81.61357000
0.87585449,-96.46538000,-77.92902000
0.87646484,-86.27246000,-77.35693000
0.87707520,-84.93082000,-83.59563000
0.87768555,-99.71764000,-81.71177000
0.87829590,-88.09784000,-75.48581000
0.87890625,-87.23788000,-72.66257000
0.87951660,-93.13850000,-71.93703000
0.88012695,-98.37094000,-73.76378000
0.88073730,-94.22688000,-74.30432000
0.88134766,-93.03535000,-76.58026000
0.88195801,-91.70166000,-77.15808000
0.88256836,-96.56697000,-77.73368000
0.88317871,-97.95499000,-70.28487000
0.88378906,-100.32780000,-73.51320000
0.88439941,-93.58422000,-78.18664000
0.88500977,-89.54179000,-76.49857000
0.88562012,-89.91788000,-78.07074000
0.88623047,-95.89340000,-82.93877000
0.88684082,-108.23710000,-85.85023000
0.88745117,-95.82237000,-75.23976000
0.88806152,-86.66251000,-72.64005000
0.88867188,-85.76421000,-74.36493000
0.88928223,-88.76729000,-69.56842000
0.88989258,-84.46725000,-72.89957000
0.89050293,-88.98232000,-76.94125000
0.89111328,-96.83069000,-70.56464000
0.89172363,-90.51720000,-70.80136000
0.89233398,-100.30980000,-81.22014000
0.89294434,-89.77544000,-79.26349000
0.89355469,-87.31293000,-77.02776000
0.89416504,-89.00111000,-76.82957000
0.89477539,-93.95283000,-75.81282000
0.89538574,-95.83060000,-77.61456000
0.89599609,-93.45863000,-83.36297000
0.89660645,-101.94710000,-78.49173000
0.89721680,-103.23700000,-76.58128000
0.89782715,-102.33790000,-86.77003000
0.89843750,-93.86292000,-76.91830000
0.89904785,-93.59277000,-72.92088000
0.89965820,-90.73669000,-68.64275000
0.90026855,-86.15161000,-68.54687000
0.90087891,-86.17295000,-75.75272000
0.90148926,-85.78111000,-83.30142000
0.90209961,-85.50836000,-76.94358000
0.90270996,-91.13591000,-73.19823000
0.90332031,-90.32072000,-72.80497000
0.90393066,-87.32490000,-76.77692000
0.90454102,-88.73890000,-76.29775000
0.90515137,-95.84782000,-70.96889000
0.90576172,-108.50130000,-69.75730000
0.90637207,-92.85287000,-73.59309000
0.90698242,-96.98163000,-74.37337000
0.90759277,-95.09087000,-69.40685000
0.90820313,-93.82798000,-70.18691000
0.90881348,-98.81548000,-70.43349000
0.90942383,-94.84549000,-80.50940000
0.91003418,-100.18510000,-71.74622000
0.91064453,-105.91060000,-74.39572000
0.91125488,-119.00400000,-77.80280000
0.91186523,-100.99200000,-77.15508000
0.91247559,-94.18730000,-79.54176000
0.91308594,-98.15059000,-75.28049000
0.91369629,-94.47977000,-73.96163000
0.91430664,-94.01580000,-82.34286000
0.91491699,-107.31350000,-81.71853000
0.91552734,-94.93182000,-80.99855000
0.91613770,-99.20292000,-76.98338000
0.91674805,-97.43483000,-74.35660000
0.91735840,-104.19640000,-84.31084000
0.91796875,-98.80576000,-73.20224000
0.91857910,-92.77801000,-75.45110000
0.91918945,-95.10008000,-74.76606000
0.91979980,-100.70960000,-67.46133000
0.92041016,-88.51814000,-67.55245000
0.92102051,-86.76099000,-75.63812000
0.92163086,-89.47959000,-94.07777000
0.92224121,-89.57992000,-70.59897000
0.92285156,-86.82557000,-67.90350000
0.92346191,-85.97122000,-71.40682000
0.92407227,-85.78169000,-72.18771000
0.92468262,-88.97139000,-82.69608000
0.92529297,-99.99821000,-80.99715000
0.92590332,-101.91850000,-70.23190000
0.92651367,-97.16884000,-70.22354000
0.92712402,-95.26411000,-74.59469000
0.92773438,-92.49799000,-72.85140000
0.92834473,-93.31311000,-70.28885000
0.92895508,-82.81303000,-70.97092000
0.92956543,-74.37671000,-82.15133000
0.93017578,-76.12369000,-74.02696000
0.93078613,-88.87340000,-78.81413000
0.93139648,-102.50690000,-93.56073000
0.93200684,-94.17751000,-78.14151000
0.93261719,-92.71041000,-72.04515000
0.93322754,-90.27145000,-68.91431000
0.93383789,-87.93858000,-69.84260000
0.93444824,-90.29679000,-76.93574000
0.93505859,-106.92930000,-79.85655000
0.93566895,-94.80833000,-76.22458000
0.93627930,-96.44469000,-82.79156000
0.93688965,-98.72170000,-70.09488000
0.93750000,-95.57343000,-68.25745000
0.93811035,-95.26366000,-68.76870000
0.93872070,-91.92909000,-73.49485000
0.93933105,-91.31161000,-77.67837000
0.93994141,-89.12978000,-70.21901000
0.94055176,-87.62399000,-69.01107000
0.94116211,-88.39799000,-81.13191000
0.94177246,-92.46629000,-71.46774000
0.94238281,-90.51293000,-68.33098000
0.94299316,-91.34994000,-70.04616000
0.94360352,-95.51317000,-76.30680000
0.94421387,-89.67455000,-76.92654000
0.94482422,-87.74113000,-76.77190000
0.94543457,-86.24564000,-81.67830000
0.94604492,-86.71444000,-75.51931000
0.94665527,-90.64026000,-75.54530000
0.94726563,-91.73860000,-78.17788000
0.94787598,-86.14719000,-80.24408000
0.94848633,-90.28137000,-86.55513000
0.94909668,-85.73456000,-71.75029000
0.94970703,-79.96761000,-65.51949000
0.95031738,-80.68906000,-67.23553000
0.95092773,-83.74626000,-75.07893000
0.95153809,-85.66803000,-80.44473000
0.95214844,-91.24775000,-74.44741000
0.95275879,-100.07950000,-71.13568000
0.95336914,-110.04910000,-71.54713000
0.95397949,-97.91546000,-71.50881000
0.95458984,-90.86442000,-73.68394000
0.95520020,-95.33157000,-70.93716000
0.95581055,-103.05640000,-72.35289000
0.95642090,-98.65330000,-73.30196000
0.95703125,-95.02597000,-75.03043000
0.95764160,-93.29810000,-83.42679000
0.95825195,-95.45945000,-71.72430000
0.95886230,-90.20021000,-71.81567000
0.95947266,-88.18587000,-80.25488000
0.96008301,-88.37305000,-72.71177000
0.96069336,-88.00012000,-73.30152000
0.96130371,-87.89558000,-70.67980000
0.96191406,-91.24818000,-67.66776000
0.96252441,-91.93917000,-68.76501000
0.96313477,-91.94382000,-70.89314000
0.96374512,-92.50632000,-73.66315000
0.96435547,-91.86697000,-74.88161000
0.96496582,-97.52918000,-69.28716000
0.96557617,-103.11100000,-69.59932000
0.96618652,-95.86732000,-72.51254000
0.96679688,-90.26616000,-69.91075000
0.96740723,-91.85357000,-70.70380000
0.96801758,-101.27910000,-80.53535000
0.96862793,-94.90829000,-80.25150000
0.96923828,-95.93697000,-88.60175000
0.96984863,-95.74642000,-75.96541000
0.97045898,-99.45042000,-69.47493000
0.97106934,-112.61440000,-71.73066000
0.97167969,-95.05545000,-79.27509000
0.97229004,-91.61940000,-69.99650000
0.97290039,-90.24673000,-69.12682000
0.97351074,-93.29423000,-66.62732000
0.97412109,-94.03320000,-67.80597000
0.97473145,-91.04462000,-74.35168000
0.97534180,-89.11694000,-71.45966000
0.97595215,-87.89341000,-73.12743000
0.97656250,-93.34801000,-70.18604000
0.97717285,-101.57400000,-69.62267000
0.97778320,-94.24175000,-81.94505000
0.97839355,-93.69022000,-72.69183000
0.97900391,-97.23993000,-72.45993000
0.97961426,-93.08534000,-89.85611000
0.98022461,-91.13128000,-74.20648000
0.98083496,-91.11317000,-73.21671000
0.98144531,-90.53925000,-71.98750000
0.98205566,-92.52850000,-72.43812000
0.98266602,-91.28937000,-71.30296000
0.98327637,-98.51292000,-75.89636000
0.98388672,-101.69860000,-85.45463000
0.98449707,-92.16228000,-78.69401000
0.98510742,-89.22076000,-83.83611000
0.98571777,-96.68047000,-75.50278000
0.98632813,-89.57066000,-72.56911000
0.98693848,-88.19977000,-76.05267000
0.98754883,-91.17901000,-76.66135000
0.98815918,-92.31740000,-78.54650000
0.98876953,-79.48935000,-70.03922000
0.98937988,-67.16843000,-65.19746000
0.98999023,-65.91017000,-66.36697000
0.99060059,-74.15462000,-72.15878000
0.99121094,-94.85086000,-74.83247000
0.99182129,-88.34438000,-75.53909000
0.99243164,-86.78397000,-77.45271000
0.99304199,-88.84116000,-67.88129000
0.99365234,-96.63532000,-67.21779000
0.99426270,-86.96793000,-69.87141000
0.99487305,-85.82863000,-73.73344000
0.99548340,-88.98999000,-81.95374000
0.99609375,-98.94547000,-79.50075000
0.99670410,-100.32390000,-69.20659000
0.99731445,-124.35650000,-65.84167000
0.99792480,-95.33723000,-67.40615000
0.99853516,-95.17517000,-71.55608000
0.99914551,-105.31320000,-85.15018000
0.99975586,-93.09631000,-76.83592000
1.00036621,-93.36716000,-74.41706000
1.00097656,-97.90021000,-75.99201000
1.00158691,-98.52797000,-70.33129000
1.00219727,-89.95224000,-71.40918000
1.00280762,-85.24904000,-80.93095000
1.00341797,-89.83173000,-68.81349000
1.00402832,-96.67363000,-69.39148000
1.00463867,-89.46320000,-74.10982000
1.00524902,-89.52007000,-73.80620000
1.00585938,-93.07610000,-77.37206000
1.00646973,-104.06220000,-75.45872000
1.00708008,-95.84171000,-69.86787000
1.00769043,-102.22720000,-71.49091000
1.00830078,-99.58488000,-69.47523000
1.00891113,-96.97206000,-66.05945000
1.00952148,-94.17332000,-68.98611000
1.01013184,-100.61080000,-71.35819000
1.01074219,-92.92817000,-74.46990000
1.01135254,-92.08952000,-81.77887000
1.01196289,-92.94751000,-81.08308000
1.01257324,-96.11510000,-75.94817000
1.01318359,-91.02954000,-72.44543000
1.01379395,-89.66366000,-72.07178000
1.01440430,-93.30489000,-76.42435000
1.01501465,-89.21920000,-80.97756000
1.01562500,-90.58061000,-77.11217000
1.01623535,-98.18169000,-71.42595000
1.01684570,-95.15105000,-70.87180000
1.01745605,-97.39700000,-74.03644000
1.01806641,-100.58530000,-80.51611000
1.01867676,-89.81441000,-82.40220000
1.01928711,-84.27795000,-85.56739000
1.01989746,-83.52542000,-71.42402000
1.02050781,-87.64324000,-67.14083000
1.02111816,-85.27627000,-65.46489000
1.02172852,-84.50924000,-64.70361000
1.02233887,-89.33353000,-66.68076000
1.02294922,-95.59392000,-69.93541000
1.02355957,-97.03737000,-69.89113000
1.02416992,-92.48344000,-70.46391000
1.02478027,-92.01608000,-74.77837000
1.02539063,-96.75871000,-73.07615000
1.02600098,-102.69060000,-69.56137000
1.02661133,-103.18040000,-71.02882000
1.02722168,-103.43930000,-80.90353000
1.02783203,-91.33771000,-76.84219000
1.02844238,-90.40459000,-73.66855000
1.02905273,-92.28290000,-79.96931000
1.02966309,-87.92731000,-90.78404000
1.03027344,-91.13947000,-86.15052000
1.03088379,-95.11077000,-74.97910000
1.03149414,-94.33940000,-72.37470000
1.03210449,-90.30288000,-74.80508000
1.03271484,-89.13083000,-72.63795000
1.03332520,-90.26817000,-70.10587000
1.03393555,-91.62819000,-68.06046000
1.03454590,-95.25957000,-73.52357000
1.03515625,-101.06130000,-82.28812000
1.03576660,-94.33335000,-90.78470000
1.03637695,-105.93160000,-74.94306000
1.03698730,-94.57694000,-73.33091000
1.03759766,-101.05080000,-77.30226000
1.03820801,-91.34930000,-72.49202000
1.03881836,-87.22400000,-75.22823000
1.03942871,-90.28540000,-80.87617000
1.04003906,-91.80994000,-77.28098000
1.04064941,-90.18658000,-81.42732000
1.04125977,-90.55717000,-74.89600000
1.04187012,-88.89618000,-66.98553000
1.04248047,-87.02485000,-67.39732000
1.04309082,-87.72011000,-76.15720000
1.04370117,-93.31336000,-85.72342000
1.04431152,-94.23939000,-75.15588000
1.04492188,-101.23950000,-72.40210000
1.04553223,-95.05669000,-79.69450000
1.04614258,-93.85173000,-83.77704000
1.04675293,-93.83316000,-77.80232000
1.04736328,-95.04464000,-71.90642000
1.04797363,-98.68987000,-70.59333000
1.04858398,-89.44057000,-72.05180000
1.04919434,-77.48798000,-69.31535000
1.04980469,-73.26598000,-64.84164000
1.05041504,-77.09296000,-67.26371000
1.05102539,-88.40736000,-82.10091000
1.05163574,-95.21918000,-72.75619000
1.05224609,-97.35985000,-75.14434000
1.05285645,-104.82930000,-75.18348000
1.05346680,-90.75543000,-75.07626000
1.05407715,-86.14902000,-72.31823000
1.05468750,-91.23844000,-71.53953000
1.05529785,-94.54524000,-74.48090000
1.05590820,-99.13942000,-73.07391000
1.05651855,-99.59198000,-71.98889000
1.05712891,-88.17566000,-76.34422000
1.05773926,-82.91699000,-77.85051000
1.05834961,-85.63694000,-73.89406000
1.05895996,-92.21938000,-76.78486000
1.05957031,-92.80582000,-80.50772000
1.06018066,-94.77475000,-74.66573000
1.06079102,-93.51050000,-69.27795000
1.06140137,-89.57536000,-71.77375000
1.06201172,-90.91198000,-79.06813000
1.06262207,-96.89633000,-75.54365000
1.06323242,-98.58931000,-75.67819000
1.06384277,-95.05733000,-76.74985000
1.06445313,-90.55283000,-81.28629000
1.06506348,-87.25351000,-74.57904000
1.06567383,-85.85226000,-73.02932000
1.06628418,-87.20985000,-76.72598000
1.06689453,-92.64711000,-71.63895000
1.06750488,-98.91917000,-66.84894000
1.06811523,-101.80810000,-69.29584000
1.06872559,-89.15455000,-82.25536000
1.06933594,-84.53159000,-79.47823000
1.06994629,-87.23351000,-74.93562000
1.07055664,-88.06665000,-76.57137000
1.07116699,-86.67161000,-76.44839000
1.07177734,-89.75562000,-76.01760000
1.07238770,-92.98302000,-83.29999000
1.07299805,-87.59345000,-77.85510000
1.07360840,-86.36794000,-75.65709000
1.07421875,-86.64349000,-86.56592000
1.07482910,-92.47791000,-75.43801000
1.07543945,-99.88297000,-70.56401000
1.07604980,-94.84837000,-72.36504000
1.07666016,-92.36275000,-84.35139000
1.07727051,-86.86388000,-101.79740000
1.07788086,-84.84532000,-79.99870000
1.07849121,-88.78556000,-71.58687000
1.07910156,-95.73451000,-73.58797000
1.07971191,-86.35482000,-78.14662000
1.08032227,-88.86507000,-72.56679000
1.08093262,-94.80216000,-72.62248000
1.08154297,-89.90192000,-71.10466000
1.08215332,-89.36324000,-76.81571000
1.08276367,-93.32475000,-70.84464000
1.08337402,-92.86594000,-72.77171000
1.08398438,-91.55529000,-74.57358000
1.08459473,-94.55146000,-67.76528000
1.08520508,-92.85414000,-71.33830000
1.08581543,-89.19510000,-78.45329000
1.08642578,-86.34705000,-74.26974000
1.08703613,-85.61272000,-70.17923000
1.08764648,-89.89877000,-69.86884000
1.08825684,-103.99290000,-73.47497000
1.08886719,-92.02229000,-77.73985000
1.08947754,-86.04776000,-86.27046000
1.09008789,-87.62325000,-84.76993000
1.09069824,-91.31334000,-78.09543000
1.09130859,-91.85362000,-74.92952000
1.09191895,-95.30450000,-73.82167000
1.09252930,-89.90192000,-72.93048000
1.09313965,-88.53599000,-75.62956000
1.09375000,-91.50023000,-77.07770000
1.09436035,-98.55819000,-69.69316000
1.09497070,-98.74335000,-66.67870000
1.09558105,-93.19582000,-67.03587000
1.09619141,-88.68810000,-71.67818000
1.09680176,-88.75377000,-71.39365000
1.09741211,-88.49455000,-66.79762000
1.09802246,-91.16016000,-67.10522000
1.09863281,-108.61620000,-71.40687000
1.09924316,-96.95647000,-73.44484000
1.09985352,-87.59564000,-70.93266000
1.10046387,-84.63074000,-70.00754000
1.10107422,-85.86289000,-69.69264000
1.10168457,-89.06594000,-71.27254000
1.10229492,-90.84256000,-71.38947000
1.10290527,-88.93897000,-76.18265000
1.10351563,-89.83124000,-81.47652000
1.10412598,-96.90573000,-71.38210000
1.10473633,-103.10460000,-71.84451000
1.10534668,-91.06430000,-74.12597000
1.10595703,-87.47356000,-77.84625000
1.10656738,-88.14374000,-79.52010000
1.10717773,-87.24763000,-75.91582000
1.10778809,-84.83575000,-67.47079000
1.10839844,-86.29510000,-69.86082000
1.10900879,-82.07435000,-81.01669000
1.10961914,-77.09244000,-73.31390000
1.11022949,-79.46258000,-79.20408000
1.11083984,-92.83504000,-68.65530000
1.11145020,-103.01990000,-69.12698000
1.11206055,-98.22739000,-72.80032000
1.11267090,-91.49758000,-73.15705000
1.11328125,-91.58012000,-70.29645000
1.11389160,-88.18837000,-70.05678000
1.11450195,-88.60459000,-68.29424000
1.11511230,-99.35718000,-71.28799000
1.11572266,-106.48260000,-70.12607000
1.11633301,-94.26062000,-74.60809000
1.11694336,-86.74171000,-84.17091000
1.11755371,-88.47855000,-89.48439000
1.11816406,-99.05265000,-85.89741000
1.11877441,-88.37910000,-79.17069000
1.11938477,-90.90554000,-72.76820000
1.11999512,-90.38998000,-67.50453000
1.12060547,-87.95403000,-67.64787000
1.12121582,-90.16739000,-73.77645000
1.12182617,-103.65630000,-86.25783000
1.12243652,-101.03900000,-93.77502000
1.12304688,-100.07540000,-74.50207000
1.12365723,-98.07089000,-67.94157000
1.12426758,-88.24815000,-66.34217000
1.12487793,-89.15646000,-69.62922000
1.12548828,-93.83304000,-70.10847000
1.12609863,-90.47710000,-76.49358000
1.12670898,-91.58977000,-72.56898000
1.12731934,-93.47963000,-72.27245000
1.12792969,-94.06269000,-78.16047000
1.12854004,-95.34748000,-81.29399000
1.12915039,-89.32201000,-89.42154000
1.12976074,-86.27927000,-73.36842000
1.13037109,-88.49168000,-68.21265000
1.13098145,-90.93762000,-77.00713000
1.13159180,-90.33150000,-69.26447000
1.13220215,-91.12637000,-67.38928000
1.13281250,-99.75562000,-71.04432000
1.13342285,-93.27640000,-72.32965000
1.13403320,-88.61604000,-78.93205000
1.13464355,-87.59628000,-86.15546000
1.13525391,-86.25502000,-74.48434000
1.13586426,-86.36364000,-71.47857000
1.13647461,-88.14190000,-72.26321000
1.13708496,-92.67648000,-71.05170000
1.13769531,-96.89343000,-72.11337000
1.13830566,-92.19497000,-72.54572000
1.13891602,-90.50354000,-69.44047000
1.13952637,-85.88495000,-74.16648000
1.14013672,-86.48232000,-84.91291000
1.14074707,-96.68645000,-85.37393000
1.14135742,-90.29961000,-79.23930000
1.14196777,-88.15065000,-71.48143000
1.14257813,-89.30630000,-70.58905000
1.14318848,-90.88180000,-86.38431000
1.14379883,-93.47997000,-72.17532000
1.14440918,-101.00710000,-70.75539000
1.14501953,-99.30228000,-77.16615000
1.14562988,-93.73633000,-79.27501000
1.14624023,-92.41807000,-73.29690000
1.14685059,-94.54074000,-72.74487000
1.14746094,-111.96010000,-75.81706000
1.14807129,-97.53568000,-82.64043000
1.14868164,-94.14561000,-75.25464000
1.14929199,-80.17873000,-67.18249000
1.14990234,-76.84965000,-63.58829000
1.15051270,-81.72321000,-70.02589000
1.15112305,-90.74213000,-81.70131000
1.15173340,-91.69928000,-81.36634000
1.15234375,-90.23674000,-78.91547000
1.15295410,-90.37379000,-87.08705000
1.15356445,-89.14359000,-78.57367000
1.15417480,-86.53247000,-77.53728000
1.15478516,-88.00685000,-69.34351000
1.15539551,-98.65401000,-67.23180000
1.15600586,-114.22850000,-68.36353000
1.15661621,-101.47260000,-70.92988000
1.15722656,-93.03997000,-73.74651000
1.15783691,-88.12712000,-77.69614000
1.15844727,-93.37105000,-79.17328000
1.15905762,-98.50569000,-74.74108000
1.15966797,-91.12468000,-74.57683000
1.16027832,-89.34305000,-78.57686000
1.16088867,-91.02757000,-75.08564000
1.16149902,-88.92076000,-69.54259000
1.16210938,-95.45685000,-71.61481000
1.16271973,-107.36220000,-74.43649000
1.16333008,-95.95378000,-73.17132000
1.16394043,-87.88609000,-73.34115000
1.16455078,-85.75938000,-75.94388000
1.16516113,-87.77145000,-79.01242000
1.16577148,-93.05477000,-72.12115000
1.16638184,-92.30244000,-74.09161000
1.16699219,-91.42506000,-82.82078000
1.16760254,-93.26231000,-77.09846000
1.16821289,-89.97697000,-69.02245000
1.16882324,-88.42487000,-71.49238000
1.16943359,-95.58219000,-77.54325000
1.17004395,-83.04305000,-73.40710000
1.17065430,-87.29494000,-73.88072000
1.17126465,-99.37012000,-83.58115000
1.17187500,-96.08112000,-87.39671000
1.17248535,-104.32110000,-93.13941000
1.17309570,-91.68954000,-71.23476000
1.17370605,-90.44109000,-65.24710000
1.17431641,-87.26218000,-66.98827000
1.17492676,-87.75237000,-75.51227000
1.17553711,-91.39169000,-78.14902000
1.17614746,-101.86270000,-75.13039000
1.17675781,-104.68080000,-76.32072000
1.17736816,-95.93720000,-86.16324000
1.17797852,-93.08850000,-78.17662000
1.17858887,-96.32690000,-83.09447000
1.17919922,-91.71032000,-77.67899000
1.17980957,-85.97699000,-82.68816000
1.18041992,-87.27309000,-79.59653000
1.18103027,-94.80735000,-77.66972000
1.18164063,-98.06493000,-76.90298000
1.18225098,-92.10504000,-76.93275000
1.18286133,-94.72858000,-77.35612000
1.18347168,-86.70612000,-77.12523000
1.18408203,-83.10413000,-75.10460000
1.18469238,-85.95692000,-71.86820000
1.18530273,-96.65761000,-71.64797000
1.18591309,-104.76350000,-75.45329000
1.18652344,-104.73290000,-77.83199000
1.18713379,-95.57828000,-76.49409000
1.18774414,-92.91917000,-77.56696000
1.18835449,-92.13543000,-76.12827000
1.18896484,-92.89555000,-76.51218000
1.18957520,-95.81694000,-72.98949000
1.19018555,-102.74730000,-85.32803000
1.19079590,-100.12410000,-74.23352000
1.19140625,-93.93269000,-71.76762000
1.19201660,-94.85222000,-83.62790000
1.19262695,-106.81610000,-79.07184000
1.19323730,-107.07080000,-82.73037000
1.19384766,-95.66887000,-70.81567000
1.19445801,-98.72478000,-68.86721000
1.19506836,-103.42560000,-70.29250000
1.19567871,-95.51871000,-74.12513000
1.19628906,-90.83283000,-70.45507000
1.19689941,-95.46449000,-71.45836000
1.19750977,-103.68120000,-71.31346000
1.19812012,-100.41490000,-72.93256000
1.19873047,-92.71226000,-88.67334000
1.19934082,-97.37471000,-75.00756000
1.19995117,-95.22661000,-73.06998000
1.20056152,-93.21590000,-77.00431000
1.20117188,-88.86325000,-79.30107000
1.20178223,-88.10073000,-79.56090000
1.20239258,-88.78555000,-74.28421000
1.20300293,-90.57367000,-72.32080000
1.20361328,-97.55783000,-71.74144000
1.20422363,-103.63030000,-78.21996000
1.20483398,-107.78190000,-86.09683000
1.20544434,-93.97388000,-80.10223000
1.20605469,-89.17224000,-76.63981000
1.20666504,-89.35635000,-78.74846000
1.20727539,-96.84539000,-77.29001000
1.20788574,-92.11607000,-76.34322000
1.20849609,-88.23846000,-73.86926000
1.20910645,-88.97592000,-72.23280000
1.20971680,-97.99220000,-74.98878000
1.21032715,-94.20898000,-105.95710000
1.21093750,-101.49570000,-74.81445000
1.21154785,-88.96254000,-75.68509000
1.21215820,-93.28375000,-80.98528000
1.21276855,-93.44016000,-86.88675000
1.21337891,-91.16805000,-81.85764000
1.21398926,-95.97281000,-72.71970000
1.21459961,-96.54731000,-71.10635000
1.21520996,-98.64522000,-74.33194000
1.21582031,-106.49650000,-74.49889000
1.21643066,-103.63090000,-77.11980000
1.21704102,-110.58160000,-85.57385000
1.21765137,-92.42680000,-86.14499000
1.21826172,-92.22688000,-79.94159000
1.21887207,-90.84793000,-83.83704000
1.21948242,-88.02911000,-76.87933000
1.22009277,-87.37505000,-76.40838000
1.22070313,-86.67744000,-87.24900000
1.22131348,-91.76346000,-74.48534000
1.22192383,-100.81680000,-74.66015000
1.22253418,-94.04054000,-83.70024000
1.22314453,-89.99290000,-75.55495000
1.22375488,-86.86024000,-76.07831000
1.22436523,-87.05515000,-77.60404000
1.22497559,-92.52994000,-76.89347000
1.22558594,-96.95907000,-84.98991000
1.22619629,-99.07156000,-77.97139000
1.22680664,-92.41583000,-85.68381000
1.22741699,-87.52407000,-77.59219000
1.22802734,-87.32475000,-79.82077000
1.22863770,-86.65218000,-78.13199000
1.22924805,-84.22675000,-70.10917000
1.22985840,-84.15414000,-70.64894000
1.23046875,-92.21381000,-73.61729000
1.23107910,-98.99326000,-73.25102000
1.23168945,-96.85136000,-72.39322000
1.23229980,-87.92598000,-75.24059000
1.23291016,-86.68797000,-73.17488000
1.23352051,-95.33458000,-71.18266000
1.23413086,-89.48643000,-75.35321000
1.23474121,-89.59911000,-75.25742000
1.23535156,-101.19750000,-72.19781000
1.23596191,-94.96907000,-91.28895000
1.23657227,-94.66191000,-73.53183000
1.23718262,-92.34756000,-77.74075000
1.23779297,-92.58014000,-89.07871000
1.23840332,-99.94753000,-89.79106000
1.23901367,-108.62460000,-74.56755000
1.23962402,-102.83500000,-74.98378000
1.24023438,-99.53607000,-79.17865000
1.24084473,-88.70486000,-69.91225000
1.24145508,-87.52616000,-70.74373000
1.24206543,-97.87578000,-72.20374000
1.24267578,-98.84146000,-74.42681000
1.24328613,-93.37614000,-76.67258000
1.24389648,-92.52606000,-70.74355000
1.24450684,-94.84844000,-75.56429000
1.24511719,-92.54909000,-72.81948000
1.24572754,-90.98784000,-70.94384000
1.24633789,-96.07795000,-71.41605000
1.24694824,-98.22968000,-74.22483000
1.24755859,-94.78019000,-81.87158000
1.24816895,-89.17970000,-75.40833000
1.24877930,-91.67189000,-78.27961000
1.24938965,-78.13082000,-75.14734000
1.25000000,-76.00791000,-70.03572000
1.25061035,-82.17531000,-75.18525000
1.25122070,-91.47605000,-96.66689000
1.25183105,-91.85929000,-75.13787000
1.25244141,-90.23999000,-72.33804000
1.25305176,-87.64551000,-78.19629000
1.25366211,-89.39134000,-77.94302000
1.25427246,-92.57408000,-74.58284000
1.25488281,-87.78817000,-72.50774000
1.25549316,-85.79115000,-69.50306000
1.25610352,-87.53594000,-70.60381000
1.25671387,-93.39431000,-80.02052000
1.25732422,-97.56435000,-71.21429000
1.25793457,-93.12997000,-72.96359000
1.25854492,-90.99075000,-75.56924000
1.25915527,-89.39812000,-76.05218000
1.25976563,-89.36484000,-83.18213000
1.26037598,-86.07971000,-77.32924000
1.26098633,-81.90654000,-87.11938000
1.26159668,-81.98944000,-72.29648000
1.26220703,-86.62183000,-72.88406000
1.26281738,-95.15440000,-77.91722000
1.26342773,-96.03600000,-77.16979000
1.26403809,-101.82100000,-78.35702000
1.26464844,-95.86948000,-77.56072000
1.26525879,-93.39191000,-73.56195000
1.26586914,-94.75600000,-71.46544000
1.26647949,-96.46530000,-71.43858000
1.26708984,-103.38930000,-72.02506000
1.26770020,-94.39887000,-70.16187000
1.26831055,-86.68599000,-68.44571000
1.26892090,-83.14274000,-71.83131000
1.26953125,-82.58170000,-80.42049000
1.27014160,-84.70714000,-81.55641000
1.27075195,-84.60853000,-84.60777000
1.27136230,-83.94057000,-74.53228000
1.27197266,-85.40653000,-93.19663000
1.27258301,-86.69069000,-72.08328000
1.27319336,-93.12628000,-73.38673000
1.27380371,-94.39590000,-76.17055000
1.27441406,-89.07179000,-72.49438000
1.27502441,-91.55682000,-76.12842000
1.27563477,-90.50099000,-77.02412000
1.27624512,-87.96800000,-74.03484000
1.27685547,-92.89287000,-72.96104000
1.27746582,-104.05000000,-77.18890000
1.27807617,-99.23318000,-72.49607000
1.27868652,-95.56893000,-71.93097000
1.27929688,-89.93679000,-72.32482000
1.27990723,-91.72116000,-69.63606000
1.28051758,-97.27115000,-70.30882000
1.28112793,-91.09378000,-70.77321000
1.28173828,-97.91653000,-72.29360000
1.28234863,-104.49800000,-76.52691000
1.28295898,-96.92766000,-76.94358000
1.28356934,-97.37823000,-71.93880000
1.28417969,-102.53620000,-73.07952000
1.28479004,-89.78005000,-103.22070000
1.28540039,-88.51409000,-77.10144000
1.28601074,-91.98280000,-79.26497000
1.28662109,-95.53989000,-73.35070000
1.28723145,-114.58380000,-77.48627000
1.28784180,-98.50526000,-78.01499000
1.28845215,-92.66282000,-74.76378000
1.28906250,-80.65454000,-72.50951000
1.28967285,-75.85599000,-72.24483000
1.29028320,-80.26723000,-80.47538000
1.29089355,-101.65350000,-76.78383000
1.29150391,-92.51219000,-71.43542000
1.29211426,-97.56351000,-72.15302000
1.29272461,-92.57118000,-70.14010000
1.29333496,-88.66790000,-70.90616000
1.29394531,-85.30205000,-75.19893000
1.29455566,-83.64674000,-74.00298000
1.29516602,-88.05252000,-76.30678000
1.29577637,-92.79167000,-70.71355000
1.29638672,-93.82974000,-70.94308000
1.29699707,-90.58769000,-99.23377000
1.29760742,-88.21092000,-72.31353000
1.29821777,-87.43724000,-70.24934000
1.29882813,-86.42938000,-72.27963000
1.29943848,-88.68448000,-70.72551000
1.30004883,-101.27790000,-72.96851000
1.30065918,-93.26218000,-75.66971000
1.30126953,-92.16362000,-71.49737000
1.30187988,-96.99803000,-75.05723000
1.30249023,-99.37023000,-80.11452000
1.30310059,-94.07365000,-74.89909000
1.30371094,-94.38545000,-74.19470000
1.30432129,-92.33124000,-81.86646000
1.30493164,-87.72073000,-74.46259000
1.30554199,-86.80126000,-70.38680000
1.30615234,-85.94180000,-75.72217000
1.30676270,-87.89371000,-78.78941000
1.30737305,-90.65876000,-74.81035000
1.30798340,-94.12930000,-72.94186000
1.30859375,-96.11847000,-73.67051000
1.30920410,-95.40303000,-73.07020000
1.30981445,-97.64502000,-73.51743000
1.31042480,-95.23709000,-88.17401000
1.31103516,-100.84850000,-88.91361000
1.31164551,-105.57310000,-79.32164000
1.31225586,-95.36250000,-82.73009000
1.31286621,-91.90461000,-77.75958000
1.31347656,-89.06498000,-67.98647000
1.31408691,-90.80158000,-65.13884000
1.31469727,-96.80475000,-69.32160000
1.31530762,-94.33872000,-73.55038000
1.31591797,-92.32651000,-73.59557000
1.31652832,-93.56734000,-82.25987000
1.31713867,-91.83388000,-81.91101000
1.31774902,-92.40973000,-77.81824000
1.31835938,-100.63530000,-83.45547000
1.31896973,-95.64930000,-72.16407000
1.31958008,-91.00076000,-69.74191000
1.32019043,-101.12850000,-73.19444000
1.32080078,-91.88153000,-80.78510000
1.32141113,-89.32403000,-74.34233000
1.32202148,-90.13872000,-73.21374000
1.32263184,-93.64679000,-73.62603000
1.32324219,-92.28703000,-71.67352000
1.32385254,-88.44051000,-71.95324000
1.32446289,-89.50732000,-72.69640000
1.32507324,-91.18073000,-75.19813000
1.32568359,-93.23123000,-83.45524000
1.32629395,-98.27338000,-91.14076000
1.32690430,-109.58980000,-79.93142000
1.32751465,-91.92829000,-70.13660000
1.32812500,-91.52869000,-68.57947000
1.32873535,-98.94318000,-70.78137000
1.32934570,-90.76564000,-71.97869000
1.32995605,-93.86023000,-71.30822000
1.33056641,-99.84618000,-73.93504000
1.33117676,-100.44640000,-79.32346000
1.33178711,-100.50930000,-70.46192000
1.33239746,-98.05281000,-69.61686000
1.33300781,-94.25236000,-74.76635000
1.33361816,-88.64311000,-79.67519000
1.33422852,-91.10401000,-83.55984000
1.33483887,-111.74490000,-76.57500000
1.33544922,-94.03667000,-69.66561000
1.33605957,-87.35019000,-68.45305000
1.33666992,-87.01869000,-75.45287000
1.33728027,-92.83311000,-82.92380000
1.33789063,-100.05580000,-75.75807000
1.33850098,-98.29944000,-77.00609000
1.33911133,-99.71576000,-79.63925000
1.33972168,-91.95077000,-70.78168000
1.34033203,-98.00565000,-72.05476000
1.34094238,-114.50220000,-74.50482000
1.34155273,-111.35310000,-72.16698000
1.34216309,-100.94270000,-75.71481000
1.34277344,-94.45634000,-76.92857000
1.34338379,-98.47907000,-70.80872000
1.34399414,-98.81636000,-76.99017000
1.34460449,-95.50128000,-80.06382000
1.34521484,-121.89140000,-74.01993000
1.34582520,-92.79010000,-72.62990000
1.34643555,-86.47829000,-72.33274000
1.34704590,-86.13418000,-75.57201000
1.34765625,-90.62190000,-76.07959000
1.34826660,-96.99303000,-75.22989000
1.34887695,-92.65060000,-77.10876000
1.34948730,-86.54341000,-75.13629000
1.35009766,-86.86850000,-73.17815000
1.35070801,-90.58766000,-73.22435000
1.35131836,-96.29868000,-73.85361000
1.35192871,-117.99370000,-74.98740000
1.35253906,-102.06850000,-77.22178000
1.35314941,-99.79935000,-74.52966000
1.35375977,-99.03743000,-71.70204000
1.35437012,-93.88714000,-72.01566000
1.35498047,-102.12090000,-72.37837000
1.35559082,-90.00783000,-79.04464000
1.35620117,-91.06094000,-69.31651000
1.35681152,-93.99281000,-72.92358000
1.35742188,-89.66028000,-78.01219000
1.35803223,-88.33046000,-73.72787000
1.35864258,-92.25206000,-75.92708000
1.35925293,-92.16042000,-82.20501000
1.35986328,-95.87503000,-81.26891000
1.36047363,-94.01244000,-82.58543000
1.36108398,-91.76302000,-76.77148000
1.36169434,-91.26459000,-72.23051000
1.36230469,-97.23055000,-74.35888000
1.36291504,-89.01437000,-80.38718000
1.36352539,-91.43117000,-78.24850000
1.36413574,-105.10700000,-74.27043000
1.36474609,-87.33353000,-72.62098000
1.36535645,-84.87533000,-90.41472000
1.36596680,-85.23146000,-72.86956000
1.36657715,-84.28608000,-69.60307000
1.36718750,-88.52328000,-69.23422000
1.36779785,-88.37218000,-74.05457000
1.36840820,-89.42992000,-80.67715000
1.36901855,-98.58760000,-72.08947000
1.36962891,-92.49365000,-67.85712000
1.37023926,-100.30330000,-71.49009000
1.37084961,-95.38215000,-78.72622000
1.37145996,-93.09618000,-74.01254000
1.37207031,-110.40060000,-74.08569000
1.37268066,-95.75351000,-79.08268000
1.37329102,-95.92937000,-91.38919000
1.37390137,-89.71726000,-79.28551000
1.37451172,-86.56898000,-73.57409000
1.37512207,-89.44770000,-72.10973000
1.37573242,-96.66498000,-73.68407000
1.37634277,-97.53235000,-72.98817000
1.37695313,-91.16738000,-68.27058000
1.37756348,-89.69006000,-66.44553000
1.37817383,-89.68828000,-70.94473000
1.37878418,-91.27419000,-76.40094000
1.37939453,-94.75089000,-70.33073000
1.38000488,-93.86536000,-70.62392000
1.38061523,-92.79716000,-75.42876000
1.38122559,-91.25787000,-76.50319000
1.38183594,-95.07411000,-70.05125000
1.38244629,-92.39651000,-72.28894000
1.38305664,-86.72040000,-72.94791000
1.38366699,-86.13659000,-76.04060000
1.38427734,-86.99644000,-80.33382000
1.38488770,-90.41138000,-73.31985000
1.38549805,-90.00699000,-70.04256000
1.38610840,-90.60662000,-72.74338000
1.38671875,-98.55633000,-74.63125000
1.38732910,-98.62485000,-79.49695000
1.38793945,-101.95820000,-78.99406000
1.38854980,-94.60033000,-73.36839000
1.38916016,-92.18684000,-75.00050000
1.38977051,-87.96226000,-74.15798000
1.39038086,-88.50339000,-75.10013000
1.39099121,-91.97349000,-80.46043000
1.39160156,-93.15381000,-78.96643000
1.39221191,-98.14068000,-75.76222000
1.39282227,-93.24319000,-71.41091000
1.39343262,-89.23282000,-70.36507000
1.39404297,-84.70361000,-71.62629000
1.39465332,-84.71183000,-75.45875000
1.39526367,-90.42683000,-86.10271000
1.39587402,-87.01424000,-81.71181000
1.39648438,-87.61275000,-78.51610000
1.39709473,-93.07117000,-78.43629000
1.39770508,-92.60504000,-80.02495000
1.39831543,-93.56459000,-69.75052000
1.39892578,-94.47533000,-67.10445000
1.39953613,-101.29250000,-69.20077000
1.40014648,-93.68262000,-74.82988000
1.40075684,-88.84174000,-71.38380000
1.40136719,-86.23432000,-95.63686000
1.40197754,-85.02853000,-71.85153000
1.40258789,-86.49939000,-69.12708000
1.40319824,-91.72107000,-71.37140000
1.40380859,-95.96219000,-84.53568000
1.40441895,-94.07684000,-74.29263000
1.40502930,-90.77076000,-71.31602000
1.40563965,-92.48883000,-73.14043000
1.40625000,-97.76694000,-73.73801000
1.40686035,-99.72452000,-74.99417000
1.40747070,-98.50472000,-76.40810000
1.40808105,-105.34480000,-72.80885000
1.40869141,-97.04965000,-67.99345000
1.40930176,-87.45755000,-67.03264000
1.40991211,-83.94749000,-71.97828000
1.41052246,-88.32638000,-85.95763000
1.41113281,-97.59933000,-83.07410000
1.41174316,-104.68450000,-76.77233000
1.41235352,-99.22776000,-77.04633000
1.41296387,-96.71601000,-76.61561000
1.41357422,-103.46460000,-78.64584000
1.41418457,-95.56698000,-81.28947000
1.41479492,-90.27526000,-83.84229000
1.41540527,-90.15068000,-91.97948000
1.41601563,-90.04853000,-78.42548000
1.41662598,-95.39798000,-71.86623000
1.41723633,-93.14935000,-70.30200000
1.41784668,-94.80589000,-70.67817000
1.41845703,-104.98660000,-72.89806000
1.41906738,-101.06940000,-75.12444000
1.41967773,-94.16032000,-79.55545000
1.42028809,-109.49190000,-83.90003000
1.42089844,-90.39590000,-77.52503000
1.42150879,-87.81224000,-70.13619000
1.42211914,-91.37869000,-70.92894000
1.42272949,-94.33257000,-76.50011000
1.42333984,-90.83701000,-80.61732000
1.42395020,-96.47578000,-75.48381000
1.42456055,-94.79903000,-71.64049000
1.42517090,-88.78033000,-75.48627000
1.42578125,-86.92497000,-79.69923000
1.42639160,-85.88116000,-80.67066000
1.42700195,-86.29594000,-84.32036000
1.42761230,-87.65932000,-85.43236000
1.42822266,-91.29749000,-75.61018000
1.42883301,-93.45366000,-74.44838000
1.42944336,-96.58494000,-79.82151000
1.43005371,-103.61440000,-80.93993000
1.43066406,-96.99349000,-75.00531000
1.43127441,-93.34373000,-77.07709000
1.43188477,-97.30896000,-79.74809000
1.43249512,-98.11807000,-74.18537000
1.43310547,-98.65398000,-75.61742000
1.43371582,-92.81152000,-82.42764000
1.43432617,-90.15159000,-72.91990000
1.43493652,-91.90750000,-72.31830000
1.43554688,-90.42340000,-73.78275000
1.43615723,-91.65185000,-73.36580000
1.43676758,-96.75854000,-72.40881000
1.43737793,-95.56952000,-68.67242000
1.43798828,-92.27859000,-67.77806000
1.43859863,-90.20542000,-69.57029000
1.43920898,-95.09121000,-73.18869000
1.43981934,-97.25847000,-74.59123000
1.44042969,-99.98633000,-71.36378000
1.44104004,-96.98322000,-73.56167000
1.44165039,-90.11219000,-80.10110000
1.44226074,-90.60265000,-72.38681000
1.44287109,-92.99023000,-70.69179000
1.44348145,-95.83027000,-74.87013000
1.44409180,-102.33490000,-74.33469000
1.44470215,-102.76820000,-68.51075000
1.44531250,-92.86925000,-69.63544000
1.44592285,-89.85320000,-73.81367000
1.44653320,-94.75740000,-78.82533000
1.44714355,-99.04788000,-96.34135000
1.44775391,-91.77650000,-89.98356000
1.44836426,-91.38656000,-76.85470000
1.44897461,-87.28054000,-74.88042000
1.44958496,-81.86921000,-70.92902000
1.45019531,-82.91141000,-70.94998000
1.45080566,-89.03746000,-74.33386000
1.45141602,-93.32093000,-86.30092000
1.45202637,-89.84175000,-79.63129000
1.45263672,-86.28148000,-78.36719000
1.45324707,-87.90829000,-73.98920000
1.45385742,-95.03258000,-73.44578000
1.45446777,-109.29650000,-74.98132000
1.45507813,-108.87490000,-69.97064000
1.45568848,-93.77911000,-76.47017000
1.45629883,-90.93059000,-79.15167000
1.45690918,-90.85061000,-77.69438000
1.45751953,-93.43544000,-82.70305000
1.45812988,-100.00250000,-74.89148000
1.45874023,-90.97115000,-75.53105000
1.45935059,-90.13497000,-79.92579000
1.45996094,-96.38992000,-73.84091000
1.46057129,-117.53760000,-81.54884000
1.46118164,-100.73130000,-84.59821000
1.46179199,-90.79454000,-82.79897000
1.46240234,-86.76564000,-80.02122000
1.46301270,-87.49883000,-76.08588000
1.46362305,-89.63846000,-71.91235000
1.46423340,-88.78133000,-76.37758000
1.46484375,-90.60475000,-76.92278000
1.46545410,-90.80147000,-86.87445000
1.46606445,-86.21227000,-72.17515000
1.46667480,-87.12451000,-70.76781000
1.46728516,-89.22737000,-74.90073000
1.46789551,-89.49424000,-80.57924000
1.46850586,-98.60756000,-76.55050000
1.46911621,-86.34545000,-86.47572000
1.46972656,-88.22601000,-73.34978000
1.47033691,-93.13968000,-69.83012000
1.47094727,-93.95140000,-73.33389000
1.47155762,-88.99024000,-74.23498000
1.47216797,-86.58498000,-74.98940000
1.47277832,-86.88722000,-89.00830000
1.47338867,-90.62952000,-76.13727000
1.47399902,-96.97177000,-74.77425000
1.47460938,-94.03245000,-71.43329000
1.47521973,-96.52695000,-76.47318000
1.47583008,-92.96790000,-108.25180000
1.47644043,-89.20997000,-76.32377000
1.47705078,-93.20612000,-72.23592000
1.47766113,-99.63065000,-72.27390000
1.47827148,-96.24321000,-71.58173000
1.47888184,-92.28627000,-70.88854000
1.47949219,-95.88481000,-81.48671000
1.48010254,-100.75160000,-74.64554000
1.48071289,-92.71594000,-72.46546000
1.48132324,-89.10855000,-73.83021000
1.48193359,-91.50182000,-72.61703000
1.48254395,-90.36704000,-76.73032000
1.48315430,-87.21179000,-92.25922000
1.48376465,-91.95686000,-74.81793000
1.48437500,-109.29350000,-70.36379000
1.48498535,-95.77225000,-74.81325000
1.48559570,-94.05013000,-72.23160000
1.48620605,-94.56383000,-70.93283000
1.48681641,-102.61220000,-76.04871000
1.48742676,-95.25008000,-84.35314000
1.48803711,-94.46346000,-82.11420000
1.48864746,-94.33887000,-80.27014000
1.48925781,-91.75916000,-82.77347000
1.48986816,-96.92445000,-80.11612000
1.49047852,-94.79208000,-77.23846000
1.49108887,-89.92951000,-74.26876000
1.49169922,-96.11970000,-74.43301000
1.49230957,-96.99024000,-74.92669000
1.49291992,-91.06084000,-74.98313000
1.49353027,-87.86839000,-75.24497000
1.49414063,-86.71410000,-80.18875000
1.49475098,-87.26307000,-83.79726000
1.49536133,-93.61298000,-74.12970000
1.49597168,-94.62473000,-72.50514000
1.49658203,-91.49899000,-69.48548000
1.49719238,-91.40645000,-69.94260000
1.49780273,-89.97961000,-68.62581000
1.49841309,-92.40448000,-67.54136000
1.49902344,-97.79448000,-70.56779000
1.49963379,-92.10733000,-75.53194000
1.50024414,-92.47395000,-74.23439000
1.50085449,-92.13715000,-72.96062000
1.50146484,-92.47423000,-76.65512000
1.50207520,-101.71530000,-73.79366000
1.50268555,-97.21444000,-71.81856000
1.50329590,-88.42338000,-75.14281000
1.50390625,-86.45019000,-74.56035000
1.50451660,-91.40351000,-80.80984000
1.50512695,-98.02641000,-80.47447000
1.50573730,-89.16702000,-82.22797000
1.50634766,-86.74529000,-79.27092000
1.50695801,-89.24619000,-78.54690000
1.50756836,-101.40600000,-76.09937000
1.50817871,-88.64342000,-72.68706000
1.50878906,-86.36582000,-75.02499000
1.50939941,-84.98354000,-80.21018000
1.51000977,-83.98021000,-75.11025000
1.51062012,-88.26193000,-76.75658000
1.51123047,-92.55133000,-87.32372000
1.51184082,-92.37601000,-80.88121000
1.51245117,-92.65855000,-79.84125000
1.51306152,-93.49963000,-99.24503000
1.51367188,-102.36060000,-72.20271000
1.51428223,-109.77980000,-70.09978000
1.51489258,-100.40890000,-75.11474000
1.51550293,-92.83927000,-73.10743000
1.51611328,-93.80927000,-71.65349000
1.51672363,-94.40868000,-75.04974000
1.51733398,-93.70375000,-76.88605000
1.51794434,-99.77930000,-77.84938000
1.51855469,-101.48440000,-73.30112000
1.51916504,-99.00424000,-73.15923000
1.51977539,-98.88326000,-75.23321000
1.52038574,-100.37980000,-77.88054000
1.52099609,-101.36420000,-75.76675000
1.52160645,-98.81359000,-70.88960000
1.52221680,-95.54931000,-71.16953000
1.52282715,-99.81448000,-70.99670000
1.52343750,-103.27790000,-72.67996000
1.52404785,-94.95908000,-77.05609000
1.52465820,-96.65186000,-79.00428000
1.52526855,-100.78920000,-77.24114000
1.52587891,-96.15609000,-74.04704000
1.52648926,-96.08947000,-73.29192000
1.52709961,-93.72559000,-68.65219000
1.52770996,-93.17725000,-70.84631000
1.52832031,-93.47171000,-79.57158000
1.52893066,-91.67387000,-73.67638000
1.52954102,-90.73628000,-73.47671000
1.53015137,-101.45690000,-77.27292000
1.53076172,-89.58282000,-77.45649000
1.53137207,-86.34232000,-70.98328000
1.53198242,-88.08144000,-70.96375000
1.53259277,-94.03485000,-83.44252000
1.53320313,-96.91688000,-72.50115000
1.53381348,-95.32281000,-79.67387000
1.53442383,-93.28419000,-81.82336000
1.53503418,-89.31782000,-83.08441000
1.53564453,-85.62624000,-75.81412000
1.53625488,-88.49123000,-74.09063000
1.53686523,-101.98430000,-76.62955000
1.53747559,-100.24350000,-76.44216000
1.53808594,-104.57110000,-81.47691000
1.53869629,-93.80779000,-85.35766000
1.53930664,-94.24391000,-75.34182000
1.53991699,-104.16940000,-73.01410000
1.54052734,-95.35384000,-80.72269000
1.54113770,-95.79246000,-71.95702000
1.54174805,-91.98814000,-67.35381000
1.54235840,-88.98122000,-68.88863000
1.54296875,-88.18628000,-71.07419000
1.54357910,-87.20795000,-71.42960000
1.54418945,-87.73983000,-82.86060000
1.54479980,-89.05844000,-76.35019000
1.54541016,-88.75153000,-79.23232000
1.54602051,-90.84235000,-76.19473000
1.54663086,-91.03074000,-74.20763000
1.54724121,-89.68504000,-85.11906000
1.54785156,-89.44618000,-71.64987000
1.54846191,-92.36996000,-72.10462000
1.54907227,-89.03072000,-80.89008000
1.54968262,-83.96003000,-77.88887000
1.55029297,-84.91988000,-69.31031000
1.55090332,-89.27583000,-69.04604000
1.55151367,-96.78944000,-75.41483000
1.55212402,-95.58910000,-81.71581000
1.55273438,-95.75414000,-79.10674000
1.55334473,-97.33514000,-72.10610000
1.55395508,-90.92205000,-75.26394000
1.55456543,-92.62565000,-79.70132000
1.55517578,-88.71293000,-91.35025000
1.55578613,-85.86046000,-75.36848000
1.55639648,-87.61331000,-74.68905000
1.55700684,-97.20191000,-72.75814000
1.55761719,-91.97168000,-70.90759000
1.55822754,-90.48309000,-70.76431000
1.55883789,-92.29324000,-78.04044000
1.55944824,-93.87560000,-85.54196000
1.56005859,-95.60337000,-77.81017000
1.56066895,-99.00432000,-88.57883000
1.56127930,-92.16636000,-76.23209000
1.56188965,-91.22543000,-70.72015000
1.56250000,-95.36805000,-69.86069000
1.56311035,-89.74489000,-75.59367000
1.56372070,-86.64037000,-76.41151000
1.56433105,-90.03207000,-73.82491000
1.56494141,-97.20852000,-74.56316000
1.56555176,-95.27003000,-73.99134000
1.56616211,-92.76677000,-74.33026000
1.56677246,-88.02894000,-82.46926000
1.56738281,-87.03920000,-86.18672000
1.56799316,-91.90813000,-76.53432000
1.56860352,-90.89693000,-74.84414000
1.56921387,-85.85400000,-73.34563000
1.56982422,-86.07912000,-76.70709000
1.57043457,-87.19489000,-74.41682000
1.57104492,-88.62525000,-71.83343000
1.57165527,-93.24448000,-89.71600000
1.57226563,-94.93919000,-69.59006000
1.57287598,-95.14162000,-69.70558000
1.57348633,-91.54364000,-76.30695000
1.57409668,-94.41382000,-77.84206000
1.57470703,-103.02030000,-79.92432000
1.57531738,-99.44680000,-85.69409000
1.57592773,-99.50737000,-86.71877000
1.57653809,-105.88860000,-74.35653000
1.57714844,-108.16180000,-72.99001000
1.57775879,-99.14253000,-67.65516000
1.57836914,-98.24654000,-71.45618000
1.57897949,-92.65376000,-74.42532000
1.57958984,-91.33912000,-72.15684000
1.58020020,-89.66376000,-75.45441000
1.58081055,-96.27919000,-87.21660000
1.58142090,-97.45197000,-77.18346000
1.58203125,-94.28672000,-74.13274000
1.58264160,-92.72042000,-70.99137000
1.58325195,-89.11084000,-72.22615000
1.58386230,-89.36364000,-70.16860000
1.58447266,-98.78964000,-69.99496000
1.58508301,-105.83180000,-78.09579000
1.58569336,-92.76514000,-72.49622000
1.58630371,-91.59706000,-73.67931000
1.58691406,-104.15580000,-80.90143000
1.58752441,-106.48360000,-74.43874000
1.58813477,-110.33290000,-75.39767000
1.58874512,-91.77167000,-77.73431000
1.58935547,-82.25341000,-83.28065000
1.58996582,-82.03398000,-76.36436000
1.59057617,-89.13804000,-76.94810000
1.59118652,-93.10074000,-73.94085000
1.59179688,-89.35566000,-75.09166000
1.59240723,-93.41476000,-86.57448000
1.59301758,-129.06110000,-86.62957000
1.59362793,-89.95724000,-73.15546000
1.59423828,-78.38420000,-67.79040000
1.59484863,-76.99303000,-70.00948000
1.59545898,-82.44961000,-73.69019000
1.59606934,-90.00740000,-72.50510000
1.59667969,-96.84361000,-78.13907000
1.59729004,-94.47518000,-91.60130000
1.59790039,-105.82980000,-85.39095000
1.59851074,-89.07905000,-83.98273000
1.59912109,-85.11666000,-74.87678000
1.59973145,-86.18095000,-69.35517000
1.60034180,-87.96447000,-73.06207000
1.60095215,-89.08932000,-82.52000000
1.60156250,-91.11507000,-79.40560000
1.60217285,-96.67908000,-73.23595000
1.60278320,-102.31110000,-71.98996000
1.60339355,-89.65894000,-71.39185000
1.60400391,-85.38406000,-86.55247000
1.60461426,-86.79912000,-75.33936000
1.60522461,-89.03610000,-78.10179000
1.60583496,-92.86377000,-72.74438000
1.60644531,-103.64180000,-67.88455000
1.60705566,-95.96512000,-68.52521000
1.60766602,-91.08285000,-71.52067000
1.60827637,-92.37946000,-82.02206000
1.60888672,-95.05359000,-78.01652000
1.60949707,-90.00871000,-76.46023000
1.61010742,-87.65176000,-81.44929000
1.61071777,-90.62903000,-81.38017000
1.61132813,-94.18186000,-76.66114000
1.61193848,-103.46180000,-72.68846000
1.61254883,-91.60112000,-74.38628000
1.61315918,-88.92935000,-81.78360000
1.61376953,-91.53131000,-76.77602000
1.61437988,-96.23206000,-81.91177000
1.61499023,-100.54870000,-83.31245000
1.61560059,-95.46478000,-74.71918000
1.61621094,-96.78191000,-77.00113000
1.61682129,-112.19540000,-78.29262000
1.61743164,-94.64073000,-74.65129000
1.61804199,-89.37003000,-81.60743000
1.61865234,-88.76825000,-82.16080000
1.61926270,-92.40262000,-71.70061000
1.61987305,-95.42079000,-69.40771000
1.62048340,-95.24029000,-70.88484000
1.62109375,-97.84415000,-78.97819000
1.62170410,-98.82961000,-72.63609000
1.62231445,-99.40782000,-77.84995000
1.62292480,-96.12942000,-80.94677000
1.62353516,-95.77295000,-83.84696000
1.62414551,-94.83949000,-76.11531000
1.62475586,-91.43380000,-74.60153000
1.62536621,-91.44836000,-71.59781000
1.62597656,-92.85344000,-75.09592000
1.62658691,-91.97045000,-88.75939000
1.62719727,-92.13503000,-86.76097000
1.62780762,-91.96613000,-80.85593000
1.62841797,-88.26748000,-73.80302000
1.62902832,-91.46026000,-77.99077000
1.62963867,-98.44868000,-73.85135000
1.63024902,-94.25938000,-68.66966000
1.63085938,-105.61840000,-68.59089000
1.63146973,-94.95988000,-69.37592000
1.63208008,-97.78966000,-71.60940000
1.63269043,-95.34405000,-74.62012000
1.63330078,-117.84850000,-71.51471000
1.63391113,-100.01370000,-70.16660000
1.63452148,-91.24245000,-82.10098000
1.63513184,-91.12209000,-74.86041000
1.63574219,-107.60190000,-68.58047000
1.63635254,-94.17255000,-70.52546000
1.63696289,-96.76170000,-79.21027000
1.63757324,-102.81710000,-69.06543000
1.63818359,-89.82422000,-67.57208000
1.63879395,-87.86429000,-70.52831000
1.63940430,-91.03850000,-72.15129000
1.64001465,-96.09108000,-69.30591000
1.64062500,-96.09035000,-70.78545000
1.64123535,-100.00630000,-78.96342000
1.64184570,-96.16868000,-83.25253000
1.64245605,-96.19453000,-82.86063000
1.64306641,-93.70785000,-80.76500000
1.64367676,-89.48368000,-83.20436000
1.64428711,-87.88747000,-77.68132000
1.64489746,-89.60536000,-76.00361000
1.64550781,-94.01445000,-75.86015000
1.64611816,-93.89741000,-73.53091000
1.64672852,-88.64725000,-76.74621000
1.64733887,-88.09971000,-79.55038000
1.64794922,-94.46931000,-70.10805000
1.64855957,-93.34947000,-68.71064000
1.64916992,-85.78922000,-68.72535000
1.64978027,-83.94238000,-72.05661000
1.65039063,-88.45064000,-71.96976000
1.65100098,-98.91389000,-74.09074000
1.65161133,-97.15256000,-81.02583000
1.65222168,-92.67461000,-90.77066000
1.65283203,-93.17967000,-81.40936000
1.65344238,-92.77414000,-76.75540000
1.65405273,-89.76384000,-78.59728000
1.65466309,-90.18204000,-75.44350000
1.65527344,-91.86314000,-76.91177000
1.65588379,-90.28686000,-73.87807000
1.65649414,-94.45186000,-68.87498000
1.65710449,-99.36713000,-70.63094000
1.65771484,-91.78798000,-83.22986000
1.65832520,-92.84351000,-75.36752000
1.65893555,-91.50066000,-75.29379000
1.65954590,-91.06689000,-74.27111000
1.66015625,-90.42456000,-69.80907000
1.66076660,-88.41438000,-69.02460000
1.66137695,-87.22276000,-71.26511000
1.66198730,-86.57069000,-71.47943000
1.66259766,-89.51912000,-70.15387000
1.66320801,-91.28986000,-73.25142000
1.66381836,-91.08815000,-77.39046000
1.66442871,-104.47310000,-79.33579000
1.66503906,-89.58913000,-83.60457000
1.66564941,-86.18445000,-75.98456000
1.66625977,-87.67827000,-70.35816000
1.66687012,-91.47042000,-70.07996000
1.66748047,-95.88268000,-72.47957000
1.66809082,-99.77925000,-76.44852000
1.66870117,-97.63895000,-77.34872000
1.66931152,-98.96227000,-79.35401000
1.66992188,-92.60965000,-95.41470000
1.67053223,-94.77670000,-75.53355000
1.67114258,-100.10540000,-73.90378000
1.67175293,-92.79324000,-68.29588000
1.67236328,-91.85661000,-68.04744000
1.67297363,-95.62177000,-73.76844000
1.67358398,-93.40672000,-71.62354000
1.67419434,-105.46940000,-68.79899000
1.67480469,-96.40948000,-69.04749000
1.67541504,-100.21100000,-72.29501000
1.67602539,-95.83691000,-75.11884000
1.67663574,-106.53360000,-77.44501000
1.67724609,-86.33119000,-81.56168000
1.67785645,-84.90297000,-88.90233000
1.67846680,-95.42734000,-76.51819000
1.67907715,-91.97717000,-71.79083000
1.67968750,-91.30456000,-68.69559000
1.68029785,-105.15370000,-70.71273000
1.68090820,-91.88687000,-73.34377000
1.68151855,-86.02509000,-73.14340000
1.68212891,-86.46577000,-72.33523000
1.68273926,-92.99846000,-71.83534000
1.68334961,-94.72518000,-69.14142000
1.68395996,-96.31104000,-69.30366000
1.68457031,-98.31722000,-70.90176000
1.68518066,-91.38252000,-70.72398000
1.68579102,-88.56622000,-70.34711000
1.68640137,-91.62517000,-74.15336000
1.68701172,-91.59441000,-84.64220000
1.68762207,-86.83557000,-80.89589000
1.68823242,-90.38796000,-79.68764000
1.68884277,-94.73792000,-75.51894000
1.68945313,-94.36791000,-71.60773000
1.69006348,-95.23932000,-74.76053000
1.69067383,-96.12694000,-77.85883000
1.69128418,-93.35013000,-76.62286000
1.69189453,-91.07458000,-82.80679000
1.69250488,-94.44100000,-75.33289000
1.69311523,-93.02776000,-76.84480000
1.69372559,-86.11976000,-79.86521000
1.69433594,-82.55502000,-75.88359000
1.69494629,-83.06126000,-80.79684000
1.69555664,-86.57124000,-74.04220000
1.69616699,-92.41595000,-72.57715000
1.69677734,-103.68700000,-79.61056000
1.69738770,-91.59464000,-75.67674000
1.69799805,-87.71760000,-73.79951000
1.69860840,-86.02826000,-76.22028000
1.69921875,-85.75318000,-77.59724000
1.69982910,-88.08156000,-85.99166000
1.70043945,-87.15386000,-77.80318000
1.70104980,-87.20150000,-73.43410000
1.70166016,-91.29623000,-79.32787000
1.70227051,-116.73950000,-73.76971000
1.70288086,-95.13717000,-77.68201000
1.70349121,-95.53375000,-82.28629000
1.70410156,-96.13286000,-88.74351000
1.70471191,-99.14046000,-75.43231000
1.70532227,-105.22050000,-70.74063000
1.70593262,-94.80554000,-72.29095000
1.70654297,-89.39772000,-75.20300000
1.70715332,-88.09700000,-75.65707000
1.70776367,-92.29742000,-78.23449000
1.70837402,-86.28936000,-75.21938000
1.70898438,-87.63259000,-75.25391000
1.70959473,-97.08131000,-76.57867000
1.71020508,-104.89780000,-83.58242000
1.71081543,-96.67168000,-85.50212000
1.71142578,-95.29632000,-90.58751000
1.71203613,-97.53780000,-84.07227000
1.71264648,-98.92372000,-72.79979000
1.71325684,-95.43924000,-72.05123000
1.71386719,-90.89600000,-78.39111000
1.71447754,-90.69794000,-86.31959000
1.71508789,-95.75879000,-80.44749000
1.71569824,-101.56810000,-75.74492000
1.71630859,-94.68611000,-81.00945000
1.71691895,-91.64680000,-71.05956000
1.71752930,-94.01176000,-68.06106000
1.71813965,-89.72704000,-70.62223000
1.71875000,-87.76684000,-73.00166000
1.71936035,-91.15485000,-75.42658000
1.71997070,-94.83592000,-73.81523000
1.72058105,-91.36848000,-71.42396000
1.72119141,-90.40584000,-71.61069000
1.72180176,-94.52859000,-71.43057000
1.72241211,-94.17741000,-71.37944000
1.72302246,-93.98448000,-77.86588000
1.72363281,-91.74266000,-73.60144000
1.72424316,-90.06509000,-68.51526000
1.72485352,-95.05546000,-66.91258000
1.72546387,-95.60744000,-68.56288000
1.72607422,-92.16132000,-72.83971000
1.72668457,-96.76382000,-76.93287000
1.72729492,-91.39182000,-88.77674000
1.72790527,-87.36434000,-88.74271000
1.72851563,-87.10201000,-88.74049000
1.72912598,-92.30429000,-79.56785000
1.72973633,-97.91051000,-72.31483000
1.73034668,-96.89965000,-73.75843000
1.73095703,-92.64393000,-69.55596000
1.73156738,-88.86464000,-67.35291000
1.73217773,-88.27751000,-68.41609000
1.73278809,-91.89614000,-75.76701000
1.73339844,-91.98289000,-76.02324000
1.73400879,-87.40405000,-73.92510000
1.73461914,-90.55093000,-71.00320000
1.73522949,-97.17468000,-73.83304000
1.73583984,-92.71638000,-75.99062000
1.73645020,-93.38207000,-72.80470000
1.73706055,-97.18329000,-72.61770000
1.73767090,-94.70740000,-69.93377000
1.73828125,-93.34445000,-72.53344000
1.73889160,-90.47306000,-73.67492000
1.73950195,-92.65446000,-69.25243000
1.74011230,-97.96881000,-67.83477000
1.74072266,-129.58720000,-70.60119000
1.74133301,-94.48149000,-75.82877000
1.74194336,-96.60085000,-77.32943000
1.74255371,-104.27410000,-76.74123000
1.74316406,-104.92150000,-71.83865000
1.74377441,-102.15000000,-71.70711000
1.74438477,-97.22841000,-72.50887000
1.74499512,-95.16570000,-73.78944000
1.74560547,-93.74268000,-81.71819000
1.74621582,-92.38194000,-76.59403000
1.74682617,-93.62319000,-70.97458000
1.74743652,-94.18212000,-71.93748000
1.74804688,-92.05965000,-76.58351000
1.74865723,-95.56824000,-79.60334000
1.74926758,-91.66399000,-83.68606000
1.74987793,-86.69681000,-86.19979000
1.75048828,-92.38197000,-75.34637000
1.75109863,-92.24854000,-79.89650000
1.75170898,-92.52885000,-77.72870000
1.75231934,-89.77690000,-74.63739000
1.75292969,-90.37160000,-94.86797000
1.75354004,-95.17154000,-81.98569000
1.75415039,-90.11807000,-85.57863000
1.75476074,-93.31673000,-78.78699000
1.75537109,-96.26168000,-75.31698000
1.75598145,-98.96633000,-75.87810000
1.75659180,-91.94688000,-76.98187000
1.75720215,-92.44858000,-73.77447000
1.75781250,-96.07964000,-71.03300000
1.75842285,-98.88937000,-69.92537000
1.75903320,-97.27277000,-68.64228000
1.75964355,-92.23313000,-71.37317000
1.76025391,-100.73850000,-78.46757000
1.76086426,-90.32837000,-73.32792000
1.76147461,-85.95140000,-75.97057000
1.76208496,-89.16000000,-73.16933000
1.76269531,-93.40186000,-76.37805000
1.76330566,-89.60350000,-75.19254000
1.76391602,-92.39849000,-76.69069000
1.76452637,-101.29460000,-75.39403000
1.76513672,-117.79920000,-74.58625000
1.76574707,-93.68166000,-74.69469000
1.76635742,-93.09622000,-70.59455000
1.76696777,-96.91185000,-71.56195000
1.76757813,-94.58569000,-85.26678000
1.76818848,-92.04788000,-80.05405000
1.76879883,-94.19732000,-74.95862000
1.76940918,-88.38955000,-79.35954000
1.77001953,-88.59773000,-87.07347000
1.77062988,-95.07031000,-97.24186000
1.77124023,-90.42552000,-80.16707000
1.77185059,-91.72374000,-76.65290000
1.77246094,-94.35902000,-73.06395000
1.77307129,-99.89241000,-69.19199000
1.77368164,-102.99860000,-73.04624000
1.77429199,-103.05790000,-78.95372000
1.77490234,-101.42420000,-71.73326000
1.77551270,-100.59620000,-74.14906000
1.77612305,-100.03180000,-85.23434000
1.77673340,-90.41910000,-81.01108000
1.77734375,-88.32264000,-74.39859000
1.77795410,-92.05133000,-75.83167000
1.77856445,-84.47639000,-77.40548000
1.77917480,-86.18729000,-78.50750000
1.77978516,-96.08981000,-73.99916000
1.78039551,-102.40470000,-70.44551000
1.78100586,-97.41953000,-72.76627000
1.78161621,-97.08981000,-90.19592000
1.78222656,-104.07640000,-90.28973000
1.78283691,-95.19498000,-78.68746000
1.78344727,-95.10930000,-72.15920000
1.78405762,-96.54150000,-69.58591000
1.78466797,-93.50151000,-71.14026000
1.78527832,-92.39114000,-75.67317000
1.78588867,-96.37237000,-67.10903000
1.78649902,-101.66180000,-69.04147000
1.78710938,-98.07507000,-76.59893000
1.78771973,-92.41357000,-75.97685000
1.78833008,-91.37753000,-77.32355000
1.78894043,-92.02402000,-78.73537000
1.78955078,-93.83713000,-75.11664000
1.79016113,-96.92290000,-71.97512000
1.79077148,-98.83003000,-73.89314000
1.79138184,-94.84094000,-75.66182000
1.79199219,-90.37595000,-70.89753000
1.79260254,-88.62762000,-71.56196000
1.79321289,-88.31102000,-75.33549000
1.79382324,-95.71608000,-78.15421000
1.79443359,-106.68370000,-79.62648000
1.79504395,-96.64211000,-86.05361000
1.79565430,-96.35650000,-77.92650000
1.79626465,-103.65780000,-71.38844000
1.79687500,-115.15980000,-71.58707000
1.79748535,-98.56166000,-72.91904000
1.79809570,-94.88128000,-72.32619000
1.79870605,-92.73839000,-71.03480000
1.79931641,-87.43738000,-69.45689000
1.79992676,-87.46455000,-70.02371000
1.80053711,-87.66285000,-69.66668000
1.80114746,-94.64247000,-70.12267000
1.80175781,-96.65791000,-73.72632000
1.80236816,-94.70516000,-69.55598000
1.80297852,-100.46670000,-77.10233000
1.80358887,-94.09911000,-75.36964000
1.80419922,-89.03661000,-76.19480000
1.80480957,-89.62399000,-81.42989000
1.80541992,-90.72372000,-73.34772000
1.80603027,-99.28656000,-79.41212000
1.80664063,-93.47754000,-79.15613000
1.80725098,-91.25958000,-89.22370000
1.80786133,-97.54538000,-76.39197000
1.80847168,-100.56330000,-72.74711000
1.80908203,-93.86349000,-77.65408000
1.80969238,-90.66372000,-73.43388000
1.81030273,-89.43984000,-78.73772000
1.81091309,-85.18021000,-78.17963000
1.81152344,-83.38399000,-75.05209000
1.81213379,-84.70261000,-76.82891000
1.81274414,-86.02077000,-72.27116000
1.81335449,-86.09287000,-78.31918000
1.81396484,-92.66618000,-73.86458000
1.81457520,-89.45192000,-71.16545000
1.81518555,-89.46574000,-73.50117000
1.81579590,-92.21231000,-74.08401000
1.81640625,-89.66112000,-71.21830000
1.81701660,-89.67235000,-70.99329000
1.81762695,-88.12514000,-86.01128000
1.81823730,-89.27858000,-72.77238000
1.81884766,-88.47309000,-73.09280000
1.81945801,-94.41472000,-83.85006000
1.82006836,-98.79898000,-77.35275000
1.82067871,-92.19864000,-75.14758000
1.82128906,-88.17274000,-79.39186000
1.82189941,-89.01103000,-78.55494000
1.82250977,-90.88020000,-73.20268000
1.82312012,-91.67674000,-73.10375000
1.82373047,-95.10403000,-70.20877000
1.82434082,-91.94167000,-68.34593000
1.82495117,-94.41021000,-67.86884000
1.82556152,-97.65174000,-68.81585000
1.82617188,-91.54469000,-72.81063000
1.82678223,-91.32300000,-75.36082000
1.82739258,-102.97540000,-78.60608000
1.82800293,-102.54830000,-79.93861000
1.82861328,-92.07732000,-69.78323000
1.82922363,-88.54852000,-69.19418000
1.82983398,-86.04709000,-77.37603000
1.83044434,-86.37729000,-92.56463000
1.83105469,-87.46632000,-76.70198000
1.83166504,-88.80505000,-78.64561000
1.83227539,-86.38348000,-75.76759000
1.83288574,-86.83150000,-76.13815000
1.83349609,-92.70747000,-79.29395000
1.83410645,-91.65619000,-75.51048000
1.83471680,-91.45146000,-82.07688000
1.83532715,-94.91563000,-76.85625000
1.83593750,-91.95805000,-68.92753000
1.83654785,-91.68794000,-68.06841000
1.83715820,-93.02226000,-73.36594000
1.83776855,-92.24796000,-89.52196000
1.83837891,-92.74741000,-76.55274000
1.83898926,-89.46021000,-73.87749000
1.83959961,-88.23615000,-76.12358000
1.84020996,-93.74358000,-72.87575000
1.84082031,-96.32002000,-76.02456000
1.84143066,-107.93610000,-85.30517000
1.84204102,-103.88740000,-78.23317000
1.84265137,-94.95192000,-73.53333000
1.84326172,-94.74770000,-78.05611000
1.84387207,-96.38907000,-77.76283000
1.84448242,-104.77210000,-73.30871000
1.84509277,-102.34280000,-69.95956000
1.84570313,-108.37170000,-76.24774000
1.84631348,-104.45020000,-82.04054000
1.84692383,-92.91940000,-77.83753000
1.84753418,-92.57591000,-73.53539000
1.84814453,-99.05695000,-69.17171000
1.84875488,-85.41913000,-69.75438000
1.84936523,-81.69725000,-77.16475000
1.84997559,-84.60039000,-72.84351000
1.85058594,-85.30488000,-70.51131000
1.85119629,-87.75723000,-82.38593000
1.85180664,-95.74869000,-81.80390000
1.85241699,-95.21664000,-73.08825000
1.85302734,-97.97371000,-72.59482000
1.85363770,-93.82114000,-75.14658000
1.85424805,-95.67849000,-73.83044000
1.85485840,-97.15926000,-77.05022000
1.85546875,-99.65256000,-72.12141000
1.85607910,-95.01411000,-71.93714000
1.85668945,-99.95300000,-78.85887000
1.85729980,-89.07082000,-83.72821000
1.85791016,-89.31980000,-73.61176000
1.85852051,-103.48100000,-71.64939000
1.85913086,-100.93100000,-71.72742000
1.85974121,-116.27320000,-69.46009000
1.86035156,-106.64360000,-72.58086000
1.86096191,-106.27970000,-77.34008000
1.86157227,-105.50800000,-78.66846000
1.86218262,-95.68811000,-77.38038000
1.86279297,-96.48343000,-73.66190000
1.86340332,-94.35742000,-70.46233000
1.86401367,-95.00190000,-68.86317000
1.86462402,-107.30400000,-66.56786000
1.86523438,-94.38231000,-68.17831000
1.86584473,-95.20378000,-74.27950000
1.86645508,-103.54290000,-87.06078000
1.86706543,-94.11311000,-88.84589000
1.86767578,-94.28208000,-77.09932000
1.86828613,-97.19449000,-79.05882000
1.86889648,-97.67587000,-83.17673000
1.86950684,-93.64328000,-74.70846000
1.87011719,-95.12048000,-69.52475000
1.87072754,-89.96040000,-69.08670000
1.87133789,-87.60815000,-68.98273000
1.87194824,-91.24310000,-70.02692000
1.87255859,-106.90660000,-76.03410000
1.87316895,-93.53310000,-86.25716000
1.87377930,-93.33080000,-84.76314000
1.87438965,-90.60478000,-92.66257000
1.87500000,-90.89158000,-78.32788000
1.87561035,-97.30999000,-80.37672000
1.87622070,-98.06962000,-71.67195000
1.87683105,-90.58083000,-71.15815000
1.87744141,-91.02776000,-71.87508000
1.87805176,-99.66328000,-70.75011000
1.87866211,-100.22170000,-72.88008000
1.87927246,-91.08250000,-75.73409000
1.87988281,-90.31000000,-75.70303000
1.88049316,-97.83470000,-84.58835000
1.88110352,-95.17318000,-73.69654000
1.88171387,-89.25190000,-69.42122000
1.88232422,-89.76334000,-70.69661000
1.88293457,-95.30280000,-75.90880000
1.88354492,-101.93470000,-76.82971000
1.88415527,-94.67731000,-72.32240000
1.88476563,-89.35991000,-74.78232000
1.88537598,-89.10635000,-70.35588000
1.88598633,-90.56630000,-72.16988000
1.88659668,-93.10329000,-81.12550000
1.88720703,-92.04948000,-79.02355000
1.88781738,-99.15875000,-73.68204000
1.88842773,-94.85844000,-67.63633000
1.88903809,-95.25669000,-69.25053000
1.88964844,-84.64555000,-80.37377000
1.89025879,-89.62914000,-80.55966000
1.89086914,-94.95179000,-76.50754000
1.89147949,-97.30125000,-76.35342000
1.89208984,-93.61164000,-73.37683000
1.89270020,-92.37724000,-70.20611000
1.89331055,-92.39307000,-71.22180000
1.89392090,-81.79958000,-79.57922000
1.89453125,-78.26128000,-96.37337000
1.89514160,-82.57461000,-76.94662000
1.89575195,-96.07635000,-71.25272000
1.89636230,-103.89910000,-70.48321000
1.89697266,-99.23415000,-72.60680000
1.89758301,-96.31801000,-71.86847000
1.89819336,-93.72083000,-69.75078000
1.89880371,-95.60401000,-73.03047000
1.89941406,-91.95347000,-88.59642000
1.90002441,-86.82082000,-74.58538000
1.90063477,-85.00195000,-74.50711000
1.90124512,-87.93769000,-73.96507000
1.90185547,-91.93192000,-71.30383000
1.90246582,-92.00282000,-73.52547000
1.90307617,-94.17754000,-78.35686000
1.90368652,-94.59830000,-77.24122000
1.90429688,-94.26271000,-75.09166000
1.90490723,-86.87436000,-76.66090000
1.90551758,-84.94144000,-72.94338000
1.90612793,-87.73627000,-79.90814000
1.90673828,-91.31509000,-88.50433000
1.90734863,-89.94224000,-82.85915000
1.90795898,-91.90402000,-83.09033000
1.90856934,-93.09244000,-86.40428000
1.90917969,-96.88280000,-85.67697000
1.90979004,-91.22495000,-76.44337000
1.91040039,-93.50333000,-80.39231000
1.91101074,-98.83030000,-71.88557000
1.91162109,-96.96633000,-65.21680000
1.91223145,-94.87274000,-64.42313000
1.91284180,-94.32038000,-70.76196000
1.91345215,-97.77606000,-79.96538000
1.91406250,-96.27470000,-71.82847000
1.91467285,-97.94865000,-73.21410000
1.91528320,-103.48860000,-76.60475000
1.91589355,-97.89136000,-87.14600000
1.91650391,-101.67940000,-73.83920000
1.91711426,-101.96490000,-73.62950000
1.91772461,-94.93472000,-81.60677000
1.91833496,-88.88719000,-93.41104000
1.91894531,-88.29520000,-90.74505000
1.91955566,-92.12780000,-74.69066000
1.92016602,-96.54690000,-71.46838000
1.92077637,-93.56841000,-74.33352000
1.92138672,-89.71295000,-74.35324000
1.92199707,-92.09882000,-71.04793000
1.92260742,-98.66333000,-74.02479000
1.92321777,-102.37400000,-80.32104000
1.92382813,-99.94550000,-79.25210000
1.92443848,-96.51555000,-77.65477000
1.92504883,-97.11983000,-73.14161000
1.92565918,-105.50760000,-79.62523000
1.92626953,-104.28520000,-82.46871000
1.92687988,-99.63992000,-81.26801000
1.92749023,-101.01630000,-94.69038000
1.92810059,-102.44620000,-71.85082000
1.92871094,-96.28131000,-72.09975000
1.92932129,-89.93150000,-73.82454000
1.92993164,-87.92740000,-69.67781000
1.93054199,-94.14400000,-68.38874000
1.93115234,-102.85430000,-70.90500000
1.93176270,-97.74934000,-71.74018000
1.93237305,-95.34802000,-72.15250000
1.93298340,-89.14781000,-71.92673000
1.93359375,-93.05811000,-74.53024000
1.93420410,-96.57210000,-77.77066000
1.93481445,-100.83270000,-77.52917000
1.93542480,-99.96480000,-75.82203000
1.93603516,-100.71810000,-89.27186000
1.93664551,-82.89288000,-71.16173000
1.93725586,-79.04074000,-69.30287000
1.93786621,-84.28627000,-75.49367000
1.93847656,-95.34647000,-78.17937000
1.93908691,-90.03952000,-74.53285000
1.93969727,-88.87717000,-83.28262000
1.94030762,-89.49672000,-70.76823000
1.94091797,-92.13871000,-68.44970000
1.94152832,-95.39998000,-74.35735000
1.94213867,-88.95251000,-83.89697000
1.94274902,-91.93565000,-76.14631000
1.94335938,-96.78644000,-78.58713000
1.94396973,-93.81077000,-94.28932000
1.94458008,-95.20410000,-75.04903000
1.94519043,-97.36003000,-73.14185000
1.94580078,-112.37280000,-76.98825000
1.94641113,-92.64263000,-72.93287000
1.94702148,-90.16503000,-69.98914000
1.94763184,-92.72154000,-70.48928000
1.94824219,-93.28622000,-70.61194000
1.94885254,-96.60743000,-71.88536000
1.94946289,-89.16434000,-70.07030000
1.95007324,-87.72648000,-74.05264000
1.95068359,-96.44485000,-75.85583000
1.95129395,-104.39720000,-80.53338000
1.95190430,-95.85275000,-77.16270000
1.95251465,-92.67714000,-72.54984000
1.95312500,-92.83197000,-72.68877000
1.95373535,-88.61988000,-76.33279000
1.95434570,-85.47974000,-78.22555000
1.95495605,-87.36755000,-79.60712000
1.95556641,-95.33562000,-76.61954000
1.95617676,-99.95686000,-76.77013000
1.95678711,-93.87658000,-72.04027000
1.95739746,-92.04915000,-70.79971000
1.95800781,-89.42326000,-74.52193000
1.95861816,-88.23225000,-75.62509000
1.95922852,-90.36671000,-70.55139000
1.95983887,-92.45460000,-76.15361000
1.96044922,-93.11987000,-92.96223000
1.96105957,-97.27927000,-74.72975000
1.96166992,-91.04599000,-68.32970000
1.96228027,-92.95663000,-70.85150000
1.96289063,-102.54370000,-77.13749000
1.96350098,-110.51990000,-76.10212000
1.96411133,-99.45735000,-73.39669000
1.96472168,-103.09820000,-81.02212000
1.96533203,-91.83361000,-72.41078000
1.96594238,-94.43108000,-73.24445000
1.96655273,-104.28070000,-72.38101000
1.96716309,-106.04100000,-71.41725000
1.96777344,-100.88820000,-73.05807000
1.96838379,-93.16138000,-67.45904000
1.96899414,-91.16437000,-67.28833000
1.96960449,-92.69393000,-74.54652000
1.97021484,-102.32450000,-73.68833000
1.97082520,-98.14784000,-73.67717000
1.97143555,-90.32021000,-75.42318000
1.97204590,-88.93154000,-79.18093000
1.97265625,-92.97661000,-82.02683000
1.97326660,-99.91847000,-93.43430000
1.97387695,-98.55695000,-81.36028000
1.97448730,-99.08727000,-82.70891000
1.97509766,-89.57129000,-77.82721000
1.97570801,-89.01824000,-76.93757000
1.97631836,-88.55267000,-76.55132000
1.97692871,-89.66437000,-75.27001000
1.97753906,-89.12355000,-80.54901000
1.97814941,-92.07989000,-72.03905000
1.97875977,-96.63988000,-71.24898000
1.97937012,-94.70689000,-71.32133000
1.97998047,-96.34001000,-70.12205000
1.98059082,-94.71214000,-72.52470000
1.98120117,-94.34775000,-72.99196000
1.98181152,-101.58260000,-70.98853000
1.98242188,-93.18727000,-72.24229000
1.98303223,-97.76803000,-75.18289000
1.98364258,-111.46960000,-82.01346000
1.98425293,-95.38894000,-69.31290000
1.98486328,-90.76989000,-70.50987000
1.98547363,-90.37830000,-79.73187000
1.98608398,-92.85529000,-76.26445000
1.98669434,-95.60986000,-71.43172000
1.98730469,-98.36353000,-71.42323000
1.98791504,-95.21111000,-68.00459000
1.98852539,-94.88548000,-69.10364000
1.98913574,-87.43237000,-76.50031000
1.98974609,-89.32101000,-76.52272000
1.99035645,-97.71085000,-76.45668000
1.99096680,-101.80740000,-79.07536000
1.99157715,-106.94710000,-82.24845000
1.99218750,-96.79707000,-80.93439000
1.99279785,-93.29424000,-75.18418000
1.99340820,-89.69163000,-77.95287000
1.99401855,-81.96532000,-82.37419000
1.99462891,-80.62683000,-73.99936000
1.99523926,-87.88573000,-69.00374000
1.99584961,-89.88911000,-69.54003000
1.99645996,-90.69115000,-73.78493000
1.99707031,-92.28718000,-73.99366000
1.99768066,-102.27850000,-75.42663000
1.99829102,-95.27299000,-78.66949000
1.99890137,-92.31058000,-75.65752000
1.99951172,-89.30658000,-74.20813000
2.00012207,-100.53980000,-79.12080000
2.00073242,-87.63455000,-77.00446000
2.00134277,-86.74603000,-68.80391000
2.00195313,-92.77360000,-68.33066000
2.00256348,-96.68678000,-70.82970000
2.00317383,-104.42370000,-75.69862000
2.00378418,-102.45550000,-78.53606000
2.00439453,-98.29975000,-76.49063000
2.00500488,-94.82066000,-75.16458000
2.00561523,-90.85886000,-69.29922000
2.00622559,-86.77964000,-64.90927000
2.00683594,-87.32420000,-65.35091000
2.00744629,-91.10448000,-70.04111000
2.00805664,-94.10953000,-74.05959000
2.00866699,-105.04130000,-76.62666000
2.00927734,-95.47453000,-105.80190000
2.00988770,-99.13780000,-74.21378000
2.01049805,-98.76947000,-71.01470000
2.01110840,-96.14540000,-70.88632000
2.01171875,-95.13352000,-67.87733000
2.01232910,-99.09886000,-69.60016000
2.01293945,-95.63712000,-76.96883000
2.01354980,-91.94503000,-78.77050000
2.01416016,-94.79193000,-88.29329000
2.01477051,-101.79560000,-79.05813000
2.01538086,-105.72830000,-73.68863000
2.01599121,-93.20168000,-70.79588000
2.01660156,-89.85370000,-72.69864000
2.01721191,-85.14940000,-72.35623000
2.01782227,-81.98555000,-71.25069000
2.01843262,-83.43231000,-74.52953000
2.01904297,-89.12039000,-76.78696000
2.01965332,-100.48580000,-74.98212000
2.02026367,-105.66200000,-68.62847000
2.02087402,-99.26517000,-70.08662000
2.02148438,-94.55512000,-73.04320000
2.02209473,-97.33104000,-75.31100000
2.02270508,-93.06650000,-78.84828000
2.02331543,-90.53381000,-69.23241000
2.02392578,-91.17096000,-69.70320000
2.02453613,-87.62804000,-70.67194000
2.02514648,-86.05171000,-69.21896000
2.02575684,-90.56189000,-68.48969000
2.02636719,-96.66588000,-71.75564000
2.02697754,-98.10925000,-76.35194000
2.02758789,-100.04570000,-77.46169000
2.02819824,-98.36404000,-85.79942000
2.02880859,-89.94923000,-72.87123000
2.02941895,-91.26384000,-67.56100000
2.03002930,-99.40141000,-69.60644000
2.03063965,-99.33929000,-73.41911000
2.03125000,-91.44855000,-70.47787000
2.03186035,-89.42551000,-73.84090000
2.03247070,-92.33665000,-80.90514000
2.03308105,-95.24692000,-71.87514000
2.03369141,-91.06291000,-72.79102000
2.03430176,-87.14408000,-82.48325000
2.03491211,-88.04265000,-80.62603000
2.03552246,-93.46694000,-85.95471000
2.03613281,-88.81726000,-74.48740000
2.03674316,-82.76589000,-68.58929000
2.03735352,-83.92075000,-65.83247000
2.03796387,-92.11137000,-66.52806000
2.03857422,-110.51340000,-70.78783000
2.03918457,-92.33627000,-73.79300000
2.03979492,-89.16572000,-78.75998000
2.04040527,-90.89320000,-93.04707000
2.04101563,-88.37036000,-88.00702000
2.04162598,-85.97920000,-81.82245000
2.04223633,-85.74298000,-95.94426000
2.04284668,-88.68411000,-77.76723000
2.04345703,-93.96416000,-70.55055000
2.04406738,-91.68925000,-71.33998000
2.04467773,-92.46170000,-81.53133000
2.04528809,-90.14881000,-68.91111000
2.04589844,-90.28884000,-74.63197000
2.04650879,-99.52789000,-75.26591000
2.04711914,-92.88430000,-76.73660000
2.04772949,-96.68518000,-91.20693000
2.04833984,-97.04855000,-78.79369000
2.04895020,-89.44077000,-71.66911000
2.04956055,-86.05127000,-69.58357000
2.05017090,-88.21244000,-70.45695000
2.05078125,-94.89552000,-75.12023000
2.05139160,-97.57579000,-76.66175000
2.05200195,-99.97264000,-68.83910000
2.05261230,-99.81564000,-67.97289000
2.05322266,-89.55796000,-68.91759000
2.05383301,-90.64533000,-71.04907000
2.05444336,-92.48506000,-89.32596000
2.05505371,-90.01730000,-76.02303000
2.05566406,-90.48314000,-75.09447000
2.05627441,-93.19374000,-77.11486000
2.05688477,-97.91220000,-84.95271000
2.05749512,-107.42120000,-77.57487000
2.05810547,-95.95216000,-78.35786000
2.05871582,-95.88772000,-75.63736000
2.05932617,-100.09860000,-76.77473000
2.05993652,-94.51480000,-84.40903000
2.06054688,-98.79662000,-73.52574000
2.06115723,-96.10913000,-73.25598000
2.06176758,-94.05602000,-82.04193000
2.06237793,-95.55249000,-72.50343000
2.06298828,-93.49515000,-67.91511000
2.06359863,-90.39738000,-69.36285000
2.06420898,-96.58122000,-67.80322000
2.06481934,-94.46811000,-66.79945000
2.06542969,-95.18878000,-70.02631000
2.06604004,-92.14771000,-79.43494000
2.06665039,-91.53642000,-80.41806000
2.06726074,-93.86589000,-76.18266000
2.06787109,-91.26166000,-73.47289000
2.06848145,-85.32337000,-75.82115000
2.06909180,-85.48019000,-74.16512000
2.06970215,-85.84525000,-79.96346000
2.07031250,-83.68593000,-73.88161000
2.07092285,-84.47771000,-70.55596000
2.07153320,-88.17600000,-70.39778000
2.07214355,-89.02713000,-69.60300000
2.07275391,-92.67091000,-70.35755000
2.07336426,-90.34346000,-73.53915000
2.07397461,-86.31367000,-78.90964000
2.07458496,-87.59917000,-81.87357000
2.07519531,-98.66348000,-74.36423000
2.07580566,-99.51657000,-80.10992000
2.07641602,-94.35398000,-73.58315000
2.07702637,-101.58540000,-81.52217000
2.07763672,-89.10270000,-84.39263000
2.07824707,-86.95168000,-78.91502000
2.07885742,-88.51280000,-75.56184000
2.07946777,-89.81128000,-73.95483000
2.08007813,-93.19408000,-75.47871000
2.08068848,-93.01736000,-72.30728000
2.08129883,-94.22263000,-69.70244000
2.08190918,-98.93958000,-77.62404000
2.08251953,-101.86700000,-69.70445000
2.08312988,-96.41106000,-71.11134000
2.08374023,-97.20801000,-80.41016000
2.08435059,-97.83560000,-77.32488000
2.08496094,-92.58843000,-75.36681000
2.08557129,-92.91533000,-76.86551000
2.08618164,-95.25636000,-84.21771000
2.08679199,-95.52629000,-74.62907000
2.08740234,-90.72374000,-73.54066000
2.08801270,-90.25977000,-75.55325000
2.08862305,-94.58549000,-76.14649000
2.08923340,-88.98129000,-72.31522000
2.08984375,-89.98389000,-68.48162000
2.09045410,-106.92710000,-71.15971000
2.09106445,-93.85665000,-91.17154000
2.09167480,-96.47824000,-79.09264000
2.09228516,-102.31020000,-74.11023000
2.09289551,-96.82285000,-76.66646000
2.09350586,-93.00902000,-96.53182000
2.09411621,-85.78854000,-82.63862000
2.09472656,-84.93743000,-78.32887000
2.09533691,-95.32997000,-74.92657000
2.09594727,-87.59546000,-84.39938000
2.09655762,-84.97404000,-75.36261000
2.09716797,-87.14790000,-71.99726000
2.09777832,-90.35570000,-75.51183000
2.09838867,-90.95665000,-81.11546000
2.09899902,-91.21561000,-82.06334000
2.09960938,-90.85430000,-84.64943000
2.10021973,-89.46062000,-82.73227000
2.10083008,-90.09415000,-75.88645000
2.10144043,-88.22766000,-72.63543000
2.10205078,-87.95642000,-76.76180000
2.10266113,-91.27105000,-77.18049000
2.10327148,-88.10840000,-70.78614000
2.10388184,-88.85568000,-72.83302000
2.10449219,-100.52930000,-83.88602000
2.10510254,-92.88746000,-81.84940000
2.10571289,-94.03449000,-78.43507000
2.10632324,-92.39547000,-72.29675000
2.10693359,-92.44754000,-70.70177000
2.10754395,-99.32166000,-73.79945000
2.10815430,-113.96890000,-74.15912000
2.10876465,-109.75800000,-71.25114000
2.10937500,-94.00062000,-67.88438000
2.10998535,-90.01343000,-69.00108000
2.11059570,-93.06012000,-71.81172000
2.11120605,-91.93736000,-73.88383000
2.11181641,-89.79239000,-86.51166000
2.11242676,-99.16244000,-80.63228000
2.11303711,-105.24230000,-86.35356000
2.11364746,-96.44518000,-88.46004000
2.11425781,-92.34793000,-76.21507000
2.11486816,-92.65423000,-73.26591000
2.11547852,-93.38156000,-71.97246000
2.11608887,-89.62223000,-76.24975000
2.11669922,-88.02910000,-79.25643000
2.11730957,-90.08458000,-74.01528000
2.11791992,-91.69579000,-73.12875000
2.11853027,-92.80676000,-76.49564000
2.11914063,-88.70860000,-72.54054000
2.11975098,-89.53413000,-77.73609000
2.12036133,-93.50589000,-84.49393000
2.12097168,-91.98184000,-74.18646000
2.12158203,-93.57975000,-70.37067000
2.12219238,-91.85828000,-73.90487000
2.12280273,-91.18219000,-74.26416000
2.12341309,-91.67057000,-72.48316000
2.12402344,-97.44277000,-71.42045000
2.12463379,-93.17561000,-73.22522000
2.12524414,-90.35279000,-83.06113000
2.12585449,-91.53130000,-77.45070000
2.12646484,-91.60034000,-74.98502000
2.12707520,-97.99841000,-71.47117000
2.12768555,-114.61720000,-78.36902000
2.12829590,-103.98580000,-82.41370000
2.12890625,-110.58930000,-74.98161000
2.12951660,-99.38663000,-74.33980000
2.13012695,-88.69632000,-86.46297000
2.13073730,-87.58653000,-79.44836000
2.13134766,-90.87256000,-76.59187000
2.13195801,-91.99838000,-75.42624000
2.13256836,-93.95802000,-81.04462000
2.13317871,-93.68440000,-76.84777000
2.13378906,-93.07842000,-72.33904000
2.13439941,-94.58457000,-77.41118000
2.13500977,-91.72865000,-84.63280000
2.13562012,-95.47668000,-75.67845000
2.13623047,-95.71281000,-74.98447000
2.13684082,-90.67962000,-71.80267000
2.13745117,-94.37543000,-71.11720000
2.13806152,-95.91316000,-72.96759000
2.13867188,-94.09685000,-71.47900000
2.13928223,-88.79967000,-69.30426000
2.13989258,-88.80448000,-72.25625000
2.14050293,-94.41978000,-74.16355000
2.14111328,-117.54440000,-72.59232000
2.14172363,-92.01337000,-78.27406000
2.14233398,-89.36903000,-93.61047000
2.14294434,-91.86886000,-72.21809000
2.14355469,-96.34144000,-69.92998000
2.14416504,-110.25860000,-77.08926000
2.14477539,-94.74033000,-82.32088000
2.14538574,-94.13056000,-71.92107000
2.14599609,-96.93251000,-71.24252000
2.14660645,-106.61980000,-74.78104000
2.14721680,-94.28661000,-72.76250000
2.14782715,-91.23946000,-72.52496000
2.14843750,-86.73866000,-75.98847000
2.14904785,-86.13055000,-78.00155000
2.14965820,-86.60184000,-76.99663000
2.15026855,-86.11694000,-78.41974000
2.15087891,-87.82144000,-73.98219000
2.15148926,-96.28754000,-73.00771000
2.15209961,-98.12359000,-70.17388000
2.15270996,-90.63278000,-69.93621000
2.15332031,-88.57590000,-69.37171000
2.15393066,-91.79276000,-68.14683000
2.15454102,-88.01289000,-68.94624000
2.15515137,-88.38052000,-74.41915000
2.15576172,-92.88700000,-77.57258000
2.15637207,-93.37472000,-77.15929000
2.15698242,-97.14159000,-74.89758000
2.15759277,-96.54846000,-70.73822000
2.15820313,-89.90131000,-70.21996000
2.15881348,-93.17354000,-70.02532000
2.15942383,-101.08770000,-68.09350000
2.16003418,-107.53090000,-71.60690000
2.16064453,-104.11780000,-83.06915000
2.16125488,-95.78163000,-76.05813000
2.16186523,-96.11482000,-67.47520000
2.16247559,-99.53052000,-64.79181000
2.16308594,-92.61681000,-67.65006000
2.16369629,-88.91348000,-76.14379000
2.16430664,-92.31098000,-78.25960000
2.16491699,-94.29275000,-82.53204000
2.16552734,-98.23909000,-95.39159000
2.16613770,-91.73477000,-95.24903000
2.16674805,-86.91972000,-83.18930000
2.16735840,-85.35953000,-86.29050000
2.16796875,-86.06528000,-71.02548000
2.16857910,-86.93192000,-69.25922000
2.16918945,-87.27263000,-69.98611000
2.16979980,-92.70775000,-69.50759000
2.17041016,-92.10867000,-70.46172000
2.17102051,-89.41077000,-73.78793000
2.17163086,-94.13554000,-76.47028000
2.17224121,-85.29862000,-86.27216000
2.17285156,-85.19463000,-75.57457000
2.17346191,-92.67700000,-75.61139000
2.17407227,-99.62943000,-85.81389000
2.17468262,-91.76952000,-81.52206000
2.17529297,-100.45970000,-79.34129000
2.17590332,-94.66404000,-76.02770000
2.17651367,-87.67780000,-72.13788000
2.17712402,-88.14128000,-73.64436000
2.17773438,-117.95790000,-77.58615000
2.17834473,-88.26802000,-81.62803000
2.17895508,-86.71380000,-80.04823000
2.17956543,-87.76241000,-79.61563000
2.18017578,-86.75943000,-87.41423000
2.18078613,-87.72064000,-83.73062000
2.18139648,-96.65585000,-91.90498000
2.18200684,-89.86366000,-78.75195000
2.18261719,-87.50846000,-86.39069000
2.18322754,-91.14180000,-71.48299000
2.18383789,-108.42640000,-66.16708000
2.18444824,-97.25645000,-67.68134000
2.18505859,-90.29617000,-74.65060000
2.18566895,-94.18976000,-81.63290000
2.18627930,-99.57903000,-94.60150000
2.18688965,-101.36660000,-81.03929000
2.18750000,-104.21570000,-71.74561000
2.18811035,-94.42162000,-69.57400000
2.18872070,-100.89880000,-73.32538000
2.18933105,-85.59035000,-77.48237000
2.18994141,-84.11610000,-80.55541000
2.19055176,-92.15599000,-81.55620000
2.19116211,-111.16130000,-75.15031000
2.19177246,-95.64864000,-74.39105000
2.19238281,-91.82761000,-74.59914000
2.19299316,-95.32800000,-72.70113000
2.19360352,-86.36911000,-71.24342000
2.19421387,-76.26785000,-76.65268000
2.19482422,-77.11543000,-79.95010000
2.19543457,-87.73479000,-74.23997000
2.19604492,-94.03763000,-72.66653000
2.19665527,-96.51962000,-73.11851000
2.19726563,-92.81834000,-71.07596000
2.19787598,-86.93352000,-77.86021000
2.19848633,-86.90838000,-79.67178000
2.19909668,-87.43050000,-76.41290000
2.19970703,-96.98836000,-78.12514000
2.20031738,-89.13608000,-74.65380000
2.20092773,-87.09685000,-73.21111000
2.20153809,-86.94449000,-72.54386000
2.20214844,-88.05756000,-74.65543000
2.20275879,-93.62868000,-77.77441000
2.20336914,-99.62033000,-97.13733000
2.20397949,-93.86324000,-78.00874000
2.20458984,-90.11540000,-77.56549000
2.20520020,-98.03425000,-81.08641000
2.20581055,-92.23267000,-86.61374000
2.20642090,-95.61539000,-79.89007000
2.20703125,-97.99979000,-76.35532000
2.20764160,-93.74553000,-77.13567000
2.20825195,-89.15495000,-77.24522000
2.20886230,-86.87942000,-76.80030000
2.20947266,-92.26104000,-79.03429000
2.21008301,-99.50341000,-83.87997000
2.21069336,-91.78814000,-86.39640000
2.21130371,-92.98385000,-75.47754000
2.21191406,-94.21965000,-84.69331000
2.21252441,-92.44101000,-75.03506000
2.21313477,-93.41270000,-71.70216000
2.21374512,-96.63353000,-74.75140000
2.21435547,-92.57027000,-76.87268000
2.21496582,-95.75520000,-72.95918000
2.21557617,-91.61866000,-75.18459000
2.21618652,-88.43501000,-79.71371000
2.21679688,-89.32659000,-78.40585000
2.21740723,-89.93169000,-75.14090000
2.21801758,-90.60597000,-74.16537000
2.21862793,-95.66829000,-72.33968000
2.21923828,-100.39810000,-73.49316000
2.21984863,-94.39599000,-77.73843000
2.22045898,-90.92102000,-88.53890000
2.22106934,-89.61812000,-75.75889000
2.22167969,-89.93011000,-68.56435000
2.22229004,-93.42889000,-67.12886000
2.22290039,-97.52692000,-71.74937000
2.22351074,-97.39120000,-77.92566000
2.22412109,-92.72598000,-73.63795000
2.22473145,-90.45866000,-72.59708000
2.22534180,-92.00923000,-79.31749000
2.22595215,-103.90740000,-77.36632000
2.22656250,-98.72284000,-87.57062000
2.22717285,-93.96153000,-77.76028000
2.22778320,-91.37727000,-80.67986000
2.22839355,-97.60567000,-74.86398000
2.22900391,-93.22424000,-73.36589000
2.22961426,-92.07680000,-79.55066000
2.23022461,-90.03426000,-76.81364000
2.23083496,-91.15616000,-74.35737000
2.23144531,-90.71469000,-74.43541000
2.23205566,-89.71654000,-70.35403000
2.23266602,-92.21674000,-67.27225000
2.23327637,-93.66856000,-66.61330000
2.23388672,-94.50886000,-68.67878000
2.23449707,-98.58735000,-76.62334000
2.23510742,-94.90636000,-75.26550000
2.23571777,-91.60354000,-70.85934000
2.23632813,-92.20937000,-72.64944000
2.23693848,-90.25465000,-73.45910000
2.23754883,-94.97490000,-74.46939000
2.23815918,-91.29939000,-75.33425000
2.23876953,-90.61741000,-76.33316000
2.23937988,-90.94151000,-78.11621000
2.23999023,-88.57467000,-73.35110000
2.24060059,-85.58102000,-76.06591000
2.24121094,-87.08237000,-91.41824000
2.24182129,-100.83670000,-82.38252000
2.24243164,-97.88080000,-71.62686000
2.24304199,-108.44350000,-68.53883000
2.24365234,-96.00607000,-71.90386000
2.24426270,-88.93935000,-72.12848000
2.24487305,-87.61064000,-73.92352000
2.24548340,-87.51418000,-80.39885000
2.24609375,-91.83748000,-79.74524000
2.24670410,-93.43940000,-70.59489000
2.24731445,-91.55132000,-68.16552000
2.24792480,-97.70113000,-71.83884000
2.24853516,-104.07390000,-77.57968000
2.24914551,-91.85632000,-81.77177000
2.24975586,-86.97131000,-77.27374000
2.25036621,-86.02256000,-69.13712000
2.25097656,-88.08591000,-69.46516000
2.25158691,-100.34090000,-75.53632000
2.25219727,-91.35278000,-77.87448000
2.25280762,-94.11131000,-72.96745000
2.25341797,-90.17886000,-77.24460000
2.25402832,-82.64599000,-83.78285000
2.25463867,-84.54536000,-80.71332000
2.25524902,-95.15900000,-74.80791000
2.25585938,-98.97793000,-75.85724000
2.25646973,-105.87190000,-80.96289000
2.25708008,-105.50570000,-76.75957000
2.25769043,-98.06251000,-72.43476000
2.25830078,-92.04971000,-73.47381000
2.25891113,-90.75090000,-76.77206000
2.25952148,-94.88166000,-73.42976000
2.26013184,-103.14260000,-78.58488000
2.26074219,-95.60349000,-76.26942000
2.26135254,-98.28470000,-71.43928000
2.26196289,-94.64125000,-79.99805000
2.26257324,-89.77065000,-69.56966000
2.26318359,-89.82149000,-69.36143000
2.26379395,-90.67986000,-74.48503000
2.26440430,-90.76044000,-70.40359000
2.26501465,-89.90913000,-82.42088000
2.26562500,-86.89230000,-73.94410000
2.26623535,-86.20715000,-71.75647000
2.26684570,-85.59770000,-69.14071000
2.26745605,-90.44006000,-67.93613000
2.26806641,-93.02483000,-74.60568000
2.26867676,-87.81378000,-78.52145000
2.26928711,-85.68364000,-79.27253000
2.26989746,-85.78468000,-73.33871000
2.27050781,-90.38150000,-71.94406000
2.27111816,-97.47331000,-71.57319000
2.27172852,-100.67690000,-71.94321000
2.27233887,-89.57386000,-73.71287000
2.27294922,-87.69452000,-69.62355000
2.27355957,-90.40457000,-73.24343000
2.27416992,-92.45820000,-87.57367000
2.27478027,-95.15031000,-77.75053000
2.27539063,-98.17901000,-70.35118000
2.27600098,-88.08440000,-68.81926000
2.27661133,-86.50329000,-68.45509000
2.27722168,-91.70106000,-66.79534000
2.27783203,-94.17542000,-69.07118000
2.27844238,-91.50787000,-77.75179000
2.27905273,-97.15370000,-82.98544000
2.27966309,-99.96294000,-74.60661000
2.28027344,-100.56070000,-71.33760000
2.28088379,-99.83143000,-75.89099000
2.28149414,-95.26936000,-72.03319000
2.28210449,-106.70440000,-68.58196000
2.28271484,-97.23232000,-69.75863000
2.28332520,-121.93800000,-74.87687000
2.28393555,-100.53900000,-70.15894000
2.28454590,-92.09554000,-72.56417000
2.28515625,-88.38081000,-73.95517000
2.28576660,-90.03814000,-75.69830000
2.28637695,-96.96497000,-92.73204000
2.28698730,-94.16207000,-79.71271000
2.28759766,-87.19237000,-78.60292000
2.28820801,-87.37274000,-101.05630000
2.28881836,-93.17337000,-75.29643000
2.28942871,-97.27055000,-70.61614000
2.29003906,-89.81760000,-67.92581000
2.29064941,-86.47234000,-70.57549000
2.29125977,-86.13538000,-76.51762000
2.29187012,-88.94556000,-77.74711000
2.29248047,-93.99491000,-79.81950000
2.29309082,-96.67868000,-73.33651000
2.29370117,-89.62367000,-76.78292000
2.29431152,-84.27702000,-78.26269000
2.29492188,-85.05728000,-71.55148000
2.29553223,-92.41873000,-68.14029000
2.29614258,-88.68446000,-70.01105000
2.29675293,-86.53545000,-78.50922000
2.29736328,-90.25669000,-81.90120000
2.29797363,-92.97562000,-80.38822000
2.29858398,-89.84482000,-82.90147000
2.29919434,-88.97769000,-76.62231000
2.29980469,-91.64595000,-86.24618000
2.30041504,-108.42850000,-72.70104000
2.30102539,-98.39719000,-70.13696000
2.30163574,-106.21420000,-71.24470000
2.30224609,-94.18404000,-75.36671000
2.30285645,-88.88281000,-77.65550000
2.30346680,-88.96562000,-75.94539000
2.30407715,-94.32140000,-79.44867000
2.30468750,-103.24510000,-76.77464000
2.30529785,-97.63361000,-83.62033000
2.30590820,-90.57622000,-83.33108000
2.30651855,-88.88287000,-80.72679000
2.30712891,-89.90379000,-78.55857000
2.30773926,-94.93562000,-78.11285000
2.30834961,-92.39941000,-73.39774000
2.30895996,-93.34939000,-87.16145000
2.30957031,-92.99911000,-72.31175000
2.31018066,-96.47713000,-74.31286000
2.31079102,-91.97074000,-79.85643000
2.31140137,-93.15575000,-71.65298000
2.31201172,-101.35690000,-70.13615000
2.31262207,-93.84143000,-71.20907000
2.31323242,-89.58416000,-70.70686000
2.31384277,-90.36285000,-70.83785000
2.31445313,-90.96907000,-72.97561000
2.31506348,-90.28388000,-74.69254000
2.31567383,-92.75555000,-72.42451000
2.31628418,-95.48312000,-70.47388000
2.31689453,-91.59586000,-72.00040000
2.31750488,-95.03635000,-73.86138000
2.31811523,-97.31523000,-72.80740000
2.31872559,-92.83253000,-71.13647000
2.31933594,-99.29475000,-69.90445000
2.31994629,-104.71130000,-70.75084000
2.32055664,-98.26797000,-76.74384000
2.32116699,-88.33149000,-78.85036000
2.32177734,-88.27589000,-74.76204000
2.32238770,-103.76470000,-75.90794000
2.32299805,-92.81368000,-80.55972000
2.32360840,-92.83500000,-81.40495000
2.32421875,-94.50327000,-93.17672000
2.32482910,-90.72498000,-80.49933000
2.32543945,-86.84581000,-77.70657000
2.32604980,-88.60854000,-74.00108000
2.32666016,-95.55875000,-74.37233000
2.32727051,-123.17940000,-77.37739000
2.32788086,-99.14915000,-79.76105000
2.32849121,-97.80209000,-79.71677000
2.32910156,-101.56520000,-80.78434000
2.32971191,-90.21204000,-87.53109000
2.33032227,-89.27032000,-75.72585000
2.33093262,-107.89240000,-69.22035000
2.33154297,-90.50420000,-70.89778000
2.33215332,-90.76641000,-72.57047000
2.33276367,-95.36946000,-68.42902000
2.33337402,-94.78372000,-72.85786000
2.33398438,-91.03656000,-77.57953000
2.33459473,-90.30824000,-84.30263000
2.33520508,-93.00874000,-81.33253000
2.33581543,-97.88875000,-74.77709000
2.33642578,-99.72084000,-72.24198000
2.33703613,-94.23738000,-71.54474000
2.33764648,-91.86438000,-75.72012000
2.33825684,-98.61881000,-84.27559000
2.33886719,-96.88026000,-77.82745000
2.33947754,-89.72839000,-72.09207000
2.34008789,-88.02464000,-75.12607000
2.34069824,-91.00525000,-80.66745000
2.34130859,-100.32590000,-80.68851000
2.34191895,-97.49572000,-75.10567000
2.34252930,-92.32632000,-74.09692000
2.34313965,-94.46039000,-72.39335000
2.34375000,-96.15039000,-73.03603000
2.34436035,-97.38847000,-77.56851000
2.34497070,-103.16870000,-77.67210000
2.34558105,-100.26880000,-83.28859000
2.34619141,-95.70714000,-74.72719000
2.34680176,-89.70188000,-69.30011000
2.34741211,-87.72090000,-68.96827000
2.34802246,-89.18390000,-74.57513000
2.34863281,-91.66994000,-85.92990000
2.34924316,-84.86668000,-79.86863000
2.34985352,-80.98457000,-76.22905000
2.35046387,-83.09727000,-72.63538000
2.35107422,-88.04713000,-70.84942000
2.35168457,-93.96781000,-70.24800000
2.35229492,-97.06695000,-70.34814000
2.35290527,-92.42674000,-67.83541000
2.35351563,-96.94910000,-67.48625000
2.35412598,-101.76530000,-69.85434000
2.35473633,-99.17516000,-76.46117000
2.35534668,-91.97758000,-87.31011000
2.35595703,-88.56365000,-76.31085000
2.35656738,-90.77907000,-75.07081000
2.35717773,-98.08653000,-78.98356000
2.35778809,-101.08940000,-76.03938000
2.35839844,-94.26224000,-69.20047000
2.35900879,-94.59787000,-68.59889000
2.35961914,-99.06836000,-69.83298000
2.36022949,-100.26440000,-70.27426000
2.36083984,-107.34620000,-73.06358000
2.36145020,-96.66093000,-74.65524000
2.36206055,-111.91390000,-69.14429000
2.36267090,-92.65542000,-67.23495000
2.36328125,-91.83479000,-71.63352000
2.36389160,-91.32179000,-73.78717000
2.36450195,-91.60368000,-69.76210000
2.36511230,-93.30693000,-68.61616000
2.36572266,-90.36927000,-70.08242000
2.36633301,-87.61629000,-75.79208000
2.36694336,-86.29700000,-73.90533000
2.36755371,-89.98410000,-67.25574000
2.36816406,-112.87140000,-69.78923000
2.36877441,-104.22450000,-81.63904000
2.36938477,-100.31360000,-70.03294000
2.36999512,-100.43110000,-68.53934000
2.37060547,-109.18100000,-69.83195000
2.37121582,-94.51519000,-76.13641000
2.37182617,-86.76965000,-68.62049000
2.37243652,-84.10356000,-66.99608000
2.37304688,-84.39247000,-70.59901000
2.37365723,-86.02457000,-80.06470000
2.37426758,-82.75143000,-80.94460000
2.37487793,-83.94561000,-74.17039000
2.37548828,-89.43444000,-72.36870000
2.37609863,-107.29650000,-70.01958000
2.37670898,-88.07641000,-69.97049000
2.37731934,-85.79591000,-71.57102000
2.37792969,-89.10889000,-71.74129000
2.37854004,-93.09193000,-78.51929000
2.37915039,-94.92786000,-80.63145000
2.37976074,-92.38869000,-79.57964000
2.38037109,-89.33923000,-102.54420000
2.38098145,-87.77213000,-84.28379000
2.38159180,-89.91132000,-76.47180000
2.38220215,-99.78624000,-69.31223000
2.38281250,-100.14360000,-67.03219000
2.38342285,-96.12547000,-69.85628000
2.38403320,-94.48165000,-91.45419000
2.38464355,-96.93369000,-73.13539000
2.38525391,-92.45078000,-71.67085000
2.38586426,-90.33673000,-74.07140000
2.38647461,-95.43662000,-90.38138000
2.38708496,-103.40110000,-74.20351000
2.38769531,-108.36440000,-68.06472000
2.38830566,-99.29773000,-67.71758000
2.38891602,-98.58550000,-70.84526000
2.38952637,-101.38250000,-72.51826000
2.39013672,-99.47638000,-79.09911000
2.39074707,-97.67334000,-73.52688000
2.39135742,-97.55894000,-71.13652000
2.39196777,-94.10341000,-70.96280000
2.39257813,-91.62468000,-72.86516000
2.39318848,-86.40736000,-80.02502000
2.39379883,-85.82509000,-74.20243000
2.39440918,-85.53669000,-81.15228000
2.39501953,-89.47137000,-84.20689000
2.39562988,-98.14987000,-78.44529000
2.39624023,-105.34850000,-82.02180000
2.39685059,-98.27129000,-97.77397000
2.39746094,-96.35120000,-83.57903000
2.39807129,-93.92538000,-79.29346000
2.39868164,-96.18957000,-75.74058000
2.39929199,-97.79486000,-78.95143000
2.39990234,-93.16314000,-74.92818000
2.40051270,-95.56131000,-68.91063000
2.40112305,-109.47170000,-71.04501000
2.40173340,-101.51520000,-74.63049000
2.40234375,-95.50511000,-84.08469000
2.40295410,-95.53322000,-81.52749000
2.40356445,-102.82420000,-80.30296000
2.40417480,-111.11540000,-79.16090000
2.40478516,-99.22780000,-71.48570000
2.40539551,-98.15564000,-74.50695000
2.40600586,-102.01320000,-87.42840000
2.40661621,-93.54928000,-86.77309000
2.40722656,-96.48306000,-80.09805000
2.40783691,-96.77248000,-89.82354000
2.40844727,-95.12801000,-84.75486000
2.40905762,-96.26001000,-94.39314000
2.40966797,-88.48439000,-84.17052000
2.41027832,-87.80240000,-79.55911000
2.41088867,-90.82100000,-80.89215000
2.41149902,-91.49123000,-70.32871000
2.41210938,-93.37660000,-68.46957000
2.41271973,-95.13226000,-72.84222000
2.41333008,-90.05064000,-78.66386000
2.41394043,-92.25913000,-71.52404000
2.41455078,-101.40620000,-69.09596000
2.41516113,-99.85268000,-71.40570000
2.41577148,-96.68468000,-72.78240000
2.41638184,-110.22200000,-74.34570000
2.41699219,-87.75422000,-84.10531000
2.41760254,-85.05433000,-71.40191000
2.41821289,-89.54431000,-66.93638000
2.41882324,-97.45155000,-72.33237000
2.41943359,-88.76548000,-74.16556000
2.42004395,-91.31982000,-70.02364000
2.42065430,-106.78100000,-75.79812000
2.42126465,-113.83000000,-79.28104000
2.42187500,-98.77942000,-78.02348000
2.42248535,-100.70010000,-73.38871000
2.42309570,-95.00937000,-72.27798000
2.42370605,-99.37952000,-78.43793000
2.42431641,-97.15133000,-68.38956000
2.42492676,-92.93163000,-65.82684000
2.42553711,-91.01094000,-65.25112000
2.42614746,-102.89450000,-69.00488000
2.42675781,-95.28134000,-81.73386000
2.42736816,-93.62910000,-69.74275000
2.42797852,-90.18879000,-68.88452000
2.42858887,-90.87325000,-74.17123000
2.42919922,-98.11517000,-78.38544000
2.42980957,-90.09132000,-70.39450000
2.43041992,-90.26093000,-69.55779000
2.43103027,-86.88089000,-77.75041000
2.43164063,-87.53555000,-87.69524000
2.43225098,-97.12112000,-89.48604000
2.43286133,-96.32520000,-79.11520000
2.43347168,-86.95103000,-73.18787000
2.43408203,-82.57068000,-71.86414000
2.43469238,-84.30859000,-72.50780000
2.43530273,-92.92850000,-73.33305000
2.43591309,-93.96668000,-73.23441000
2.43652344,-95.18040000,-74.62361000
2.43713379,-93.37192000,-77.23164000
2.43774414,-91.53461000,-96.26037000
2.43835449,-93.09708000,-79.70225000
2.43896484,-97.46016000,-87.78502000
2.43957520,-99.83417000,-72.52870000
2.44018555,-93.19855000,-74.97020000
2.44079590,-90.63029000,-78.83486000
2.44140625,-102.15680000,-74.46006000
2.44201660,-93.99613000,-73.88393000
2.44262695,-91.40181000,-73.62304000
2.44323730,-89.70464000,-86.49600000
2.44384766,-88.93639000,-81.60399000
2.44445801,-88.31200000,-81.97552000
2.44506836,-87.82903000,-88.65375000
2.44567871,-89.47589000,-76.52087000
2.44628906,-90.74783000,-79.01701000
2.44689941,-96.52904000,-77.59943000
2.44750977,-91.51585000,-74.49993000
2.44812012,-90.02908000,-73.94975000
2.44873047,-93.17852000,-77.05686000
2.44934082,-95.80779000,-73.55176000
2.44995117,-87.84874000,-72.95297000
2.45056152,-84.78761000,-81.13464000
2.45117188,-86.76004000,-75.03350000
2.45178223,-92.19873000,-70.91901000
2.45239258,-96.10631000,-77.68134000
2.45300293,-97.19407000,-79.42937000
2.45361328,-102.65160000,-83.85444000
2.45422363,-97.45325000,-79.44820000
2.45483398,-90.88303000,-71.90604000
2.45544434,-91.80899000,-68.61179000
2.45605469,-92.46857000,-68.07633000
2.45666504,-87.83630000,-73.40764000
2.45727539,-89.59365000,-78.06451000
2.45788574,-96.65042000,-76.85088000
2.45849609,-121.71870000,-80.38166000
2.45910645,-94.69205000,-74.22108000
2.45971680,-95.48168000,-73.95642000
2.46032715,-96.46907000,-76.37635000
2.46093750,-94.28140000,-79.13079000
2.46154785,-99.20041000,-86.01031000
2.46215820,-111.72470000,-77.16022000
2.46276855,-91.63808000,-69.48890000
2.46337891,-87.20534000,-67.92447000
2.46398926,-90.11382000,-70.75287000
2.46459961,-96.80386000,-74.94691000
2.46520996,-91.78194000,-73.89138000
2.46582031,-86.93871000,-70.68974000
2.46643066,-86.97456000,-68.12165000
2.46704102,-89.46196000,-69.79922000
2.46765137,-92.39632000,-74.18195000
2.46826172,-96.49848000,-74.45075000
2.46887207,-99.71859000,-74.42745000
2.46948242,-109.64340000,-77.75178000
2.47009277,-96.08516000,-68.44568000
2.47070313,-92.37800000,-66.19115000
2.47131348,-97.55411000,-67.30505000
2.47192383,-97.72151000,-74.34818000
2.47253418,-93.16677000,-76.15628000
2.47314453,-91.31924000,-70.86305000
2.47375488,-95.04819000,-70.56686000
2.47436523,-90.99644000,-74.65588000
2.47497559,-92.77109000,-88.57797000
2.47558594,-97.36846000,-86.79473000
2.47619629,-99.20653000,-76.22095000
2.47680664,-117.64470000,-74.59129000
2.47741699,-109.22860000,-76.84387000
2.47802734,-103.31630000,-74.95530000
2.47863770,-108.35740000,-72.11671000
2.47924805,-94.59504000,-75.15006000
2.47985840,-90.84647000,-83.10635000
2.48046875,-94.41457000,-84.13690000
2.48107910,-97.85690000,-85.71814000
2.48168945,-91.49041000,-76.86072000
2.48229980,-88.05665000,-70.42859000
2.48291016,-88.24445000,-69.18421000
2.48352051,-92.76167000,-69.63683000
2.48413086,-93.31566000,-68.30550000
2.48474121,-87.28649000,-68.52479000
2.48535156,-87.35786000,-70.92355000
2.48596191,-85.37636000,-77.14258000
2.48657227,-84.06250000,-81.56418000
2.48718262,-86.95369000,-76.05235000
2.48779297,-92.33291000,-75.20293000
2.48840332,-103.18640000,-80.44621000
2.48901367,-83.78593000,-79.08990000
2.48962402,-81.68786000,-83.27507000
2.49023438,-88.14252000,-73.78098000
2.49084473,-95.88258000,-76.69777000
2.49145508,-92.81307000,-76.76947000
2.49206543,-87.45512000,-77.79919000
2.49267578,-83.98721000,-84.26074000
2.49328613,-85.27618000,-77.77748000
2.49389648,-80.35483000,-74.41129000
2.49450684,-76.10460000,-74.25946000
2.49511719,-79.87479000,-75.57029000
2.49572754,-87.71119000,-73.44311000
2.49633789,-95.68523000,-71.51497000
2.49694824,-102.27190000,-70.89995000
2.49755859,-94.62823000,-70.05368000
2.49816895,-89.52666000,-70.45920000
2.49877930,-88.08483000,-73.06799000
2.49938965,-90.40141000,-75.11166000
2.50000000,-94.95413000,-75.30528000
2.50061035,-96.78092000,-78.39362000
2.50122070,-90.16518000,-72.63577000
2.50183105,-88.04595000,-71.63908000
2.50244141,-94.02692000,-83.77719000
2.50305176,-93.72993000,-69.32087000
2.50366211,-89.02640000,-67.19497000
2.50427246,-91.69707000,-69.58701000
2.50488281,-114.08350000,-75.28622000
2.50549316,-91.90459000,-73.61560000
2.50610352,-90.10149000,-72.53306000
2.50671387,-91.26361000,-80.29872000
2.50732422,-99.58940000,-84.86708000
2.50793457,-96.09359000,-83.38875000
2.50854492,-92.16125000,-95.69093000
2.50915527,-89.96593000,-82.28623000
2.50976563,-88.58899000,-77.11237000
2.51037598,-94.00703000,-73.03719000
2.51098633,-99.45542000,-70.45261000
2.51159668,-103.76480000,-72.70728000
2.51220703,-97.02196000,-78.20049000
2.51281738,-92.79438000,-75.44453000
2.51342773,-88.09559000,-68.66174000
2.51403809,-85.99690000,-68.20764000
2.51464844,-90.94788000,-71.96512000
2.51525879,-95.64038000,-71.05078000
2.51586914,-93.53337000,-70.53848000
2.51647949,-96.09723000,-72.92174000
2.51708984,-95.26332000,-89.37196000
2.51770020,-93.77504000,-73.66139000
2.51831055,-96.62263000,-71.28130000
2.51892090,-98.91862000,-73.86693000
2.51953125,-90.05416000,-76.50293000
2.52014160,-86.26904000,-70.68452000
2.52075195,-89.18724000,-68.76010000
2.52136230,-98.03315000,-74.97058000
2.52197266,-94.40839000,-74.29768000
2.52258301,-88.78716000,-73.79173000
2.52319336,-92.40669000,-79.52641000
2.52380371,-102.09380000,-78.44354000
2.52441406,-99.52444000,-74.00227000
2.52502441,-98.99190000,-77.44140000
2.52563477,-101.50170000,-76.93488000
2.52624512,-119.95160000,-76.90080000
2.52685547,-101.97100000,-71.63033000
2.52746582,-99.88831000,-75.85158000
2.52807617,-98.49727000,-84.42760000
2.52868652,-96.68451000,-81.31954000
2.52929688,-91.33044000,-76.95462000
2.52990723,-93.05843000,-86.73936000
2.53051758,-93.37594000,-75.37380000
2.53112793,-89.01474000,-73.39514000
2.53173828,-91.52740000,-74.32121000
2.53234863,-101.58210000,-73.79008000
2.53295898,-107.31080000,-72.10872000
2.53356934,-112.18410000,-75.62103000
2.53417969,-97.94671000,-76.28564000
2.53479004,-91.03786000,-73.67530000
2.53540039,-89.87422000,-79.24749000
2.53601074,-91.95815000,-77.82586000
2.53662109,-97.30281000,-78.01956000
2.53723145,-100.24910000,-78.63670000
2.53784180,-92.96390000,-72.44165000
2.53845215,-87.98047000,-74.48299000
2.53906250,-86.90784000,-103.35730000
2.53967285,-92.84042000,-79.68398000
2.54028320,-95.37950000,-82.57987000
2.54089355,-94.61814000,-82.09081000
2.54150391,-97.96500000,-76.26897000
2.54211426,-99.21588000,-82.04785000
2.54272461,-100.09300000,-87.26949000
2.54333496,-95.01385000,-83.89504000
2.54394531,-93.94058000,-78.75247000
2.54455566,-92.91437000,-88.36120000
2.54516602,-92.18518000,-77.75743000
2.54577637,-98.23932000,-70.98229000
2.54638672,-105.10740000,-72.10008000
2.54699707,-108.15890000,-77.50064000
2.54760742,-99.97834000,-73.15379000
2.54821777,-95.35679000,-71.57090000
2.54882813,-95.62062000,-72.08961000
2.54943848,-88.36142000,-73.94854000
2.55004883,-85.43648000,-76.95381000
2.55065918,-89.49944000,-82.47702000
2.55126953,-91.48769000,-95.97762000
2.55187988,-92.08080000,-81.17553000
2.55249023,-88.76946000,-76.81376000
2.55310059,-90.67367000,-75.46228000
2.55371094,-91.03737000,-72.23727000
2.55432129,-85.22617000,-71.19549000
2.55493164,-92.00365000,-72.59876000
2.55554199,-105.78320000,-71.92963000
2.55615234,-99.33694000,-75.05218000
2.55676270,-99.99362000,-83.68488000
2.55737305,-92.30646000,-78.57987000
2.55798340,-92.79153000,-80.20072000
2.55859375,-91.24353000,-82.19617000
2.55920410,-87.25136000,-72.60175000
2.55981445,-86.39169000,-69.45670000
2.56042480,-89.52622000,-69.07790000
2.56103516,-99.33879000,-72.36638000
2.56164551,-99.57355000,-77.65627000
2.56225586,-94.23748000,-68.58257000
2.56286621,-100.71270000,-66.33883000
2.56347656,-104.29670000,-71.84652000
2.56408691,-93.19441000,-75.73836000
2.56469727,-91.50944000,-73.43085000
2.56530762,-95.82134000,-69.57809000
2.56591797,-105.44290000,-65.98777000
2.56652832,-98.63771000,-69.27843000
2.56713867,-100.77690000,-73.53032000
2.56774902,-90.86705000,-72.10314000
2.56835938,-91.79262000,-70.18829000
2.56896973,-108.52030000,-75.08138000
2.56958008,-91.16428000,-77.04466000
2.57019043,-86.97681000,-79.02936000
2.57080078,-85.96954000,-78.48702000
2.57141113,-89.19672000,-85.19214000
2.57202148,-101.81620000,-81.20541000
2.57263184,-93.43449000,-76.30739000
2.57324219,-92.97234000,-74.94533000
2.57385254,-88.04716000,-72.69559000
2.57446289,-88.01773000,-76.70580000
2.57507324,-94.55563000,-81.47681000
2.57568359,-99.44981000,-72.27184000
2.57629395,-104.01850000,-70.55045000
2.57690430,-100.42580000,-72.00958000
2.57751465,-93.73371000,-71.02301000
2.57812500,-85.34149000,-69.75030000
2.57873535,-83.99567000,-72.89471000
2.57934570,-86.99208000,-73.75610000
2.57995605,-89.23309000,-77.61911000
2.58056641,-87.71629000,-81.05405000
2.58117676,-92.07199000,-71.53461000
2.58178711,-97.19403000,-67.37352000
2.58239746,-92.94579000,-66.82085000
2.58300781,-91.90218000,-72.45072000
2.58361816,-93.28671000,-82.08939000
2.58422852,-102.43530000,-81.65894000
2.58483887,-97.20844000,-74.20477000
2.58544922,-90.82162000,-72.63639000
2.58605957,-94.32743000,-76.35400000
2.58666992,-94.34491000,-82.71254000
2.58728027,-89.93262000,-73.44865000
2.58789063,-90.46593000,-75.05486000
2.58850098,-89.51641000,-71.19396000
2.58911133,-88.50300000,-71.89032000
2.58972168,-92.74785000,-72.57677000
2.59033203,-95.98083000,-71.91005000
2.59094238,-92.96440000,-70.48919000
2.59155273,-87.46924000,-70.23528000
2.59216309,-88.85684000,-74.61526000
2.59277344,-94.47636000,-75.87796000
2.59338379,-92.11533000,-74.43204000
2.59399414,-89.16069000,-76.07210000
2.59460449,-85.50247000,-92.86725000
2.59521484,-86.83205000,-73.68628000
2.59582520,-96.83919000,-68.58369000
2.59643555,-103.72550000,-67.79008000
2.59704590,-96.34966000,-70.49092000
2.59765625,-99.42471000,-75.83621000
2.59826660,-98.63954000,-73.59313000
2.59887695,-92.75399000,-68.82712000
2.59948730,-88.95512000,-70.96507000
2.60009766,-89.93726000,-69.89275000
2.60070801,-95.39201000,-70.10355000
2.60131836,-87.71461000,-74.77880000
2.60192871,-83.84406000,-75.66000000
2.60253906,-84.24670000,-72.38490000
2.60314941,-87.63635000,-70.13577000
2.60375977,-98.27039000,-73.53215000
2.60437012,-114.19740000,-77.50840000
2.60498047,-95.83919000,-74.20988000
2.60559082,-92.60658000,-71.79326000
2.60620117,-90.27808000,-68.36847000
2.60681152,-88.48206000,-71.17030000
2.60742188,-91.62067000,-81.82407000
2.60803223,-91.80787000,-79.97087000
2.60864258,-97.91543000,-72.45984000
2.60925293,-93.34573000,-72.07384000
2.60986328,-94.46130000,-77.73441000
2.61047363,-98.66949000,-80.47128000
2.61108398,-102.84490000,-73.99198000
2.61169434,-100.01510000,-72.29916000
2.61230469,-89.60138000,-78.91020000
2.61291504,-87.76868000,-80.64084000
2.61352539,-92.87963000,-83.48117000
2.61413574,-96.82300000,-80.15572000
2.61474609,-95.58659000,-81.28394000
2.61535645,-101.94060000,-74.56064000
2.61596680,-90.67352000,-71.94310000
2.61657715,-90.34044000,-73.65602000
2.61718750,-91.73163000,-84.74000000
2.61779785,-97.74865000,-75.51831000
2.61840820,-96.83616000,-74.90461000
2.61901855,-91.56536000,-72.38921000
2.61962891,-94.16390000,-71.68210000
2.62023926,-95.82284000,-71.26588000
2.62084961,-88.71436000,-69.15849000
2.62145996,-87.77507000,-71.88641000
2.62207031,-95.67036000,-74.22550000
2.62268066,-97.94707000,-75.85570000
2.62329102,-94.41525000,-74.80505000
2.62390137,-97.58549000,-75.28858000
2.62451172,-91.26113000,-74.83714000
2.62512207,-88.28658000,-71.45776000
2.62573242,-92.46773000,-68.18369000
2.62634277,-101.35200000,-66.54478000
2.62695313,-95.30673000,-70.40807000
2.62756348,-93.06663000,-73.68503000
2.62817383,-103.05410000,-71.09270000
2.62878418,-93.67725000,-73.63318000
2.62939453,-98.54131000,-73.58627000
2.63000488,-104.73140000,-81.80848000
2.63061523,-90.37811000,-74.15845000
2.63122559,-86.16683000,-73.21389000
2.63183594,-83.49175000,-75.43295000
2.63244629,-78.51787000,-72.95158000
2.63305664,-79.26176000,-68.37936000
2.63366699,-87.99536000,-69.49788000
2.63427734,-101.85380000,-73.86803000
2.63488770,-96.36657000,-90.52898000
2.63549805,-93.94730000,-78.38273000
2.63610840,-97.68884000,-75.36855000
2.63671875,-94.13117000,-72.45600000
2.63732910,-90.24635000,-83.37207000
2.63793945,-86.03082000,-75.40051000
2.63854980,-87.63325000,-76.47196000
2.63916016,-91.71111000,-76.73204000
2.63977051,-91.39694000,-77.67278000
2.64038086,-93.58845000,-75.88677000
2.64099121,-93.55721000,-67.57222000
2.64160156,-89.96907000,-68.49437000
2.64221191,-88.39244000,-71.83614000
2.64282227,-89.23282000,-75.39246000
2.64343262,-87.02755000,-78.96594000
2.64404297,-85.47675000,-78.32267000
2.64465332,-89.39240000,-84.27525000
2.64526367,-98.38620000,-85.09833000
2.64587402,-107.20840000,-77.43060000
2.64648438,-101.47970000,-72.15520000
2.64709473,-92.78896000,-70.32311000
2.64770508,-88.33971000,-69.43325000
2.64831543,-91.92604000,-71.26587000
2.64892578,-87.33400000,-76.63329000
2.64953613,-81.19836000,-74.37700000
2.65014648,-81.86524000,-71.98412000
2.65075684,-85.51648000,-75.44976000
2.65136719,-88.23524000,-76.48354000
2.65197754,-95.36485000,-75.18469000
2.65258789,-93.26830000,-82.12975000
2.65319824,-88.95518000,-71.42572000
2.65380859,-88.91640000,-75.12857000
2.65441895,-91.64458000,-78.76648000
2.65502930,-92.71132000,-71.47733000
2.65563965,-90.31144000,-70.54757000
2.65625000,-89.64281000,-80.44601000
2.65686035,-92.72594000,-75.84335000
2.65747070,-95.66658000,-78.33801000
2.65808105,-97.74390000,-83.79886000
2.65869141,-98.35201000,-74.45983000
2.65930176,-98.01696000,-74.14198000
2.65991211,-92.75490000,-76.56934000
2.66052246,-94.47096000,-83.42542000
2.66113281,-96.37674000,-71.51312000
2.66174316,-103.26170000,-71.22037000
2.66235352,-88.24728000,-77.14339000
2.66296387,-86.69463000,-77.62564000
2.66357422,-92.31129000,-78.27449000
2.66418457,-96.43005000,-74.93634000
2.66479492,-104.75250000,-80.81168000
2.66540527,-105.00110000,-87.00909000
2.66601563,-95.33650000,-76.03980000
2.66662598,-92.17629000,-74.45724000
2.66723633,-94.28786000,-75.57866000
2.66784668,-95.88687000,-83.67123000
2.66845703,-90.45051000,-74.50558000
2.66906738,-96.77635000,-71.00512000
2.66967773,-94.26039000,-77.11659000
2.67028809,-95.68140000,-84.73729000
2.67089844,-110.61070000,-73.72971000
2.67150879,-93.63647000,-78.52512000
2.67211914,-85.66557000,-75.30972000
2.67272949,-86.51127000,-69.80655000
2.67333984,-91.65699000,-66.89874000
2.67395020,-83.48083000,-69.56875000
2.67456055,-83.86613000,-82.82555000
2.67517090,-93.66609000,-78.98758000
2.67578125,-98.16486000,-77.22568000
2.67639160,-100.97420000,-74.68150000
2.67700195,-107.17200000,-74.77026000
2.67761230,-107.22580000,-80.24200000
2.67822266,-102.61980000,-75.43353000
2.67883301,-93.30001000,-85.06898000
2.67944336,-87.00225000,-76.41458000
2.68005371,-87.49070000,-70.92059000
2.68066406,-88.26617000,-76.74974000
2.68127441,-92.69090000,-80.12177000
2.68188477,-94.84462000,-73.79327000
2.68249512,-95.79728000,-71.54405000
2.68310547,-95.33325000,-71.98111000
2.68371582,-92.12778000,-71.40578000
2.68432617,-88.42330000,-86.43974000
2.68493652,-87.10329000,-73.15163000
2.68554688,-90.58891000,-75.27428000
2.68615723,-92.95934000,-75.70555000
2.68676758,-102.30510000,-82.95940000
2.68737793,-91.48963000,-71.03651000
2.68798828,-90.72297000,-66.70612000
2.68859863,-105.62680000,-69.16030000
2.68920898,-92.54909000,-72.72886000
2.68981934,-91.00227000,-73.83145000
2.69042969,-98.50449000,-81.11980000
2.69104004,-92.64278000,-75.27574000
2.69165039,-95.38736000,-81.57640000
2.69226074,-92.78709000,-70.61858000
2.69287109,-91.29990000,-69.64339000
2.69348145,-111.89560000,-68.38550000
2.69409180,-90.07295000,-68.55025000
2.69470215,-89.68629000,-75.37637000
2.69531250,-90.75512000,-78.39163000
2.69592285,-89.61044000,-79.35664000
2.69653320,-88.64214000,-68.93333000
2.69714355,-89.40026000,-68.85527000
2.69775391,-87.51949000,-77.73276000
2.69836426,-88.22621000,-78.64899000
2.69897461,-100.61960000,-80.15998000
2.69958496,-90.76573000,-83.22056000
2.70019531,-90.28878000,-71.72196000
2.70080566,-98.20473000,-72.41379000
2.70141602,-97.06967000,-83.37984000
2.70202637,-91.45150000,-75.38309000
2.70263672,-92.12540000,-74.14606000
2.70324707,-99.27878000,-68.44117000
2.70385742,-92.80669000,-65.92249000
2.70446777,-92.00558000,-65.09255000
2.70507813,-89.83528000,-65.42649000
2.70568848,-88.46885000,-66.62500000
2.70629883,-91.93463000,-70.54106000
2.70690918,-94.30962000,-77.87946000
2.70751953,-99.04247000,-84.97626000
2.70812988,-104.53180000,-78.81017000
2.70874023,-98.27004000,-74.22243000
2.70935059,-100.56440000,-71.46305000
2.70996094,-112.19490000,-71.98988000
2.71057129,-98.30112000,-70.33627000
2.71118164,-97.56570000,-68.84766000
2.71179199,-96.20517000,-72.13067000
2.71240234,-93.25760000,-76.53883000
2.71301270,-92.17804000,-74.70619000
2.71362305,-94.34439000,-77.17422000
2.71423340,-92.64232000,-75.87025000
2.71484375,-92.23085000,-75.94765000
2.71545410,-96.48086000,-72.53016000
2.71606445,-94.26186000,-75.76104000
2.71667480,-94.51064000,-73.78421000
2.71728516,-96.54648000,-71.68179000
2.71789551,-98.83193000,-70.26528000
2.71850586,-99.80444000,-71.77380000
2.71911621,-94.74794000,-78.37892000
2.71972656,-90.25318000,-93.10060000
2.72033691,-91.23021000,-84.25002000
2.72094727,-96.30505000,-77.69273000
2.72155762,-90.59441000,-72.44519000
2.72216797,-86.86111000,-87.94327000
2.72277832,-88.88264000,-77.21571000
2.72338867,-99.99358000,-89.97978000
2.72399902,-108.57960000,-77.41103000
2.72460938,-95.85610000,-72.58267000
2.72521973,-92.89616000,-77.28604000
2.72583008,-91.85057000,-87.51258000
2.72644043,-98.80349000,-80.32463000
2.72705078,-92.26818000,-81.82293000
2.72766113,-91.36318000,-74.78501000
2.72827148,-91.85368000,-73.61987000
2.72888184,-91.51660000,-80.66315000
2.72949219,-91.33543000,-75.95435000
2.73010254,-97.71961000,-74.75087000
2.73071289,-100.87950000,-78.50024000
2.73132324,-105.89620000,-72.34412000
2.73193359,-102.12370000,-74.28282000
2.73254395,-96.47255000,-75.37757000
2.73315430,-92.68553000,-74.25906000
2.73376465,-81.84630000,-70.71099000
2.73437500,-78.79138000,-70.54238000
2.73498535,-87.81354000,-75.54518000
2.73559570,-93.28370000,-81.77341000
2.73620605,-91.28814000,-73.12811000
2.73681641,-96.49319000,-67.74451000
2.73742676,-108.03340000,-71.71597000
2.73803711,-97.96504000,-81.07562000
2.73864746,-114.78870000,-80.40707000
2.73925781,-91.36260000,-77.05426000
2.73986816,-88.55153000,-86.78008000
2.74047852,-93.54938000,-74.38233000
2.74108887,-95.67352000,-69.46639000
2.74169922,-91.77264000,-72.15692000
2.74230957,-94.45749000,-88.38774000
2.74291992,-90.41010000,-80.55652000
2.74353027,-91.93714000,-73.37390000
2.74414063,-89.05536000,-76.69666000
2.74475098,-93.03835000,-78.48092000
2.74536133,-93.61802000,-71.07776000
2.74597168,-92.37847000,-73.12936000
2.74658203,-87.33130000,-81.58778000
2.74719238,-87.59345000,-85.47042000
2.74780273,-96.12718000,-89.63733000
2.74841309,-108.19810000,-81.89645000
2.74902344,-90.25204000,-79.38465000
2.74963379,-82.89687000,-79.87618000
2.75024414,-84.92891000,-69.93505000
2.75085449,-94.14934000,-68.42407000
2.75146484,-94.37131000,-67.52144000
2.75207520,-95.66544000,-70.01096000
2.75268555,-90.33596000,-81.12468000
2.75329590,-95.12679000,-75.94543000
2.75390625,-97.83179000,-83.80005000
2.75451660,-91.74867000,-82.31236000
2.75512695,-92.41413000,-79.56554000
2.75573730,-91.19412000,-80.08673000
2.75634766,-88.89478000,-77.47008000
2.75695801,-87.99750000,-70.88402000
2.75756836,-92.36560000,-75.50300000
2.75817871,-106.19910000,-75.04371000
2.75878906,-96.71320000,-69.48828000
2.75939941,-95.95791000,-69.51836000
2.76000977,-94.81200000,-69.79738000
2.76062012,-99.65728000,-72.29735000
2.76123047,-96.39640000,-80.89530000
2.76184082,-96.95008000,-89.34421000
2.76245117,-93.71349000,-96.41998000
2.76306152,-91.95507000,-77.05194000
2.76367188,-95.42657000,-72.81896000
2.76428223,-91.30431000,-73.07790000
2.76489258,-91.13259000,-73.59690000
2.76550293,-91.24259000,-73.16041000
2.76611328,-88.16441000,-69.33088000
2.76672363,-89.07574000,-70.87244000
2.76733398,-99.97178000,-77.67388000
2.76794434,-94.84260000,-67.28057000
2.76855469,-94.74405000,-65.16843000
2.76916504,-98.66784000,-67.21164000
2.76977539,-92.52580000,-72.86795000
2.77038574,-89.65036000,-71.40263000
2.77099609,-89.84236000,-73.50414000
2.77160645,-94.90414000,-95.29003000
2.77221680,-86.62218000,-74.64783000
2.77282715,-89.10996000,-70.26855000
2.77343750,-89.58922000,-76.60871000
2.77404785,-79.32049000,-69.61325000
2.77465820,-80.26925000,-66.96329000
2.77526855,-96.52917000,-73.22585000
2.77587891,-89.72658000,-81.21192000
2.77648926,-90.91099000,-80.52373000
2.77709961,-89.30892000,-82.69450000
2.77770996,-90.70245000,-80.95733000
2.77832031,-92.53545000,-74.34196000
2.77893066,-93.38071000,-74.85886000
2.77954102,-94.00127000,-77.80946000
2.78015137,-96.89812000,-84.47835000
2.78076172,-92.51007000,-77.04464000
2.78137207,-90.79951000,-76.77943000
2.78198242,-89.13436000,-85.75378000
2.78259277,-94.07405000,-75.94308000
2.78320313,-98.94352000,-67.51057000
2.78381348,-98.60947000,-69.53866000
2.78442383,-98.21720000,-79.70834000
2.78503418,-95.57883000,-77.79929000
2.78564453,-96.38142000,-71.98048000
2.78625488,-96.89615000,-72.44431000
2.78686523,-95.47771000,-75.09036000
2.78747559,-92.81860000,-85.64803000
2.78808594,-94.94216000,-71.98159000
2.78869629,-89.07335000,-69.08276000
2.78930664,-84.99454000,-69.05511000
2.78991699,-89.89775000,-73.59470000
2.79052734,-90.72156000,-81.69502000
2.79113770,-105.53440000,-76.18842000
2.79174805,-88.70963000,-73.88801000
2.79235840,-86.69899000,-72.01380000
2.79296875,-85.77644000,-71.01308000
2.79357910,-82.97149000,-77.42936000
2.79418945,-81.11543000,-81.58897000
2.79479980,-85.37369000,-79.97119000
2.79541016,-99.93893000,-78.57657000
2.79602051,-98.88138000,-76.66946000
2.79663086,-90.26410000,-74.71735000
2.79724121,-88.96481000,-75.18481000
2.79785156,-92.08358000,-85.09873000
2.79846191,-98.87643000,-82.77863000
2.79907227,-93.96484000,-75.06327000
2.79968262,-84.50571000,-69.01872000
2.80029297,-84.20419000,-69.67896000
2.80090332,-89.90790000,-79.76699000
2.80151367,-91.49650000,-72.09914000
2.80212402,-100.37640000,-73.69557000
2.80273438,-99.83080000,-78.09671000
2.80334473,-95.80700000,-68.94448000
2.80395508,-94.06230000,-68.80804000
2.80456543,-92.92525000,-69.63418000
2.80517578,-93.91333000,-70.52704000
2.80578613,-94.09253000,-72.83759000
2.80639648,-94.81253000,-75.54553000
2.80700684,-101.25460000,-82.72933000
2.80761719,-100.52880000,-83.70856000
2.80822754,-97.80714000,-74.36351000
2.80883789,-99.98438000,-78.68485000
2.80944824,-105.45030000,-76.36533000
2.81005859,-97.75063000,-74.46545000
2.81066895,-100.13170000,-84.58511000
2.81127930,-97.40457000,-74.60222000
2.81188965,-95.07748000,-69.20364000
2.81250000,-96.78436000,-70.81263000
2.81311035,-92.26940000,-76.96908000
2.81372070,-88.95717000,-83.53838000
2.81433105,-85.71574000,-76.92227000
2.81494141,-87.15865000,-76.23127000
2.81555176,-90.31915000,-73.48737000
2.81616211,-89.97667000,-72.22583000
2.81677246,-87.10029000,-77.59402000
2.81738281,-88.81761000,-77.44998000
2.81799316,-92.42814000,-72.86893000
2.81860352,-89.58393000,-78.90696000
2.81921387,-94.57427000,-79.85909000
2.81982422,-96.01559000,-73.96210000
2.82043457,-94.57942000,-75.34956000
2.82104492,-87.84798000,-84.14137000
2.82165527,-88.86344000,-94.71326000
2.82226563,-98.05579000,-78.20791000
2.82287598,-108.95960000,-74.26961000
2.82348633,-91.82832000,-76.12695000
2.82409668,-87.19168000,-69.72507000
2.82470703,-88.51390000,-68.71649000
2.82531738,-93.49209000,-77.89025000
2.82592773,-100.71270000,-74.64831000
2.82653809,-91.60204000,-72.68787000
2.82714844,-89.05589000,-73.79438000
2.82775879,-88.05615000,-74.93446000
2.82836914,-95.93872000,-76.42251000
2.82897949,-96.79859000,-84.30634000
2.82958984,-95.43973000,-77.16624000
2.83020020,-101.32590000,-80.62415000
2.83081055,-92.27348000,-78.70654000
2.83142090,-89.82339000,-71.69656000
2.83203125,-96.37173000,-70.43324000
2.83264160,-102.37050000,-70.27366000
2.83325195,-92.03427000,-72.12202000
2.83386230,-88.32618000,-75.69206000
2.83447266,-93.49437000,-78.31216000
2.83508301,-97.22062000,-70.26168000
2.83569336,-101.78890000,-67.44071000
2.83630371,-108.12750000,-71.68881000
2.83691406,-101.66210000,-78.30756000
2.83752441,-93.00663000,-76.70331000
2.83813477,-88.67313000,-69.73048000
2.83874512,-88.32469000,-69.41708000
2.83935547,-92.38901000,-80.76814000
2.83996582,-95.94681000,-77.50832000
2.84057617,-98.35442000,-72.32942000
2.84118652,-108.39000000,-70.27614000
2.84179688,-95.19308000,-73.81855000
2.84240723,-91.79832000,-72.84296000
2.84301758,-99.41431000,-68.51821000
2.84362793,-94.70020000,-69.20945000
2.84423828,-94.61183000,-76.08614000
2.84484863,-92.54350000,-83.08817000
2.84545898,-90.33784000,-74.65614000
2.84606934,-97.41173000,-72.76778000
2.84667969,-94.87334000,-70.48873000
2.84729004,-90.40541000,-68.96904000
2.84790039,-89.14924000,-73.60502000
2.84851074,-92.60178000,-87.73124000
2.84912109,-88.70620000,-79.99135000
2.84973145,-85.34154000,-76.99332000
2.85034180,-85.69615000,-78.84109000
2.85095215,-90.23260000,-78.52815000
2.85156250,-104.82140000,-81.87895000
2.85217285,-93.85395000,-79.40067000
2.85278320,-92.48788000,-78.58513000
2.85339355,-91.59177000,-74.77400000
2.85400391,-86.35278000,-77.00391000
2.85461426,-87.63828000,-74.89424000
2.85522461,-100.87630000,-77.06845000
2.85583496,-90.26134000,-78.20645000
2.85644531,-95.46174000,-83.14549000
2.85705566,-99.40254000,-82.93657000
2.85766602,-107.06320000,-86.02470000
2.85827637,-94.11843000,-77.33553000
2.85888672,-87.87232000,-81.03576000
2.85949707,-85.24400000,-72.39619000
2.86010742,-85.21381000,-75.66605000
2.86071777,-84.99991000,-82.30737000
2.86132813,-86.55032000,-79.94158000
2.86193848,-90.19347000,-83.41327000
2.86254883,-91.46641000,-78.40897000
2.86315918,-88.80192000,-89.45273000
2.86376953,-86.24680000,-76.98311000
2.86437988,-86.73059000,-77.50346000
2.86499023,-90.10738000,-75.88451000
2.86560059,-95.36736000,-77.33996000
2.86621094,-98.57147000,-73.51009000
2.86682129,-88.68653000,-70.38501000
2.86743164,-86.91344000,-70.58755000
2.86804199,-88.54020000,-74.04640000
2.86865234,-98.91048000,-76.33695000
2.86926270,-96.05355000,-72.10924000
2.86987305,-90.83716000,-70.32813000
2.87048340,-93.40412000,-70.60905000
2.87109375,-92.87514000,-70.22146000
2.87170410,-92.93802000,-68.50154000
2.87231445,-109.48250000,-70.29998000
2.87292480,-92.87219000,-71.16583000
2.87353516,-91.93092000,-71.50848000
2.87414551,-103.04070000,-75.91653000
2.87475586,-91.37795000,-77.92280000
2.87536621,-87.94540000,-79.21947000
2.87597656,-88.59608000,-74.37782000
2.87658691,-94.23369000,-76.84339000
2.87719727,-98.34914000,-71.75052000
2.87780762,-94.89227000,-72.12518000
2.87841797,-90.41803000,-74.64909000
2.87902832,-96.39928000,-84.12843000
2.87963867,-98.09081000,-78.80596000
2.88024902,-92.49338000,-74.08215000
2.88085938,-93.26797000,-75.28381000
2.88146973,-91.15295000,-82.12974000
2.88208008,-88.07045000,-82.26601000
2.88269043,-87.63496000,-79.06554000
2.88330078,-93.62091000,-78.67107000
2.88391113,-114.86360000,-78.70544000
2.88452148,-95.13599000,-76.79883000
2.88513184,-105.92110000,-81.94824000
2.88574219,-92.11218000,-78.14619000
2.88635254,-90.98146000,-72.92632000
2.88696289,-109.51520000,-72.67046000
2.88757324,-97.39542000,-71.55402000
2.88818359,-97.72308000,-71.52737000
2.88879395,-93.74635000,-81.98012000
2.88940430,-86.26714000,-73.73097000
2.89001465,-85.08607000,-68.48665000
2.89062500,-90.45159000,-71.64902000
2.89123535,-96.89311000,-80.44509000
2.89184570,-98.32784000,-87.07639000
2.89245605,-103.50470000,-71.10301000
2.89306641,-93.76402000,-68.10717000
2.89367676,-89.55676000,-67.58812000
2.89428711,-86.59373000,-65.79591000
2.89489746,-86.34140000,-68.44276000
2.89550781,-87.45022000,-87.35953000
2.89611816,-88.86942000,-75.72887000
2.89672852,-97.28783000,-77.10313000
2.89733887,-92.88062000,-88.31768000
2.89794922,-87.72174000,-79.52317000
2.89855957,-85.78195000,-74.37496000
2.89916992,-91.00636000,-73.45602000
2.89978027,-95.44570000,-80.27294000
2.90039063,-91.95316000,-80.75615000
2.90100098,-89.57557000,-81.27837000
2.90161133,-92.66824000,-79.07146000
2.90222168,-101.98660000,-82.41261000
2.90283203,-93.82588000,-77.96387000
2.90344238,-93.45525000,-76.11050000
2.90405273,-92.66666000,-74.33068000
2.90466309,-92.83658000,-76.63826000
2.90527344,-92.26251000,-70.60086000
2.90588379,-87.11549000,-71.38015000
2.90649414,-85.76085000,-73.80639000
2.90710449,-87.24142000,-71.88229000
2.90771484,-92.66701000,-77.07099000
2.90832520,-90.89313000,-80.48167000
2.90893555,-89.57036000,-82.34214000
2.90954590,-89.69852000,-78.00193000
2.91015625,-92.96671000,-82.77211000
2.91076660,-94.38196000,-78.86964000
2.91137695,-92.59174000,-84.80167000
2.91198730,-92.92538000,-84.21010000
2.91259766,-98.89057000,-77.50974000
2.91320801,-87.27979000,-73.09860000
2.91381836,-84.73947000,-72.37537000
2.91442871,-86.58588000,-77.76331000
2.91503906,-93.38309000,-84.28733000
2.91564941,-90.04373000,-79.05399000
2.91625977,-89.43031000,-76.69652000
2.91687012,-91.22249000,-80.98401000
2.91748047,-93.36122000,-77.86395000
2.91809082,-94.39762000,-71.94455000
2.91870117,-109.75710000,-75.36567000
2.91931152,-93.43352000,-76.87952000
2.91992188,-92.38121000,-74.56544000
2.92053223,-108.50330000,-76.40816000
2.92114258,-93.79120000,-76.75365000
2.92175293,-91.85563000,-76.14336000
2.92236328,-90.03999000,-74.50927000
2.92297363,-86.65565000,-72.16631000
2.92358398,-86.30231000,-72.61293000
2.92419434,-91.49398000,-74.48973000
2.92480469,-102.09340000,-80.75294000
2.92541504,-103.44480000,-75.87875000
2.92602539,-97.73793000,-73.79068000
2.92663574,-89.58998000,-75.15510000
2.92724609,-87.18098000,-71.30804000
2.92785645,-90.29293000,-74.14149000
2.92846680,-93.06714000,-80.00629000
2.92907715,-91.67869000,-79.62492000
2.92968750,-94.73156000,-69.53309000
2.93029785,-97.86711000,-69.15952000
2.93090820,-100.16730000,-78.36774000
2.93151855,-97.49820000,-77.77487000
2.93212891,-91.90309000,-72.10197000
2.93273926,-96.69071000,-74.14938000
2.93334961,-100.34670000,-79.55771000
2.93395996,-95.99107000,-74.29636000
2.93457031,-95.70038000,-76.40155000
2.93518066,-91.07970000,-82.50809000
2.93579102,-90.05534000,-77.53723000
2.93640137,-91.15548000,-70.55397000
2.93701172,-91.77956000,-69.16589000
2.93762207,-95.33161000,-69.41937000
2.93823242,-96.66980000,-72.06200000
2.93884277,-89.89352000,-83.78842000
2.93945313,-102.70370000,-73.73856000
2.94006348,-91.17817000,-69.94647000
2.94067383,-93.76604000,-75.37785000
2.94128418,-98.79669000,-73.98563000
2.94189453,-96.90456000,-77.27293000
2.94250488,-99.43913000,-92.20702000
2.94311523,-101.05270000,-78.89301000
2.94372559,-92.36266000,-71.43647000
2.94433594,-88.94055000,-69.18396000
2.94494629,-100.47420000,-71.43224000
2.94555664,-89.90765000,-79.12393000
2.94616699,-87.22021000,-73.93111000
2.94677734,-91.17491000,-75.14359000
2.94738770,-95.82107000,-78.11182000
2.94799805,-93.69221000,-76.00343000
2.94860840,-96.13332000,-72.26987000
2.94921875,-83.96211000,-69.27711000
2.94982910,-80.55401000,-72.90048000
2.95043945,-83.81088000,-87.80748000
2.95104980,-90.53735000,-76.13647000
2.95166016,-97.60431000,-80.85903000
2.95227051,-99.37618000,-78.03326000
2.95288086,-91.34575000,-75.63506000
2.95349121,-89.68987000,-78.03260000
2.95410156,-85.98598000,-78.51964000
2.95471191,-87.02817000,-72.63548000
2.95532227,-95.90020000,-72.89262000
2.95593262,-110.58570000,-78.50734000
2.95654297,-100.99510000,-73.11269000
2.95715332,-97.57529000,-72.63177000
2.95776367,-96.00925000,-73.07774000
2.95837402,-91.27396000,-76.89524000
2.95898438,-93.20204000,-83.59565000
2.95959473,-92.07101000,-82.72624000
2.96020508,-93.42927000,-77.06093000
2.96081543,-96.77528000,-70.46815000
2.96142578,-91.33991000,-72.69138000
2.96203613,-93.60220000,-80.64214000
2.96264648,-94.32003000,-76.73621000
2.96325684,-91.07922000,-75.89490000
2.96386719,-89.73435000,-75.39865000
2.96447754,-87.54765000,-74.23774000
2.96508789,-86.31157000,-88.06026000
2.96569824,-85.91266000,-71.09863000
2.96630859,-87.61504000,-67.92300000
2.96691895,-89.34342000,-70.81533000
2.96752930,-92.04007000,-77.18321000
2.96813965,-97.50965000,-72.59693000
2.96875000,-91.91675000,-69.75455000
2.96936035,-90.19524000,-74.23479000
2.96997070,-96.11475000,-75.65337000
2.97058105,-88.29401000,-75.28622000
2.97119141,-91.77783000,-78.00403000
2.97180176,-99.90977000,-83.02197000
2.97241211,-87.57739000,-79.19421000
2.97302246,-87.16640000,-76.77316000
2.97363281,-81.96305000,-76.24567000
2.97424316,-78.81116000,-73.35311000
2.97485352,-81.63171000,-75.13673000
2.97546387,-87.36355000,-75.71886000
2.97607422,-88.70155000,-69.99001000
2.97668457,-90.56873000,-75.15845000
2.97729492,-97.80125000,-76.85444000
2.97790527,-99.36736000,-83.24457000
2.97851563,-93.35575000,-74.57481000
2.97912598,-95.88126000,-76.98327000
2.97973633,-97.84084000,-72.45093000
2.98034668,-109.60230000,-70.58337000
2.98095703,-119.70270000,-78.85763000
2.98156738,-95.92435000,-80.15355000
2.98217773,-92.71379000,-78.71082000
2.98278809,-88.61089000,-74.03454000
2.98339844,-87.87792000,-76.70804000
2.98400879,-85.70388000,-80.95287000
2.98461914,-84.46991000,-85.67679000
2.98522949,-83.51495000,-77.11013000
2.98583984,-83.06831000,-72.68507000
2.98645020,-87.82278000,-72.82970000
2.98706055,-115.56580000,-74.31435000
2.98767090,-97.57580000,-72.34081000
2.98828125,-92.14066000,-69.05981000
2.98889160,-104.85270000,-69.46399000
2.98950195,-91.42487000,-74.10530000
2.99011230,-91.53358000,-77.45885000
2.99072266,-92.26478000,-71.28970000
2.99133301,-89.22705000,-69.85498000
2.99194336,-87.75620000,-71.58345000
2.99255371,-86.97615000,-72.41660000
2.99316406,-85.34737000,-72.15998000
2.99377441,-82.72895000,-73.78348000
2.99438477,-81.86171000,-79.91447000
2.99499512,-84.49181000,-72.90836000
2.99560547,-89.61312000,-83.45084000
2.99621582,-91.07200000,-74.79057000
2.99682617,-90.44044000,-84.02347000
2.99743652,-92.14375000,-74.25049000
2.99804688,-95.91750000,-69.34632000
2.99865723,-105.91720000,-69.88524000
2.99926758,-89.67841000,-81.05873000
2.99987793,-87.37448000,-74.44825000
3.00048828,-97.69225000,-71.89549000
3.00109863,-99.37837000,-71.86693000
3.00170898,-103.96750000,-70.50148000
3.00231934,-92.69917000,-71.73511000
3.00292969,-92.17660000,-74.51954000
3.00354004,-91.27911000,-79.15290000
3.00415039,-93.81064000,-83.80334000
3.00476074,-93.98734000,-86.60722000
3.00537109,-95.50822000,-86.31580000
3.00598145,-94.51256000,-74.40999000
3.00659180,-92.74669000,-71.96170000
3.00720215,-90.01350000,-77.09821000
3.00781250,-88.78400000,-88.13347000
3.00842285,-90.70438000,-86.80626000
3.00903320,-90.13676000,-83.87775000
3.00964355,-85.86835000,-71.82645000
3.01025391,-92.40312000,-68.23032000
3.01086426,-90.61420000,-66.92252000
3.01147461,-87.10466000,-68.15596000
3.01208496,-92.31821000,-80.58098000
3.01269531,-91.98913000,-77.31026000
3.01330566,-94.74580000,-75.06937000
3.01391602,-93.92257000,-71.60133000
3.01452637,-99.39952000,-75.73820000
3.01513672,-98.56090000,-84.68785000
3.01574707,-92.38419000,-83.34108000
3.01635742,-92.73368000,-84.94109000
3.01696777,-100.30430000,-76.53017000
3.01757813,-102.36410000,-77.34437000
3.01818848,-97.63973000,-80.75598000
3.01879883,-92.53865000,-81.48273000
3.01940918,-94.84241000,-75.08068000
3.02001953,-98.09372000,-74.70271000
3.02062988,-91.92623000,-73.02426000
3.02124023,-91.94942000,-71.65784000
3.02185059,-109.66640000,-90.20301000
3.02246094,-99.63660000,-71.27814000
3.02307129,-95.21465000,-69.95171000
3.02368164,-97.23108000,-71.26708000
3.02429199,-99.19426000,-71.79221000
3.02490234,-94.29895000,-72.90331000
3.02551270,-94.48283000,-72.81012000
3.02612305,-92.52773000,-71.58549000
3.02673340,-90.27577000,-79.58864000
3.02734375,-88.17940000,-74.34769000
3.02795410,-90.40424000,-70.17329000
3.02856445,-101.16770000,-74.07233000
3.02917480,-101.91320000,-82.81123000
3.02978516,-106.41620000,-72.37930000
3.03039551,-100.52710000,-77.35109000
3.03100586,-97.14771000,-81.00835000
3.03161621,-98.71609000,-81.37688000
3.03222656,-108.59310000,-72.45536000
3.03283691,-100.02960000,-73.74759000
3.03344727,-81.65495000,-78.04427000
3.03405762,-74.63518000,-68.03382000
3.03466797,-76.38665000,-67.54432000
3.03527832,-86.94030000,-74.05915000
3.03588867,-95.83167000,-79.42870000
3.03649902,-91.34781000,-73.68239000
3.03710938,-90.59067000,-71.67348000
3.03771973,-95.19073000,-69.18088000
3.03833008,-90.34583000,-74.82422000
3.03894043,-93.99358000,-73.14158000
3.03955078,-109.05990000,-71.38148000
3.04016113,-101.10940000,-80.63756000
3.04077148,-98.87565000,-71.59312000
3.04138184,-95.88643000,-72.98544000
3.04199219,-103.57960000,-78.88932000
3.04260254,-99.90428000,-84.27418000
3.04321289,-88.54117000,-93.68182000
3.04382324,-84.51891000,-74.78378000
3.04443359,-86.34118000,-67.77374000
3.04504395,-93.00775000,-68.54749000
3.04565430,-96.32648000,-78.71181000
3.04626465,-91.92563000,-74.78991000
3.04687500,-91.75541000,-76.12701000
3.04748535,-92.56059000,-76.02110000
3.04809570,-91.81268000,-72.33405000
3.04870605,-90.08354000,-73.35783000
3.04931641,-82.39532000,-83.31441000
3.04992676,-78.31594000,-71.78934000
3.05053711,-81.44820000,-72.15961000
3.05114746,-87.26959000,-80.32349000
3.05175781,-88.06617000,-80.17681000
3.05236816,-88.07305000,-74.56908000
3.05297852,-92.32774000,-69.49307000
3.05358887,-96.17033000,-71.48198000
3.05419922,-95.21410000,-73.46622000
3.05480957,-91.93022000,-72.00992000
3.05541992,-88.45871000,-70.81264000
3.05603027,-90.46951000,-73.02842000
3.05664063,-93.07898000,-78.01225000
3.05725098,-90.87111000,-76.96400000
3.05786133,-99.07738000,-77.00608000
3.05847168,-103.04260000,-76.71742000
3.05908203,-102.28710000,-76.66236000
3.05969238,-112.46900000,-83.00055000
3.06030273,-97.21825000,-89.30763000
3.06091309,-95.77839000,-74.99483000
3.06152344,-106.28580000,-70.15629000
3.06213379,-96.57179000,-70.88428000
3.06274414,-102.89960000,-74.68284000
3.06335449,-92.09657000,-79.43673000
3.06396484,-87.55860000,-82.58431000
3.06457520,-90.38949000,-73.92711000
3.06518555,-95.36559000,-70.90562000
3.06579590,-97.52718000,-70.47782000
3.06640625,-102.01970000,-71.24626000
3.06701660,-91.58212000,-73.38171000
3.06762695,-89.49881000,-75.18287000
3.06823730,-90.56130000,-84.07082000
3.06884766,-96.89920000,-76.14430000
3.06945801,-113.76110000,-75.41528000
3.07006836,-100.77400000,-77.63364000
3.07067871,-104.10960000,-73.46591000
3.07128906,-95.23985000,-68.97018000
3.07189941,-90.80788000,-67.33436000
3.07250977,-99.60019000,-69.07910000
3.07312012,-105.80140000,-73.10080000
3.07373047,-82.35096000,-74.96922000
3.07434082,-78.63945000,-82.58826000
3.07495117,-84.68546000,-83.29544000
3.07556152,-96.41624000,-84.42705000
3.07617188,-93.53138000,-77.83263000
3.07678223,-95.88515000,-71.16273000
3.07739258,-89.79263000,-70.44621000
3.07800293,-88.97760000,-71.59991000
3.07861328,-102.05240000,-70.99652000
3.07922363,-91.33640000,-72.22627000
3.07983398,-90.00393000,-79.05329000
3.08044434,-89.86148000,-82.54868000
3.08105469,-94.05219000,-91.10329000
3.08166504,-95.02613000,-79.73599000
3.08227539,-100.25880000,-81.12802000
3.08288574,-96.43900000,-81.20258000
3.08349609,-106.97340000,-75.34230000
3.08410645,-96.33088000,-71.20854000
3.08471680,-92.07551000,-69.48835000
3.08532715,-89.86397000,-70.79890000
3.08593750,-89.80434000,-78.30155000
3.08654785,-97.08827000,-77.14408000
3.08715820,-99.10696000,-77.50858000
3.08776855,-95.45935000,-74.56535000
3.08837891,-93.37265000,-79.84494000
3.08898926,-86.99678000,-74.56265000
3.08959961,-85.78720000,-80.16021000
3.09020996,-90.14590000,-72.24288000
3.09082031,-95.55672000,-68.52931000
3.09143066,-117.48320000,-72.68150000
3.09204102,-96.69705000,-76.46343000
3.09265137,-100.15990000,-74.80483000
3.09326172,-100.66120000,-72.76218000
3.09387207,-90.35228000,-71.12065000
3.09448242,-94.05504000,-74.60381000
3.09509277,-99.47205000,-75.82049000
3.09570313,-98.98334000,-88.17792000
3.09631348,-94.73154000,-82.96788000
3.09692383,-91.37269000,-78.82767000
3.09753418,-98.03491000,-78.55758000
3.09814453,-94.25685000,-74.09438000
3.09875488,-91.83894000,-67.55309000
3.09936523,-79.82987000,-70.97620000
3.09997559,-77.27040000,-69.96304000
3.10058594,-83.20383000,-70.05037000
3.10119629,-89.49406000,-78.05675000
3.10180664,-91.43541000,-90.38200000
3.10241699,-92.69131000,-77.84540000
3.10302734,-96.22183000,-72.53528000
3.10363770,-112.06330000,-68.39667000
3.10424805,-89.26655000,-69.35376000
3.10485840,-85.97930000,-71.68227000
3.10546875,-92.75246000,-71.39149000
3.10607910,-95.79841000,-72.57462000
3.10668945,-100.64640000,-75.60701000
3.10729980,-89.73634000,-77.89332000
3.10791016,-88.84342000,-74.46867000
3.10852051,-101.18920000,-74.03168000
3.10913086,-92.96446000,-77.87223000
3.10974121,-91.05464000,-79.09460000
3.11035156,-96.75665000,-78.03050000
3.11096191,-95.51872000,-82.27088000
3.11157227,-99.19740000,-73.82952000
3.11218262,-108.08000000,-69.34456000
3.11279297,-102.91760000,-68.07980000
3.11340332,-90.11572000,-67.41055000
3.11401367,-90.94847000,-69.87594000
3.11462402,-92.69546000,-83.43707000
3.11523438,-94.66689000,-76.50382000
3.11584473,-96.73582000,-75.06352000
3.11645508,-92.74708000,-76.03770000
3.11706543,-109.40750000,-73.93921000
3.11767578,-92.57343000,-71.84612000
3.11828613,-104.76810000,-74.22621000
3.11889648,-95.17757000,-79.34112000
3.11950684,-91.74099000,-72.95457000
3.12011719,-90.97014000,-77.55891000
3.12072754,-95.53437000,-75.80064000
3.12133789,-90.95773000,-73.65458000
3.12194824,-90.35659000,-77.23464000
3.12255859,-98.70235000,-77.28200000
3.12316895,-98.21191000,-72.66061000
3.12377930,-107.52470000,-68.52525000
3.12438965,-93.50999000,-69.28450000
3.12500000,-91.61830000,-75.14021000
3.12561035,-96.10261000,-81.79452000
3.12622070,-100.19940000,-76.33511000
3.12683105,-93.62589000,-77.27668000
3.12744141,-95.49290000,-77.39029000
3.12805176,-95.40786000,-79.41413000
3.12866211,-86.76797000,-71.85596000
3.12927246,-86.84245000,-76.84742000
3.12988281,-89.65941000,-81.18562000
3.13049316,-90.38712000,-93.50311000
3.13110352,-92.56297000,-74.29200000
3.13171387,-93.19634000,-75.93002000
3.13232422,-95.88065000,-72.71097000
3.13293457,-101.94400000,-67.49316000
3.13354492,-89.54245000,-68.88744000
3.13415527,-91.29287000,-70.22810000
3.13476563,-109.05470000,-75.20139000
3.13537598,-98.11385000,-78.71146000
3.13598633,-93.35303000,-74.27495000
3.13659668,-87.94452000,-74.04409000
3.13720703,-87.38068000,-73.81966000
3.13781738,-91.91811000,-73.58430000
3.13842773,-100.01140000,-74.34816000
3.13903809,-95.35158000,-68.30910000
3.13964844,-98.42705000,-69.32368000
3.14025879,-93.82575000,-73.16736000
3.14086914,-89.16643000,-74.55510000
3.14147949,-88.40760000,-71.52512000
3.14208984,-86.75249000,-76.11114000
3.14270020,-84.87224000,-80.40930000
3.14331055,-86.84241000,-70.54570000
3.14392090,-99.09713000,-69.56926000
3.14453125,-89.44681000,-72.38326000
3.14514160,-93.75420000,-74.59119000
3.14575195,-92.29382000,-80.63222000
3.14636230,-97.38824000,-76.12798000
3.14697266,-99.94846000,-67.95039000
3.14758301,-103.13680000,-66.08794000
3.14819336,-98.22379000,-69.29088000
3.14880371,-93.11389000,-85.58880000
3.14941406,-93.40798000,-76.12220000
3.15002441,-94.58640000,-73.98378000
3.15063477,-108.35910000,-74.83652000
3.15124512,-100.67020000,-79.37362000
3.15185547,-102.90810000,-73.05977000
3.15246582,-97.85902000,-68.91788000
3.15307617,-92.50317000,-69.85400000
3.15368652,-87.05162000,-70.85723000
3.15429688,-84.51541000,-73.25568000
3.15490723,-89.80396000,-86.50511000
3.15551758,-94.35329000,-78.15253000
3.15612793,-97.33664000,-83.39429000
3.15673828,-94.23084000,-79.32524000
3.15734863,-96.27950000,-80.16788000
3.15795898,-95.29594000,-87.54665000
3.15856934,-99.09183000,-81.47625000
3.15917969,-99.94035000,-74.66780000
3.15979004,-93.94787000,-71.65565000
3.16040039,-96.28020000,-67.82385000
3.16101074,-98.67439000,-65.77866000
3.16162109,-91.96239000,-70.43729000
3.16223145,-95.33931000,-78.12032000
3.16284180,-90.37038000,-77.85088000
3.16345215,-86.24068000,-73.55241000
3.16406250,-91.44275000,-69.51628000
3.16467285,-98.80705000,-73.52908000
3.16528320,-88.16882000,-86.58902000
3.16589355,-85.71783000,-77.56101000
3.16650391,-86.54523000,-74.85073000
3.16711426,-89.83426000,-76.78404000
3.16772461,-94.30091000,-76.54254000
3.16833496,-94.68634000,-81.68015000
3.16894531,-96.60748000,-82.76622000
3.16955566,-93.74846000,-79.49771000
3.17016602,-107.11600000,-79.77225000
3.17077637,-95.42662000,-79.14027000
3.17138672,-93.42151000,-84.14425000
3.17199707,-98.69302000,-69.69258000
3.17260742,-99.34683000,-68.26843000
3.17321777,-89.95915000,-72.73335000
3.17382813,-84.43439000,-86.58109000
3.17443848,-86.99960000,-80.45033000
3.17504883,-90.64320000,-81.89903000
3.17565918,-87.92307000,-76.09566000
3.17626953,-91.61928000,-72.23769000
3.17687988,-91.63164000,-72.22826000
3.17749023,-94.32581000,-74.63156000
3.17810059,-94.05022000,-82.52277000
3.17871094,-94.14926000,-75.58529000
3.17932129,-97.77315000,-71.17301000
3.17993164,-96.07334000,-70.37307000
3.18054199,-96.21163000,-71.38192000
3.18115234,-96.64951000,-76.98503000
3.18176270,-92.58652000,-75.86465000
3.18237305,-97.60141000,-73.44736000
3.18298340,-106.53910000,-73.24091000
3.18359375,-94.30038000,-79.53960000
3.18420410,-90.36601000,-72.13304000
3.18481445,-91.10095000,-76.87239000
3.18542480,-92.00404000,-81.49860000
3.18603516,-96.89567000,-75.64328000
3.18664551,-90.58823000,-77.89242000
3.18725586,-94.81461000,-96.02474000
3.18786621,-103.95840000,-74.28812000
3.18847656,-100.79670000,-70.82542000
3.18908691,-91.64809000,-77.68742000
3.18969727,-91.96083000,-93.06903000
3.19030762,-99.10992000,-78.62989000
3.19091797,-99.64604000,-79.20335000
3.19152832,-91.95992000,-85.26696000
3.19213867,-93.66578000,-74.43797000
3.19274902,-93.74261000,-73.98704000
3.19335938,-90.91457000,-80.58771000
3.19396973,-90.18093000,-78.55204000
3.19458008,-91.98959000,-77.49455000
3.19519043,-103.92380000,-75.32323000
3.19580078,-89.88334000,-76.18865000
3.19641113,-90.84229000,-76.39263000
3.19702148,-99.04705000,-76.00694000
3.19763184,-97.47058000,-77.02986000
3.19824219,-86.40204000,-77.96977000
3.19885254,-85.69585000,-87.15959000
3.19946289,-90.05124000,-78.62193000
3.20007324,-90.47546000,-81.99516000
3.20068359,-94.55383000,-88.66522000
3.20129395,-91.21649000,-85.64935000
3.20190430,-84.95869000,-73.49099000
3.20251465,-86.50974000,-69.55420000
3.20312500,-91.93504000,-73.09676000
3.20373535,-89.04568000,-76.07861000
3.20434570,-90.45128000,-70.03410000
3.20495605,-98.76952000,-72.71056000
3.20556641,-96.38013000,-85.05362000
3.20617676,-91.62369000,-76.60357000
3.20678711,-88.89275000,-78.98439000
3.20739746,-88.26874000,-79.62531000
3.20800781,-88.02174000,-75.51389000
3.20861816,-93.31099000,-70.42290000
3.20922852,-92.93410000,-68.81229000
3.20983887,-93.46468000,-69.38102000
3.21044922,-96.08229000,-72.33629000
3.21105957,-93.73981000,-74.25802000
3.21166992,-105.06900000,-73.02504000
3.21228027,-82.83352000,-77.24519000
3.21289063,-71.03094000,-71.17346000
3.21350098,-68.55297000,-69.39594000
3.21411133,-76.43887000,-69.45432000
3.21472168,-89.75829000,-68.05014000
3.21533203,-107.23260000,-66.13458000
3.21594238,-90.71708000,-69.25259000
3.21655273,-93.19727000,-79.08019000
3.21716309,-102.36480000,-79.71716000
3.21777344,-109.32630000,-74.50080000
3.21838379,-99.03665000,-73.93838000
3.21899414,-95.33192000,-78.12966000
3.21960449,-96.09023000,-77.41862000
3.22021484,-92.26800000,-68.40414000
3.22082520,-86.91484000,-68.20546000
3.22143555,-89.78485000,-71.09201000
3.22204590,-91.22664000,-75.08360000
3.22265625,-88.37622000,-76.08667000
3.22326660,-93.31496000,-73.62492000
3.22387695,-94.36353000,-72.77708000
3.22448730,-96.15685000,-70.33271000
3.22509766,-97.32848000,-69.83367000
3.22570801,-91.76337000,-73.36646000
3.22631836,-93.77251000,-76.24406000
3.22692871,-99.09111000,-79.44772000
3.22753906,-97.07932000,-72.45454000
3.22814941,-95.66700000,-71.93505000
3.22875977,-90.97182000,-79.34892000
3.22937012,-88.61188000,-77.54257000
3.22998047,-88.55469000,-69.02635000
3.23059082,-92.31376000,-66.48286000
3.23120117,-100.52450000,-64.88995000
3.23181152,-92.83219000,-65.87144000
3.23242188,-91.85620000,-74.32578000
3.23303223,-91.79694000,-76.15079000
3.23364258,-88.96066000,-94.40062000
3.23425293,-84.40692000,-71.19540000
3.23486328,-84.59450000,-68.00103000
3.23547363,-86.94380000,-71.81677000
3.23608398,-92.99564000,-69.54731000
3.23669434,-96.94662000,-72.04370000
3.23730469,-100.97150000,-78.08478000
3.23791504,-96.72107000,-76.37277000
3.23852539,-90.89603000,-86.93857000
3.23913574,-89.15759000,-78.26806000
3.23974609,-90.34576000,-71.47704000
3.24035645,-92.04952000,-72.36996000
3.24096680,-93.66332000,-81.03610000
3.24157715,-98.77262000,-75.53061000
3.24218750,-97.82767000,-86.42368000
3.24279785,-97.24438000,-72.55138000
3.24340820,-91.75671000,-70.07177000
3.24401855,-83.88225000,-77.38424000
3.24462891,-84.95744000,-76.80566000
3.24523926,-87.39151000,-72.58890000
3.24584961,-86.38146000,-72.25710000
3.24645996,-86.36217000,-73.16814000
3.24707031,-88.44145000,-77.17282000
3.24768066,-88.95863000,-81.32778000
3.24829102,-84.52087000,-75.07619000
3.24890137,-79.26255000,-77.34869000
3.24951172,-78.27403000,-83.87093000
3.25012207,-80.70853000,-87.70209000
3.25073242,-88.97975000,-78.00053000
3.25134277,-106.56550000,-77.16916000
3.25195313,-93.30869000,-83.28564000
3.25256348,-87.47856000,-74.87394000
3.25317383,-86.86877000,-77.52910000
3.25378418,-90.40658000,-80.19482000
3.25439453,-97.31022000,-71.79530000
3.25500488,-91.42230000,-73.60020000
3.25561523,-89.11678000,-76.42606000
3.25622559,-87.61864000,-73.93230000
3.25683594,-88.74951000,-87.80804000
3.25744629,-101.53540000,-75.36183000
3.25805664,-88.45969000,-71.77873000
3.25866699,-85.79171000,-82.10563000
3.25927734,-86.47102000,-76.79066000
3.25988770,-88.06410000,-72.82903000
3.26049805,-90.33677000,-73.25267000
3.26110840,-93.29213000,-76.41949000
3.26171875,-94.97112000,-76.01700000
3.26232910,-93.43008000,-76.48677000
3.26293945,-92.57760000,-75.53831000
3.26354980,-91.94249000,-74.00758000
3.26416016,-93.58820000,-74.88400000
3.26477051,-94.56747000,-86.94172000
3.26538086,-95.57231000,-86.07756000
3.26599121,-98.32532000,-78.94995000
3.26660156,-92.96795000,-73.16830000
3.26721191,-89.78783000,-72.61768000
3.26782227,-100.40240000,-76.62736000
3.26843262,-92.17114000,-74.36065000
3.26904297,-89.79185000,-76.72238000
3.26965332,-93.50320000,-87.05311000
3.27026367,-94.65089000,-74.75405000
3.27087402,-110.28760000,-74.09865000
3.27148438,-104.36790000,-78.44338000
3.27209473,-95.68938000,-77.41319000
3.27270508,-100.53170000,-73.01437000
3.27331543,-87.72891000,-80.89624000
3.27392578,-80.18259000,-69.08967000
3.27453613,-80.55851000,-74.82964000
3.27514648,-84.88221000,-72.86993000
3.27575684,-87.54787000,-74.59341000
3.27636719,-87.10235000,-78.75989000
3.27697754,-86.26180000,-72.99599000
3.27758789,-88.07327000,-69.83516000
3.27819824,-93.97400000,-78.07713000
3.27880859,-88.61334000,-72.64241000
3.27941895,-84.95400000,-75.43703000
3.28002930,-85.52484000,-75.62161000
3.28063965,-87.56692000,-73.14904000
3.28125000,-90.49773000,-75.71436000
3.28186035,-99.68141000,-75.44008000
3.28247070,-109.12810000,-71.07896000
3.28308105,-98.09460000,-77.72107000
3.28369141,-90.17236000,-75.98135000
3.28430176,-90.11056000,-73.76637000
3.28491211,-90.94514000,-75.20911000
3.28552246,-90.93723000,-81.50468000
3.28613281,-93.18045000,-76.91025000
3.28674316,-87.18188000,-70.17356000
3.28735352,-85.16516000,-66.96133000
3.28796387,-90.33093000,-69.97558000
3.28857422,-107.12460000,-75.93275000
3.28918457,-110.01340000,-75.42012000
3.28979492,-96.25578000,-76.08005000
3.29040527,-91.88141000,-77.51043000
3.29101563,-93.97795000,-69.28860000
3.29162598,-95.19189000,-64.66626000
3.29223633,-90.61588000,-66.09731000
3.29284668,-92.69279000,-71.31628000
3.29345703,-94.56958000,-71.69440000
3.29406738,-88.98299000,-71.15578000
3.29467773,-92.69798000,-76.63698000
3.29528809,-97.16896000,-69.55816000
3.29589844,-94.19293000,-71.69075000
3.29650879,-87.66371000,-82.03635000
3.29711914,-86.77007000,-80.83998000
3.29772949,-91.37671000,-77.47343000
3.29833984,-100.95470000,-75.05686000
3.29895020,-97.51603000,-70.12658000
3.29956055,-93.31172000,-70.91223000
3.30017090,-87.74044000,-71.92979000
3.30078125,-89.03291000,-74.05516000
3.30139160,-92.75428000,-77.97354000
3.30200195,-91.03787000,-72.36497000
3.30261230,-89.69512000,-71.08824000
3.30322266,-88.98424000,-71.14984000
3.30383301,-87.78360000,-70.76350000
3.30444336,-91.26441000,-72.42886000
3.30505371,-97.75584000,-76.16067000
3.30566406,-87.31987000,-77.34047000
3.30627441,-86.93774000,-79.26389000
3.30688477,-90.08745000,-76.77600000
3.30749512,-95.31654000,-73.81062000
3.30810547,-100.07770000,-69.14666000
3.30871582,-88.89919000,-74.81312000
3.30932617,-88.74106000,-74.39419000
3.30993652,-105.79460000,-68.96092000
3.31054688,-101.83590000,-70.77865000
3.31115723,-104.91680000,-75.51675000
3.31176758,-109.62410000,-72.23080000
3.31237793,-97.73937000,-74.67487000
3.31298828,-93.29445000,-72.40064000
3.31359863,-95.76775000,-82.14669000
3.31420898,-101.64200000,-76.29309000
3.31481934,-108.77380000,-78.77578000
3.31542969,-104.68480000,-78.23785000
3.31604004,-96.57298000,-80.04639000
3.31665039,-95.12193000,-80.40034000
3.31726074,-90.46342000,-75.09620000
3.31787109,-87.75718000,-72.20347000
3.31848145,-88.45901000,-69.77967000
3.31909180,-89.83025000,-74.82561000
3.31970215,-92.70631000,-86.87288000
3.32031250,-91.17165000,-79.30745000
3.32092285,-88.51127000,-82.69927000
3.32153320,-89.43085000,-76.62391000
3.32214355,-94.43218000,-74.93165000
3.32275391,-91.79094000,-74.53713000
3.32336426,-92.05835000,-73.89649000
3.32397461,-104.11750000,-78.56946000
3.32458496,-98.21149000,-75.97417000
3.32519531,-92.18345000,-71.85863000
3.32580566,-88.85703000,-76.06221000
3.32641602,-89.74388000,-86.76395000
3.32702637,-91.71257000,-72.89870000
3.32763672,-94.92271000,-70.88268000
3.32824707,-91.12450000,-77.98249000
3.32885742,-90.47981000,-73.05141000
3.32946777,-94.78439000,-72.38883000
3.33007813,-93.28777000,-78.14988000
3.33068848,-94.25507000,-82.43527000
3.33129883,-96.33300000,-92.26039000
3.33190918,-96.48409000,-76.39947000
3.33251953,-95.57977000,-74.45470000
3.33312988,-86.22173000,-79.14351000
3.33374023,-81.78066000,-76.17468000
3.33435059,-80.69794000,-75.67503000
3.33496094,-84.13367000,-74.48352000
3.33557129,-89.29795000,-73.08389000
3.33618164,-93.08972000,-70.25012000
3.33679199,-95.31042000,-72.98647000
3.33740234,-94.52913000,-77.42619000
3.33801270,-97.78182000,-72.55068000
3.33862305,-95.84499000,-68.52113000
3.33923340,-89.60160000,-68.20682000
3.33984375,-88.37251000,-74.17770000
3.34045410,-91.83491000,-74.46617000
3.34106445,-92.49943000,-77.04270000
3.34167480,-98.82329000,-76.40494000
3.34228516,-99.11557000,-88.67688000
3.34289551,-96.34309000,-81.52960000
3.34350586,-94.49626000,-81.06979000
3.34411621,-89.84038000,-77.23667000
3.34472656,-92.18631000,-76.83694000
3.34533691,-92.49551000,-79.48399000
3.34594727,-95.52477000,-83.78132000
3.34655762,-100.58840000,-86.59102000
3.34716797,-94.08084000,-88.70491000
3.34777832,-95.33229000,-75.75876000
3.34838867,-100.00350000,-70.91608000
3.34899902,-85.30946000,-72.18375000
3.34960938,-80.38680000,-72.44756000
3.35021973,-82.58794000,-78.66737000
3.35083008,-96.04363000,-75.47276000
3.35144043,-92.18703000,-69.65356000
3.35205078,-91.52950000,-68.28853000
3.35266113,-94.67953000,-72.00533000
3.35327148,-88.16223000,-72.99425000
3.35388184,-85.39891000,-72.69820000
3.35449219,-88.95125000,-79.71125000
3.35510254,-99.18415000,-75.91011000
3.35571289,-111.16940000,-74.43731000
3.35632324,-92.34242000,-73.07285000
3.35693359,-88.27789000,-77.95686000
3.35754395,-90.29689000,-71.97912000
3.35815430,-93.24596000,-67.20643000
3.35876465,-90.42945000,-65.53193000
3.35937500,-95.07597000,-65.23633000
3.35998535,-95.52413000,-67.38040000
3.36059570,-95.26434000,-73.69214000
3.36120605,-84.90538000,-87.92298000
3.36181641,-83.97009000,-77.06691000
3.36242676,-88.06190000,-75.61120000
3.36303711,-94.39500000,-73.57817000
3.36364746,-91.38094000,-76.68437000
3.36425781,-91.13557000,-81.53316000
3.36486816,-94.81113000,-75.48158000
3.36547852,-93.91522000,-71.07441000
3.36608887,-88.98932000,-71.54025000
3.36669922,-93.36511000,-71.30171000
3.36730957,-98.32378000,-71.20705000
3.36791992,-92.95753000,-73.36659000
3.36853027,-88.27121000,-70.67928000
3.36914063,-88.97385000,-78.23180000
3.36975098,-94.93158000,-82.22020000
3.37036133,-93.25494000,-75.18797000
3.37097168,-99.27352000,-75.08026000
3.37158203,-96.99014000,-74.01007000
3.37219238,-97.20743000,-72.27596000
3.37280273,-112.66510000,-78.04532000
3.37341309,-89.14656000,-73.70345000
3.37402344,-81.37335000,-68.94897000
3.37463379,-84.31995000,-71.51575000
3.37524414,-96.08752000,-72.46112000
3.37585449,-99.44859000,-70.00296000
3.37646484,-94.20348000,-68.02309000
3.37707520,-103.55760000,-70.32038000
3.37768555,-97.58607000,-71.34390000
3.37829590,-110.99560000,-72.32205000
3.37890625,-96.37724000,-74.15916000
3.37951660,-97.25790000,-73.23168000
3.38012695,-97.55997000,-77.32458000
3.38073730,-90.04967000,-85.12587000
3.38134766,-86.79070000,-81.54128000
3.38195801,-88.73068000,-74.08698000
3.38256836,-98.24028000,-73.47349000
3.38317871,-91.90178000,-81.03955000
3.38378906,-87.58260000,-89.45563000
3.38439941,-88.65614000,-80.69473000
3.38500977,-89.90926000,-76.49731000
3.38562012,-88.47099000,-76.62017000
3.38623047,-88.99551000,-74.07655000
3.38684082,-89.79547000,-74.59420000
3.38745117,-90.89149000,-75.94713000
3.38806152,-100.31050000,-71.61178000
3.38867188,-90.48297000,-68.84035000
3.38928223,-85.15144000,-70.15878000
3.38989258,-88.33890000,-73.22541000
3.39050293,-91.14340000,-76.82951000
3.39111328,-92.15817000,-81.55975000
3.39172363,-92.47944000,-77.15623000
3.39233398,-96.03299000,-73.79701000
3.39294434,-94.53785000,-75.90971000
3.39355469,-92.25249000,-77.09470000
3.39416504,-92.43251000,-85.80468000
3.39477539,-95.58696000,-73.66341000
3.39538574,-92.97079000,-74.22810000
3.39599609,-96.01434000,-72.05238000
3.39660645,-91.81860000,-75.13374000
3.39721680,-91.26617000,-77.48611000
3.39782715,-92.80766000,-72.30383000
3.39843750,-90.36447000,-71.07648000
3.39904785,-88.56683000,-71.58401000
3.39965820,-93.24849000,-77.19196000
3.40026855,-94.96227000,-78.29820000
3.40087891,-100.87700000,-69.59579000
3.40148926,-92.79176000,-69.11395000
3.40209961,-92.88449000,-70.51637000
3.40270996,-95.29333000,-67.60378000
3.40332031,-98.23079000,-67.37051000
3.40393066,-107.65550000,-69.48414000
3.40454102,-97.72408000,-72.25755000
3.40515137,-91.82458000,-73.69247000
3.40576172,-91.10735000,-76.04516000
3.40637207,-90.49900000,-78.00591000
3.40698242,-84.91935000,-81.34209000
3.40759277,-86.27449000,-79.59964000
3.40820313,-93.54865000,-74.84394000
3.40881348,-93.88458000,-82.20705000
3.40942383,-96.83685000,-70.33292000
3.41003418,-97.61739000,-67.99954000
3.41064453,-94.31993000,-71.46414000
3.41125488,-94.80869000,-76.51375000
3.41186523,-100.74490000,-76.57601000
3.41247559,-97.17236000,-74.87805000
3.41308594,-91.82425000,-73.65419000
3.41369629,-87.68094000,-69.72440000
3.41430664,-85.70618000,-70.40370000
3.41491699,-88.97842000,-73.96239000
3.41552734,-95.12872000,-77.47029000
3.41613770,-95.79568000,-75.25328000
3.41674805,-93.63384000,-71.32934000
3.41735840,-99.72272000,-70.88361000
3.41796875,-102.62770000,-72.65405000
3.41857910,-106.26050000,-72.51647000
3.41918945,-94.74205000,-74.88750000
3.41979980,-101.82150000,-86.06085000
3.42041016,-99.09058000,-76.73962000
3.42102051,-109.79680000,-71.84657000
3.42163086,-98.37677000,-72.14932000
3.42224121,-100.33600000,-76.63720000
3.42285156,-97.17668000,-102.53250000
3.42346191,-88.00858000,-77.33106000
3.42407227,-83.44759000,-76.16904000
3.42468262,-86.32567000,-77.53662000
3.42529297,-98.78297000,-75.26147000
3.42590332,-92.48186000,-75.78225000
3.42651367,-90.89477000,-78.04565000
3.42712402,-98.21716000,-73.57993000
3.42773438,-108.10270000,-77.38268000
3.42834473,-95.59943000,-75.46411000
3.42895508,-89.39203000,-75.80743000
3.42956543,-93.89763000,-83.20657000
3.43017578,-93.17868000,-85.08788000
3.43078613,-88.80080000,-86.24736000
3.43139648,-85.82027000,-75.21719000
3.43200684,-87.91330000,-74.08606000
3.43261719,-93.69308000,-91.74666000
3.43322754,-97.28177000,-81.87707000
3.43383789,-102.81490000,-81.74937000
3.43444824,-95.99832000,-83.56090000
3.43505859,-92.66316000,-76.73383000
3.43566895,-96.45744000,-78.64059000
3.43627930,-97.32339000,-68.14437000
3.43688965,-100.40980000,-67.67610000
3.43750000,-103.98260000,-75.31882000
3.43811035,-111.95070000,-79.74976000
3.43872070,-103.32100000,-76.02187000
3.43933105,-110.62600000,-81.53481000
3.43994141,-98.67761000,-85.98608000
3.44055176,-98.17772000,-85.99185000
3.44116211,-97.07825000,-87.35381000
3.44177246,-87.65710000,-76.69738000
3.44238281,-86.89514000,-79.98167000
3.44299316,-90.52765000,-76.34717000
3.44360352,-92.56578000,-76.04325000
3.44421387,-94.66216000,-75.62323000
3.44482422,-96.47079000,-90.87533000
3.44543457,-90.76385000,-78.45260000
3.44604492,-86.54896000,-76.12473000
3.44665527,-88.37262000,-71.27364000
3.44726563,-99.39689000,-69.25605000
3.44787598,-93.34164000,-69.30344000
3.44848633,-88.59628000,-71.28267000
3.44909668,-88.08459000,-74.52172000
3.44970703,-90.88242000,-82.49256000
3.45031738,-94.77065000,-77.57066000
3.45092773,-96.12125000,-73.47815000
3.45153809,-93.52478000,-74.23653000
3.45214844,-92.95777000,-75.25819000
3.45275879,-90.54559000,-74.26588000
3.45336914,-91.55879000,-76.10777000
3.45397949,-94.76181000,-73.00382000
3.45458984,-93.43622000,-73.08892000
3.45520020,-96.58273000,-75.96677000
3.45581055,-93.23540000,-80.94608000
3.45642090,-89.98801000,-94.00967000
3.45703125,-89.31248000,-76.27058000
3.45764160,-87.47215000,-76.52160000
3.45825195,-86.53201000,-76.14072000
3.45886230,-90.11894000,-75.05627000
3.45947266,-107.59820000,-79.79438000
3.46008301,-93.62763000,-77.03587000
3.46069336,-86.55404000,-69.56294000
3.46130371,-85.64923000,-68.77434000
3.46191406,-90.78551000,-89.13692000
3.46252441,-93.35391000,-70.01495000
3.46313477,-89.60906000,-71.84032000
3.46374512,-84.69142000,-74.21492000
3.46435547,-86.58967000,-69.83745000
3.46496582,-104.87910000,-67.49469000
3.46557617,-88.28459000,-69.35606000
3.46618652,-89.18109000,-75.14211000
3.46679688,-95.81466000,-74.72501000
3.46740723,-94.48154000,-75.51253000
3.46801758,-101.16450000,-89.64917000
3.46862793,-93.85311000,-76.66460000
3.46923828,-95.80959000,-73.76659000
3.46984863,-95.11455000,-75.80470000
3.47045898,-92.31515000,-90.11864000
3.47106934,-92.04189000,-75.22127000
3.47167969,-94.55995000,-75.64452000
3.47229004,-92.61817000,-74.28088000
3.47290039,-95.76130000,-76.31210000
3.47351074,-88.58399000,-72.26273000
3.47412109,-83.29899000,-73.74739000
3.47473145,-86.26375000,-89.10646000
3.47534180,-89.68086000,-78.08386000
3.47595215,-89.53517000,-78.05067000
3.47656250,-91.16823000,-70.21259000
3.47717285,-92.82614000,-70.23394000
3.47778320,-92.02737000,-78.31387000
3.47839355,-94.06846000,-75.50055000
3.47900391,-98.53279000,-72.66544000
3.47961426,-93.13831000,-76.81139000
3.48022461,-92.53084000,-78.33222000
3.48083496,-91.91451000,-78.77528000
3.48144531,-90.02148000,-72.24336000
3.48205566,-91.46928000,-66.61305000
3.48266602,-102.71820000,-70.06028000
3.48327637,-95.20362000,-80.94745000
3.48388672,-86.28630000,-89.21825000
3.48449707,-87.17767000,-75.42313000
3.48510742,-93.57254000,-72.09261000
3.48571777,-97.02982000,-76.34709000
3.48632813,-94.41109000,-80.97780000
3.48693848,-91.65885000,-82.08327000
3.48754883,-91.46780000,-89.23377000
3.48815918,-96.41145000,-75.59661000
3.48876953,-99.40105000,-71.30933000
3.48937988,-92.66562000,-74.10354000
3.48999023,-99.47662000,-78.30447000
3.49060059,-92.69922000,-72.58271000
3.49121094,-92.44874000,-69.89811000
3.49182129,-96.34741000,-78.74082000
3.49243164,-96.57333000,-80.47321000
3.49304199,-92.40502000,-86.65340000
3.49365234,-89.89749000,-82.40717000
3.49426270,-88.50110000,-84.39932000
3.49487305,-92.85889000,-74.91489000
3.49548340,-98.93585000,-71.71777000
3.49609375,-104.25850000,-78.87015000
3.49670410,-95.35682000,-80.80764000
3.49731445,-91.15951000,-75.90564000
3.49792480,-100.46840000,-77.32778000
3.49853516,-90.94318000,-74.98964000
3.49914551,-96.58019000,-75.03253000
3.49975586,-94.44331000,-83.26336000
3.50036621,-94.10226000,-77.71583000
3.50097656,-86.33408000,-74.80555000
3.50158691,-81.49432000,-86.42689000
3.50219727,-84.36523000,-75.36985000
3.50280762,-90.57661000,-75.25735000
3.50341797,-95.09633000,-71.19030000
3.50402832,-96.61691000,-71.39249000
3.50463867,-88.31442000,-70.20324000
3.50524902,-89.14952000,-77.94833000
3.50585938,-91.04051000,-77.15217000
3.50646973,-94.94231000,-77.51435000
3.50708008,-92.75598000,-71.66737000
3.50769043,-94.71276000,-68.26730000
3.50830078,-95.89362000,-68.01231000
3.50891113,-91.23104000,-71.94209000
3.50952148,-109.47970000,-76.21082000
3.51013184,-91.25713000,-77.70043000
3.51074219,-90.51672000,-74.77519000
3.51135254,-92.20769000,-73.45607000
3.51196289,-92.81857000,-74.50202000
3.51257324,-92.73736000,-75.87638000
3.51318359,-93.43501000,-75.76662000
3.51379395,-83.89833000,-90.99026000
3.51440430,-83.82222000,-77.06638000
3.51501465,-95.71021000,-72.91590000
3.51562500,-87.89574000,-73.22305000
3.51623535,-91.97755000,-73.79788000
3.51684570,-103.36270000,-79.23409000
3.51745605,-95.09511000,-71.79131000
3.51806641,-92.69279000,-74.44293000
3.51867676,-96.09845000,-84.46659000
3.51928711,-102.46530000,-86.88577000
3.51989746,-107.07820000,-80.05339000
3.52050781,-101.50950000,-73.23859000
3.52111816,-91.32045000,-68.90738000
3.52172852,-90.31924000,-66.90767000
3.52233887,-103.70220000,-71.71893000
3.52294922,-93.42888000,-68.54415000
3.52355957,-87.24866000,-65.91611000
3.52416992,-91.40816000,-67.09586000
3.52478027,-96.07685000,-66.38967000
3.52539063,-92.97665000,-67.71559000
3.52600098,-97.21284000,-71.46993000
3.52661133,-93.56802000,-75.41135000
3.52722168,-97.25565000,-74.81895000
3.52783203,-91.55351000,-77.34382000
3.52844238,-86.99204000,-76.57060000
3.52905273,-90.52156000,-75.16447000
3.52966309,-91.87453000,-88.34814000
3.53027344,-92.07595000,-76.43582000
3.53088379,-90.98663000,-81.84226000
3.53149414,-92.32288000,-70.96715000
3.53210449,-95.76507000,-73.38623000
3.53271484,-91.81224000,-74.12876000
3.53332520,-90.28526000,-72.22637000
3.53393555,-96.12556000,-73.82211000
3.53454590,-100.79890000,-76.05972000
3.53515625,-101.76200000,-83.99490000
3.53576660,-97.83180000,-79.39313000
3.53637695,-96.50348000,-77.68123000
3.53698730,-90.39233000,-78.16708000
3.53759766,-88.79492000,-81.53469000
3.53820801,-93.30467000,-78.51183000
3.53881836,-92.82951000,-71.90242000
3.53942871,-90.31193000,-67.91254000
3.54003906,-92.40928000,-68.40735000
3.54064941,-101.82170000,-76.72200000
3.54125977,-96.36547000,-75.80424000
3.54187012,-111.06830000,-71.60218000
3.54248047,-92.23939000,-74.72707000
3.54309082,-88.28429000,-76.04575000
3.54370117,-82.73652000,-72.08280000
3.54431152,-82.77315000,-73.17564000
3.54492188,-88.35976000,-74.99249000
3.54553223,-92.39898000,-73.08589000
3.54614258,-99.90925000,-82.79573000
3.54675293,-93.87556000,-78.62637000
3.54736328,-89.06979000,-76.24906000
3.54797363,-89.32570000,-73.02538000
3.54858398,-92.98435000,-71.60126000
3.54919434,-96.46516000,-73.47594000
3.54980469,-84.93881000,-78.48566000
3.55041504,-87.79089000,-78.65158000
3.55102539,-98.31268000,-74.93566000
3.55163574,-92.89943000,-78.32436000
3.55224609,-91.99673000,-86.39163000
3.55285645,-87.95932000,-76.52454000
3.55346680,-92.79491000,-77.60539000
3.55407715,-97.15843000,-80.10249000
3.55468750,-95.33186000,-73.85428000
3.55529785,-107.40520000,-70.02077000
3.55590820,-100.42940000,-70.03393000
3.55651855,-117.15400000,-76.83316000
3.55712891,-96.29079000,-82.01680000
3.55773926,-92.61008000,-74.76716000
3.55834961,-91.89622000,-74.71375000
3.55895996,-96.88913000,-74.21546000
3.55957031,-102.30480000,-71.57555000
3.56018066,-94.46272000,-69.43932000
3.56079102,-89.49232000,-69.26646000
3.56140137,-86.84765000,-68.43880000
3.56201172,-89.54429000,-67.03171000
3.56262207,-97.15634000,-66.99966000
3.56323242,-100.15040000,-67.25806000
3.56384277,-99.56079000,-68.41252000
3.56445313,-91.50642000,-70.84901000
3.56506348,-88.46569000,-72.42085000
3.56567383,-88.15865000,-72.87138000
3.56628418,-87.82798000,-71.59759000
3.56689453,-90.83073000,-74.31316000
3.56750488,-88.55354000,-75.36955000
3.56811523,-85.19588000,-78.38292000
3.56872559,-87.23965000,-76.34879000
3.56933594,-108.82290000,-73.69502000
3.56994629,-88.72456000,-72.10839000
3.57055664,-89.54880000,-71.49136000
3.57116699,-92.08065000,-72.59676000
3.57177734,-88.34007000,-74.94421000
3.57238770,-90.89988000,-73.13847000
3.57299805,-87.59592000,-74.05051000
3.57360840,-74.85699000,-71.98010000
3.57421875,-72.74902000,-69.19872000
3.57482910,-79.42443000,-73.79240000
3.57543945,-86.92273000,-69.92928000
3.57604980,-92.90681000,-75.47665000
3.57666016,-98.88304000,-75.55525000
3.57727051,-90.04940000,-77.40961000
3.57788086,-86.73811000,-78.74034000
3.57849121,-88.36502000,-79.16212000
3.57910156,-90.86345000,-79.08495000
3.57971191,-92.85377000,-75.47313000
3.58032227,-97.71778000,-73.94045000
3.58093262,-115.59380000,-73.16232000
3.58154297,-97.32776000,-70.06718000
3.58215332,-92.80458000,-71.12776000
3.58276367,-92.50774000,-72.89973000
3.58337402,-90.41562000,-74.22054000
3.58398438,-90.28783000,-72.17696000
3.58459473,-98.71911000,-69.10088000
3.58520508,-97.41084000,-69.29973000
3.58581543,-97.03735000,-72.08790000
3.58642578,-88.44643000,-88.90863000
3.58703613,-88.78167000,-78.91306000
3.58764648,-89.26901000,-79.92601000
3.58825684,-87.68695000,-84.38310000
3.58886719,-88.54059000,-75.03415000
3.58947754,-94.89232000,-71.59224000
3.59008789,-99.06546000,-70.89583000
3.59069824,-87.72203000,-72.39840000
3.59130859,-86.85910000,-78.34826000
3.59191895,-90.97592000,-81.91893000
3.59252930,-91.53168000,-77.05344000
3.59313965,-89.69110000,-82.89362000
3.59375000,-93.12852000,-75.65156000
3.59436035,-91.00755000,-73.46425000
3.59497070,-90.70724000,-79.25470000
3.59558105,-94.02058000,-74.59619000
3.59619141,-104.14540000,-72.97289000
3.59680176,-95.89256000,-74.62167000
3.59741211,-93.24131000,-90.70998000
3.59802246,-93.92308000,-73.90758000
3.59863281,-87.06325000,-71.46884000
3.59924316,-85.11482000,-79.91345000
3.59985352,-84.41414000,-73.41010000
3.60046387,-89.68704000,-70.58266000
3.60107422,-92.80174000,-77.70365000
3.60168457,-88.12834000,-71.96834000
3.60229492,-87.53593000,-66.50937000
3.60290527,-90.34133000,-68.15681000
3.60351563,-86.71693000,-70.24638000
3.60412598,-82.05116000,-68.23955000
3.60473633,-85.88355000,-71.45437000
3.60534668,-89.09859000,-73.69327000
3.60595703,-85.42355000,-75.73514000
3.60656738,-87.72414000,-73.76959000
3.60717773,-91.14861000,-74.46608000
3.60778809,-86.73862000,-77.93411000
3.60839844,-87.55878000,-80.01955000
3.60900879,-95.21804000,-90.59150000
3.60961914,-95.08757000,-71.16978000
3.61022949,-89.50820000,-71.99619000
3.61083984,-87.92853000,-77.51263000
3.61145020,-87.06609000,-74.02734000
3.61206055,-91.68933000,-70.57486000
3.61267090,-101.57820000,-71.85665000
3.61328125,-96.42418000,-84.55260000
3.61389160,-89.18811000,-80.20766000
3.61450195,-84.75084000,-85.38589000
3.61511230,-87.30224000,-80.44772000
3.61572266,-92.38660000,-79.84897000
3.61633301,-89.82720000,-74.73212000
3.61694336,-90.19851000,-85.07663000
3.61755371,-90.32630000,-81.34349000
3.61816406,-93.19960000,-77.94478000
3.61877441,-92.76836000,-70.73744000
3.61938477,-90.38846000,-68.82802000
3.61999512,-96.45346000,-70.12809000
3.62060547,-99.86549000,-69.13369000
3.62121582,-91.77139000,-68.66112000
3.62182617,-90.08205000,-71.78829000
3.62243652,-91.98434000,-72.78294000
3.62304688,-94.28412000,-71.45450000
3.62365723,-97.87616000,-79.03988000
3.62426758,-100.81170000,-86.05966000
3.62487793,-94.05244000,-83.23232000
3.62548828,-90.32283000,-88.20823000
3.62609863,-90.28230000,-75.15960000
3.62670898,-91.87994000,-70.67659000
3.62731934,-101.38420000,-69.19408000
3.62792969,-99.62479000,-72.38618000
3.62854004,-94.64481000,-80.18109000
3.62915039,-97.45290000,-78.62532000
3.62976074,-96.72713000,-72.93913000
3.63037109,-93.94698000,-74.26307000
3.63098145,-99.08364000,-74.39848000
3.63159180,-97.10571000,-72.96821000
3.63220215,-92.33028000,-74.08720000
3.63281250,-98.09582000,-76.07089000
3.63342285,-115.65340000,-78.02603000
3.63403320,-97.23283000,-73.60439000
3.63464355,-116.85570000,-73.93433000
3.63525391,-99.68843000,-76.53896000
3.63586426,-100.77470000,-90.35831000
3.63647461,-98.54607000,-78.23037000
3.63708496,-94.53493000,-79.43084000
3.63769531,-88.63673000,-80.49669000
3.63830566,-87.48336000,-74.28370000
3.63891602,-88.75652000,-70.25228000
3.63952637,-89.00722000,-67.42166000
3.64013672,-87.58775000,-68.88966000
3.64074707,-89.09265000,-72.25934000
3.64135742,-99.75198000,-71.63715000
3.64196777,-97.84032000,-69.37833000
3.64257813,-98.85329000,-69.90348000
3.64318848,-93.80588000,-70.86911000
3.64379883,-89.04863000,-73.49873000
3.64440918,-88.41404000,-82.92247000
3.64501953,-91.25674000,-76.96439000
3.64562988,-91.76942000,-74.64821000
3.64624023,-94.40898000,-75.06272000
3.64685059,-101.63910000,-76.94173000
3.64746094,-93.10594000,-73.14678000
3.64807129,-90.72150000,-73.37115000
3.64868164,-91.06291000,-78.06502000
3.64929199,-94.31619000,-80.44182000
3.64990234,-101.17730000,-78.98585000
3.65051270,-91.56036000,-75.62252000
3.65112305,-89.05789000,-75.38766000
3.65173340,-89.77118000,-75.85578000
3.65234375,-89.61956000,-81.85582000
3.65295410,-88.29024000,-78.21257000
3.65356445,-89.79701000,-75.95213000
3.65417480,-93.41412000,-79.79414000
3.65478516,-100.91280000,-74.14863000
3.65539551,-98.50607000,-76.06763000
3.65600586,-95.76230000,-74.67709000
3.65661621,-92.85794000,-78.67240000
3.65722656,-94.31718000,-82.00043000
3.65783691,-98.08171000,-73.37412000
3.65844727,-94.33035000,-74.11999000
3.65905762,-104.06910000,-73.99297000
3.65966797,-93.15662000,-74.32815000
3.66027832,-90.65186000,-76.18980000
3.66088867,-94.06968000,-72.42701000
3.66149902,-94.14816000,-76.34378000
3.66210938,-88.13406000,-75.19769000
3.66271973,-84.05008000,-76.76365000
3.66333008,-81.17209000,-74.13554000
3.66394043,-79.85391000,-74.44939000
3.66455078,-85.23579000,-81.83933000
3.66516113,-98.87745000,-81.60063000
3.66577148,-93.29133000,-80.17575000
3.66638184,-101.54640000,-90.75183000
3.66699219,-88.43548000,-75.93523000
3.66760254,-88.33489000,-75.86744000
3.66821289,-88.44106000,-86.37952000
3.66882324,-87.42394000,-75.56447000
3.66943359,-97.24056000,-71.20236000
3.67004395,-98.76601000,-71.28238000
3.67065430,-100.04090000,-76.22415000
3.67126465,-105.54600000,-72.56469000
3.67187500,-94.13147000,-72.70982000
3.67248535,-89.93252000,-73.67311000
3.67309570,-100.83650000,-74.48457000
3.67370605,-85.55711000,-73.23628000
3.67431641,-81.78300000,-71.04652000
3.67492676,-88.60126000,-73.71725000
3.67553711,-99.28816000,-78.73342000
3.67614746,-91.46945000,-82.16103000
3.67675781,-89.17200000,-74.86666000
3.67736816,-92.23075000,-71.83868000
3.67797852,-92.23486000,-72.76115000
3.67858887,-93.16962000,-71.19653000
3.67919922,-103.38630000,-71.08395000
3.67980957,-99.43913000,-69.45306000
3.68041992,-97.66692000,-68.48943000
3.68103027,-98.81375000,-70.83385000
3.68164063,-96.90858000,-76.95947000
3.68225098,-95.88686000,-74.93022000
3.68286133,-95.58981000,-74.43510000
3.68347168,-93.73311000,-70.49789000
3.68408203,-97.67096000,-71.29052000
3.68469238,-99.44481000,-83.20503000
3.68530273,-91.68639000,-94.17006000
3.68591309,-91.07018000,-89.95540000
3.68652344,-91.43932000,-79.00134000
3.68713379,-94.25195000,-73.64267000
3.68774414,-95.93825000,-70.90600000
3.68835449,-92.52820000,-69.58523000
3.68896484,-90.60119000,-71.18562000
3.68957520,-90.65556000,-77.94498000
3.69018555,-92.46545000,-71.97582000
3.69079590,-95.06020000,-69.91630000
3.69140625,-89.83642000,-74.71866000
3.69201660,-86.31301000,-78.20067000
3.69262695,-89.14281000,-74.72581000
3.69323730,-104.30760000,-77.58067000
3.69384766,-100.18360000,-79.61726000
3.69445801,-94.96403000,-78.30941000
3.69506836,-86.64684000,-75.56842000
3.69567871,-83.84767000,-82.30338000
3.69628906,-86.85641000,-72.63065000
3.69689941,-93.65432000,-70.46410000
3.69750977,-92.87421000,-75.45785000
3.69812012,-95.44775000,-85.17665000
3.69873047,-82.94587000,-93.36137000
3.69934082,-79.50219000,-76.85655000
3.69995117,-81.02702000,-72.05869000
3.70056152,-90.50801000,-73.92270000
3.70117188,-93.87154000,-74.56767000
3.70178223,-89.99874000,-75.03004000
3.70239258,-92.72438000,-73.73137000
3.70300293,-91.46175000,-80.91718000
3.70361328,-87.20142000,-72.02355000
3.70422363,-86.53572000,-68.90733000
3.70483398,-89.28427000,-75.09969000
3.70544434,-89.82156000,-76.23351000
3.70605469,-91.02676000,-76.01985000
3.70666504,-92.04814000,-77.88054000
3.70727539,-88.74867000,-90.49036000
3.70788574,-90.20609000,-78.71606000
3.70849609,-94.78734000,-78.82448000
3.70910645,-94.58372000,-75.27018000
3.70971680,-94.64950000,-71.88997000
3.71032715,-97.87936000,-78.44484000
3.71093750,-96.49330000,-79.70206000
3.71154785,-101.26890000,-86.36097000
3.71215820,-95.36172000,-77.58783000
3.71276855,-90.05242000,-71.17204000
3.71337891,-96.71443000,-73.44814000
3.71398926,-99.89931000,-84.24763000
3.71459961,-95.31231000,-71.86824000
3.71520996,-98.39542000,-69.18359000
3.71582031,-95.82071000,-75.48782000
3.71643066,-88.78304000,-72.38820000
3.71704102,-90.32723000,-69.28999000
3.71765137,-88.16130000,-70.27321000
3.71826172,-84.58344000,-71.03535000
3.71887207,-87.27889000,-72.69130000
3.71948242,-101.07430000,-75.72295000
3.72009277,-90.33644000,-74.56180000
3.72070313,-83.46901000,-79.05038000
3.72131348,-83.45665000,-90.24168000
3.72192383,-89.46129000,-82.64222000
3.72253418,-107.65420000,-71.73935000
3.72314453,-93.66177000,-70.72788000
3.72375488,-83.23055000,-75.33023000
3.72436523,-81.75088000,-72.48019000
3.72497559,-85.47867000,-68.36003000
3.72558594,-87.97588000,-68.57417000
3.72619629,-93.69530000,-68.07874000
3.72680664,-98.98368000,-70.42888000
3.72741699,-95.54608000,-79.58855000
3.72802734,-109.74110000,-83.81249000
3.72863770,-92.39182000,-86.97562000
3.72924805,-91.08219000,-84.89563000
3.72985840,-91.47116000,-71.49715000
3.73046875,-93.98792000,-68.29057000
3.73107910,-91.23975000,-73.02995000
3.73168945,-95.12527000,-77.41631000
3.73229980,-99.45664000,-72.66680000
3.73291016,-88.98342000,-78.56812000
3.73352051,-85.54230000,-77.86115000
3.73413086,-86.06192000,-70.50166000
3.73474121,-90.70832000,-70.22334000
3.73535156,-91.58695000,-76.94854000
3.73596191,-91.12098000,-82.67006000
3.73657227,-89.77219000,-81.43413000
3.73718262,-90.59747000,-72.27675000
3.73779297,-90.30733000,-68.57117000
3.73840332,-95.76199000,-70.16453000
3.73901367,-92.31441000,-68.89275000
3.73962402,-86.71197000,-68.11792000
3.74023438,-89.65047000,-74.99034000
3.74084473,-94.69444000,-89.26985000
3.74145508,-97.52999000,-79.78605000
3.74206543,-108.96050000,-74.68761000
3.74267578,-97.92130000,-70.45335000
3.74328613,-90.18467000,-69.54478000
3.74389648,-86.58463000,-73.26984000
3.74450684,-86.37550000,-75.56087000
3.74511719,-88.65450000,-72.87070000
3.74572754,-88.37276000,-75.14894000
3.74633789,-87.19264000,-88.24693000
3.74694824,-86.92822000,-87.80753000
3.74755859,-89.03492000,-78.56551000
3.74816895,-89.78790000,-74.33942000
3.74877930,-86.47725000,-75.03023000
3.74938965,-79.36267000,-78.09396000
3.75000000,-77.37181000,-75.64611000
3.75061035,-80.73372000,-74.91256000
3.75122070,-88.36464000,-83.34229000
3.75183105,-96.99254000,-82.58857000
3.75244141,-93.64048000,-81.53403000
3.75305176,-91.04560000,-87.02229000
3.75366211,-90.98352000,-81.76407000
3.75427246,-105.09240000,-75.56094000
3.75488281,-89.70638000,-70.23947000
3.75549316,-95.14601000,-74.26930000
3.75610352,-93.36446000,-76.11541000
3.75671387,-88.55910000,-79.36706000
3.75732422,-89.84771000,-74.22276000
3.75793457,-96.01953000,-68.78487000
3.75854492,-100.30070000,-69.72254000
3.75915527,-90.93087000,-76.74013000
3.75976563,-93.46348000,-75.61115000
3.76037598,-91.21902000,-73.51849000
3.76098633,-91.79945000,-85.17519000
3.76159668,-105.41540000,-75.74508000
3.76220703,-100.17810000,-73.93375000
3.76281738,-101.53870000,-77.31271000
3.76342773,-93.96717000,-78.26060000
3.76403809,-87.50001000,-79.67152000
3.76464844,-88.78799000,-75.07562000
3.76525879,-91.35872000,-71.46045000
3.76586914,-90.31808000,-72.23447000
3.76647949,-90.79484000,-76.67745000
3.76708984,-92.47223000,-77.31805000
3.76770020,-97.57450000,-72.34743000
3.76831055,-101.70000000,-70.43803000
3.76892090,-93.55706000,-71.69203000
3.76953125,-95.81049000,-68.96453000
3.77014160,-107.81450000,-67.25564000
3.77075195,-89.87621000,-68.82115000
3.77136230,-86.64053000,-71.98020000
3.77197266,-90.52444000,-72.00879000
3.77258301,-95.52481000,-74.01004000
3.77319336,-83.45473000,-73.33924000
3.77380371,-76.44166000,-68.92397000
3.77441406,-76.46686000,-69.83942000
3.77502441,-83.91898000,-77.30070000
3.77563477,-106.04950000,-84.02874000
3.77624512,-93.64410000,-86.17200000
3.77685547,-95.51324000,-90.04993000
3.77746582,-93.44063000,-81.30251000
3.77807617,-88.91260000,-74.31323000
3.77868652,-88.92799000,-82.35802000
3.77929688,-88.68903000,-81.89126000
3.77990723,-92.89607000,-80.93156000
3.78051758,-101.24500000,-72.49648000
3.78112793,-94.12950000,-70.86154000
3.78173828,-91.94923000,-72.82517000
3.78234863,-91.79521000,-78.81135000
3.78295898,-105.13220000,-72.82081000
3.78356934,-86.69697000,-75.12852000
3.78417969,-82.22489000,-101.96640000
3.78479004,-86.81602000,-77.76739000
3.78540039,-94.58794000,-70.49864000
3.78601074,-90.45865000,-68.78548000
3.78662109,-89.09730000,-67.61098000
3.78723145,-86.36441000,-69.30468000
3.78784180,-87.77731000,-78.31147000
3.78845215,-95.54124000,-71.45740000
3.78906250,-93.53974000,-70.58642000
3.78967285,-90.01204000,-70.09509000
3.79028320,-91.55081000,-68.46132000
3.79089355,-89.84030000,-70.24451000
3.79150391,-87.59535000,-71.72124000
3.79211426,-88.77496000,-75.75927000
3.79272461,-90.13343000,-72.22896000
3.79333496,-101.04760000,-71.64018000
3.79394531,-105.42110000,-71.52544000
3.79455566,-108.05750000,-73.17938000
3.79516602,-103.35700000,-74.85563000
3.79577637,-95.70331000,-73.46086000
3.79638672,-90.92061000,-74.03294000
3.79699707,-91.44066000,-83.90137000
3.79760742,-93.97397000,-90.50632000
3.79821777,-99.06715000,-81.47000000
3.79882813,-86.35201000,-76.14996000
3.79943848,-75.22636000,-71.56570000
3.80004883,-75.01887000,-70.91299000
3.80065918,-85.59022000,-71.05887000
3.80126953,-97.59606000,-77.39226000
3.80187988,-91.05969000,-82.23039000
3.80249023,-96.26024000,-75.41306000
3.80310059,-102.39800000,-79.33808000
3.80371094,-102.71120000,-71.85999000
3.80432129,-108.34770000,-66.75079000
3.80493164,-99.60143000,-67.45999000
3.80554199,-97.55715000,-73.77917000
3.80615234,-89.98406000,-82.70615000
3.80676270,-91.60630000,-71.92499000
3.80737305,-87.71532000,-66.42107000
3.80798340,-88.46552000,-68.93925000
3.80859375,-94.14024000,-86.36841000
3.80920410,-96.44052000,-77.10437000
3.80981445,-103.33820000,-79.69148000
3.81042480,-101.15090000,-89.75964000
3.81103516,-92.81350000,-78.35785000
3.81164551,-87.76719000,-76.05956000
3.81225586,-85.68855000,-74.58754000
3.81286621,-88.07484000,-73.69233000
3.81347656,-102.39250000,-72.38312000
3.81408691,-86.72797000,-69.63419000
3.81469727,-86.43008000,-69.94270000
3.81530762,-88.66544000,-72.09846000
3.81591797,-89.53147000,-75.30885000
3.81652832,-86.27045000,-80.39366000
3.81713867,-86.02568000,-77.63271000
3.81774902,-83.79837000,-73.46183000
3.81835938,-81.98040000,-75.59391000
3.81896973,-83.47751000,-78.14479000
3.81958008,-87.48026000,-76.45509000
3.82019043,-91.52206000,-74.13810000
3.82080078,-90.29256000,-71.50184000
3.82141113,-112.06660000,-72.29115000
3.82202148,-91.50497000,-74.44777000
3.82263184,-88.04679000,-88.94130000
3.82324219,-87.83310000,-71.60137000
3.82385254,-86.16513000,-69.33510000
3.82446289,-86.27343000,-69.46515000
3.82507324,-89.82262000,-73.91532000
3.82568359,-93.80257000,-79.94894000
3.82629395,-90.99541000,-73.95959000
3.82690430,-90.61018000,-74.84303000
3.82751465,-89.74277000,-70.22092000
3.82812500,-92.59414000,-66.64138000
3.82873535,-92.62918000,-71.19879000
3.82934570,-89.10307000,-78.45324000
3.82995605,-91.94107000,-76.78855000
3.83056641,-101.08030000,-75.55595000
3.83117676,-93.43924000,-76.08451000
3.83178711,-87.16262000,-72.94871000
3.83239746,-83.92786000,-73.70925000
3.83300781,-81.31705000,-77.49662000
3.83361816,-82.54182000,-76.63884000
3.83422852,-85.76070000,-75.15250000
3.83483887,-87.15887000,-84.85950000
3.83544922,-89.16348000,-72.36900000
3.83605957,-85.59105000,-68.96216000
3.83666992,-82.21970000,-72.22799000
3.83728027,-83.73793000,-77.74209000
3.83789063,-89.64721000,-70.09187000
3.83850098,-98.32088000,-67.86450000
3.83911133,-100.29760000,-66.95967000
3.83972168,-89.16756000,-66.59627000
3.84033203,-88.09671000,-71.08258000
3.84094238,-90.19897000,-84.56691000
3.84155273,-88.49477000,-81.12860000
3.84216309,-91.68394000,-81.05666000
3.84277344,-95.70905000,-86.41093000
3.84338379,-84.33650000,-76.25218000
3.84399414,-79.17891000,-74.16297000
3.84460449,-83.19363000,-72.04332000
3.84521484,-91.32216000,-68.66151000
3.84582520,-94.15364000,-71.90714000
3.84643555,-94.20197000,-72.53205000
3.84704590,-94.86187000,-73.07079000
3.84765625,-97.63649000,-78.55981000
3.84826660,-92.52126000,-80.44893000
3.84887695,-87.79064000,-75.40887000
3.84948730,-84.34867000,-69.93726000
3.85009766,-84.47181000,-71.55747000
3.85070801,-84.61159000,-82.27048000
3.85131836,-83.46111000,-74.37379000
3.85192871,-85.59905000,-69.18826000
3.85253906,-89.37692000,-70.39519000
3.85314941,-88.46278000,-73.76643000
3.85375977,-88.04948000,-78.46131000
3.85437012,-92.78068000,-82.91640000
3.85498047,-95.18008000,-81.69997000
3.85559082,-96.31686000,-76.78996000
3.85620117,-91.32671000,-72.19418000
3.85681152,-93.84737000,-69.41110000
3.85742188,-90.35004000,-68.20132000
3.85803223,-90.88971000,-72.49493000
3.85864258,-90.45412000,-72.58253000
3.85925293,-88.84499000,-74.25456000
3.85986328,-95.36697000,-82.76250000
3.86047363,-98.81535000,-75.89642000
3.86108398,-99.41521000,-73.73994000
3.86169434,-90.91138000,-77.05844000
3.86230469,-92.89212000,-79.39151000
3.86291504,-90.87254000,-70.84881000
3.86352539,-90.25280000,-68.97939000
3.86413574,-91.44299000,-68.69193000
3.86474609,-95.67786000,-69.25594000
3.86535645,-94.17251000,-73.29086000
3.86596680,-92.99767000,-89.31736000
3.86657715,-98.67708000,-76.10400000
3.86718750,-91.68172000,-74.88484000
3.86779785,-89.38297000,-76.63987000
3.86840820,-92.46935000,-78.37649000
3.86901855,-97.25397000,-80.30527000
3.86962891,-93.91038000,-72.29063000
3.87023926,-90.35641000,-66.83486000
3.87084961,-89.99416000,-67.22212000
3.87145996,-97.60861000,-72.25081000
3.87207031,-106.32110000,-73.20287000
3.87268066,-92.27470000,-74.61262000
3.87329102,-75.72990000,-74.51122000
3.87390137,-69.06011000,-67.84081000
3.87451172,-71.28022000,-73.35262000
3.87512207,-82.15435000,-74.90018000
3.87573242,-92.35261000,-68.04614000
3.87634277,-92.27779000,-71.91278000
3.87695313,-94.35619000,-72.41140000
3.87756348,-95.95773000,-68.66956000
3.87817383,-108.13130000,-72.50794000
3.87878418,-92.05191000,-79.29974000
3.87939453,-89.97282000,-77.62484000
3.88000488,-91.70753000,-75.39201000
3.88061523,-95.89744000,-79.43027000
3.88122559,-100.57970000,-70.53569000
3.88183594,-95.09449000,-69.55327000
3.88244629,-93.60870000,-69.93430000
3.88305664,-91.79829000,-71.24079000
3.88366699,-91.27610000,-78.04079000
3.88427734,-105.53600000,-96.70438000
3.88488770,-88.86226000,-83.57354000
3.88549805,-83.70332000,-76.53631000
3.88610840,-84.88914000,-76.51781000
3.88671875,-86.97287000,-73.47987000
3.88732910,-85.77783000,-71.30218000
3.88793945,-88.80530000,-75.65552000
3.88854980,-94.36082000,-82.87022000
3.88916016,-96.51868000,-82.33754000
3.88977051,-88.18139000,-75.88047000
3.89038086,-90.27452000,-72.08705000
3.89099121,-100.76520000,-77.91907000
3.89160156,-92.58704000,-80.87460000
3.89221191,-91.05576000,-74.55843000
3.89282227,-109.81320000,-71.94423000
3.89343262,-89.62990000,-71.36773000
3.89404297,-84.83977000,-72.34145000
3.89465332,-87.85216000,-71.68105000
3.89526367,-96.40190000,-71.12029000
3.89587402,-89.32755000,-77.09963000
3.89648438,-90.36006000,-90.90148000
3.89709473,-90.57727000,-79.06198000
3.89770508,-87.94486000,-81.62410000
3.89831543,-83.57873000,-74.59082000
3.89892578,-78.84494000,-74.45116000
3.89953613,-77.25011000,-73.92926000
3.90014648,-81.64382000,-76.58987000
3.90075684,-94.65678000,-79.65933000
3.90136719,-95.88239000,-80.43747000
3.90197754,-90.96886000,-71.12888000
3.90258789,-89.76043000,-68.90286000
3.90319824,-86.51280000,-69.34536000
3.90380859,-77.66443000,-75.49167000
3.90441895,-78.73432000,-84.06323000
3.90502930,-85.53197000,-72.44004000
3.90563965,-87.22702000,-70.41640000
3.90625000,-91.42532000,-72.58926000
3.90686035,-106.14830000,-70.62835000
3.90747070,-97.68486000,-71.17970000
3.90808105,-89.09209000,-86.64252000
3.90869141,-89.24083000,-68.79927000
3.90930176,-106.54590000,-67.95217000
3.90991211,-89.85619000,-73.66825000
3.91052246,-86.80508000,-75.64345000
3.91113281,-89.57640000,-70.82736000
3.91174316,-95.54861000,-69.16697000
3.91235352,-89.94496000,-73.99154000
3.91296387,-90.55440000,-74.00626000
3.91357422,-85.69405000,-71.03172000
3.91418457,-82.85941000,-73.89977000
3.91479492,-89.90073000,-85.59908000
3.91540527,-88.19887000,-87.64342000
3.91601563,-86.01135000,-76.19312000
3.91662598,-85.80580000,-73.97824000
3.91723633,-89.82346000,-75.04099000
3.91784668,-80.24171000,-74.32109000
3.91845703,-76.65409000,-71.44601000
3.91906738,-81.33809000,-73.16360000
3.91967773,-91.92943000,-73.53232000
3.92028809,-82.64302000,-73.18802000
3.92089844,-90.81622000,-74.26874000
3.92150879,-94.63434000,-70.62562000
3.92211914,-89.64974000,-71.47001000
3.92272949,-89.26593000,-77.66033000
3.92333984,-87.59755000,-70.64536000
3.92395020,-82.78239000,-70.19217000
3.92456055,-84.22187000,-75.38641000
3.92517090,-87.98618000,-85.82977000
3.92578125,-92.29412000,-81.20246000
3.92639160,-91.67987000,-75.04838000
3.92700195,-90.17014000,-73.21590000
3.92761230,-88.82180000,-72.25676000
3.92822266,-90.06599000,-78.09931000
3.92883301,-88.97915000,-82.66106000
3.92944336,-89.30138000,-75.44675000
3.93005371,-98.03452000,-74.55901000
3.93066406,-84.61445000,-85.34069000
3.93127441,-84.74010000,-78.72173000
3.93188477,-86.75818000,-72.17986000
3.93249512,-87.64940000,-68.32616000
3.93310547,-82.42728000,-66.51709000
3.93371582,-74.60176000,-68.45708000
3.93432617,-73.71980000,-75.66261000
3.93493652,-81.62553000,-76.43226000
3.93554688,-88.93825000,-73.62931000
3.93615723,-86.49129000,-76.43689000
3.93676758,-82.23496000,-76.95097000
3.93737793,-82.98346000,-76.37955000
3.93798828,-83.97145000,-77.43185000
3.93859863,-90.34325000,-81.54752000
3.93920898,-102.92010000,-78.56101000
3.93981934,-95.90168000,-74.64675000
3.94042969,-99.66051000,-73.42728000
3.94104004,-94.20174000,-73.47831000
3.94165039,-88.33144000,-80.29372000
3.94226074,-96.51973000,-76.22357000
3.94287109,-96.29977000,-74.46959000
3.94348145,-99.26231000,-72.01590000
3.94409180,-93.11969000,-70.35600000
3.94470215,-98.76961000,-74.39246000
3.94531250,-91.02660000,-79.32784000
3.94592285,-95.68558000,-82.90309000
3.94653320,-89.49909000,-76.69548000
3.94714355,-89.61473000,-75.96082000
3.94775391,-93.90836000,-81.16641000
3.94836426,-89.13037000,-72.09082000
3.94897461,-80.65273000,-75.15537000
3.94958496,-76.36204000,-74.85021000
3.95019531,-79.07757000,-70.24059000
3.95080566,-89.90634000,-70.51812000
3.95141602,-98.04981000,-74.47243000
3.95202637,-95.28630000,-74.79843000
3.95263672,-93.42747000,-75.28015000
3.95324707,-87.67018000,-87.58923000
3.95385742,-84.62249000,-84.22556000
3.95446777,-89.55242000,-88.34465000
3.95507813,-101.00440000,-74.87819000
3.95568848,-94.44985000,-87.96542000
3.95629883,-92.71217000,-74.66702000
3.95690918,-92.16985000,-75.18146000
3.95751953,-97.76883000,-90.54037000
3.95812988,-96.24487000,-78.86089000
3.95874023,-93.07949000,-79.50726000
3.95935059,-92.04185000,-73.28025000
3.95996094,-88.90186000,-74.37358000
3.96057129,-88.24010000,-95.03589000
3.96118164,-87.33510000,-83.15194000
3.96179199,-89.39980000,-79.67978000
3.96240234,-91.72380000,-74.03291000
3.96301270,-93.99422000,-78.27072000
3.96362305,-78.27902000,-65.79076000
3.96423340,-77.05411000,-64.01399000
3.96484375,-84.18041000,-67.82652000
3.96545410,-85.67249000,-78.15162000
3.96606445,-87.46622000,-73.72727000
3.96667480,-90.63732000,-69.43310000
3.96728516,-88.85287000,-73.78270000
3.96789551,-88.61444000,-72.33572000
3.96850586,-87.60769000,-70.47427000
3.96911621,-91.85619000,-69.33494000
3.96972656,-95.29338000,-71.44940000
3.97033691,-100.62000000,-71.77573000
3.97094727,-98.72639000,-71.63695000
3.97155762,-97.54120000,-69.22177000
3.97216797,-93.92073000,-68.41078000
3.97277832,-90.94026000,-71.26520000
3.97338867,-87.65150000,-72.33748000
3.97399902,-84.97652000,-72.95461000
3.97460938,-89.25552000,-78.73800000
3.97521973,-89.15181000,-76.00237000
3.97583008,-88.34973000,-73.48027000
3.97644043,-94.24434000,-73.69872000
3.97705078,-94.17816000,-78.57956000
3.97766113,-100.97170000,-79.27273000
3.97827148,-92.48875000,-73.92024000
3.97888184,-91.85322000,-72.99277000
3.97949219,-94.14619000,-69.98224000
3.98010254,-98.32187000,-67.79562000
3.98071289,-91.90488000,-70.03448000
3.98132324,-85.88581000,-80.36759000
3.98193359,-89.47952000,-76.06657000
3.98254395,-93.72063000,-70.91865000
3.98315430,-96.15770000,-69.39470000
3.98376465,-88.40215000,-73.66338000
3.98437500,-90.77158000,-88.31901000
3.98498535,-99.75916000,-90.18917000
3.98559570,-88.59959000,-78.22354000
3.98620605,-85.12866000,-79.15575000
3.98681641,-86.80228000,-89.67461000
3.98742676,-89.98178000,-81.41492000
3.98803711,-88.76059000,-71.94138000
3.98864746,-85.58026000,-67.28118000
3.98925781,-85.57106000,-67.01972000
3.98986816,-90.57198000,-74.35189000
3.99047852,-91.44874000,-76.73069000
3.99108887,-90.20958000,-69.30716000
3.99169922,-93.84100000,-73.04638000
3.99230957,-96.60976000,-88.67013000
3.99291992,-84.81181000,-78.51737000
3.99353027,-74.19883000,-70.52947000
3.99414063,-73.40022000,-73.40649000
3.99475098,-82.67978000,-89.26483000
3.99536133,-95.23650000,-75.90082000
3.99597168,-96.05022000,-75.88721000
3.99658203,-104.58110000,-81.40257000
3.99719238,-96.41956000,-86.65894000
3.99780273,-85.54265000,-75.38496000
3.99841309,-77.28041000,-75.45679000
3.99902344,-81.03978000,-81.15779000
3.99963379,-83.13643000,-68.76261000
4.00024414,-83.42568000,-68.15540000
4.00085449,-95.76118000,-71.25294000
4.00146484,-94.43909000,-73.56645000
4.00207520,-98.37617000,-75.40473000
4.00268555,-94.80577000,-75.36630000
4.00329590,-91.83302000,-74.79590000
4.00390625,-88.28590000,-82.87260000
4.00451660,-92.56790000,-78.26866000
4.00512695,-104.22440000,-73.76799000
4.00573730,-104.97160000,-75.01054000
4.00634766,-99.79224000,-71.28608000
4.00695801,-88.75019000,-69.37735000
4.00756836,-87.63909000,-70.08530000
4.00817871,-97.37755000,-71.03084000
4.00878906,-97.60722000,-72.22826000
4.00939941,-94.73129000,-73.26052000
4.01000977,-94.79882000,-76.14616000
4.01062012,-93.97749000,-72.32310000
4.01123047,-97.93575000,-73.33961000
4.01184082,-86.07773000,-75.25270000
4.01245117,-84.82127000,-74.58304000
4.01306152,-86.97829000,-70.40337000
4.01367188,-86.75584000,-69.47507000
4.01428223,-88.82265000,-79.76693000
4.01489258,-96.20432000,-88.20079000
4.01550293,-90.06648000,-83.64175000
4.01611328,-82.45364000,-78.60810000
4.01672363,-83.77132000,-74.42773000
4.01733398,-83.17071000,-74.06810000
4.01794434,-77.51942000,-73.22055000
4.01855469,-77.19341000,-74.94233000
4.01916504,-82.94855000,-82.13128000
4.01977539,-96.15662000,-76.29956000
4.02038574,-83.70508000,-75.63537000
4.02099609,-88.14661000,-78.25710000
4.02160645,-104.10130000,-79.86575000
4.02221680,-93.19733000,-89.62920000
4.02282715,-96.99786000,-82.22993000
4.02343750,-84.26993000,-75.34023000
4.02404785,-79.41404000,-70.33335000
4.02465820,-85.86714000,-69.94235000
4.02526855,-102.62970000,-76.62046000
4.02587891,-93.21648000,-75.56497000
4.02648926,-86.95751000,-72.88118000
4.02709961,-89.45300000,-68.75562000
4.02770996,-106.97680000,-68.77811000
4.02832031,-90.53300000,-73.03841000
4.02893066,-90.67123000,-76.79854000
4.02954102,-93.49631000,-74.74454000
4.03015137,-97.91508000,-71.71205000
4.03076172,-101.08250000,-75.90903000
4.03137207,-89.70706000,-76.20784000
4.03198242,-86.83409000,-74.88028000
4.03259277,-91.24027000,-81.90231000
4.03320313,-111.33460000,-82.62612000
4.03381348,-93.95177000,-72.60683000
4.03442383,-93.27380000,-71.87105000
4.03503418,-88.10414000,-81.86160000
4.03564453,-90.80243000,-77.88162000
4.03625488,-96.21299000,-81.38910000
4.03686523,-99.84453000,-76.59492000
4.03747559,-110.75000000,-74.24630000
4.03808594,-93.08440000,-73.36363000
4.03869629,-100.12930000,-74.20602000
4.03930664,-94.69394000,-76.39069000
4.03991699,-101.18000000,-74.35481000
4.04052734,-101.58740000,-78.66868000
4.04113770,-103.69460000,-77.23273000
4.04174805,-97.38850000,-74.90941000
4.04235840,-93.37187000,-77.91137000
4.04296875,-98.28821000,-77.08123000
4.04357910,-91.84653000,-87.42502000
4.04418945,-90.91469000,-71.99198000
4.04479980,-95.49928000,-71.12999000
4.04541016,-94.29420000,-70.93840000
4.04602051,-94.75564000,-72.69281000
4.04663086,-105.16010000,-76.09945000
4.04724121,-101.79180000,-73.62998000
4.04785156,-103.73420000,-73.95853000
4.04846191,-90.21765000,-78.59799000
4.04907227,-81.67380000,-67.79998000
4.04968262,-77.87813000,-66.00523000
4.05029297,-81.19962000,-68.25033000
4.05090332,-90.32214000,-70.48164000
4.05151367,-102.89740000,-73.22822000
4.05212402,-96.59359000,-73.25987000
4.05273438,-86.77336000,-74.49264000
4.05334473,-75.07217000,-74.98901000
4.05395508,-71.14217000,-68.54478000
4.05456543,-75.82915000,-68.88311000
4.05517578,-89.89413000,-72.72898000
4.05578613,-110.38820000,-71.92662000
4.05639648,-100.60760000,-73.18468000
4.05700684,-93.95316000,-86.88150000
4.05761719,-89.59538000,-86.40617000
4.05822754,-102.42990000,-84.85520000
4.05883789,-90.11926000,-79.80122000
4.05944824,-91.95565000,-76.80802000
4.06005859,-103.55080000,-71.88901000
4.06066895,-112.33520000,-70.00401000
4.06127930,-94.78028000,-70.44318000
4.06188965,-96.97459000,-75.79124000
4.06250000,-93.29805000,-92.28639000
4.06311035,-95.20314000,-91.89515000
4.06372070,-100.96310000,-77.44318000
4.06433105,-91.35942000,-79.71562000
4.06494141,-90.39526000,-76.90869000
4.06555176,-89.74852000,-76.52084000
4.06616211,-100.31970000,-76.63373000
4.06677246,-92.66805000,-70.85324000
4.06738281,-96.60432000,-69.90025000
4.06799316,-97.56525000,-72.62472000
4.06860352,-104.37440000,-90.04700000
4.06921387,-90.84698000,-75.77161000
4.06982422,-89.69234000,-72.57760000
4.07043457,-94.30991000,-71.67255000
4.07104492,-99.72151000,-78.48276000
4.07165527,-112.77270000,-84.64838000
4.07226563,-101.72990000,-83.46139000
4.07287598,-89.64513000,-74.91783000
4.07348633,-82.07071000,-72.37458000
4.07409668,-80.03577000,-73.85512000
4.07470703,-85.59961000,-74.82656000
4.07531738,-94.95568000,-71.76571000
4.07592773,-93.70210000,-76.83020000
4.07653809,-97.76622000,-75.33113000
4.07714844,-89.13631000,-70.71844000
4.07775879,-97.21641000,-71.79488000
4.07836914,-89.49451000,-72.48196000
4.07897949,-89.80222000,-76.98551000
4.07958984,-101.30390000,-91.81664000
4.08020020,-100.37120000,-87.72443000
4.08081055,-94.29155000,-90.45416000
4.08142090,-91.80112000,-78.71858000
4.08203125,-89.30541000,-79.02418000
4.08264160,-88.24241000,-74.95235000
4.08325195,-82.90869000,-71.29996000
4.08386230,-77.78659000,-71.75742000
4.08447266,-82.59187000,-72.99269000
4.08508301,-94.60619000,-74.24246000
4.08569336,-90.54367000,-74.44165000
4.08630371,-94.83278000,-76.74807000
4.08691406,-100.63270000,-85.46886000
4.08752441,-91.40985000,-86.56284000
4.08813477,-90.28160000,-73.91171000
4.08874512,-94.06285000,-69.17579000
4.08935547,-92.60898000,-71.69447000
4.08996582,-97.39579000,-79.22839000
4.09057617,-98.15541000,-81.60484000
4.09118652,-94.33987000,-77.15409000
4.09179688,-93.02121000,-73.54192000
4.09240723,-99.60388000,-70.51547000
4.09301758,-99.88966000,-70.88933000
4.09362793,-92.60364000,-74.93394000
4.09423828,-92.11005000,-80.01553000
4.09484863,-96.95865000,-72.43942000
4.09545898,-99.11449000,-72.37431000
4.09606934,-94.41673000,-73.28012000
4.09667969,-89.12833000,-75.02637000
4.09729004,-93.61115000,-77.95414000
4.09790039,-96.78767000,-81.62598000
4.09851074,-107.12210000,-78.91890000
4.09912109,-77.94981000,-76.68745000
4.09973145,-72.22948000,-70.53812000
4.10034180,-77.39713000,-73.49609000
4.10095215,-100.74540000,-83.62552000
4.10156250,-88.82168000,-80.45882000
4.10217285,-90.63869000,-90.67489000
4.10278320,-99.58116000,-76.77939000
4.10339355,-92.38513000,-77.13654000
4.10400391,-93.18996000,-70.94733000
4.10461426,-89.10600000,-71.23580000
4.10522461,-89.45458000,-78.42184000
4.10583496,-90.76932000,-79.65221000
4.10644531,-88.54533000,-72.86275000
4.10705566,-91.90772000,-74.12759000
4.10766602,-91.45583000,-70.91604000
4.10827637,-85.35965000,-68.35961000
4.10888672,-88.03084000,-71.62227000
4.10949707,-93.03854000,-74.09262000
4.11010742,-97.40215000,-72.49858000
4.11071777,-92.32078000,-70.60971000
4.11132813,-88.55681000,-72.11387000
4.11193848,-91.98160000,-78.79374000
4.11254883,-91.17046000,-76.42867000
4.11315918,-75.98944000,-70.03708000
4.11376953,-69.56093000,-67.94495000
4.11437988,-71.82160000,-70.50626000
4.11499023,-83.87048000,-73.55063000
4.11560059,-94.37893000,-71.26485000
4.11621094,-92.44255000,-74.49686000
4.11682129,-88.20668000,-73.11438000
4.11743164,-95.64388000,-69.79693000
4.11804199,-91.13034000,-74.79997000
4.11865234,-87.40588000,-74.24434000
4.11926270,-88.82095000,-70.54349000
4.11987305,-93.21624000,-75.29083000
4.12048340,-91.32852000,-77.73206000
4.12109375,-90.45231000,-74.80252000
4.12170410,-90.25140000,-77.39315000
4.12231445,-97.12080000,-81.74861000
4.12292480,-96.34476000,-91.64331000
4.12353516,-91.62831000,-75.72917000
4.12414551,-89.97208000,-76.08815000
4.12475586,-89.92179000,-76.30112000
4.12536621,-93.72219000,-73.43902000
4.12597656,-102.35790000,-78.23911000
4.12658691,-94.15521000,-80.52425000
4.12719727,-96.21172000,-74.02071000
4.12780762,-102.99830000,-75.30509000
4.12841797,-95.96255000,-72.08012000
4.12902832,-99.09235000,-76.27997000
4.12963867,-93.38520000,-83.30823000
4.13024902,-88.22325000,-70.85210000
4.13085938,-86.22525000,-75.08179000
4.13146973,-92.99043000,-80.76363000
4.13208008,-100.18660000,-79.53919000
4.13269043,-99.17395000,-78.55370000
4.13330078,-93.99773000,-76.32331000
4.13391113,-88.05380000,-80.15281000
4.13452148,-89.38324000,-72.62460000
4.13513184,-95.41683000,-80.14420000
4.13574219,-98.39470000,-77.36024000
4.13635254,-92.66786000,-78.90802000
4.13696289,-95.47849000,-76.01361000
4.13757324,-100.28880000,-74.94054000
4.13818359,-89.50327000,-74.70216000
4.13879395,-90.69337000,-71.24857000
4.13940430,-111.33310000,-70.10253000
4.14001465,-98.41722000,-76.12225000
4.14062500,-105.10180000,-94.28511000
4.14123535,-92.37640000,-83.05721000
4.14184570,-96.11894000,-76.66969000
4.14245605,-99.51728000,-69.72929000
4.14306641,-87.55066000,-69.03360000
4.14367676,-80.72746000,-73.68275000
4.14428711,-81.67767000,-75.19204000
4.14489746,-88.33420000,-72.88255000
4.14550781,-89.84448000,-74.79302000
4.14611816,-90.10298000,-76.38238000
4.14672852,-91.70641000,-73.90366000
4.14733887,-94.67911000,-72.32069000
4.14794922,-99.67993000,-73.83055000
4.14855957,-87.80431000,-77.80981000
4.14916992,-78.86411000,-72.41737000
4.14978027,-76.71878000,-73.70729000
4.15039063,-81.40657000,-75.25069000
4.15100098,-88.61449000,-71.17126000
4.15161133,-91.52886000,-69.78721000
4.15222168,-97.63428000,-68.49627000
4.15283203,-102.72720000,-74.02663000
4.15344238,-97.06566000,-74.89435000
4.15405273,-98.39394000,-69.92356000
4.15466309,-106.41340000,-89.36227000
4.15527344,-98.62361000,-75.18419000
4.15588379,-104.19730000,-82.92387000
4.15649414,-93.97545000,-69.97720000
4.15710449,-90.75081000,-73.05016000
4.15771484,-100.55730000,-72.63108000
4.15832520,-95.27296000,-69.96964000
4.15893555,-97.19685000,-76.85606000
4.15954590,-98.34589000,-81.59497000
4.16015625,-101.21830000,-77.70911000
4.16076660,-113.84800000,-88.93494000
4.16137695,-92.97385000,-102.27660000
4.16198730,-93.13663000,-79.61396000
4.16259766,-93.57610000,-73.60390000
4.16320801,-94.72964000,-72.15166000
4.16381836,-98.10228000,-75.13021000
4.16442871,-90.76440000,-73.27135000
4.16503906,-84.99942000,-70.61372000
4.16564941,-78.57810000,-74.24127000
4.16625977,-79.84932000,-80.12044000
4.16687012,-86.46583000,-75.93041000
4.16748047,-92.22878000,-73.40684000
4.16809082,-94.91662000,-74.76608000
4.16870117,-95.02904000,-74.39174000
4.16931152,-96.16219000,-77.11858000
4.16992188,-90.56710000,-77.90635000
4.17053223,-86.85882000,-80.29053000
4.17114258,-88.31569000,-75.78432000
4.17175293,-93.27591000,-73.12630000
4.17236328,-92.25544000,-71.32989000
4.17297363,-83.84896000,-73.75573000
4.17358398,-73.26749000,-79.14891000
4.17419434,-73.39900000,-74.61616000
4.17480469,-82.29904000,-74.89915000
4.17541504,-89.95807000,-77.58444000
4.17602539,-104.33130000,-71.27730000
4.17663574,-89.42566000,-73.56908000
4.17724609,-94.29105000,-77.36987000
4.17785645,-87.88026000,-80.22322000
4.17846680,-79.58279000,-80.21280000
4.17907715,-77.92090000,-76.31875000
4.17968750,-78.87505000,-79.34609000
4.18029785,-82.59614000,-75.89799000
4.18090820,-87.80870000,-81.96442000
4.18151855,-86.94110000,-75.26787000
4.18212891,-89.57973000,-67.84715000
4.18273926,-91.28004000,-67.16473000
4.18334961,-98.86284000,-71.73699000
4.18395996,-106.05450000,-75.40351000
4.18457031,-96.62475000,-69.18647000
4.18518066,-84.75641000,-70.05458000
4.18579102,-79.97291000,-72.37071000
4.18640137,-84.53709000,-74.16763000
4.18701172,-89.09175000,-79.60105000
4.18762207,-90.29520000,-79.90507000
4.18823242,-98.12424000,-78.67614000
4.18884277,-88.56773000,-71.71275000
4.18945313,-82.00784000,-73.25286000
4.19006348,-82.29539000,-77.28233000
4.19067383,-87.07761000,-73.21351000
4.19128418,-99.46923000,-75.03428000
4.19189453,-93.00462000,-86.05132000
4.19250488,-88.36063000,-84.71101000
4.19311523,-88.77160000,-80.20393000
4.19372559,-89.42628000,-72.78391000
4.19433594,-94.99389000,-73.06702000
4.19494629,-110.42120000,-77.70445000
4.19555664,-103.56930000,-75.00404000
4.19616699,-98.81892000,-74.20047000
4.19677734,-94.52010000,-75.91148000
4.19738770,-91.17830000,-77.67081000
4.19799805,-85.70198000,-80.65907000
4.19860840,-81.61275000,-71.20309000
4.19921875,-77.55238000,-73.95768000
4.19982910,-76.92973000,-89.03011000
4.20043945,-83.30451000,-83.07626000
4.20104980,-87.20541000,-84.71933000
4.20166016,-87.80353000,-76.11266000
4.20227051,-94.36494000,-79.56847000
4.20288086,-87.28300000,-88.42017000
4.20349121,-82.05315000,-82.19704000
4.20410156,-83.06985000,-75.79800000
4.20471191,-100.08410000,-71.09530000
4.20532227,-93.76198000,-73.76100000
4.20593262,-95.73846000,-71.94286000
4.20654297,-92.50253000,-72.46143000
4.20715332,-98.27428000,-81.07629000
4.20776367,-96.67975000,-80.59871000
4.20837402,-107.81860000,-79.83359000
4.20898438,-95.65013000,-79.43912000
4.20959473,-91.31181000,-75.11655000
4.21020508,-87.19494000,-81.10178000
4.21081543,-90.00365000,-78.66189000
4.21142578,-88.07153000,-75.27940000
4.21203613,-86.70127000,-71.18230000
4.21264648,-88.81432000,-75.05067000
4.21325684,-87.39923000,-90.00262000
4.21386719,-86.03606000,-74.34306000
4.21447754,-87.72713000,-70.86995000
4.21508789,-90.84594000,-74.11885000
4.21569824,-92.99416000,-76.90996000
4.21630859,-95.83061000,-72.86794000
4.21691895,-97.93964000,-73.38593000
4.21752930,-96.10063000,-75.96088000
4.21813965,-100.81830000,-85.27396000
4.21875000,-95.71056000,-76.01156000
4.21936035,-97.16454000,-72.13403000
4.21997070,-89.18253000,-76.71113000
4.22058105,-92.86851000,-72.06234000
4.22119141,-91.07207000,-71.34668000
4.22180176,-88.42098000,-74.54176000
4.22241211,-94.18649000,-79.08200000
4.22302246,-93.08425000,-77.53781000
4.22363281,-88.64603000,-81.97244000
4.22424316,-102.48720000,-73.31597000
4.22485352,-89.10958000,-77.93229000
4.22546387,-86.02378000,-74.46706000
4.22607422,-87.55234000,-72.27597000
4.22668457,-92.80900000,-71.94489000
4.22729492,-103.31590000,-68.73780000
4.22790527,-97.28795000,-66.36657000
4.22851563,-109.05250000,-71.81747000
4.22912598,-96.97334000,-73.01027000
4.22973633,-91.70589000,-68.63229000
4.23034668,-95.60722000,-73.03766000
4.23095703,-96.17088000,-75.52959000
4.23156738,-92.06744000,-87.62219000
4.23217773,-91.17062000,-72.99646000
4.23278809,-82.39673000,-68.95189000
4.23339844,-71.04692000,-64.55608000
4.23400879,-68.28268000,-62.21005000
4.23461914,-74.32206000,-65.39872000
4.23522949,-88.66367000,-71.26362000
4.23583984,-90.52844000,-69.41782000
4.23645020,-85.64960000,-73.92403000
4.23706055,-83.93518000,-78.28958000
4.23767090,-85.81746000,-89.24160000
4.23828125,-91.84731000,-80.86362000
4.23889160,-96.36719000,-79.47498000
4.23950195,-95.60149000,-74.86163000
4.24011230,-101.63730000,-70.86781000
4.24072266,-96.13036000,-74.82927000
4.24133301,-94.49947000,-81.63333000
4.24194336,-100.00440000,-79.68758000
4.24255371,-98.94833000,-85.10654000
4.24316406,-93.09361000,-78.95560000
4.24377441,-91.28857000,-72.56816000
4.24438477,-95.10766000,-72.44621000
4.24499512,-97.55828000,-78.38812000
4.24560547,-99.11023000,-83.88096000
4.24621582,-96.61569000,-79.85385000
4.24682617,-97.27293000,-79.40548000
4.24743652,-93.38568000,-79.85791000
4.24804688,-90.95547000,-76.29482000
4.24865723,-78.46885000,-68.84866000
4.24926758,-67.74373000,-61.92674000
4.24987793,-66.11396000,-60.41927000
4.25048828,-73.39368000,-67.86697000
4.25109863,-96.25493000,-78.00793000
4.25170898,-92.80196000,-71.07205000
4.25231934,-88.91414000,-72.44613000
4.25292969,-93.34189000,-78.89959000
4.25354004,-93.95689000,-83.17989000
4.25415039,-90.89247000,-72.44163000
4.25476074,-102.62170000,-69.47142000
4.25537109,-91.79968000,-72.86711000
4.25598145,-92.79688000,-78.27934000
4.25659180,-99.28268000,-71.73341000
4.25720215,-103.58700000,-71.98010000
4.25781250,-108.69640000,-77.00118000
4.25842285,-98.29286000,-79.91319000
4.25903320,-88.95633000,-72.23350000
4.25964355,-89.12755000,-70.35696000
4.26025391,-93.35817000,-72.03752000
4.26086426,-101.26110000,-76.22523000
4.26147461,-92.20069000,-79.27062000
4.26208496,-86.17855000,-103.25800000
4.26269531,-91.63133000,-80.34966000
4.26330566,-85.00800000,-77.76471000
4.26391602,-80.15094000,-73.54982000
4.26452637,-88.42532000,-70.93456000
4.26513672,-88.23206000,-70.24818000
4.26574707,-83.15378000,-72.90065000
4.26635742,-85.16670000,-92.50288000
4.26696777,-94.13367000,-79.32387000
4.26757813,-96.01655000,-74.04742000
4.26818848,-98.68204000,-70.46794000
4.26879883,-100.75770000,-72.50938000
4.26940918,-100.22220000,-77.77000000
4.27001953,-100.36270000,-74.14735000
4.27062988,-100.26310000,-74.32466000
4.27124023,-94.63075000,-84.32473000
4.27185059,-92.46274000,-77.51556000
4.27246094,-92.51838000,-74.49114000
4.27307129,-91.87367000,-75.53703000
4.27368164,-85.46135000,-82.52579000
4.27429199,-86.42897000,-78.63690000
4.27490234,-97.57619000,-72.03210000
4.27551270,-85.69708000,-71.79140000
4.27612305,-86.65702000,-75.14283000
4.27673340,-93.38348000,-78.90874000
4.27734375,-92.52496000,-79.02529000
4.27795410,-90.68856000,-78.97965000
4.27856445,-85.38850000,-75.95292000
4.27917480,-81.84554000,-73.91272000
4.27978516,-82.29758000,-79.16882000
4.28039551,-87.19170000,-79.28232000
4.28100586,-91.35851000,-71.89584000
4.28161621,-89.13308000,-70.39163000
4.28222656,-91.26091000,-69.04853000
4.28283691,-94.35090000,-66.10583000
4.28344727,-90.90137000,-70.60862000
4.28405762,-90.47630000,-82.42786000
4.28466797,-92.79070000,-74.85831000
4.28527832,-87.78739000,-70.36102000
4.28588867,-84.98985000,-71.43945000
4.28649902,-85.80656000,-76.17712000
4.28710938,-87.79236000,-91.39866000
4.28771973,-89.73014000,-82.09581000
4.28833008,-97.91171000,-77.17302000
4.28894043,-91.12682000,-77.21656000
4.28955078,-93.14526000,-70.87757000
4.29016113,-95.96602000,-71.07637000
4.29077148,-102.16320000,-75.26748000
4.29138184,-96.83279000,-75.88134000
4.29199219,-98.15379000,-76.38985000
4.29260254,-88.34630000,-92.14839000
4.29321289,-72.20045000,-73.12899000
4.29382324,-66.99078000,-68.04018000
4.29443359,-70.85229000,-71.09229000
4.29504395,-84.82399000,-78.77226000
4.29565430,-90.45049000,-74.58563000
4.29626465,-86.37114000,-75.68404000
4.29687500,-87.91461000,-77.17379000
4.29748535,-93.53018000,-75.81063000
4.29809570,-90.83086000,-75.83827000
4.29870605,-83.66955000,-72.93186000
4.29931641,-80.91631000,-70.98016000
4.29992676,-81.03429000,-72.02596000
4.30053711,-86.30382000,-82.04192000
4.30114746,-90.74878000,-77.23093000
4.30175781,-98.73226000,-76.65321000
4.30236816,-89.85236000,-86.00120000
4.30297852,-90.45062000,-75.82057000
4.30358887,-93.74384000,-73.93367000
4.30419922,-95.92444000,-80.51367000
4.30480957,-95.90538000,-77.60808000
4.30541992,-90.17709000,-78.01285000
4.30603027,-89.77643000,-81.01730000
4.30664063,-96.22603000,-80.61225000
4.30725098,-93.26196000,-77.57909000
4.30786133,-94.58162000,-82.38458000
4.30847168,-104.49580000,-89.70824000
4.30908203,-95.78296000,-81.73364000
4.30969238,-95.47595000,-76.14007000
4.31030273,-92.55560000,-77.58745000
4.31091309,-88.25471000,-87.80953000
4.31152344,-88.17588000,-75.46152000
4.31213379,-92.91559000,-70.14706000
4.31274414,-108.69130000,-70.63897000
4.31335449,-88.04652000,-74.85088000
4.31396484,-82.57771000,-82.36961000
4.31457520,-86.76528000,-75.06209000
4.31518555,-96.54829000,-70.74774000
4.31579590,-110.58670000,-76.85059000
4.31640625,-97.78130000,-76.66833000
4.31701660,-103.93110000,-73.85894000
4.31762695,-104.31350000,-74.82981000
4.31823730,-91.87027000,-75.92129000
4.31884766,-91.29527000,-105.72410000
4.31945801,-89.49373000,-77.57491000
4.32006836,-89.78130000,-74.13178000
4.32067871,-90.64182000,-73.70197000
4.32128906,-91.95084000,-72.04881000
4.32189941,-102.91400000,-72.98471000
4.32250977,-92.38071000,-74.09470000
4.32312012,-83.80403000,-75.96043000
4.32373047,-80.13772000,-84.61168000
4.32434082,-84.43536000,-86.76762000
4.32495117,-97.27805000,-80.57847000
4.32556152,-88.61844000,-83.39761000
4.32617188,-86.57653000,-84.27533000
4.32678223,-91.72708000,-84.40513000
4.32739258,-91.57542000,-87.53201000
4.32800293,-98.58735000,-82.30345000
4.32861328,-95.64531000,-73.07742000
4.32922363,-97.90795000,-75.70955000
4.32983398,-98.61899000,-78.52197000
4.33044434,-92.98978000,-74.94643000
4.33105469,-86.48889000,-77.55190000
4.33166504,-86.37811000,-75.23955000
4.33227539,-85.54576000,-71.77729000
4.33288574,-87.46419000,-71.42509000
4.33349609,-84.93810000,-72.28985000
4.33410645,-85.41522000,-73.42039000
4.33471680,-91.42645000,-75.98591000
4.33532715,-88.27766000,-83.39780000
4.33593750,-87.94810000,-69.57057000
4.33654785,-91.92621000,-66.05571000
4.33715820,-103.23490000,-71.21344000
4.33776855,-88.96908000,-81.94909000
4.33837891,-88.79897000,-74.76360000
4.33898926,-101.09140000,-69.66315000
4.33959961,-96.02989000,-72.23802000
4.34020996,-95.01288000,-86.56580000
4.34082031,-116.94450000,-78.16012000
4.34143066,-92.06784000,-74.60267000
4.34204102,-87.64792000,-77.05205000
4.34265137,-87.70702000,-75.62643000
4.34326172,-89.92722000,-69.21932000
4.34387207,-89.81285000,-67.11486000
4.34448242,-90.31368000,-71.14317000
4.34509277,-94.04748000,-103.00810000
4.34570313,-92.52800000,-72.37068000
4.34631348,-92.60484000,-72.51917000
4.34692383,-90.82021000,-72.07312000
4.34753418,-88.55083000,-67.89349000
4.34814453,-91.52091000,-73.23906000
4.34875488,-84.75078000,-79.91589000
4.34936523,-76.73280000,-68.44514000
4.34997559,-76.62826000,-69.65799000
4.35058594,-84.42757000,-94.30812000
4.35119629,-94.09844000,-75.43839000
4.35180664,-96.22266000,-79.53539000
4.35241699,-99.89955000,-77.53953000
4.35302734,-73.57318000,-72.35641000
4.35363770,-65.41187000,-67.26424000
4.35424805,-66.31789000,-67.14630000
4.35485840,-76.29051000,-70.55653000
4.35546875,-91.51697000,-73.19119000
4.35607910,-89.67151000,-71.99352000
4.35668945,-89.40422000,-73.96144000
4.35729980,-89.50969000,-87.74283000
4.35791016,-90.69900000,-84.79656000
4.35852051,-94.61967000,-81.26834000
4.35913086,-94.33482000,-84.73275000
4.35974121,-92.38226000,-87.25999000
4.36035156,-91.80083000,-74.62657000
4.36096191,-94.58785000,-69.51896000
4.36157227,-117.47550000,-73.26056000
4.36218262,-101.56850000,-76.20149000
4.36279297,-95.01540000,-80.34045000
4.36340332,-92.65363000,-88.79220000
4.36401367,-89.80843000,-77.03049000
4.36462402,-89.44188000,-71.87267000
4.36523438,-83.94963000,-75.48765000
4.36584473,-83.27878000,-76.26260000
4.36645508,-87.71881000,-72.75616000
4.36706543,-95.41890000,-77.95439000
4.36767578,-100.90150000,-87.82983000
4.36828613,-94.45213000,-88.62008000
4.36889648,-93.84509000,-83.91504000
4.36950684,-84.92973000,-79.41270000
4.37011719,-87.26237000,-75.07578000
4.37072754,-90.47955000,-87.30489000
4.37133789,-89.29478000,-75.75818000
4.37194824,-87.07832000,-69.41961000
4.37255859,-89.21150000,-67.80379000
4.37316895,-97.82836000,-68.13394000
4.37377930,-84.31082000,-71.93263000
4.37438965,-86.68545000,-71.96989000
4.37500000,-99.78898000,-72.88455000
4.37561035,-96.41684000,-75.96053000
4.37622070,-93.71766000,-75.20711000
4.37683105,-87.39253000,-74.45065000
4.37744141,-91.24905000,-74.12321000
4.37805176,-93.97192000,-69.27655000
4.37866211,-89.65195000,-68.57759000
4.37927246,-93.02692000,-69.59388000
4.37988281,-99.04684000,-70.73865000
4.38049316,-102.78960000,-73.69460000
4.38110352,-98.97993000,-72.55013000
4.38171387,-95.73605000,-70.75534000
4.38232422,-99.49825000,-68.55968000
4.38293457,-92.66687000,-70.95132000
4.38354492,-80.24065000,-77.15770000
4.38415527,-79.71829000,-77.31055000
4.38476563,-87.97636000,-70.02907000
4.38537598,-87.72107000,-74.15587000
4.38598633,-93.17416000,-86.07384000
4.38659668,-96.59805000,-74.15942000
4.38720703,-95.74588000,-69.29103000
4.38781738,-106.53520000,-69.85786000
4.38842773,-97.90249000,-72.35172000
4.38903809,-88.35849000,-77.62681000
4.38964844,-88.36519000,-77.40111000
4.39025879,-93.33372000,-74.35968000
4.39086914,-91.62800000,-73.66369000
4.39147949,-88.23112000,-73.97794000
4.39208984,-86.22734000,-76.64983000
4.39270020,-89.30199000,-78.89085000
4.39331055,-91.50280000,-86.36118000
4.39392090,-87.37820000,-87.10487000
4.39453125,-85.91949000,-86.57403000
4.39514160,-87.55962000,-78.26212000
4.39575195,-88.30143000,-76.61664000
4.39636230,-90.70106000,-80.34321000
4.39697266,-93.58647000,-77.01072000
4.39758301,-92.22588000,-77.83524000
4.39819336,-94.35925000,-77.46150000
4.39880371,-80.58018000,-76.88543000
4.39941406,-70.54736000,-66.11726000
4.40002441,-71.17461000,-65.64235000
4.40063477,-81.54303000,-68.67389000
4.40124512,-116.11710000,-70.47769000
4.40185547,-93.50848000,-76.87506000
4.40246582,-96.41132000,-94.08543000
4.40307617,-92.15127000,-78.69930000
4.40368652,-93.90605000,-82.20162000
4.40429688,-86.49527000,-83.15419000
4.40490723,-80.00332000,-73.92851000
4.40551758,-84.26146000,-72.91177000
4.40612793,-92.09506000,-74.93658000
4.40673828,-89.33859000,-75.06079000
4.40734863,-84.62158000,-70.80512000
4.40795898,-83.76393000,-67.79842000
4.40856934,-88.01876000,-66.68296000
4.40917969,-100.99800000,-67.40709000
4.40979004,-96.12980000,-74.99142000
4.41040039,-89.83328000,-81.60231000
4.41101074,-88.92487000,-77.77057000
4.41162109,-90.54028000,-71.13941000
4.41223145,-93.03024000,-67.77072000
4.41284180,-77.26144000,-70.67544000
4.41345215,-65.65352000,-67.54139000
4.41406250,-63.73432000,-65.67956000
4.41467285,-70.86020000,-74.67439000
4.41528320,-89.55194000,-77.08018000
4.41589355,-91.85938000,-75.06486000
4.41650391,-91.77489000,-75.09293000
4.41711426,-96.19067000,-77.30432000
4.41772461,-88.20271000,-75.06923000
4.41833496,-90.33714000,-73.17315000
4.41894531,-92.18494000,-72.96915000
4.41955566,-91.07055000,-70.66589000
4.42016602,-94.17756000,-71.25183000
4.42077637,-89.90739000,-72.38884000
4.42138672,-90.97105000,-69.43581000
4.42199707,-89.27884000,-74.35519000
4.42260742,-88.95120000,-82.86615000
4.42321777,-90.65620000,-73.77646000
4.42382813,-94.42101000,-73.55866000
4.42443848,-97.52179000,-75.70450000
4.42504883,-90.81623000,-75.76096000
4.42565918,-87.10875000,-80.75890000
4.42626953,-87.50298000,-84.46949000
4.42687988,-89.50470000,-79.33527000
4.42749023,-93.42528000,-80.02880000
4.42810059,-89.08588000,-81.88316000
4.42871094,-89.34286000,-79.99982000
4.42932129,-94.81950000,-73.82773000
4.42993164,-94.75229000,-73.41753000
4.43054199,-90.99549000,-68.95457000
4.43115234,-92.05251000,-68.09142000
4.43176270,-91.44400000,-68.50945000
4.43237305,-87.22467000,-70.37962000
4.43298340,-86.66534000,-76.44096000
4.43359375,-92.06473000,-74.94373000
4.43420410,-92.05998000,-78.28462000
4.43481445,-87.74356000,-85.33154000
4.43542480,-91.73812000,-76.39297000
4.43603516,-102.85310000,-72.18110000
4.43664551,-97.84714000,-76.19054000
4.43725586,-94.45869000,-79.29375000
4.43786621,-92.90681000,-76.18947000
4.43847656,-94.13176000,-90.63087000
4.43908691,-93.19154000,-75.01613000
4.43969727,-91.42109000,-69.76118000
4.44030762,-93.54072000,-68.56887000
4.44091797,-94.10138000,-72.17879000
4.44152832,-92.22695000,-75.53061000
4.44213867,-91.13270000,-77.05182000
4.44274902,-94.45824000,-100.27980000
4.44335938,-88.18803000,-76.81995000
4.44396973,-82.84531000,-71.83081000
4.44458008,-84.84846000,-76.27295000
4.44519043,-88.09766000,-71.74560000
4.44580078,-91.44785000,-70.17804000
4.44641113,-117.97590000,-74.73775000
4.44702148,-93.78783000,-77.72019000
4.44763184,-93.25056000,-69.68732000
4.44824219,-96.79387000,-71.25606000
4.44885254,-91.91453000,-70.17744000
4.44946289,-86.21915000,-66.46237000
4.45007324,-88.75063000,-68.87671000
4.45068359,-101.67990000,-71.63848000
4.45129395,-97.86566000,-76.69599000
4.45190430,-94.00897000,-79.55602000
4.45251465,-91.68423000,-74.49447000
4.45312500,-86.94148000,-71.76073000
4.45373535,-84.59480000,-71.15829000
4.45434570,-88.18314000,-73.67940000
4.45495605,-98.69881000,-84.45111000
4.45556641,-103.30130000,-77.60754000
4.45617676,-107.39460000,-74.45395000
4.45678711,-105.04440000,-76.64460000
4.45739746,-106.00620000,-80.79298000
4.45800781,-95.96833000,-89.78687000
4.45861816,-90.28336000,-77.51769000
4.45922852,-94.21292000,-72.72043000
4.45983887,-90.96692000,-68.79929000
4.46044922,-91.05264000,-68.05243000
4.46105957,-91.63754000,-71.08681000
4.46166992,-88.24933000,-72.95426000
4.46228027,-88.83583000,-74.54010000
4.46289063,-92.45240000,-80.50072000
4.46350098,-93.96546000,-68.85236000
4.46411133,-93.94400000,-68.13537000
4.46472168,-94.48088000,-71.34273000
4.46533203,-88.46689000,-75.83037000
4.46594238,-89.66295000,-68.29453000
4.46655273,-94.14379000,-69.86246000
4.46716309,-93.62007000,-74.26789000
4.46777344,-93.33377000,-70.85942000
4.46838379,-93.85887000,-71.16468000
4.46899414,-94.04684000,-74.54999000
4.46960449,-103.64030000,-77.99022000
4.47021484,-93.94307000,-86.77563000
4.47082520,-93.96500000,-78.23544000
4.47143555,-92.92866000,-85.27069000
4.47204590,-93.27793000,-68.85519000
4.47265625,-82.21539000,-67.42579000
4.47326660,-68.90182000,-83.25563000
4.47387695,-64.84645000,-71.11613000
4.47448730,-69.66822000,-70.84256000
4.47509766,-88.72018000,-73.05238000
4.47570801,-89.37044000,-78.71294000
4.47631836,-92.61345000,-69.75845000
4.47692871,-102.98590000,-66.75879000
4.47753906,-89.58215000,-68.25173000
4.47814941,-93.06354000,-74.26638000
4.47875977,-98.26347000,-84.09511000
4.47937012,-90.45396000,-74.70039000
4.47998047,-91.53001000,-78.71529000
4.48059082,-91.60679000,-78.77351000
4.48120117,-92.27298000,-74.89217000
4.48181152,-90.18734000,-70.39461000
4.48242188,-88.86389000,-68.34241000
4.48303223,-92.30074000,-69.98331000
4.48364258,-98.95306000,-74.03339000
4.48425293,-92.70811000,-73.52504000
4.48486328,-88.54855000,-70.96646000
4.48547363,-90.17193000,-75.37881000
4.48608398,-88.03725000,-69.93836000
4.48669434,-91.83243000,-65.75601000
4.48730469,-95.40785000,-69.76253000
4.48791504,-92.47029000,-83.62456000
4.48852539,-86.91759000,-80.78671000
4.48913574,-86.08011000,-85.99899000
4.48974609,-91.61644000,-82.72053000
4.49035645,-102.48210000,-80.23906000
4.49096680,-99.13853000,-70.52724000
4.49157715,-102.12730000,-68.60896000
4.49218750,-109.06440000,-75.74943000
4.49279785,-110.83120000,-78.50629000
4.49340820,-92.28680000,-74.38115000
4.49401855,-88.82606000,-72.82368000
4.49462891,-90.72012000,-77.24208000
4.49523926,-96.54632000,-82.15858000
4.49584961,-99.08752000,-78.99362000
4.49645996,-97.13992000,-78.52551000
4.49707031,-91.76021000,-82.50823000
4.49768066,-88.63998000,-71.17719000
4.49829102,-88.39592000,-69.77895000
4.49890137,-83.74200000,-73.13669000
4.49951172,-80.39780000,-69.89127000
4.50012207,-83.56740000,-70.33385000
4.50073242,-89.05033000,-72.24179000
4.50134277,-93.93349000,-74.00012000
4.50195313,-115.57640000,-82.66167000
4.50256348,-92.39523000,-84.59046000
4.50317383,-90.36127000,-76.30231000
4.50378418,-85.24635000,-70.28607000
4.50439453,-88.77768000,-71.47994000
4.50500488,-117.44650000,-82.58591000
4.50561523,-105.51740000,-83.52090000
4.50622559,-96.99480000,-75.23574000
4.50683594,-105.53400000,-73.32986000
4.50744629,-104.12310000,-73.59646000
4.50805664,-102.11810000,-75.89498000
4.50866699,-98.02779000,-97.07935000
4.50927734,-89.78094000,-74.68034000
4.50988770,-86.21720000,-74.15527000
4.51049805,-87.97543000,-76.98299000
4.51110840,-93.02782000,-79.21278000
4.51171875,-93.94660000,-85.87903000
4.51232910,-93.08442000,-71.60872000
4.51293945,-89.64443000,-69.14083000
4.51354980,-84.38489000,-71.51668000
4.51416016,-83.45004000,-77.13391000
4.51477051,-86.85421000,-71.86163000
4.51538086,-91.63575000,-68.06033000
4.51599121,-102.05640000,-67.23544000
4.51660156,-93.31569000,-69.24757000
4.51721191,-90.76702000,-81.81894000
4.51782227,-89.66252000,-79.51753000
4.51843262,-90.39983000,-74.37315000
4.51904297,-93.18637000,-70.79337000
4.51965332,-91.29136000,-77.41766000
4.52026367,-89.45581000,-72.25313000
4.52087402,-88.53513000,-69.78459000
4.52148438,-94.26395000,-69.33321000
4.52209473,-99.96375000,-71.10413000
4.52270508,-101.60160000,-74.42574000
4.52331543,-103.04590000,-81.27518000
4.52392578,-94.89396000,-75.71992000
4.52453613,-91.79599000,-75.58730000
4.52514648,-100.55300000,-76.55800000
4.52575684,-96.92642000,-84.14112000
4.52636719,-100.77260000,-73.14732000
4.52697754,-91.34162000,-70.40691000
4.52758789,-87.26253000,-75.40598000
4.52819824,-86.95766000,-76.41509000
4.52880859,-88.89175000,-72.99546000
4.52941895,-89.39533000,-68.29962000
4.53002930,-88.29115000,-69.65433000
4.53063965,-90.35292000,-72.32444000
4.53125000,-109.91550000,-72.63604000
4.53186035,-101.05780000,-72.92387000
4.53247070,-104.84620000,-69.42200000
4.53308105,-75.43674000,-68.12286000
4.53369141,-67.05861000,-66.19625000
4.53430176,-68.34373000,-66.68183000
4.53491211,-79.23306000,-69.04958000
4.53552246,-100.63130000,-73.04086000
4.53613281,-99.79302000,-81.00584000
4.53674316,-91.20101000,-74.26966000
4.53735352,-99.36972000,-69.93791000
4.53796387,-92.56552000,-72.54453000
4.53857422,-92.40871000,-75.44397000
4.53918457,-97.22151000,-76.63831000
4.53979492,-98.28171000,-74.19971000
4.54040527,-87.87160000,-74.93392000
4.54101563,-90.85417000,-75.10876000
4.54162598,-99.81549000,-68.82932000
4.54223633,-91.54263000,-68.92926000
4.54284668,-89.40475000,-74.86322000
4.54345703,-88.68087000,-74.60825000
4.54406738,-91.76424000,-77.45856000
4.54467773,-91.11687000,-78.82085000
4.54528809,-91.97812000,-74.25488000
4.54589844,-95.52360000,-85.59708000
4.54650879,-93.94921000,-80.15809000
4.54711914,-93.05190000,-77.54708000
4.54772949,-100.80700000,-71.59397000
4.54833984,-93.69157000,-68.81464000
4.54895020,-83.02883000,-66.53505000
4.54956055,-80.32822000,-66.03547000
4.55017090,-86.34843000,-67.83853000
4.55078125,-97.68073000,-70.17293000
4.55139160,-90.18201000,-72.79282000
4.55200195,-98.85741000,-71.50723000
4.55261230,-92.31365000,-67.29650000
4.55322266,-93.10844000,-64.90948000
4.55383301,-107.28320000,-67.73279000
4.55444336,-93.46666000,-75.05008000
4.55505371,-87.80605000,-75.15118000
4.55566406,-89.59093000,-80.74806000
4.55627441,-97.37785000,-75.42490000
4.55688477,-122.45660000,-85.62913000
4.55749512,-100.07290000,-73.44599000
4.55810547,-95.96811000,-72.16750000
4.55871582,-108.91300000,-75.50629000
4.55932617,-95.06810000,-74.61868000
4.55993652,-97.05337000,-72.69063000
4.56054688,-92.28104000,-78.35036000
4.56115723,-92.39144000,-75.50084000
4.56176758,-94.58116000,-89.46997000
4.56237793,-85.81216000,-82.27395000
4.56298828,-84.28397000,-76.63454000
4.56359863,-84.75256000,-72.33354000
4.56420898,-90.32226000,-70.96503000
4.56481934,-92.32303000,-68.81345000
4.56542969,-91.66920000,-68.97959000
4.56604004,-100.76430000,-68.04832000
4.56665039,-99.55361000,-65.35185000
4.56726074,-93.76633000,-71.24965000
4.56787109,-92.98250000,-81.89963000
4.56848145,-88.38530000,-77.84932000
4.56909180,-90.62489000,-81.76914000
4.56970215,-116.09740000,-80.72974000
4.57031250,-92.68761000,-89.12894000
4.57092285,-95.11432000,-90.71636000
4.57153320,-92.82207000,-81.37801000
4.57214355,-88.69986000,-74.37456000
4.57275391,-89.23875000,-74.60498000
4.57336426,-91.50107000,-74.56916000
4.57397461,-89.78938000,-73.10174000
4.57458496,-95.42795000,-74.65810000
4.57519531,-90.00392000,-76.78414000
4.57580566,-87.34844000,-77.09600000
4.57641602,-91.45457000,-82.11938000
4.57702637,-91.09329000,-81.00893000
4.57763672,-88.19418000,-77.18372000
4.57824707,-88.97009000,-78.23901000
4.57885742,-87.70732000,-68.74208000
4.57946777,-87.25095000,-68.11343000
4.58007813,-89.00276000,-72.50681000
4.58068848,-91.84093000,-74.17932000
4.58129883,-90.35606000,-72.47999000
4.58190918,-89.69975000,-70.87883000
4.58251953,-90.25580000,-74.40017000
4.58312988,-92.62466000,-82.59251000
4.58374023,-102.14340000,-87.60014000
4.58435059,-88.64244000,-80.89519000
4.58496094,-86.38875000,-86.07448000
4.58557129,-90.28596000,-82.03639000
4.58618164,-97.95689000,-73.17171000
4.58679199,-91.38654000,-69.48892000
4.58740234,-92.30946000,-69.82137000
4.58801270,-92.34586000,-68.97159000
4.58862305,-90.83067000,-69.04286000
4.58923340,-97.10552000,-68.12343000
4.58984375,-96.54466000,-70.78453000
4.59045410,-92.58919000,-74.66330000
4.59106445,-90.88258000,-74.03487000
4.59167480,-90.34645000,-74.72203000
4.59228516,-93.52602000,-77.48486000
4.59289551,-79.08215000,-80.25346000
4.59350586,-68.76157000,-68.19079000
4.59411621,-68.00076000,-67.17200000
4.59472656,-77.26462000,-70.83364000
4.59533691,-92.85092000,-71.94796000
4.59594727,-106.74470000,-74.03364000
4.59655762,-93.18977000,-73.97847000
4.59716797,-91.89714000,-72.34906000
4.59777832,-98.50008000,-73.00800000
4.59838867,-96.50662000,-76.47115000
4.59899902,-83.62598000,-89.34872000
4.59960938,-79.51407000,-70.29729000
4.60021973,-83.99506000,-68.76650000
4.60083008,-95.46744000,-71.94251000
4.60144043,-91.60806000,-73.52921000
4.60205078,-95.10372000,-74.11609000
4.60266113,-97.28585000,-76.32014000
4.60327148,-93.02967000,-74.57963000
4.60388184,-92.44442000,-80.86533000
4.60449219,-93.02980000,-80.87062000
4.60510254,-97.62318000,-76.34896000
4.60571289,-110.83800000,-75.74553000
4.60632324,-111.06600000,-83.34222000
4.60693359,-123.23530000,-79.63874000
4.60754395,-92.21336000,-76.60514000
4.60815430,-86.16843000,-75.33145000
4.60876465,-87.83509000,-73.84105000
4.60937500,-91.21883000,-75.59915000
4.60998535,-90.75621000,-86.36418000
4.61059570,-91.36627000,-73.40293000
4.61120605,-90.51927000,-81.25858000
4.61181641,-89.59424000,-79.55912000
4.61242676,-93.79266000,-75.88355000
4.61303711,-102.90110000,-71.89759000
4.61364746,-96.96307000,-67.87878000
4.61425781,-100.83380000,-65.89912000
4.61486816,-94.27077000,-69.76682000
4.61547852,-90.02887000,-85.66283000
4.61608887,-90.74734000,-73.57062000
4.61669922,-94.60016000,-75.08035000
4.61730957,-96.20286000,-80.21832000
4.61791992,-96.00636000,-78.99518000
4.61853027,-95.80047000,-73.02512000
4.61914063,-100.37180000,-71.37393000
4.61975098,-94.03007000,-70.42609000
4.62036133,-91.36990000,-73.64445000
4.62097168,-88.60116000,-82.57102000
4.62158203,-92.35496000,-71.90076000
4.62219238,-98.54840000,-72.24962000
4.62280273,-94.08576000,-85.02133000
4.62341309,-88.97414000,-73.92905000
4.62402344,-86.34884000,-69.58391000
4.62463379,-89.16854000,-72.01751000
4.62524414,-92.44167000,-75.44891000
4.62585449,-91.30655000,-77.36916000
4.62646484,-90.16669000,-70.18565000
4.62707520,-93.07362000,-69.03505000
4.62768555,-99.47176000,-71.48698000
4.62829590,-102.46550000,-74.04173000
4.62890625,-98.32363000,-75.99471000
4.62951660,-96.48072000,-75.76011000
4.63012695,-91.00716000,-70.84808000
4.63073730,-90.70239000,-72.54251000
4.63134766,-95.47893000,-79.24522000
4.63195801,-90.77611000,-72.91151000
4.63256836,-88.08198000,-75.55470000
4.63317871,-87.07475000,-75.27374000
4.63378906,-85.62783000,-73.67056000
4.63439941,-84.93854000,-72.23286000
4.63500977,-90.52043000,-76.17645000
4.63562012,-97.87872000,-87.15549000
4.63623047,-102.58380000,-77.33117000
4.63684082,-96.05653000,-78.31866000
4.63745117,-93.09357000,-82.43695000
4.63806152,-94.74129000,-81.89383000
4.63867188,-91.44908000,-83.09686000
4.63928223,-92.48069000,-90.50018000
4.63989258,-89.24011000,-76.15037000
4.64050293,-91.03993000,-73.56920000
4.64111328,-99.22134000,-77.44695000
4.64172363,-101.22780000,-77.81192000
4.64233398,-89.68999000,-76.06055000
4.64294434,-88.29644000,-78.69398000
4.64355469,-87.74971000,-77.08953000
4.64416504,-88.86264000,-73.37721000
4.64477539,-91.89857000,-74.39893000
4.64538574,-90.83088000,-72.38371000
4.64599609,-90.43189000,-70.17291000
4.64660645,-101.20490000,-71.99571000
4.64721680,-91.99235000,-76.27130000
4.64782715,-91.07906000,-74.20703000
4.64843750,-90.58902000,-72.28683000
4.64904785,-86.59695000,-74.39969000
4.64965820,-84.00285000,-77.11657000
4.65026855,-86.01869000,-73.15176000
4.65087891,-90.48499000,-69.76762000
4.65148926,-90.48608000,-70.50430000
4.65209961,-94.15848000,-74.41056000
4.65270996,-85.85217000,-70.95208000
4.65332031,-70.36633000,-66.21033000
4.65393066,-66.48466000,-65.65207000
4.65454102,-71.66106000,-70.61763000
4.65515137,-87.28242000,-79.50533000
4.65576172,-94.12961000,-82.79350000
4.65637207,-92.19467000,-75.67912000
4.65698242,-90.47800000,-75.32701000
4.65759277,-92.58995000,-80.56943000
4.65820313,-92.72133000,-75.57483000
4.65881348,-90.50640000,-78.87820000
4.65942383,-96.12152000,-80.73111000
4.66003418,-100.94020000,-76.37319000
4.66064453,-98.44787000,-73.79816000
4.66125488,-97.86685000,-77.48921000
4.66186523,-105.74130000,-94.69776000
4.66247559,-95.38434000,-86.11813000
4.66308594,-92.48552000,-85.47157000
4.66369629,-100.83240000,-78.96486000
4.66430664,-92.53712000,-74.89014000
4.66491699,-94.31393000,-74.14939000
4.66552734,-96.91163000,-75.15410000
4.66613770,-100.08670000,-77.25933000
4.66674805,-103.75010000,-75.62122000
4.66735840,-94.40964000,-72.72092000
4.66796875,-91.37083000,-72.45719000
4.66857910,-91.00410000,-70.96120000
4.66918945,-93.98058000,-69.13537000
4.66979980,-86.79498000,-70.61465000
4.67041016,-92.65082000,-68.94310000
4.67102051,-98.15907000,-69.65993000
4.67163086,-93.42645000,-92.59560000
4.67224121,-94.05739000,-73.57581000
4.67285156,-95.35683000,-75.84016000
4.67346191,-95.08154000,-77.23520000
4.67407227,-105.25740000,-75.27310000
4.67468262,-89.89014000,-76.16425000
4.67529297,-86.15989000,-74.52090000
4.67590332,-87.74594000,-73.62264000
4.67651367,-92.86537000,-84.76762000
4.67712402,-93.95320000,-72.58646000
4.67773438,-91.82881000,-74.24097000
4.67834473,-95.14371000,-79.16216000
4.67895508,-100.78340000,-83.87917000
4.67956543,-91.90911000,-80.84325000
4.68017578,-89.33289000,-73.17182000
4.68078613,-90.90767000,-86.74667000
4.68139648,-93.75139000,-73.20403000
4.68200684,-97.67594000,-78.95843000
4.68261719,-96.31207000,-68.81229000
4.68322754,-85.93560000,-69.47875000
4.68383789,-81.60935000,-70.74876000
4.68444824,-84.49651000,-73.97993000
4.68505859,-88.42062000,-78.58989000
4.68566895,-86.88633000,-75.83158000
4.68627930,-87.46067000,-89.77472000
4.68688965,-87.31960000,-87.92290000
4.68750000,-90.73757000,-94.68736000
4.68811035,-100.05750000,-79.64198000
4.68872070,-99.00497000,-73.19604000
4.68933105,-94.78850000,-69.54009000
4.68994141,-91.27602000,-70.44021000
4.69055176,-90.65646000,-74.02776000
4.69116211,-96.96123000,-69.96886000
4.69177246,-105.03700000,-71.44868000
4.69238281,-97.99615000,-81.86234000
4.69299316,-95.37119000,-83.60231000
4.69360352,-89.45725000,-84.21088000
4.69421387,-87.67868000,-81.70679000
4.69482422,-90.62733000,-80.68216000
4.69543457,-90.31437000,-89.50188000
4.69604492,-87.43361000,-71.88710000
4.69665527,-90.64694000,-68.44062000
4.69726563,-100.76990000,-77.80290000
4.69787598,-109.91670000,-74.23253000
4.69848633,-95.45518000,-75.41913000
4.69909668,-82.65893000,-73.73901000
4.69970703,-79.82505000,-70.26688000
4.70031738,-88.23830000,-72.50486000
4.70092773,-96.31578000,-73.00534000
4.70153809,-96.60827000,-74.74738000
4.70214844,-101.67180000,-82.37995000
4.70275879,-95.59431000,-76.15142000
4.70336914,-91.91942000,-70.22450000
4.70397949,-93.83600000,-69.06058000
4.70458984,-90.49644000,-74.11905000
4.70520020,-89.53853000,-77.76303000
4.70581055,-89.35588000,-69.95736000
4.70642090,-89.13763000,-72.59354000
4.70703125,-96.68748000,-78.93861000
4.70764160,-96.67487000,-74.39539000
4.70825195,-88.33148000,-73.13557000
4.70886230,-85.38542000,-76.99236000
4.70947266,-84.09440000,-69.61278000
4.71008301,-87.31903000,-70.44000000
4.71069336,-93.20300000,-72.36432000
4.71130371,-95.53700000,-70.52954000
4.71191406,-90.87138000,-68.29330000
4.71252441,-85.49026000,-69.42770000
4.71313477,-71.62234000,-70.64002000
4.71374512,-65.87865000,-66.33721000
4.71435547,-68.77696000,-68.17645000
4.71496582,-79.34750000,-70.68240000
4.71557617,-85.31307000,-75.65831000
4.71618652,-86.35901000,-70.01843000
4.71679688,-92.48082000,-70.22009000
4.71740723,-93.25110000,-71.99195000
4.71801758,-91.51627000,-71.82586000
4.71862793,-87.81125000,-80.05843000
4.71923828,-84.32918000,-72.63438000
4.71984863,-84.56969000,-69.36168000
4.72045898,-88.54984000,-72.60215000
4.72106934,-93.52230000,-84.58251000
4.72167969,-105.29760000,-71.38477000
4.72229004,-95.95567000,-72.94457000
4.72290039,-91.43943000,-73.23911000
4.72351074,-89.65251000,-72.41808000
4.72412109,-91.62296000,-84.71101000
4.72473145,-104.23190000,-75.25170000
4.72534180,-97.96609000,-73.71151000
4.72595215,-91.42525000,-80.80903000
4.72656250,-91.43871000,-87.67911000
4.72717285,-89.89920000,-77.61880000
4.72778320,-89.14996000,-83.38760000
4.72839355,-88.38622000,-82.37449000
4.72900391,-91.11316000,-85.58234000
4.72961426,-89.93351000,-80.57634000
4.73022461,-89.56377000,-72.56920000
4.73083496,-89.44563000,-73.66972000
4.73144531,-90.60483000,-78.25854000
4.73205566,-90.64258000,-74.73210000
4.73266602,-89.17756000,-80.94637000
4.73327637,-88.10287000,-74.95155000
4.73388672,-85.31806000,-88.86531000
4.73449707,-86.16019000,-72.10537000
4.73510742,-94.23734000,-70.42935000
4.73571777,-100.98400000,-72.82497000
4.73632813,-115.62510000,-72.37502000
4.73693848,-93.03032000,-77.60815000
4.73754883,-92.52692000,-72.63692000
4.73815918,-97.94043000,-68.44155000
4.73876953,-95.78217000,-67.62234000
4.73937988,-95.37498000,-71.84115000
4.73999023,-97.52567000,-76.09986000
4.74060059,-95.67046000,-79.74287000
4.74121094,-90.90533000,-88.08488000
4.74182129,-90.69814000,-82.53121000
4.74243164,-92.65793000,-75.12677000
4.74304199,-85.25172000,-90.79233000
4.74365234,-76.48803000,-71.82230000
4.74426270,-77.16727000,-69.73849000
4.74487305,-86.11355000,-69.34615000
4.74548340,-101.10530000,-71.09042000
4.74609375,-99.73148000,-80.83947000
4.74670410,-95.73720000,-76.40286000
4.74731445,-95.55260000,-74.56206000
4.74792480,-99.76650000,-74.61807000
4.74853516,-97.08190000,-71.40430000
4.74914551,-93.96846000,-73.74313000
4.74975586,-97.99362000,-76.34338000
4.75036621,-87.90410000,-84.06715000
4.75097656,-89.22600000,-77.13237000
4.75158691,-93.10797000,-73.11559000
4.75219727,-102.60980000,-72.74347000
4.75280762,-91.44478000,-76.38644000
4.75341797,-83.68016000,-78.77539000
4.75402832,-82.46732000,-70.52815000
4.75463867,-88.70177000,-69.24249000
4.75524902,-96.20284000,-70.43367000
4.75585938,-91.51213000,-74.49868000
4.75646973,-95.32010000,-79.78904000
4.75708008,-97.37995000,-75.87936000
4.75769043,-97.28175000,-74.13044000
4.75830078,-103.12430000,-81.27885000
4.75891113,-110.30340000,-78.08134000
4.75952148,-99.41685000,-75.82477000
4.76013184,-91.65625000,-68.20309000
4.76074219,-91.29114000,-67.56418000
4.76135254,-90.83847000,-73.85637000
4.76196289,-92.78584000,-81.53342000
4.76257324,-93.50816000,-95.34456000
4.76318359,-93.73534000,-76.04295000
4.76379395,-99.16486000,-72.88081000
4.76440430,-97.56967000,-74.77072000
4.76501465,-90.81247000,-77.10844000
4.76562500,-94.23646000,-72.30773000
4.76623535,-94.63963000,-74.64690000
4.76684570,-90.09720000,-79.27688000
4.76745605,-101.27320000,-70.89509000
4.76806641,-98.87977000,-71.51331000
4.76867676,-95.49659000,-80.34711000
4.76928711,-98.48579000,-72.51437000
4.76989746,-102.19730000,-75.56857000
4.77050781,-96.17751000,-69.10803000
4.77111816,-102.25380000,-66.77491000
4.77172852,-98.96451000,-70.09245000
4.77233887,-95.83813000,-72.04469000
4.77294922,-77.98342000,-70.12284000
4.77355957,-68.17302000,-68.38515000
4.77416992,-68.55070000,-71.04533000
4.77478027,-79.70216000,-87.25310000
4.77539063,-90.65468000,-76.16348000
4.77600098,-91.97253000,-72.80086000
4.77661133,-100.81400000,-82.15721000
4.77722168,-95.85972000,-69.92437000
4.77783203,-97.11761000,-67.39953000
4.77844238,-98.14111000,-71.02731000
4.77905273,-91.90186000,-88.03771000
4.77966309,-85.68420000,-79.71785000
4.78027344,-84.14226000,-76.69037000
4.78088379,-86.68039000,-77.21562000
4.78149414,-92.33146000,-76.29033000
4.78210449,-99.23557000,-78.31824000
4.78271484,-90.86170000,-72.03776000
4.78332520,-84.51407000,-71.28273000
4.78393555,-85.91514000,-81.63154000
4.78454590,-102.22510000,-79.15968000
4.78515625,-94.78412000,-74.14134000
4.78576660,-100.31030000,-74.23711000
4.78637695,-93.90571000,-81.25253000
4.78698730,-90.57687000,-79.21253000
4.78759766,-94.19275000,-87.46397000
4.78820801,-95.75821000,-76.30691000
4.78881836,-91.92232000,-70.10448000
4.78942871,-89.88390000,-67.54691000
4.79003906,-89.07561000,-68.34714000
4.79064941,-95.76093000,-74.24503000
4.79125977,-97.17889000,-90.71438000
4.79187012,-98.36317000,-74.42374000
4.79248047,-99.58377000,-76.97958000
4.79309082,-120.50960000,-84.27274000
4.79370117,-100.25910000,-74.14148000
4.79431152,-103.12380000,-73.32397000
4.79492188,-102.50910000,-74.26828000
4.79553223,-94.15106000,-70.84456000
4.79614258,-92.22647000,-73.72662000
4.79675293,-92.21725000,-79.49330000
4.79736328,-89.23247000,-68.61386000
4.79797363,-88.76351000,-66.50948000
4.79858398,-96.05801000,-70.80824000
4.79919434,-83.51264000,-75.51788000
4.79980469,-83.68018000,-78.74345000
4.80041504,-91.96580000,-76.66994000
4.80102539,-89.32738000,-71.30466000
4.80163574,-88.60661000,-70.29106000
4.80224609,-91.19270000,-74.55806000
4.80285645,-84.15425000,-70.61862000
4.80346680,-77.62659000,-66.47376000
4.80407715,-77.88223000,-66.30003000
4.80468750,-88.42327000,-69.17537000
4.80529785,-96.47508000,-71.94439000
4.80590820,-92.90931000,-71.45422000
4.80651855,-91.38145000,-67.66490000
4.80712891,-90.53208000,-68.57959000
4.80773926,-91.96814000,-70.94704000
4.80834961,-101.87260000,-72.96408000
4.80895996,-89.56921000,-80.12038000
4.80957031,-87.37025000,-71.80843000
4.81018066,-87.28780000,-72.58778000
4.81079102,-88.49747000,-76.32352000
4.81140137,-94.16810000,-80.45475000
4.81201172,-99.06619000,-74.72228000
4.81262207,-93.04806000,-68.33749000
4.81323242,-100.15480000,-69.61767000
4.81384277,-95.98184000,-72.01106000
4.81445313,-101.79800000,-69.21490000
4.81506348,-94.22633000,-69.14651000
4.81567383,-86.89467000,-70.53570000
4.81628418,-88.65855000,-74.05850000
4.81689453,-94.05800000,-74.72900000
4.81750488,-99.47034000,-77.53540000
4.81811523,-97.52228000,-82.18242000
4.81872559,-94.55704000,-74.60471000
4.81933594,-93.66235000,-72.93382000
4.81994629,-92.92296000,-72.87166000
4.82055664,-90.53577000,-77.48183000
4.82116699,-90.72388000,-89.63846000
4.82177734,-95.38934000,-69.91441000
4.82238770,-95.16669000,-67.55786000
4.82299805,-92.79756000,-72.26279000
4.82360840,-97.67524000,-80.89874000
4.82421875,-93.16162000,-77.07224000
4.82482910,-84.85107000,-74.39156000
4.82543945,-86.16490000,-72.78810000
4.82604980,-102.55020000,-75.12778000
4.82666016,-87.46713000,-74.05173000
4.82727051,-86.66035000,-77.50066000
4.82788086,-85.55115000,-88.14969000
4.82849121,-87.19949000,-74.28038000
4.82910156,-88.69365000,-68.86104000
4.82971191,-91.15024000,-65.20287000
4.83032227,-100.72830000,-66.44818000
4.83093262,-87.18064000,-72.32749000
4.83154297,-85.90773000,-84.34796000
4.83215332,-89.31291000,-87.68291000
4.83276367,-84.48206000,-82.73109000
4.83337402,-74.11465000,-70.67908000
4.83398438,-71.76864000,-68.89670000
4.83459473,-77.94224000,-77.65797000
4.83520508,-91.46777000,-75.78954000
4.83581543,-97.40058000,-74.28288000
4.83642578,-94.87285000,-75.06774000
4.83703613,-94.42065000,-76.16276000
4.83764648,-95.47637000,-80.05865000
4.83825684,-97.66602000,-80.73666000
4.83886719,-90.26889000,-73.01324000
4.83947754,-89.80137000,-71.08839000
4.84008789,-93.82666000,-72.04415000
4.84069824,-94.07037000,-75.02792000
4.84130859,-92.94415000,-71.68336000
4.84191895,-88.95512000,-69.06857000
4.84252930,-88.15321000,-70.69070000
4.84313965,-94.66829000,-73.45256000
4.84375000,-93.10917000,-76.45425000
4.84436035,-95.16808000,-72.90793000
4.84497070,-97.00478000,-68.33479000
4.84558105,-89.60201000,-72.06044000
4.84619141,-84.77885000,-73.50410000
4.84680176,-86.04845000,-76.43421000
4.84741211,-97.98895000,-80.62469000
4.84802246,-96.82903000,-72.19263000
4.84863281,-92.85232000,-74.01904000
4.84924316,-98.45383000,-73.65712000
4.84985352,-95.54874000,-81.32913000
4.85046387,-91.88141000,-77.56086000
4.85107422,-99.77357000,-69.56016000
4.85168457,-97.98534000,-71.39743000
4.85229492,-95.38188000,-69.55850000
4.85290527,-97.37169000,-65.47111000
4.85351563,-95.55057000,-67.01109000
4.85412598,-93.03337000,-73.10363000
4.85473633,-98.28059000,-87.31847000
4.85534668,-90.53254000,-76.56545000
4.85595703,-87.10640000,-71.75940000
4.85656738,-87.51594000,-69.45240000
4.85717773,-92.69147000,-71.67661000
4.85778809,-106.94180000,-74.07329000
4.85839844,-101.01620000,-98.18640000
4.85900879,-99.18629000,-69.23936000
4.85961914,-106.15890000,-66.18326000
4.86022949,-103.80600000,-65.45238000
4.86083984,-90.55220000,-65.59940000
4.86145020,-88.98288000,-70.28104000
4.86206055,-90.22858000,-74.33033000
4.86267090,-88.66184000,-71.88161000
4.86328125,-79.89107000,-75.16586000
4.86389160,-76.75687000,-76.91721000
4.86450195,-84.14321000,-74.23952000
4.86511230,-92.57465000,-88.03193000
4.86572266,-95.62778000,-75.88612000
4.86633301,-94.91288000,-76.31763000
4.86694336,-95.13248000,-81.53950000
4.86755371,-99.09301000,-83.22120000
4.86816406,-96.57760000,-75.87891000
4.86877441,-95.23169000,-74.66744000
4.86938477,-98.13168000,-76.10982000
4.86999512,-96.17554000,-83.21488000
4.87060547,-90.34053000,-80.25981000
4.87121582,-93.47173000,-73.84451000
4.87182617,-96.75641000,-70.47764000
4.87243652,-93.79866000,-69.00262000
4.87304688,-95.68196000,-67.63772000
4.87365723,-87.61003000,-68.13850000
4.87426758,-86.32896000,-70.81497000
4.87487793,-89.28795000,-94.73069000
4.87548828,-94.19590000,-73.27443000
4.87609863,-97.87613000,-78.56133000
4.87670898,-97.73050000,-78.56348000
4.87731934,-103.63250000,-73.80177000
4.87792969,-97.31316000,-75.40771000
4.87854004,-92.84251000,-88.49895000
4.87915039,-94.78929000,-77.32043000
4.87976074,-92.45435000,-73.39738000
4.88037109,-95.78839000,-79.08374000
4.88098145,-95.42291000,-74.35143000
4.88159180,-93.30873000,-72.13148000
4.88220215,-92.96368000,-72.34320000
4.88281250,-92.35641000,-78.00469000
4.88342285,-92.15953000,-78.47394000
4.88403320,-88.10173000,-73.13120000
4.88464355,-93.56416000,-77.57561000
4.88525391,-99.59957000,-79.88165000
4.88586426,-105.58740000,-73.90049000
4.88647461,-100.13150000,-73.59193000
4.88708496,-104.37650000,-83.23305000
4.88769531,-98.81997000,-91.98372000
4.88830566,-92.38389000,-104.01440000
4.88891602,-91.36463000,-85.51904000
4.88952637,-97.62821000,-101.96850000
4.89013672,-93.52788000,-73.79670000
4.89074707,-97.83455000,-71.01239000
4.89135742,-105.73670000,-77.29176000
4.89196777,-99.35409000,-84.00224000
4.89257813,-90.65797000,-75.11438000
4.89318848,-80.96664000,-69.26877000
4.89379883,-74.02949000,-66.94375000
4.89440918,-76.02596000,-67.65298000
4.89501953,-85.33967000,-75.03404000
4.89562988,-97.13844000,-84.66637000
4.89624023,-88.39549000,-83.59825000
4.89685059,-85.99272000,-73.37583000
4.89746094,-89.12952000,-79.03846000
4.89807129,-94.95901000,-76.71516000
4.89868164,-90.02669000,-69.64883000
4.89929199,-84.17134000,-67.67503000
4.89990234,-83.47559000,-68.29088000
4.90051270,-87.91732000,-76.04410000
4.90112305,-94.68101000,-81.93587000
4.90173340,-93.53802000,-76.35085000
4.90234375,-96.55145000,-75.37125000
4.90295410,-89.61015000,-74.64095000
4.90356445,-85.82947000,-75.27028000
4.90417480,-86.24289000,-76.32068000
4.90478516,-88.94060000,-68.15186000
4.90539551,-92.05638000,-68.88007000
4.90600586,-96.23621000,-86.88542000
4.90661621,-101.19630000,-73.77416000
4.90722656,-91.31343000,-73.34423000
4.90783691,-86.45457000,-71.78723000
4.90844727,-88.21415000,-68.30737000
4.90905762,-93.73315000,-70.19649000
4.90966797,-92.28757000,-71.49712000
4.91027832,-95.04479000,-77.47993000
4.91088867,-94.93921000,-94.35229000
4.91149902,-92.84283000,-91.27228000
4.91210938,-91.59225000,-80.40775000
4.91271973,-97.48395000,-75.79302000
4.91333008,-103.01290000,-77.30286000
4.91394043,-108.96410000,-81.04141000
4.91455078,-97.64888000,-81.80626000
4.91516113,-94.23483000,-83.08829000
4.91577148,-97.43645000,-72.96992000
4.91638184,-109.00960000,-69.26245000
4.91699219,-100.23110000,-72.61984000
4.91760254,-99.64027000,-75.66034000
4.91821289,-94.25065000,-67.03693000
4.91882324,-93.69859000,-68.85934000
4.91943359,-93.46591000,-79.74803000
4.92004395,-95.73389000,-86.33896000
4.92065430,-91.16891000,-73.69102000
4.92126465,-86.26843000,-67.69991000
4.92187500,-87.95782000,-68.52641000
4.92248535,-96.25809000,-73.50809000
4.92309570,-87.79886000,-78.57614000
4.92370605,-78.26768000,-71.72792000
4.92431641,-79.65974000,-66.29199000
4.92492676,-90.99647000,-69.11660000
4.92553711,-101.63820000,-85.83276000
4.92614746,-89.97498000,-75.97559000
4.92675781,-94.48468000,-76.79801000
4.92736816,-90.62664000,-85.97357000
4.92797852,-88.60976000,-82.35200000
4.92858887,-89.00574000,-78.72382000
4.92919922,-93.55322000,-75.05286000
4.92980957,-96.00275000,-78.09306000
4.93041992,-91.99520000,-77.16435000
4.93103027,-91.80112000,-79.60052000
4.93164063,-89.06247000,-78.26874000
4.93225098,-87.52999000,-88.30453000
4.93286133,-85.72017000,-71.78558000
4.93347168,-84.96950000,-68.20366000
4.93408203,-85.24634000,-72.91290000
4.93469238,-84.83369000,-83.14432000
4.93530273,-83.22666000,-74.27208000
4.93591309,-84.28777000,-69.74161000
4.93652344,-89.47685000,-77.13292000
4.93713379,-93.42086000,-72.16865000
4.93774414,-99.57032000,-69.93223000
4.93835449,-100.33000000,-77.80869000
4.93896484,-93.76487000,-79.57124000
4.93957520,-98.20543000,-80.08369000
4.94018555,-105.97090000,-81.17232000
4.94079590,-94.27472000,-75.30314000
4.94140625,-90.74258000,-72.44035000
4.94201660,-89.30779000,-73.63960000
4.94262695,-90.32658000,-78.01726000
4.94323730,-88.24666000,-79.87079000
4.94384766,-85.46661000,-73.96539000
4.94445801,-88.50124000,-76.04207000
4.94506836,-101.94990000,-71.90778000
4.94567871,-104.95650000,-75.90755000
4.94628906,-97.66565000,-79.60938000
4.94689941,-97.85564000,-72.87841000
4.94750977,-112.04080000,-74.02869000
4.94812012,-97.36862000,-80.19539000
4.94873047,-89.16859000,-74.79881000
4.94934082,-89.89366000,-72.43040000
4.94995117,-97.43652000,-74.57352000
4.95056152,-101.56780000,-74.96255000
4.95117188,-104.72300000,-74.16444000
4.95178223,-117.77550000,-77.42438000
4.95239258,-102.06260000,-86.57807000
4.95300293,-83.48958000,-77.66905000
4.95361328,-76.25312000,-69.75160000
4.95422363,-77.92498000,-71.77667000
4.95483398,-90.55859000,-80.61382000
4.95544434,-93.34969000,-79.78024000
4.95605469,-96.31622000,-77.41662000
4.95666504,-103.82560000,-84.79755000
4.95727539,-100.42350000,-75.49134000
4.95788574,-89.59677000,-73.98080000
4.95849609,-93.14030000,-79.92960000
4.95910645,-98.13908000,-72.55033000
4.95971680,-90.09322000,-73.03942000
4.96032715,-91.82430000,-74.42992000
4.96093750,-94.98616000,-76.06145000
4.96154785,-97.81429000,-82.69927000
4.96215820,-95.04234000,-74.05299000
4.96276855,-93.31618000,-71.06067000
4.96337891,-91.92212000,-75.16725000
4.96398926,-92.56207000,-74.61818000
4.96459961,-86.96750000,-81.31213000
4.96520996,-85.45127000,-86.06197000
4.96582031,-87.13837000,-79.41257000
4.96643066,-89.53081000,-76.55114000
4.96704102,-93.10019000,-75.28304000
4.96765137,-93.43752000,-75.42587000
4.96826172,-100.60390000,-75.64157000
4.96887207,-97.88215000,-70.65022000
4.96948242,-95.23642000,-70.43048000
4.97009277,-96.12263000,-77.83997000
4.97070313,-95.31236000,-79.44673000
4.97131348,-101.54940000,-79.10134000
4.97192383,-101.57700000,-81.12022000
4.97253418,-94.46033000,-79.92296000
4.97314453,-89.06898000,-74.03717000
4.97375488,-89.18037000,-73.33826000
4.97436523,-93.48860000,-77.92683000
4.97497559,-91.82166000,-76.06235000
4.97558594,-89.49234000,-77.93825000
4.97619629,-88.60919000,-76.74989000
4.97680664,-91.76170000,-89.93301000
4.97741699,-95.84677000,-72.51656000
4.97802734,-101.58220000,-66.28661000
4.97863770,-98.95303000,-65.96651000
4.97924805,-95.03880000,-70.30258000
4.97985840,-109.04720000,-82.83716000
4.98046875,-95.28106000,-73.47391000
4.98107910,-96.36890000,-70.85814000
4.98168945,-101.76830000,-74.44841000
4.98229980,-93.10014000,-83.62584000
4.98291016,-88.09727000,-77.57607000
4.98352051,-78.90645000,-71.03371000
4.98413086,-78.85230000,-79.85142000
4.98474121,-87.80445000,-67.65060000
4.98535156,-91.06728000,-64.20663000
4.98596191,-91.43993000,-65.73430000
4.98657227,-88.79332000,-71.74387000
4.98718262,-90.21743000,-112.38670000
4.98779297,-92.18812000,-77.35405000
4.98840332,-91.07324000,-75.81422000
4.98901367,-97.97220000,-73.21486000
4.98962402,-102.39190000,-74.33804000
4.99023438,-107.36200000,-78.34708000
4.99084473,-102.13560000,-78.02412000
4.99145508,-92.74235000,-75.53645000
4.99206543,-86.66701000,-72.96330000
4.99267578,-88.72987000,-71.33005000
4.99328613,-88.82983000,-74.55542000
4.99389648,-87.75494000,-90.78381000
4.99450684,-91.22838000,-73.71648000
4.99511719,-89.97009000,-67.52843000
4.99572754,-87.65349000,-68.76546000
4.99633789,-90.26039000,-78.04178000
4.99694824,-99.68977000,-77.21514000
4.99755859,-100.68000000,-85.10029000
4.99816895,-93.21326000,-82.76056000
4.99877930,-92.10992000,-73.43160000
4.99938965,-92.04333000,-72.70821000
5.00000000,-93.09983000,-72.21210000
5.00061035,-95.35623000,-69.17748000
5.00122070,-94.63745000,-66.58179000
5.00183105,-104.09700000,-64.98469000
5.00244141,-104.89580000,-66.07896000
5.00305176,-93.38026000,-69.96129000
5.00366211,-87.71434000,-75.18362000
5.00427246,-92.43810000,-78.70055000
5.00488281,-96.42413000,-80.24311000
5.00549316,-89.81675000,-73.58834000
5.00610352,-88.45267000,-73.01149000
5.00671387,-89.62620000,-79.71902000
5.00732422,-95.05843000,-71.67729000
5.00793457,-98.73167000,-71.87218000
5.00854492,-95.34409000,-77.16946000
5.00915527,-110.81460000,-80.33870000
5.00976563,-102.56100000,-76.91470000
5.01037598,-102.13100000,-75.95158000
5.01098633,-97.04126000,-74.51219000
5.01159668,-93.27815000,-72.92031000
5.01220703,-89.14527000,-72.90213000
5.01281738,-84.92043000,-74.35828000
5.01342773,-83.44450000,-88.43958000
5.01403809,-86.32286000,-80.79472000
5.01464844,-103.76420000,-78.11494000
5.01525879,-88.09177000,-71.84276000
5.01586914,-86.57151000,-67.85715000
5.01647949,-90.53342000,-69.79538000
5.01708984,-95.76849000,-83.85532000
5.01770020,-90.76400000,-80.06604000
5.01831055,-93.77219000,-74.13763000
5.01892090,-92.60471000,-72.35242000
5.01953125,-86.53209000,-72.09836000
5.02014160,-88.77730000,-74.33392000
5.02075195,-96.18187000,-78.72948000
5.02136230,-98.06425000,-78.66950000
5.02197266,-89.91862000,-76.33620000
5.02258301,-90.25748000,-81.23344000
5.02319336,-89.44937000,-78.39889000
5.02380371,-89.37138000,-69.67248000
5.02441406,-95.73685000,-73.39740000
5.02502441,-99.01450000,-72.84850000
5.02563477,-99.43358000,-71.10104000
5.02624512,-93.85173000,-77.25195000
5.02685547,-88.13805000,-78.84641000
5.02746582,-90.44019000,-73.48636000
5.02807617,-91.27916000,-87.14597000
5.02868652,-87.28766000,-71.66731000
5.02929688,-87.71140000,-70.08435000
5.02990723,-94.45678000,-72.25405000
5.03051758,-94.62885000,-72.99123000
5.03112793,-91.50398000,-77.27667000
5.03173828,-90.41437000,-75.95810000
5.03234863,-90.66800000,-78.57892000
5.03295898,-98.27605000,-78.16428000
5.03356934,-96.43434000,-71.11330000
5.03417969,-95.44005000,-74.12642000
5.03479004,-95.00354000,-92.13364000
5.03540039,-92.59423000,-76.29683000
5.03601074,-97.75895000,-73.79849000
5.03662109,-101.65420000,-69.24189000
5.03723145,-112.26190000,-74.48707000
5.03784180,-90.42459000,-79.78854000
5.03845215,-87.02611000,-82.62712000
5.03906250,-96.40862000,-76.32941000
5.03967285,-94.36600000,-77.13891000
5.04028320,-96.45049000,-75.23337000
5.04089355,-105.88100000,-79.91220000
5.04150391,-109.36800000,-76.29636000
5.04211426,-109.11360000,-73.61902000
5.04272461,-107.83390000,-70.81776000
5.04333496,-84.44650000,-71.27829000
5.04394531,-81.23766000,-75.16267000
5.04455566,-91.22155000,-78.42960000
5.04516602,-95.40641000,-79.25061000
5.04577637,-92.85294000,-90.52797000
5.04638672,-97.03810000,-76.79641000
5.04699707,-94.93391000,-75.04414000
5.04760742,-89.80951000,-75.48257000
5.04821777,-88.04120000,-76.30537000
5.04882813,-85.51894000,-72.45219000
5.04943848,-85.59435000,-76.45406000
5.05004883,-87.76974000,-81.40527000
5.05065918,-89.92924000,-76.91425000
5.05126953,-96.37703000,-82.42383000
5.05187988,-92.46400000,-83.79807000
5.05249023,-88.91879000,-72.87540000
5.05310059,-88.57529000,-70.49792000
5.05371094,-87.67815000,-73.33847000
5.05432129,-86.93649000,-75.79960000
5.05493164,-89.80587000,-80.49403000
5.05554199,-94.37421000,-85.57259000
5.05615234,-96.23466000,-71.88187000
5.05676270,-95.04739000,-70.92702000
5.05737305,-90.36269000,-87.29557000
5.05798340,-90.04180000,-69.96446000
5.05859375,-94.94297000,-67.70007000
5.05920410,-99.70706000,-83.48167000
5.05981445,-105.79590000,-69.66817000
5.06042480,-98.82095000,-70.89244000
5.06103516,-92.35912000,-84.51257000
5.06164551,-90.86427000,-75.68703000
5.06225586,-90.11703000,-76.03906000
5.06286621,-93.16028000,-82.03880000
5.06347656,-88.17050000,-86.23902000
5.06408691,-87.56241000,-84.43260000
5.06469727,-94.49261000,-81.21659000
5.06530762,-89.00528000,-72.93327000
5.06591797,-88.09899000,-67.18915000
5.06652832,-89.47231000,-70.60952000
5.06713867,-89.85302000,-72.05617000
5.06774902,-92.06558000,-74.13956000
5.06835938,-94.59136000,-80.12650000
5.06896973,-87.73465000,-76.65340000
5.06958008,-87.71763000,-84.31258000
5.07019043,-86.78188000,-78.10527000
5.07080078,-90.93167000,-75.42065000
5.07141113,-99.00849000,-77.33688000
5.07202148,-91.09214000,-77.55003000
5.07263184,-89.21890000,-66.85268000
5.07324219,-89.66743000,-66.41031000
5.07385254,-83.51037000,-72.83546000
5.07446289,-86.00284000,-79.82227000
5.07507324,-93.55333000,-76.90339000
5.07568359,-101.93950000,-73.03435000
5.07629395,-108.56310000,-84.65247000
5.07690430,-101.84210000,-76.36990000
5.07751465,-99.82300000,-73.51054000
5.07812500,-94.30146000,-73.55048000
5.07873535,-93.06355000,-72.91264000
5.07934570,-94.13277000,-72.08347000
5.07995605,-92.18259000,-74.82224000
5.08056641,-94.52463000,-77.27780000
5.08117676,-92.68678000,-76.32242000
5.08178711,-87.25711000,-72.09244000
5.08239746,-89.57976000,-72.61340000
5.08300781,-104.70180000,-73.49493000
5.08361816,-90.71797000,-76.34975000
5.08422852,-92.33875000,-74.48798000
5.08483887,-97.81812000,-70.64246000
5.08544922,-95.68552000,-70.41257000
5.08605957,-98.32712000,-73.71242000
5.08666992,-90.08109000,-81.61014000
5.08728027,-86.63018000,-72.08926000
5.08789063,-89.70589000,-75.20274000
5.08850098,-107.32590000,-76.43207000
5.08911133,-94.94915000,-67.74495000
5.08972168,-91.68146000,-69.18227000
5.09033203,-88.51631000,-77.37894000
5.09094238,-89.92783000,-75.86140000
5.09155273,-93.83173000,-70.04960000
5.09216309,-96.28815000,-71.78542000
5.09277344,-92.42567000,-86.00875000
5.09338379,-94.72557000,-79.29121000
5.09399414,-98.99606000,-96.09361000
5.09460449,-98.60107000,-74.29654000
5.09521484,-104.61040000,-72.12177000
5.09582520,-100.76380000,-73.24156000
5.09643555,-99.50423000,-81.77176000
5.09704590,-94.09761000,-74.03365000
5.09765625,-95.61023000,-75.91494000
5.09826660,-96.26984000,-74.09036000
5.09887695,-88.60497000,-79.24233000
5.09948730,-84.06882000,-80.44457000
5.10009766,-86.01101000,-74.12508000
5.10070801,-95.44148000,-81.22176000
5.10131836,-95.60487000,-75.78088000
5.10192871,-92.92334000,-74.14458000
5.10253906,-88.54740000,-73.04847000
5.10314941,-83.13462000,-81.55999000
5.10375977,-79.47092000,-77.79050000
5.10437012,-84.15482000,-80.45036000
5.10498047,-97.64606000,-76.84225000
5.10559082,-92.56703000,-78.83341000
5.10620117,-89.10087000,-77.55543000
5.10681152,-87.34128000,-70.19160000
5.10742188,-86.82031000,-74.19097000
5.10803223,-85.86300000,-76.42547000
5.10864258,-85.00902000,-73.57129000
5.10925293,-86.04092000,-77.03258000
5.10986328,-86.80894000,-87.22609000
5.11047363,-86.73824000,-74.11138000
5.11108398,-88.30010000,-69.37187000
5.11169434,-92.03156000,-69.17126000
5.11230469,-89.59954000,-72.92570000
5.11291504,-84.21579000,-101.22670000
5.11352539,-83.40016000,-72.39464000
5.11413574,-87.79234000,-68.76769000
5.11474609,-94.86790000,-68.94392000
5.11535645,-96.20322000,-71.00084000
5.11596680,-92.30663000,-72.17848000
5.11657715,-91.72826000,-75.06819000
5.11718750,-99.01041000,-77.71031000
5.11779785,-94.03136000,-78.50364000
5.11840820,-94.53813000,-76.54311000
5.11901855,-92.26495000,-74.73985000
5.11962891,-88.75539000,-84.62076000
5.12023926,-87.60179000,-83.80856000
5.12084961,-90.14943000,-76.60162000
5.12145996,-91.99028000,-72.71452000
5.12207031,-85.17506000,-78.38093000
5.12268066,-85.85561000,-86.51201000
5.12329102,-86.99202000,-85.65766000
5.12390137,-87.10880000,-77.83940000
5.12451172,-94.76273000,-77.07541000
5.12512207,-92.34091000,-73.74448000
5.12573242,-87.43394000,-72.88401000
5.12634277,-91.34145000,-72.47610000
5.12695313,-95.12566000,-72.48430000
5.12756348,-93.23160000,-71.06544000
5.12817383,-92.49597000,-78.76787000
5.12878418,-97.78130000,-71.30092000
5.12939453,-95.31776000,-69.69045000
5.13000488,-90.86063000,-77.01575000
5.13061523,-90.81696000,-75.96960000
5.13122559,-91.24089000,-77.48900000
5.13183594,-90.35899000,-71.15904000
5.13244629,-96.38084000,-71.02973000
5.13305664,-105.78840000,-72.08273000
5.13366699,-91.83522000,-72.87120000
5.13427734,-90.10459000,-73.71806000
5.13488770,-100.50280000,-77.48016000
5.13549805,-98.34861000,-76.56799000
5.13610840,-95.00625000,-68.77451000
5.13671875,-96.29280000,-69.44287000
5.13732910,-89.11803000,-78.33997000
5.13793945,-89.17310000,-80.23335000
5.13854980,-98.39049000,-76.07940000
5.13916016,-91.01495000,-76.64206000
5.13977051,-86.75266000,-76.74135000
5.14038086,-86.29223000,-75.99372000
5.14099121,-90.83508000,-72.43938000
5.14160156,-116.52220000,-70.08450000
5.14221191,-97.05148000,-71.81693000
5.14282227,-109.86380000,-74.25756000
5.14343262,-96.93645000,-76.64149000
5.14404297,-93.26810000,-88.15756000
5.14465332,-92.06989000,-85.81043000
5.14526367,-98.33101000,-73.24409000
5.14587402,-102.36660000,-71.60916000
5.14648438,-96.47435000,-69.91006000
5.14709473,-97.18288000,-70.24082000
5.14770508,-95.27386000,-77.96814000
5.14831543,-95.46571000,-76.60097000
5.14892578,-98.06832000,-72.34181000
5.14953613,-90.30148000,-75.85002000
5.15014648,-96.47053000,-78.45715000
5.15075684,-95.36055000,-77.60537000
5.15136719,-92.50423000,-76.53750000
5.15197754,-89.55569000,-78.07404000
5.15258789,-88.97437000,-76.30980000
5.15319824,-89.50301000,-74.63368000
5.15380859,-88.42938000,-77.67772000
5.15441895,-98.33672000,-92.03648000
5.15502930,-95.39304000,-77.49870000
5.15563965,-89.99699000,-74.92376000
5.15625000,-93.82804000,-73.13316000
5.15686035,-89.73526000,-73.08552000
5.15747070,-92.25800000,-81.31212000
5.15808105,-96.40422000,-75.58102000
5.15869141,-93.13882000,-70.07860000
5.15930176,-98.65088000,-74.23799000
5.15991211,-101.00470000,-70.46655000
5.16052246,-97.67566000,-70.12001000
5.16113281,-93.62660000,-68.35420000
5.16174316,-91.62543000,-69.29135000
5.16235352,-92.17046000,-69.43033000
5.16296387,-89.95877000,-70.53499000
5.16357422,-83.06570000,-80.49570000
5.16418457,-81.23190000,-73.56685000
5.16479492,-85.66304000,-75.00926000
5.16540527,-88.49403000,-72.47047000
5.16601563,-92.97509000,-67.66625000
5.16662598,-102.04660000,-67.79232000
5.16723633,-95.20842000,-71.64925000
5.16784668,-108.14340000,-78.43742000
5.16845703,-103.51640000,-71.72098000
5.16906738,-89.68297000,-71.43482000
5.16967773,-92.56598000,-72.55228000
5.17028809,-98.37575000,-78.08336000
5.17089844,-90.98777000,-84.35393000
5.17150879,-90.89188000,-80.54348000
5.17211914,-91.12952000,-74.67358000
5.17272949,-92.71461000,-70.32606000
5.17333984,-97.92833000,-71.12907000
5.17395020,-95.29665000,-75.88136000
5.17456055,-91.81397000,-73.77612000
5.17517090,-90.14305000,-71.83116000
5.17578125,-93.61893000,-75.61253000
5.17639160,-93.42984000,-90.79378000
5.17700195,-95.49643000,-76.26373000
5.17761230,-94.79293000,-71.53680000
5.17822266,-93.30048000,-71.43382000
5.17883301,-95.45068000,-72.74246000
5.17944336,-97.42657000,-72.33522000
5.18005371,-97.47764000,-71.39371000
5.18066406,-100.20730000,-76.09743000
5.18127441,-103.52500000,-82.85638000
5.18188477,-101.98000000,-76.32460000
5.18249512,-106.63820000,-75.73374000
5.18310547,-98.19686000,-75.34288000
5.18371582,-92.61581000,-86.28534000
5.18432617,-94.15358000,-78.69566000
5.18493652,-96.64046000,-76.10583000
5.18554688,-88.84917000,-76.39471000
5.18615723,-87.76068000,-71.31242000
5.18676758,-95.11679000,-75.68948000
5.18737793,-89.04512000,-81.95098000
5.18798828,-89.77467000,-84.56245000
5.18859863,-92.76395000,-73.92910000
5.18920898,-93.41691000,-75.07487000
5.18981934,-93.22595000,-80.72075000
5.19042969,-93.20497000,-80.67970000
5.19104004,-97.22943000,-78.07070000
5.19165039,-102.85500000,-73.03752000
5.19226074,-95.08435000,-79.37144000
5.19287109,-92.66158000,-74.91373000
5.19348145,-97.30977000,-77.13783000
5.19409180,-101.91030000,-79.53666000
5.19470215,-93.55035000,-70.48076000
5.19531250,-86.44978000,-68.78400000
5.19592285,-87.70844000,-68.80304000
5.19653320,-93.71860000,-72.23200000
5.19714355,-89.91370000,-74.86398000
5.19775391,-91.11185000,-70.40358000
5.19836426,-90.66377000,-71.47707000
5.19897461,-88.27785000,-80.44374000
5.19958496,-89.52373000,-103.22510000
5.20019531,-99.76050000,-78.35793000
5.20080566,-85.97061000,-71.64946000
5.20141602,-85.58640000,-71.00404000
5.20202637,-90.01779000,-75.17707000
5.20263672,-91.51508000,-77.97102000
5.20324707,-90.91818000,-81.96294000
5.20385742,-89.67221000,-73.32240000
5.20446777,-90.64095000,-81.16399000
5.20507813,-89.47385000,-78.35825000
5.20568848,-91.37827000,-88.48596000
5.20629883,-107.69960000,-73.18109000
5.20690918,-100.25560000,-73.17924000
5.20751953,-93.21933000,-75.95987000
5.20812988,-87.73256000,-72.28640000
5.20874023,-88.63474000,-71.88910000
5.20935059,-90.70060000,-71.28005000
5.20996094,-91.85701000,-69.49561000
5.21057129,-99.84486000,-74.18040000
5.21118164,-111.16160000,-75.56635000
5.21179199,-96.55128000,-73.30336000
5.21240234,-97.29579000,-79.89716000
5.21301270,-91.38412000,-77.04557000
5.21362305,-92.47002000,-75.38003000
5.21423340,-94.95261000,-72.00517000
5.21484375,-95.00611000,-67.79932000
5.21545410,-91.52164000,-66.23621000
5.21606445,-96.16164000,-73.64594000
5.21667480,-91.14217000,-72.03677000
5.21728516,-91.28010000,-69.11961000
5.21789551,-100.36930000,-80.73494000
5.21850586,-99.77052000,-72.90012000
5.21911621,-91.40205000,-71.89357000
5.21972656,-94.39348000,-76.74227000
5.22033691,-98.43474000,-67.86812000
5.22094727,-91.85400000,-69.13618000
5.22155762,-90.36923000,-73.29929000
5.22216797,-91.92825000,-75.69128000
5.22277832,-95.39780000,-73.26131000
5.22338867,-91.71113000,-71.37454000
5.22399902,-83.89604000,-76.56116000
5.22460938,-86.75577000,-79.24006000
5.22521973,-102.76070000,-75.49734000
5.22583008,-93.87592000,-77.91618000
5.22644043,-87.48743000,-83.24020000
5.22705078,-86.98615000,-79.42376000
5.22766113,-89.82552000,-85.21696000
5.22827148,-92.03317000,-69.99371000
5.22888184,-95.96737000,-68.99629000
5.22949219,-97.72456000,-71.48248000
5.23010254,-95.04463000,-76.84575000
5.23071289,-91.55249000,-75.71999000
5.23132324,-90.72824000,-69.09859000
5.23193359,-95.08477000,-70.31012000
5.23254395,-97.59058000,-85.89280000
5.23315430,-94.72266000,-69.16638000
5.23376465,-89.90151000,-71.60580000
5.23437500,-91.87785000,-82.24396000
5.23498535,-94.36721000,-87.47032000
5.23559570,-98.89447000,-77.40923000
5.23620605,-98.51048000,-75.30914000
5.23681641,-105.35760000,-76.66109000
5.23742676,-102.60160000,-74.30297000
5.23803711,-93.50452000,-75.52367000
5.23864746,-97.49238000,-78.66655000
5.23925781,-102.10770000,-74.53035000
5.23986816,-103.54950000,-68.61510000
5.24047852,-101.38250000,-66.92587000
5.24108887,-97.60925000,-68.13390000
5.24169922,-91.86443000,-72.81036000
5.24230957,-95.23228000,-74.01252000
5.24291992,-112.00850000,-72.43613000
5.24353027,-105.05190000,-70.83388000
5.24414063,-100.12360000,-68.58281000
5.24475098,-104.18250000,-69.40175000
5.24536133,-101.29910000,-73.01511000
5.24597168,-107.77180000,-70.37035000
5.24658203,-97.74342000,-68.37268000
5.24719238,-91.89273000,-71.47761000
5.24780273,-94.66365000,-74.42523000
5.24841309,-103.58550000,-73.32112000
5.24902344,-96.38162000,-80.99376000
5.24963379,-80.63485000,-71.12685000
5.25024414,-76.97621000,-69.67403000
5.25085449,-82.76093000,-73.58455000
5.25146484,-95.78835000,-75.58543000
5.25207520,-91.90453000,-87.13601000
5.25268555,-91.42780000,-75.69836000
5.25329590,-95.56892000,-70.71584000
5.25390625,-88.87286000,-73.03900000
5.25451660,-94.85280000,-82.34985000
5.25512695,-104.23620000,-73.79693000
5.25573730,-94.17183000,-69.43852000
5.25634766,-88.67647000,-77.07306000
5.25695801,-87.86904000,-77.26065000
5.25756836,-92.67870000,-79.37956000
5.25817871,-93.68549000,-76.16806000
5.25878906,-103.09210000,-66.72257000
5.25939941,-93.24240000,-65.98569000
5.26000977,-91.35823000,-75.55961000
5.26062012,-99.36661000,-77.28600000
5.26123047,-89.96646000,-77.55369000
5.26184082,-89.29044000,-74.47620000
5.26245117,-93.25222000,-73.71770000
5.26306152,-89.84714000,-71.56361000
5.26367188,-85.59914000,-70.00960000
5.26428223,-88.48647000,-74.62760000
5.26489258,-88.98613000,-77.57903000
5.26550293,-88.57899000,-73.11530000
5.26611328,-91.33205000,-73.67532000
5.26672363,-96.97506000,-78.08855000
5.26733398,-93.15858000,-77.27429000
5.26794434,-88.62777000,-78.27651000
5.26855469,-90.28778000,-79.70847000
5.26916504,-90.75673000,-79.16150000
5.26977539,-88.83760000,-82.51740000
5.27038574,-92.61430000,-78.42686000
5.27099609,-90.09391000,-72.89167000
5.27160645,-91.04266000,-76.43521000
5.27221680,-113.52100000,-76.84290000
5.27282715,-91.93919000,-70.82705000
5.27343750,-91.55736000,-67.61539000
5.27404785,-89.05608000,-69.67242000
5.27465820,-87.48649000,-75.54514000
5.27526855,-88.38020000,-73.88114000
5.27587891,-90.54920000,-73.55846000
5.27648926,-94.66034000,-74.62160000
5.27709961,-99.32639000,-78.00537000
5.27770996,-99.66577000,-82.39491000
5.27832031,-102.97590000,-80.70782000
5.27893066,-108.40830000,-82.00863000
5.27954102,-95.20225000,-72.80585000
5.28015137,-88.41901000,-74.43304000
5.28076172,-87.16096000,-72.49722000
5.28137207,-90.11295000,-69.69756000
5.28198242,-92.46499000,-69.79483000
5.28259277,-90.01838000,-72.24746000
5.28320313,-83.76242000,-76.40806000
5.28381348,-79.19925000,-89.87174000
5.28442383,-81.86454000,-82.21511000
5.28503418,-88.67137000,-76.41229000
5.28564453,-94.70619000,-81.28035000
5.28625488,-104.79930000,-71.65724000
5.28686523,-96.65707000,-74.17823000
5.28747559,-95.58702000,-76.86917000
5.28808594,-101.04910000,-68.27507000
5.28869629,-98.72562000,-67.15226000
5.28930664,-102.64250000,-70.82245000
5.28991699,-94.91956000,-80.59804000
5.29052734,-89.12170000,-71.38202000
5.29113770,-86.38706000,-69.51257000
5.29174805,-87.94673000,-72.19479000
5.29235840,-91.56297000,-81.49512000
5.29296875,-90.65898000,-78.76601000
5.29357910,-94.35729000,-72.97675000
5.29418945,-105.52130000,-70.92126000
5.29479980,-98.24241000,-70.69511000
5.29541016,-92.71877000,-77.99382000
5.29602051,-93.68184000,-76.69675000
5.29663086,-94.26796000,-74.70447000
5.29724121,-89.25484000,-77.76434000
5.29785156,-89.35704000,-77.01403000
5.29846191,-99.71901000,-76.40296000
5.29907227,-95.62032000,-82.12708000
5.29968262,-97.06154000,-73.92272000
5.30029297,-103.15950000,-70.01289000
5.30090332,-99.71124000,-78.55704000
5.30151367,-93.05243000,-74.91269000
5.30212402,-91.99078000,-70.80373000
5.30273438,-93.81957000,-74.92609000
5.30334473,-87.73281000,-87.63457000
5.30395508,-90.32090000,-74.48684000
5.30456543,-99.42511000,-69.70518000
5.30517578,-99.73151000,-69.44854000
5.30578613,-95.57001000,-80.15823000
5.30639648,-100.82650000,-74.59977000
5.30700684,-92.80158000,-70.11105000
5.30761719,-89.03883000,-75.07741000
5.30822754,-89.27901000,-70.34438000
5.30883789,-91.06668000,-69.77834000
5.30944824,-99.16253000,-77.00354000
5.31005859,-94.99290000,-77.16972000
5.31066895,-98.07455000,-72.55113000
5.31127930,-109.98070000,-73.21015000
5.31188965,-97.24213000,-75.12188000
5.31250000,-91.15551000,-77.09997000
5.31311035,-81.54491000,-81.96452000
5.31372070,-76.67937000,-79.77289000
5.31433105,-81.23802000,-84.11605000
5.31494141,-101.98500000,-71.73695000
5.31555176,-98.99399000,-69.35267000
5.31616211,-89.27785000,-70.06959000
5.31677246,-85.84291000,-72.13081000
5.31738281,-89.08064000,-86.05588000
5.31799316,-94.91828000,-73.49715000
5.31860352,-89.17703000,-68.87813000
5.31921387,-85.24338000,-71.78384000
5.31982422,-84.94476000,-75.39893000
5.32043457,-88.22213000,-73.33847000
5.32104492,-93.93059000,-69.40279000
5.32165527,-95.55930000,-66.88130000
5.32226563,-93.20863000,-69.21960000
5.32287598,-91.49136000,-81.14052000
5.32348633,-88.36419000,-87.36370000
5.32409668,-93.23467000,-77.02214000
5.32470703,-108.43250000,-70.08870000
5.32531738,-95.01984000,-70.82603000
5.32592773,-88.73155000,-70.99609000
5.32653809,-88.78802000,-68.36089000
5.32714844,-91.40244000,-68.88860000
5.32775879,-89.39090000,-73.66422000
5.32836914,-88.98261000,-73.04401000
5.32897949,-93.17071000,-69.66660000
5.32958984,-89.47040000,-69.28307000
5.33020020,-86.55152000,-70.98679000
5.33081055,-87.11666000,-74.46868000
5.33142090,-86.62978000,-94.91059000
5.33203125,-90.65932000,-76.21545000
5.33264160,-96.65260000,-68.95751000
5.33325195,-97.01099000,-68.58841000
5.33386230,-95.19497000,-71.46148000
5.33447266,-91.74599000,-77.50621000
5.33508301,-89.56215000,-81.58435000
5.33569336,-88.79494000,-85.71988000
5.33630371,-89.22425000,-79.55327000
5.33691406,-89.39006000,-80.14085000
5.33752441,-87.28569000,-71.80460000
5.33813477,-85.25376000,-70.80108000
5.33874512,-85.46047000,-70.64930000
5.33935547,-87.17559000,-69.69975000
5.33996582,-88.96783000,-79.93121000
5.34057617,-89.10516000,-72.41231000
5.34118652,-90.68634000,-70.31303000
5.34179688,-91.84436000,-73.30791000
5.34240723,-90.10069000,-74.78620000
5.34301758,-90.21968000,-74.19550000
5.34362793,-87.10556000,-87.45965000
5.34423828,-88.08109000,-85.09625000
5.34484863,-93.56958000,-79.98907000
5.34545898,-89.07736000,-77.70586000
5.34606934,-88.37297000,-75.01494000
5.34667969,-88.84856000,-73.59901000
5.34729004,-86.68558000,-73.10627000
5.34790039,-89.84290000,-68.83987000
5.34851074,-98.68678000,-65.92540000
5.34912109,-91.94530000,-66.71131000
5.34973145,-89.10516000,-73.56256000
5.35034180,-90.96706000,-75.72288000
5.35095215,-91.67253000,-82.76601000
5.35156250,-90.03979000,-85.68449000
5.35217285,-89.89809000,-77.97225000
5.35278320,-89.95235000,-77.81651000
5.35339355,-91.01427000,-72.28769000
5.35400391,-95.33679000,-74.89392000
5.35461426,-96.08674000,-81.16013000
5.35522461,-94.42020000,-75.39035000
5.35583496,-95.47195000,-71.38465000
5.35644531,-103.95650000,-75.37902000
5.35705566,-92.11127000,-76.51328000
5.35766602,-85.74985000,-81.10727000
5.35827637,-86.41396000,-77.10110000
5.35888672,-89.86873000,-73.57739000
5.35949707,-88.08665000,-75.27623000
5.36010742,-86.96320000,-83.15750000
5.36071777,-89.69501000,-72.78723000
5.36132813,-96.55311000,-69.45137000
5.36193848,-102.43030000,-72.02664000
5.36254883,-98.65449000,-74.82870000
5.36315918,-104.98490000,-87.29187000
5.36376953,-88.52930000,-75.24832000
5.36437988,-87.89088000,-73.79424000
5.36499023,-97.88226000,-78.74300000
5.36560059,-106.23890000,-81.31138000
5.36621094,-100.73450000,-79.97954000
5.36682129,-97.49881000,-74.55839000
5.36743164,-102.02250000,-73.73277000
5.36804199,-95.79766000,-83.18264000
5.36865234,-88.73928000,-80.76012000
5.36926270,-88.32053000,-75.67670000
5.36987305,-90.58593000,-74.96072000
5.37048340,-90.92292000,-75.64111000
5.37109375,-98.02886000,-80.24348000
5.37170410,-97.74609000,-89.84481000
5.37231445,-90.53758000,-79.19698000
5.37292480,-87.71371000,-71.82992000
5.37353516,-85.91586000,-69.01652000
5.37414551,-87.26509000,-69.01768000
5.37475586,-93.64167000,-73.98927000
5.37536621,-92.74596000,-76.16678000
5.37597656,-94.77116000,-76.57477000
5.37658691,-93.99342000,-76.54755000
5.37719727,-95.38158000,-74.80190000
5.37780762,-102.76600000,-70.46218000
5.37841797,-110.62170000,-68.66660000
5.37902832,-97.07922000,-69.39734000
5.37963867,-104.66330000,-71.24290000
5.38024902,-93.39070000,-78.60002000
5.38085938,-99.02100000,-75.56133000
5.38146973,-98.96841000,-86.18576000
5.38208008,-99.74559000,-71.51198000
5.38269043,-98.63686000,-67.17165000
5.38330078,-98.28937000,-66.23395000
5.38391113,-93.27057000,-66.29401000
5.38452148,-92.82230000,-68.30263000
5.38513184,-98.17538000,-78.48615000
5.38574219,-88.31488000,-79.85970000
5.38635254,-86.40125000,-82.21729000
5.38696289,-90.56665000,-94.79039000
5.38757324,-91.09921000,-88.98627000
5.38818359,-86.53144000,-84.46672000
5.38879395,-84.89968000,-79.02985000
5.38940430,-87.98682000,-77.58905000
5.39001465,-91.86535000,-83.14037000
5.39062500,-91.35315000,-79.54562000
5.39123535,-89.98851000,-72.49226000
5.39184570,-92.70644000,-68.88005000
5.39245605,-103.70680000,-69.88720000
5.39306641,-94.22855000,-71.78694000
5.39367676,-89.89326000,-71.94436000
5.39428711,-98.54581000,-80.64914000
5.39489746,-99.62167000,-80.14958000
5.39550781,-98.05973000,-82.35196000
5.39611816,-96.19567000,-73.14606000
5.39672852,-91.99736000,-73.25932000
5.39733887,-101.04050000,-82.43983000
5.39794922,-96.17870000,-72.74699000
5.39855957,-93.88390000,-79.61639000
5.39916992,-94.69444000,-89.79015000
5.39978027,-83.51283000,-78.81680000
5.40039063,-83.90744000,-71.08809000
5.40100098,-91.72610000,-71.39854000
5.40161133,-100.73690000,-76.44734000
5.40222168,-95.39384000,-84.07162000
5.40283203,-93.24356000,-85.48263000
5.40344238,-90.22103000,-76.81067000
5.40405273,-87.48340000,-72.25473000
5.40466309,-88.45560000,-68.85954000
5.40527344,-90.36772000,-68.26338000
5.40588379,-92.84889000,-72.81064000
5.40649414,-93.30070000,-79.46259000
5.40710449,-91.14977000,-80.00682000
5.40771484,-90.60283000,-75.04501000
5.40832520,-91.97504000,-80.53850000
5.40893555,-98.46046000,-79.65335000
5.40954590,-102.62810000,-77.00366000
5.41015625,-99.85301000,-74.69855000
5.41076660,-90.05661000,-76.66136000
5.41137695,-88.91288000,-81.48515000
5.41198730,-88.21713000,-75.60609000
5.41259766,-91.02356000,-74.64784000
5.41320801,-94.28201000,-76.12425000
5.41381836,-88.33972000,-74.10333000
5.41442871,-85.42049000,-77.45382000
5.41503906,-89.43556000,-80.65080000
5.41564941,-89.13165000,-75.65520000
5.41625977,-91.60858000,-76.06406000
5.41687012,-93.87534000,-74.29909000
5.41748047,-96.96087000,-71.27705000
5.41809082,-89.14299000,-71.49202000
5.41870117,-87.02483000,-71.51320000
5.41931152,-87.85526000,-87.48351000
5.41992188,-88.60360000,-77.43111000
5.42053223,-91.34357000,-73.12637000
5.42114258,-91.68732000,-72.95097000
5.42175293,-95.67623000,-74.90656000
5.42236328,-101.81920000,-85.27127000
5.42297363,-101.35650000,-79.04527000
5.42358398,-106.01440000,-83.93875000
5.42419434,-97.16353000,-74.44934000
5.42480469,-100.11960000,-73.68147000
5.42541504,-98.78486000,-74.86235000
5.42602539,-95.54722000,-84.23400000
5.42663574,-93.46005000,-104.50570000
5.42724609,-87.75483000,-81.87896000
5.42785645,-87.66869000,-74.57653000
5.42846680,-91.49684000,-80.81140000
5.42907715,-96.20613000,-71.07250000
5.42968750,-97.63676000,-67.14523000
5.43029785,-92.01100000,-68.74379000
5.43090820,-92.24334000,-70.88285000
5.43151855,-96.43005000,-76.61248000
5.43212891,-96.19287000,-83.83305000
5.43273926,-92.99265000,-71.38658000
5.43334961,-96.80412000,-68.43858000
5.43395996,-89.54684000,-72.53243000
5.43457031,-87.29850000,-73.40980000
5.43518066,-90.89619000,-71.07722000
5.43579102,-95.37994000,-72.40947000
5.43640137,-88.12146000,-75.57741000
5.43701172,-88.83546000,-80.13469000
5.43762207,-97.91090000,-90.28477000
5.43823242,-94.64874000,-80.78436000
5.43884277,-97.17292000,-73.83130000
5.43945313,-92.20493000,-72.98648000
5.44006348,-91.38420000,-72.61500000
5.44067383,-93.26180000,-71.81555000
5.44128418,-95.88569000,-81.38329000
5.44189453,-105.51850000,-74.29373000
5.44250488,-107.12870000,-76.82671000
5.44311523,-95.24430000,-77.66978000
5.44372559,-87.33891000,-79.35305000
5.44433594,-86.79514000,-72.04341000
5.44494629,-91.57199000,-71.50355000
5.44555664,-94.07809000,-77.13231000
5.44616699,-94.94063000,-80.11558000
5.44677734,-103.25750000,-71.34262000
5.44738770,-91.58395000,-71.20948000
5.44799805,-85.06596000,-78.35056000
5.44860840,-83.65478000,-76.94283000
5.44921875,-86.47689000,-71.48309000
5.44982910,-88.11908000,-69.58282000
5.45043945,-87.45904000,-69.53938000
5.45104980,-93.75775000,-70.03074000
5.45166016,-94.95395000,-69.35736000
5.45227051,-88.18129000,-70.95872000
5.45288086,-85.67779000,-72.94775000
5.45349121,-88.82145000,-71.42195000
5.45410156,-96.41499000,-72.66341000
5.45471191,-97.91724000,-74.30203000
5.45532227,-88.17834000,-75.62347000
5.45593262,-86.03919000,-74.28706000
5.45654297,-86.89957000,-69.86462000
5.45715332,-89.19383000,-71.13262000
5.45776367,-91.34732000,-82.34432000
5.45837402,-90.13388000,-68.71727000
5.45898438,-85.96326000,-68.67158000
5.45959473,-88.37724000,-75.92638000
5.46020508,-113.39310000,-72.01561000
5.46081543,-91.66856000,-71.29029000
5.46142578,-87.55680000,-75.63605000
5.46203613,-86.51715000,-70.83530000
5.46264648,-86.99466000,-69.63811000
5.46325684,-88.32623000,-72.77314000
5.46386719,-93.06619000,-79.72628000
5.46447754,-91.95763000,-78.30672000
5.46508789,-87.56999000,-81.77700000
5.46569824,-88.58278000,-74.48466000
5.46630859,-94.80321000,-69.40628000
5.46691895,-99.58324000,-72.80448000
5.46752930,-93.79910000,-76.60789000
5.46813965,-94.12714000,-73.28007000
5.46875000,-91.47131000,-84.31712000
5.46936035,-87.82471000,-71.21409000
5.46997070,-86.38512000,-71.65919000
5.47058105,-89.11472000,-82.40517000
5.47119141,-93.94655000,-78.14616000
5.47180176,-86.85767000,-78.88991000
5.47241211,-86.10764000,-77.45737000
5.47302246,-90.31994000,-70.84959000
5.47363281,-94.77483000,-70.86289000
5.47424316,-104.52460000,-75.25158000
5.47485352,-88.93863000,-74.96998000
5.47546387,-90.78618000,-75.28628000
5.47607422,-110.41900000,-77.26114000
5.47668457,-98.48560000,-76.60735000
5.47729492,-96.58851000,-76.26463000
5.47790527,-92.77337000,-72.90380000
5.47851563,-94.04110000,-69.92013000
5.47912598,-88.39883000,-73.11708000
5.47973633,-89.05225000,-73.04891000
5.48034668,-92.68646000,-72.84334000
5.48095703,-91.00549000,-77.06712000
5.48156738,-87.57588000,-80.52608000
5.48217773,-87.20246000,-75.29037000
5.48278809,-91.26085000,-72.74056000
5.48339844,-93.92892000,-75.76694000
5.48400879,-89.67944000,-83.04352000
5.48461914,-92.49238000,-83.68813000
5.48522949,-102.53850000,-74.17154000
5.48583984,-104.90270000,-82.02478000
5.48645020,-92.91211000,-75.64340000
5.48706055,-96.81987000,-71.02415000
5.48767090,-92.51768000,-73.24995000
5.48828125,-88.16222000,-78.61581000
5.48889160,-90.19707000,-76.93729000
5.48950195,-92.36080000,-71.62996000
5.49011230,-89.35954000,-80.83093000
5.49072266,-93.28944000,-73.85493000
5.49133301,-95.98759000,-71.46740000
5.49194336,-91.73660000,-71.58149000
5.49255371,-94.29283000,-71.61150000
5.49316406,-100.05860000,-67.16729000
5.49377441,-97.82971000,-67.07715000
5.49438477,-92.42160000,-70.53173000
5.49499512,-90.02769000,-75.49460000
5.49560547,-91.28403000,-94.99222000
5.49621582,-90.28854000,-82.83973000
5.49682617,-90.97688000,-83.40916000
5.49743652,-89.87876000,-72.07208000
5.49804688,-93.62797000,-75.17136000
5.49865723,-89.47213000,-78.44601000
5.49926758,-92.46977000,-76.45670000
5.49987793,-97.32711000,-71.86441000
5.50048828,-91.00158000,-70.81508000
5.50109863,-88.74526000,-76.83856000
5.50170898,-93.15257000,-76.11989000
5.50231934,-96.58713000,-71.99153000
5.50292969,-100.80150000,-71.79671000
5.50354004,-94.77711000,-77.70629000
5.50415039,-90.60014000,-77.45732000
5.50476074,-91.85173000,-75.35935000
5.50537109,-92.68190000,-76.65195000
5.50598145,-90.70263000,-77.40114000
5.50659180,-90.70274000,-77.43214000
5.50720215,-92.88931000,-77.87177000
5.50781250,-92.85783000,-77.39196000
5.50842285,-94.56017000,-77.68403000
5.50903320,-95.75093000,-88.74528000
5.50964355,-95.43755000,-78.75984000
5.51025391,-96.77834000,-75.79503000
5.51086426,-96.71165000,-90.62474000
5.51147461,-88.34798000,-74.52821000
5.51208496,-89.65916000,-71.89481000
5.51269531,-102.04970000,-72.57459000
5.51330566,-97.75545000,-72.30352000
5.51391602,-95.10773000,-76.15337000
5.51452637,-97.26147000,-85.36867000
5.51513672,-102.41440000,-71.36826000
5.51574707,-99.28734000,-69.58775000
5.51635742,-103.82320000,-75.81847000
5.51696777,-96.03593000,-77.82321000
5.51757813,-90.15896000,-73.60652000
5.51818848,-90.07816000,-75.14195000
5.51879883,-89.98512000,-86.18430000
5.51940918,-91.34383000,-90.15941000
5.52001953,-96.41964000,-82.38046000
5.52062988,-92.08655000,-92.11362000
5.52124023,-89.95777000,-84.81345000
5.52185059,-91.23238000,-86.43697000
5.52246094,-91.31065000,-77.32510000
5.52307129,-92.45473000,-74.01049000
5.52368164,-86.92749000,-77.48933000
5.52429199,-86.63548000,-79.83221000
5.52490234,-88.03761000,-79.71397000
5.52551270,-88.26151000,-84.10577000
5.52612305,-102.16290000,-73.93305000
5.52673340,-100.69500000,-70.50076000
5.52734375,-111.67820000,-73.30881000
5.52795410,-101.37730000,-83.00465000
5.52856445,-92.41304000,-70.96829000
5.52917480,-91.33536000,-73.71127000
5.52978516,-91.19664000,-79.26036000
5.53039551,-92.73483000,-77.19332000
5.53100586,-94.08860000,-72.86964000
5.53161621,-107.00680000,-71.12552000
5.53222656,-92.35748000,-71.29647000
5.53283691,-99.64891000,-77.42045000
5.53344727,-91.74374000,-87.77688000
5.53405762,-86.90758000,-84.13972000
5.53466797,-88.58262000,-82.81040000
5.53527832,-95.30421000,-90.96553000
5.53588867,-90.90450000,-75.96944000
5.53649902,-91.73236000,-71.38857000
5.53710938,-94.98625000,-69.03793000
5.53771973,-92.18137000,-68.85172000
5.53833008,-87.97804000,-68.61307000
5.53894043,-86.40946000,-68.47665000
5.53955078,-89.69492000,-71.12762000
5.54016113,-92.67684000,-72.27734000
5.54077148,-89.80460000,-69.65775000
5.54138184,-89.05997000,-67.81144000
5.54199219,-92.48869000,-68.89134000
5.54260254,-92.46831000,-73.98349000
5.54321289,-100.91110000,-74.31409000
5.54382324,-95.55705000,-79.01820000
5.54443359,-92.54898000,-83.85006000
5.54504395,-97.96529000,-70.32304000
5.54565430,-98.12747000,-68.48082000
5.54626465,-98.75887000,-70.30979000
5.54687500,-101.40440000,-72.17352000
5.54748535,-98.87914000,-74.84164000
5.54809570,-114.93000000,-72.17845000
5.54870605,-103.18660000,-69.27248000
5.54931641,-94.99374000,-75.58472000
5.54992676,-110.41710000,-74.51201000
5.55053711,-93.33153000,-70.14897000
5.55114746,-93.04310000,-71.68573000
5.55175781,-96.70396000,-72.60371000
5.55236816,-102.60820000,-75.91006000
5.55297852,-90.63487000,-70.69630000
5.55358887,-82.81816000,-67.57554000
5.55419922,-86.11980000,-69.65089000
5.55480957,-86.34454000,-73.70444000
5.55541992,-85.56430000,-75.23343000
5.55603027,-89.97146000,-71.35768000
5.55664063,-99.87047000,-67.06836000
5.55725098,-97.36305000,-69.38355000
5.55786133,-97.61654000,-80.76129000
5.55847168,-95.80852000,-76.36252000
5.55908203,-88.58615000,-70.07129000
5.55969238,-91.66550000,-69.47252000
5.56030273,-108.90700000,-73.07695000
5.56091309,-90.72258000,-71.29415000
5.56152344,-93.70088000,-67.49141000
5.56213379,-100.18960000,-68.50735000
5.56274414,-102.60840000,-73.39688000
5.56335449,-97.94417000,-72.88947000
5.56396484,-89.56153000,-73.22900000
5.56457520,-91.81724000,-72.92316000
5.56518555,-92.67021000,-75.25850000
5.56579590,-89.11589000,-80.28549000
5.56640625,-90.49590000,-77.37269000
5.56701660,-92.22793000,-73.31217000
5.56762695,-91.27737000,-68.35237000
5.56823730,-92.91348000,-70.04584000
5.56884766,-91.54047000,-74.47068000
5.56945801,-90.52980000,-87.83447000
5.57006836,-99.75456000,-73.21367000
5.57067871,-94.05053000,-74.40620000
5.57128906,-92.50699000,-75.81187000
5.57189941,-85.62944000,-76.43655000
5.57250977,-87.36121000,-71.42725000
5.57312012,-86.56847000,-67.96898000
5.57373047,-86.70615000,-71.10819000
5.57434082,-88.33564000,-77.31438000
5.57495117,-88.17564000,-95.76969000
5.57556152,-89.07698000,-76.31106000
5.57617188,-96.44206000,-74.21240000
5.57678223,-111.78560000,-78.57526000
5.57739258,-99.99358000,-86.34796000
5.57800293,-96.86657000,-77.41601000
5.57861328,-96.29262000,-76.11646000
5.57922363,-95.39040000,-77.06351000
5.57983398,-107.74200000,-80.93175000
5.58044434,-93.39322000,-72.30786000
5.58105469,-91.92688000,-71.91178000
5.58166504,-95.63949000,-83.99746000
5.58227539,-107.12600000,-76.16358000
5.58288574,-99.42522000,-80.96669000
5.58349609,-104.54590000,-78.29865000
5.58410645,-105.91580000,-79.67174000
5.58471680,-96.58244000,-86.21713000
5.58532715,-90.83391000,-78.26305000
5.58593750,-90.26593000,-71.44244000
5.58654785,-90.26409000,-69.78956000
5.58715820,-92.35584000,-72.97678000
5.58776855,-97.96250000,-75.11275000
5.58837891,-95.03276000,-75.92721000
5.58898926,-98.24422000,-72.77798000
5.58959961,-109.43480000,-71.85092000
5.59020996,-95.74481000,-72.70293000
5.59082031,-104.60220000,-72.13516000
5.59143066,-106.39890000,-71.57971000
5.59204102,-107.77310000,-71.69949000
5.59265137,-95.94618000,-77.35177000
5.59326172,-92.19497000,-81.62418000
5.59387207,-93.77205000,-88.82900000
5.59448242,-93.20894000,-72.68034000
5.59509277,-92.26433000,-70.99601000
5.59570313,-91.57442000,-76.33904000
5.59631348,-94.65048000,-77.81277000
5.59692383,-95.00807000,-85.98109000
5.59753418,-89.42555000,-86.27995000
5.59814453,-93.10180000,-73.52512000
5.59875488,-99.06150000,-68.98308000
5.59936523,-91.54210000,-74.11082000
5.59997559,-92.38252000,-83.61297000
5.60058594,-101.75650000,-82.48361000
5.60119629,-88.91196000,-81.08794000
5.60180664,-89.72321000,-74.40955000
5.60241699,-109.21700000,-72.32430000
5.60302734,-95.64201000,-69.78257000
5.60363770,-93.50788000,-69.48518000
5.60424805,-88.17804000,-70.69618000
5.60485840,-88.47960000,-73.05716000
5.60546875,-92.68871000,-75.46093000
5.60607910,-94.65100000,-76.93475000
5.60668945,-95.61649000,-78.77410000
5.60729980,-98.18096000,-75.25237000
5.60791016,-108.73470000,-76.94497000
5.60852051,-95.01088000,-78.21941000
5.60913086,-93.87390000,-71.96542000
5.60974121,-91.40160000,-81.42909000
5.61035156,-102.74480000,-73.18758000
5.61096191,-90.67130000,-71.38997000
5.61157227,-88.83263000,-75.36312000
5.61218262,-90.22913000,-73.65155000
5.61279297,-90.84866000,-79.49600000
5.61340332,-82.29836000,-71.81567000
5.61401367,-81.29463000,-69.50199000
5.61462402,-87.10237000,-70.95040000
5.61523438,-90.10973000,-76.73669000
5.61584473,-90.47678000,-73.84554000
5.61645508,-95.16267000,-70.24726000
5.61706543,-101.63400000,-66.19144000
5.61767578,-93.40633000,-65.39746000
5.61828613,-94.28654000,-69.90888000
5.61889648,-98.60207000,-84.47895000
5.61950684,-96.23447000,-81.19955000
5.62011719,-93.69661000,-74.01759000
5.62072754,-90.80696000,-76.23681000
5.62133789,-89.73192000,-78.46715000
5.62194824,-86.44150000,-76.92602000
5.62255859,-87.73350000,-78.50885000
5.62316895,-91.17958000,-75.58509000
5.62377930,-86.25507000,-75.39410000
5.62438965,-88.70411000,-72.68274000
5.62500000,-95.65334000,-77.80365000
5.62561035,-92.85561000,-75.91055000
5.62622070,-94.13161000,-70.46577000
5.62683105,-96.07640000,-70.25153000
5.62744141,-100.13290000,-69.51726000
5.62805176,-99.43335000,-72.00131000
5.62866211,-94.03553000,-83.79951000
5.62927246,-87.72635000,-74.97886000
5.62988281,-84.97900000,-73.17694000
5.63049316,-85.84760000,-88.07767000
5.63110352,-85.89936000,-68.51836000
5.63171387,-87.83646000,-66.64047000
5.63232422,-95.77213000,-69.71427000
5.63293457,-95.79186000,-76.61948000
5.63354492,-99.33945000,-79.94866000
5.63415527,-101.30510000,-73.37994000
5.63476563,-97.50638000,-75.03117000
5.63537598,-91.95770000,-75.25211000
5.63598633,-95.46397000,-80.90873000
5.63659668,-101.47840000,-80.72466000
5.63720703,-108.00470000,-80.07416000
5.63781738,-98.19629000,-77.19691000
5.63842773,-96.03880000,-79.73991000
5.63903809,-93.95550000,-74.76178000
5.63964844,-89.31312000,-66.42445000
5.64025879,-89.26353000,-65.81599000
5.64086914,-90.75699000,-68.78187000
5.64147949,-94.65440000,-70.77386000
5.64208984,-99.09148000,-73.28645000
5.64270020,-98.69250000,-76.65464000
5.64331055,-86.55045000,-77.54050000
5.64392090,-85.95893000,-72.29922000
5.64453125,-91.31740000,-68.33057000
5.64514160,-99.85526000,-68.07539000
5.64575195,-99.03558000,-68.89104000
5.64636230,-96.23199000,-68.62872000
5.64697266,-96.93068000,-68.24738000
5.64758301,-100.24600000,-67.12842000
5.64819336,-98.63634000,-69.70727000
5.64880371,-89.77684000,-79.42506000
5.64941406,-93.98917000,-69.61530000
5.65002441,-111.05880000,-68.91391000
5.65063477,-92.93269000,-70.58292000
5.65124512,-87.78339000,-74.19778000
5.65185547,-89.32861000,-72.56819000
5.65246582,-93.06749000,-67.61255000
5.65307617,-94.38705000,-68.56348000
5.65368652,-101.91680000,-84.52529000
5.65429688,-101.05670000,-74.97665000
5.65490723,-106.94440000,-76.53506000
5.65551758,-94.51163000,-78.48559000
5.65612793,-91.31843000,-85.47662000
5.65673828,-90.38354000,-72.40794000
5.65734863,-97.76267000,-72.79608000
5.65795898,-92.29953000,-85.59460000
5.65856934,-84.93629000,-84.02500000
5.65917969,-83.55698000,-72.49556000
5.65979004,-88.34193000,-71.11324000
5.66040039,-100.04570000,-75.47432000
5.66101074,-91.26389000,-75.62362000
5.66162109,-86.22166000,-75.72289000
5.66223145,-88.68866000,-73.00726000
5.66284180,-93.99003000,-79.08189000
5.66345215,-99.81488000,-73.35405000
5.66406250,-87.70619000,-69.87163000
5.66467285,-85.98400000,-73.52659000
5.66528320,-90.94712000,-78.23646000
5.66589355,-90.68074000,-84.31347000
5.66650391,-92.33192000,-72.76434000
5.66711426,-91.59560000,-75.55780000
5.66772461,-94.54452000,-86.66873000
5.66833496,-98.57678000,-82.47319000
5.66894531,-97.30656000,-78.00692000
5.66955566,-100.20410000,-67.55235000
5.67016602,-97.78142000,-65.96098000
5.67077637,-94.38264000,-72.35084000
5.67138672,-95.36809000,-78.88797000
5.67199707,-97.67396000,-71.30746000
5.67260742,-102.08830000,-72.47359000
5.67321777,-94.52972000,-77.56458000
5.67382813,-91.65019000,-67.85275000
5.67443848,-95.91348000,-64.76422000
5.67504883,-89.75386000,-68.24848000
5.67565918,-93.65149000,-70.05302000
5.67626953,-95.63969000,-69.95517000
5.67687988,-97.39098000,-78.50359000
5.67749023,-101.72200000,-74.22260000
5.67810059,-99.11790000,-70.68919000
5.67871094,-90.41703000,-70.71725000
5.67932129,-89.55642000,-73.67210000
5.67993164,-92.54459000,-80.66528000
5.68054199,-91.76077000,-76.80400000
5.68115234,-88.64931000,-83.83652000
5.68176270,-92.86746000,-78.20676000
5.68237305,-110.96220000,-74.88011000
5.68298340,-97.65839000,-69.47166000
5.68359375,-91.32618000,-69.39196000
5.68420410,-90.73991000,-76.95309000
5.68481445,-95.77055000,-91.79649000
5.68542480,-105.10140000,-72.90515000
5.68603516,-110.03710000,-67.95008000
5.68664551,-99.00166000,-68.71698000
5.68725586,-90.43952000,-70.87913000
5.68786621,-87.67842000,-71.71696000
5.68847656,-91.88510000,-76.47232000
5.68908691,-100.88400000,-77.22778000
5.68969727,-100.05730000,-84.74159000
5.69030762,-105.72620000,-74.27364000
5.69091797,-93.11614000,-68.97043000
5.69152832,-89.90836000,-66.36716000
5.69213867,-94.03998000,-67.72332000
5.69274902,-90.40611000,-76.37500000
5.69335938,-85.37074000,-78.18772000
5.69396973,-87.65062000,-72.65926000
5.69458008,-91.65742000,-73.05328000
5.69519043,-94.23428000,-74.20029000
5.69580078,-91.98468000,-75.49970000
5.69641113,-89.25397000,-73.69497000
5.69702148,-91.30850000,-69.97430000
5.69763184,-97.41215000,-70.95739000
5.69824219,-89.01005000,-76.00655000
5.69885254,-91.92253000,-85.07034000
5.69946289,-99.57053000,-76.74094000
5.70007324,-91.71310000,-80.01556000
5.70068359,-91.21941000,-70.97558000
5.70129395,-101.65120000,-75.26237000
5.70190430,-103.09170000,-78.85148000
5.70251465,-102.21400000,-76.29872000
5.70312500,-92.46895000,-77.47327000
5.70373535,-92.66034000,-67.41077000
5.70434570,-97.31793000,-67.99002000
5.70495605,-91.20156000,-78.17872000
5.70556641,-97.28119000,-79.26128000
5.70617676,-94.75155000,-68.40154000
5.70678711,-90.08385000,-67.90334000
5.70739746,-91.53777000,-73.69992000
5.70800781,-96.42345000,-81.81017000
5.70861816,-99.69672000,-72.46306000
5.70922852,-94.50150000,-73.80786000
5.70983887,-89.60862000,-75.39594000
5.71044922,-92.18201000,-75.31669000
5.71105957,-112.55790000,-91.17845000
5.71166992,-91.30070000,-76.57699000
5.71228027,-90.34058000,-72.58864000
5.71289063,-106.90080000,-77.27254000
5.71350098,-88.25781000,-94.14537000
5.71411133,-87.04095000,-84.03779000
5.71472168,-89.65283000,-77.88902000
5.71533203,-98.42455000,-78.88238000
5.71594238,-99.90825000,-69.97681000
5.71655273,-95.97867000,-69.46935000
5.71716309,-96.10512000,-73.01114000
5.71777344,-102.79760000,-72.64331000
5.71838379,-93.41711000,-71.68349000
5.71899414,-88.36773000,-78.37736000
5.71960449,-89.05038000,-71.13293000
5.72021484,-94.87218000,-68.27237000
5.72082520,-99.19846000,-72.09644000
5.72143555,-95.90919000,-76.54509000
5.72204590,-93.07647000,-72.60001000
5.72265625,-92.13754000,-72.84105000
5.72326660,-92.07092000,-77.36681000
5.72387695,-91.96008000,-78.90015000
5.72448730,-95.52716000,-75.33438000
5.72509766,-111.63680000,-73.28616000
5.72570801,-93.00050000,-77.14387000
5.72631836,-93.91663000,-78.61090000
5.72692871,-90.23312000,-77.55638000
5.72753906,-90.50450000,-75.71266000
5.72814941,-97.70939000,-79.87749000
5.72875977,-99.81022000,-83.45592000
5.72937012,-88.93097000,-77.16553000
5.72998047,-87.63169000,-74.32655000
5.73059082,-90.50133000,-71.65793000
5.73120117,-91.26067000,-79.89661000
5.73181152,-90.01169000,-76.15001000
5.73242188,-95.48237000,-77.56131000
5.73303223,-89.77126000,-94.35660000
5.73364258,-86.58458000,-81.96391000
5.73425293,-88.75082000,-82.15637000
5.73486328,-88.29742000,-83.56673000
5.73547363,-87.17159000,-74.66557000
5.73608398,-87.56364000,-78.05519000
5.73669434,-89.02487000,-80.41734000
5.73730469,-92.47261000,-77.04634000
5.73791504,-102.79880000,-77.65640000
5.73852539,-97.21069000,-71.98997000
5.73913574,-93.85376000,-67.85499000
5.73974609,-92.17343000,-70.38718000
5.74035645,-90.51225000,-75.13370000
5.74096680,-90.67395000,-69.98940000
5.74157715,-97.12601000,-68.74259000
5.74218750,-99.14761000,-66.54921000
5.74279785,-99.98438000,-67.26441000
5.74340820,-105.08920000,-73.76941000
5.74401855,-96.56100000,-79.70754000
5.74462891,-97.03820000,-78.60822000
5.74523926,-101.72620000,-79.23519000
5.74584961,-99.76877000,-73.29845000
5.74645996,-94.91109000,-72.14069000
5.74707031,-95.18687000,-75.34695000
5.74768066,-93.88727000,-80.34367000
5.74829102,-91.42844000,-87.03630000
5.74890137,-95.31140000,-73.46606000
5.74951172,-97.99371000,-71.76230000
5.75012207,-91.15657000,-73.58504000
5.75073242,-86.55617000,-77.69933000
5.75134277,-85.42902000,-77.12340000
5.75195313,-84.82848000,-74.19630000
5.75256348,-89.20510000,-75.96999000
5.75317383,-95.78147000,-72.13491000
5.75378418,-101.26080000,-73.91232000
5.75439453,-88.62464000,-79.61652000
5.75500488,-83.53314000,-76.59965000
5.75561523,-83.72144000,-73.17267000
5.75622559,-85.62679000,-74.84709000
5.75683594,-86.29703000,-76.93001000
5.75744629,-92.55660000,-73.32632000
5.75805664,-96.00787000,-71.87843000
5.75866699,-90.67792000,-70.03570000
5.75927734,-95.89012000,-69.90578000
5.75988770,-108.45860000,-75.13116000
5.76049805,-107.06480000,-76.09755000
5.76110840,-91.88591000,-73.07715000
5.76171875,-86.45364000,-71.52244000
5.76232910,-88.47472000,-70.67382000
5.76293945,-102.80820000,-70.37650000
5.76354980,-86.81968000,-71.18286000
5.76416016,-87.72310000,-75.61347000
5.76477051,-98.66853000,-81.72031000
5.76538086,-90.35641000,-103.08080000
5.76599121,-96.11865000,-77.44659000
5.76660156,-98.22469000,-74.18333000
5.76721191,-89.51997000,-77.13721000
5.76782227,-89.32658000,-79.00452000
5.76843262,-93.69691000,-75.44479000
5.76904297,-89.10898000,-71.25868000
5.76965332,-89.05773000,-75.47566000
5.77026367,-95.45134000,-79.17377000
5.77087402,-97.55772000,-77.69167000
5.77148438,-90.77939000,-77.10723000
5.77209473,-96.11390000,-74.66589000
5.77270508,-97.66243000,-82.31078000
5.77331543,-94.06270000,-81.52435000
5.77392578,-96.36657000,-76.11655000
5.77453613,-96.69109000,-73.09608000
5.77514648,-91.05080000,-72.85083000
5.77575684,-94.07602000,-85.10177000
5.77636719,-119.68540000,-69.74268000
5.77697754,-101.81160000,-69.31456000
5.77758789,-95.71854000,-71.88618000
5.77819824,-90.63115000,-83.56216000
5.77880859,-91.13504000,-72.01804000
5.77941895,-93.82162000,-70.87515000
5.78002930,-104.89410000,-75.53105000
5.78063965,-94.17992000,-82.71445000
5.78125000,-92.34734000,-79.24452000
5.78186035,-93.76288000,-76.37437000
5.78247070,-92.86231000,-80.27568000
5.78308105,-98.23238000,-75.98611000
5.78369141,-94.49243000,-75.95818000
5.78430176,-101.35510000,-80.55210000
5.78491211,-91.28600000,-78.88668000
5.78552246,-86.48235000,-76.33887000
5.78613281,-85.31018000,-77.06535000
5.78674316,-92.70544000,-75.42767000
5.78735352,-104.31430000,-72.47821000
5.78796387,-102.35030000,-71.70731000
5.78857422,-92.49037000,-70.19456000
5.78918457,-90.09898000,-72.07192000
5.78979492,-95.00450000,-76.01516000
5.79040527,-94.43608000,-76.36919000
5.79101563,-93.78323000,-73.65234000
5.79162598,-92.70645000,-73.75361000
5.79223633,-93.86290000,-78.26392000
5.79284668,-89.99712000,-84.93240000
5.79345703,-83.85738000,-79.42731000
5.79406738,-85.35165000,-76.03043000
5.79467773,-85.94944000,-80.47685000
5.79528809,-84.50017000,-74.48849000
5.79589844,-91.76668000,-72.69408000
5.79650879,-95.34952000,-70.24004000
5.79711914,-95.37406000,-70.17289000
5.79772949,-100.62930000,-66.64344000
5.79833984,-95.25511000,-65.76244000
5.79895020,-93.08135000,-71.37547000
5.79956055,-93.86260000,-77.37668000
5.80017090,-89.96484000,-77.47903000
5.80078125,-87.48572000,-78.39694000
5.80139160,-89.12796000,-77.94443000
5.80200195,-95.67236000,-76.53595000
5.80261230,-100.12320000,-70.42302000
5.80322266,-98.22247000,-70.01166000
5.80383301,-98.35392000,-76.39410000
5.80444336,-95.82851000,-72.68002000
5.80505371,-103.74710000,-74.57777000
5.80566406,-99.32082000,-76.54314000
5.80627441,-100.56350000,-69.13882000
5.80688477,-95.11411000,-72.35875000
5.80749512,-89.51666000,-86.14955000
5.80810547,-90.04157000,-71.66247000
5.80871582,-93.53867000,-67.64446000
5.80932617,-114.82740000,-67.97807000
5.80993652,-95.33377000,-76.63948000
5.81054688,-85.91124000,-74.78879000
5.81115723,-80.56551000,-81.02265000
5.81176758,-83.63290000,-79.01796000
5.81237793,-95.30435000,-72.48801000
5.81298828,-95.46445000,-73.43058000
5.81359863,-86.49350000,-81.49800000
5.81420898,-86.25106000,-83.18864000
5.81481934,-92.65094000,-71.99043000
5.81542969,-107.52190000,-70.88571000
5.81604004,-90.80993000,-75.32849000
5.81665039,-92.95575000,-77.01187000
5.81726074,-98.79926000,-73.69893000
5.81787109,-92.67049000,-76.72958000
5.81848145,-93.66779000,-81.84001000
5.81909180,-115.56920000,-87.43575000
5.81970215,-94.91325000,-73.67118000
5.82031250,-98.64035000,-72.68195000
5.82092285,-102.86840000,-77.37845000
5.82153320,-96.78838000,-80.02670000
5.82214355,-108.98650000,-75.37948000
5.82275391,-92.91467000,-79.80578000
5.82336426,-86.28874000,-79.84093000
5.82397461,-88.29250000,-74.13110000
5.82458496,-92.77432000,-78.24980000
5.82519531,-91.68524000,-75.15080000
5.82580566,-91.13261000,-77.49610000
5.82641602,-91.09723000,-71.73668000
5.82702637,-87.56679000,-70.27205000
5.82763672,-90.04032000,-78.38788000
5.82824707,-96.10593000,-84.86053000
5.82885742,-94.93126000,-79.79558000
5.82946777,-95.06596000,-72.17471000
5.83007813,-98.57278000,-74.13928000
5.83068848,-104.70570000,-71.12191000
5.83129883,-89.83089000,-72.20906000
5.83190918,-87.43843000,-81.46124000
5.83251953,-85.85149000,-82.67831000
5.83312988,-85.57229000,-72.69667000
5.83374023,-89.14604000,-70.12220000
5.83435059,-94.97208000,-74.39619000
5.83496094,-99.99875000,-81.70493000
5.83557129,-94.91292000,-79.68988000
5.83618164,-90.86745000,-84.62983000
5.83679199,-94.37025000,-73.04236000
5.83740234,-98.05663000,-69.89252000
5.83801270,-100.87580000,-72.36669000
5.83862305,-96.69264000,-76.91109000
5.83923340,-93.68892000,-78.02206000
5.83984375,-94.27319000,-75.50625000
5.84045410,-103.20300000,-75.89090000
5.84106445,-98.30311000,-86.02417000
5.84167480,-102.90390000,-71.74191000
5.84228516,-89.53449000,-67.33386000
5.84289551,-90.83462000,-66.82172000
5.84350586,-98.15942000,-67.98362000
5.84411621,-99.54179000,-71.19142000
5.84472656,-96.08214000,-76.47676000
5.84533691,-112.02130000,-85.78552000
5.84594727,-95.40625000,-74.58051000
5.84655762,-92.22569000,-69.67012000
5.84716797,-90.21512000,-68.79451000
5.84777832,-88.96011000,-70.64311000
5.84838867,-97.24944000,-72.72167000
5.84899902,-99.22723000,-68.69806000
5.84960938,-101.78260000,-66.34840000
5.85021973,-100.44890000,-70.84688000
5.85083008,-106.03590000,-87.63884000
5.85144043,-94.32539000,-79.17230000
5.85205078,-88.67715000,-77.55657000
5.85266113,-89.26057000,-79.85613000
5.85327148,-85.84924000,-74.21603000
5.85388184,-83.45590000,-75.27171000
5.85449219,-88.40649000,-82.76482000
5.85510254,-94.84618000,-71.98722000
5.85571289,-98.85022000,-71.07162000
5.85632324,-92.54527000,-74.62235000
5.85693359,-93.77887000,-74.19133000
5.85754395,-96.48009000,-72.11194000
5.85815430,-90.05692000,-74.03827000
5.85876465,-94.22004000,-80.46825000
5.85937500,-100.06390000,-89.39762000
5.85998535,-97.19865000,-78.44449000
5.86059570,-94.70190000,-75.48883000
5.86120605,-92.50011000,-71.76060000
5.86181641,-95.08048000,-68.76717000
5.86242676,-92.94270000,-72.27820000
5.86303711,-92.11853000,-79.74314000
5.86364746,-98.41153000,-74.68680000
5.86425781,-98.83252000,-72.03803000
5.86486816,-89.29291000,-73.72943000
5.86547852,-88.54781000,-74.79164000
5.86608887,-89.34983000,-74.84546000
5.86669922,-92.57686000,-86.94492000
5.86730957,-98.44646000,-75.21805000
5.86791992,-95.08858000,-79.11398000
5.86853027,-103.42600000,-79.81735000
5.86914063,-118.76460000,-79.41203000
5.86975098,-92.69930000,-82.01131000
5.87036133,-91.48824000,-69.04825000
5.87097168,-105.11170000,-69.73279000
5.87158203,-100.45650000,-82.72400000
5.87219238,-105.27450000,-73.69893000
5.87280273,-104.31950000,-71.60536000
5.87341309,-97.57182000,-72.56087000
5.87402344,-91.12664000,-80.79853000
5.87463379,-87.84995000,-78.44566000
5.87524414,-89.03145000,-83.91408000
5.87585449,-92.09081000,-72.90730000
5.87646484,-93.40234000,-71.94921000
5.87707520,-94.67625000,-71.07472000
5.87768555,-100.04250000,-71.74529000
5.87829590,-92.93914000,-75.71200000
5.87890625,-91.90996000,-74.39126000
5.87951660,-92.19054000,-91.50174000
5.88012695,-96.76509000,-82.31706000
5.88073730,-93.25120000,-75.41969000
5.88134766,-92.68294000,-68.71106000
5.88195801,-105.76590000,-67.41857000
5.88256836,-90.84039000,-68.37070000
5.88317871,-87.37823000,-85.93355000
5.88378906,-89.33128000,-73.27746000
5.88439941,-92.18927000,-73.93911000
5.88500977,-106.32430000,-73.91982000
5.88562012,-91.37382000,-75.90254000
5.88623047,-88.68483000,-77.53928000
5.88684082,-89.66267000,-73.79808000
5.88745117,-89.39438000,-75.94896000
5.88806152,-88.53828000,-79.48161000
5.88867188,-88.02311000,-72.15186000
5.88928223,-91.35957000,-75.78282000
5.88989258,-106.01020000,-80.74916000
5.89050293,-94.77742000,-72.00934000
5.89111328,-88.98015000,-73.18885000
5.89172363,-90.28140000,-83.01398000
5.89233398,-95.85765000,-71.77073000
5.89294434,-93.08041000,-71.73783000
5.89355469,-93.48878000,-73.61362000
5.89416504,-98.36442000,-72.49663000
5.89477539,-91.85045000,-72.77843000
5.89538574,-96.84332000,-69.37204000
5.89599609,-103.05460000,-67.99038000
5.89660645,-95.84168000,-72.97529000
5.89721680,-89.67114000,-71.55833000
5.89782715,-91.38622000,-70.09091000
5.89843750,-98.53517000,-69.99661000
5.89904785,-103.47680000,-70.59850000
5.89965820,-102.28540000,-72.58066000
5.90026855,-94.34501000,-77.31724000
5.90087891,-87.65044000,-85.27356000
5.90148926,-90.24821000,-74.21152000
5.90209961,-91.42351000,-67.96385000
5.90270996,-86.84024000,-67.44418000
5.90332031,-88.65244000,-68.25323000
5.90393066,-87.08299000,-69.67770000
5.90454102,-85.80376000,-79.04736000
5.90515137,-88.69956000,-74.20966000
5.90576172,-88.24245000,-74.06259000
5.90637207,-85.69225000,-77.85783000
5.90698242,-89.03996000,-72.75647000
5.90759277,-95.42247000,-67.63548000
5.90820313,-99.99866000,-67.57985000
5.90881348,-93.93268000,-70.46723000
5.90942383,-90.26742000,-77.01427000
5.91003418,-92.47276000,-95.27801000
5.91064453,-90.69053000,-79.84174000
5.91125488,-103.72400000,-74.91907000
5.91186523,-91.45135000,-73.27283000
5.91247559,-92.81973000,-73.52304000
5.91308594,-87.96452000,-73.29261000
5.91369629,-83.67256000,-72.98290000
5.91430664,-89.04214000,-71.56213000
5.91491699,-95.85160000,-70.29862000
5.91552734,-107.13290000,-73.45483000
5.91613770,-98.27145000,-74.45280000
5.91674805,-95.52039000,-72.75282000
5.91735840,-96.58942000,-81.57375000
5.91796875,-103.34290000,-81.81190000
5.91857910,-97.92326000,-73.25621000
5.91918945,-96.63718000,-69.49314000
5.91979980,-87.03328000,-70.42619000
5.92041016,-89.27069000,-73.46879000
5.92102051,-94.73260000,-81.79061000
5.92163086,-96.20480000,-75.09031000
5.92224121,-98.31193000,-73.13127000
5.92285156,-96.36730000,-81.45560000
5.92346191,-94.66273000,-89.39185000
5.92407227,-94.53083000,-79.20607000
5.92468262,-96.61919000,-81.66809000
5.92529297,-90.43489000,-80.06885000
5.92590332,-89.04960000,-71.00288000
5.92651367,-98.61859000,-70.28439000
5.92712402,-94.45439000,-73.02581000
5.92773438,-86.97969000,-70.97419000
5.92834473,-86.36632000,-75.38712000
5.92895508,-90.81603000,-77.88868000
5.92956543,-91.31856000,-71.10294000
5.93017578,-93.56660000,-70.05865000
5.93078613,-104.73120000,-73.16938000
5.93139648,-92.15039000,-77.03296000
5.93200684,-95.77744000,-77.35658000
5.93261719,-97.89610000,-76.63114000
5.93322754,-91.85813000,-78.53749000
5.93383789,-94.49089000,-85.02124000
5.93444824,-95.32962000,-85.49186000
5.93505859,-89.52480000,-82.85977000
5.93566895,-87.92400000,-73.77663000
5.93627930,-92.67918000,-72.11285000
5.93688965,-92.96545000,-72.65125000
5.93750000,-97.72821000,-84.31181000
5.93811035,-98.82745000,-75.29800000
5.93872070,-93.21166000,-75.48528000
5.93933105,-94.16421000,-87.97633000
5.93994141,-97.06155000,-80.01225000
5.94055176,-100.12450000,-85.52515000
5.94116211,-97.45651000,-88.70658000
5.94177246,-90.92052000,-82.00246000
5.94238281,-93.81989000,-81.97733000
5.94299316,-88.26496000,-72.79305000
5.94360352,-86.44286000,-69.20486000
5.94421387,-94.13699000,-70.52415000
5.94482422,-91.75128000,-71.71239000
5.94543457,-97.05919000,-76.21605000
5.94604492,-91.85770000,-77.75262000
5.94665527,-92.16666000,-71.73016000
5.94726563,-93.99480000,-70.21748000
5.94787598,-94.05903000,-70.78240000
5.94848633,-93.24068000,-77.47788000
5.94909668,-99.35088000,-89.39385000
5.94970703,-93.17339000,-80.50026000
5.95031738,-90.23579000,-73.79317000
5.95092773,-92.09178000,-68.44613000
5.95153809,-89.38613000,-69.10905000
5.95214844,-88.54544000,-72.98207000
5.95275879,-90.04383000,-80.86674000
5.95336914,-89.05357000,-76.52996000
5.95397949,-91.29867000,-68.53732000
5.95458984,-98.49057000,-72.94475000
5.95520020,-93.45303000,-72.91483000
5.95581055,-90.07915000,-71.55016000
5.95642090,-96.75529000,-77.77510000
5.95703125,-90.38125000,-75.67904000
5.95764160,-90.03124000,-69.17182000
5.95825195,-98.52024000,-70.57488000
5.95886230,-97.15109000,-72.12539000
5.95947266,-93.53072000,-71.35242000
5.96008301,-127.74280000,-72.04487000
5.96069336,-91.55045000,-77.61468000
5.96130371,-89.41499000,-87.31027000
5.96191406,-92.06081000,-84.48261000
5.96252441,-94.67780000,-83.95854000
5.96313477,-95.24017000,-71.07079000
5.96374512,-93.89590000,-69.21001000
5.96435547,-94.07211000,-71.32193000
5.96496582,-94.53690000,-73.04108000
5.96557617,-94.10718000,-74.97935000
5.96618652,-96.57127000,-75.01044000
5.96679688,-100.68010000,-73.97705000
5.96740723,-90.79457000,-75.28114000
5.96801758,-86.73749000,-75.13396000
5.96862793,-87.27584000,-75.01422000
5.96923828,-92.54078000,-72.06987000
5.96984863,-108.92010000,-78.08234000
5.97045898,-94.36139000,-70.64784000
5.97106934,-95.98048000,-69.02542000
5.97167969,-98.39585000,-74.32198000
5.97229004,-99.21528000,-83.60526000
5.97290039,-86.24852000,-80.49330000
5.97351074,-83.11614000,-73.94843000
5.97412109,-87.19372000,-70.11313000
5.97473145,-94.68225000,-69.97366000
5.97534180,-96.79910000,-74.34592000
5.97595215,-105.58880000,-77.26810000
5.97656250,-97.42342000,-73.46194000
5.97717285,-103.33800000,-69.92519000
5.97778320,-93.25199000,-69.22377000
5.97839355,-90.23605000,-73.69817000
5.97900391,-93.34197000,-72.32497000
5.97961426,-91.42493000,-70.68858000
5.98022461,-87.63202000,-71.31064000
5.98083496,-88.80437000,-72.60351000
5.98144531,-94.87309000,-74.86232000
5.98205566,-98.18924000,-76.85737000
5.98266602,-89.99562000,-81.37280000
5.98327637,-85.72667000,-80.72964000
5.98388672,-87.48280000,-74.04317000
5.98449707,-90.66158000,-69.14910000
5.98510742,-90.95049000,-68.42254000
5.98571777,-98.46351000,-70.59539000
5.98632813,-96.01505000,-73.91335000
5.98693848,-91.13074000,-76.24435000
5.98754883,-89.52859000,-72.56731000
5.98815918,-94.10840000,-76.02599000
5.98876953,-100.33600000,-80.99957000
5.98937988,-101.86680000,-72.98131000
5.98999023,-97.68343000,-73.22525000
5.99060059,-92.66881000,-76.44886000
5.99121094,-90.56520000,-77.88808000
5.99182129,-95.10983000,-77.77483000
5.99243164,-101.63320000,-75.87248000
5.99304199,-102.46360000,-73.92471000
5.99365234,-90.97701000,-78.30128000
5.99426270,-87.20366000,-85.08707000
5.99487305,-89.17321000,-82.13844000
5.99548340,-91.78094000,-83.17285000
5.99609375,-90.01965000,-71.83602000
5.99670410,-88.60770000,-74.55371000
5.99731445,-87.70035000,-81.53179000
5.99792480,-89.23408000,-74.66959000
5.99853516,-92.41688000,-69.98209000
5.99914551,-91.69857000,-74.46855000
5.99975586,-91.60231000,-72.62347000
6.00036621,-89.42549000,-74.16502000
6.00097656,-92.16394000,-75.10789000
6.00158691,-92.15619000,-70.60094000
6.00219727,-94.06812000,-67.98239000
6.00280762,-93.54279000,-66.26024000
6.00341797,-84.81808000,-66.13979000
6.00402832,-86.08716000,-70.47298000
6.00463867,-90.62715000,-77.27944000
6.00524902,-88.07915000,-74.05389000
6.00585938,-89.70671000,-75.09898000
6.00646973,-101.14060000,-75.03206000
6.00708008,-92.58553000,-77.96177000
6.00769043,-96.00409000,-73.43932000
6.00830078,-96.46530000,-74.66488000
6.00891113,-90.68816000,-74.02797000
6.00952148,-91.53264000,-77.13304000
6.01013184,-99.10797000,-84.95554000
6.01074219,-100.52850000,-74.05310000
6.01135254,-102.13610000,-72.31255000
6.01196289,-97.82666000,-76.17223000
6.01257324,-94.32997000,-73.11555000
6.01318359,-94.17159000,-85.34734000
6.01379395,-94.64908000,-77.21815000
6.01440430,-100.39450000,-77.85177000
6.01501465,-89.30378000,-78.48245000
6.01562500,-91.89681000,-83.29778000
6.01623535,-89.93713000,-75.20684000
6.01684570,-89.94098000,-71.14785000
6.01745605,-97.18101000,-76.77586000
6.01806641,-104.92390000,-74.63735000
6.01867676,-94.26698000,-70.12258000
6.01928711,-97.35569000,-68.80151000
6.01989746,-109.91300000,-72.80573000
6.02050781,-95.34964000,-79.17213000
6.02111816,-89.02257000,-84.22576000
6.02172852,-89.13318000,-79.23965000
6.02233887,-96.30185000,-76.11378000
6.02294922,-96.01757000,-73.25083000
6.02355957,-93.67326000,-72.78001000
6.02416992,-93.55150000,-79.48020000
6.02478027,-95.77402000,-101.55540000
6.02539063,-94.82284000,-83.95313000
6.02600098,-89.05979000,-69.78965000
6.02661133,-87.87012000,-67.46909000
6.02722168,-90.44078000,-70.31211000
6.02783203,-96.19455000,-72.23720000
6.02844238,-98.40455000,-74.35284000
6.02905273,-98.01294000,-77.98205000
6.02966309,-93.26111000,-77.30750000
6.03027344,-89.36703000,-83.79474000
6.03088379,-94.57616000,-82.88425000
6.03149414,-98.93011000,-106.13150000
6.03210449,-101.99320000,-87.74907000
6.03271484,-96.91080000,-76.23659000
6.03332520,-83.54733000,-73.85106000
6.03393555,-80.99548000,-80.69441000
6.03454590,-84.60219000,-80.68032000
6.03515625,-87.92767000,-76.10194000
6.03576660,-87.30004000,-78.58974000
6.03637695,-89.17859000,-79.91792000
6.03698730,-99.17279000,-74.99362000
6.03759766,-88.68423000,-76.99983000
6.03820801,-91.67844000,-79.61404000
6.03881836,-98.13300000,-71.08185000
6.03942871,-94.37431000,-69.15559000
6.04003906,-92.79584000,-69.32758000
6.04064941,-94.01984000,-71.78413000
6.04125977,-102.47180000,-74.71168000
6.04187012,-108.31210000,-76.53361000
6.04248047,-102.13680000,-70.06506000
6.04309082,-98.12801000,-66.42242000
6.04370117,-96.07625000,-70.73746000
6.04431152,-99.78455000,-70.56734000
6.04492188,-111.97830000,-71.65087000
6.04553223,-102.09630000,-73.12708000
6.04614258,-91.13168000,-76.20567000
6.04675293,-88.60625000,-71.12486000
6.04736328,-90.25253000,-69.65524000
6.04797363,-91.19737000,-73.64074000
6.04858398,-96.19130000,-75.12979000
6.04919434,-97.54974000,-83.11630000
6.04980469,-88.95792000,-73.98920000
6.05041504,-89.00575000,-93.84093000
6.05102539,-91.01651000,-73.71021000
6.05163574,-103.22670000,-71.53911000
6.05224609,-94.68250000,-72.46030000
6.05285645,-87.28387000,-71.60748000
6.05346680,-86.72798000,-72.04112000
6.05407715,-89.29642000,-84.13258000
6.05468750,-95.43231000,-75.56245000
6.05529785,-99.59140000,-73.17860000
6.05590820,-99.49884000,-69.96065000
6.05651855,-97.27371000,-67.46214000
6.05712891,-96.14854000,-68.70738000
6.05773926,-103.52440000,-69.55054000
6.05834961,-104.25140000,-70.74689000
6.05895996,-98.69920000,-67.94508000
6.05957031,-90.72231000,-69.39898000
6.06018066,-85.16242000,-78.83279000
6.06079102,-83.41035000,-85.88401000
6.06140137,-85.47511000,-88.59947000
6.06201172,-91.30164000,-79.90769000
6.06262207,-91.10030000,-74.06598000
6.06323242,-86.75398000,-73.85945000
6.06384277,-89.21446000,-81.09161000
6.06445313,-88.30097000,-82.52868000
6.06506348,-88.01575000,-72.04588000
6.06567383,-91.21910000,-70.75722000
6.06628418,-97.25494000,-72.97317000
6.06689453,-93.95164000,-77.65238000
6.06750488,-92.40480000,-89.72507000
6.06811523,-107.31440000,-83.12630000
6.06872559,-95.13029000,-87.52794000
6.06933594,-93.58102000,-84.33493000
6.06994629,-94.02165000,-77.99284000
6.07055664,-96.91196000,-71.65559000
6.07116699,-102.69150000,-74.58123000
6.07177734,-100.38040000,-86.06737000
6.07238770,-94.32756000,-80.12671000
6.07299805,-93.07361000,-74.48739000
6.07360840,-91.04187000,-73.94622000
6.07421875,-94.88443000,-89.39762000
6.07482910,-98.44662000,-73.70255000
6.07543945,-99.31186000,-73.01001000
6.07604980,-90.01530000,-81.13739000
6.07666016,-94.49104000,-82.82492000
6.07727051,-93.48878000,-73.80785000
6.07788086,-87.57915000,-69.90181000
6.07849121,-88.20470000,-70.30235000
6.07910156,-90.97069000,-71.06624000
6.07971191,-89.94506000,-72.73434000
6.08032227,-87.21059000,-70.04346000
6.08093262,-89.57336000,-70.48195000
6.08154297,-95.52421000,-79.69277000
6.08215332,-93.68847000,-74.96572000
6.08276367,-101.89280000,-76.85963000
6.08337402,-88.16518000,-71.96315000
6.08398438,-84.31351000,-74.86723000
6.08459473,-85.49437000,-77.17549000
6.08520508,-89.12122000,-71.53515000
6.08581543,-99.65561000,-73.84189000
6.08642578,-95.58369000,-78.53406000
6.08703613,-95.38865000,-73.86256000
6.08764648,-100.15960000,-84.81131000
6.08825684,-90.61409000,-74.19821000
6.08886719,-89.72846000,-78.70317000
6.08947754,-110.49640000,-71.10327000
6.09008789,-90.44094000,-68.67988000
6.09069824,-89.40182000,-77.86551000
6.09130859,-89.57529000,-72.54890000
6.09191895,-90.09624000,-72.64312000
6.09252930,-88.49827000,-88.55602000
6.09313965,-81.97772000,-75.52129000
6.09375000,-81.55252000,-76.55030000
6.09436035,-87.17604000,-81.88234000
6.09497070,-88.94672000,-84.51653000
6.09558105,-91.60249000,-74.71497000
6.09619141,-90.96790000,-73.42255000
6.09680176,-90.96765000,-79.66218000
6.09741211,-92.37908000,-84.69266000
6.09802246,-96.81165000,-76.89374000
6.09863281,-93.91837000,-75.30946000
6.09924316,-91.47591000,-76.81225000
6.09985352,-92.25593000,-81.58167000
6.10046387,-90.84138000,-71.17823000
6.10107422,-90.27092000,-74.62917000
6.10168457,-95.06186000,-89.50680000
6.10229492,-97.51446000,-94.76979000
6.10290527,-94.48615000,-86.39334000
6.10351563,-100.58800000,-75.35358000
6.10412598,-96.96335000,-71.93837000
6.10473633,-93.86872000,-75.08730000
6.10534668,-94.66798000,-77.90015000
6.10595703,-106.87980000,-79.45977000
6.10656738,-93.42690000,-74.12988000
6.10717773,-92.98908000,-71.55117000
6.10778809,-93.74187000,-70.46324000
6.10839844,-89.70731000,-68.70848000
6.10900879,-88.65223000,-69.99712000
6.10961914,-94.95109000,-78.41644000
6.11022949,-92.29788000,-81.21001000
6.11083984,-83.52423000,-75.83094000
6.11145020,-82.40862000,-82.40546000
6.11206055,-89.51347000,-75.14306000
6.11267090,-96.89803000,-77.79949000
6.11328125,-90.49504000,-75.39064000
6.11389160,-91.87690000,-74.59419000
6.11450195,-101.83240000,-76.36538000
6.11511230,-98.50230000,-77.06598000
6.11572266,-90.11031000,-76.88038000
6.11633301,-93.70263000,-75.30720000
6.11694336,-95.46541000,-77.01219000
6.11755371,-89.73955000,-85.94840000
6.11816406,-90.80402000,-88.50422000
6.11877441,-91.63860000,-87.98112000
6.11938477,-85.45029000,-74.69896000
6.11999512,-85.14330000,-73.57213000
6.12060547,-95.98151000,-73.21018000
6.12121582,-88.61350000,-71.45624000
6.12182617,-86.50268000,-76.66160000
6.12243652,-91.16331000,-73.34986000
6.12304688,-93.43667000,-73.37285000
6.12365723,-92.94395000,-76.63887000
6.12426758,-91.26685000,-77.73054000
6.12487793,-85.60292000,-73.67451000
6.12548828,-85.08254000,-74.13339000
6.12609863,-90.29724000,-78.84912000
6.12670898,-94.82101000,-74.01534000
6.12731934,-89.93785000,-78.68103000
6.12792969,-90.08457000,-108.46540000
6.12854004,-99.15094000,-72.29398000
6.12915039,-92.50439000,-68.62548000
6.12976074,-89.36685000,-71.77103000
6.13037109,-88.76006000,-76.28738000
6.13098145,-90.40697000,-79.02657000
6.13159180,-91.83174000,-74.83051000
6.13220215,-89.54321000,-70.97846000
6.13281250,-86.20070000,-71.08836000
6.13342285,-84.60828000,-72.20486000
6.13403320,-88.27283000,-73.35576000
6.13464355,-91.30283000,-84.51916000
6.13525391,-89.39057000,-73.49014000
6.13586426,-88.59405000,-68.99522000
6.13647461,-89.33189000,-70.36955000
6.13708496,-91.29647000,-79.53843000
6.13769531,-88.05459000,-77.78661000
6.13830566,-86.61980000,-75.85664000
6.13891602,-89.22893000,-91.30561000
6.13952637,-97.90511000,-75.73731000
6.14013672,-97.42519000,-71.88698000
6.14074707,-105.43830000,-68.60992000
6.14135742,-97.57382000,-66.02987000
6.14196777,-90.98540000,-66.26515000
6.14257813,-91.68304000,-68.98817000
6.14318848,-98.33670000,-72.93156000
6.14379883,-107.73070000,-76.30258000
6.14440918,-107.92790000,-77.27399000
6.14501953,-97.67424000,-87.17870000
6.14562988,-94.65001000,-71.45834000
6.14624023,-100.80500000,-69.55418000
6.14685059,-98.82436000,-76.79705000
6.14746094,-91.35550000,-86.53892000
6.14807129,-99.93159000,-77.30209000
6.14868164,-90.99368000,-71.28287000
6.14929199,-96.33722000,-68.76891000
6.14990234,-86.46281000,-71.64011000
6.15051270,-83.64930000,-78.39655000
6.15112305,-86.40202000,-83.86918000
6.15173340,-89.69476000,-70.66949000
6.15234375,-88.79253000,-66.66713000
6.15295410,-86.47225000,-67.11790000
6.15356445,-84.10579000,-66.33319000
6.15417480,-87.54269000,-67.67751000
6.15478516,-94.57393000,-81.45751000
6.15539551,-94.21296000,-80.47081000
6.15600586,-93.58595000,-81.98422000
6.15661621,-96.61067000,-79.68385000
6.15722656,-95.86705000,-73.78333000
6.15783691,-91.04160000,-76.84808000
6.15844727,-95.10924000,-71.10210000
6.15905762,-106.28170000,-72.90288000
6.15966797,-92.28264000,-78.33345000
6.16027832,-91.53733000,-79.44037000
6.16088867,-96.39144000,-76.59280000
6.16149902,-95.41365000,-73.03495000
6.16210938,-105.70020000,-74.58112000
6.16271973,-93.34990000,-86.58003000
6.16333008,-97.49382000,-83.49582000
6.16394043,-101.92490000,-88.15096000
6.16455078,-96.29025000,-73.38978000
6.16516113,-92.57581000,-74.51595000
6.16577148,-96.74535000,-73.13729000
6.16638184,-97.68802000,-70.76272000
6.16699219,-95.07608000,-73.85301000
6.16760254,-97.94519000,-73.68178000
6.16821289,-100.62130000,-74.65341000
6.16882324,-96.77497000,-77.80254000
6.16943359,-92.10183000,-78.31351000
6.17004395,-89.61742000,-74.99857000
6.17065430,-89.17610000,-68.70396000
6.17126465,-90.62180000,-68.99010000
6.17187500,-97.13148000,-70.67617000
6.17248535,-99.34158000,-69.53156000
6.17309570,-100.71380000,-69.28140000
6.17370605,-97.58752000,-70.99793000
6.17431641,-94.50344000,-73.19627000
6.17492676,-96.78574000,-73.87962000
6.17553711,-103.91910000,-70.88117000
6.17614746,-97.81017000,-71.08073000
6.17675781,-102.13830000,-77.32667000
6.17736816,-99.22227000,-78.21924000
6.17797852,-93.53799000,-75.41638000
6.17858887,-94.81965000,-77.25813000
6.17919922,-103.61650000,-83.02077000
6.17980957,-95.83729000,-72.10033000
6.18041992,-98.32368000,-70.89209000
6.18103027,-116.81770000,-80.27172000
6.18164063,-97.83389000,-71.33481000
6.18225098,-96.36715000,-73.65014000
6.18286133,-91.35695000,-80.89062000
6.18347168,-86.56367000,-74.96924000
6.18408203,-92.96198000,-71.53252000
6.18469238,-105.35810000,-74.48703000
6.18530273,-100.55960000,-88.10716000
6.18591309,-105.40200000,-80.33820000
6.18652344,-93.45073000,-77.91900000
6.18713379,-103.94590000,-82.73633000
6.18774414,-104.25470000,-76.48241000
6.18835449,-95.61777000,-76.02962000
6.18896484,-88.72874000,-80.37262000
6.18957520,-88.64483000,-75.36185000
6.19018555,-91.87735000,-77.36393000
6.19079590,-95.98584000,-83.29490000
6.19140625,-100.34070000,-80.61966000
6.19201660,-98.03250000,-78.99964000
6.19262695,-96.93043000,-76.27813000
6.19323730,-91.87817000,-70.73064000
6.19384766,-92.16587000,-70.87874000
6.19445801,-99.73248000,-70.24123000
6.19506836,-101.29170000,-69.59308000
6.19567871,-98.99451000,-70.65719000
6.19628906,-91.90048000,-76.95716000
6.19689941,-90.84929000,-80.74090000
6.19750977,-90.84115000,-75.85789000
6.19812012,-91.86011000,-74.40721000
6.19873047,-94.65887000,-73.23241000
6.19934082,-102.06700000,-75.18239000
6.19995117,-97.12248000,-82.15432000
6.20056152,-96.25012000,-80.03696000
6.20117188,-94.00887000,-75.26970000
6.20178223,-91.93335000,-76.34355000
6.20239258,-89.05853000,-77.50601000
6.20300293,-91.75757000,-80.22617000
6.20361328,-90.35107000,-77.07818000
6.20422363,-88.78753000,-83.15318000
6.20483398,-92.63333000,-74.26671000
6.20544434,-98.19954000,-72.00547000
6.20605469,-90.54967000,-90.68893000
6.20666504,-87.52013000,-74.21578000
6.20727539,-89.66561000,-71.46326000
6.20788574,-92.76948000,-73.42005000
6.20849609,-92.18394000,-75.71660000
6.20910645,-91.69453000,-77.85317000
6.20971680,-91.10267000,-79.45255000
6.21032715,-88.97702000,-75.60601000
6.21093750,-87.86140000,-73.05623000
6.21154785,-88.78610000,-70.45922000
6.21215820,-94.12049000,-73.65312000
6.21276855,-88.86852000,-81.89410000
6.21337891,-81.14773000,-84.16196000
6.21398926,-80.98991000,-82.48353000
6.21459961,-85.48141000,-74.84283000
6.21520996,-87.82811000,-74.74967000
6.21582031,-89.57823000,-70.85262000
6.21643066,-103.38580000,-70.46288000
6.21704102,-99.14972000,-72.26960000
6.21765137,-109.87890000,-69.81500000
6.21826172,-107.09340000,-70.61861000
6.21887207,-90.45273000,-76.77636000
6.21948242,-86.11412000,-77.15436000
6.22009277,-88.02840000,-76.31222000
6.22070313,-92.88196000,-78.25755000
6.22131348,-92.07088000,-79.38962000
6.22192383,-89.80307000,-72.10196000
6.22253418,-91.51251000,-69.67973000
6.22314453,-93.54842000,-72.64270000
6.22375488,-91.86008000,-74.41309000
6.22436523,-89.80750000,-74.12865000
6.22497559,-89.43727000,-71.68530000
6.22558594,-89.62914000,-69.51227000
6.22619629,-89.54874000,-74.74955000
6.22680664,-91.09909000,-81.00685000
6.22741699,-99.38923000,-82.10385000
6.22802734,-99.28804000,-75.23621000
6.22863770,-92.76958000,-81.51736000
6.22924805,-93.20671000,-83.82008000
6.22985840,-91.00600000,-71.34203000
6.23046875,-89.18243000,-67.89214000
6.23107910,-98.72984000,-71.08873000
6.23168945,-91.95678000,-79.91479000
6.23229980,-90.08671000,-70.62110000
6.23291016,-92.78579000,-72.20010000
6.23352051,-91.31625000,-73.39046000
6.23413086,-95.04444000,-71.16591000
6.23474121,-90.95329000,-73.37079000
6.23535156,-91.87001000,-74.57019000
6.23596191,-91.31776000,-69.75329000
6.23657227,-88.00533000,-72.51361000
6.23718262,-92.97601000,-77.87726000
6.23779297,-95.76476000,-74.42397000
6.23840332,-90.89367000,-70.56790000
6.23901367,-91.06381000,-68.88689000
6.23962402,-91.78504000,-69.55921000
6.24023438,-90.28881000,-72.00352000
6.24084473,-91.02574000,-78.10662000
6.24145508,-100.36790000,-83.16273000
6.24206543,-106.25880000,-81.02734000
6.24267578,-93.04002000,-74.92339000
6.24328613,-87.61795000,-71.73354000
6.24389648,-86.01098000,-72.61356000
6.24450684,-87.74334000,-72.27029000
6.24511719,-95.32964000,-69.37957000
6.24572754,-95.12932000,-68.26898000
6.24633789,-94.96259000,-69.93190000
6.24694824,-107.25480000,-76.76135000
6.24755859,-88.88135000,-75.67602000
6.24816895,-85.20741000,-73.90880000
6.24877930,-88.98070000,-78.49876000
6.24938965,-100.64450000,-77.46393000
6.25000000,-88.14874000,-84.75774000
6.25061035,-86.63663000,-77.04174000
6.25122070,-98.68846000,-75.49612000
6.25183105,-97.08153000,-75.51544000
6.25244141,-96.54186000,-74.96581000
6.25305176,-93.15633000,-74.37241000
6.25366211,-90.87638000,-79.89957000
6.25427246,-99.18144000,-82.99211000
6.25488281,-97.67017000,-78.56207000
6.25549316,-98.82302000,-77.34849000
6.25610352,-106.46770000,-71.47276000
6.25671387,-95.70367000,-69.66425000
6.25732422,-90.99682000,-71.15418000
6.25793457,-88.68364000,-74.81844000
6.25854492,-87.89562000,-79.81371000
6.25915527,-87.93858000,-80.35831000
6.25976563,-91.88248000,-72.42032000
6.26037598,-94.44230000,-70.12358000
6.26098633,-97.10082000,-69.97929000
6.26159668,-96.58863000,-78.01963000
6.26220703,-91.92679000,-73.90463000
6.26281738,-88.86268000,-70.06480000
6.26342773,-91.39136000,-69.47896000
6.26403809,-92.21400000,-70.98676000
6.26464844,-89.24060000,-77.90462000
6.26525879,-87.14027000,-86.04115000
6.26586914,-89.84394000,-75.26694000
6.26647949,-98.66513000,-72.12762000
6.26708984,-98.75761000,-77.66686000
6.26770020,-99.33659000,-88.23753000
6.26831055,-105.74870000,-72.97588000
6.26892090,-93.12496000,-69.10310000
6.26953125,-88.83980000,-77.58336000
6.27014160,-89.63786000,-79.63779000
6.27075195,-93.00476000,-71.85394000
6.27136230,-92.37914000,-71.14233000
6.27197266,-94.06999000,-74.74834000
6.27258301,-103.29990000,-94.69064000
6.27319336,-87.30704000,-83.22399000
6.27380371,-84.62430000,-75.63499000
6.27441406,-92.84553000,-67.88979000
6.27502441,-95.04019000,-69.25254000
6.27563477,-103.73150000,-73.51727000
6.27624512,-100.45280000,-71.96516000
6.27685547,-93.52365000,-75.11655000
6.27746582,-94.45065000,-72.25387000
6.27807617,-91.39595000,-68.47923000
6.27868652,-89.92979000,-68.57854000
6.27929688,-94.12514000,-70.93175000
6.27990723,-102.58410000,-79.27490000
6.28051758,-94.57010000,-81.95456000
6.28112793,-95.94469000,-79.24923000
6.28173828,-97.27293000,-73.80938000
6.28234863,-102.07210000,-76.20650000
6.28295898,-97.78355000,-79.63159000
6.28356934,-91.03093000,-76.33493000
6.28417969,-91.69817000,-73.26652000
6.28479004,-93.77834000,-73.74203000
6.28540039,-88.61320000,-72.39074000
6.28601074,-87.04742000,-72.34637000
6.28662109,-90.09299000,-75.24699000
6.28723145,-99.16122000,-80.25325000
6.28784180,-102.17760000,-76.80898000
6.28845215,-93.33754000,-77.93165000
6.28906250,-87.72011000,-72.72605000
6.28967285,-89.45210000,-68.80270000
6.29028320,-94.75859000,-69.92087000
6.29089355,-100.78030000,-76.14229000
6.29150391,-98.57739000,-83.34316000
6.29211426,-94.77248000,-82.22380000
6.29272461,-92.15079000,-73.26910000
6.29333496,-86.57758000,-69.57919000
6.29394531,-87.05896000,-75.71027000
6.29455566,-98.90543000,-73.89473000
6.29516602,-97.31004000,-73.11662000
6.29577637,-91.72500000,-73.53408000
6.29638672,-91.46477000,-74.18806000
6.29699707,-92.00954000,-76.10387000
6.29760742,-94.24287000,-70.96254000
6.29821777,-98.07973000,-68.78355000
6.29882813,-88.77513000,-67.67325000
6.29943848,-86.83913000,-68.71759000
6.30004883,-89.81970000,-74.03770000
6.30065918,-96.47752000,-79.54267000
6.30126953,-101.16990000,-70.28565000
6.30187988,-99.18684000,-68.70518000
6.30249023,-101.22850000,-69.28926000
6.30310059,-96.44617000,-72.26382000
6.30371094,-93.61678000,-79.77757000
6.30432129,-96.62578000,-81.77409000
6.30493164,-98.35045000,-81.17191000
6.30554199,-95.80291000,-81.67749000
6.30615234,-98.21923000,-76.52498000
6.30676270,-98.84550000,-75.66349000
6.30737305,-98.57997000,-73.04530000
6.30798340,-94.71123000,-70.42355000
6.30859375,-93.77232000,-74.17067000
6.30920410,-103.39070000,-84.66551000
6.30981445,-98.43941000,-78.71938000
6.31042480,-96.18658000,-76.62500000
6.31103516,-110.77930000,-87.24792000
6.31164551,-100.98380000,-79.22906000
6.31225586,-100.97770000,-78.92440000
6.31286621,-88.65238000,-76.05106000
6.31347656,-85.88742000,-81.39850000
6.31408691,-89.22672000,-78.55552000
6.31469727,-88.03913000,-76.49507000
6.31530762,-88.05877000,-78.41907000
6.31591797,-94.82233000,-83.97304000
6.31652832,-93.68414000,-82.24654000
6.31713867,-94.50729000,-76.55579000
6.31774902,-97.95025000,-80.62836000
6.31835938,-95.72503000,-83.37429000
6.31896973,-106.75660000,-75.92849000
6.31958008,-93.99117000,-72.61200000
6.32019043,-91.30975000,-69.13971000
6.32080078,-90.78514000,-69.50891000
6.32141113,-93.05129000,-81.07078000
6.32202148,-88.53134000,-72.31641000
6.32263184,-86.76250000,-72.35683000
6.32324219,-86.08397000,-81.69456000
6.32385254,-89.47549000,-73.84215000
6.32446289,-100.37240000,-78.62696000
6.32507324,-97.75421000,-83.10386000
6.32568359,-98.22025000,-74.46214000
6.32629395,-95.30807000,-74.39769000
6.32690430,-91.93585000,-77.19180000
6.32751465,-89.26586000,-74.98360000
6.32812500,-89.61443000,-73.80891000
6.32873535,-92.67442000,-71.38589000
6.32934570,-90.97395000,-74.98926000
6.32995605,-86.99706000,-79.67169000
6.33056641,-86.10060000,-71.13450000
6.33117676,-92.66786000,-73.60289000
6.33178711,-101.63460000,-79.91235000
6.33239746,-99.55959000,-87.52806000
6.33300781,-90.99437000,-93.65813000
6.33361816,-86.01099000,-77.84628000
6.33422852,-87.96283000,-85.27767000
6.33483887,-88.89452000,-76.76773000
6.33544922,-88.08543000,-79.98451000
6.33605957,-89.86141000,-78.80595000
6.33666992,-95.04692000,-73.55649000
6.33728027,-97.08253000,-74.95001000
6.33789063,-94.19350000,-76.67400000
6.33850098,-97.01813000,-73.04794000
6.33911133,-94.99966000,-72.29076000
6.33972168,-92.29927000,-75.20133000
6.34033203,-88.86703000,-76.90088000
6.34094238,-88.31789000,-75.55720000
6.34155273,-89.17014000,-82.03294000
6.34216309,-94.21979000,-77.34190000
6.34277344,-94.90352000,-74.56598000
6.34338379,-94.73857000,-84.46404000
6.34399414,-102.41780000,-72.75272000
6.34460449,-107.13920000,-72.53614000
6.34521484,-108.85400000,-72.61377000
6.34582520,-102.84150000,-73.13319000
6.34643555,-89.57818000,-79.11158000
6.34704590,-84.84148000,-72.95564000
6.34765625,-85.52756000,-75.52529000
6.34826660,-90.67397000,-79.25670000
6.34887695,-97.70810000,-77.06717000
6.34948730,-92.48959000,-84.67507000
6.35009766,-93.41422000,-83.99791000
6.35070801,-91.92459000,-78.30362000
6.35131836,-91.80054000,-71.32443000
6.35192871,-106.63500000,-66.63127000
6.35253906,-93.98425000,-69.72187000
6.35314941,-96.66220000,-74.57210000
6.35375977,-92.44560000,-73.09975000
6.35437012,-88.99751000,-74.52770000
6.35498047,-91.84157000,-70.40347000
6.35559082,-108.73020000,-74.14848000
6.35620117,-102.13430000,-71.01427000
6.35681152,-95.57647000,-71.56444000
6.35742188,-93.08624000,-84.18295000
6.35803223,-93.98099000,-78.73048000
6.35864258,-101.05470000,-75.11278000
6.35925293,-98.38293000,-80.71761000
6.35986328,-95.03804000,-72.92506000
6.36047363,-104.48440000,-72.26631000
6.36108398,-109.29960000,-78.05587000
6.36169434,-107.57900000,-79.99823000
6.36230469,-105.77340000,-74.25763000
6.36291504,-99.12502000,-71.90424000
6.36352539,-90.82956000,-72.14935000
6.36413574,-92.44035000,-70.00370000
6.36474609,-95.01418000,-70.14642000
6.36535645,-88.48055000,-75.93745000
6.36596680,-86.46098000,-85.44006000
6.36657715,-88.64212000,-84.40820000
6.36718750,-100.83170000,-80.37324000
6.36779785,-98.22742000,-80.35755000
6.36840820,-101.96340000,-81.64486000
6.36901855,-103.68790000,-75.26566000
6.36962891,-94.98842000,-71.53574000
6.37023926,-89.96101000,-74.45950000
6.37084961,-90.25719000,-75.73343000
6.37145996,-89.14407000,-74.86089000
6.37207031,-98.30731000,-75.96419000
6.37268066,-99.55000000,-74.93964000
6.37329102,-109.66260000,-79.38474000
6.37390137,-104.16800000,-96.62912000
6.37451172,-92.02240000,-79.60089000
6.37512207,-88.63720000,-75.01083000
6.37573242,-95.10621000,-76.22054000
6.37634277,-94.13017000,-72.95415000
6.37695313,-90.26637000,-71.39635000
6.37756348,-92.31656000,-75.93069000
6.37817383,-91.24362000,-91.50536000
6.37878418,-92.64981000,-72.33624000
6.37939453,-96.53596000,-68.59723000
6.38000488,-98.21372000,-71.20313000
6.38061523,-102.18770000,-72.94083000
6.38122559,-100.03740000,-75.84573000
6.38183594,-108.00710000,-92.99045000
6.38244629,-103.58360000,-75.71065000
6.38305664,-99.78652000,-71.47845000
6.38366699,-104.30700000,-71.64842000
6.38427734,-99.80379000,-76.67213000
6.38488770,-97.05254000,-81.13625000
6.38549805,-100.30930000,-76.53790000
6.38610840,-93.88493000,-81.55479000
6.38671875,-95.34935000,-88.62250000
6.38732910,-97.43652000,-83.52486000
6.38793945,-94.79583000,-76.89324000
6.38854980,-89.82998000,-70.87276000
6.38916016,-92.13128000,-68.04776000
6.38977051,-92.67966000,-69.12845000
6.39038086,-89.83433000,-78.57026000
6.39099121,-90.96650000,-81.39663000
6.39160156,-96.66222000,-80.02831000
6.39221191,-96.26591000,-77.29577000
6.39282227,-89.17609000,-72.32672000
6.39343262,-83.71359000,-69.67400000
6.39404297,-84.97094000,-71.45965000
6.39465332,-89.27390000,-73.36758000
6.39526367,-91.63489000,-72.10895000
6.39587402,-86.48118000,-73.99579000
6.39648438,-89.36852000,-74.21146000
6.39709473,-95.07717000,-70.05151000
6.39770508,-100.65760000,-69.82585000
6.39831543,-93.37242000,-74.92636000
6.39892578,-92.88675000,-78.83099000
6.39953613,-101.78720000,-74.36204000
6.40014648,-91.31112000,-72.26426000
6.40075684,-93.35872000,-71.35191000
6.40136719,-112.16480000,-69.17395000
6.40197754,-97.41437000,-68.46667000
6.40258789,-93.57506000,-72.38586000
6.40319824,-96.23653000,-75.21259000
6.40380859,-94.00374000,-78.62205000
6.40441895,-93.16646000,-90.52914000
6.40502930,-90.98647000,-88.75999000
6.40563965,-91.44894000,-81.19988000
6.40625000,-96.80465000,-77.15582000
6.40686035,-104.26740000,-70.83132000
6.40747070,-107.62500000,-69.34659000
6.40808105,-103.44780000,-70.58627000
6.40869141,-91.70803000,-72.21803000
6.40930176,-91.49937000,-94.70321000
6.40991211,-95.22705000,-69.59114000
6.41052246,-99.20335000,-67.93147000
6.41113281,-87.53241000,-74.50964000
6.41174316,-91.42148000,-72.58073000
6.41235352,-96.16517000,-72.96156000
6.41296387,-96.35109000,-80.68803000
6.41357422,-102.03620000,-76.78264000
6.41418457,-97.86353000,-73.96207000
6.41479492,-97.07932000,-72.74251000
6.41540527,-89.78275000,-72.38999000
6.41601563,-88.25700000,-77.51067000
6.41662598,-93.28911000,-89.63943000
6.41723633,-104.09340000,-85.42690000
6.41784668,-94.67999000,-75.26442000
6.41845703,-90.04585000,-75.17815000
6.41906738,-87.49648000,-75.88094000
6.41967773,-92.63379000,-82.33176000
6.42028809,-110.16780000,-78.90495000
6.42089844,-107.70880000,-80.86626000
6.42150879,-94.65378000,-76.18239000
6.42211914,-92.84212000,-67.24878000
6.42272949,-101.80730000,-66.77486000
6.42333984,-91.92478000,-70.50897000
6.42395020,-89.30981000,-67.78896000
6.42456055,-88.02222000,-67.78833000
6.42517090,-87.46645000,-72.30617000
6.42578125,-86.25157000,-80.48470000
6.42639160,-89.64581000,-78.40748000
6.42700195,-93.88973000,-79.46533000
6.42761230,-93.64037000,-81.83822000
6.42822266,-93.30762000,-79.62330000
6.42883301,-92.12249000,-81.76299000
6.42944336,-96.70055000,-72.06105000
6.43005371,-92.01369000,-71.27460000
6.43066406,-91.13084000,-73.60638000
6.43127441,-94.33276000,-70.78933000
6.43188477,-96.61464000,-73.86412000
6.43249512,-95.19659000,-76.20595000
6.43310547,-97.73762000,-77.06506000
6.43371582,-99.51519000,-75.09486000
6.43432617,-93.77402000,-73.53455000
6.43493652,-94.15767000,-75.52621000
6.43554688,-94.43683000,-73.82170000
6.43615723,-92.59986000,-71.38747000
6.43676758,-89.09796000,-71.12781000
6.43737793,-87.81620000,-69.26131000
6.43798828,-94.20682000,-71.09349000
6.43859863,-104.54830000,-93.62967000
6.43920898,-102.98570000,-72.68261000
6.43981934,-99.98239000,-72.15909000
6.44042969,-105.86090000,-75.79597000
6.44104004,-95.61644000,-74.93754000
6.44165039,-91.15344000,-83.43457000
6.44226074,-93.02122000,-84.28711000
6.44287109,-97.18320000,-77.37701000
6.44348145,-107.68520000,-71.19388000
6.44409180,-99.14532000,-73.20110000
6.44470215,-97.78419000,-85.19830000
6.44531250,-101.24140000,-77.48327000
6.44592285,-102.24380000,-76.07820000
6.44653320,-95.69293000,-71.88760000
6.44714355,-93.72943000,-72.44490000
6.44775391,-99.39142000,-77.40762000
6.44836426,-100.52110000,-82.07763000
6.44897461,-98.03745000,-73.15804000
6.44958496,-98.72777000,-70.49199000
6.45019531,-94.17850000,-74.04499000
6.45080566,-92.05592000,-72.24288000
6.45141602,-92.02262000,-73.72811000
6.45202637,-99.96422000,-75.17953000
6.45263672,-93.02142000,-71.04675000
6.45324707,-102.90610000,-69.82967000
6.45385742,-97.81042000,-70.08394000
6.45446777,-110.36200000,-72.04088000
6.45507813,-99.07902000,-82.25241000
6.45568848,-92.54500000,-75.62028000
6.45629883,-99.88745000,-70.91611000
6.45690918,-94.68584000,-70.14349000
6.45751953,-91.96789000,-68.48566000
6.45812988,-88.49243000,-69.34798000
6.45874023,-86.81886000,-69.70102000
6.45935059,-90.03218000,-68.72770000
6.45996094,-99.75038000,-66.91238000
6.46057129,-95.51564000,-68.50460000
6.46118164,-88.49390000,-77.01993000
6.46179199,-89.89934000,-74.35372000
6.46240234,-92.39170000,-72.39374000
6.46301270,-89.49812000,-71.90878000
6.46362305,-87.88238000,-70.29797000
6.46423340,-90.33307000,-69.61657000
6.46484375,-93.17863000,-74.11835000
6.46545410,-101.09900000,-78.51904000
6.46606445,-94.92188000,-86.77866000
6.46667480,-94.30046000,-71.61443000
6.46728516,-95.42728000,-71.40700000
6.46789551,-91.58858000,-77.79350000
6.46850586,-95.49961000,-75.49734000
6.46911621,-91.63947000,-70.82912000
6.46972656,-89.42397000,-70.18456000
6.47033691,-91.71584000,-68.58365000
6.47094727,-100.81460000,-70.49926000
6.47155762,-89.03203000,-74.15332000
6.47216797,-86.75826000,-74.91241000
6.47277832,-89.48040000,-78.30296000
6.47338867,-92.04593000,-84.71724000
6.47399902,-96.39535000,-83.23989000
6.47460938,-101.49730000,-81.94962000
6.47521973,-100.86440000,-81.01477000
6.47583008,-101.40900000,-76.69238000
6.47644043,-104.78180000,-80.04823000
6.47705078,-93.54234000,-78.45467000
6.47766113,-91.21376000,-75.91925000
6.47827148,-92.78522000,-73.53548000
6.47888184,-91.65799000,-74.01183000
6.47949219,-90.36244000,-77.49757000
6.48010254,-89.68808000,-88.67985000
6.48071289,-92.98229000,-74.74540000
6.48132324,-103.76770000,-78.95602000
6.48193359,-93.71853000,-72.64487000
6.48254395,-111.99850000,-75.06227000
6.48315430,-88.20580000,-81.30772000
6.48376465,-86.62965000,-72.41174000
6.48437500,-87.24429000,-72.55561000
6.48498535,-89.56107000,-78.24825000
6.48559570,-90.04930000,-77.52820000
6.48620605,-88.73570000,-71.95313000
6.48681641,-92.24793000,-75.30813000
6.48742676,-100.63840000,-86.15685000
6.48803711,-101.36010000,-85.06260000
6.48864746,-98.41267000,-88.70886000
6.48925781,-97.03171000,-75.88527000
6.48986816,-101.31880000,-73.87904000
6.49047852,-105.33410000,-81.98969000
6.49108887,-103.19630000,-93.11156000
6.49169922,-95.91902000,-68.14667000
6.49230957,-93.98385000,-65.05723000
6.49291992,-96.00667000,-68.41889000
6.49353027,-96.04515000,-73.91489000
6.49414063,-93.16682000,-79.74797000
6.49475098,-93.31883000,-82.78815000
6.49536133,-104.77170000,-80.64314000
6.49597168,-99.84979000,-84.38969000
6.49658203,-94.41013000,-74.00549000
6.49719238,-93.59134000,-71.22741000
6.49780273,-87.41071000,-71.34451000
6.49841309,-88.98383000,-72.37273000
6.49902344,-98.48041000,-81.38733000
6.49963379,-87.98502000,-75.66454000
6.50024414,-87.32707000,-73.79411000
6.50085449,-88.24703000,-81.34879000
6.50146484,-90.22716000,-73.17517000
6.50207520,-89.85716000,-69.20177000
6.50268555,-88.67947000,-69.18894000
6.50329590,-87.63837000,-71.40650000
6.50390625,-88.38439000,-77.96973000
6.50451660,-94.36526000,-77.11860000
6.50512695,-96.82167000,-75.28001000
6.50573730,-89.77266000,-75.83279000
6.50634766,-88.97515000,-89.81361000
6.50695801,-97.20430000,-82.24838000
6.50756836,-97.25087000,-73.35473000
6.50817871,-96.33969000,-73.09552000
6.50878906,-94.17423000,-82.47725000
6.50939941,-94.56172000,-85.26750000
6.51000977,-104.10240000,-79.08440000
6.51062012,-98.70486000,-78.75534000
6.51123047,-93.00900000,-82.12264000
6.51184082,-100.80160000,-73.13641000
6.51245117,-102.74200000,-72.12077000
6.51306152,-89.19079000,-75.63358000
6.51367188,-84.70323000,-83.44131000
6.51428223,-87.83087000,-80.56947000
6.51489258,-91.04575000,-83.01109000
6.51550293,-89.02298000,-78.46890000
6.51611328,-87.59197000,-76.93034000
6.51672363,-89.23167000,-77.51364000
6.51733398,-96.12613000,-80.31577000
6.51794434,-92.10184000,-73.41943000
6.51855469,-95.48859000,-73.36604000
6.51916504,-96.74663000,-77.24229000
6.51977539,-92.80641000,-71.70159000
6.52038574,-103.49420000,-73.81744000
6.52099609,-87.13580000,-71.16597000
6.52160645,-84.21338000,-71.48361000
6.52221680,-85.97733000,-76.19493000
6.52282715,-88.46348000,-77.00002000
6.52343750,-90.71042000,-78.53857000
6.52404785,-89.32449000,-78.29101000
6.52465820,-88.84911000,-79.58842000
6.52526855,-90.66270000,-72.24519000
6.52587891,-93.17827000,-71.77693000
6.52648926,-95.45212000,-76.51851000
6.52709961,-99.35030000,-90.82597000
6.52770996,-94.41383000,-75.74236000
6.52832031,-93.16049000,-78.14454000
6.52893066,-98.39150000,-74.81631000
6.52954102,-96.36810000,-73.05506000
6.53015137,-94.42295000,-73.25286000
6.53076172,-97.19054000,-81.59012000
6.53137207,-96.83849000,-82.63618000
6.53198242,-98.18916000,-76.73635000
6.53259277,-97.03661000,-70.92339000
6.53320313,-86.72298000,-70.18805000
6.53381348,-85.85262000,-69.82607000
6.53442383,-86.97990000,-69.35757000
6.53503418,-86.43527000,-73.47795000
6.53564453,-91.91444000,-80.77014000
6.53625488,-94.28636000,-86.36308000
6.53686523,-90.35202000,-72.33489000
6.53747559,-94.60544000,-70.96761000
6.53808594,-117.27080000,-83.70998000
6.53869629,-100.78580000,-75.55624000
6.53930664,-104.99580000,-81.68771000
6.53991699,-104.33320000,-78.67178000
6.54052734,-93.54579000,-78.49567000
6.54113770,-88.19268000,-90.61191000
6.54174805,-92.71278000,-82.66586000
6.54235840,-98.57484000,-79.29253000
6.54296875,-89.57381000,-79.52565000
6.54357910,-88.90710000,-75.74770000
6.54418945,-89.73479000,-74.53796000
6.54479980,-88.48109000,-74.14270000
6.54541016,-88.85851000,-74.22495000
6.54602051,-91.99472000,-77.90315000
6.54663086,-94.24572000,-78.70869000
6.54724121,-104.48060000,-81.40555000
6.54785156,-96.70381000,-79.96456000
6.54846191,-112.69000000,-78.23984000
6.54907227,-110.49500000,-81.62581000
6.54968262,-95.67135000,-77.62646000
6.55029297,-88.99612000,-76.29597000
6.55090332,-88.25191000,-86.12563000
6.55151367,-91.10719000,-77.13441000
6.55212402,-94.51992000,-78.10447000
6.55273438,-100.34760000,-80.02454000
6.55334473,-90.67760000,-75.19467000
6.55395508,-90.53622000,-72.55556000
6.55456543,-92.53755000,-77.61606000
6.55517578,-90.48657000,-89.13068000
6.55578613,-96.13931000,-82.54607000
6.55639648,-110.62320000,-83.24533000
6.55700684,-100.27780000,-76.67371000
6.55761719,-93.20795000,-80.20305000
6.55822754,-99.46518000,-72.95578000
6.55883789,-93.65429000,-71.77115000
6.55944824,-91.20872000,-75.95770000
6.56005859,-92.78210000,-88.40144000
6.56066895,-90.07072000,-76.96948000
6.56127930,-96.84610000,-72.12067000
6.56188965,-99.33952000,-71.98293000
6.56250000,-103.89660000,-78.86359000
6.56311035,-113.60710000,-72.91095000
6.56372070,-96.94354000,-68.64611000
6.56433105,-96.15511000,-67.56429000
6.56494141,-98.79711000,-71.59213000
6.56555176,-92.49809000,-83.33025000
6.56616211,-101.39250000,-80.09415000
6.56677246,-95.22633000,-74.84415000
6.56738281,-89.71396000,-72.17525000
6.56799316,-90.66321000,-80.08881000
6.56860352,-95.70236000,-75.00745000
6.56921387,-105.58910000,-69.94132000
6.56982422,-99.29904000,-74.02324000
6.57043457,-96.17380000,-111.98830000
6.57104492,-91.09328000,-82.17220000
6.57165527,-93.82611000,-75.66314000
6.57226563,-91.63136000,-76.55330000
6.57287598,-85.20245000,-73.67667000
6.57348633,-83.02129000,-71.90299000
6.57409668,-88.49785000,-75.93939000
6.57470703,-94.12663000,-72.83368000
6.57531738,-93.85543000,-73.23795000
6.57592773,-90.18262000,-81.37741000
6.57653809,-89.46435000,-80.90016000
6.57714844,-88.69666000,-76.79205000
6.57775879,-86.53611000,-73.62887000
6.57836914,-86.73080000,-77.45567000
6.57897949,-91.61332000,-72.33618000
6.57958984,-106.21420000,-69.92484000
6.58020020,-110.42000000,-69.26852000
6.58081055,-98.47602000,-69.02783000
6.58142090,-100.03460000,-67.91757000
6.58203125,-104.16100000,-69.68299000
6.58264160,-101.99730000,-76.07136000
6.58325195,-97.93984000,-78.56134000
6.58386230,-97.34845000,-72.36790000
6.58447266,-96.28422000,-69.58156000
6.58508301,-92.42097000,-72.29672000
6.58569336,-89.20506000,-73.52731000
6.58630371,-88.14105000,-72.61252000
6.58691406,-86.66808000,-78.93122000
6.58752441,-85.99646000,-85.54185000
6.58813477,-91.06121000,-77.95857000
6.58874512,-106.69250000,-90.32795000
6.58935547,-92.98603000,-75.93297000
6.58996582,-90.74344000,-76.11616000
6.59057617,-89.78123000,-79.08031000
6.59118652,-88.83964000,-75.30946000
6.59179688,-90.64665000,-71.66020000
6.59240723,-98.79787000,-70.27937000
6.59301758,-101.77250000,-73.27286000
6.59362793,-91.86039000,-75.85368000
6.59423828,-88.77052000,-71.85825000
6.59484863,-89.62755000,-67.56491000
6.59545898,-86.98417000,-71.06942000
6.59606934,-85.52207000,-80.62024000
6.59667969,-90.96306000,-71.91429000
6.59729004,-96.18460000,-72.81223000
6.59790039,-86.73435000,-81.07689000
6.59851074,-83.67082000,-88.87383000
6.59912109,-85.35072000,-83.96760000
6.59973145,-88.57892000,-83.54063000
6.60034180,-88.77843000,-79.77979000
6.60095215,-89.56216000,-73.54918000
6.60156250,-88.86420000,-78.08981000
6.60217285,-90.42801000,-80.58559000
6.60278320,-90.88283000,-73.97316000
6.60339355,-89.37250000,-71.78157000
6.60400391,-91.80438000,-68.69042000
6.60461426,-108.06120000,-67.26577000
6.60522461,-96.67573000,-69.46950000
6.60583496,-99.80965000,-73.05208000
6.60644531,-89.82769000,-72.31725000
6.60705566,-91.01746000,-81.21777000
6.60766602,-116.81100000,-75.82082000
6.60827637,-98.33549000,-78.86766000
6.60888672,-103.01440000,-75.46889000
6.60949707,-103.34850000,-74.43729000
6.61010742,-96.53856000,-71.58057000
6.61071777,-92.56224000,-69.37588000
6.61132813,-89.60941000,-75.24232000
6.61193848,-88.00912000,-79.27654000
6.61254883,-90.19333000,-73.48631000
6.61315918,-89.79128000,-73.40998000
6.61376953,-85.63576000,-78.37579000
6.61437988,-86.48058000,-76.53200000
6.61499023,-89.96529000,-79.30064000
6.61560059,-87.91709000,-74.07645000
6.61621094,-88.81015000,-68.29500000
6.61682129,-107.99490000,-72.35355000
6.61743164,-92.63147000,-87.29321000
6.61804199,-89.91878000,-80.67852000
6.61865234,-90.47182000,-72.63553000
6.61926270,-92.63686000,-72.17912000
6.61987305,-95.99170000,-71.95289000
6.62048340,-101.87160000,-68.44586000
6.62109375,-103.67320000,-68.52171000
6.62170410,-102.33500000,-71.80458000
6.62231445,-94.70390000,-75.30747000
6.62292480,-91.99290000,-78.14211000
6.62353516,-93.40729000,-76.22608000
6.62414551,-97.49924000,-81.36219000
6.62475586,-90.45708000,-85.23843000
6.62536621,-85.33974000,-103.70990000
6.62597656,-89.64043000,-82.10503000
6.62658691,-112.88070000,-82.78795000
6.62719727,-101.47720000,-79.20549000
6.62780762,-98.10072000,-69.80415000
6.62841797,-97.43910000,-68.03183000
6.62902832,-97.14730000,-70.87402000
6.62963867,-91.65607000,-76.90870000
6.63024902,-94.56152000,-87.34231000
6.63085938,-94.21605000,-75.65393000
6.63146973,-90.48824000,-70.70108000
6.63208008,-98.03836000,-71.70344000
6.63269043,-100.73320000,-70.93673000
6.63330078,-92.03884000,-74.20903000
6.63391113,-90.10110000,-72.93404000
6.63452148,-94.63081000,-78.18494000
6.63513184,-93.99583000,-76.89673000
6.63574219,-92.83073000,-74.41229000
6.63635254,-93.70134000,-80.42552000
6.63696289,-96.72441000,-75.43588000
6.63757324,-92.22047000,-70.73882000
6.63818359,-87.73838000,-71.59032000
6.63879395,-87.79533000,-74.91512000
6.63940430,-92.91171000,-76.95998000
6.64001465,-98.64169000,-78.61019000
6.64062500,-99.61201000,-72.74454000
6.64123535,-98.82148000,-69.27828000
6.64184570,-95.43644000,-71.44721000
6.64245605,-93.98762000,-75.92103000
6.64306641,-90.30219000,-78.95384000
6.64367676,-90.65247000,-73.02280000
6.64428711,-101.75530000,-70.78131000
6.64489746,-107.31800000,-71.10966000
6.64550781,-97.28699000,-77.67833000
6.64611816,-98.93419000,-86.31827000
6.64672852,-91.05896000,-86.74356000
6.64733887,-86.56892000,-80.01565000
6.64794922,-89.42755000,-82.15823000
6.64855957,-91.06476000,-76.63174000
6.64916992,-92.31917000,-71.18564000
6.64978027,-94.29466000,-76.88174000
6.65039063,-89.39406000,-71.32040000
6.65100098,-89.30511000,-75.00441000
6.65161133,-89.54152000,-109.61410000
6.65222168,-92.80043000,-81.42304000
6.65283203,-94.84839000,-76.73550000
6.65344238,-91.93855000,-76.95134000
6.65405273,-96.72547000,-76.06506000
6.65466309,-99.56699000,-79.14673000
6.65527344,-88.51732000,-77.79620000
6.65588379,-85.81025000,-73.71088000
6.65649414,-91.11347000,-71.75440000
6.65710449,-95.47073000,-72.06585000
6.65771484,-89.90536000,-72.72407000
6.65832520,-96.00252000,-76.35558000
6.65893555,-95.95039000,-85.31968000
6.65954590,-87.63852000,-96.83926000
6.66015625,-88.29688000,-80.32462000
6.66076660,-95.62616000,-76.32079000
6.66137695,-95.74350000,-73.01569000
6.66198730,-89.84580000,-73.94055000
6.66259766,-96.81808000,-82.20582000
6.66320801,-101.08670000,-75.40093000
6.66381836,-94.55379000,-77.38040000
6.66442871,-91.54988000,-77.27390000
6.66503906,-86.93015000,-73.27905000
6.66564941,-86.87717000,-72.70760000
6.66625977,-94.74197000,-73.40579000
6.66687012,-95.24475000,-69.91328000
6.66748047,-90.60442000,-68.13673000
6.66809082,-91.15456000,-72.72887000
6.66870117,-99.52502000,-80.38894000
6.66931152,-112.68300000,-80.07918000
6.66992188,-98.42147000,-78.96554000
6.67053223,-102.16230000,-73.83236000
6.67114258,-92.11102000,-69.95875000
6.67175293,-88.79401000,-71.45295000
6.67236328,-90.78231000,-70.71568000
6.67297363,-104.07740000,-66.54582000
6.67358398,-94.83418000,-65.99899000
6.67419434,-92.48680000,-68.56774000
6.67480469,-97.81619000,-72.13836000
6.67541504,-93.81463000,-74.81106000
6.67602539,-95.76913000,-78.05524000
6.67663574,-95.44716000,-76.94955000
6.67724609,-90.58813000,-80.64175000
6.67785645,-87.84522000,-78.20033000
6.67846680,-86.99301000,-78.66142000
6.67907715,-93.29010000,-81.14006000
6.67968750,-99.83904000,-75.54864000
6.68029785,-104.06460000,-77.69967000
6.68090820,-105.91750000,-79.30618000
6.68151855,-108.95380000,-76.73726000
6.68212891,-92.52602000,-79.73230000
6.68273926,-90.58788000,-70.72174000
6.68334961,-99.43089000,-69.40789000
6.68395996,-100.43210000,-74.57774000
6.68457031,-94.37180000,-72.37128000
6.68518066,-90.42171000,-69.74565000
6.68579102,-89.24847000,-70.99021000
6.68640137,-91.70078000,-74.63869000
6.68701172,-96.81033000,-71.57904000
6.68762207,-89.16658000,-75.29727000
6.68823242,-91.71616000,-79.68851000
6.68884277,-104.84580000,-73.52174000
6.68945313,-91.67874000,-73.02992000
6.69006348,-88.60066000,-74.53464000
6.69067383,-88.10828000,-77.52496000
6.69128418,-87.75349000,-85.50639000
6.69189453,-89.81637000,-84.79695000
6.69250488,-93.97330000,-73.12656000
6.69311523,-92.47115000,-69.90643000
6.69372559,-97.13176000,-74.70577000
6.69433594,-93.21036000,-80.36003000
6.69494629,-91.98428000,-86.49648000
6.69555664,-103.40700000,-82.28737000
6.69616699,-96.93242000,-78.85115000
6.69677734,-94.34279000,-82.58592000
6.69738770,-91.93367000,-75.65009000
6.69799805,-85.35919000,-73.25413000
6.69860840,-84.62523000,-70.70478000
6.69921875,-91.01653000,-72.36996000
6.69982910,-90.50042000,-80.22552000
6.70043945,-84.48361000,-76.72484000
6.70104980,-85.17552000,-82.79411000
6.70166016,-87.50243000,-84.26574000
6.70227051,-89.38101000,-72.52704000
6.70288086,-93.05221000,-67.63667000
6.70349121,-101.04100000,-70.95905000
6.70410156,-92.14624000,-78.84983000
6.70471191,-93.28862000,-76.11533000
6.70532227,-93.52184000,-71.28345000
6.70593262,-92.35550000,-72.31052000
6.70654297,-95.60806000,-72.73549000
6.70715332,-107.58740000,-71.74174000
6.70776367,-92.56216000,-76.93612000
6.70837402,-86.63492000,-73.69318000
6.70898438,-89.80713000,-70.98140000
6.70959473,-98.06122000,-89.53609000
6.71020508,-92.22863000,-79.59853000
6.71081543,-103.96650000,-75.69276000
6.71142578,-93.79726000,-73.86668000
6.71203613,-90.29702000,-80.88581000
6.71264648,-89.61613000,-76.26683000
6.71325684,-89.92792000,-82.22049000
6.71386719,-89.05164000,-77.31938000
6.71447754,-87.26500000,-75.95293000
6.71508789,-88.97041000,-77.57936000
6.71569824,-89.36547000,-81.63552000
6.71630859,-89.17656000,-73.39680000
6.71691895,-92.57323000,-77.96655000
6.71752930,-92.09884000,-86.75723000
6.71813965,-89.88158000,-76.15073000
6.71875000,-91.23999000,-69.35596000
6.71936035,-89.46036000,-69.59817000
6.71997070,-90.68782000,-69.03615000
6.72058105,-91.83980000,-67.75722000
6.72119141,-91.60211000,-70.51544000
6.72180176,-96.62635000,-74.91523000
6.72241211,-95.19932000,-71.58948000
6.72302246,-90.69969000,-70.30168000
6.72363281,-91.68949000,-69.70634000
6.72424316,-89.25053000,-72.55029000
6.72485352,-88.94996000,-73.88314000
6.72546387,-89.66155000,-71.76672000
6.72607422,-95.54317000,-76.64513000
6.72668457,-114.33830000,-76.81967000
6.72729492,-93.05772000,-74.62186000
6.72790527,-87.69547000,-88.51800000
6.72851563,-88.18345000,-79.11738000
6.72912598,-94.71135000,-72.80133000
6.72973633,-93.88278000,-72.87484000
6.73034668,-92.53470000,-72.01321000
6.73095703,-98.29741000,-74.11832000
6.73156738,-104.03320000,-85.73608000
6.73217773,-89.96215000,-79.02790000
6.73278809,-86.19994000,-86.98857000
6.73339844,-86.49176000,-77.96551000
6.73400879,-89.41540000,-82.49275000
6.73461914,-95.92065000,-89.13153000
6.73522949,-93.59221000,-87.12607000
6.73583984,-88.61764000,-82.36273000
6.73645020,-89.19667000,-78.47559000
6.73706055,-89.24393000,-77.79031000
6.73767090,-87.10702000,-82.87673000
6.73828125,-90.31161000,-76.35708000
6.73889160,-93.22913000,-79.98542000
6.73950195,-98.73188000,-77.17259000
6.74011230,-107.20850000,-71.96783000
6.74072266,-95.44834000,-68.34767000
6.74133301,-90.12925000,-66.87240000
6.74194336,-91.47174000,-66.31971000
6.74255371,-96.38515000,-67.08410000
6.74316406,-95.73067000,-69.78146000
6.74377441,-101.85230000,-75.46442000
6.74438477,-102.11610000,-70.16656000
6.74499512,-92.07382000,-68.51399000
6.74560547,-86.58144000,-76.26458000
6.74621582,-87.09560000,-74.22556000
6.74682617,-89.61215000,-67.54778000
6.74743652,-88.36350000,-65.19204000
6.74804688,-88.43808000,-64.91973000
6.74865723,-91.31831000,-69.51189000
6.74926758,-96.16742000,-78.01447000
6.74987793,-96.56355000,-85.10841000
6.75048828,-92.72964000,-77.07683000
6.75109863,-102.45520000,-87.32265000
6.75170898,-91.93637000,-76.55505000
6.75231934,-86.86565000,-73.64680000
6.75292969,-84.45037000,-73.89579000
6.75354004,-86.02749000,-72.75363000
6.75415039,-92.78809000,-73.43270000
6.75476074,-90.01163000,-71.54507000
6.75537109,-87.79064000,-71.58832000
6.75598145,-97.71630000,-75.27478000
6.75659180,-89.04196000,-76.21674000
6.75720215,-87.17616000,-82.31556000
6.75781250,-102.29020000,-79.79404000
6.75842285,-88.74904000,-76.85960000
6.75903320,-90.66181000,-77.30460000
6.75964355,-102.18290000,-69.47824000
6.76025391,-96.64323000,-70.26389000
6.76086426,-96.28571000,-75.56361000
6.76147461,-91.64896000,-72.91088000
6.76208496,-94.55598000,-71.58031000
6.76269531,-110.63140000,-74.75043000
6.76330566,-95.30056000,-80.32529000
6.76391602,-91.80614000,-77.06521000
6.76452637,-95.71664000,-71.93762000
6.76513672,-91.28472000,-72.59812000
6.76574707,-89.68286000,-77.70406000
6.76635742,-95.57579000,-76.71306000
6.76696777,-93.25197000,-75.88258000
6.76757813,-87.75601000,-74.00215000
6.76818848,-91.12858000,-73.49440000
6.76879883,-91.90224000,-78.03348000
6.76940918,-95.46823000,-74.71144000
6.77001953,-101.03490000,-74.16953000
6.77062988,-91.37387000,-77.32664000
6.77124023,-88.41839000,-77.56455000
6.77185059,-93.13405000,-76.30370000
6.77246094,-95.16152000,-72.02548000
6.77307129,-91.73019000,-72.19624000
6.77368164,-91.08858000,-73.08406000
6.77429199,-88.26071000,-71.12634000
6.77490234,-92.10445000,-74.10700000
6.77551270,-91.87809000,-80.25832000
6.77612305,-90.34141000,-71.88176000
6.77673340,-91.91608000,-73.04639000
6.77734375,-92.01171000,-76.55578000
6.77795410,-92.47766000,-76.93671000
6.77856445,-88.83217000,-82.89714000
6.77917480,-89.36517000,-80.46272000
6.77978516,-91.56741000,-76.34467000
6.78039551,-88.89026000,-81.10512000
6.78100586,-87.39865000,-82.60143000
6.78161621,-90.75161000,-78.48609000
6.78222656,-91.63094000,-83.58941000
6.78283691,-90.04317000,-78.76271000
6.78344727,-95.43747000,-73.91176000
6.78405762,-103.23560000,-69.25770000
6.78466797,-99.34464000,-66.31323000
6.78527832,-99.67931000,-65.04005000
6.78588867,-90.40582000,-67.42928000
6.78649902,-90.22278000,-74.21181000
6.78710938,-93.03779000,-77.15302000
6.78771973,-91.61644000,-75.73682000
6.78833008,-101.91700000,-82.27268000
6.78894043,-87.59673000,-75.07629000
6.78955078,-87.05257000,-73.13412000
6.79016113,-90.87689000,-87.37408000
6.79077148,-93.44601000,-74.92010000
6.79138184,-97.09132000,-70.56462000
6.79199219,-101.17200000,-71.04792000
6.79260254,-87.63626000,-77.68019000
6.79321289,-85.27501000,-82.69717000
6.79382324,-88.01032000,-76.60780000
6.79443359,-92.40298000,-77.46188000
6.79504395,-89.81160000,-77.23435000
6.79565430,-87.45449000,-80.22108000
6.79626465,-89.61999000,-76.16210000
6.79687500,-90.95967000,-72.03765000
6.79748535,-94.19791000,-75.34957000
6.79809570,-95.62209000,-96.57689000
6.79870605,-92.41714000,-78.36007000
6.79931641,-92.09527000,-73.27805000
6.79992676,-97.36253000,-69.68388000
6.80053711,-99.81685000,-71.74392000
6.80114746,-100.33110000,-73.24454000
6.80175781,-104.43370000,-74.72366000
6.80236816,-102.27330000,-77.44670000
6.80297852,-96.20488000,-77.48917000
6.80358887,-92.04240000,-73.34381000
6.80419922,-97.86224000,-75.80679000
6.80480957,-90.36983000,-81.42599000
6.80541992,-87.08678000,-81.41751000
6.80603027,-87.50650000,-71.76561000
6.80664063,-88.18726000,-66.15113000
6.80725098,-90.34541000,-67.96952000
6.80786133,-99.58981000,-77.72319000
6.80847168,-95.25116000,-80.46480000
6.80908203,-95.37403000,-74.89806000
6.80969238,-94.20158000,-75.11046000
6.81030273,-90.47076000,-82.00568000
6.81091309,-96.78211000,-73.44189000
6.81152344,-95.37520000,-75.50970000
6.81213379,-97.62227000,-71.45303000
6.81274414,-91.87595000,-74.80621000
6.81335449,-84.47984000,-83.36620000
6.81396484,-86.29279000,-76.60153000
6.81457520,-93.09317000,-75.65965000
6.81518555,-97.48009000,-70.27585000
6.81579590,-100.56780000,-65.63147000
6.81640625,-94.65156000,-64.67325000
6.81701660,-99.87244000,-68.93204000
6.81762695,-97.87624000,-79.35067000
6.81823730,-107.48370000,-80.17799000
6.81884766,-105.12770000,-71.66559000
6.81945801,-93.58089000,-67.84947000
6.82006836,-93.61271000,-71.04514000
6.82067871,-92.09484000,-78.47351000
6.82128906,-91.12794000,-72.96005000
6.82189941,-89.94337000,-73.48306000
6.82250977,-89.75099000,-74.11935000
6.82312012,-94.73425000,-82.92635000
6.82373047,-90.96455000,-75.77212000
6.82434082,-90.91957000,-76.63331000
6.82495117,-84.76260000,-81.13084000
6.82556152,-85.24815000,-83.20172000
6.82617188,-96.48897000,-79.58676000
6.82678223,-91.94137000,-71.59896000
6.82739258,-88.04531000,-68.46858000
6.82800293,-89.59739000,-69.93974000
6.82861328,-94.81960000,-70.16509000
6.82922363,-94.19476000,-67.24757000
6.82983398,-89.25403000,-66.64969000
6.83044434,-91.35802000,-70.28375000
6.83105469,-95.76225000,-77.67061000
6.83166504,-100.38270000,-76.29649000
6.83227539,-95.54579000,-74.79556000
6.83288574,-89.64716000,-81.83467000
6.83349609,-88.40620000,-74.10707000
6.83410645,-95.64282000,-74.27306000
6.83471680,-93.59558000,-77.98837000
6.83532715,-97.58973000,-75.71772000
6.83593750,-98.22372000,-74.73260000
6.83654785,-96.24371000,-79.78034000
6.83715820,-90.75110000,-78.33418000
6.83776855,-90.58152000,-75.87244000
6.83837891,-90.98015000,-83.30025000
6.83898926,-91.08749000,-76.09338000
6.83959961,-90.12732000,-71.97281000
6.84020996,-102.05750000,-68.18867000
6.84082031,-91.79108000,-67.65098000
6.84143066,-90.57784000,-71.08194000
6.84204102,-95.63646000,-86.77020000
6.84265137,-92.05673000,-78.96751000
6.84326172,-85.86051000,-78.97844000
6.84387207,-83.65116000,-88.45513000
6.84448242,-85.38451000,-82.46384000
6.84509277,-91.22189000,-80.69434000
6.84570313,-102.95660000,-78.49468000
6.84631348,-93.81264000,-88.25607000
6.84692383,-92.37458000,-74.03226000
6.84753418,-99.48859000,-76.98224000
6.84814453,-98.82616000,-75.49783000
6.84875488,-96.00739000,-72.06109000
6.84936523,-104.35280000,-73.94041000
6.84997559,-104.61930000,-81.28877000
6.85058594,-95.42213000,-83.90324000
6.85119629,-95.42500000,-72.40661000
6.85180664,-106.01420000,-69.39098000
6.85241699,-92.41707000,-70.72593000
6.85302734,-89.67461000,-73.26429000
6.85363770,-91.00246000,-71.16074000
6.85424805,-94.73984000,-71.22093000
6.85485840,-91.83762000,-71.38255000
6.85546875,-91.50783000,-68.52433000
6.85607910,-91.04356000,-66.39578000
6.85668945,-90.74344000,-66.96983000
6.85729980,-98.18579000,-70.53120000
6.85791016,-94.93425000,-76.78166000
6.85852051,-91.91780000,-77.04948000
6.85913086,-90.65507000,-68.89481000
6.85974121,-90.21080000,-71.23796000
6.86035156,-93.41930000,-72.39938000
6.86096191,-109.10500000,-69.36098000
6.86157227,-93.50562000,-68.30606000
6.86218262,-87.08958000,-73.40666000
6.86279297,-88.57549000,-78.20101000
6.86340332,-91.29056000,-73.09177000
6.86401367,-92.08710000,-68.42326000
6.86462402,-95.69463000,-66.71457000
6.86523438,-87.97441000,-67.48205000
6.86584473,-85.95803000,-67.65002000
6.86645508,-86.57472000,-69.46414000
6.86706543,-94.53923000,-70.84431000
6.86767578,-94.72511000,-71.40394000
6.86828613,-88.94279000,-72.63091000
6.86889648,-85.71098000,-74.91958000
6.86950684,-85.70425000,-88.97663000
6.87011719,-86.91315000,-80.20789000
6.87072754,-91.03619000,-76.61306000
6.87133789,-93.30197000,-71.60268000
6.87194824,-94.24195000,-68.52215000
6.87255859,-88.07028000,-70.94141000
6.87316895,-82.12611000,-90.30388000
6.87377930,-84.52468000,-70.45026000
6.87438965,-117.90870000,-68.42973000
6.87500000,-88.02705000,-68.86208000
6.87561035,-86.46256000,-74.59786000
6.87622070,-91.05447000,-87.46104000
6.87683105,-97.03723000,-80.29358000
6.87744141,-99.60886000,-79.78195000
6.87805176,-93.87618000,-81.76134000
6.87866211,-102.64090000,-72.28072000
6.87927246,-97.86156000,-74.92790000
6.87988281,-93.54649000,-71.22923000
6.88049316,-96.19152000,-68.46544000
6.88110352,-95.97012000,-69.83253000
6.88171387,-87.48911000,-69.64296000
6.88232422,-86.93350000,-73.05421000
6.88293457,-91.96161000,-75.87532000
6.88354492,-89.98642000,-73.16431000
6.88415527,-90.87209000,-73.59290000
6.88476563,-96.98433000,-74.70686000
6.88537598,-90.34143000,-75.35887000
6.88598633,-90.78371000,-79.51347000
6.88659668,-91.98029000,-77.20851000
6.88720703,-92.21474000,-81.20617000
6.88781738,-93.47923000,-74.40504000
6.88842773,-92.22886000,-76.36253000
6.88903809,-89.57923000,-74.06814000
6.88964844,-90.16737000,-74.74970000
6.89025879,-91.23829000,-79.24996000
6.89086914,-94.76890000,-73.20832000
6.89147949,-97.69733000,-83.02616000
6.89208984,-92.12955000,-83.82170000
6.89270020,-94.54514000,-85.56483000
6.89331055,-102.23670000,-84.36646000
6.89392090,-92.72694000,-75.88797000
6.89453125,-97.43621000,-70.22758000
6.89514160,-101.97450000,-69.02688000
6.89575195,-97.27701000,-68.29656000
6.89636230,-92.89276000,-69.53265000
6.89697266,-96.33020000,-69.93968000
6.89758301,-88.82254000,-73.26834000
6.89819336,-85.15260000,-78.64497000
6.89880371,-87.58651000,-70.22179000
6.89941406,-99.41639000,-66.85785000
6.90002441,-94.11081000,-68.88296000
6.90063477,-96.27425000,-81.64708000
6.90124512,-94.61996000,-72.72260000
6.90185547,-92.58938000,-75.06799000
6.90246582,-100.41570000,-72.23420000
6.90307617,-97.39720000,-67.68621000
6.90368652,-94.54436000,-68.51056000
6.90429688,-96.65096000,-74.46269000
6.90490723,-91.63138000,-87.49660000
6.90551758,-91.06120000,-92.32619000
6.90612793,-91.23050000,-74.51994000
6.90673828,-97.72189000,-71.70953000
6.90734863,-106.79530000,-73.37910000
6.90795898,-98.82455000,-76.39842000
6.90856934,-91.48096000,-80.95669000
6.90917969,-90.53893000,-74.58289000
6.90979004,-90.03166000,-72.31539000
6.91040039,-93.09666000,-78.01620000
6.91101074,-94.97895000,-72.82104000
6.91162109,-91.36604000,-70.58675000
6.91223145,-93.05625000,-75.55944000
6.91284180,-91.50176000,-88.02963000
6.91345215,-88.92208000,-88.63811000
6.91406250,-91.48560000,-76.70718000
6.91467285,-96.84612000,-72.17353000
6.91528320,-94.60492000,-73.88680000
6.91589355,-91.67712000,-74.99957000
6.91650391,-94.22585000,-76.52537000
6.91711426,-108.72420000,-81.43479000
6.91772461,-93.50760000,-73.56503000
6.91833496,-88.85689000,-77.19128000
6.91894531,-90.47838000,-77.05456000
6.91955566,-93.53530000,-76.63304000
6.92016602,-96.56139000,-81.72104000
6.92077637,-95.66398000,-72.55269000
6.92138672,-96.24635000,-68.53559000
6.92199707,-91.77658000,-68.92184000
6.92260742,-90.53374000,-72.18250000
6.92321777,-93.94360000,-71.25203000
6.92382813,-98.89133000,-73.88529000
6.92443848,-97.28461000,-89.10229000
6.92504883,-100.68720000,-76.28268000
6.92565918,-102.89410000,-71.66822000
6.92626953,-92.43565000,-73.26249000
6.92687988,-91.91058000,-77.19785000
6.92749023,-93.89523000,-79.73067000
6.92810059,-91.61635000,-80.44288000
6.92871094,-92.87138000,-72.76407000
6.92932129,-112.27520000,-72.12104000
6.92993164,-94.15343000,-73.58006000
6.93054199,-89.34040000,-76.35786000
6.93115234,-92.05461000,-76.49312000
6.93176270,-103.99180000,-75.13400000
6.93237305,-96.03859000,-71.39781000
6.93298340,-99.84612000,-69.20409000
6.93359375,-94.75743000,-67.50450000
6.93420410,-92.57605000,-66.56240000
6.93481445,-87.53918000,-70.31789000
6.93542480,-88.20161000,-78.88021000
6.93603516,-88.24210000,-86.08291000
6.93664551,-87.89124000,-78.17815000
6.93725586,-94.39187000,-80.28442000
6.93786621,-91.72761000,-81.78596000
6.93847656,-89.38831000,-81.86148000
6.93908691,-95.98220000,-76.70258000
6.93969727,-108.87040000,-74.01765000
6.94030762,-89.40738000,-75.18623000
6.94091797,-87.25859000,-82.33694000
6.94152832,-88.43730000,-76.63263000
6.94213867,-87.62381000,-73.80064000
6.94274902,-92.61161000,-72.04263000
6.94335938,-101.29310000,-70.04880000
6.94396973,-98.95679000,-69.98254000
6.94458008,-99.91585000,-71.59166000
6.94519043,-98.89505000,-75.94669000
6.94580078,-102.19610000,-73.90648000
6.94641113,-92.25478000,-73.85377000
6.94702148,-95.99545000,-89.14455000
6.94763184,-94.93942000,-70.91489000
6.94824219,-90.28197000,-71.31608000
6.94885254,-97.85374000,-80.02266000
6.94946289,-90.85092000,-84.93390000
6.95007324,-84.62233000,-74.16158000
6.95068359,-82.91559000,-75.67879000
6.95129395,-83.03343000,-74.29780000
6.95190430,-85.37487000,-71.04190000
6.95251465,-90.60429000,-72.59111000
6.95312500,-91.53838000,-102.67580000
6.95373535,-91.45857000,-73.43762000
6.95434570,-92.12715000,-72.04044000
6.95495605,-91.09437000,-74.68131000
6.95556641,-95.28668000,-73.60290000
6.95617676,-97.94452000,-82.49475000
6.95678711,-98.07660000,-75.74777000
6.95739746,-107.42360000,-72.21564000
6.95800781,-95.42148000,-70.80869000
6.95861816,-94.69046000,-74.75182000
6.95922852,-96.07009000,-76.38226000
6.95983887,-90.11845000,-72.07213000
6.96044922,-90.56645000,-78.19620000
6.96105957,-94.41207000,-78.22514000
6.96166992,-96.20038000,-72.64273000
6.96228027,-105.90310000,-73.22106000
6.96289063,-93.79732000,-79.43857000
6.96350098,-91.25312000,-94.17325000
6.96411133,-97.84354000,-82.89079000
6.96472168,-96.49503000,-79.82337000
6.96533203,-102.14020000,-79.75818000
6.96594238,-90.85354000,-86.05130000
6.96655273,-90.18349000,-78.07720000
6.96716309,-96.20299000,-73.64975000
6.96777344,-88.92834000,-68.70890000
6.96838379,-87.19883000,-66.24385000
6.96899414,-87.32069000,-69.23872000
6.96960449,-89.45443000,-86.87917000
6.97021484,-91.19839000,-79.10449000
6.97082520,-91.22096000,-76.65489000
6.97143555,-93.04343000,-74.11832000
6.97204590,-95.14424000,-70.68020000
6.97265625,-91.60958000,-68.44258000
6.97326660,-90.60458000,-69.69238000
6.97387695,-89.93870000,-69.17400000
6.97448730,-89.51440000,-66.73653000
6.97509766,-95.12722000,-72.08759000
6.97570801,-106.66250000,-70.99410000
6.97631836,-95.95822000,-74.01692000
6.97692871,-101.05640000,-80.27462000
6.97753906,-94.06658000,-80.47205000
6.97814941,-88.11763000,-81.71419000
6.97875977,-91.23421000,-76.07253000
6.97937012,-100.63330000,-71.63425000
6.97998047,-94.48857000,-73.60513000
6.98059082,-91.14622000,-76.98087000
6.98120117,-95.83331000,-77.21474000
6.98181152,-91.10754000,-69.19411000
6.98242188,-89.38719000,-67.39768000
6.98303223,-93.46172000,-67.10976000
6.98364258,-91.84177000,-71.76740000
6.98425293,-90.29594000,-78.43863000
6.98486328,-97.46940000,-68.33055000
6.98547363,-90.75221000,-67.16710000
6.98608398,-89.96645000,-68.17811000
6.98669434,-101.85630000,-70.81815000
6.98730469,-94.07419000,-79.22466000
6.98791504,-94.49502000,-73.95370000
6.98852539,-97.25006000,-72.22905000
6.98913574,-93.56641000,-72.68899000
6.98974609,-90.51707000,-78.51685000
6.99035645,-89.02565000,-90.95150000
6.99096680,-93.28493000,-74.10999000
6.99157715,-105.48490000,-71.08535000
6.99218750,-99.97195000,-76.38380000
6.99279785,-98.68081000,-75.16847000
6.99340820,-110.97520000,-68.52533000
6.99401855,-100.22350000,-66.98174000
6.99462891,-99.33453000,-69.64983000
6.99523926,-110.17470000,-70.19292000
6.99584961,-98.96453000,-69.07524000
6.99645996,-99.99104000,-73.52390000
6.99707031,-93.44400000,-77.66930000
6.99768066,-90.22173000,-72.32431000
6.99829102,-84.85812000,-70.86855000
6.99890137,-87.37000000,-80.88101000
6.99951172,-97.95462000,-73.34122000
7.00012207,-92.31096000,-71.19269000
7.00073242,-90.11359000,-72.35814000
7.00134277,-89.23380000,-80.63719000
7.00195313,-85.54800000,-73.99523000
7.00256348,-87.40102000,-71.47678000
7.00317383,-98.43636000,-74.66257000
7.00378418,-93.45550000,-75.73363000
7.00439453,-88.49903000,-72.62588000
7.00500488,-94.59274000,-70.43828000
7.00561523,-99.57440000,-71.33417000
7.00622559,-104.62310000,-80.10179000
7.00683594,-96.92799000,-76.61021000
7.00744629,-95.94182000,-79.04824000
7.00805664,-101.28760000,-87.01770000
7.00866699,-94.78242000,-77.08471000
7.00927734,-92.50534000,-74.13341000
7.00988770,-99.25269000,-72.73470000
7.01049805,-104.97590000,-77.47539000
7.01110840,-99.12439000,-72.52652000
7.01171875,-95.25777000,-74.98844000
7.01232910,-98.73285000,-69.67614000
7.01293945,-104.08460000,-71.12292000
7.01354980,-96.35612000,-72.29367000
7.01416016,-99.77029000,-72.50613000
7.01477051,-98.27546000,-79.34417000
7.01538086,-91.69789000,-71.44672000
7.01599121,-91.10907000,-70.31761000
7.01660156,-91.18400000,-74.25338000
7.01721191,-89.54713000,-75.02519000
7.01782227,-92.96585000,-69.97182000
7.01843262,-97.20855000,-69.76781000
7.01904297,-105.47860000,-71.00034000
7.01965332,-105.75510000,-71.56772000
7.02026367,-98.71194000,-71.85418000
7.02087402,-96.69188000,-72.67973000
7.02148438,-101.30680000,-77.04639000
7.02209473,-94.08780000,-76.35287000
7.02270508,-114.59070000,-74.00166000
7.02331543,-95.53627000,-75.90123000
7.02392578,-95.67506000,-82.15155000
7.02453613,-92.97929000,-81.77209000
7.02514648,-91.31779000,-80.27229000
7.02575684,-96.19254000,-78.68241000
7.02636719,-90.84784000,-78.36575000
7.02697754,-90.51434000,-78.21220000
7.02758789,-87.92835000,-79.37631000
7.02819824,-86.85380000,-75.96734000
7.02880859,-88.86002000,-74.78712000
7.02941895,-96.94919000,-76.34417000
7.03002930,-92.35035000,-77.23733000
7.03063965,-94.50998000,-75.50729000
7.03125000,-100.87960000,-70.36934000
7.03186035,-100.33360000,-69.04868000
7.03247070,-103.00560000,-69.92439000
7.03308105,-91.48175000,-71.13119000
7.03369141,-87.60696000,-74.41600000
7.03430176,-89.05067000,-73.80703000
7.03491211,-93.16605000,-76.53485000
7.03552246,-99.06128000,-79.93608000
7.03613281,-96.59737000,-75.37797000
7.03674316,-93.62895000,-76.42414000
7.03735352,-95.21600000,-74.77659000
7.03796387,-91.85508000,-81.57669000
7.03857422,-92.51991000,-73.01765000
7.03918457,-97.79054000,-70.25487000
7.03979492,-98.57074000,-70.36324000
7.04040527,-103.66740000,-73.03120000
7.04101563,-100.10070000,-85.79123000
7.04162598,-98.07212000,-71.24261000
7.04223633,-104.27560000,-71.47792000
7.04284668,-98.69709000,-72.71764000
7.04345703,-99.93478000,-67.40053000
7.04406738,-95.39998000,-68.47926000
7.04467773,-93.61436000,-74.79301000
7.04528809,-98.76981000,-74.39297000
7.04589844,-95.48776000,-68.92200000
7.04650879,-98.06312000,-71.25320000
7.04711914,-94.61124000,-92.28570000
7.04772949,-90.29685000,-76.30834000
7.04833984,-92.43271000,-75.37052000
7.04895020,-94.99609000,-74.96856000
7.04956055,-95.84975000,-77.18505000
7.05017090,-95.42548000,-80.67966000
7.05078125,-96.08131000,-88.74759000
7.05139160,-100.02630000,-77.43274000
7.05200195,-95.10067000,-71.66589000
7.05261230,-95.79316000,-74.52027000
7.05322266,-91.87082000,-76.70876000
7.05383301,-89.78493000,-80.84644000
7.05444336,-89.99821000,-82.26765000
7.05505371,-94.70596000,-84.91158000
7.05566406,-98.79970000,-87.51465000
7.05627441,-93.71182000,-79.60126000
7.05688477,-96.81512000,-74.25487000
7.05749512,-93.36430000,-72.14969000
7.05810547,-90.22334000,-77.95537000
7.05871582,-94.27335000,-100.08970000
7.05932617,-92.24517000,-94.77942000
7.05993652,-100.36670000,-78.22978000
7.06054688,-90.46214000,-72.38395000
7.06115723,-87.99613000,-70.85601000
7.06176758,-87.92709000,-72.60123000
7.06237793,-91.61992000,-79.36996000
7.06298828,-93.72589000,-77.70425000
7.06359863,-93.63623000,-74.09155000
7.06420898,-92.54279000,-73.94317000
7.06481934,-97.72202000,-74.51397000
7.06542969,-102.94660000,-72.16344000
7.06604004,-93.76141000,-75.27969000
7.06665039,-90.67859000,-88.04061000
7.06726074,-94.52133000,-83.71208000
7.06787109,-96.86867000,-77.94837000
7.06848145,-99.61895000,-77.19007000
7.06909180,-109.98570000,-78.04391000
7.06970215,-101.92520000,-75.33711000
7.07031250,-100.45150000,-72.42064000
7.07092285,-98.18226000,-72.91904000
7.07153320,-94.87759000,-74.79382000
7.07214355,-111.42720000,-72.71541000
7.07275391,-89.73687000,-76.81182000
7.07336426,-89.05840000,-81.17673000
7.07397461,-90.49539000,-74.06142000
7.07458496,-91.06446000,-74.24425000
7.07519531,-92.94503000,-81.81325000
7.07580566,-96.45645000,-79.22601000
7.07641602,-90.81242000,-78.56450000
7.07702637,-86.70368000,-74.45234000
7.07763672,-88.29476000,-74.87105000
7.07824707,-93.62464000,-78.84312000
7.07885742,-96.28844000,-75.30899000
7.07946777,-93.23891000,-66.94012000
7.08007813,-89.03281000,-67.93051000
7.08068848,-90.07943000,-76.87218000
7.08129883,-96.65251000,-78.17638000
7.08190918,-100.58280000,-73.54993000
7.08251953,-90.51144000,-76.45052000
7.08312988,-91.06675000,-79.25602000
7.08374023,-94.72706000,-80.43810000
7.08435059,-92.79338000,-87.95236000
7.08496094,-94.01437000,-79.53691000
7.08557129,-99.08929000,-72.51479000
7.08618164,-89.13428000,-73.04101000
7.08679199,-87.97083000,-85.80399000
7.08740234,-90.59607000,-77.47652000
7.08801270,-90.81519000,-75.28902000
7.08862305,-90.01061000,-82.71048000
7.08923340,-90.25214000,-88.14470000
7.08984375,-86.89498000,-76.75047000
7.09045410,-88.16547000,-73.53032000
7.09106445,-90.58437000,-77.54149000
7.09167480,-96.01304000,-75.73560000
7.09228516,-103.80540000,-70.83057000
7.09289551,-97.42024000,-73.11404000
7.09350586,-90.11679000,-76.18256000
7.09411621,-85.90687000,-72.18974000
7.09472656,-86.89767000,-71.25206000
7.09533691,-92.58145000,-71.66144000
7.09594727,-113.29950000,-69.48174000
7.09655762,-99.01351000,-69.19530000
7.09716797,-111.65270000,-69.80033000
7.09777832,-90.04527000,-73.77658000
7.09838867,-84.18672000,-78.82911000
7.09899902,-86.13709000,-77.65202000
7.09960938,-91.37908000,-73.76184000
7.10021973,-89.92432000,-81.96127000
7.10083008,-88.18021000,-73.43425000
7.10144043,-93.37772000,-69.92143000
7.10205078,-94.03985000,-68.22662000
7.10266113,-87.78984000,-71.59058000
7.10327148,-90.92796000,-74.59454000
7.10388184,-93.99532000,-70.86102000
7.10449219,-88.96390000,-72.58950000
7.10510254,-97.15527000,-74.37003000
7.10571289,-105.96180000,-72.83233000
7.10632324,-92.35240000,-82.85987000
7.10693359,-90.40887000,-82.44137000
7.10754395,-100.57970000,-73.12246000
7.10815430,-93.07159000,-75.19356000
7.10876465,-91.73957000,-79.00701000
7.10937500,-95.70010000,-78.72047000
7.10998535,-107.88080000,-86.61681000
7.11059570,-99.12170000,-74.82914000
7.11120605,-98.38036000,-72.40276000
7.11181641,-106.32230000,-77.19966000
7.11242676,-94.26288000,-83.86865000
7.11303711,-86.69697000,-91.40465000
7.11364746,-88.81466000,-76.32903000
7.11425781,-95.36212000,-75.85590000
7.11486816,-93.61185000,-77.94783000
7.11547852,-98.68282000,-69.87756000
7.11608887,-97.35593000,-69.36154000
7.11669922,-93.50956000,-82.92934000
7.11730957,-94.60785000,-71.09235000
7.11791992,-93.47558000,-75.46111000
7.11853027,-92.61726000,-78.28067000
7.11914063,-95.70436000,-75.30357000
7.11975098,-101.28100000,-70.28178000
7.12036133,-93.58490000,-66.51624000
7.12097168,-93.88787000,-70.04749000
7.12158203,-99.27934000,-83.68068000
7.12219238,-96.43222000,-75.65105000
7.12280273,-95.28922000,-78.66757000
7.12341309,-96.45020000,-73.11080000
7.12402344,-91.21299000,-70.72983000
7.12463379,-84.78835000,-72.30127000
7.12524414,-81.66698000,-72.48598000
7.12585449,-85.96218000,-71.97618000
7.12646484,-98.58573000,-75.89713000
7.12707520,-96.94138000,-77.74995000
7.12768555,-96.05589000,-75.98003000
7.12829590,-100.37480000,-68.70540000
7.12890625,-89.08035000,-72.58811000
7.12951660,-88.73969000,-77.62109000
7.13012695,-91.69667000,-71.24666000
7.13073730,-101.06970000,-71.00350000
7.13134766,-91.08530000,-69.29704000
7.13195801,-86.32884000,-75.27359000
7.13256836,-88.70955000,-71.48461000
7.13317871,-94.03372000,-69.88860000
7.13378906,-96.78679000,-74.10889000
7.13439941,-99.08584000,-76.02534000
7.13500977,-96.58324000,-83.32973000
7.13562012,-88.42281000,-77.68164000
7.13623047,-85.93690000,-70.59062000
7.13684082,-89.21767000,-71.31003000
7.13745117,-100.96920000,-80.12261000
7.13806152,-101.23080000,-72.23214000
7.13867188,-94.12171000,-72.51920000
7.13928223,-93.29652000,-76.87891000
7.13989258,-91.11943000,-79.00267000
7.14050293,-88.77194000,-74.10999000
7.14111328,-91.57518000,-79.18590000
7.14172363,-94.22220000,-75.86642000
7.14233398,-91.56918000,-71.58485000
7.14294434,-90.21017000,-69.90798000
7.14355469,-92.15755000,-73.25408000
7.14416504,-90.26564000,-82.22572000
7.14477539,-89.07696000,-74.28247000
7.14538574,-95.43446000,-69.58371000
7.14599609,-92.88849000,-69.90370000
7.14660645,-91.27023000,-81.60396000
7.14721680,-94.43684000,-75.11646000
7.14782715,-97.88115000,-75.93154000
7.14843750,-98.17791000,-74.09886000
7.14904785,-93.65497000,-73.47367000
7.14965820,-93.31631000,-71.90323000
7.15026855,-88.18996000,-74.55395000
7.15087891,-86.80916000,-77.42479000
7.15148926,-94.49004000,-82.54961000
7.15209961,-101.74380000,-75.62779000
7.15270996,-90.72723000,-74.86146000
7.15332031,-89.47754000,-81.39594000
7.15393066,-98.43586000,-78.64407000
7.15454102,-91.13491000,-75.08980000
7.15515137,-90.38894000,-80.31406000
7.15576172,-92.72795000,-72.05900000
7.15637207,-97.92504000,-69.70410000
7.15698242,-100.00490000,-74.89291000
7.15759277,-90.12642000,-76.08435000
7.15820313,-87.18650000,-68.86855000
7.15881348,-88.17648000,-70.39124000
7.15942383,-90.08806000,-78.32764000
7.16003418,-93.33145000,-80.79655000
7.16064453,-95.96733000,-74.78529000
7.16125488,-94.26159000,-82.11608000
7.16186523,-95.87113000,-80.93733000
7.16247559,-95.56978000,-78.50848000
7.16308594,-90.63671000,-88.64808000
7.16369629,-92.93899000,-77.95729000
7.16430664,-96.13270000,-73.98704000
7.16491699,-95.64787000,-77.36385000
7.16552734,-96.71136000,-76.12399000
7.16613770,-112.92990000,-76.05212000
7.16674805,-102.25280000,-84.33617000
7.16735840,-91.66541000,-73.99870000
7.16796875,-88.76522000,-69.20082000
7.16857910,-94.24264000,-70.75793000
7.16918945,-99.10338000,-73.44018000
7.16979980,-95.34259000,-73.17491000
7.17041016,-93.14408000,-75.12475000
7.17102051,-99.02223000,-84.80009000
7.17163086,-95.32573000,-76.91296000
7.17224121,-92.93364000,-68.60480000
7.17285156,-93.09602000,-66.25764000
7.17346191,-92.13883000,-69.06867000
7.17407227,-100.64930000,-75.19154000
7.17468262,-99.27306000,-71.99017000
7.17529297,-97.36034000,-72.41152000
7.17590332,-91.39678000,-83.50659000
7.17651367,-89.27970000,-75.39120000
7.17712402,-99.43301000,-77.59553000
7.17773438,-89.69964000,-77.75598000
7.17834473,-85.98233000,-71.73766000
7.17895508,-94.97862000,-71.55014000
7.17956543,-95.28624000,-72.79416000
7.18017578,-107.69290000,-77.50102000
7.18078613,-91.48154000,-74.07387000
7.18139648,-86.44057000,-70.17397000
7.18200684,-86.39286000,-68.99557000
7.18261719,-92.65431000,-69.77160000
7.18322754,-95.98358000,-71.58041000
7.18383789,-98.32672000,-71.41234000
7.18444824,-90.61550000,-69.85716000
7.18505859,-94.21672000,-69.92368000
7.18566895,-95.65940000,-73.63120000
7.18627930,-97.37835000,-72.94896000
7.18688965,-89.34608000,-68.29729000
7.18750000,-91.20518000,-69.26696000
7.18811035,-95.03082000,-70.99226000
7.18872070,-102.34230000,-75.41354000
7.18933105,-98.31424000,-73.73088000
7.18994141,-93.82618000,-73.25437000
7.19055176,-94.75043000,-68.39819000
7.19116211,-93.20320000,-66.46788000
7.19177246,-94.22057000,-72.62945000
7.19238281,-102.02160000,-80.65366000
7.19299316,-91.22882000,-75.01630000
7.19360352,-91.43790000,-73.39610000
7.19421387,-90.49101000,-71.68494000
7.19482422,-89.47079000,-72.92641000
7.19543457,-91.07544000,-76.51553000
7.19604492,-101.10800000,-69.25037000
7.19665527,-95.28863000,-71.62514000
7.19726563,-98.30959000,-84.05456000
7.19787598,-88.25256000,-83.37166000
7.19848633,-84.35794000,-85.07203000
7.19909668,-86.78224000,-82.80926000
7.19970703,-93.90473000,-80.10812000
7.20031738,-90.80371000,-73.71400000
7.20092773,-87.67144000,-71.90432000
7.20153809,-89.54339000,-70.42958000
7.20214844,-91.69066000,-69.81398000
7.20275879,-91.56426000,-78.75915000
7.20336914,-92.53008000,-76.63984000
7.20397949,-90.99415000,-73.95507000
7.20458984,-88.52947000,-75.28519000
7.20520020,-90.61631000,-77.87724000
7.20581055,-96.64783000,-84.74338000
7.20642090,-100.50090000,-77.48908000
7.20703125,-97.20351000,-75.05387000
7.20764160,-91.88660000,-78.94016000
7.20825195,-97.06999000,-80.72812000
7.20886230,-100.85650000,-72.23293000
7.20947266,-108.25990000,-73.26512000
7.21008301,-95.48286000,-74.96858000
7.21069336,-92.97958000,-76.99714000
7.21130371,-91.47479000,-75.30502000
7.21191406,-95.27148000,-80.19724000
7.21252441,-100.81990000,-81.69377000
7.21313477,-99.14873000,-87.09554000
7.21374512,-100.59680000,-78.04297000
7.21435547,-96.71342000,-74.99291000
7.21496582,-96.65250000,-74.80934000
7.21557617,-99.42120000,-77.48863000
7.21618652,-95.96776000,-78.46929000
7.21679688,-90.48527000,-74.34119000
7.21740723,-89.96103000,-76.80156000
7.21801758,-96.94344000,-79.85546000
7.21862793,-101.51650000,-85.13292000
7.21923828,-99.03309000,-83.04353000
7.21984863,-92.41592000,-72.49586000
7.22045898,-96.06490000,-74.14240000
7.22106934,-97.90190000,-71.22027000
7.22167969,-96.99155000,-69.40239000
7.22229004,-93.18559000,-73.96939000
7.22290039,-92.98515000,-80.08042000
7.22351074,-98.61378000,-78.67173000
7.22412109,-102.16750000,-91.04736000
7.22473145,-88.93393000,-72.68159000
7.22534180,-86.40338000,-68.48410000
7.22595215,-95.20512000,-73.17014000
7.22656250,-101.30140000,-77.46276000
7.22717285,-122.11230000,-73.95582000
7.22778320,-92.57050000,-77.23122000
7.22839355,-85.69476000,-94.82898000
7.22900391,-87.70980000,-84.79155000
7.22961426,-99.91772000,-81.24269000
7.23022461,-97.11389000,-81.53915000
7.23083496,-90.08740000,-82.09724000
7.23144531,-88.07001000,-90.68462000
7.23205566,-91.00791000,-84.86839000
7.23266602,-95.40195000,-77.76668000
7.23327637,-93.73178000,-74.34054000
7.23388672,-91.66695000,-74.76214000
7.23449707,-92.17569000,-83.39029000
7.23510742,-89.43716000,-80.04684000
7.23571777,-90.87566000,-78.46511000
7.23632813,-94.69418000,-88.64008000
7.23693848,-88.37015000,-79.91701000
7.23754883,-92.91218000,-78.43554000
7.23815918,-90.89967000,-90.44250000
7.23876953,-87.42913000,-78.67597000
7.23937988,-88.22293000,-80.23342000
7.23999023,-88.98831000,-72.59667000
7.24060059,-87.44817000,-71.71510000
7.24121094,-90.82996000,-67.76277000
7.24182129,-103.92170000,-66.96066000
7.24243164,-99.54184000,-72.10830000
7.24304199,-93.32253000,-74.01421000
7.24365234,-102.94520000,-71.92532000
7.24426270,-99.97295000,-73.35078000
7.24487305,-94.51729000,-77.97128000
7.24548340,-92.37267000,-78.67282000
7.24609375,-100.95250000,-75.41007000
7.24670410,-92.82042000,-75.13327000
7.24731445,-89.38293000,-73.32417000
7.24792480,-94.10733000,-72.36469000
7.24853516,-93.91537000,-72.92599000
7.24914551,-93.35944000,-73.86446000
7.24975586,-97.65464000,-73.92844000
7.25036621,-95.35619000,-74.63267000
7.25097656,-100.10950000,-74.58681000
7.25158691,-96.60918000,-80.60540000
7.25219727,-98.97358000,-78.77992000
7.25280762,-97.62199000,-72.82511000
7.25341797,-92.83009000,-69.18095000
7.25402832,-98.85860000,-67.85538000
7.25463867,-92.39132000,-72.54085000
7.25524902,-90.06486000,-82.51134000
7.25585938,-94.24366000,-73.39346000
7.25646973,-91.74656000,-77.00681000
7.25708008,-95.39799000,-81.77820000
7.25769043,-86.85524000,-73.68905000
7.25830078,-93.48312000,-69.74946000
7.25891113,-91.71311000,-69.93980000
7.25952148,-90.85503000,-75.62400000
7.26013184,-90.72796000,-83.29356000
7.26074219,-97.70634000,-77.91385000
7.26135254,-98.78178000,-74.46477000
7.26196289,-91.87019000,-65.64518000
7.26257324,-91.82109000,-67.64742000
7.26318359,-94.21912000,-73.69686000
7.26379395,-111.58820000,-72.40897000
7.26440430,-95.06395000,-69.86087000
7.26501465,-115.85920000,-68.91293000
7.26562500,-95.52826000,-69.76450000
7.26623535,-93.30386000,-70.70144000
7.26684570,-92.90038000,-69.65179000
7.26745605,-88.80341000,-70.39541000
7.26806641,-87.08600000,-80.03757000
7.26867676,-90.76686000,-77.16962000
7.26928711,-100.28980000,-71.16213000
7.26989746,-98.64871000,-73.23842000
7.27050781,-99.61337000,-85.09795000
7.27111816,-95.50218000,-86.78413000
7.27172852,-92.80830000,-79.82240000
7.27233887,-95.73627000,-76.62774000
7.27294922,-97.72060000,-71.66342000
7.27355957,-92.81554000,-70.36996000
7.27416992,-94.15033000,-73.57806000
7.27478027,-93.58986000,-76.46845000
7.27539063,-92.17043000,-88.90617000
7.27600098,-94.04198000,-80.02999000
7.27661133,-91.21205000,-73.21862000
7.27722168,-89.66737000,-73.33449000
7.27783203,-99.15114000,-70.78812000
7.27844238,-86.66068000,-75.32691000
7.27905273,-89.43250000,-83.74104000
7.27966309,-98.36494000,-74.47470000
7.28027344,-91.02520000,-78.72750000
7.28088379,-91.74783000,-77.41438000
7.28149414,-101.67430000,-80.87730000
7.28210449,-99.75844000,-78.47296000
7.28271484,-99.09179000,-73.19126000
7.28332520,-97.02284000,-70.18855000
7.28393555,-97.84914000,-72.01382000
7.28454590,-96.19048000,-82.93095000
7.28515625,-99.49516000,-91.10717000
7.28576660,-92.97462000,-82.93952000
7.28637695,-90.82507000,-81.21603000
7.28698730,-93.54427000,-72.36198000
7.28759766,-95.81271000,-71.38851000
7.28820801,-97.99766000,-70.78832000
7.28881836,-99.64497000,-71.15975000
7.28942871,-99.10052000,-72.95559000
7.29003906,-100.06320000,-74.73656000
7.29064941,-97.22118000,-73.45660000
7.29125977,-98.18401000,-72.85662000
7.29187012,-91.41319000,-78.95285000
7.29248047,-91.43793000,-85.16878000
7.29309082,-92.29427000,-94.76103000
7.29370117,-91.17987000,-79.24249000
7.29431152,-89.15971000,-75.37507000
7.29492188,-90.35053000,-78.50925000
7.29553223,-95.93938000,-76.32735000
7.29614258,-102.15660000,-72.52740000
7.29675293,-93.15340000,-74.33455000
7.29736328,-85.35282000,-93.12697000
7.29797363,-80.93729000,-74.53499000
7.29858398,-83.93891000,-68.52115000
7.29919434,-88.93703000,-65.75442000
7.29980469,-89.77036000,-68.07807000
7.30041504,-94.35215000,-74.86783000
7.30102539,-93.97857000,-74.84891000
7.30163574,-88.36375000,-84.63106000
7.30224609,-86.93711000,-73.00467000
7.30285645,-88.39683000,-72.02814000
7.30346680,-91.53281000,-77.70216000
7.30407715,-105.96810000,-77.71236000
7.30468750,-93.38721000,-78.36890000
7.30529785,-92.05934000,-78.54871000
7.30590820,-91.33262000,-68.43567000
7.30651855,-91.00239000,-66.47697000
7.30712891,-90.38577000,-70.11222000
7.30773926,-90.45520000,-73.81001000
7.30834961,-95.45181000,-70.79404000
7.30895996,-96.33188000,-68.52914000
7.30957031,-92.40506000,-70.80286000
7.31018066,-89.86874000,-77.55408000
7.31079102,-86.40559000,-78.65362000
7.31140137,-87.27531000,-80.97909000
7.31201172,-94.39716000,-96.78993000
7.31262207,-91.04974000,-80.81864000
7.31323242,-89.28352000,-95.31287000
7.31384277,-100.28020000,-74.57711000
7.31445313,-91.49379000,-79.97811000
7.31506348,-91.71111000,-68.80771000
7.31567383,-107.06900000,-64.94874000
7.31628418,-101.49980000,-69.14404000
7.31689453,-101.16710000,-75.14018000
7.31750488,-95.37793000,-81.15649000
7.31811523,-87.52953000,-75.88868000
7.31872559,-89.06647000,-69.07751000
7.31933594,-94.54147000,-70.37474000
7.31994629,-96.75859000,-73.10497000
7.32055664,-92.74031000,-76.31030000
7.32116699,-93.04074000,-93.49952000
7.32177734,-92.86014000,-73.11384000
7.32238770,-96.01141000,-73.58325000
7.32299805,-97.82829000,-74.24555000
7.32360840,-95.98703000,-72.14304000
7.32421875,-97.82917000,-77.32749000
7.32482910,-93.85858000,-81.44970000
7.32543945,-89.58894000,-74.12024000
7.32604980,-87.83942000,-82.20849000
7.32666016,-89.26746000,-85.60703000
7.32727051,-88.51523000,-78.53072000
7.32788086,-88.87406000,-74.41653000
7.32849121,-98.92543000,-71.89047000
7.32910156,-97.19667000,-71.98501000
7.32971191,-97.93439000,-76.13758000
7.33032227,-104.23050000,-77.15012000
7.33093262,-97.47090000,-77.81894000
7.33154297,-92.77432000,-76.30469000
7.33215332,-94.64374000,-73.86033000
7.33276367,-93.87212000,-73.35915000
7.33337402,-92.66625000,-74.64933000
7.33398438,-96.22169000,-83.24059000
7.33459473,-101.18130000,-86.40883000
7.33520508,-100.37800000,-76.54214000
7.33581543,-99.63128000,-79.03120000
7.33642578,-100.12200000,-74.65269000
7.33703613,-92.59613000,-71.75301000
7.33764648,-95.24628000,-72.47245000
7.33825684,-99.81554000,-72.06335000
7.33886719,-95.19133000,-71.66269000
7.33947754,-91.01247000,-73.40474000
7.34008789,-92.68950000,-82.06229000
7.34069824,-99.22482000,-83.21313000
7.34130859,-92.48463000,-76.17530000
7.34191895,-90.85649000,-70.62856000
7.34252930,-95.04694000,-74.23442000
7.34313965,-90.93060000,-72.60697000
7.34375000,-90.80243000,-80.73135000
7.34436035,-96.12167000,-71.46771000
7.34497070,-99.73052000,-67.38657000
7.34558105,-110.24970000,-67.10578000
7.34619141,-100.94730000,-67.99139000
7.34680176,-104.00010000,-69.05103000
7.34741211,-96.80167000,-71.26923000
7.34802246,-89.91083000,-77.25268000
7.34863281,-90.00160000,-81.50938000
7.34924316,-91.20844000,-71.27338000
7.34985352,-92.95738000,-72.09455000
7.35046387,-101.95190000,-82.36197000
7.35107422,-96.15979000,-71.30067000
7.35168457,-93.22327000,-79.72079000
7.35229492,-95.46156000,-74.85062000
7.35290527,-93.03291000,-77.17298000
7.35351563,-87.04728000,-78.92376000
7.35412598,-89.58930000,-80.33627000
7.35473633,-91.74831000,-82.35503000
7.35534668,-88.87233000,-80.76294000
7.35595703,-92.80910000,-84.23394000
7.35656738,-99.03239000,-79.68175000
7.35717773,-92.57246000,-72.87733000
7.35778809,-86.23560000,-71.46587000
7.35839844,-85.61329000,-79.81365000
7.35900879,-88.44135000,-78.08346000
7.35961914,-88.44255000,-73.38011000
7.36022949,-90.45525000,-76.42928000
7.36083984,-99.14336000,-86.72321000
7.36145020,-107.50160000,-79.66908000
7.36206055,-108.58310000,-76.53426000
7.36267090,-102.04120000,-75.07371000
7.36328125,-92.89781000,-79.71936000
7.36389160,-91.13610000,-83.77648000
7.36450195,-92.63422000,-75.96181000
7.36511230,-93.97080000,-73.37297000
7.36572266,-93.28025000,-72.51365000
7.36633301,-95.49693000,-73.27808000
7.36694336,-93.42468000,-74.39559000
7.36755371,-88.58789000,-91.71203000
7.36816406,-91.26184000,-73.47270000
7.36877441,-91.49970000,-70.25777000
7.36938477,-86.20216000,-69.87040000
7.36999512,-86.54764000,-71.44977000
7.37060547,-91.26892000,-75.06236000
7.37121582,-91.53703000,-71.77859000
7.37182617,-91.02916000,-68.84859000
7.37243652,-96.10217000,-75.24626000
7.37304688,-104.58220000,-76.47115000
7.37365723,-100.00960000,-70.12221000
7.37426758,-100.84060000,-67.26615000
7.37487793,-93.60809000,-69.23052000
7.37548828,-95.27457000,-70.12616000
7.37609863,-99.71480000,-66.48929000
7.37670898,-92.29119000,-68.44173000
7.37731934,-92.67810000,-76.62070000
7.37792969,-95.12671000,-78.20135000
7.37854004,-87.60033000,-73.71947000
7.37915039,-90.73337000,-75.34303000
7.37976074,-101.28580000,-81.35398000
7.38037109,-96.94894000,-72.17541000
7.38098145,-96.26617000,-69.26730000
7.38159180,-102.73700000,-71.46499000
7.38220215,-107.15350000,-74.92666000
7.38281250,-91.37329000,-85.15545000
7.38342285,-89.08441000,-75.73917000
7.38403320,-90.55666000,-71.90168000
7.38464355,-95.58929000,-75.23499000
7.38525391,-115.77010000,-79.78561000
7.38586426,-97.39436000,-74.83622000
7.38647461,-89.51208000,-68.29820000
7.38708496,-92.52226000,-68.62900000
7.38769531,-100.99720000,-74.48462000
7.38830566,-98.59148000,-91.62704000
7.38891602,-98.06154000,-74.69980000
7.38952637,-96.33813000,-70.29026000
7.39013672,-94.08374000,-71.51391000
7.39074707,-94.01154000,-72.99340000
7.39135742,-93.74951000,-80.61374000
7.39196777,-96.07909000,-77.19376000
7.39257813,-97.55165000,-83.44598000
7.39318848,-88.39908000,-77.94839000
7.39379883,-86.67278000,-77.70234000
7.39440918,-90.16959000,-72.48635000
7.39501953,-94.58668000,-70.22545000
7.39562988,-94.22099000,-74.22874000
7.39624023,-96.02276000,-84.41045000
7.39685059,-93.98232000,-79.60643000
7.39746094,-89.66770000,-74.11206000
7.39807129,-87.93121000,-70.49246000
7.39868164,-92.90475000,-71.78189000
7.39929199,-89.33972000,-74.62268000
7.39990234,-92.66519000,-71.77541000
7.40051270,-96.30097000,-66.72272000
7.40112305,-92.87254000,-66.52853000
7.40173340,-90.94476000,-71.65137000
7.40234375,-92.39777000,-79.54778000
7.40295410,-88.20024000,-85.59593000
7.40356445,-87.76466000,-83.50190000
7.40417480,-87.23225000,-90.52560000
7.40478516,-85.58810000,-79.09989000
7.40539551,-86.67805000,-68.77573000
7.40600586,-100.05870000,-67.12083000
7.40661621,-94.47449000,-68.59482000
7.40722656,-91.96822000,-73.02814000
7.40783691,-95.76127000,-69.35699000
7.40844727,-96.44360000,-69.43626000
7.40905762,-97.17966000,-73.84127000
7.40966797,-95.56880000,-75.03600000
7.41027832,-93.25413000,-71.25399000
7.41088867,-97.69038000,-69.56439000
7.41149902,-88.41847000,-70.49126000
7.41210938,-89.67393000,-73.24269000
7.41271973,-89.50769000,-72.95289000
7.41333008,-87.07863000,-74.20569000
7.41394043,-89.46350000,-84.31359000
7.41455078,-94.98051000,-80.55241000
7.41516113,-97.59225000,-75.90933000
7.41577148,-100.82200000,-78.38081000
7.41638184,-108.18890000,-89.10317000
7.41699219,-100.94970000,-80.07977000
7.41760254,-97.75984000,-76.29085000
7.41821289,-90.36925000,-70.95000000
7.41882324,-96.60069000,-71.40971000
7.41943359,-87.26981000,-74.30206000
7.42004395,-88.03810000,-71.21448000
7.42065430,-98.24681000,-70.71211000
7.42126465,-97.72911000,-79.88263000
7.42187500,-92.21356000,-80.33218000
7.42248535,-92.14581000,-76.59674000
7.42309570,-95.60632000,-75.02383000
7.42370605,-92.66290000,-76.53414000
7.42431641,-88.56212000,-74.75201000
7.42492676,-82.01756000,-70.19148000
7.42553711,-79.75455000,-71.63596000
7.42614746,-86.61824000,-77.00801000
7.42675781,-105.15240000,-76.46484000
7.42736816,-104.40870000,-76.21465000
7.42797852,-94.41006000,-77.49153000
7.42858887,-94.18107000,-70.23715000
7.42919922,-95.63480000,-67.97097000
7.42980957,-98.90967000,-67.38654000
7.43041992,-92.74247000,-68.35797000
7.43103027,-91.17139000,-74.57832000
7.43164063,-89.18639000,-81.25189000
7.43225098,-98.80298000,-73.41574000
7.43286133,-91.60388000,-73.24668000
7.43347168,-90.39845000,-81.62045000
7.43408203,-102.14290000,-80.38348000
7.43469238,-96.20145000,-68.29673000
7.43530273,-96.97037000,-66.15797000
7.43591309,-90.56921000,-68.89381000
7.43652344,-90.42319000,-75.13302000
7.43713379,-96.67332000,-71.77604000
7.43774414,-97.03049000,-69.95425000
7.43835449,-101.04550000,-74.37490000
7.43896484,-94.32260000,-77.50124000
7.43957520,-90.20100000,-79.47852000
7.44018555,-97.30109000,-87.08939000
7.44079590,-91.31985000,-79.53830000
7.44140625,-88.42736000,-73.48378000
7.44201660,-95.87289000,-72.43050000
7.44262695,-97.18999000,-70.78104000
7.44323730,-92.84598000,-72.44665000
7.44384766,-90.92072000,-79.60519000
7.44445801,-91.08885000,-89.51448000
7.44506836,-107.14990000,-83.07052000
7.44567871,-104.39170000,-78.80746000
7.44628906,-97.84180000,-78.75456000
7.44689941,-96.50322000,-78.70931000
7.44750977,-89.88914000,-76.18188000
7.44812012,-85.39440000,-76.63152000
7.44873047,-87.55365000,-71.11597000
7.44934082,-91.53275000,-75.93728000
7.44995117,-93.45761000,-80.30750000
7.45056152,-91.76266000,-81.31247000
7.45117188,-98.47200000,-80.20770000
7.45178223,-102.44520000,-74.22800000
7.45239258,-92.56787000,-75.15086000
7.45300293,-91.20905000,-74.84631000
7.45361328,-104.34890000,-73.47101000
7.45422363,-99.01760000,-74.63959000
7.45483398,-98.26781000,-70.80143000
7.45544434,-91.97508000,-70.00342000
7.45605469,-93.40331000,-69.73953000
7.45666504,-94.12672000,-67.94899000
7.45727539,-91.13651000,-69.38155000
7.45788574,-98.19645000,-70.80560000
7.45849609,-88.16680000,-70.03543000
7.45910645,-87.00862000,-71.26926000
7.45971680,-91.76670000,-71.44894000
7.46032715,-99.00262000,-69.66907000
7.46093750,-91.50351000,-70.28026000
7.46154785,-97.36412000,-74.11277000
7.46215820,-93.29975000,-78.67984000
7.46276855,-91.64433000,-74.61430000
7.46337891,-96.31997000,-77.11698000
7.46398926,-97.62083000,-72.22161000
7.46459961,-95.10283000,-72.16722000
7.46520996,-93.22427000,-77.06735000
7.46582031,-91.35378000,-77.19061000
7.46643066,-85.63557000,-79.09184000
7.46704102,-85.60167000,-72.83374000
7.46765137,-89.47724000,-69.93787000
7.46826172,-91.04758000,-72.35024000
7.46887207,-91.05159000,-71.26146000
7.46948242,-96.37702000,-73.89499000
7.47009277,-102.57210000,-71.49726000
7.47070313,-93.71723000,-70.01311000
7.47131348,-92.77416000,-77.18581000
7.47192383,-92.95315000,-73.64556000
7.47253418,-98.28012000,-72.56407000
7.47314453,-96.98976000,-84.41949000
7.47375488,-92.52792000,-86.98867000
7.47436523,-93.60683000,-76.31194000
7.47497559,-94.10825000,-81.80478000
7.47558594,-95.56691000,-76.03085000
7.47619629,-98.16921000,-74.13651000
7.47680664,-111.08870000,-71.56689000
7.47741699,-92.04337000,-69.08345000
7.47802734,-85.63775000,-73.01073000
7.47863770,-86.08242000,-81.50581000
7.47924805,-87.31406000,-77.70442000
7.47985840,-85.94105000,-72.39730000
7.48046875,-87.62162000,-71.92519000
7.48107910,-98.73458000,-71.50368000
7.48168945,-105.75920000,-72.66982000
7.48229980,-93.20338000,-78.36224000
7.48291016,-91.03207000,-92.25778000
7.48352051,-92.00496000,-82.94053000
7.48413086,-90.33907000,-74.69453000
7.48474121,-97.56804000,-77.96259000
7.48535156,-95.81435000,-73.32538000
7.48596191,-91.43505000,-69.45067000
7.48657227,-88.03278000,-73.11328000
7.48718262,-90.22522000,-73.37628000
7.48779297,-108.18900000,-73.51405000
7.48840332,-92.62753000,-78.43395000
7.48901367,-93.45440000,-78.68858000
7.48962402,-91.65847000,-77.13166000
7.49023438,-92.70009000,-80.52375000
7.49084473,-94.63559000,-71.13750000
7.49145508,-100.60660000,-69.11426000
7.49206543,-98.93222000,-72.62524000
7.49267578,-97.08785000,-82.26577000
7.49328613,-102.55110000,-68.18065000
7.49389648,-92.35117000,-66.15096000
7.49450684,-95.37891000,-71.61333000
7.49511719,-89.37599000,-87.34841000
7.49572754,-86.84105000,-75.94350000
7.49633789,-87.90298000,-78.08324000
7.49694824,-86.20217000,-79.08300000
7.49755859,-82.67739000,-74.46751000
7.49816895,-81.93523000,-73.83405000
7.49877930,-86.03818000,-75.53877000
7.49938965,-95.16801000,-76.93579000
7.50000000,-108.80860000,-80.07324000
7.50061035,-98.25558000,-77.69106000
7.50122070,-92.40528000,-76.86620000
7.50183105,-88.46142000,-80.86885000
7.50244141,-89.21593000,-84.63433000
7.50305176,-91.60277000,-81.54457000
7.50366211,-90.40008000,-73.70164000
7.50427246,-92.71739000,-76.33643000
7.50488281,-97.11919000,-76.26498000
7.50549316,-100.91720000,-69.99982000
7.50610352,-91.55711000,-74.03510000
7.50671387,-95.97103000,-82.45785000
7.50732422,-104.96610000,-94.95735000
7.50793457,-98.25477000,-72.84308000
7.50854492,-92.77869000,-72.16702000
7.50915527,-95.60409000,-79.30075000
7.50976563,-97.58576000,-74.50741000
7.51037598,-97.37319000,-71.85556000
7.51098633,-99.53720000,-79.64212000
7.51159668,-92.49791000,-71.93197000
7.51220703,-95.76973000,-71.37991000
7.51281738,-95.67717000,-76.50828000
7.51342773,-91.74659000,-80.65962000
7.51403809,-95.82022000,-85.91450000
7.51464844,-100.11070000,-79.50909000
7.51525879,-95.13499000,-73.54266000
7.51586914,-89.56925000,-74.39337000
7.51647949,-90.41496000,-75.90152000
7.51708984,-90.75573000,-74.84194000
7.51770020,-89.78215000,-74.91923000
7.51831055,-93.97599000,-75.38044000
7.51892090,-102.85520000,-78.34695000
7.51953125,-97.80862000,-82.92161000
7.52014160,-91.31198000,-83.62062000
7.52075195,-87.12769000,-73.79353000
7.52136230,-90.97270000,-71.59924000
7.52197266,-96.23371000,-77.42852000
7.52258301,-105.21270000,-80.25838000
7.52319336,-96.40907000,-73.62865000
7.52380371,-94.11821000,-73.07545000
7.52441406,-103.55500000,-81.24469000
7.52502441,-101.62770000,-75.27080000
7.52563477,-95.39793000,-74.04610000
7.52624512,-88.31066000,-72.92054000
7.52685547,-86.83069000,-79.13239000
7.52746582,-91.81099000,-72.65797000
7.52807617,-90.37370000,-69.71246000
7.52868652,-87.38181000,-72.35793000
7.52929688,-91.19525000,-73.34087000
7.52990723,-94.33127000,-72.85003000
7.53051758,-97.77519000,-77.23783000
7.53112793,-88.53328000,-73.87749000
7.53173828,-88.84640000,-69.06650000
7.53234863,-107.05680000,-70.57944000
7.53295898,-89.03273000,-76.84500000
7.53356934,-85.77157000,-75.12018000
7.53417969,-85.17879000,-74.12447000
7.53479004,-87.01726000,-76.29234000
7.53540039,-91.21738000,-72.80384000
7.53601074,-95.54536000,-70.41755000
7.53662109,-97.92995000,-71.13218000
7.53723145,-95.20432000,-71.65731000
7.53784180,-88.98494000,-76.13361000
7.53845215,-93.34990000,-80.75494000
7.53906250,-96.00398000,-80.19672000
7.53967285,-96.71162000,-77.94171000
7.54028320,-97.04651000,-71.19632000
7.54089355,-106.42510000,-74.11404000
7.54150391,-90.82712000,-80.84761000
7.54211426,-92.04781000,-71.02914000
7.54272461,-104.43350000,-71.57655000
7.54333496,-92.84315000,-78.05749000
7.54394531,-91.19617000,-90.16269000
7.54455566,-89.80695000,-85.63313000
7.54516602,-89.32419000,-72.02654000
7.54577637,-89.60091000,-71.18774000
7.54638672,-100.44740000,-77.90901000
7.54699707,-102.49120000,-75.51959000
7.54760742,-101.76210000,-68.16794000
7.54821777,-108.04120000,-67.75256000
7.54882813,-101.94270000,-72.51142000
7.54943848,-105.74880000,-80.67035000
7.55004883,-87.99193000,-72.95446000
7.55065918,-82.48158000,-68.97205000
7.55126953,-83.57456000,-71.21935000
7.55187988,-89.49252000,-69.58086000
7.55249023,-87.70206000,-74.60360000
7.55310059,-91.00237000,-80.78637000
7.55371094,-110.96280000,-77.46253000
7.55432129,-98.80708000,-68.39673000
7.55493164,-100.36210000,-68.03458000
7.55554199,-91.48207000,-67.67951000
7.55615234,-92.46176000,-68.32423000
7.55676270,-95.95108000,-68.96937000
7.55737305,-92.98158000,-67.89956000
7.55798340,-88.21758000,-67.92239000
7.55859375,-92.04906000,-69.05714000
7.55920410,-106.12670000,-68.40044000
7.55981445,-93.84431000,-69.02272000
7.56042480,-93.88852000,-73.33756000
7.56103516,-92.41122000,-75.39298000
7.56164551,-93.10365000,-80.77919000
7.56225586,-94.07632000,-86.28934000
7.56286621,-91.30418000,-84.71915000
7.56347656,-89.27288000,-75.67386000
7.56408691,-91.59048000,-76.56968000
7.56469727,-91.98212000,-78.20801000
7.56530762,-90.41975000,-83.15118000
7.56591797,-88.18668000,-72.88230000
7.56652832,-90.54955000,-73.57772000
7.56713867,-95.92324000,-75.93226000
7.56774902,-89.79031000,-70.60924000
7.56835938,-89.27234000,-68.93726000
7.56896973,-95.92149000,-71.10352000
7.56958008,-100.21340000,-74.86903000
7.57019043,-98.97475000,-75.06570000
7.57080078,-95.81998000,-74.41251000
7.57141113,-92.66793000,-86.42966000
7.57202148,-90.54455000,-73.82500000
7.57263184,-86.66534000,-69.30688000
7.57324219,-85.41459000,-68.31882000
7.57385254,-86.99501000,-70.41000000
7.57446289,-91.18191000,-79.85757000
7.57507324,-94.75183000,-77.76597000
7.57568359,-92.73068000,-69.14181000
7.57629395,-87.61620000,-68.39462000
7.57690430,-86.97688000,-76.23924000
7.57751465,-89.71362000,-97.99844000
7.57812500,-95.47749000,-78.84729000
7.57873535,-94.83033000,-73.24776000
7.57934570,-91.87521000,-79.64397000
7.57995605,-89.09261000,-75.25728000
7.58056641,-86.98045000,-71.04372000
7.58117676,-86.54283000,-70.46777000
7.58178711,-88.49397000,-69.79122000
7.58239746,-84.75598000,-72.20618000
7.58300781,-83.87193000,-74.24122000
7.58361816,-89.92669000,-75.95876000
7.58422852,-98.56310000,-74.17161000
7.58483887,-88.74899000,-75.47681000
7.58544922,-91.92239000,-80.81735000
7.58605957,-106.92330000,-89.99547000
7.58666992,-100.28000000,-77.10606000
7.58728027,-96.13084000,-70.33326000
7.58789063,-102.48860000,-70.16610000
7.58850098,-96.97357000,-70.46255000
7.58911133,-90.46322000,-68.74310000
7.58972168,-92.55699000,-68.67972000
7.59033203,-97.24545000,-68.86346000
7.59094238,-95.58328000,-69.38594000
7.59155273,-90.11360000,-72.56033000
7.59216309,-85.89999000,-76.33762000
7.59277344,-87.83093000,-71.43024000
7.59338379,-94.85397000,-68.24593000
7.59399414,-93.40886000,-70.76410000
7.59460449,-87.98138000,-73.53448000
7.59521484,-87.07430000,-74.82350000
7.59582520,-88.49077000,-76.91933000
7.59643555,-92.33627000,-69.35597000
7.59704590,-98.85169000,-71.99759000
7.59765625,-85.51085000,-81.57027000
7.59826660,-83.88447000,-73.81254000
7.59887695,-93.47858000,-84.23293000
7.59948730,-96.64969000,-73.69006000
7.60009766,-92.69469000,-69.71773000
7.60070801,-88.20423000,-67.50684000
7.60131836,-88.62541000,-70.92802000
7.60192871,-92.00615000,-82.44267000
7.60253906,-88.44249000,-80.47313000
7.60314941,-87.89392000,-71.39879000
7.60375977,-89.83038000,-71.89309000
7.60437012,-95.36700000,-82.06129000
7.60498047,-99.03419000,-76.29900000
7.60559082,-94.35085000,-73.18509000
7.60620117,-92.48749000,-73.58895000
7.60681152,-92.72164000,-78.88863000
7.60742188,-100.77720000,-82.96358000
7.60803223,-92.03716000,-78.03316000
7.60864258,-91.58630000,-79.02348000
7.60925293,-94.65334000,-79.68066000
7.60986328,-100.40250000,-79.08082000
7.61047363,-111.52240000,-74.48859000
7.61108398,-97.93702000,-75.39489000
7.61169434,-90.68785000,-88.38438000
7.61230469,-89.40059000,-72.27673000
7.61291504,-93.88061000,-73.93460000
7.61352539,-109.54120000,-75.86201000
7.61413574,-99.11465000,-74.12041000
7.61474609,-90.88922000,-76.17461000
7.61535645,-90.74681000,-74.08759000
7.61596680,-94.19005000,-78.54762000
7.61657715,-92.83863000,-81.61530000
7.61718750,-90.97878000,-76.91196000
7.61779785,-89.17701000,-75.96444000
7.61840820,-88.71952000,-75.29444000
7.61901855,-90.03340000,-74.74612000
7.61962891,-89.53642000,-79.62627000
7.62023926,-86.27362000,-70.48495000
7.62084961,-85.61188000,-71.03989000
7.62145996,-87.32838000,-73.96235000
7.62207031,-90.97061000,-77.89367000
7.62268066,-88.77760000,-82.41251000
7.62329102,-87.98862000,-76.04230000
7.62390137,-96.62259000,-73.69452000
7.62451172,-93.10723000,-75.81302000
7.62512207,-88.55440000,-83.74637000
7.62573242,-88.78310000,-83.39507000
7.62634277,-91.15764000,-75.06513000
7.62695313,-102.39560000,-73.23778000
7.62756348,-100.62620000,-69.00319000
7.62817383,-97.04655000,-68.41504000
7.62878418,-98.35301000,-74.26645000
7.62939453,-100.98480000,-80.81593000
7.63000488,-96.36977000,-77.11297000
7.63061523,-97.60374000,-72.32001000
7.63122559,-95.86727000,-77.97097000
7.63183594,-95.02614000,-70.44913000
7.63244629,-94.81395000,-69.73170000
7.63305664,-89.87868000,-83.89565000
7.63366699,-95.51171000,-75.38799000
7.63427734,-95.72803000,-84.48294000
7.63488770,-98.70452000,-85.06652000
7.63549805,-99.91196000,-71.03553000
7.63610840,-100.81290000,-71.44341000
7.63671875,-99.41820000,-75.11087000
7.63732910,-100.23970000,-70.80859000
7.63793945,-96.16088000,-69.07514000
7.63854980,-100.40630000,-68.97027000
7.63916016,-96.37057000,-73.77556000
7.63977051,-90.19334000,-81.80797000
7.64038086,-89.12777000,-71.89797000
7.64099121,-98.93900000,-77.05556000
7.64160156,-94.73575000,-75.87871000
7.64221191,-91.57402000,-71.84344000
7.64282227,-91.18933000,-73.02596000
7.64343262,-95.42598000,-77.15623000
7.64404297,-100.65150000,-87.45282000
7.64465332,-96.68999000,-90.09025000
7.64526367,-89.96017000,-77.56652000
7.64587402,-95.01704000,-77.28483000
7.64648438,-99.82693000,-88.11601000
7.64709473,-90.26711000,-72.39523000
7.64770508,-90.71590000,-73.27718000
7.64831543,-90.14546000,-82.28020000
7.64892578,-99.08940000,-71.97157000
7.64953613,-94.83577000,-73.74882000
7.65014648,-88.15865000,-72.31562000
7.65075684,-89.80704000,-68.86166000
7.65136719,-91.11873000,-71.50340000
7.65197754,-92.42659000,-81.62720000
7.65258789,-88.88406000,-82.68616000
7.65319824,-88.10960000,-79.37807000
7.65380859,-91.02032000,-70.05451000
7.65441895,-94.43604000,-72.43913000
7.65502930,-97.73833000,-71.02597000
7.65563965,-94.51466000,-70.00912000
7.65625000,-93.26483000,-73.28385000
7.65686035,-97.68986000,-75.39107000
7.65747070,-112.19110000,-71.73087000
7.65808105,-91.37955000,-68.25015000
7.65869141,-90.42805000,-72.42029000
7.65930176,-98.58913000,-77.98419000
7.65991211,-90.08488000,-68.58286000
7.66052246,-88.66947000,-67.87268000
7.66113281,-88.87660000,-72.74472000
7.66174316,-92.13171000,-74.64343000
7.66235352,-89.76492000,-77.05163000
7.66296387,-93.17903000,-84.23553000
7.66357422,-93.68763000,-73.59119000
7.66418457,-87.16325000,-70.37390000
7.66479492,-93.42285000,-79.13331000
7.66540527,-96.84235000,-70.33321000
7.66601563,-92.22153000,-67.52779000
7.66662598,-91.91718000,-66.01510000
7.66723633,-92.41643000,-67.18111000
7.66784668,-93.20343000,-73.62550000
7.66845703,-90.29665000,-92.96867000
7.66906738,-88.47411000,-79.91433000
7.66967773,-94.26974000,-72.29462000
7.67028809,-94.63196000,-69.03324000
7.67089844,-91.97155000,-73.34122000
7.67150879,-93.68367000,-74.89343000
7.67211914,-97.55608000,-73.67333000
7.67272949,-92.63118000,-83.72189000
7.67333984,-88.74498000,-77.40353000
7.67395020,-87.00669000,-78.68941000
7.67456055,-89.10538000,-85.71323000
7.67517090,-91.47050000,-72.36554000
7.67578125,-93.65685000,-70.97992000
7.67639160,-102.79890000,-74.70417000
7.67700195,-96.50958000,-76.29451000
7.67761230,-89.45676000,-78.08031000
7.67822266,-86.66656000,-69.71696000
7.67883301,-85.82158000,-70.33024000
7.67944336,-88.46683000,-81.91873000
7.68005371,-94.14578000,-73.36073000
7.68066406,-95.95348000,-69.57768000
7.68127441,-95.44682000,-74.30817000
7.68188477,-99.23238000,-81.44134000
7.68249512,-97.54027000,-81.27434000
7.68310547,-92.75516000,-83.68526000
7.68371582,-99.44305000,-72.97946000
7.68432617,-100.60090000,-66.41181000
7.68493652,-95.97770000,-69.13064000
7.68554688,-101.19140000,-73.50727000
7.68615723,-92.28138000,-71.35345000
7.68676758,-91.50443000,-72.96489000
7.68737793,-88.80557000,-74.33606000
7.68798828,-89.04916000,-73.16941000
7.68859863,-98.63177000,-75.73548000
7.68920898,-111.78820000,-83.47520000
7.68981934,-92.94823000,-78.40740000
7.69042969,-91.40305000,-76.97709000
7.69104004,-101.39330000,-71.53837000
7.69165039,-92.76881000,-69.38750000
7.69226074,-105.22870000,-70.64973000
7.69287109,-86.60522000,-72.83598000
7.69348145,-83.21756000,-77.32338000
7.69409180,-83.72343000,-81.61027000
7.69470215,-84.03873000,-80.72336000
7.69531250,-85.50908000,-66.87446000
7.69592285,-91.25655000,-65.94824000
7.69653320,-94.33492000,-71.53933000
7.69714355,-99.56096000,-79.76915000
7.69775391,-93.53082000,-87.84657000
7.69836426,-92.80199000,-77.60805000
7.69897461,-90.64964000,-79.45350000
7.69958496,-95.32188000,-79.50809000
7.70019531,-102.11840000,-71.24043000
7.70080566,-101.04270000,-72.66814000
7.70141602,-91.55173000,-78.04455000
7.70202637,-92.90096000,-78.21522000
7.70263672,-92.65111000,-83.69613000
7.70324707,-89.16124000,-85.23244000
7.70385742,-89.88267000,-78.01225000
7.70446777,-90.15891000,-75.00022000
7.70507813,-96.20444000,-89.15695000
7.70568848,-109.03410000,-76.09554000
7.70629883,-101.34580000,-74.90009000
7.70690918,-100.10400000,-78.39606000
7.70751953,-110.14460000,-82.39188000
7.70812988,-100.57460000,-70.72092000
7.70874023,-91.79328000,-68.56167000
7.70935059,-90.67574000,-67.81319000
7.70996094,-93.42877000,-65.87379000
7.71057129,-100.92390000,-67.55773000
7.71118164,-116.42100000,-74.66585000
7.71179199,-104.90100000,-78.12498000
7.71240234,-116.81620000,-78.71477000
7.71301270,-91.84043000,-70.20991000
7.71362305,-87.15724000,-67.98540000
7.71423340,-85.58730000,-70.52493000
7.71484375,-91.23185000,-74.86864000
7.71545410,-90.49094000,-75.27594000
7.71606445,-89.87018000,-75.97354000
7.71667480,-90.70347000,-76.09357000
7.71728516,-92.03902000,-72.86384000
7.71789551,-93.62386000,-76.84203000
7.71850586,-100.51100000,-79.72958000
7.71911621,-96.71395000,-78.90573000
7.71972656,-87.97120000,-74.07669000
7.72033691,-85.15004000,-74.42719000
7.72094727,-87.42355000,-76.93425000
7.72155762,-94.26068000,-76.42491000
7.72216797,-98.75783000,-75.91367000
7.72277832,-87.88525000,-75.93237000
7.72338867,-86.69710000,-78.42635000
7.72399902,-95.52794000,-86.50314000
7.72460938,-84.33391000,-71.88367000
7.72521973,-78.77891000,-68.34691000
7.72583008,-82.11275000,-75.00429000
7.72644043,-89.82277000,-67.63908000
7.72705078,-97.82342000,-68.17404000
7.72766113,-101.12740000,-78.50183000
7.72827148,-92.69634000,-74.17902000
7.72888184,-92.59766000,-78.51814000
7.72949219,-89.86877000,-73.08437000
7.73010254,-90.60001000,-73.57072000
7.73071289,-89.80396000,-71.93703000
7.73132324,-92.89101000,-68.81715000
7.73193359,-101.96450000,-67.82725000
7.73254395,-90.73172000,-70.75027000
7.73315430,-89.74738000,-75.86600000
7.73376465,-93.25665000,-73.15998000
7.73437500,-90.70663000,-69.39594000
7.73498535,-90.76749000,-68.43848000
7.73559570,-91.38145000,-72.00330000
7.73620605,-90.95836000,-76.38484000
7.73681641,-91.05213000,-72.70711000
7.73742676,-91.06513000,-97.13846000
7.73803711,-87.71339000,-71.15982000
7.73864746,-89.06348000,-70.38878000
7.73925781,-96.47943000,-72.04018000
7.73986816,-110.81470000,-72.93253000
7.74047852,-94.48412000,-72.56238000
7.74108887,-89.53458000,-72.07375000
7.74169922,-90.55878000,-75.81966000
7.74230957,-96.51869000,-76.84772000
7.74291992,-87.88419000,-74.22620000
7.74353027,-87.32728000,-81.23329000
7.74414063,-91.16406000,-82.47008000
7.74475098,-98.52615000,-77.95478000
7.74536133,-89.57185000,-74.88430000
7.74597168,-89.96964000,-70.92601000
7.74658203,-91.72286000,-71.94624000
7.74719238,-90.86377000,-74.17878000
7.74780273,-91.01056000,-83.23029000
7.74841309,-95.64311000,-76.60725000
7.74902344,-99.26868000,-71.09058000
7.74963379,-95.64247000,-68.06470000
7.75024414,-92.72668000,-70.89729000
7.75085449,-98.93381000,-79.25385000
7.75146484,-96.96658000,-70.65593000
7.75207520,-92.28764000,-73.33292000
7.75268555,-97.18253000,-81.91125000
7.75329590,-104.78890000,-78.28210000
7.75390625,-90.78008000,-85.37827000
7.75451660,-89.92650000,-80.35050000
7.75512695,-89.41400000,-78.54887000
7.75573730,-89.26637000,-82.98560000
7.75634766,-97.98997000,-76.20276000
7.75695801,-96.46260000,-70.58925000
7.75756836,-90.36348000,-69.21817000
7.75817871,-90.46526000,-72.83467000
7.75878906,-92.85045000,-80.91875000
7.75939941,-93.41727000,-74.38449000
7.76000977,-96.06403000,-84.64520000
7.76062012,-90.61337000,-77.25155000
7.76123047,-89.35239000,-73.28133000
7.76184082,-92.77139000,-73.30033000
7.76245117,-93.07703000,-79.43620000
7.76306152,-96.05801000,-80.47952000
7.76367188,-92.31067000,-74.31667000
7.76428223,-88.24052000,-72.32331000
7.76489258,-88.84804000,-76.27953000
7.76550293,-91.56084000,-77.84822000
7.76611328,-90.35095000,-80.87381000
7.76672363,-93.90557000,-77.51336000
7.76733398,-96.67350000,-76.74466000
7.76794434,-96.68820000,-74.77137000
7.76855469,-102.63020000,-71.34921000
7.76916504,-92.38880000,-71.38884000
7.76977539,-89.11726000,-79.82825000
7.77038574,-97.07931000,-80.43530000
7.77099609,-94.02253000,-74.34039000
7.77160645,-96.72929000,-78.66341000
7.77221680,-88.95832000,-78.80207000
7.77282715,-86.54153000,-74.73206000
7.77343750,-87.86286000,-75.02706000
7.77404785,-99.64939000,-81.34892000
7.77465820,-95.93961000,-87.27644000
7.77526855,-89.60300000,-89.64241000
7.77587891,-87.88268000,-75.50780000
7.77648926,-92.47844000,-73.78680000
7.77709961,-95.74268000,-89.11620000
7.77770996,-92.42671000,-80.52505000
7.77832031,-93.71542000,-74.41825000
7.77893066,-92.65846000,-72.79962000
7.77954102,-89.10554000,-69.08488000
7.78015137,-94.00830000,-70.47134000
7.78076172,-94.87695000,-74.20592000
7.78137207,-99.85608000,-67.64624000
7.78198242,-102.75920000,-67.06245000
7.78259277,-91.03976000,-68.89443000
7.78320313,-88.55232000,-74.95105000
7.78381348,-95.25330000,-83.26598000
7.78442383,-106.75230000,-75.13473000
7.78503418,-98.52660000,-73.21545000
7.78564453,-93.00053000,-72.93787000
7.78625488,-95.94479000,-76.10913000
7.78686523,-99.65085000,-76.41447000
7.78747559,-93.57761000,-78.30235000
7.78808594,-92.48230000,-69.96224000
7.78869629,-91.47693000,-68.02779000
7.78930664,-88.80193000,-70.36947000
7.78991699,-91.28195000,-70.48579000
7.79052734,-104.60590000,-67.78264000
7.79113770,-92.89079000,-68.16772000
7.79174805,-91.89223000,-69.41586000
7.79235840,-89.10905000,-69.20323000
7.79296875,-85.54246000,-71.56849000
7.79357910,-85.23068000,-79.20782000
7.79418945,-88.94787000,-79.08308000
7.79479980,-93.22816000,-74.75117000
7.79541016,-108.56830000,-71.98064000
7.79602051,-94.55534000,-72.80386000
7.79663086,-91.32680000,-75.65351000
7.79724121,-91.83717000,-76.78147000
7.79785156,-117.24870000,-76.11409000
7.79846191,-89.87535000,-75.06749000
7.79907227,-91.10500000,-74.76737000
7.79968262,-96.16328000,-82.12508000
7.80029297,-94.31346000,-73.46767000
7.80090332,-94.92613000,-73.53148000
7.80151367,-102.62620000,-84.10056000
7.80212402,-93.57812000,-72.81104000
7.80273438,-91.02783000,-74.62640000
7.80334473,-92.30933000,-81.75220000
7.80395508,-94.10562000,-75.31986000
7.80456543,-92.19656000,-77.82671000
7.80517578,-90.42033000,-73.83733000
7.80578613,-94.77075000,-72.25269000
7.80639648,-97.28522000,-71.43783000
7.80700684,-96.48103000,-73.42044000
7.80761719,-97.66618000,-76.09361000
7.80822754,-93.61478000,-73.81750000
7.80883789,-92.82999000,-75.53741000
7.80944824,-93.52975000,-75.13082000
7.81005859,-98.26572000,-70.34554000
7.81066895,-94.42056000,-68.74048000
7.81127930,-95.61726000,-71.01215000
7.81188965,-92.35817000,-76.70711000
7.81250000,-89.19934000,-74.07542000
7.81311035,-86.50069000,-77.14322000
7.81372070,-87.15659000,-81.52191000
7.81433105,-90.91682000,-84.17744000
7.81494141,-94.19991000,-73.01246000
7.81555176,-93.77018000,-70.42490000
7.81616211,-92.40083000,-73.10644000
7.81677246,-94.92608000,-80.46341000
7.81738281,-93.09381000,-74.30302000
7.81799316,-89.80721000,-79.05978000
7.81860352,-94.48998000,-81.40858000
7.81921387,-94.58809000,-72.79832000
7.81982422,-86.69934000,-72.37033000
7.82043457,-85.30183000,-73.97785000
7.82104492,-89.78947000,-72.94885000
7.82165527,-97.76640000,-73.81125000
7.82226563,-97.97932000,-75.33627000
7.82287598,-99.33434000,-77.59760000
7.82348633,-92.20788000,-80.72144000
7.82409668,-87.28693000,-80.25779000
7.82470703,-81.76637000,-72.28941000
7.82531738,-82.03966000,-73.63977000
7.82592773,-89.27591000,-78.81796000
7.82653809,-99.04372000,-70.59509000
7.82714844,-96.04987000,-71.03027000
7.82775879,-92.68882000,-78.07876000
7.82836914,-92.66708000,-84.16176000
7.82897949,-100.83590000,-85.91216000
7.82958984,-94.01004000,-81.34521000
7.83020020,-93.18730000,-77.86734000
7.83081055,-95.58997000,-76.74911000
7.83142090,-100.51510000,-70.76833000
7.83203125,-100.99040000,-70.04228000
7.83264160,-98.10567000,-76.84716000
7.83325195,-102.19430000,-80.30491000
7.83386230,-103.44930000,-74.22836000
7.83447266,-95.57982000,-73.85910000
7.83508301,-93.50146000,-73.88152000
7.83569336,-94.15820000,-77.73235000
7.83630371,-94.67887000,-94.02902000
7.83691406,-85.50026000,-94.94449000
7.83752441,-71.90776000,-71.52599000
7.83813477,-69.37858000,-68.94019000
7.83874512,-75.58997000,-72.61644000
7.83935547,-90.80072000,-82.06612000
7.83996582,-96.92447000,-72.07804000
7.84057617,-104.07390000,-71.52749000
7.84118652,-109.06440000,-76.47698000
7.84179688,-99.29404000,-71.19006000
7.84240723,-97.26510000,-68.55474000
7.84301758,-97.84508000,-79.98624000
7.84362793,-104.54890000,-75.13116000
7.84423828,-97.16335000,-73.87527000
7.84484863,-110.54140000,-68.87186000
7.84545898,-97.68719000,-69.31532000
7.84606934,-98.71711000,-71.91842000
7.84667969,-94.15973000,-72.24944000
7.84729004,-96.97752000,-73.21040000
7.84790039,-99.22645000,-69.10338000
7.84851074,-92.52316000,-69.19646000
7.84912109,-94.76063000,-77.46161000
7.84973145,-98.73595000,-82.89359000
7.85034180,-95.66628000,-91.19954000
7.85095215,-96.08997000,-90.59937000
7.85156250,-101.27040000,-85.81940000
7.85217285,-96.93717000,-73.78296000
7.85278320,-93.60252000,-69.49002000
7.85339355,-86.67821000,-72.51523000
7.85400391,-84.47173000,-78.31310000
7.85461426,-83.87115000,-69.26963000
7.85522461,-86.86398000,-70.30591000
7.85583496,-93.87727000,-72.51312000
7.85644531,-97.36789000,-73.79730000
7.85705566,-93.39273000,-89.38419000
7.85766602,-88.88651000,-70.47300000
7.85827637,-84.03671000,-71.92548000
7.85888672,-85.97103000,-80.19318000
7.85949707,-97.22404000,-74.05965000
7.86010742,-98.82013000,-69.08418000
7.86071777,-94.47525000,-70.07390000
7.86132813,-99.46021000,-71.46342000
7.86193848,-92.97325000,-68.44163000
7.86254883,-88.65157000,-69.18936000
7.86315918,-87.63579000,-74.63336000
7.86376953,-86.81227000,-82.26996000
7.86437988,-89.68980000,-86.12320000
7.86499023,-97.01982000,-81.73179000
7.86560059,-95.23404000,-73.10236000
7.86621094,-95.01305000,-69.40844000
7.86682129,-97.96982000,-71.41448000
7.86743164,-93.88439000,-80.93362000
7.86804199,-90.19049000,-84.48109000
7.86865234,-94.81200000,-74.56025000
7.86926270,-93.43284000,-68.50434000
7.86987305,-86.94101000,-68.29373000
7.87048340,-88.38560000,-74.26477000
7.87109375,-92.64309000,-79.94604000
7.87170410,-88.06360000,-78.12104000
7.87231445,-88.26563000,-76.29363000
7.87292480,-89.64949000,-67.32522000
7.87353516,-92.73621000,-65.95703000
7.87414551,-100.48080000,-66.77001000
7.87475586,-97.60628000,-68.53576000
7.87536621,-89.26769000,-69.21443000
7.87597656,-86.10194000,-69.03451000
7.87658691,-86.99326000,-71.03216000
7.87719727,-87.87151000,-68.90071000
7.87780762,-89.31277000,-71.54353000
7.87841797,-92.14909000,-74.49667000
7.87902832,-97.06012000,-74.20038000
7.87963867,-92.92648000,-73.25218000
7.88024902,-90.94109000,-73.20444000
7.88085938,-98.81387000,-77.45072000
7.88146973,-96.07998000,-77.57150000
7.88208008,-91.04347000,-70.75677000
7.88269043,-86.65681000,-76.76583000
7.88330078,-87.46523000,-73.70063000
7.88391113,-98.54030000,-67.07321000
7.88452148,-97.62543000,-66.77282000
7.88513184,-92.96635000,-70.98327000
7.88574219,-93.72387000,-75.23131000
7.88635254,-104.58700000,-73.81532000
7.88696289,-103.21620000,-73.90211000
7.88757324,-94.83807000,-77.18932000
7.88818359,-88.74866000,-79.74531000
7.88879395,-87.78854000,-70.75534000
7.88940430,-97.70435000,-72.10981000
7.89001465,-104.71710000,-77.42682000
7.89062500,-100.40440000,-82.48279000
7.89123535,-97.38829000,-77.46037000
7.89184570,-91.88692000,-80.47931000
7.89245605,-89.05636000,-76.08224000
7.89306641,-92.21432000,-70.95657000
7.89367676,-108.92050000,-69.81287000
7.89428711,-95.01365000,-73.43896000
7.89489746,-88.57906000,-71.18678000
7.89550781,-85.52837000,-69.50100000
7.89611816,-89.13531000,-74.17645000
7.89672852,-93.89202000,-78.47579000
7.89733887,-102.07940000,-74.03448000
7.89794922,-110.20750000,-75.85072000
7.89855957,-93.05128000,-78.18382000
7.89916992,-88.65060000,-73.67593000
7.89978027,-94.90548000,-69.31258000
7.90039063,-95.94555000,-71.48799000
7.90100098,-91.61465000,-77.40961000
7.90161133,-87.21039000,-74.23806000
7.90222168,-87.99567000,-71.02119000
7.90283203,-97.91325000,-71.03418000
7.90344238,-90.53565000,-75.31059000
7.90405273,-92.22617000,-76.59470000
7.90466309,-100.78900000,-77.36005000
7.90527344,-104.99890000,-88.14297000
7.90588379,-101.08410000,-87.13837000
7.90649414,-95.30054000,-74.98347000
7.90710449,-92.83200000,-72.58978000
7.90771484,-92.96075000,-76.48589000
7.90832520,-94.13181000,-94.71397000
7.90893555,-95.92040000,-84.57333000
7.90954590,-96.47828000,-75.13278000
7.91015625,-94.74384000,-70.54117000
7.91076660,-93.48761000,-69.93562000
7.91137695,-90.30086000,-74.49834000
7.91198730,-86.21323000,-79.02937000
7.91259766,-86.34006000,-73.31916000
7.91320801,-90.03681000,-72.17204000
7.91381836,-100.15820000,-68.17517000
7.91442871,-90.51189000,-70.37576000
7.91503906,-93.62941000,-80.97736000
7.91564941,-90.69281000,-83.97435000
7.91625977,-88.35397000,-72.53251000
7.91687012,-96.21476000,-69.66168000
7.91748047,-94.71085000,-75.74739000
7.91809082,-93.78084000,-84.54626000
7.91870117,-100.64910000,-79.56638000
7.91931152,-99.04646000,-74.06005000
7.91992188,-92.22548000,-74.84476000
7.92053223,-90.39357000,-78.22116000
7.92114258,-92.96891000,-79.24312000
7.92175293,-97.30072000,-75.39129000
7.92236328,-89.78698000,-72.73610000
7.92297363,-92.92206000,-71.27799000
7.92358398,-93.29729000,-80.45394000
7.92419434,-93.22269000,-79.07365000
7.92480469,-88.36798000,-75.26990000
7.92541504,-87.65222000,-74.66477000
7.92602539,-93.81882000,-78.83399000
7.92663574,-95.88129000,-78.61167000
7.92724609,-104.54810000,-72.84835000
7.92785645,-95.93436000,-72.46822000
7.92846680,-99.01450000,-74.87382000
7.92907715,-91.61591000,-81.84778000
7.92968750,-93.93254000,-82.41093000
7.93029785,-91.61534000,-81.91682000
7.93090820,-91.06630000,-76.11685000
7.93151855,-97.23631000,-71.79422000
7.93212891,-101.21500000,-74.74290000
7.93273926,-104.67290000,-72.03215000
7.93334961,-95.19489000,-72.00780000
7.93395996,-97.46014000,-76.59351000
7.93457031,-90.81593000,-75.15687000
7.93518066,-95.88200000,-73.85680000
7.93579102,-93.97829000,-76.58990000
7.93640137,-89.88603000,-74.15057000
7.93701172,-89.76868000,-69.71452000
7.93762207,-94.57732000,-71.75999000
7.93823242,-96.54308000,-74.05678000
7.93884277,-89.47527000,-79.98504000
7.93945313,-89.30846000,-88.43169000
7.94006348,-91.20697000,-90.22340000
7.94067383,-94.20998000,-86.12954000
7.94128418,-92.87724000,-83.27567000
7.94189453,-94.49484000,-75.04048000
7.94250488,-93.20447000,-74.46088000
7.94311523,-90.65701000,-75.44682000
7.94372559,-86.48579000,-73.18919000
7.94433594,-85.82574000,-66.75862000
7.94494629,-87.43628000,-65.96545000
7.94555664,-88.98254000,-75.85085000
7.94616699,-90.91229000,-74.47652000
7.94677734,-96.49445000,-73.74864000
7.94738770,-96.36139000,-75.23141000
7.94799805,-95.31486000,-76.42282000
7.94860840,-92.13314000,-78.33356000
7.94921875,-90.91983000,-78.26731000
7.94982910,-97.43690000,-73.14330000
7.95043945,-103.36180000,-74.30383000
7.95104980,-103.24050000,-72.94579000
7.95166016,-96.33691000,-69.52576000
7.95227051,-95.34267000,-66.98297000
7.95288086,-92.15153000,-68.61871000
7.95349121,-87.83619000,-72.84724000
7.95410156,-86.03557000,-70.79846000
7.95471191,-88.46095000,-72.70677000
7.95532227,-97.05949000,-87.70566000
7.95593262,-99.24887000,-76.20911000
7.95654297,-91.37723000,-70.95456000
7.95715332,-87.98542000,-72.54957000
7.95776367,-85.65579000,-73.87325000
7.95837402,-88.48679000,-75.50339000
7.95898438,-91.25222000,-72.54679000
7.95959473,-91.94576000,-77.61721000
7.96020508,-92.83102000,-78.23371000
7.96081543,-96.16692000,-68.75774000
7.96142578,-104.00390000,-70.65308000
7.96203613,-93.59409000,-73.91871000
7.96264648,-90.26414000,-72.06020000
7.96325684,-96.21711000,-72.45331000
7.96386719,-93.60458000,-74.16205000
7.96447754,-88.93690000,-73.52677000
7.96508789,-95.63756000,-75.24812000
7.96569824,-99.86681000,-78.26440000
7.96630859,-92.75278000,-72.69406000
7.96691895,-89.89445000,-70.96956000
7.96752930,-87.77426000,-71.31403000
7.96813965,-96.89249000,-77.30952000
7.96875000,-89.92928000,-74.42156000
7.96936035,-89.42445000,-75.32044000
7.96997070,-107.23580000,-81.32488000
7.97058105,-92.76376000,-73.45343000
7.97119141,-97.13718000,-70.60054000
7.97180176,-107.60280000,-71.79953000
7.97241211,-96.41344000,-75.58582000
7.97302246,-89.88757000,-80.84411000
7.97363281,-87.96112000,-78.75008000
7.97424316,-90.79346000,-86.39563000
7.97485352,-91.99174000,-72.41426000
7.97546387,-87.09438000,-70.34834000
7.97607422,-89.46802000,-80.40735000
7.97668457,-94.69689000,-75.17953000
7.97729492,-94.28055000,-72.84884000
7.97790527,-112.06310000,-73.12867000
7.97851563,-97.14914000,-70.04494000
7.97912598,-98.48557000,-73.05235000
7.97973633,-96.17255000,-71.75304000
7.98034668,-92.73650000,-76.87847000
7.98095703,-97.52961000,-89.22463000
7.98156738,-96.07439000,-84.20569000
7.98217773,-89.21420000,-82.49712000
7.98278809,-90.33577000,-82.02621000
7.98339844,-91.92006000,-76.72867000
7.98400879,-88.60712000,-75.27223000
7.98461914,-86.72563000,-81.37143000
7.98522949,-88.37516000,-73.53577000
7.98583984,-100.18910000,-70.98589000
7.98645020,-93.58876000,-71.86568000
7.98706055,-89.75600000,-71.92595000
7.98767090,-93.71326000,-70.72005000
7.98828125,-97.53345000,-74.71432000
7.98889160,-93.14424000,-76.73213000
7.98950195,-86.03062000,-74.81175000
7.99011230,-86.18997000,-80.36661000
7.99072266,-91.29436000,-80.92061000
7.99133301,-113.61680000,-76.83036000
7.99194336,-88.04086000,-73.65830000
7.99255371,-85.00846000,-72.13270000
7.99316406,-85.55093000,-83.91203000
7.99377441,-87.73591000,-75.17796000
7.99438477,-89.02878000,-74.31747000
7.99499512,-92.65540000,-74.61709000
7.99560547,-105.12890000,-72.35303000
7.99621582,-105.71380000,-74.25057000
7.99682617,-90.78602000,-76.57198000
7.99743652,-90.52520000,-76.15218000
7.99804688,-93.23354000,-84.63409000
7.99865723,-93.12495000,-66.57781000
7.99926758,-100.21000000,-63.89151000
7.99987793,-103.11060000,-70.82744000
8.00048828,-93.25914000,-77.15664000
8.00109863,-90.08545000,-69.78400000
8.00170898,-91.04050000,-72.56708000
8.00231934,-93.91820000,-82.00092000
8.00292969,-92.39799000,-72.63047000
8.00354004,-87.79400000,-79.13606000
8.00415039,-86.89975000,-89.25846000
8.00476074,-88.83290000,-82.17706000
8.00537109,-91.74100000,-76.16551000
8.00598145,-91.72801000,-78.24129000
8.00659180,-93.63208000,-78.52078000
8.00720215,-92.29748000,-76.61234000
8.00781250,-92.67060000,-77.97298000
8.00842285,-95.05934000,-76.42987000
8.00903320,-91.56136000,-75.80943000
8.00964355,-92.27004000,-73.13176000
8.01025391,-95.98365000,-72.67416000
8.01086426,-100.27540000,-74.70425000
8.01147461,-95.58446000,-75.88064000
8.01208496,-101.27930000,-80.80994000
8.01269531,-100.06560000,-78.52843000
8.01330566,-100.08230000,-73.52987000
8.01391602,-96.50391000,-77.55823000
8.01452637,-91.71021000,-86.35590000
8.01513672,-94.50454000,-91.44035000
8.01574707,-105.10030000,-74.22067000
8.01635742,-94.15089000,-69.01846000
8.01696777,-88.12708000,-74.51740000
8.01757813,-84.16130000,-69.42488000
8.01818848,-86.23078000,-67.31368000
8.01879883,-95.80703000,-71.96209000
8.01940918,-96.04347000,-80.47011000
8.02001953,-93.33480000,-72.66783000
8.02062988,-97.28966000,-72.80331000
8.02124023,-92.90725000,-72.05238000
8.02185059,-88.85696000,-72.46706000
8.02246094,-92.89802000,-75.29193000
8.02307129,-99.17374000,-71.77455000
8.02368164,-92.38396000,-75.71937000
8.02429199,-93.01330000,-82.23167000
8.02490234,-92.08253000,-72.88441000
8.02551270,-91.40748000,-72.58407000
8.02612305,-95.62806000,-72.40939000
8.02673340,-101.58530000,-73.05597000
8.02734375,-99.39125000,-77.68102000
8.02795410,-90.87849000,-74.30920000
8.02856445,-86.57085000,-70.42786000
8.02917480,-84.82482000,-69.02711000
8.02978516,-85.35625000,-71.84312000
8.03039551,-87.91455000,-74.57135000
8.03100586,-94.68350000,-86.95832000
8.03161621,-99.83301000,-76.91169000
8.03222656,-96.80528000,-72.23688000
8.03283691,-91.37654000,-74.01532000
8.03344727,-90.82127000,-75.00711000
8.03405762,-94.42573000,-76.54808000
8.03466797,-106.28200000,-76.54116000
8.03527832,-101.52520000,-77.59988000
8.03588867,-97.72659000,-85.10480000
8.03649902,-97.14168000,-87.19095000
8.03710938,-100.35780000,-83.69541000
8.03771973,-94.39023000,-72.87959000
8.03833008,-88.75527000,-71.70831000
8.03894043,-92.90251000,-76.57700000
8.03955078,-92.79018000,-73.94366000
8.04016113,-90.07985000,-70.52605000
8.04077148,-89.55878000,-72.51632000
8.04138184,-89.35492000,-87.30789000
8.04199219,-91.24360000,-73.81117000
8.04260254,-93.08400000,-75.23951000
8.04321289,-101.75420000,-76.68996000
8.04382324,-98.32946000,-69.39900000
8.04443359,-94.45436000,-68.69114000
8.04504395,-110.31030000,-71.17041000
8.04565430,-91.50227000,-70.99918000
8.04626465,-90.60195000,-70.95486000
8.04687500,-91.16551000,-83.24154000
8.04748535,-92.07172000,-74.64877000
8.04809570,-92.43489000,-72.35049000
8.04870605,-99.74100000,-74.01570000
8.04931641,-97.41383000,-74.58170000
8.04992676,-93.98113000,-75.49707000
8.05053711,-97.83116000,-85.69113000
8.05114746,-93.81950000,-71.60439000
8.05175781,-93.13298000,-68.77499000
8.05236816,-91.38790000,-72.84123000
8.05297852,-90.28965000,-76.04823000
8.05358887,-94.42844000,-72.12393000
8.05419922,-90.74579000,-73.01082000
8.05480957,-87.39958000,-75.56219000
8.05541992,-86.67271000,-83.32216000
8.05603027,-86.08211000,-78.41490000
8.05664063,-88.44954000,-74.77383000
8.05725098,-91.74096000,-72.63665000
8.05786133,-93.68028000,-73.48132000
8.05847168,-104.06790000,-74.81815000
8.05908203,-100.35470000,-80.28180000
8.05969238,-105.00570000,-80.38588000
8.06030273,-98.63770000,-70.87333000
8.06091309,-92.86057000,-68.06584000
8.06152344,-95.24723000,-71.81414000
8.06213379,-93.47709000,-77.73675000
8.06274414,-91.47968000,-74.44328000
8.06335449,-90.13991000,-71.39259000
8.06396484,-94.00349000,-71.28489000
8.06457520,-94.23148000,-75.99200000
8.06518555,-91.50278000,-84.47328000
8.06579590,-92.38400000,-86.58276000
8.06640625,-92.89166000,-70.11117000
8.06701660,-94.73375000,-67.86652000
8.06762695,-94.05841000,-67.94569000
8.06823730,-92.49062000,-67.01883000
8.06884766,-95.78520000,-67.97159000
8.06945801,-104.36730000,-71.06445000
8.07006836,-105.12500000,-70.60088000
8.07067871,-97.62000000,-71.36503000
8.07128906,-103.39770000,-78.19635000
8.07189941,-92.74918000,-89.43485000
8.07250977,-87.16109000,-91.02762000
8.07312012,-86.77925000,-83.38897000
8.07373047,-96.89934000,-72.67253000
8.07434082,-87.78413000,-67.71828000
8.07495117,-85.56000000,-67.14680000
8.07556152,-88.56528000,-71.91138000
8.07617188,-90.50689000,-79.89945000
8.07678223,-93.41564000,-84.27229000
8.07739258,-86.90263000,-73.45414000
8.07800293,-82.60803000,-73.22600000
8.07861328,-86.51254000,-76.90912000
8.07922363,-102.05750000,-73.96178000
8.07983398,-96.46814000,-74.34396000
8.08044434,-92.49409000,-83.90860000
8.08105469,-92.07625000,-72.98766000
8.08166504,-90.75221000,-70.68915000
8.08227539,-88.12923000,-72.55475000
8.08288574,-85.22736000,-73.86495000
8.08349609,-88.59161000,-76.79514000
8.08410645,-96.28256000,-77.21436000
8.08471680,-93.33740000,-75.94284000
8.08532715,-93.57556000,-78.61844000
8.08593750,-89.14920000,-79.97637000
8.08654785,-88.58556000,-72.34188000
8.08715820,-94.93259000,-70.93463000
8.08776855,-90.01791000,-77.83744000
8.08837891,-90.47134000,-79.12306000
8.08898926,-107.83670000,-73.57391000
8.08959961,-97.76793000,-74.18669000
8.09020996,-101.60910000,-77.41546000
8.09082031,-94.88091000,-79.94931000
8.09143066,-88.53918000,-69.87561000
8.09204102,-89.37459000,-68.42366000
8.09265137,-99.24740000,-69.70135000
8.09326172,-97.54617000,-73.47070000
8.09387207,-92.11098000,-77.28383000
8.09448242,-92.45441000,-78.95795000
8.09509277,-95.97421000,-75.01241000
8.09570313,-102.65290000,-72.61616000
8.09631348,-98.49863000,-81.14644000
8.09692383,-104.85540000,-83.05016000
8.09753418,-92.15432000,-79.17980000
8.09814453,-86.87951000,-93.49294000
8.09875488,-90.61034000,-73.21431000
8.09936523,-95.63560000,-73.61179000
8.09997559,-92.59615000,-92.97630000
8.10058594,-91.94179000,-78.33501000
8.10119629,-95.56998000,-83.01944000
8.10180664,-103.75770000,-78.22726000
8.10241699,-101.27020000,-82.44861000
8.10302734,-111.15050000,-79.00057000
8.10363770,-106.82090000,-74.51135000
8.10424805,-90.64757000,-70.65930000
8.10485840,-89.01381000,-69.96166000
8.10546875,-96.95374000,-73.29249000
8.10607910,-98.76109000,-75.47171000
8.10668945,-98.03246000,-80.19736000
8.10729980,-110.72640000,-70.38502000
8.10791016,-104.44190000,-74.89079000
8.10852051,-95.94186000,-76.17960000
8.10913086,-101.62720000,-69.01682000
8.10974121,-97.00813000,-70.30662000
8.11035156,-97.00636000,-84.24150000
8.11096191,-92.50299000,-75.18757000
8.11157227,-91.89083000,-70.53709000
8.11218262,-90.92337000,-71.61284000
8.11279297,-86.47865000,-82.04477000
8.11340332,-84.96314000,-88.92838000
8.11401367,-88.90804000,-75.04554000
8.11462402,-92.64317000,-73.92920000
8.11523438,-90.91422000,-73.89314000
8.11584473,-102.29770000,-73.98738000
8.11645508,-96.69021000,-75.61275000
8.11706543,-89.34729000,-80.26970000
8.11767578,-89.79854000,-74.60862000
8.11828613,-94.77103000,-76.05818000
8.11889648,-96.68537000,-75.00792000
8.11950684,-96.07976000,-77.94781000
8.12011719,-86.71021000,-87.19555000
8.12072754,-87.04133000,-88.22132000
8.12133789,-105.24720000,-81.29456000
8.12194824,-95.23583000,-72.84766000
8.12255859,-102.01300000,-74.87305000
8.12316895,-91.18011000,-79.28954000
8.12377930,-90.07652000,-74.91288000
8.12438965,-98.50856000,-67.72363000
8.12500000,-95.97090000,-67.49133000
8.12561035,-93.27690000,-70.69408000
8.12622070,-98.28983000,-75.58424000
8.12683105,-97.89867000,-92.34042000
8.12744141,-95.82206000,-75.16931000
8.12805176,-95.77106000,-72.52722000
8.12866211,-95.17168000,-72.25343000
8.12927246,-90.51128000,-76.42761000
8.12988281,-91.23499000,-88.68076000
8.13049316,-96.01571000,-86.17247000
8.13110352,-95.26737000,-74.92856000
8.13171387,-104.69940000,-71.53455000
8.13232422,-92.99745000,-69.15275000
8.13293457,-90.94264000,-71.80939000
8.13354492,-92.21732000,-81.43071000
8.13415527,-106.44940000,-93.79749000
8.13476563,-88.55801000,-82.37099000
8.13537598,-88.63977000,-81.53018000
8.13598633,-95.75795000,-74.49683000
8.13659668,-95.13680000,-71.67513000
8.13720703,-71.36684000,-66.97144000
8.13781738,-64.33521000,-61.81351000
8.13842773,-66.65649000,-64.70464000
8.13903809,-78.90912000,-74.36319000
8.13964844,-97.59441000,-76.97186000
8.14025879,-94.03744000,-79.04837000
8.14086914,-92.94160000,-72.18428000
8.14147949,-92.36794000,-70.49672000
8.14208984,-92.10685000,-74.91928000
8.14270020,-97.89361000,-78.81613000
8.14331055,-95.08241000,-75.18772000
8.14392090,-93.09536000,-73.02989000
8.14453125,-93.91358000,-78.25479000
8.14514160,-88.62153000,-79.03583000
8.14575195,-87.56165000,-70.06530000
8.14636230,-89.65302000,-68.35845000
8.14697266,-92.65346000,-67.40491000
8.14758301,-99.88618000,-68.24591000
8.14819336,-105.88110000,-66.90017000
8.14880371,-94.77520000,-66.45259000
8.14941406,-88.19658000,-68.56934000
8.15002441,-89.34274000,-72.30492000
8.15063477,-88.73839000,-79.33868000
8.15124512,-89.23596000,-82.18436000
8.15185547,-98.51799000,-73.46988000
8.15246582,-95.78149000,-71.88432000
8.15307617,-103.48640000,-75.86456000
8.15368652,-100.70150000,-73.08559000
8.15429688,-96.05194000,-68.49364000
8.15490723,-91.96255000,-67.70503000
8.15551758,-91.51963000,-68.22358000
8.15612793,-90.74625000,-73.52980000
8.15673828,-91.07899000,-76.14156000
8.15734863,-91.34701000,-67.75115000
8.15795898,-86.99220000,-66.78017000
8.15856934,-84.28997000,-68.95850000
8.15917969,-84.87113000,-70.81038000
8.15979004,-89.05181000,-70.88032000
8.16040039,-93.67021000,-76.22312000
8.16101074,-92.61208000,-73.00972000
8.16162109,-87.86295000,-70.94363000
8.16223145,-89.32870000,-72.63750000
8.16284180,-97.97487000,-80.54327000
8.16345215,-89.76369000,-82.22233000
8.16406250,-85.75042000,-72.42004000
8.16467285,-91.42142000,-71.00123000
8.16528320,-102.59310000,-79.07374000
8.16589355,-98.93478000,-75.47923000
8.16650391,-93.79482000,-71.32204000
8.16711426,-92.71598000,-77.93021000
8.16772461,-92.02608000,-74.59486000
8.16833496,-90.00591000,-75.61362000
8.16894531,-92.70181000,-76.94019000
8.16955566,-95.99827000,-76.41315000
8.17016602,-99.48441000,-76.33951000
8.17077637,-110.88470000,-78.26476000
8.17138672,-99.65430000,-73.23607000
8.17199707,-90.42263000,-70.59256000
8.17260742,-86.93295000,-68.85883000
8.17321777,-90.17213000,-68.17870000
8.17382813,-103.38180000,-68.18433000
8.17443848,-88.30130000,-70.51794000
8.17504883,-91.81985000,-78.70648000
8.17565918,-96.18279000,-85.94191000
8.17626953,-94.83372000,-78.44209000
8.17687988,-96.27786000,-70.30352000
8.17749023,-99.06213000,-71.64233000
8.17810059,-92.01122000,-97.24976000
8.17871094,-87.48237000,-72.53930000
8.17932129,-85.62163000,-73.32728000
8.17993164,-91.56304000,-79.56841000
8.18054199,-94.92119000,-77.17168000
8.18115234,-88.26875000,-75.51859000
8.18176270,-89.61575000,-75.05169000
8.18237305,-90.23141000,-75.61627000
8.18298340,-91.54031000,-74.94765000
8.18359375,-93.87198000,-73.49689000
8.18420410,-94.66541000,-74.06855000
8.18481445,-93.15617000,-71.04945000
8.18542480,-89.99847000,-74.07301000
8.18603516,-94.96938000,-81.94973000
8.18664551,-90.32138000,-74.98300000
8.18725586,-92.18828000,-75.34473000
8.18786621,-94.09896000,-70.68922000
8.18847656,-96.78628000,-67.34296000
8.18908691,-98.68210000,-70.40734000
8.18969727,-94.37379000,-74.67086000
8.19030762,-95.64648000,-76.68922000
8.19091797,-93.17524000,-81.70284000
8.19152832,-92.63232000,-77.63333000
8.19213867,-100.71800000,-74.12347000
8.19274902,-99.11404000,-75.25360000
8.19335938,-100.94940000,-75.51368000
8.19396973,-98.00049000,-72.79217000
8.19458008,-90.50579000,-73.32511000
8.19519043,-91.36536000,-80.64009000
8.19580078,-92.18494000,-82.52906000
8.19641113,-91.89522000,-76.16692000
8.19702148,-88.66443000,-83.43082000
8.19763184,-84.90498000,-74.17625000
8.19824219,-86.53568000,-74.37547000
8.19885254,-96.50627000,-74.61049000
8.19946289,-87.64220000,-75.06687000
8.20007324,-85.16811000,-81.24302000
8.20068359,-86.83234000,-75.46402000
8.20129395,-90.70459000,-78.68099000
8.20190430,-94.12525000,-76.66316000
8.20251465,-96.04827000,-86.02776000
8.20312500,-90.33026000,-78.96629000
8.20373535,-91.13228000,-74.55266000
8.20434570,-92.84488000,-71.28496000
8.20495605,-90.64929000,-69.45361000
8.20556641,-92.81210000,-67.73721000
8.20617676,-87.07088000,-67.12505000
8.20678711,-86.37788000,-70.66966000
8.20739746,-89.03349000,-78.10614000
8.20800781,-92.79626000,-72.93088000
8.20861816,-93.13368000,-79.13953000
8.20922852,-90.57250000,-83.53890000
8.20983887,-89.67035000,-85.95658000
8.21044922,-88.24215000,-81.47087000
8.21105957,-89.89435000,-74.42145000
8.21166992,-97.59754000,-72.48167000
8.21228027,-97.70644000,-77.20129000
8.21289063,-100.38490000,-81.65696000
8.21350098,-98.23402000,-81.59606000
8.21411133,-96.12863000,-74.57504000
8.21472168,-97.44027000,-97.64044000
8.21533203,-92.71584000,-69.96410000
8.21594238,-98.32086000,-68.71593000
8.21655273,-93.27373000,-72.36391000
8.21716309,-91.17810000,-73.13729000
8.21777344,-90.50781000,-76.85294000
8.21838379,-93.60336000,-80.26234000
8.21899414,-92.73632000,-84.44076000
8.21960449,-93.34279000,-77.60802000
8.22021484,-98.49122000,-75.16949000
8.22082520,-93.08602000,-76.39046000
8.22143555,-96.48009000,-84.43262000
8.22204590,-100.32580000,-85.33998000
8.22265625,-89.87443000,-77.98183000
8.22326660,-92.58914000,-75.92790000
8.22387695,-93.48512000,-77.23050000
8.22448730,-87.44031000,-74.01063000
8.22509766,-86.82751000,-72.36278000
8.22570801,-95.02529000,-75.31989000
8.22631836,-94.12238000,-82.68639000
8.22692871,-94.22733000,-71.37323000
8.22753906,-99.93264000,-71.03914000
8.22814941,-96.27234000,-76.10249000
8.22875977,-97.32464000,-75.00076000
8.22937012,-98.75546000,-76.11659000
8.22998047,-104.46880000,-80.72676000
8.23059082,-98.65337000,-80.57808000
8.23120117,-97.62307000,-75.40078000
8.23181152,-95.28855000,-74.33691000
8.23242188,-96.84972000,-70.97877000
8.23303223,-100.22920000,-70.46335000
8.23364258,-97.68289000,-84.78120000
8.23425293,-93.68938000,-74.97328000
8.23486328,-95.96423000,-74.98288000
8.23547363,-104.13790000,-74.16786000
8.23608398,-90.24214000,-72.07518000
8.23669434,-89.36989000,-71.80954000
8.23730469,-91.48698000,-70.83611000
8.23791504,-92.59598000,-71.39565000
8.23852539,-87.91275000,-68.48978000
8.23913574,-87.06596000,-70.02188000
8.23974609,-88.87791000,-73.37496000
8.24035645,-96.20944000,-72.74078000
8.24096680,-96.50056000,-79.08154000
8.24157715,-87.26198000,-84.11411000
8.24218750,-87.14108000,-84.08209000
8.24279785,-91.51431000,-87.99171000
8.24340820,-93.06558000,-82.67580000
8.24401855,-99.92699000,-86.88689000
8.24462891,-97.71453000,-79.43646000
8.24523926,-95.53917000,-73.61464000
8.24584961,-97.55710000,-73.04613000
8.24645996,-94.19132000,-75.04849000
8.24707031,-97.69298000,-76.17181000
8.24768066,-92.55087000,-75.05354000
8.24829102,-85.67414000,-78.41729000
8.24890137,-86.66702000,-83.93322000
8.24951172,-93.53679000,-72.29587000
8.25012207,-95.87577000,-72.91537000
8.25073242,-90.87818000,-77.05621000
8.25134277,-92.35603000,-85.59106000
8.25195313,-98.97803000,-78.58659000
8.25256348,-95.27444000,-78.35509000
8.25317383,-90.24059000,-75.42092000
8.25378418,-89.31248000,-74.96965000
8.25439453,-91.24942000,-83.53166000
8.25500488,-94.74989000,-73.59185000
8.25561523,-100.16000000,-73.88686000
8.25622559,-96.56921000,-74.35952000
8.25683594,-91.33244000,-71.84511000
8.25744629,-88.12572000,-75.65823000
8.25805664,-89.86434000,-80.55016000
8.25866699,-112.65920000,-73.43663000
8.25927734,-99.22502000,-71.62600000
8.25988770,-98.48072000,-82.89407000
8.26049805,-96.24376000,-82.04093000
8.26110840,-95.14645000,-74.81162000
8.26171875,-94.70702000,-77.03503000
8.26232910,-90.08688000,-75.62283000
8.26293945,-92.75526000,-71.83316000
8.26354980,-93.50879000,-69.07298000
8.26416016,-97.03363000,-75.90988000
8.26477051,-91.59647000,-81.32928000
8.26538086,-87.82505000,-78.52489000
8.26599121,-89.25800000,-76.67726000
8.26660156,-95.37917000,-72.97125000
8.26721191,-89.26434000,-79.85712000
8.26782227,-88.89817000,-78.13097000
8.26843262,-93.65768000,-76.88373000
8.26904297,-105.23570000,-75.90125000
8.26965332,-93.10379000,-76.04565000
8.27026367,-96.32710000,-80.52625000
8.27087402,-103.48410000,-75.82416000
8.27148438,-99.43610000,-77.40410000
8.27209473,-94.16183000,-79.91641000
8.27270508,-91.45112000,-75.09469000
8.27331543,-93.76817000,-78.55500000
8.27392578,-92.03778000,-79.82059000
8.27453613,-92.45105000,-81.54060000
8.27514648,-95.10658000,-75.60754000
8.27575684,-98.86734000,-81.98948000
8.27636719,-91.39926000,-80.92934000
8.27697754,-89.72720000,-73.88737000
8.27758789,-88.64467000,-69.90289000
8.27819824,-87.54876000,-70.83406000
8.27880859,-88.14191000,-78.78177000
8.27941895,-92.71997000,-93.31792000
8.28002930,-97.96553000,-74.76119000
8.28063965,-94.74389000,-71.95909000
8.28125000,-94.47239000,-70.95674000
8.28186035,-96.04167000,-71.56538000
8.28247070,-93.42400000,-68.76141000
8.28308105,-92.10552000,-68.01347000
8.28369141,-94.44084000,-72.26704000
8.28430176,-92.87429000,-74.07420000
8.28491211,-89.09789000,-69.95694000
8.28552246,-92.01350000,-68.59568000
8.28613281,-106.47550000,-72.13710000
8.28674316,-90.94327000,-83.27889000
8.28735352,-90.47415000,-77.04910000
8.28796387,-94.41670000,-76.10571000
8.28857422,-93.40340000,-78.72935000
8.28918457,-93.01558000,-75.92384000
8.28979492,-92.16588000,-75.12971000
8.29040527,-89.45016000,-71.54891000
8.29101563,-93.90479000,-72.38817000
8.29162598,-95.22919000,-74.73121000
8.29223633,-96.12485000,-85.20998000
8.29284668,-101.20860000,-71.37018000
8.29345703,-92.27863000,-70.47885000
8.29406738,-89.77277000,-71.92659000
8.29467773,-88.37032000,-77.82963000
8.29528809,-91.23811000,-76.03049000
8.29589844,-93.47475000,-78.24242000
8.29650879,-87.99580000,-75.40870000
8.29711914,-87.85378000,-74.63525000
8.29772949,-95.15829000,-74.57380000
8.29833984,-108.22100000,-91.37830000
8.29895020,-91.38516000,-77.47365000
8.29956055,-86.93027000,-80.34707000
8.30017090,-88.21606000,-73.37672000
8.30078125,-90.45355000,-71.54893000
8.30139160,-92.20702000,-75.28490000
8.30200195,-90.06535000,-81.16074000
8.30261230,-91.86414000,-79.40613000
8.30322266,-107.02620000,-76.27313000
8.30383301,-92.94928000,-80.19182000
8.30444336,-91.40645000,-80.20774000
8.30505371,-96.51883000,-79.13152000
8.30566406,-90.66679000,-79.54329000
8.30627441,-95.81239000,-73.31710000
8.30688477,-94.35479000,-74.86848000
8.30749512,-94.03127000,-77.40483000
8.30810547,-98.83765000,-72.82809000
8.30871582,-100.29980000,-81.82164000
8.30932617,-97.87802000,-75.80423000
8.30993652,-93.94289000,-76.30986000
8.31054688,-85.85191000,-78.67445000
8.31115723,-84.49059000,-72.45759000
8.31176758,-87.96173000,-73.00679000
8.31237793,-85.69161000,-85.17239000
8.31298828,-90.06728000,-70.05599000
8.31359863,-125.34100000,-68.20768000
8.31420898,-96.07258000,-72.00807000
8.31481934,-97.08524000,-76.13788000
8.31542969,-91.65825000,-72.31369000
8.31604004,-90.07004000,-69.89447000
8.31665039,-92.05860000,-71.17370000
8.31726074,-90.00058000,-80.58712000
8.31787109,-87.74689000,-74.09972000
8.31848145,-92.77619000,-68.49372000
8.31909180,-92.57934000,-68.85636000
8.31970215,-92.87654000,-70.20709000
8.32031250,-96.57822000,-73.04994000
8.32092285,-97.50598000,-72.58611000
8.32153320,-106.97250000,-75.16857000
8.32214355,-99.27512000,-73.10006000
8.32275391,-89.99828000,-72.32143000
8.32336426,-89.17924000,-79.28638000
8.32397461,-91.26787000,-83.73561000
8.32458496,-89.39983000,-70.96478000
8.32519531,-92.72285000,-66.33189000
8.32580566,-96.81148000,-67.58454000
8.32641602,-97.95135000,-74.92942000
8.32702637,-99.36053000,-76.94768000
8.32763672,-94.16063000,-73.14098000
8.32824707,-89.36439000,-76.35239000
8.32885742,-89.07980000,-72.81118000
8.32946777,-94.97407000,-67.65281000
8.33007813,-98.15086000,-67.80588000
8.33068848,-107.20880000,-75.92602000
8.33129883,-88.96168000,-86.59908000
8.33190918,-89.58731000,-79.11507000
8.33251953,-92.51144000,-82.05901000
8.33312988,-92.46006000,-81.25443000
8.33374023,-93.55159000,-72.41055000
8.33435059,-98.21870000,-70.95052000
8.33496094,-115.98080000,-81.03340000
8.33557129,-94.37417000,-73.09028000
8.33618164,-91.99978000,-75.29648000
8.33679199,-90.66512000,-78.15965000
8.33740234,-88.77562000,-72.85611000
8.33801270,-91.32372000,-77.17894000
8.33862305,-97.99174000,-81.60281000
8.33923340,-92.10109000,-80.08651000
8.33984375,-91.57788000,-77.76251000
8.34045410,-93.04855000,-82.80013000
8.34106445,-95.53642000,-84.77036000
8.34167480,-97.59192000,-75.54225000
8.34228516,-93.69343000,-73.67070000
8.34289551,-103.72040000,-79.58097000
8.34350586,-93.43429000,-76.45375000
8.34411621,-96.49746000,-73.69479000
8.34472656,-95.63899000,-74.49370000
8.34533691,-95.60691000,-72.42303000
8.34594727,-107.86300000,-70.48283000
8.34655762,-102.77240000,-76.85267000
8.34716797,-99.04811000,-87.46207000
8.34777832,-90.51495000,-82.46570000
8.34838867,-91.54160000,-70.58063000
8.34899902,-114.88460000,-72.28632000
8.34960938,-99.78188000,-78.31341000
8.35021973,-106.84050000,-94.51782000
8.35083008,-91.17073000,-69.93417000
8.35144043,-88.18758000,-68.17817000
8.35205078,-93.88181000,-68.28722000
8.35266113,-97.41357000,-68.03044000
8.35327148,-93.22478000,-69.77803000
8.35388184,-89.98392000,-79.42372000
8.35449219,-88.60958000,-84.98003000
8.35510254,-88.59592000,-96.39249000
8.35571289,-89.03897000,-78.33089000
8.35632324,-90.22701000,-70.78215000
8.35693359,-89.62016000,-70.72416000
8.35754395,-88.11752000,-72.80118000
8.35815430,-91.12987000,-72.89755000
8.35876465,-100.62260000,-79.34666000
8.35937500,-93.70789000,-74.03593000
8.35998535,-91.35336000,-72.44212000
8.36059570,-95.35240000,-71.59398000
8.36120605,-94.20174000,-76.77092000
8.36181641,-92.09691000,-84.68071000
8.36242676,-90.06347000,-74.60706000
8.36303711,-88.46931000,-70.55212000
8.36364746,-90.11063000,-70.93074000
8.36425781,-92.01894000,-77.21990000
8.36486816,-89.56687000,-81.73883000
8.36547852,-91.51542000,-75.05381000
8.36608887,-102.03490000,-74.89482000
8.36669922,-103.47900000,-75.99917000
8.36730957,-99.14270000,-75.16354000
8.36791992,-97.33360000,-73.77039000
8.36853027,-93.72039000,-82.02766000
8.36914063,-90.21305000,-72.99167000
8.36975098,-89.32251000,-71.32108000
8.37036133,-99.74651000,-70.29646000
8.37097168,-88.86666000,-69.98973000
8.37158203,-88.56728000,-66.90483000
8.37219238,-94.95439000,-65.04876000
8.37280273,-98.99650000,-67.12254000
8.37341309,-102.26290000,-68.76622000
8.37402344,-107.09860000,-74.42889000
8.37463379,-98.63487000,-77.63692000
8.37524414,-92.75348000,-72.46780000
8.37585449,-91.08533000,-72.21630000
8.37646484,-95.38866000,-79.41329000
8.37707520,-96.25446000,-91.67072000
8.37768555,-89.38309000,-87.32001000
8.37829590,-89.24861000,-74.26837000
8.37890625,-91.84595000,-69.43291000
8.37951660,-91.36691000,-69.67841000
8.38012695,-97.83046000,-70.42325000
8.38073730,-99.91260000,-73.95856000
8.38134766,-99.97959000,-71.34975000
8.38195801,-87.52135000,-69.41508000
8.38256836,-85.29364000,-71.86227000
8.38317871,-89.46849000,-87.18365000
8.38378906,-88.03653000,-77.52814000
8.38439941,-84.64449000,-71.57838000
8.38500977,-84.77905000,-69.24222000
8.38562012,-89.29017000,-68.43838000
8.38623047,-97.71657000,-66.55940000
8.38684082,-88.07387000,-67.47865000
8.38745117,-84.01002000,-70.11623000
8.38806152,-84.33387000,-71.25197000
8.38867188,-86.96232000,-72.42041000
8.38928223,-89.32682000,-76.04831000
8.38989258,-89.69127000,-86.12683000
8.39050293,-97.28455000,-84.95488000
8.39111328,-95.10931000,-80.02013000
8.39172363,-94.90036000,-76.07553000
8.39233398,-98.41640000,-85.07850000
8.39294434,-105.78940000,-80.49645000
8.39355469,-94.72940000,-75.12099000
8.39416504,-89.11711000,-73.39016000
8.39477539,-90.19147000,-76.19691000
8.39538574,-94.73167000,-70.18977000
8.39599609,-91.34502000,-67.76691000
8.39660645,-90.93220000,-67.82899000
8.39721680,-97.96413000,-71.16898000
8.39782715,-105.72980000,-78.00224000
8.39843750,-98.30962000,-76.46460000
8.39904785,-93.14467000,-82.78838000
8.39965820,-92.30869000,-72.86012000
8.40026855,-97.09520000,-72.83636000
8.40087891,-96.32664000,-79.33514000
8.40148926,-94.68924000,-77.87590000
8.40209961,-90.95120000,-75.50532000
8.40270996,-85.25443000,-83.54436000
8.40332031,-87.44069000,-79.58327000
8.40393066,-95.98618000,-80.31526000
8.40454102,-126.08280000,-78.66161000
8.40515137,-93.92293000,-74.49591000
8.40576172,-92.08897000,-73.91133000
8.40637207,-96.44513000,-76.48319000
8.40698242,-91.03958000,-77.32931000
8.40759277,-87.62841000,-70.12883000
8.40820313,-88.56058000,-70.28349000
8.40881348,-104.60300000,-75.83893000
8.40942383,-94.58562000,-78.19134000
8.41003418,-104.84990000,-75.03622000
8.41064453,-99.49616000,-75.10618000
8.41125488,-96.45360000,-80.12109000
8.41186523,-94.72415000,-82.62383000
8.41247559,-97.33192000,-79.19751000
8.41308594,-102.01980000,-80.33881000
8.41369629,-93.87843000,-77.65806000
8.41430664,-94.05673000,-72.03202000
8.41491699,-94.48739000,-69.41329000
8.41552734,-105.10140000,-70.64851000
8.41613770,-102.82330000,-73.08691000
8.41674805,-90.39784000,-79.09121000
8.41735840,-86.48147000,-73.65228000
8.41796875,-88.63213000,-72.58501000
8.41857910,-93.98506000,-75.85538000
8.41918945,-101.40900000,-86.15452000
8.41979980,-105.09130000,-72.01540000
8.42041016,-98.23587000,-70.51862000
8.42102051,-111.84680000,-80.01717000
8.42163086,-97.11009000,-81.18292000
8.42224121,-98.47691000,-77.25310000
8.42285156,-94.81912000,-81.76439000
8.42346191,-88.43299000,-86.01402000
8.42407227,-87.77696000,-80.51972000
8.42468262,-92.19318000,-83.48082000
8.42529297,-94.25786000,-75.59571000
8.42590332,-92.15219000,-68.23860000
8.42651367,-92.82751000,-66.93616000
8.42712402,-93.63054000,-69.11312000
8.42773438,-95.00152000,-73.14320000
8.42834473,-84.31263000,-78.44876000
8.42895508,-85.20744000,-73.69683000
8.42956543,-86.55544000,-73.79964000
8.43017578,-94.53533000,-77.45869000
8.43078613,-96.23988000,-74.94930000
8.43139648,-93.17001000,-73.79230000
8.43200684,-93.01738000,-76.13020000
8.43261719,-88.80207000,-80.82780000
8.43322754,-85.37402000,-69.53032000
8.43383789,-84.34602000,-67.35824000
8.43444824,-88.77834000,-73.13755000
8.43505859,-96.67365000,-85.85088000
8.43566895,-96.90105000,-70.00725000
8.43627930,-93.07558000,-68.40245000
8.43688965,-85.54385000,-69.17018000
8.43750000,-72.64096000,-65.15563000
8.43811035,-71.01544000,-65.78356000
8.43872070,-78.56162000,-72.32925000
8.43933105,-93.07852000,-79.05970000
8.43994141,-93.86597000,-87.32293000
8.44055176,-89.00084000,-75.81963000
8.44116211,-88.16032000,-72.89016000
8.44177246,-88.25047000,-77.86363000
8.44238281,-87.92464000,-77.69942000
8.44299316,-87.88931000,-82.03403000
8.44360352,-87.45744000,-83.82661000
8.44421387,-91.85805000,-82.09359000
8.44482422,-94.13288000,-80.37170000
8.44543457,-90.91019000,-73.67876000
8.44604492,-92.79021000,-68.16294000
8.44665527,-89.13380000,-66.81281000
8.44726563,-86.35750000,-67.98509000
8.44787598,-88.53776000,-70.15212000
8.44848633,-96.93414000,-77.59698000
8.44909668,-114.31930000,-72.27625000
8.44970703,-99.38865000,-68.16535000
8.45031738,-96.31158000,-69.73833000
8.45092773,-104.04600000,-72.84917000
8.45153809,-98.18633000,-75.68994000
8.45214844,-98.46497000,-78.14561000
8.45275879,-92.24713000,-74.49544000
8.45336914,-90.73393000,-72.65682000
8.45397949,-89.89059000,-74.08809000
8.45458984,-96.51741000,-80.83376000
8.45520020,-103.00630000,-80.93878000
8.45581055,-122.86250000,-78.10191000
8.45642090,-92.24802000,-81.66716000
8.45703125,-87.94272000,-83.64639000
8.45764160,-93.93932000,-88.91341000
8.45825195,-90.20585000,-89.36423000
8.45886230,-93.07594000,-94.18170000
8.45947266,-100.69760000,-83.91490000
8.46008301,-96.33723000,-78.06037000
8.46069336,-98.14072000,-81.92662000
8.46130371,-97.85325000,-74.64005000
8.46191406,-92.89087000,-73.46556000
8.46252441,-92.94293000,-76.13171000
8.46313477,-88.65077000,-77.35249000
8.46374512,-88.78197000,-75.42361000
8.46435547,-93.10419000,-88.97453000
8.46496582,-83.83281000,-74.59760000
8.46557617,-83.05096000,-81.99364000
8.46618652,-87.16901000,-77.08907000
8.46679688,-90.44267000,-78.01229000
8.46740723,-90.29221000,-70.20348000
8.46801758,-92.14139000,-69.61432000
8.46862793,-93.92178000,-71.14075000
8.46923828,-96.41615000,-72.91545000
8.46984863,-99.52943000,-74.20802000
8.47045898,-97.61099000,-78.45743000
8.47106934,-94.49378000,-76.48663000
8.47167969,-93.09884000,-77.12833000
8.47229004,-97.63344000,-82.80025000
8.47290039,-106.06480000,-75.66039000
8.47351074,-106.72540000,-71.43134000
8.47412109,-105.74470000,-69.39714000
8.47473145,-95.68202000,-70.67477000
8.47534180,-90.98743000,-74.27969000
8.47595215,-86.75154000,-76.71805000
8.47656250,-87.64591000,-73.51211000
8.47717285,-88.34457000,-73.53368000
8.47778320,-88.11782000,-75.89477000
8.47839355,-92.57024000,-75.39161000
8.47900391,-98.90530000,-79.78485000
8.47961426,-117.45200000,-76.39130000
8.48022461,-94.53056000,-80.80283000
8.48083496,-94.61829000,-80.59760000
8.48144531,-98.33678000,-77.44814000
8.48205566,-87.43072000,-73.22941000
8.48266602,-87.30447000,-70.56432000
8.48327637,-91.21992000,-71.60682000
8.48388672,-91.58968000,-72.75475000
8.48449707,-90.99545000,-72.23450000
8.48510742,-93.41045000,-72.23366000
8.48571777,-92.72828000,-75.22123000
8.48632813,-88.45108000,-73.18376000
8.48693848,-90.69080000,-71.46026000
8.48754883,-95.73587000,-69.64857000
8.48815918,-96.67075000,-68.41072000
8.48876953,-96.89263000,-76.96542000
8.48937988,-92.98724000,-75.47620000
8.48999023,-104.85880000,-75.02334000
8.49060059,-94.52279000,-78.14635000
8.49121094,-89.95709000,-71.88078000
8.49182129,-89.26988000,-70.50419000
8.49243164,-90.30288000,-72.30708000
8.49304199,-91.64024000,-75.43504000
8.49365234,-102.34150000,-74.38199000
8.49426270,-105.46490000,-70.54200000
8.49487305,-95.63704000,-71.27562000
8.49548340,-91.95889000,-80.13741000
8.49609375,-92.37572000,-73.05832000
8.49670410,-96.25037000,-69.79018000
8.49731445,-113.25050000,-76.27547000
8.49792480,-118.17720000,-76.60326000
8.49853516,-89.94050000,-76.04285000
8.49914551,-82.90436000,-72.49872000
8.49975586,-84.24995000,-70.60845000
8.50036621,-95.04189000,-75.46197000
8.50097656,-102.55410000,-83.40583000
8.50158691,-93.24471000,-88.01713000
8.50219727,-90.50758000,-76.89449000
8.50280762,-91.16269000,-76.38438000
8.50341797,-89.02315000,-89.19277000
8.50402832,-86.22151000,-77.81983000
8.50463867,-86.86629000,-81.09943000
8.50524902,-93.19442000,-89.22844000
8.50585938,-96.16428000,-84.27738000
8.50646973,-91.90139000,-70.94308000
8.50708008,-93.39574000,-68.93311000
8.50769043,-118.39490000,-75.14255000
8.50830078,-97.32385000,-77.68153000
8.50891113,-95.02701000,-75.30421000
8.50952148,-93.41747000,-79.31534000
8.51013184,-91.64695000,-80.19345000
8.51074219,-92.41756000,-77.10757000
8.51135254,-96.57758000,-70.70420000
8.51196289,-100.74350000,-69.87282000
8.51257324,-104.76730000,-72.87353000
8.51318359,-103.77890000,-76.44908000
8.51379395,-104.00950000,-77.27236000
8.51440430,-99.86470000,-70.76029000
8.51501465,-103.27560000,-71.19689000
8.51562500,-96.29430000,-78.85652000
8.51623535,-91.85668000,-101.10530000
8.51684570,-101.20980000,-83.76654000
8.51745605,-89.33136000,-80.79066000
8.51806641,-86.66286000,-85.81033000
8.51867676,-87.43402000,-74.23493000
8.51928711,-89.24738000,-68.92659000
8.51989746,-97.90993000,-69.28690000
8.52050781,-106.38410000,-74.49958000
8.52111816,-98.17836000,-77.19199000
8.52172852,-96.32610000,-75.97781000
8.52233887,-94.48982000,-75.58710000
8.52294922,-89.75663000,-72.45949000
8.52355957,-88.32096000,-70.09195000
8.52416992,-88.98372000,-72.20259000
8.52478027,-88.61467000,-74.00344000
8.52539063,-87.92322000,-72.17603000
8.52600098,-89.90228000,-72.64882000
8.52661133,-92.98157000,-80.16824000
8.52722168,-100.05360000,-87.52094000
8.52783203,-103.08310000,-72.15684000
8.52844238,-127.67030000,-66.98615000
8.52905273,-98.17097000,-66.86967000
8.52966309,-90.56980000,-72.18890000
8.53027344,-91.72459000,-80.85122000
8.53088379,-96.24925000,-76.09605000
8.53149414,-98.60497000,-83.19182000
8.53210449,-109.61850000,-84.02747000
8.53271484,-94.54393000,-76.61963000
8.53332520,-93.53606000,-72.05199000
8.53393555,-92.11811000,-69.57211000
8.53454590,-87.92789000,-67.33412000
8.53515625,-89.40914000,-68.86772000
8.53576660,-94.89182000,-76.10083000
8.53637695,-99.11025000,-77.96966000
8.53698730,-103.65290000,-76.38036000
8.53759766,-97.67838000,-75.72898000
8.53820801,-91.51762000,-75.32722000
8.53881836,-87.10273000,-74.18098000
8.53942871,-91.29025000,-76.25995000
8.54003906,-99.90188000,-85.26127000
8.54064941,-92.75677000,-79.97266000
8.54125977,-97.11215000,-77.42829000
8.54187012,-100.74680000,-70.33491000
8.54248047,-90.30510000,-69.71439000
8.54309082,-87.61591000,-73.53365000
8.54370117,-89.59520000,-75.76731000
8.54431152,-96.66861000,-70.59827000
8.54492188,-95.87151000,-73.65235000
8.54553223,-92.99242000,-82.47591000
8.54614258,-95.64156000,-80.16094000
8.54675293,-98.78078000,-87.24786000
8.54736328,-110.79480000,-72.07136000
8.54797363,-94.98264000,-73.21738000
8.54858398,-95.38685000,-76.33422000
8.54919434,-100.48680000,-70.26960000
8.54980469,-99.51347000,-70.38603000
8.55041504,-92.87387000,-75.58145000
8.55102539,-88.12010000,-71.64803000
8.55163574,-86.48694000,-72.28452000
8.55224609,-87.23952000,-83.67912000
8.55285645,-90.09865000,-79.46157000
8.55346680,-92.64705000,-87.10910000
8.55407715,-98.01286000,-80.09480000
8.55468750,-114.32290000,-85.58047000
8.55529785,-97.70173000,-76.77272000
8.55590820,-92.81635000,-74.28976000
8.55651855,-95.70201000,-69.67864000
8.55712891,-94.02225000,-74.33282000
8.55773926,-109.18580000,-82.27856000
8.55834961,-94.13533000,-74.53077000
8.55895996,-87.19885000,-73.24187000
8.55957031,-83.73001000,-74.57751000
8.56018066,-86.53287000,-76.08949000
8.56079102,-96.09924000,-77.91293000
8.56140137,-89.43759000,-82.67044000
8.56201172,-90.36192000,-81.61442000
8.56262207,-93.62259000,-77.49063000
8.56323242,-97.70987000,-78.68016000
8.56384277,-93.68857000,-80.88197000
8.56445313,-90.71839000,-87.38158000
8.56506348,-90.45754000,-74.76228000
8.56567383,-93.67363000,-72.91696000
8.56628418,-91.30504000,-74.04760000
8.56689453,-94.66910000,-71.41156000
8.56750488,-102.39300000,-71.68242000
8.56811523,-95.58545000,-76.93967000
8.56872559,-98.94065000,-82.72339000
8.56933594,-90.95766000,-79.97665000
8.56994629,-94.63558000,-78.57018000
8.57055664,-100.08950000,-73.91759000
8.57116699,-96.84479000,-69.25270000
8.57177734,-93.61783000,-70.48715000
8.57238770,-92.81097000,-75.36337000
8.57299805,-102.51360000,-75.13066000
8.57360840,-103.44490000,-72.29602000
8.57421875,-91.14745000,-70.89439000
8.57482910,-90.46561000,-74.57458000
8.57543945,-99.91157000,-87.82916000
8.57604980,-99.11543000,-83.90143000
8.57666016,-95.22453000,-74.04921000
8.57727051,-93.50043000,-72.30934000
8.57788086,-97.40266000,-72.22269000
8.57849121,-101.05420000,-75.32262000
8.57910156,-97.27367000,-73.95989000
8.57971191,-95.00480000,-71.35249000
8.58032227,-83.15635000,-67.53449000
8.58093262,-80.70690000,-67.04086000
8.58154297,-84.32999000,-75.82739000
8.58215332,-88.06282000,-73.17823000
8.58276367,-87.79839000,-76.08224000
8.58337402,-90.52849000,-75.93079000
8.58398438,-91.60426000,-73.07654000
8.58459473,-94.69969000,-75.74862000
8.58520508,-98.86330000,-75.79095000
8.58581543,-93.26563000,-82.84200000
8.58642578,-90.75896000,-78.99887000
8.58703613,-91.67054000,-80.27719000
8.58764648,-94.66559000,-80.67764000
8.58825684,-90.32559000,-73.27392000
8.58886719,-85.58588000,-69.45452000
8.58947754,-86.29491000,-67.97781000
8.59008789,-89.64836000,-71.75056000
8.59069824,-89.58199000,-85.06932000
8.59130859,-89.56870000,-82.76393000
8.59191895,-102.08750000,-72.99631000
8.59252930,-93.61667000,-71.24548000
8.59313965,-92.83960000,-74.59296000
8.59375000,-93.78487000,-82.79919000
8.59436035,-94.90318000,-74.25471000
8.59497070,-97.63847000,-68.53475000
8.59558105,-96.37531000,-71.70000000
8.59619141,-95.59660000,-81.13799000
8.59680176,-93.67196000,-76.12763000
8.59741211,-93.89377000,-76.98346000
8.59802246,-90.69114000,-74.80180000
8.59863281,-88.15681000,-77.51611000
8.59924316,-93.91331000,-77.46952000
8.59985352,-104.92410000,-82.79263000
8.60046387,-103.71600000,-73.41644000
8.60107422,-109.10260000,-79.76546000
8.60168457,-88.61589000,-72.23952000
8.60229492,-83.97557000,-68.94259000
8.60290527,-88.13602000,-70.67111000
8.60351563,-101.92360000,-72.30176000
8.60412598,-97.85306000,-75.59561000
8.60473633,-101.26970000,-73.96151000
8.60534668,-101.30780000,-70.47322000
8.60595703,-98.57182000,-67.51904000
8.60656738,-96.39043000,-68.11039000
8.60717773,-91.80853000,-68.71758000
8.60778809,-97.42416000,-68.06915000
8.60839844,-106.46950000,-71.83799000
8.60900879,-101.76630000,-80.82063000
8.60961914,-101.81050000,-70.61389000
8.61022949,-103.54920000,-74.26503000
8.61083984,-106.28180000,-71.33907000
8.61145020,-111.46060000,-70.22969000
8.61206055,-96.93157000,-68.90065000
8.61267090,-98.66080000,-68.26463000
8.61328125,-90.70293000,-68.23534000
8.61389160,-90.09048000,-68.91422000
8.61450195,-90.70433000,-70.63828000
8.61511230,-87.44522000,-77.65691000
8.61572266,-93.00620000,-83.78755000
8.61633301,-103.80940000,-76.83740000
8.61694336,-94.83415000,-72.80283000
8.61755371,-86.18188000,-73.48295000
8.61816406,-86.40690000,-75.60543000
8.61877441,-90.15295000,-81.04167000
8.61938477,-91.61025000,-71.47209000
8.61999512,-92.47863000,-68.40594000
8.62060547,-92.11839000,-69.32227000
8.62121582,-91.39392000,-68.69729000
8.62182617,-87.72935000,-73.38073000
8.62243652,-83.05084000,-80.93442000
8.62304688,-81.35056000,-80.25421000
8.62365723,-84.58617000,-77.54939000
8.62426758,-91.89189000,-70.52684000
8.62487793,-92.65128000,-73.23556000
8.62548828,-90.08572000,-78.14029000
8.62609863,-91.88499000,-71.42857000
8.62670898,-101.58400000,-74.18301000
8.62731934,-94.88142000,-80.19660000
8.62792969,-91.90743000,-73.63760000
8.62854004,-94.74673000,-72.57463000
8.62915039,-95.10960000,-74.60628000
8.62976074,-93.28676000,-74.46721000
8.63037109,-95.91719000,-73.81297000
8.63098145,-99.88803000,-73.54781000
8.63159180,-105.25810000,-82.28146000
8.63220215,-102.00390000,-75.50433000
8.63281250,-92.99793000,-74.40179000
8.63342285,-97.62306000,-75.19704000
8.63403320,-97.41434000,-71.44984000
8.63464355,-94.57849000,-72.74968000
8.63525391,-102.11690000,-75.69925000
8.63586426,-110.75770000,-73.57901000
8.63647461,-101.82450000,-74.80383000
8.63708496,-98.91527000,-82.15343000
8.63769531,-103.11160000,-73.21962000
8.63830566,-110.90350000,-71.75195000
8.63891602,-95.94876000,-74.88013000
8.63952637,-94.71346000,-87.34242000
8.64013672,-97.30710000,-72.02606000
8.64074707,-103.71520000,-69.88116000
8.64135742,-99.02322000,-74.99998000
8.64196777,-93.14338000,-92.18034000
8.64257813,-91.50334000,-85.71024000
8.64318848,-88.48465000,-78.75684000
8.64379883,-85.01395000,-92.47572000
8.64440918,-87.19002000,-70.83923000
8.64501953,-92.63594000,-66.75473000
8.64562988,-100.89820000,-68.00619000
8.64624023,-91.42190000,-69.18513000
8.64685059,-92.19178000,-74.45018000
8.64746094,-92.21617000,-71.63477000
8.64807129,-84.67238000,-68.71079000
8.64868164,-84.51946000,-70.88694000
8.64929199,-85.58858000,-71.43950000
8.64990234,-91.26645000,-71.98745000
8.65051270,-105.41170000,-72.31190000
8.65112305,-92.35429000,-82.65380000
8.65173340,-90.91503000,-72.38340000
8.65234375,-92.44324000,-70.71568000
8.65295410,-92.86884000,-76.55549000
8.65356445,-96.18167000,-83.97354000
8.65417480,-100.02930000,-87.12688000
8.65478516,-94.71265000,-78.64222000
8.65539551,-87.05087000,-77.00250000
8.65600586,-87.89509000,-77.50960000
8.65661621,-92.18002000,-73.09275000
8.65722656,-106.49630000,-72.82014000
8.65783691,-92.68913000,-75.84573000
8.65844727,-90.95302000,-74.28523000
8.65905762,-97.90215000,-73.61099000
8.65966797,-95.81300000,-76.51101000
8.66027832,-95.13910000,-79.31648000
8.66088867,-95.44624000,-72.57635000
8.66149902,-96.11028000,-72.51080000
8.66210938,-95.30267000,-77.46158000
8.66271973,-92.88955000,-76.33120000
8.66333008,-101.89270000,-71.03971000
8.66394043,-97.38586000,-72.49108000
8.66455078,-90.94105000,-76.10959000
8.66516113,-93.50386000,-74.74117000
8.66577148,-92.16750000,-72.85867000
8.66638184,-91.83194000,-72.97083000
8.66699219,-94.90701000,-75.77713000
8.66760254,-95.54507000,-75.20789000
8.66821289,-95.47614000,-84.34178000
8.66882324,-92.98214000,-81.74213000
8.66943359,-97.40632000,-74.08689000
8.67004395,-99.95288000,-77.11169000
8.67065430,-93.74641000,-82.79679000
8.67126465,-91.77768000,-77.42666000
8.67187500,-94.30198000,-80.87067000
8.67248535,-101.70660000,-80.54520000
8.67309570,-93.31887000,-74.22417000
8.67370605,-93.28148000,-76.26077000
8.67431641,-89.18873000,-77.90071000
8.67492676,-90.51724000,-85.10059000
8.67553711,-99.05247000,-83.28096000
8.67614746,-98.35046000,-80.42329000
8.67675781,-99.77045000,-72.72810000
8.67736816,-91.70895000,-69.33408000
8.67797852,-86.63094000,-70.18677000
8.67858887,-90.93192000,-76.86532000
8.67919922,-99.34059000,-73.37091000
8.67980957,-100.93250000,-75.92245000
8.68041992,-98.90605000,-82.98143000
8.68103027,-91.62791000,-81.61934000
8.68164063,-95.75862000,-82.86220000
8.68225098,-87.49175000,-80.81245000
8.68286133,-86.96202000,-81.97743000
8.68347168,-114.57160000,-80.59190000
8.68408203,-89.36009000,-75.20690000
8.68469238,-90.68398000,-75.99420000
8.68530273,-102.03680000,-79.80052000
8.68591309,-87.59856000,-82.43752000
8.68652344,-88.54321000,-76.50984000
8.68713379,-91.94603000,-73.83283000
8.68774414,-88.65868000,-70.70260000
8.68835449,-86.44840000,-69.98760000
8.68896484,-86.80321000,-73.79090000
8.68957520,-89.07855000,-79.05736000
8.69018555,-88.94603000,-74.93736000
8.69079590,-87.49164000,-80.34206000
8.69140625,-95.83596000,-77.38548000
8.69201660,-94.62834000,-71.70118000
8.69262695,-95.74614000,-71.30680000
8.69323730,-100.36530000,-67.85242000
8.69384766,-98.35547000,-66.42181000
8.69445801,-94.15813000,-66.45184000
8.69506836,-89.92763000,-67.69749000
8.69567871,-90.76412000,-69.70641000
8.69628906,-97.23419000,-73.68468000
8.69689941,-91.87232000,-82.60986000
8.69750977,-87.44289000,-72.66905000
8.69812012,-87.10151000,-70.01187000
8.69873047,-92.66289000,-70.65189000
8.69934082,-96.58859000,-66.77454000
8.69995117,-90.94826000,-65.55574000
8.70056152,-93.40115000,-69.98180000
8.70117188,-93.49738000,-83.86650000
8.70178223,-90.70824000,-71.20757000
8.70239258,-91.78371000,-70.32063000
8.70300293,-94.93712000,-82.44922000
8.70361328,-94.43686000,-76.76437000
8.70422363,-92.04281000,-76.89538000
8.70483398,-91.46590000,-75.13535000
8.70544434,-94.95462000,-80.43138000
8.70605469,-90.45673000,-84.61092000
8.70666504,-89.80391000,-89.11416000
8.70727539,-94.06685000,-79.39895000
8.70788574,-96.46775000,-77.53938000
8.70849609,-97.76025000,-95.08742000
8.70910645,-106.94120000,-81.53470000
8.70971680,-96.51541000,-74.91551000
8.71032715,-97.05832000,-73.72855000
8.71093750,-101.41100000,-82.08225000
8.71154785,-91.87083000,-80.63625000
8.71215820,-90.61791000,-73.69170000
8.71276855,-92.24193000,-68.18601000
8.71337891,-101.59460000,-68.09083000
8.71398926,-104.65400000,-72.54892000
8.71459961,-103.26650000,-71.34376000
8.71520996,-98.81729000,-76.22324000
8.71582031,-98.13839000,-84.51067000
8.71643066,-98.76522000,-73.59238000
8.71704102,-88.10269000,-72.61346000
8.71765137,-87.95396000,-77.26018000
8.71826172,-97.34871000,-81.32617000
8.71887207,-97.18646000,-77.97437000
8.71948242,-97.45254000,-77.00227000
8.72009277,-98.38494000,-82.79967000
8.72070313,-108.37780000,-88.57478000
8.72131348,-101.39860000,-78.91959000
8.72192383,-96.84929000,-74.78267000
8.72253418,-91.77518000,-74.87437000
8.72314453,-88.83804000,-74.38458000
8.72375488,-92.95152000,-87.12793000
8.72436523,-101.82420000,-79.25869000
8.72497559,-99.01269000,-84.79094000
8.72558594,-93.81278000,-75.43349000
8.72619629,-90.57712000,-76.85755000
8.72680664,-93.32745000,-77.66590000
8.72741699,-104.10370000,-72.01224000
8.72802734,-102.02020000,-72.92998000
8.72863770,-94.04483000,-79.63113000
8.72924805,-89.18450000,-73.09964000
8.72985840,-90.05893000,-78.50288000
8.73046875,-97.67735000,-76.65267000
8.73107910,-90.19131000,-71.21909000
8.73168945,-89.01563000,-71.42775000
8.73229980,-92.03556000,-85.60667000
8.73291016,-90.28029000,-82.43489000
8.73352051,-88.97762000,-73.11813000
8.73413086,-91.47569000,-72.24942000
8.73474121,-93.66377000,-71.73914000
8.73535156,-95.30144000,-71.41957000
8.73596191,-95.19536000,-67.74823000
8.73657227,-91.70627000,-69.43588000
8.73718262,-82.77171000,-79.39797000
8.73779297,-79.40646000,-78.12978000
8.73840332,-82.38127000,-81.38805000
8.73901367,-92.94724000,-84.02690000
8.73962402,-105.47910000,-82.94489000
8.74023438,-91.00903000,-79.26076000
8.74084473,-91.20406000,-73.60670000
8.74145508,-96.16426000,-69.94930000
8.74206543,-100.85240000,-68.50173000
8.74267578,-92.72401000,-69.49697000
8.74328613,-91.41968000,-71.99214000
8.74389648,-93.23681000,-74.03205000
8.74450684,-93.70703000,-77.45980000
8.74511719,-89.28471000,-69.68552000
8.74572754,-89.09625000,-66.66002000
8.74633789,-93.17284000,-70.59200000
8.74694824,-92.75867000,-83.98938000
8.74755859,-96.07568000,-82.82483000
8.74816895,-95.89021000,-75.38505000
8.74877930,-88.90998000,-68.70466000
8.74938965,-87.32347000,-69.97161000
8.75000000,-90.69810000,-86.28776000
8.75061035,-95.00012000,-74.41911000
8.75122070,-102.97600000,-69.29300000
8.75183105,-95.85621000,-70.15846000
8.75244141,-101.64480000,-78.41492000
8.75305176,-96.70015000,-78.86649000
8.75366211,-87.99924000,-76.17399000
8.75427246,-88.50598000,-103.49970000
8.75488281,-98.18590000,-71.52402000
8.75549316,-92.05927000,-68.24477000
8.75610352,-89.72168000,-70.03960000
8.75671387,-89.50876000,-73.15699000
8.75732422,-92.28596000,-80.05185000
8.75793457,-92.99768000,-81.71570000
8.75854492,-91.77292000,-78.48916000
8.75915527,-90.55795000,-79.46696000
8.75976563,-86.16165000,-77.74255000
8.76037598,-84.89453000,-79.68069000
8.76098633,-88.92519000,-72.31670000
8.76159668,-96.19503000,-74.47235000
8.76220703,-105.10260000,-77.77642000
8.76281738,-97.39513000,-77.53272000
8.76342773,-99.71844000,-83.31053000
8.76403809,-104.88740000,-78.64812000
8.76464844,-103.09780000,-79.79848000
8.76525879,-91.94492000,-79.74856000
8.76586914,-93.88124000,-76.11741000
8.76647949,-96.31653000,-76.38551000
8.76708984,-94.61227000,-81.28028000
8.76770020,-96.95088000,-79.91275000
8.76831055,-100.42880000,-77.99709000
8.76892090,-96.14178000,-77.04416000
8.76953125,-90.11488000,-76.75842000
8.77014160,-88.12189000,-68.14111000
8.77075195,-89.61093000,-68.90601000
8.77136230,-89.16908000,-69.95966000
8.77197266,-88.25394000,-71.79222000
8.77258301,-92.38477000,-73.95467000
8.77319336,-91.89628000,-73.48085000
8.77380371,-93.13742000,-74.94061000
8.77441406,-94.10535000,-70.76836000
8.77502441,-92.85195000,-69.98233000
8.77563477,-93.09495000,-76.55341000
8.77624512,-97.66746000,-91.53004000
8.77685547,-90.97551000,-80.71639000
8.77746582,-87.63375000,-75.80470000
8.77807617,-90.03552000,-78.08453000
8.77868652,-96.04827000,-79.35210000
8.77929688,-94.48868000,-79.07088000
8.77990723,-93.01910000,-98.79144000
8.78051758,-100.37050000,-78.22882000
8.78112793,-100.77680000,-84.25892000
8.78173828,-92.23733000,-80.39124000
8.78234863,-92.21577000,-77.89552000
8.78295898,-91.89251000,-79.13644000
8.78356934,-90.22519000,-73.24114000
8.78417969,-92.27738000,-76.04971000
8.78479004,-99.47182000,-76.79542000
8.78540039,-100.32100000,-77.54408000
8.78601074,-92.83379000,-76.29030000
8.78662109,-88.32981000,-73.32028000
8.78723145,-86.93507000,-81.86119000
8.78784180,-88.17601000,-77.27573000
8.78845215,-93.80647000,-76.47544000
8.78906250,-95.46452000,-73.31699000
8.78967285,-89.39210000,-69.44480000
8.79028320,-103.19080000,-70.77953000
8.79089355,-91.18285000,-72.28370000
8.79150391,-90.65486000,-83.33835000
8.79211426,-92.77837000,-77.70901000
8.79272461,-98.41842000,-78.11048000
8.79333496,-89.82120000,-76.61641000
8.79394531,-85.08859000,-75.10964000
8.79455566,-85.24454000,-72.80038000
8.79516602,-90.78552000,-72.10410000
8.79577637,-118.65650000,-74.17437000
8.79638672,-95.43903000,-73.38011000
8.79699707,-91.27788000,-78.85568000
8.79760742,-91.16582000,-74.32455000
8.79821777,-97.51435000,-72.58286000
8.79882813,-94.36619000,-74.95400000
8.79943848,-88.19394000,-76.75881000
8.80004883,-90.77491000,-71.48215000
8.80065918,-100.01200000,-70.46821000
8.80126953,-105.02460000,-71.83585000
8.80187988,-97.73651000,-77.84694000
8.80249023,-90.93300000,-81.03279000
8.80310059,-89.30512000,-82.35614000
8.80371094,-94.47676000,-85.64973000
8.80432129,-95.69548000,-68.27342000
8.80493164,-92.33437000,-63.42090000
8.80554199,-94.06143000,-66.65762000
8.80615234,-100.61400000,-73.78915000
8.80676270,-95.56891000,-71.38763000
8.80737305,-94.17418000,-70.22828000
8.80798340,-97.97009000,-84.60625000
8.80859375,-108.12810000,-71.30034000
8.80920410,-99.74610000,-78.64543000
8.80981445,-93.04478000,-70.30130000
8.81042480,-92.10457000,-69.73370000
8.81103516,-89.74633000,-80.21331000
8.81164551,-85.35957000,-70.51905000
8.81225586,-83.73898000,-70.09476000
8.81286621,-89.06708000,-67.53211000
8.81347656,-100.69240000,-66.87854000
8.81408691,-109.29260000,-71.38538000
8.81469727,-101.52810000,-83.68968000
8.81530762,-109.84280000,-72.20738000
8.81591797,-94.48448000,-76.48930000
8.81652832,-89.15993000,-75.56651000
8.81713867,-88.69217000,-75.05744000
8.81774902,-91.67828000,-78.16319000
8.81835938,-107.26550000,-80.90758000
8.81896973,-93.79494000,-87.57918000
8.81958008,-91.74664000,-77.60138000
8.82019043,-88.41411000,-74.25163000
8.82080078,-90.27344000,-91.13419000
8.82141113,-91.05030000,-78.10702000
8.82202148,-94.30345000,-79.39656000
8.82263184,-96.51430000,-85.87617000
8.82324219,-99.64538000,-75.13288000
8.82385254,-97.23904000,-72.58733000
8.82446289,-94.42425000,-73.52310000
8.82507324,-92.76550000,-79.27103000
8.82568359,-97.75854000,-74.52879000
8.82629395,-102.81400000,-75.53908000
8.82690430,-96.56102000,-85.53896000
8.82751465,-89.20502000,-74.39400000
8.82812500,-88.20714000,-74.31403000
8.82873535,-93.03792000,-76.09930000
8.82934570,-107.97510000,-76.27730000
8.82995605,-101.97330000,-72.79664000
8.83056641,-92.47650000,-81.31153000
8.83117676,-92.13090000,-87.31243000
8.83178711,-93.19335000,-82.37047000
8.83239746,-89.68510000,-81.35769000
8.83300781,-85.85469000,-80.33356000
8.83361816,-85.59187000,-76.86256000
8.83422852,-86.30534000,-75.58176000
8.83483887,-92.04697000,-73.26942000
8.83544922,-94.21180000,-71.28880000
8.83605957,-93.78829000,-71.04059000
8.83666992,-99.01440000,-79.66346000
8.83728027,-95.51869000,-73.89011000
8.83789063,-90.07407000,-70.88589000
8.83850098,-108.30240000,-77.96886000
8.83911133,-92.45206000,-77.17282000
8.83972168,-93.37900000,-68.33841000
8.84033203,-99.52536000,-67.76976000
8.84094238,-107.39230000,-74.28652000
8.84155273,-99.83699000,-74.02135000
8.84216309,-99.80449000,-71.44851000
8.84277344,-97.36145000,-71.28027000
8.84338379,-99.21004000,-68.70856000
8.84399414,-91.48250000,-69.61135000
8.84460449,-92.14786000,-68.55032000
8.84521484,-94.04323000,-65.24568000
8.84582520,-88.44879000,-66.78161000
8.84643555,-89.32172000,-75.08784000
8.84704590,-91.07059000,-81.16298000
8.84765625,-92.26022000,-73.79193000
8.84826660,-106.32170000,-68.93996000
8.84887695,-94.91715000,-75.21780000
8.84948730,-101.02880000,-69.35319000
8.85009766,-94.72573000,-69.18124000
8.85070801,-99.81703000,-73.55113000
8.85131836,-97.53936000,-71.13655000
8.85192871,-92.78400000,-70.90936000
8.85253906,-98.65164000,-72.59689000
8.85314941,-91.74895000,-91.02070000
8.85375977,-86.45646000,-69.27584000
8.85437012,-86.11636000,-67.36886000
8.85498047,-95.03132000,-72.53397000
8.85559082,-96.24706000,-73.01356000
8.85620117,-100.21630000,-73.20527000
8.85681152,-93.33737000,-73.31054000
8.85742188,-89.42208000,-74.06067000
8.85803223,-93.11008000,-71.93256000
8.85864258,-95.92288000,-72.10745000
8.85925293,-97.70508000,-71.53650000
8.85986328,-92.94492000,-68.17010000
8.86047363,-92.83652000,-66.56217000
8.86108398,-102.67820000,-67.97307000
8.86169434,-88.53883000,-75.48003000
8.86230469,-85.63481000,-78.29547000
8.86291504,-87.98018000,-72.78561000
8.86352539,-88.43773000,-68.27631000
8.86413574,-90.46788000,-72.67459000
8.86474609,-96.81092000,-86.84178000
8.86535645,-95.65070000,-79.83550000
8.86596680,-89.57378000,-82.42249000
8.86657715,-96.79311000,-81.99070000
8.86718750,-93.86848000,-76.35903000
8.86779785,-92.92355000,-77.66596000
8.86840820,-99.33777000,-93.26186000
8.86901855,-97.81084000,-82.41762000
8.86962891,-97.46909000,-72.66409000
8.87023926,-95.40100000,-68.82393000
8.87084961,-91.90182000,-74.10733000
8.87145996,-90.50689000,-79.75581000
8.87207031,-93.70059000,-76.20778000
8.87268066,-103.54850000,-77.04728000
8.87329102,-91.56628000,-88.08125000
8.87390137,-86.56223000,-89.42525000
8.87451172,-86.19106000,-75.07504000
8.87512207,-83.55758000,-70.39587000
8.87573242,-84.10251000,-70.60294000
8.87634277,-93.32697000,-73.47169000
8.87695313,-97.46899000,-78.50554000
8.87756348,-94.14609000,-86.72838000
8.87817383,-97.97560000,-76.74638000
8.87878418,-93.88824000,-73.82143000
8.87939453,-100.41140000,-73.71444000
8.88000488,-97.10536000,-78.15928000
8.88061523,-94.43496000,-73.46541000
8.88122559,-90.78758000,-70.17712000
8.88183594,-92.92664000,-70.59289000
8.88244629,-93.89037000,-74.72050000
8.88305664,-87.13957000,-87.01129000
8.88366699,-84.95993000,-83.68079000
8.88427734,-86.79877000,-78.27990000
8.88488770,-90.18085000,-72.96344000
8.88549805,-93.03117000,-70.54273000
8.88610840,-89.10902000,-73.89922000
8.88671875,-90.51813000,-75.01722000
8.88732910,-93.01607000,-70.47442000
8.88793945,-88.26928000,-71.36566000
8.88854980,-90.36073000,-76.36124000
8.88916016,-94.28633000,-74.30890000
8.88977051,-110.60210000,-75.53874000
8.89038086,-101.57990000,-92.08507000
8.89099121,-94.62940000,-75.70134000
8.89160156,-91.52604000,-68.06575000
8.89221191,-94.56641000,-67.90283000
8.89282227,-95.85855000,-76.25243000
8.89343262,-94.05666000,-87.80499000
8.89404297,-90.11558000,-92.10445000
8.89465332,-87.41383000,-79.30003000
8.89526367,-83.67270000,-71.51144000
8.89587402,-80.05611000,-70.58879000
8.89648438,-80.63725000,-75.78259000
8.89709473,-86.19043000,-80.07329000
8.89770508,-88.83160000,-73.40989000
8.89831543,-87.70184000,-67.84400000
8.89892578,-85.96612000,-69.33485000
8.89953613,-86.02245000,-72.60069000
8.90014648,-92.38166000,-78.78232000
8.90075684,-90.23633000,-76.95280000
8.90136719,-88.51834000,-82.84259000
8.90197754,-91.28168000,-77.48611000
8.90258789,-98.23801000,-75.01006000
8.90319824,-101.80780000,-76.91351000
8.90380859,-98.72841000,-77.53845000
8.90441895,-97.77271000,-72.96507000
8.90502930,-102.62260000,-75.80170000
8.90563965,-111.86440000,-91.27465000
8.90625000,-97.41410000,-83.45709000
8.90686035,-92.93362000,-83.19927000
8.90747070,-113.63590000,-80.99416000
8.90808105,-91.40627000,-72.94829000
8.90869141,-91.18236000,-80.50217000
8.90930176,-99.76816000,-72.42041000
8.90991211,-108.41950000,-68.70821000
8.91052246,-108.56080000,-70.89220000
8.91113281,-98.23940000,-75.84302000
8.91174316,-90.95108000,-78.14394000
8.91235352,-90.45975000,-81.56517000
8.91296387,-92.53424000,-98.60600000
8.91357422,-92.99419000,-75.98995000
8.91418457,-97.88004000,-73.49512000
8.91479492,-105.47480000,-78.29332000
8.91540527,-96.68729000,-85.24597000
8.91601563,-94.03656000,-77.80192000
8.91662598,-86.01742000,-73.26230000
8.91723633,-82.83787000,-68.05602000
8.91784668,-87.18948000,-66.94479000
8.91845703,-86.62797000,-70.32248000
8.91906738,-87.18468000,-83.00826000
8.91967773,-90.77808000,-77.68469000
8.92028809,-94.55766000,-86.86988000
8.92089844,-98.02863000,-78.08452000
8.92150879,-87.88002000,-76.31134000
8.92211914,-85.09184000,-77.45409000
8.92272949,-85.43642000,-77.59058000
8.92333984,-89.21136000,-79.61846000
8.92395020,-104.62000000,-88.69595000
8.92456055,-95.83523000,-81.90601000
8.92517090,-96.74358000,-79.80509000
8.92578125,-94.23232000,-77.87094000
8.92639160,-92.87311000,-82.53353000
8.92700195,-95.94052000,-71.23818000
8.92761230,-98.64305000,-68.08223000
8.92822266,-92.27370000,-73.27379000
8.92883301,-91.26332000,-78.64882000
8.92944336,-92.70381000,-74.13630000
8.93005371,-91.31413000,-75.42299000
8.93066406,-90.48364000,-73.43864000
8.93127441,-91.66423000,-77.42219000
8.93188477,-92.59747000,-97.21440000
8.93249512,-97.57168000,-75.76837000
8.93310547,-92.19495000,-72.04289000
8.93371582,-89.83200000,-73.15514000
8.93432617,-92.48601000,-71.46540000
8.93493652,-93.00357000,-73.59931000
8.93554688,-91.62578000,-72.17876000
8.93615723,-93.73689000,-73.06675000
8.93676758,-98.85144000,-83.09173000
8.93737793,-90.56919000,-76.34444000
8.93798828,-78.96009000,-75.52850000
8.93859863,-78.65898000,-75.44888000
8.93920898,-90.75577000,-70.98637000
8.93981934,-90.53001000,-69.76842000
8.94042969,-90.24503000,-73.71548000
8.94104004,-101.84090000,-80.16507000
8.94165039,-103.77430000,-69.91130000
8.94226074,-105.36190000,-66.67045000
8.94287109,-96.66425000,-72.64630000
8.94348145,-89.43790000,-78.05731000
8.94409180,-93.56519000,-83.81763000
8.94470215,-101.77210000,-80.63519000
8.94531250,-97.28793000,-83.31290000
8.94592285,-105.29470000,-76.24718000
8.94653320,-97.64578000,-89.97669000
8.94714355,-99.11401000,-83.16113000
8.94775391,-93.67451000,-86.68257000
8.94836426,-93.20961000,-87.15891000
8.94897461,-90.96088000,-75.70036000
8.94958496,-85.54635000,-71.75102000
8.95019531,-84.95218000,-70.12648000
8.95080566,-89.81900000,-70.81665000
8.95141602,-96.93508000,-77.37009000
8.95202637,-93.02533000,-68.35259000
8.95263672,-92.20622000,-67.45762000
8.95324707,-99.31868000,-71.86356000
8.95385742,-112.56300000,-71.76380000
8.95446777,-96.51645000,-73.98022000
8.95507813,-90.86720000,-76.84230000
8.95568848,-95.06424000,-70.33922000
8.95629883,-93.01431000,-72.42148000
8.95690918,-88.72593000,-76.54135000
8.95751953,-87.89311000,-72.82960000
8.95812988,-95.84817000,-72.22570000
8.95874023,-83.17635000,-72.41746000
8.95935059,-77.97195000,-74.75372000
8.95996094,-82.06328000,-79.91227000
8.96057129,-91.16929000,-74.96329000
8.96118164,-100.44030000,-78.65938000
8.96179199,-105.04800000,-76.72469000
8.96240234,-97.63023000,-73.10838000
8.96301270,-89.68304000,-78.96822000
8.96362305,-87.95561000,-83.39062000
8.96423340,-96.88591000,-83.38992000
8.96484375,-93.42879000,-74.24854000
8.96545410,-89.28862000,-70.46672000
8.96606445,-90.52910000,-72.66371000
8.96667480,-92.71092000,-79.12232000
8.96728516,-92.78908000,-76.88217000
8.96789551,-95.55908000,-72.25325000
8.96850586,-97.31015000,-75.08243000
8.96911621,-97.81415000,-78.67006000
8.96972656,-94.92021000,-83.73188000
8.97033691,-96.56566000,-77.12063000
8.97094727,-95.55978000,-80.64305000
8.97155762,-90.61827000,-80.19814000
8.97216797,-88.79014000,-76.34522000
8.97277832,-90.19489000,-83.96629000
8.97338867,-89.40683000,-73.29012000
8.97399902,-91.22591000,-72.23572000
8.97460938,-93.58629000,-69.74232000
8.97521973,-90.07758000,-69.08467000
8.97583008,-92.93252000,-84.82761000
8.97644043,-89.16467000,-72.98982000
8.97705078,-85.24414000,-70.85274000
8.97766113,-82.23515000,-70.99657000
8.97827148,-84.36883000,-75.33257000
8.97888184,-91.92802000,-83.90997000
8.97949219,-86.38451000,-87.15987000
8.98010254,-78.82549000,-73.74278000
8.98071289,-80.50674000,-71.93341000
8.98132324,-97.74123000,-75.08369000
8.98193359,-97.43778000,-74.30093000
8.98254395,-89.37705000,-69.45464000
8.98315430,-92.23045000,-68.37941000
8.98376465,-96.68277000,-71.43469000
8.98437500,-99.59962000,-77.46182000
8.98498535,-101.97710000,-71.97020000
8.98559570,-95.15746000,-68.10687000
8.98620605,-92.45026000,-68.29368000
8.98681641,-93.98694000,-69.32323000
8.98742676,-97.24278000,-73.97454000
8.98803711,-97.39966000,-81.80920000
8.98864746,-91.88162000,-74.74275000
8.98925781,-89.12106000,-70.54671000
8.98986816,-86.28505000,-80.91412000
8.99047852,-87.03309000,-73.53959000
8.99108887,-93.94001000,-68.61634000
8.99169922,-92.95580000,-66.21437000
8.99230957,-91.53474000,-67.64044000
8.99291992,-87.66702000,-74.29946000
8.99353027,-88.59334000,-74.73129000
8.99414063,-92.40620000,-70.75050000
8.99475098,-90.17475000,-72.26814000
8.99536133,-87.56552000,-75.29896000
8.99597168,-86.48468000,-75.94643000
8.99658203,-87.95876000,-77.01428000
8.99719238,-96.54380000,-70.56694000
8.99780273,-88.23355000,-65.23696000
8.99841309,-88.89816000,-65.88031000
8.99902344,-89.93633000,-68.82143000
8.99963379,-92.28171000,-69.43103000
9.00024414,-93.88715000,-71.07129000
9.00085449,-82.13432000,-73.16661000
9.00146484,-79.44890000,-78.48438000
9.00207520,-87.53121000,-69.04302000
9.00268555,-92.07718000,-69.82658000
9.00329590,-93.01041000,-74.32069000
9.00390625,-92.97939000,-75.28619000
9.00451660,-92.58516000,-79.22362000
9.00512695,-100.72130000,-90.20794000
9.00573730,-99.37153000,-74.94452000
9.00634766,-104.90270000,-73.52749000
9.00695801,-109.03940000,-71.13972000
9.00756836,-98.98511000,-67.41666000
9.00817871,-90.79709000,-67.28687000
9.00878906,-91.40683000,-67.41995000
9.00939941,-95.29854000,-70.02518000
9.01000977,-91.75668000,-76.54948000
9.01062012,-90.85639000,-85.59769000
9.01123047,-94.82108000,-87.32006000
9.01184082,-106.56730000,-73.57181000
9.01245117,-97.67258000,-71.83345000
9.01306152,-94.90515000,-79.78746000
9.01367188,-91.50420000,-87.28217000
9.01428223,-89.48552000,-79.80905000
9.01489258,-95.14848000,-74.68683000
9.01550293,-99.67289000,-71.49076000
9.01611328,-100.06870000,-76.22705000
9.01672363,-101.93870000,-77.70148000
9.01733398,-95.76863000,-80.13867000
9.01794434,-90.59945000,-89.29622000
9.01855469,-95.23392000,-80.41828000
9.01916504,-99.09766000,-73.77643000
9.01977539,-97.18976000,-76.24480000
9.02038574,-95.39751000,-81.02509000
9.02099609,-95.76882000,-79.40484000
9.02160645,-96.44374000,-86.94693000
9.02221680,-85.68381000,-78.81242000
9.02282715,-86.44460000,-71.07284000
9.02343750,-88.77029000,-67.87392000
9.02404785,-91.09817000,-67.37978000
9.02465820,-94.69397000,-70.03518000
9.02526855,-94.44373000,-74.08218000
9.02587891,-103.43050000,-81.64949000
9.02648926,-101.16870000,-74.05643000
9.02709961,-105.82410000,-71.78181000
9.02770996,-93.72157000,-72.01723000
9.02832031,-99.63120000,-73.50660000
9.02893066,-106.97150000,-79.01085000
9.02954102,-105.37250000,-71.97360000
9.03015137,-102.44700000,-72.08018000
9.03076172,-92.88066000,-75.68008000
9.03137207,-89.53841000,-77.16448000
9.03198242,-90.58491000,-81.96318000
9.03259277,-97.22511000,-74.96301000
9.03320313,-109.20590000,-70.33468000
9.03381348,-100.00150000,-68.23450000
9.03442383,-90.92126000,-70.57651000
9.03503418,-88.40321000,-70.96843000
9.03564453,-89.64889000,-75.32748000
9.03625488,-89.92721000,-79.94274000
9.03686523,-87.49104000,-74.52950000
9.03747559,-84.23178000,-78.46239000
9.03808594,-86.21259000,-82.12909000
9.03869629,-94.08768000,-73.15293000
9.03930664,-99.80423000,-72.56285000
9.03991699,-93.95282000,-71.98559000
9.04052734,-90.10788000,-74.68043000
9.04113770,-91.46620000,-92.75298000
9.04174805,-99.91348000,-78.48917000
9.04235840,-90.20779000,-76.54343000
9.04296875,-83.13953000,-70.75550000
9.04357910,-82.09724000,-66.99618000
9.04418945,-86.43909000,-68.93224000
9.04479980,-93.81062000,-80.01006000
9.04541016,-101.47690000,-74.14132000
9.04602051,-93.80656000,-67.16121000
9.04663086,-91.39199000,-66.83174000
9.04724121,-94.46558000,-69.92564000
9.04785156,-94.40650000,-70.36260000
9.04846191,-97.36952000,-70.20651000
9.04907227,-93.52940000,-76.66221000
9.04968262,-97.22655000,-74.38037000
9.05029297,-91.12343000,-70.15385000
9.05090332,-94.29707000,-70.32745000
9.05151367,-95.56316000,-70.32638000
9.05212402,-89.61387000,-74.61392000
9.05273438,-98.86718000,-76.53539000
9.05334473,-94.77764000,-79.47987000
9.05395508,-90.70595000,-79.17657000
9.05456543,-92.52700000,-80.05528000
9.05517578,-97.39215000,-77.20959000
9.05578613,-117.65740000,-77.76465000
9.05639648,-105.75590000,-70.41098000
9.05700684,-94.36722000,-79.97827000
9.05761719,-92.59439000,-77.63531000
9.05822754,-100.67100000,-75.01330000
9.05883789,-93.33243000,-75.46336000
9.05944824,-92.85424000,-82.53275000
9.06005859,-88.73370000,-74.70729000
9.06066895,-93.90498000,-72.00699000
9.06127930,-97.51462000,-77.63801000
9.06188965,-90.87070000,-76.53449000
9.06250000,-93.11565000,-85.18200000
9.06311035,-92.48725000,-76.18373000
9.06372070,-93.14126000,-75.40660000
9.06433105,-90.13554000,-80.24067000
9.06494141,-88.50662000,-79.53296000
9.06555176,-89.58114000,-69.46581000
9.06616211,-90.22952000,-67.57458000
9.06677246,-93.62761000,-69.55499000
9.06738281,-94.47460000,-73.63837000
9.06799316,-97.42027000,-74.99796000
9.06860352,-106.14830000,-71.64639000
9.06921387,-98.91650000,-71.73293000
9.06982422,-102.06550000,-71.29398000
9.07043457,-95.88678000,-68.79645000
9.07104492,-89.72798000,-68.85487000
9.07165527,-91.58235000,-72.50220000
9.07226563,-93.38444000,-77.33167000
9.07287598,-93.53835000,-77.21396000
9.07348633,-94.56721000,-94.99696000
9.07409668,-97.99326000,-77.27409000
9.07470703,-104.32330000,-76.76817000
9.07531738,-91.78254000,-77.19447000
9.07592773,-88.87160000,-72.94632000
9.07653809,-93.11729000,-74.59212000
9.07714844,-104.43640000,-80.63545000
9.07775879,-94.58832000,-78.00378000
9.07836914,-98.55149000,-75.80077000
9.07897949,-99.35097000,-71.62255000
9.07958984,-94.78290000,-81.40662000
9.08020020,-88.20377000,-80.49791000
9.08081055,-88.18581000,-71.89193000
9.08142090,-91.69012000,-73.53921000
9.08203125,-90.76518000,-82.65682000
9.08264160,-90.57984000,-77.54028000
9.08325195,-92.95462000,-73.16191000
9.08386230,-95.98447000,-71.28809000
9.08447266,-87.97138000,-71.63233000
9.08508301,-84.71772000,-74.38130000
9.08569336,-85.48955000,-75.61217000
9.08630371,-91.24474000,-73.07069000
9.08691406,-96.10195000,-75.54382000
9.08752441,-89.56801000,-79.81718000
9.08813477,-88.10960000,-79.39313000
9.08874512,-90.44183000,-76.53008000
9.08935547,-92.02918000,-71.89914000
9.08996582,-96.47510000,-69.01529000
9.09057617,-111.80970000,-81.28185000
9.09118652,-103.80890000,-77.11397000
9.09179688,-100.70910000,-75.57835000
9.09240723,-97.39251000,-75.08790000
9.09301758,-91.91306000,-78.68992000
9.09362793,-91.88999000,-77.10597000
9.09423828,-105.29920000,-69.53049000
9.09484863,-94.04933000,-67.01629000
9.09545898,-94.93537000,-72.25098000
9.09606934,-108.49680000,-82.35928000
9.09667969,-92.95327000,-74.62033000
9.09729004,-89.70590000,-72.36554000
9.09790039,-93.34739000,-71.76690000
9.09851074,-96.83101000,-75.45893000
9.09912109,-102.66750000,-76.56944000
9.09973145,-90.69253000,-81.54836000
9.10034180,-89.65482000,-84.89053000
9.10095215,-102.15060000,-75.76781000
9.10156250,-89.36893000,-73.28075000
9.10217285,-90.71048000,-75.18954000
9.10278320,-96.24091000,-73.08969000
9.10339355,-109.03970000,-68.53302000
9.10400391,-96.06361000,-66.54101000
9.10461426,-93.85725000,-70.64133000
9.10522461,-99.69685000,-71.92147000
9.10583496,-100.85830000,-72.05313000
9.10644531,-93.18098000,-77.56410000
9.10705566,-93.45995000,-76.92863000
9.10766602,-105.69700000,-75.33368000
9.10827637,-93.51675000,-76.01176000
9.10888672,-87.93645000,-72.70869000
9.10949707,-89.92659000,-75.98296000
9.11010742,-90.40979000,-81.64051000
9.11071777,-91.14627000,-69.87231000
9.11132813,-93.53225000,-67.10291000
9.11193848,-106.18290000,-71.56518000
9.11254883,-93.16692000,-87.55176000
9.11315918,-89.55197000,-72.67072000
9.11376953,-91.40405000,-71.37147000
9.11437988,-89.22208000,-81.21112000
9.11499023,-87.96840000,-75.73415000
9.11560059,-95.40470000,-72.07224000
9.11621094,-98.10948000,-73.12989000
9.11682129,-97.62153000,-74.68123000
9.11743164,-91.72196000,-79.16989000
9.11804199,-94.18819000,-81.39484000
9.11865234,-100.83000000,-72.57285000
9.11926270,-91.85423000,-71.55437000
9.11987305,-88.48550000,-77.67654000
9.12048340,-91.56586000,-79.18336000
9.12109375,-96.90030000,-70.05987000
9.12170410,-95.72470000,-67.80936000
9.12231445,-95.41244000,-74.67999000
9.12292480,-99.18916000,-79.46254000
9.12353516,-109.18330000,-78.76309000
9.12414551,-98.68966000,-70.86828000
9.12475586,-92.98509000,-70.84554000
9.12536621,-94.94839000,-70.80459000
9.12597656,-98.31025000,-71.41251000
9.12658691,-97.35108000,-75.67014000
9.12719727,-103.31670000,-77.88964000
9.12780762,-101.03000000,-80.20603000
9.12841797,-110.86440000,-71.44118000
9.12902832,-97.58646000,-66.37114000
9.12963867,-94.09608000,-67.94691000
9.13024902,-89.79491000,-76.55588000
9.13085938,-90.24400000,-77.57264000
9.13146973,-92.11839000,-77.53080000
9.13208008,-88.30489000,-81.28870000
9.13269043,-86.94090000,-75.56336000
9.13330078,-88.18989000,-75.01444000
9.13391113,-93.79332000,-72.50694000
9.13452148,-106.74610000,-73.50265000
9.13513184,-98.98749000,-78.87612000
9.13574219,-100.05550000,-73.98093000
9.13635254,-91.42455000,-73.22311000
9.13696289,-95.53291000,-78.54757000
9.13757324,-105.55800000,-75.90857000
9.13818359,-98.96010000,-72.40213000
9.13879395,-87.69505000,-79.33722000
9.13940430,-87.51477000,-73.42408000
9.14001465,-92.92476000,-67.38313000
9.14062500,-93.65781000,-68.65034000
9.14123535,-93.61604000,-74.92191000
9.14184570,-108.43780000,-73.90939000
9.14245605,-104.02760000,-75.64417000
9.14306641,-110.38800000,-77.66395000
9.14367676,-97.36988000,-81.08532000
9.14428711,-95.61720000,-82.02263000
9.14489746,-92.21423000,-74.51403000
9.14550781,-89.75388000,-74.48609000
9.14611816,-94.50410000,-70.36786000
9.14672852,-89.31030000,-66.61123000
9.14733887,-92.65062000,-70.98065000
9.14794922,-91.56310000,-79.77301000
9.14855957,-93.98933000,-80.09708000
9.14916992,-94.43966000,-76.85055000
9.14978027,-88.65330000,-88.16113000
9.15039063,-91.03398000,-71.19358000
9.15100098,-95.48573000,-69.19705000
9.15161133,-92.99622000,-72.79426000
9.15222168,-97.97670000,-75.48393000
9.15283203,-88.57147000,-70.18425000
9.15344238,-89.84245000,-70.39520000
9.15405273,-89.17337000,-72.44376000
9.15466309,-87.96027000,-72.83102000
9.15527344,-95.91155000,-77.70895000
9.15588379,-102.83560000,-82.95525000
9.15649414,-96.11617000,-73.78987000
9.15710449,-90.02481000,-78.07454000
9.15771484,-86.86993000,-78.96732000
9.15832520,-90.34013000,-75.57764000
9.15893555,-103.16350000,-78.72948000
9.15954590,-98.71639000,-75.16267000
9.16015625,-95.77940000,-77.55682000
9.16076660,-96.51508000,-81.25747000
9.16137695,-88.01156000,-74.40192000
9.16198730,-83.54317000,-73.94196000
9.16259766,-85.59259000,-73.94917000
9.16320801,-102.16540000,-72.95964000
9.16381836,-97.03444000,-75.54742000
9.16442871,-100.52020000,-75.87837000
9.16503906,-102.08820000,-78.33085000
9.16564941,-92.54817000,-77.08201000
9.16625977,-84.87325000,-76.56575000
9.16687012,-85.45940000,-79.82917000
9.16748047,-93.85192000,-73.75606000
9.16809082,-106.47410000,-76.06824000
9.16870117,-93.25522000,-71.88033000
9.16931152,-89.54665000,-78.21718000
9.16992188,-96.62934000,-70.82332000
9.17053223,-99.20824000,-68.62587000
9.17114258,-91.86046000,-70.52533000
9.17175293,-87.11144000,-69.79634000
9.17236328,-88.30884000,-71.13868000
9.17297363,-94.61066000,-73.71102000
9.17358398,-99.46519000,-76.09380000
9.17419434,-92.67822000,-72.52406000
9.17480469,-93.08632000,-88.63063000
9.17541504,-95.57019000,-74.82853000
9.17602539,-97.84486000,-84.06052000
9.17663574,-90.67935000,-77.88213000
9.17724609,-98.55579000,-78.29023000
9.17785645,-89.93947000,-74.92394000
9.17846680,-86.24449000,-76.06988000
9.17907715,-86.41406000,-82.26777000
9.17968750,-93.25317000,-76.06638000
9.18029785,-95.00089000,-78.12217000
9.18090820,-89.76482000,-82.97136000
9.18151855,-94.92774000,-69.21153000
9.18212891,-90.35316000,-66.86999000
9.18273926,-89.74463000,-70.61351000
9.18334961,-102.09050000,-74.39363000
9.18395996,-103.74170000,-73.14955000
9.18457031,-96.15750000,-73.61705000
9.18518066,-90.34531000,-72.01085000
9.18579102,-93.47476000,-77.02437000
9.18640137,-106.44770000,-74.69910000
9.18701172,-97.44759000,-69.37934000
9.18762207,-93.27079000,-77.72704000
9.18823242,-101.42140000,-76.37954000
9.18884277,-94.76830000,-75.24062000
9.18945313,-88.52721000,-74.57284000
9.19006348,-86.08315000,-76.47799000
9.19067383,-86.07425000,-86.32742000
9.19128418,-90.89961000,-74.27155000
9.19189453,-92.85844000,-69.46052000
9.19250488,-90.28923000,-68.22664000
9.19311523,-91.07896000,-70.26814000
9.19372559,-93.53098000,-80.53337000
9.19433594,-96.38582000,-81.84669000
9.19494629,-101.78880000,-74.30552000
9.19555664,-97.28682000,-75.52149000
9.19616699,-92.89079000,-75.31104000
9.19677734,-103.80290000,-75.85854000
9.19738770,-91.09718000,-77.20478000
9.19799805,-88.90357000,-71.17850000
9.19860840,-89.24766000,-72.34612000
9.19921875,-89.47929000,-74.48798000
9.19982910,-88.90922000,-72.03045000
9.20043945,-88.82729000,-75.11552000
9.20104980,-93.63872000,-99.34116000
9.20166016,-96.31734000,-75.26185000
9.20227051,-96.32959000,-73.55721000
9.20288086,-90.17081000,-80.13167000
9.20349121,-90.24446000,-75.37126000
9.20410156,-90.98914000,-82.02573000
9.20471191,-90.93993000,-79.93982000
9.20532227,-92.96165000,-72.90543000
9.20593262,-99.72416000,-69.97505000
9.20654297,-98.60870000,-70.69665000
9.20715332,-96.97763000,-74.07053000
9.20776367,-90.79594000,-80.03441000
9.20837402,-87.78405000,-79.66227000
9.20898438,-90.60761000,-82.30737000
9.20959473,-104.43530000,-78.56889000
9.21020508,-101.70290000,-70.51414000
9.21081543,-98.21577000,-69.84174000
9.21142578,-92.57862000,-70.81906000
9.21203613,-92.73823000,-74.51481000
9.21264648,-93.78130000,-82.44102000
9.21325684,-94.66074000,-75.23354000
9.21386719,-96.15758000,-74.00759000
9.21447754,-103.80620000,-70.78278000
9.21508789,-95.35369000,-71.42304000
9.21569824,-89.96841000,-77.81783000
9.21630859,-96.12275000,-76.08504000
9.21691895,-82.08437000,-73.76014000
9.21752930,-76.17532000,-83.58315000
9.21813965,-80.16147000,-78.35487000
9.21875000,-97.48946000,-72.24821000
9.21936035,-89.28239000,-72.28813000
9.21997070,-86.51798000,-86.10150000
9.22058105,-86.69221000,-79.97359000
9.22119141,-93.30823000,-81.77103000
9.22180176,-95.61307000,-74.01962000
9.22241211,-88.88622000,-71.72122000
9.22302246,-87.69421000,-69.71246000
9.22363281,-91.23958000,-73.54237000
9.22424316,-96.19434000,-82.77887000
9.22485352,-103.60520000,-73.96456000
9.22546387,-96.28461000,-72.95567000
9.22607422,-91.81840000,-73.42256000
9.22668457,-93.63132000,-68.90920000
9.22729492,-98.02802000,-69.07668000
9.22790527,-99.44444000,-72.79585000
9.22851563,-95.94902000,-72.28540000
9.22912598,-100.46270000,-68.37761000
9.22973633,-94.24084000,-67.83002000
9.23034668,-95.33350000,-72.06105000
9.23095703,-99.86373000,-81.28159000
9.23156738,-92.43866000,-70.22952000
9.23217773,-87.27775000,-67.54919000
9.23278809,-87.16373000,-67.51054000
9.23339844,-90.06023000,-74.68604000
9.23400879,-90.55512000,-74.14051000
9.23461914,-91.72697000,-70.98637000
9.23522949,-101.52740000,-72.11785000
9.23583984,-95.00687000,-74.15564000
9.23645020,-88.80515000,-73.80497000
9.23706055,-86.20052000,-75.39608000
9.23767090,-87.25755000,-78.78737000
9.23828125,-90.75111000,-78.90622000
9.23889160,-90.30987000,-75.85051000
9.23950195,-88.97480000,-75.29491000
9.24011230,-90.25755000,-78.89808000
9.24072266,-93.10423000,-74.64455000
9.24133301,-89.75709000,-69.05588000
9.24194336,-95.22466000,-68.38966000
9.24255371,-91.38733000,-70.39754000
9.24316406,-87.86397000,-77.20379000
9.24377441,-87.30384000,-78.59778000
9.24438477,-87.44971000,-71.80559000
9.24499512,-92.69820000,-74.12120000
9.24560547,-95.04707000,-82.62820000
9.24621582,-96.09412000,-84.36815000
9.24682617,-92.46199000,-75.71862000
9.24743652,-88.06883000,-73.38240000
9.24804688,-88.37712000,-73.55744000
9.24865723,-89.97289000,-71.13768000
9.24926758,-89.99264000,-71.90925000
9.24987793,-96.51968000,-76.65841000
9.25048828,-94.40190000,-74.72952000
9.25109863,-94.55635000,-76.44678000
9.25170898,-105.89440000,-73.85162000
9.25231934,-95.67860000,-81.37397000
9.25292969,-92.03111000,-78.47894000
9.25354004,-92.11494000,-78.27987000
9.25415039,-95.02690000,-76.48116000
9.25476074,-105.48770000,-70.61559000
9.25537109,-95.96497000,-68.92872000
9.25598145,-90.32341000,-69.56872000
9.25659180,-90.59673000,-73.54627000
9.25720215,-92.10306000,-77.14980000
9.25781250,-100.74500000,-78.22427000
9.25842285,-92.18582000,-75.85251000
9.25903320,-93.28258000,-67.71470000
9.25964355,-103.63420000,-68.12542000
9.26025391,-94.31908000,-71.89823000
9.26086426,-90.64195000,-76.45783000
9.26147461,-93.84799000,-79.97591000
9.26208496,-89.13719000,-71.10369000
9.26269531,-87.83906000,-67.49006000
9.26330566,-92.40056000,-67.33938000
9.26391602,-92.90375000,-70.91341000
9.26452637,-91.52840000,-76.95069000
9.26513672,-95.88708000,-76.27132000
9.26574707,-96.98788000,-80.49629000
9.26635742,-93.38319000,-73.55136000
9.26696777,-100.13920000,-79.09964000
9.26757813,-96.97182000,-85.79642000
9.26818848,-92.45827000,-76.68520000
9.26879883,-91.88805000,-80.94765000
9.26940918,-95.64124000,-71.69850000
9.27001953,-87.53828000,-70.55199000
9.27062988,-89.77583000,-73.54318000
9.27124023,-99.79714000,-75.24088000
9.27185059,-89.86432000,-75.70757000
9.27246094,-93.32053000,-85.05330000
9.27307129,-100.30330000,-78.50003000
9.27368164,-96.36421000,-79.46070000
9.27429199,-94.69472000,-73.30263000
9.27490234,-94.46832000,-72.33155000
9.27551270,-87.97959000,-77.06137000
9.27612305,-87.57021000,-71.91195000
9.27673340,-96.01091000,-68.95509000
9.27734375,-87.05247000,-70.30026000
9.27795410,-85.38354000,-71.33318000
9.27856445,-86.82344000,-73.80563000
9.27917480,-87.67376000,-73.78094000
9.27978516,-91.97434000,-73.99218000
9.28039551,-104.84340000,-75.11224000
9.28100586,-101.89180000,-73.51754000
9.28161621,-93.56030000,-71.78784000
9.28222656,-94.64588000,-72.30584000
9.28283691,-110.02180000,-78.01474000
9.28344727,-92.93430000,-72.96685000
9.28405762,-95.03330000,-66.51238000
9.28466797,-101.94730000,-65.57291000
9.28527832,-94.86256000,-67.63898000
9.28588867,-91.60847000,-71.31179000
9.28649902,-86.76563000,-74.42817000
9.28710938,-87.02690000,-74.24573000
9.28771973,-89.89261000,-77.88190000
9.28833008,-91.26244000,-78.46965000
9.28894043,-90.93399000,-76.68275000
9.28955078,-90.87525000,-72.34930000
9.29016113,-88.38733000,-71.97556000
9.29077148,-89.52998000,-74.71932000
9.29138184,-93.06850000,-75.48780000
9.29199219,-98.14246000,-73.47237000
9.29260254,-91.49014000,-69.85677000
9.29321289,-87.58411000,-70.77812000
9.29382324,-87.28294000,-75.57964000
9.29443359,-87.45229000,-72.49232000
9.29504395,-86.40266000,-71.77257000
9.29565430,-87.52496000,-73.19724000
9.29626465,-92.01237000,-74.00752000
9.29687500,-96.01340000,-71.22170000
9.29748535,-93.98154000,-70.61919000
9.29809570,-91.98185000,-73.40285000
9.29870605,-93.38020000,-73.24962000
9.29931641,-92.12890000,-70.68900000
9.29992676,-93.17573000,-75.69468000
9.30053711,-100.08070000,-84.92990000
9.30114746,-106.84790000,-81.63177000
9.30175781,-95.01517000,-83.10490000
9.30236816,-92.60359000,-72.91777000
9.30297852,-92.34387000,-76.68845000
9.30358887,-93.25130000,-77.40872000
9.30419922,-94.98518000,-70.20631000
9.30480957,-97.32462000,-71.49837000
9.30541992,-97.03912000,-73.74971000
9.30603027,-100.51600000,-72.75699000
9.30664063,-97.17070000,-78.43113000
9.30725098,-92.81812000,-81.59334000
9.30786133,-96.69460000,-76.51101000
9.30847168,-107.09030000,-73.41000000
9.30908203,-95.49190000,-71.47458000
9.30969238,-92.06783000,-71.14081000
9.31030273,-92.00375000,-76.26948000
9.31091309,-92.64241000,-75.72707000
9.31152344,-101.60500000,-71.66439000
9.31213379,-96.19452000,-74.04725000
9.31274414,-96.70577000,-76.48998000
9.31335449,-96.35086000,-81.58531000
9.31396484,-94.17975000,-84.24223000
9.31457520,-104.94260000,-78.85655000
9.31518555,-95.49709000,-76.70661000
9.31579590,-96.30923000,-79.98162000
9.31640625,-87.63632000,-80.33355000
9.31701660,-84.56789000,-70.69588000
9.31762695,-84.52575000,-73.50970000
9.31823730,-89.23657000,-79.62827000
9.31884766,-94.32974000,-72.49821000
9.31945801,-93.35845000,-71.08460000
9.32006836,-92.93728000,-69.98124000
9.32067871,-92.20501000,-74.62294000
9.32128906,-90.92637000,-80.24169000
9.32189941,-94.79799000,-76.10920000
9.32250977,-90.49529000,-76.94884000
9.32312012,-89.63230000,-77.22309000
9.32373047,-94.36665000,-75.63297000
9.32434082,-96.42983000,-79.34795000
9.32495117,-107.40820000,-76.15134000
9.32556152,-111.10110000,-71.33904000
9.32617188,-99.02982000,-71.31598000
9.32678223,-93.09620000,-84.52721000
9.32739258,-91.30890000,-86.74500000
9.32800293,-97.51006000,-73.86554000
9.32861328,-99.74804000,-73.46053000
9.32922363,-96.80788000,-69.32993000
9.32983398,-95.47278000,-70.85631000
9.33044434,-92.94855000,-71.60995000
9.33105469,-91.93047000,-72.96671000
9.33166504,-91.25151000,-95.54214000
9.33227539,-92.89409000,-74.07204000
9.33288574,-95.80460000,-74.14931000
9.33349609,-94.91963000,-74.33358000
9.33410645,-93.48030000,-68.43190000
9.33471680,-93.22908000,-71.04555000
9.33532715,-88.41515000,-77.68187000
9.33593750,-92.31259000,-72.86496000
9.33654785,-96.42894000,-72.63223000
9.33715820,-92.71580000,-68.03058000
9.33776855,-94.30237000,-66.55391000
9.33837891,-95.47552000,-75.74672000
9.33898926,-101.80820000,-80.52348000
9.33959961,-96.05940000,-68.95105000
9.34020996,-93.20969000,-71.65977000
9.34082031,-94.64878000,-80.86556000
9.34143066,-95.60883000,-75.78313000
9.34204102,-95.19609000,-71.04402000
9.34265137,-98.96312000,-70.31267000
9.34326172,-98.41392000,-74.72478000
9.34387207,-98.62917000,-81.18271000
9.34448242,-95.74052000,-78.57584000
9.34509277,-95.65150000,-75.08771000
9.34570313,-102.13410000,-77.39369000
9.34631348,-99.99756000,-77.99673000
9.34692383,-96.48390000,-76.98617000
9.34753418,-90.83931000,-77.66998000
9.34814453,-89.14085000,-83.65498000
9.34875488,-97.29016000,-76.14053000
9.34936523,-95.52728000,-83.04947000
9.34997559,-95.75894000,-79.17828000
9.35058594,-93.39919000,-81.22730000
9.35119629,-88.74519000,-76.35973000
9.35180664,-97.24671000,-78.21434000
9.35241699,-89.51274000,-71.49123000
9.35302734,-89.82560000,-69.89734000
9.35363770,-94.98796000,-70.44921000
9.35424805,-96.79303000,-71.66971000
9.35485840,-93.32008000,-70.67548000
9.35546875,-93.28664000,-68.35966000
9.35607910,-109.71050000,-71.24290000
9.35668945,-95.25101000,-75.80702000
9.35729980,-93.74213000,-71.56966000
9.35791016,-92.09317000,-69.40662000
9.35852051,-92.39346000,-67.88065000
9.35913086,-99.56627000,-66.48096000
9.35974121,-101.84870000,-71.15873000
9.36035156,-107.35380000,-81.72477000
9.36096191,-94.17639000,-79.90416000
9.36157227,-100.56520000,-82.47990000
9.36218262,-99.46329000,-80.07920000
9.36279297,-96.67884000,-68.44492000
9.36340332,-99.58957000,-68.42925000
9.36401367,-95.76302000,-81.80391000
9.36462402,-90.72855000,-70.50914000
9.36523438,-89.13548000,-70.13106000
9.36584473,-89.12373000,-74.83801000
9.36645508,-89.90029000,-81.02330000
9.36706543,-98.92249000,-83.25767000
9.36767578,-94.81403000,-77.93268000
9.36828613,-101.18430000,-80.43039000
9.36889648,-93.63124000,-81.11851000
9.36950684,-88.50906000,-72.95205000
9.37011719,-93.98874000,-72.84309000
9.37072754,-95.71828000,-70.86420000
9.37133789,-92.80574000,-69.16032000
9.37194824,-95.37268000,-75.70081000
9.37255859,-94.02571000,-77.55237000
9.37316895,-92.95523000,-75.56644000
9.37377930,-91.33727000,-77.60005000
9.37438965,-90.68802000,-71.46796000
9.37500000,-86.70342000,-69.35001000
9.37561035,-85.57419000,-77.68213000
9.37622070,-89.25139000,-80.30798000
9.37683105,-97.05034000,-75.29061000
9.37744141,-105.10960000,-68.27307000
9.37805176,-103.99430000,-67.03098000
9.37866211,-94.73961000,-70.55313000
9.37927246,-87.89449000,-74.17202000
9.37988281,-89.12796000,-78.27126000
9.38049316,-97.50662000,-77.97906000
9.38110352,-93.52624000,-78.43156000
9.38171387,-94.43991000,-80.64273000
9.38232422,-113.57120000,-77.12424000
9.38293457,-107.02040000,-69.87057000
9.38354492,-103.71310000,-71.19946000
9.38415527,-95.66127000,-76.70585000
9.38476563,-96.58519000,-71.04194000
9.38537598,-104.60650000,-69.66622000
9.38598633,-89.50622000,-71.41503000
9.38659668,-88.24403000,-84.37444000
9.38720703,-93.74487000,-72.80801000
9.38781738,-93.93569000,-73.46323000
9.38842773,-89.03868000,-84.15969000
9.38903809,-90.01640000,-79.45033000
9.38964844,-92.13007000,-80.92242000
9.39025879,-94.14528000,-73.63949000
9.39086914,-97.77643000,-78.67097000
9.39147949,-90.94641000,-88.25175000
9.39208984,-90.58472000,-88.93239000
9.39270020,-91.01524000,-75.77646000
9.39331055,-91.08163000,-72.08506000
9.39392090,-89.15093000,-78.18277000
9.39453125,-90.27348000,-83.59225000
9.39514160,-92.05293000,-78.54518000
9.39575195,-93.78931000,-72.86362000
9.39636230,-101.53870000,-70.95646000
9.39697266,-96.90705000,-74.56786000
9.39758301,-92.81822000,-77.29030000
9.39819336,-94.44614000,-73.72894000
9.39880371,-91.63835000,-73.68153000
9.39941406,-87.48066000,-71.45864000
9.40002441,-90.52652000,-77.76003000
9.40063477,-98.60088000,-73.95623000
9.40124512,-90.42421000,-75.75902000
9.40185547,-92.36952000,-75.87080000
9.40246582,-93.43342000,-72.56296000
9.40307617,-88.23864000,-69.29541000
9.40368652,-88.80856000,-67.11256000
9.40429688,-88.63106000,-68.25546000
9.40490723,-87.83780000,-70.65365000
9.40551758,-91.68246000,-71.59307000
9.40612793,-93.73277000,-69.13117000
9.40673828,-105.93780000,-67.34666000
9.40734863,-94.20270000,-69.45243000
9.40795898,-90.20297000,-77.01796000
9.40856934,-89.94771000,-74.21061000
9.40917969,-92.71453000,-71.02965000
9.40979004,-98.95148000,-72.76135000
9.41040039,-100.69480000,-76.70193000
9.41101074,-96.88889000,-83.36287000
9.41162109,-92.86396000,-77.47176000
9.41223145,-89.25954000,-74.00105000
9.41284180,-88.15530000,-77.09079000
9.41345215,-91.68506000,-71.48059000
9.41406250,-100.54730000,-69.36604000
9.41467285,-103.34520000,-69.48081000
9.41528320,-104.53430000,-69.99572000
9.41589355,-98.02277000,-66.86105000
9.41650391,-92.97019000,-68.07803000
9.41711426,-85.90350000,-73.19739000
9.41772461,-85.72752000,-91.95793000
9.41833496,-96.48366000,-70.67145000
9.41894531,-96.28891000,-68.77923000
9.41955566,-93.12831000,-67.35806000
9.42016602,-121.96600000,-65.20835000
9.42077637,-97.10712000,-65.94640000
9.42138672,-102.36600000,-70.60096000
9.42199707,-101.29820000,-76.56068000
9.42260742,-95.97800000,-75.53566000
9.42321777,-100.04390000,-74.81195000
9.42382813,-105.79300000,-76.42546000
9.42443848,-94.28607000,-79.09830000
9.42504883,-92.98169000,-80.12992000
9.42565918,-92.08820000,-68.17969000
9.42626953,-94.59896000,-64.48161000
9.42687988,-97.54485000,-67.18306000
9.42749023,-91.95403000,-72.72208000
9.42810059,-93.57499000,-73.45415000
9.42871094,-97.33321000,-72.23550000
9.42932129,-93.44585000,-69.83504000
9.42993164,-104.18640000,-68.66106000
9.43054199,-91.67278000,-73.33134000
9.43115234,-90.30740000,-77.83170000
9.43176270,-93.10507000,-72.48589000
9.43237305,-88.20945000,-74.20965000
9.43298340,-88.37737000,-93.13657000
9.43359375,-93.03171000,-72.58343000
9.43420410,-99.76505000,-68.83737000
9.43481445,-112.90620000,-68.85617000
9.43542480,-97.44849000,-70.94779000
9.43603516,-99.23252000,-72.43097000
9.43664551,-96.53593000,-78.87637000
9.43725586,-93.33576000,-73.67571000
9.43786621,-93.97568000,-75.55150000
9.43847656,-93.76308000,-74.41449000
9.43908691,-90.91404000,-69.26983000
9.43969727,-92.71815000,-68.99733000
9.44030762,-99.02255000,-70.73816000
9.44091797,-103.70400000,-75.26181000
9.44152832,-94.66702000,-75.70426000
9.44213867,-94.00172000,-69.63602000
9.44274902,-95.30702000,-67.51395000
9.44335938,-91.13254000,-69.83946000
9.44396973,-92.18398000,-72.25333000
9.44458008,-93.00043000,-73.57938000
9.44519043,-90.56313000,-75.90657000
9.44580078,-93.67001000,-74.90314000
9.44641113,-92.63226000,-77.38259000
9.44702148,-91.34789000,-72.85577000
9.44763184,-92.13200000,-75.95893000
9.44824219,-95.41930000,-70.81516000
9.44885254,-93.92879000,-72.35875000
9.44946289,-87.70409000,-79.23123000
9.45007324,-89.58930000,-80.12524000
9.45068359,-92.56779000,-80.03490000
9.45129395,-92.33209000,-75.76794000
9.45190430,-93.94125000,-71.44273000
9.45251465,-95.51167000,-76.79468000
9.45312500,-95.38144000,-74.34192000
9.45373535,-102.00750000,-71.86306000
9.45434570,-115.30780000,-69.53864000
9.45495605,-93.14868000,-68.35777000
9.45556641,-93.08734000,-75.24521000
9.45617676,-99.22757000,-69.34303000
9.45678711,-89.36302000,-66.80930000
9.45739746,-84.44884000,-69.22736000
9.45800781,-84.66060000,-77.46619000
9.45861816,-86.98183000,-72.72084000
9.45922852,-89.51870000,-73.09772000
9.45983887,-94.70145000,-74.99122000
9.46044922,-99.81659000,-80.77818000
9.46105957,-96.99474000,-85.58381000
9.46166992,-96.57788000,-76.01672000
9.46228027,-92.15073000,-72.32772000
9.46289063,-89.16756000,-80.07704000
9.46350098,-96.32877000,-84.59618000
9.46411133,-98.89305000,-76.53111000
9.46472168,-91.11966000,-74.47901000
9.46533203,-91.69071000,-76.83672000
9.46594238,-94.89682000,-75.42590000
9.46655273,-101.34380000,-78.40348000
9.46716309,-107.04840000,-76.26466000
9.46777344,-90.85381000,-74.26624000
9.46838379,-88.98860000,-76.63215000
9.46899414,-92.21991000,-75.57451000
9.46960449,-89.85828000,-73.29697000
9.47021484,-89.57069000,-72.28931000
9.47082520,-98.66627000,-76.30170000
9.47143555,-101.41950000,-75.54893000
9.47204590,-92.62473000,-70.30981000
9.47265625,-92.14291000,-74.76830000
9.47326660,-96.79576000,-76.57784000
9.47387695,-95.47168000,-69.40070000
9.47448730,-98.44807000,-72.79390000
9.47509766,-88.46869000,-78.81572000
9.47570801,-89.67542000,-77.78341000
9.47631836,-95.38858000,-76.30019000
9.47692871,-95.51945000,-70.84640000
9.47753906,-93.67616000,-72.41904000
9.47814941,-99.73018000,-69.95599000
9.47875977,-93.29861000,-84.75334000
9.47937012,-98.02802000,-74.28073000
9.47998047,-105.36040000,-74.40451000
9.48059082,-101.67100000,-70.73594000
9.48120117,-98.95657000,-70.90869000
9.48181152,-90.78154000,-73.75733000
9.48242188,-90.29242000,-74.32805000
9.48303223,-95.04736000,-75.50917000
9.48364258,-102.44440000,-75.52875000
9.48425293,-102.01020000,-75.29463000
9.48486328,-94.96254000,-72.31779000
9.48547363,-90.82767000,-74.30141000
9.48608398,-88.32058000,-76.16763000
9.48669434,-86.52290000,-74.38615000
9.48730469,-87.44774000,-96.60948000
9.48791504,-92.16907000,-77.11791000
9.48852539,-100.13710000,-72.40157000
9.48913574,-95.62473000,-71.00980000
9.48974609,-103.82130000,-84.54330000
9.49035645,-103.20340000,-67.95786000
9.49096680,-95.86913000,-69.07263000
9.49157715,-91.82520000,-86.65302000
9.49218750,-90.20248000,-77.43022000
9.49279785,-90.13629000,-80.39195000
9.49340820,-88.46255000,-87.18582000
9.49401855,-89.28291000,-89.45673000
9.49462891,-90.46384000,-79.00470000
9.49523926,-92.75766000,-76.24796000
9.49584961,-99.72622000,-77.52385000
9.49645996,-87.25156000,-79.81422000
9.49707031,-86.85508000,-77.65282000
9.49768066,-90.20557000,-80.39809000
9.49829102,-88.85565000,-83.66437000
9.49890137,-113.08880000,-75.98946000
9.49951172,-82.40903000,-73.22110000
9.50012207,-81.57448000,-73.04727000
9.50073242,-87.22495000,-76.82537000
9.50134277,-91.52328000,-80.62728000
9.50195313,-90.73376000,-72.16070000
9.50256348,-94.07666000,-74.73502000
9.50317383,-97.93423000,-76.47282000
9.50378418,-90.52505000,-71.40764000
9.50439453,-87.81316000,-78.16685000
9.50500488,-87.21931000,-80.08624000
9.50561523,-90.54176000,-73.40089000
9.50622559,-93.62812000,-71.05438000
9.50683594,-92.91467000,-72.87917000
9.50744629,-96.03718000,-76.31931000
9.50805664,-96.13773000,-82.96071000
9.50866699,-93.50822000,-78.98797000
9.50927734,-98.61634000,-80.61271000
9.50988770,-105.11560000,-74.78042000
9.51049805,-106.08490000,-79.63846000
9.51110840,-95.39501000,-81.19981000
9.51171875,-98.55758000,-77.09608000
9.51232910,-108.52530000,-74.12110000
9.51293945,-101.39330000,-81.11564000
9.51354980,-97.07058000,-72.81927000
9.51416016,-88.84197000,-70.72984000
9.51477051,-82.92763000,-75.46075000
9.51538086,-84.02358000,-73.80849000
9.51599121,-87.17751000,-73.39661000
9.51660156,-80.24663000,-70.36118000
9.51721191,-71.56213000,-76.22454000
9.51782227,-70.92577000,-78.76697000
9.51843262,-79.31960000,-73.35338000
9.51904297,-97.86510000,-69.42203000
9.51965332,-99.20319000,-68.40987000
9.52026367,-96.35483000,-70.10178000
9.52087402,-94.40037000,-78.18250000
9.52148438,-94.43012000,-94.59518000
9.52209473,-91.25655000,-74.72226000
9.52270508,-89.66835000,-69.21413000
9.52331543,-88.77008000,-70.84946000
9.52392578,-87.20025000,-79.16263000
9.52453613,-86.61040000,-70.61054000
9.52514648,-89.95136000,-67.39263000
9.52575684,-86.50349000,-69.37543000
9.52636719,-86.96143000,-69.51389000
9.52697754,-94.75072000,-69.97282000
9.52758789,-96.42212000,-74.42383000
9.52819824,-91.37436000,-78.32762000
9.52880859,-95.92868000,-86.55991000
9.52941895,-99.67766000,-80.88858000
9.53002930,-105.85220000,-88.72852000
9.53063965,-98.30120000,-73.43250000
9.53125000,-98.11015000,-70.26743000
9.53186035,-108.11500000,-79.36296000
9.53247070,-94.24781000,-77.61269000
9.53308105,-91.73906000,-74.74177000
9.53369141,-92.22141000,-72.62070000
9.53430176,-91.39774000,-75.99563000
9.53491211,-103.34440000,-78.73677000
9.53552246,-95.24703000,-69.88895000
9.53613281,-93.40247000,-73.14606000
9.53674316,-94.08621000,-70.58495000
9.53735352,-95.25603000,-68.58210000
9.53796387,-93.85113000,-74.62076000
9.53857422,-94.01809000,-82.70044000
9.53918457,-101.07530000,-84.29796000
9.53979492,-97.18594000,-75.43221000
9.54040527,-93.21693000,-70.67836000
9.54101563,-95.42357000,-71.21551000
9.54162598,-106.17930000,-76.96671000
9.54223633,-100.57270000,-70.60864000
9.54284668,-94.41042000,-71.93347000
9.54345703,-90.88951000,-78.55160000
9.54406738,-98.30802000,-80.41232000
9.54467773,-95.19188000,-79.60799000
9.54528809,-95.52079000,-86.84001000
9.54589844,-95.65710000,-82.65781000
9.54650879,-94.23282000,-80.37620000
9.54711914,-94.83180000,-80.06725000
9.54772949,-95.56737000,-76.68774000
9.54833984,-99.46397000,-72.07805000
9.54895020,-111.59110000,-73.98132000
9.54956055,-91.57420000,-77.01546000
9.55017090,-88.26301000,-84.62716000
9.55078125,-91.89349000,-78.89619000
9.55139160,-94.65226000,-77.51842000
9.55200195,-95.88226000,-75.14535000
9.55261230,-102.07320000,-77.25440000
9.55322266,-91.75746000,-86.27090000
9.55383301,-88.35906000,-95.54417000
9.55444336,-88.05970000,-70.42987000
9.55505371,-92.67346000,-67.02689000
9.55566406,-99.58044000,-67.80163000
9.55627441,-92.27185000,-70.12912000
9.55688477,-92.00372000,-81.10085000
9.55749512,-89.47751000,-79.56955000
9.55810547,-87.31434000,-86.33526000
9.55871582,-90.16496000,-72.91077000
9.55932617,-92.70623000,-70.72863000
9.55993652,-90.00477000,-71.34360000
9.56054688,-87.73398000,-77.12820000
9.56115723,-89.09895000,-78.18457000
9.56176758,-91.38855000,-76.05682000
9.56237793,-93.60869000,-77.56245000
9.56298828,-97.08306000,-70.29501000
9.56359863,-96.03291000,-67.37766000
9.56420898,-92.63885000,-73.61945000
9.56481934,-99.51581000,-74.74699000
9.56542969,-92.40987000,-68.94431000
9.56604004,-100.77800000,-73.33060000
9.56665039,-97.08504000,-81.87703000
9.56726074,-99.52316000,-74.73080000
9.56787109,-98.00973000,-77.46899000
9.56848145,-94.91296000,-70.97901000
9.56909180,-98.73790000,-70.64363000
9.56970215,-108.66050000,-77.37561000
9.57031250,-94.39857000,-87.86723000
9.57092285,-92.64408000,-75.77500000
9.57153320,-96.09669000,-68.99647000
9.57214355,-89.86377000,-71.31123000
9.57275391,-96.46008000,-78.99451000
9.57336426,-92.34122000,-74.00873000
9.57397461,-90.80863000,-73.68642000
9.57458496,-97.83536000,-69.27416000
9.57519531,-99.23909000,-71.94441000
9.57580566,-95.54874000,-103.90100000
9.57641602,-114.51820000,-74.55263000
9.57702637,-84.07819000,-69.22645000
9.57763672,-83.39573000,-68.18637000
9.57824707,-96.39471000,-73.14614000
9.57885742,-95.10728000,-81.87440000
9.57946777,-94.88975000,-73.31004000
9.58007813,-92.86841000,-70.38062000
9.58068848,-90.53413000,-68.58096000
9.58129883,-98.86778000,-67.24847000
9.58190918,-94.43948000,-68.41613000
9.58251953,-84.14626000,-74.68484000
9.58312988,-85.61543000,-82.54184000
9.58374023,-94.72550000,-71.85022000
9.58435059,-92.36955000,-68.06757000
9.58496094,-92.38209000,-71.33897000
9.58557129,-90.70724000,-79.21439000
9.58618164,-90.91246000,-75.49246000
9.58679199,-88.72012000,-71.08617000
9.58740234,-87.75368000,-69.35813000
9.58801270,-94.88554000,-70.23747000
9.58862305,-103.75070000,-80.81779000
9.58923340,-97.78035000,-75.14819000
9.58984375,-92.20735000,-72.53146000
9.59045410,-90.33640000,-78.03317000
9.59106445,-93.89163000,-80.36531000
9.59167480,-95.82243000,-74.56323000
9.59228516,-96.05869000,-70.50435000
9.59289551,-91.66099000,-70.94194000
9.59350586,-88.75107000,-72.83859000
9.59411621,-89.65431000,-77.32372000
9.59472656,-92.49759000,-74.34764000
9.59533691,-95.34073000,-71.25665000
9.59594727,-97.20601000,-75.01418000
9.59655762,-99.35780000,-83.15250000
9.59716797,-94.30060000,-71.12531000
9.59777832,-91.73224000,-68.60390000
9.59838867,-98.41415000,-68.99734000
9.59899902,-92.21800000,-68.15932000
9.59960938,-89.88007000,-68.25662000
9.60021973,-93.93118000,-71.33537000
9.60083008,-94.07177000,-78.19999000
9.60144043,-92.93319000,-98.78883000
9.60205078,-92.29141000,-73.53591000
9.60266113,-92.68441000,-71.47544000
9.60327148,-99.77794000,-75.16824000
9.60388184,-90.83423000,-76.94773000
9.60449219,-88.59399000,-74.92173000
9.60510254,-90.67928000,-70.73941000
9.60571289,-91.14106000,-69.25208000
9.60632324,-91.81664000,-74.47547000
9.60693359,-98.53085000,-82.71115000
9.60754395,-93.13675000,-78.46600000
9.60815430,-88.53699000,-78.32416000
9.60876465,-86.96541000,-74.73922000
9.60937500,-88.96632000,-72.36507000
9.60998535,-93.16689000,-74.37911000
9.61059570,-92.69444000,-74.26278000
9.61120605,-88.01836000,-76.95012000
9.61181641,-87.72539000,-80.84387000
9.61242676,-90.76390000,-76.28745000
9.61303711,-98.66645000,-71.26480000
9.61364746,-98.76369000,-68.65608000
9.61425781,-98.84573000,-67.16880000
9.61486816,-100.40980000,-67.79535000
9.61547852,-104.87000000,-72.36260000
9.61608887,-93.09475000,-79.76846000
9.61669922,-89.23435000,-74.73245000
9.61730957,-89.98213000,-70.63550000
9.61791992,-94.31422000,-74.56329000
9.61853027,-102.15770000,-77.42427000
9.61914063,-96.68732000,-75.48537000
9.61975098,-92.74154000,-83.67130000
9.62036133,-103.71610000,-76.38107000
9.62097168,-89.21255000,-83.82173000
9.62158203,-85.52234000,-79.80884000
9.62219238,-89.17178000,-73.46849000
9.62280273,-100.95800000,-75.06298000
9.62341309,-93.55965000,-74.49062000
9.62402344,-98.08928000,-69.74011000
9.62463379,-100.02270000,-70.04861000
9.62524414,-92.21373000,-71.68332000
9.62585449,-92.65784000,-69.27959000
9.62646484,-92.33347000,-72.87212000
9.62707520,-89.71429000,-82.87877000
9.62768555,-85.08323000,-77.41711000
9.62829590,-86.22338000,-79.88977000
9.62890625,-91.70747000,-76.34077000
9.62951660,-98.53439000,-69.53825000
9.63012695,-98.79459000,-67.86856000
9.63073730,-91.05727000,-67.31732000
9.63134766,-91.97303000,-69.10001000
9.63195801,-90.81004000,-70.91275000
9.63256836,-96.01694000,-71.99830000
9.63317871,-107.07680000,-71.41315000
9.63378906,-101.01890000,-73.46137000
9.63439941,-102.15690000,-67.73565000
9.63500977,-98.15807000,-68.52734000
9.63562012,-92.69820000,-76.08020000
9.63623047,-89.49059000,-75.27890000
9.63684082,-83.63246000,-80.20766000
9.63745117,-80.35065000,-81.45813000
9.63806152,-84.28162000,-73.75582000
9.63867188,-100.31970000,-74.42394000
9.63928223,-101.92810000,-79.04327000
9.63989258,-91.44160000,-70.48260000
9.64050293,-90.10469000,-71.74940000
9.64111328,-103.96710000,-81.03637000
9.64172363,-102.08850000,-73.63127000
9.64233398,-100.67540000,-70.90295000
9.64294434,-97.03030000,-68.98492000
9.64355469,-96.30120000,-69.18101000
9.64416504,-95.78651000,-73.77619000
9.64477539,-93.70761000,-78.25433000
9.64538574,-93.47501000,-73.64875000
9.64599609,-91.35734000,-69.29297000
9.64660645,-90.17296000,-68.23586000
9.64721680,-89.69325000,-68.84469000
9.64782715,-90.81374000,-70.83327000
9.64843750,-90.58738000,-74.24080000
9.64904785,-91.51363000,-82.62035000
9.64965820,-91.60137000,-80.93811000
9.65026855,-93.92702000,-82.67738000
9.65087891,-94.19254000,-74.53609000
9.65148926,-92.53375000,-78.55121000
9.65209961,-99.51099000,-80.17361000
9.65270996,-101.52660000,-77.28087000
9.65332031,-95.27626000,-73.00866000
9.65393066,-92.31544000,-69.85535000
9.65454102,-94.58978000,-69.65324000
9.65515137,-92.23518000,-74.17037000
9.65576172,-85.71288000,-79.77234000
9.65637207,-88.17372000,-113.44760000
9.65698242,-89.44717000,-76.67828000
9.65759277,-87.39398000,-71.94046000
9.65820313,-87.97131000,-70.61282000
9.65881348,-87.00883000,-74.60061000
9.65942383,-87.51305000,-87.57173000
9.66003418,-88.43718000,-79.37353000
9.66064453,-86.09959000,-87.25852000
9.66125488,-85.80997000,-96.80472000
9.66186523,-90.44540000,-80.96420000
9.66247559,-93.11570000,-76.77876000
9.66308594,-100.11760000,-74.22901000
9.66369629,-91.57059000,-74.40918000
9.66430664,-96.73830000,-76.67204000
9.66491699,-93.46774000,-87.85233000
9.66552734,-92.06277000,-75.83881000
9.66613770,-93.33073000,-87.31449000
9.66674805,-92.08560000,-80.90878000
9.66735840,-88.81728000,-84.78615000
9.66796875,-88.94547000,-72.20490000
9.66857910,-93.74107000,-71.98718000
9.66918945,-97.96738000,-75.45038000
9.66979980,-97.08147000,-94.55772000
9.67041016,-94.03542000,-78.83391000
9.67102051,-90.04329000,-83.73534000
9.67163086,-86.63955000,-80.59122000
9.67224121,-89.09989000,-83.07931000
9.67285156,-91.79510000,-69.57490000
9.67346191,-88.75710000,-66.56807000
9.67407227,-86.91644000,-66.31438000
9.67468262,-89.79379000,-68.65869000
9.67529297,-104.77320000,-72.76885000
9.67590332,-91.30920000,-72.71900000
9.67651367,-92.82848000,-72.71921000
9.67712402,-98.05417000,-72.48296000
9.67773438,-90.99138000,-74.80005000
9.67834473,-100.40320000,-74.34296000
9.67895508,-94.77759000,-73.90250000
9.67956543,-94.31976000,-69.59168000
9.68017578,-101.67910000,-67.89320000
9.68078613,-101.57870000,-73.18210000
9.68139648,-90.72265000,-71.35865000
9.68200684,-89.52134000,-70.93976000
9.68261719,-92.25053000,-72.77264000
9.68322754,-96.27527000,-82.35780000
9.68383789,-94.62621000,-84.35547000
9.68444824,-96.06755000,-77.18239000
9.68505859,-95.20821000,-74.43396000
9.68566895,-91.32686000,-83.23441000
9.68627930,-100.03070000,-81.27173000
9.68688965,-95.59825000,-75.47911000
9.68750000,-89.50218000,-71.93896000
9.68811035,-87.49424000,-70.32529000
9.68872070,-91.96800000,-75.02521000
9.68933105,-96.33864000,-77.89989000
9.68994141,-94.40332000,-72.89211000
9.69055176,-95.65865000,-72.13777000
9.69116211,-95.34035000,-72.75067000
9.69177246,-90.12752000,-73.86960000
9.69238281,-93.98900000,-73.46291000
9.69299316,-109.90110000,-75.19460000
9.69360352,-96.22458000,-83.97411000
9.69421387,-90.70068000,-78.96561000
9.69482422,-89.78879000,-82.95885000
9.69543457,-94.09325000,-80.72865000
9.69604492,-95.71686000,-81.13731000
9.69665527,-91.20610000,-90.78670000
9.69726563,-85.34969000,-79.45955000
9.69787598,-85.32830000,-78.73330000
9.69848633,-94.11795000,-73.53159000
9.69909668,-95.54253000,-72.56819000
9.69970703,-90.77759000,-72.99469000
9.70031738,-94.35983000,-73.57635000
9.70092773,-93.51439000,-86.76773000
9.70153809,-91.39083000,-82.74272000
9.70214844,-92.15161000,-73.68925000
9.70275879,-90.33477000,-77.15602000
9.70336914,-89.56315000,-81.50114000
9.70397949,-89.61874000,-79.01393000
9.70458984,-91.56432000,-80.30174000
9.70520020,-95.34504000,-78.15626000
9.70581055,-93.18150000,-85.62823000
9.70642090,-91.27891000,-88.11819000
9.70703125,-98.75541000,-91.88828000
9.70764160,-98.77755000,-81.53940000
9.70825195,-93.73669000,-69.69192000
9.70886230,-94.12317000,-67.28363000
9.70947266,-97.54765000,-69.87915000
9.71008301,-94.98335000,-79.11813000
9.71069336,-89.30939000,-76.83547000
9.71130371,-87.25778000,-72.39760000
9.71191406,-91.17438000,-71.68243000
9.71252441,-90.37373000,-73.71806000
9.71313477,-88.62921000,-71.52147000
9.71374512,-98.17049000,-77.42577000
9.71435547,-90.66757000,-72.76905000
9.71496582,-89.89574000,-69.50861000
9.71557617,-98.63129000,-75.42168000
9.71618652,-90.39842000,-82.78253000
9.71679688,-86.95611000,-74.25419000
9.71740723,-79.95700000,-76.66576000
9.71801758,-81.85031000,-83.45290000
9.71862793,-86.55120000,-74.03212000
9.71923828,-88.59552000,-74.49207000
9.71984863,-92.01992000,-73.18108000
9.72045898,-90.30943000,-74.25772000
9.72106934,-89.41719000,-76.66452000
9.72167969,-92.46566000,-79.27864000
9.72229004,-119.73990000,-77.63040000
9.72290039,-96.58322000,-73.88667000
9.72351074,-100.33370000,-74.77101000
9.72412109,-101.42670000,-73.05365000
9.72473145,-96.29694000,-71.54204000
9.72534180,-102.79320000,-81.99657000
9.72595215,-101.24210000,-74.00383000
9.72656250,-89.76253000,-73.26610000
9.72717285,-87.00658000,-78.11923000
9.72778320,-88.20152000,-74.86115000
9.72839355,-93.38538000,-74.22878000
9.72900391,-92.94356000,-73.94486000
9.72961426,-93.40883000,-72.85661000
9.73022461,-102.22570000,-70.40780000
9.73083496,-100.00520000,-68.93951000
9.73144531,-91.55280000,-73.35519000
9.73205566,-92.81418000,-76.39455000
9.73266602,-94.73285000,-70.32549000
9.73327637,-94.69827000,-71.64559000
9.73388672,-94.05273000,-77.92257000
9.73449707,-92.60847000,-86.25493000
9.73510742,-90.51457000,-78.29713000
9.73571777,-89.72105000,-77.78201000
9.73632813,-100.36510000,-79.99816000
9.73693848,-94.67876000,-85.33706000
9.73754883,-91.83663000,-70.79769000
9.73815918,-89.49088000,-71.84165000
9.73876953,-90.70229000,-70.74734000
9.73937988,-108.71820000,-69.26095000
9.73999023,-103.11130000,-72.32323000
9.74060059,-98.11067000,-83.16113000
9.74121094,-91.18045000,-88.25263000
9.74182129,-91.45409000,-81.50552000
9.74243164,-93.95778000,-89.20071000
9.74304199,-90.79637000,-79.96768000
9.74365234,-89.82396000,-72.19569000
9.74426270,-93.37669000,-69.64877000
9.74487305,-98.54026000,-70.04706000
9.74548340,-97.46957000,-73.64958000
9.74609375,-107.43030000,-84.51148000
9.74670410,-100.46470000,-74.11412000
9.74731445,-98.62085000,-71.73028000
9.74792480,-95.70264000,-87.37633000
9.74853516,-92.60525000,-71.70068000
9.74914551,-86.48652000,-74.35645000
9.74975586,-85.18755000,-76.86079000
9.75036621,-86.99852000,-73.09060000
9.75097656,-92.77541000,-68.49577000
9.75158691,-94.12437000,-69.98740000
9.75219727,-97.09237000,-71.70577000
9.75280762,-99.65697000,-66.77582000
9.75341797,-94.67355000,-67.59075000
9.75402832,-93.95239000,-69.93507000
9.75463867,-90.71807000,-74.00301000
9.75524902,-95.59547000,-78.68597000
9.75585938,-102.94250000,-72.81732000
9.75646973,-92.94098000,-71.34395000
9.75708008,-85.41490000,-71.20326000
9.75769043,-85.04454000,-73.50175000
9.75830078,-96.10320000,-82.95495000
9.75891113,-89.15273000,-72.96380000
9.75952148,-87.83452000,-75.95460000
9.76013184,-93.59719000,-71.25218000
9.76074219,-99.12789000,-71.59143000
9.76135254,-94.06709000,-74.04452000
9.76196289,-92.18224000,-73.04681000
9.76257324,-95.85961000,-71.07543000
9.76318359,-98.17458000,-70.82556000
9.76379395,-94.69701000,-71.62291000
9.76440430,-91.39309000,-70.22050000
9.76501465,-93.13560000,-72.54124000
9.76562500,-96.87534000,-73.15191000
9.76623535,-94.14581000,-70.47744000
9.76684570,-94.51206000,-66.60667000
9.76745605,-99.17548000,-65.77745000
9.76806641,-91.51205000,-70.15606000
9.76867676,-94.02237000,-89.94912000
9.76928711,-97.09171000,-82.86587000
9.76989746,-92.73715000,-80.90807000
9.77050781,-94.89144000,-78.93851000
9.77111816,-94.85462000,-74.57078000
9.77172852,-95.91065000,-72.41971000
9.77233887,-110.31490000,-78.84486000
9.77294922,-111.52630000,-79.86761000
9.77355957,-95.22431000,-72.92851000
9.77416992,-91.59338000,-69.83894000
9.77478027,-94.77012000,-71.30715000
9.77539063,-92.40979000,-77.23031000
9.77600098,-95.59449000,-77.73066000
9.77661133,-98.65588000,-73.12754000
9.77722168,-91.14873000,-74.32744000
9.77783203,-90.51126000,-72.08138000
9.77844238,-98.04035000,-71.43102000
9.77905273,-96.18674000,-78.29909000
9.77966309,-93.60158000,-72.44337000
9.78027344,-96.49808000,-66.92923000
9.78088379,-96.06865000,-68.96367000
9.78149414,-100.56820000,-76.79751000
9.78210449,-97.48880000,-73.45605000
9.78271484,-92.58498000,-72.63762000
9.78332520,-91.42621000,-75.16273000
9.78393555,-109.31760000,-74.88311000
9.78454590,-103.25340000,-85.71342000
9.78515625,-99.45206000,-78.52546000
9.78576660,-97.10947000,-74.08673000
9.78637695,-98.17371000,-74.98031000
9.78698730,-97.71413000,-80.70274000
9.78759766,-97.80216000,-73.52556000
9.78820801,-95.78493000,-72.54646000
9.78881836,-95.72956000,-78.68295000
9.78942871,-111.83560000,-80.59062000
9.79003906,-116.38100000,-73.15993000
9.79064941,-103.30040000,-76.03362000
9.79125977,-93.81752000,-76.98419000
9.79187012,-84.97063000,-76.76254000
9.79248047,-85.01690000,-71.66400000
9.79309082,-90.64902000,-68.53711000
9.79370117,-100.69320000,-67.52376000
9.79431152,-89.97565000,-67.41876000
9.79492188,-86.39828000,-72.19215000
9.79553223,-87.41612000,-82.83898000
9.79614258,-94.40968000,-79.14307000
9.79675293,-104.04760000,-72.23786000
9.79736328,-102.77510000,-67.39761000
9.79797363,-98.77494000,-65.61357000
9.79858398,-102.62340000,-67.42659000
9.79919434,-98.16245000,-80.46416000
9.79980469,-109.81140000,-74.57266000
9.80041504,-94.98820000,-78.97598000
9.80102539,-94.54094000,-80.24853000
9.80163574,-88.70412000,-76.38457000
9.80224609,-90.83451000,-77.08846000
9.80285645,-91.89633000,-82.69195000
9.80346680,-89.62860000,-85.26112000
9.80407715,-93.90364000,-81.15654000
9.80468750,-95.21910000,-82.21528000
9.80529785,-92.93961000,-79.40858000
9.80590820,-89.96143000,-74.55504000
9.80651855,-89.07416000,-70.68618000
9.80712891,-101.40040000,-68.60828000
9.80773926,-93.66164000,-73.27061000
9.80834961,-93.76427000,-82.21678000
9.80895996,-107.26870000,-76.78432000
9.80957031,-96.53719000,-80.83092000
9.81018066,-92.38048000,-73.54024000
9.81079102,-97.21958000,-74.55104000
9.81140137,-98.04369000,-80.86704000
9.81201172,-104.08900000,-75.70184000
9.81262207,-95.58383000,-70.57034000
9.81323242,-90.47295000,-72.11854000
9.81384277,-88.25108000,-76.04865000
9.81445313,-95.65440000,-78.79095000
9.81506348,-91.97105000,-76.81191000
9.81567383,-87.13536000,-80.11032000
9.81628418,-85.34109000,-74.44625000
9.81689453,-76.26548000,-72.82848000
9.81750488,-71.49743000,-75.02232000
9.81811523,-74.79657000,-90.84503000
9.81872559,-85.24181000,-81.47639000
9.81933594,-95.66674000,-84.34256000
9.81994629,-103.15750000,-73.48828000
9.82055664,-98.19817000,-81.82928000
9.82116699,-92.06066000,-74.36688000
9.82177734,-92.16058000,-74.03397000
9.82238770,-98.70377000,-71.73988000
9.82299805,-95.89599000,-72.34801000
9.82360840,-87.44156000,-72.22652000
9.82421875,-85.42001000,-70.95145000
9.82482910,-86.86173000,-69.90170000
9.82543945,-92.02492000,-68.68781000
9.82604980,-98.64436000,-69.04389000
9.82666016,-93.26638000,-69.74129000
9.82727051,-92.47606000,-69.02325000
9.82788086,-94.17325000,-66.51742000
9.82849121,-94.46647000,-65.84565000
9.82910156,-99.40572000,-69.95170000
9.82971191,-91.99683000,-77.95029000
9.83032227,-95.30695000,-79.64150000
9.83093262,-98.95653000,-75.49900000
9.83154297,-90.85492000,-75.15604000
9.83215332,-89.85625000,-76.16998000
9.83276367,-95.31622000,-77.20812000
9.83337402,-91.47922000,-82.60368000
9.83398438,-88.85532000,-81.05068000
9.83459473,-89.55952000,-72.60402000
9.83520508,-89.37402000,-70.80527000
9.83581543,-90.31119000,-75.27854000
9.83642578,-88.53394000,-77.24197000
9.83703613,-85.87815000,-79.36677000
9.83764648,-88.77901000,-78.83743000
9.83825684,-99.20467000,-78.82079000
9.83886719,-97.52525000,-74.71710000
9.83947754,-98.63571000,-77.71391000
9.84008789,-98.07820000,-69.90845000
9.84069824,-89.17914000,-67.43712000
9.84130859,-88.94965000,-67.91624000
9.84191895,-94.66445000,-69.83743000
9.84252930,-104.70820000,-72.53808000
9.84313965,-101.82070000,-71.55635000
9.84375000,-98.50918000,-72.27812000
9.84436035,-90.70655000,-74.09282000
9.84497070,-88.36342000,-77.01431000
9.84558105,-90.58684000,-74.64983000
9.84619141,-93.53441000,-74.36025000
9.84680176,-97.77856000,-81.26476000
9.84741211,-93.99483000,-73.12587000
9.84802246,-89.33340000,-65.85726000
9.84863281,-91.41548000,-67.05772000
9.84924316,-100.87890000,-70.84312000
9.84985352,-97.40223000,-71.69635000
9.85046387,-95.52295000,-72.98296000
9.85107422,-104.43190000,-72.84148000
9.85168457,-115.01590000,-71.77252000
9.85229492,-101.42230000,-73.21144000
9.85290527,-96.58902000,-78.44347000
9.85351563,-96.82326000,-76.54946000
9.85412598,-95.14241000,-81.45445000
9.85473633,-93.83935000,-77.62896000
9.85534668,-97.81897000,-71.51466000
9.85595703,-106.81830000,-69.56310000
9.85656738,-92.91246000,-73.11557000
9.85717773,-95.12927000,-84.51878000
9.85778809,-93.33434000,-79.06770000
9.85839844,-90.70061000,-83.40875000
9.85900879,-91.88370000,-73.29344000
9.85961914,-93.85825000,-68.13172000
9.86022949,-91.95399000,-67.10039000
9.86083984,-94.71523000,-71.54459000
9.86145020,-87.18803000,-74.83603000
9.86206055,-89.37455000,-73.39685000
9.86267090,-91.04890000,-68.45736000
9.86328125,-86.76067000,-68.95727000
9.86389160,-90.81158000,-78.48968000
9.86450195,-100.88680000,-83.08461000
9.86511230,-106.80110000,-79.79495000
9.86572266,-101.16440000,-78.80696000
9.86633301,-93.24551000,-73.56190000
9.86694336,-91.25062000,-74.04822000
9.86755371,-95.00662000,-77.36038000
9.86816406,-89.68759000,-74.84865000
9.86877441,-91.17641000,-76.43062000
9.86938477,-96.54987000,-86.59988000
9.86999512,-100.41280000,-82.44439000
9.87060547,-95.92666000,-75.02973000
9.87121582,-92.55109000,-76.99557000
9.87182617,-91.09597000,-92.80373000
9.87243652,-96.54477000,-87.20600000
9.87304688,-98.78871000,-77.46635000
9.87365723,-96.87000000,-71.89935000
9.87426758,-96.59419000,-70.13339000
9.87487793,-96.47647000,-72.32428000
9.87548828,-92.04355000,-80.98912000
9.87609863,-88.46460000,-76.42494000
9.87670898,-89.54436000,-76.42603000
9.87731934,-89.39296000,-76.18388000
9.87792969,-92.02325000,-83.00091000
9.87854004,-102.61760000,-85.62572000
9.87915039,-93.21426000,-77.52000000
9.87976074,-90.04834000,-72.91975000
9.88037109,-96.64763000,-71.57146000
9.88098145,-86.95000000,-78.78593000
9.88159180,-83.63512000,-95.21815000
9.88220215,-78.26720000,-77.20438000
9.88281250,-78.09440000,-72.55156000
9.88342285,-84.15844000,-71.25435000
9.88403320,-88.61847000,-70.32022000
9.88464355,-91.13196000,-72.52669000
9.88525391,-95.68793000,-77.41432000
9.88586426,-95.99648000,-78.02885000
9.88647461,-94.81212000,-73.75259000
9.88708496,-96.97265000,-72.75574000
9.88769531,-111.12100000,-74.54623000
9.88830566,-97.19292000,-73.40484000
9.88891602,-93.71883000,-73.25040000
9.88952637,-92.09006000,-71.69424000
9.89013672,-93.69817000,-68.11303000
9.89074707,-96.93543000,-70.93366000
9.89135742,-90.72006000,-75.62062000
9.89196777,-87.27606000,-68.53866000
9.89257813,-87.94407000,-69.51865000
9.89318848,-94.70763000,-78.86420000
9.89379883,-95.83789000,-73.48056000
9.89440918,-95.80075000,-68.50652000
9.89501953,-97.55637000,-71.54095000
9.89562988,-98.17538000,-75.87933000
9.89624023,-98.09158000,-72.76950000
9.89685059,-93.73802000,-76.45765000
9.89746094,-92.18494000,-88.98291000
9.89807129,-95.75825000,-75.02933000
9.89868164,-102.97200000,-71.10745000
9.89929199,-93.36288000,-70.49823000
9.89990234,-88.05511000,-69.79051000
9.90051270,-94.75143000,-74.05205000
9.90112305,-91.55914000,-78.87601000
9.90173340,-94.96052000,-78.08966000
9.90234375,-101.15530000,-72.56323000
9.90295410,-96.01841000,-74.24194000
9.90356445,-94.45634000,-87.54202000
9.90417480,-90.25425000,-74.14980000
9.90478516,-92.50854000,-69.60838000
9.90539551,-100.65540000,-69.09683000
9.90600586,-97.32881000,-74.57419000
9.90661621,-95.52810000,-81.79137000
9.90722656,-95.33620000,-69.16487000
9.90783691,-91.16075000,-67.29001000
9.90844727,-91.65385000,-71.05590000
9.90905762,-90.18301000,-78.83694000
9.90966797,-91.67323000,-78.30775000
9.91027832,-90.75143000,-75.12954000
9.91088867,-90.48812000,-73.77745000
9.91149902,-92.52971000,-82.25814000
9.91210938,-91.96831000,-83.56419000
9.91271973,-89.52476000,-78.31717000
9.91333008,-91.70009000,-74.47387000
9.91394043,-93.58176000,-74.68932000
9.91455078,-89.92921000,-74.14944000
9.91516113,-93.63426000,-74.43896000
9.91577148,-103.13750000,-83.97821000
9.91638184,-96.76607000,-71.25137000
9.91699219,-93.90074000,-69.00054000
9.91760254,-88.67928000,-74.44960000
9.91821289,-87.44297000,-76.72610000
9.91882324,-89.84177000,-72.41920000
9.91943359,-93.15845000,-73.47499000
9.92004395,-86.87568000,-77.33080000
9.92065430,-86.60381000,-73.83633000
9.92126465,-89.77409000,-75.23536000
9.92187500,-90.31265000,-76.11911000
9.92248535,-87.46911000,-73.78123000
9.92309570,-88.79924000,-73.50635000
9.92370605,-94.66447000,-77.33781000
9.92431641,-101.14100000,-79.78168000
9.92492676,-98.20214000,-67.64855000
9.92553711,-91.12999000,-64.72803000
9.92614746,-90.97534000,-68.49657000
9.92675781,-97.79789000,-82.38880000
9.92736816,-95.60741000,-81.18842000
9.92797852,-89.05160000,-75.75417000
9.92858887,-90.01488000,-78.65264000
9.92919922,-100.19470000,-83.85295000
9.92980957,-88.49071000,-85.84125000
9.93041992,-83.55835000,-85.84573000
9.93103027,-86.14226000,-79.51690000
9.93164063,-92.83130000,-80.88027000
9.93225098,-92.39582000,-82.31209000
9.93286133,-92.38747000,-81.43424000
9.93347168,-95.86956000,-82.07388000
9.93408203,-97.39532000,-68.22118000
9.93469238,-97.92918000,-65.45965000
9.93530273,-104.80050000,-68.76413000
9.93591309,-89.97725000,-73.25664000
9.93652344,-85.25700000,-76.37976000
9.93713379,-83.45513000,-78.31311000
9.93774414,-86.95747000,-71.82967000
9.93835449,-99.98635000,-69.16467000
9.93896484,-93.65529000,-75.26138000
9.93957520,-101.87510000,-76.35617000
9.94018555,-88.58789000,-74.07274000
9.94079590,-87.02705000,-73.94897000
9.94140625,-90.22538000,-76.82520000
9.94201660,-92.92855000,-82.60860000
9.94262695,-89.78191000,-80.63782000
9.94323730,-87.72025000,-73.96628000
9.94384766,-90.99694000,-73.95047000
9.94445801,-98.34822000,-77.94084000
9.94506836,-91.92529000,-80.26816000
9.94567871,-94.04327000,-75.45604000
9.94628906,-95.45261000,-78.77481000
9.94689941,-87.19680000,-75.16254000
9.94750977,-86.11409000,-71.60117000
9.94812012,-86.73522000,-76.86037000
9.94873047,-88.08037000,-79.85255000
9.94934082,-90.28453000,-76.08013000
9.94995117,-95.96190000,-90.93818000
9.95056152,-101.55350000,-76.42274000
9.95117188,-101.70950000,-73.14170000
9.95178223,-108.61220000,-71.99744000
9.95239258,-99.83913000,-71.17516000
9.95300293,-93.59951000,-78.47871000
9.95361328,-93.94649000,-89.24803000
9.95422363,-93.88802000,-80.51441000
9.95483398,-93.51175000,-80.74574000
9.95544434,-93.39997000,-71.97293000
9.95605469,-91.93887000,-68.13824000
9.95666504,-96.14037000,-68.06854000
9.95727539,-93.67443000,-68.19500000
9.95788574,-90.36322000,-66.43840000
9.95849609,-88.18269000,-68.72369000
9.95910645,-84.89203000,-70.43745000
9.95971680,-85.25874000,-67.44344000
9.96032715,-93.64796000,-70.36092000
9.96093750,-92.19154000,-83.74451000
9.96154785,-84.94137000,-81.91016000
9.96215820,-84.36810000,-76.12832000
9.96276855,-85.87686000,-79.19835000
9.96337891,-90.56215000,-74.56496000
9.96398926,-95.14507000,-71.08575000
9.96459961,-91.49281000,-67.99812000
9.96520996,-88.53184000,-68.66454000
9.96582031,-92.11716000,-78.15712000
9.96643066,-97.26373000,-74.01357000
9.96704102,-86.40868000,-71.62718000
9.96765137,-83.63951000,-75.06223000
9.96826172,-86.68465000,-81.88275000
9.96887207,-97.54165000,-78.63503000
9.96948242,-90.78429000,-71.59835000
9.97009277,-89.16152000,-69.81546000
9.97070313,-95.54913000,-72.00250000
9.97131348,-95.41689000,-77.78709000
9.97192383,-97.32300000,-73.97556000
9.97253418,-104.13990000,-70.90504000
9.97314453,-101.67510000,-69.56284000
9.97375488,-93.79271000,-68.10852000
9.97436523,-93.80337000,-66.47025000
9.97497559,-99.16628000,-65.86814000
9.97558594,-94.57462000,-65.78161000
9.97619629,-88.06287000,-67.05529000
9.97680664,-84.79287000,-73.50381000
9.97741699,-86.40598000,-79.79037000
9.97802734,-88.69937000,-76.05202000
9.97863770,-89.94720000,-79.73838000
9.97924805,-94.56429000,-70.82054000
9.97985840,-103.62490000,-66.56933000
9.98046875,-95.03432000,-71.52129000
9.98107910,-95.26083000,-88.95875000
9.98168945,-89.88155000,-78.65379000
9.98229980,-82.66868000,-73.50239000
9.98291016,-84.22507000,-82.17355000
9.98352051,-96.69480000,-69.46664000
9.98413086,-100.31430000,-67.80733000
9.98474121,-97.16515000,-74.19484000
9.98535156,-96.05948000,-79.92537000
9.98596191,-100.56890000,-75.00792000
9.98657227,-102.69110000,-79.77782000
9.98718262,-100.84050000,-74.36533000
9.98779297,-107.40410000,-69.00259000
9.98840332,-93.53341000,-69.09567000
9.98901367,-88.43803000,-72.86897000
9.98962402,-90.02975000,-86.20883000
9.99023438,-96.03720000,-74.42109000
9.99084473,-91.92596000,-72.54353000
9.99145508,-92.60742000,-71.69850000
9.99206543,-95.46741000,-77.77193000
9.99267578,-95.30803000,-72.54527000
9.99328613,-106.01740000,-69.44917000
9.99389648,-96.31900000,-75.71117000
9.99450684,-93.98312000,-79.43507000
9.99511719,-93.76751000,-75.89477000
9.99572754,-89.76245000,-84.33914000
9.99633789,-88.57654000,-97.77012000
9.99694824,-91.86009000,-81.59966000
9.99755859,-93.16133000,-76.02657000
9.99816895,-94.94675000,-71.69518000
9.99877930,-93.89416000,-70.56829000
9.99938965,-91.94995000,-70.17789000
