Frequency,Channel B,Channel D
(kHz),(dBu),(dBu)

0.00000000,-39.36835000,-11.05392000
0.00061035,-46.88141000,-18.57383000
0.00122070,-63.09307000,-34.75039000
0.00183105,-71.77020000,-47.85166000
0.00244141,-77.71266000,-56.74382000
0.00305176,-79.70618000,-56.28751000
0.00366211,-81.16492000,-59.35314000
0.00427246,-75.63210000,-53.88634000
0.00488281,-74.88787000,-52.43987000
0.00549316,-77.34425000,-54.05964000
0.00610352,-81.47432000,-59.27785000
0.00671387,-87.04187000,-65.27685000
0.00732422,-88.35662000,-64.52686000
0.00793457,-99.91638000,-63.79595000
0.00854492,-92.88194000,-66.35345000
0.00915527,-86.02493000,-71.25705000
0.00976563,-84.58646000,-62.52354000
0.01037598,-88.44223000,-74.93806000
0.01098633,-79.60116000,-56.59051000
0.01159668,-78.36910000,-54.80189000
0.01220703,-83.00460000,-57.78156000
0.01281738,-88.12105000,-62.93165000
0.01342773,-85.55297000,-61.91525000
0.01403809,-77.96773000,-54.05581000
0.01464844,-80.19756000,-57.71454000
0.01525879,-89.10679000,-61.72656000
0.01586914,-78.73093000,-53.82694000
0.01647949,-78.79162000,-55.19920000
0.01708984,-86.71046000,-67.30563000
0.01770020,-86.64111000,-74.74013000
0.01831055,-90.40648000,-61.26470000
0.01892090,-82.36907000,-57.13073000
0.01953125,-83.16056000,-57.13637000
0.02014160,-84.45641000,-58.73635000
0.02075195,-83.85878000,-65.51906000
0.02136230,-84.21909000,-70.71725000
0.02197266,-79.53494000,-55.73889000
0.02258301,-77.41296000,-52.77985000
0.02319336,-80.63574000,-56.15958000
0.02380371,-85.45058000,-60.52200000
0.02441406,-85.04475000,-60.32942000
0.02502441,-90.14194000,-72.31100000
0.02563477,-90.62878000,-65.66768000
0.02624512,-86.60605000,-62.62217000
0.02685547,-82.26279000,-64.44479000
0.02746582,-81.04059000,-56.46717000
0.02807617,-84.70058000,-64.33028000
0.02868652,-41.40932000,-17.46765000
0.02929688,-23.02622000,0.94285690
0.02990723,-17.08869000,6.88274300
0.03051758,-20.20865000,3.76286700
0.03112793,-33.97509000,-10.00506000
0.03173828,-78.59157000,-55.05354000
0.03234863,-79.44167000,-55.57930000
0.03295898,-87.29087000,-57.56527000
0.03356934,-77.99030000,-58.84237000
0.03417969,-78.98272000,-57.31104000
0.03479004,-77.68335000,-55.90432000
0.03540039,-83.79242000,-64.90541000
0.03601074,-83.64784000,-59.48000000
0.03662109,-82.14744000,-59.11337000
0.03723145,-86.27234000,-64.59534000
0.03784180,-90.74113000,-82.82906000
0.03845215,-92.68359000,-66.47628000
0.03906250,-89.44633000,-67.19032000
0.03967285,-83.43719000,-59.49521000
0.04028320,-88.47006000,-58.88444000
0.04089355,-87.71114000,-58.68230000
0.04150391,-84.29008000,-57.92133000
0.04211426,-81.85902000,-57.79522000
0.04272461,-82.56226000,-58.85275000
0.04333496,-79.11639000,-55.83084000
0.04394531,-77.96233000,-55.47990000
0.04455566,-81.27417000,-58.98222000
0.04516602,-86.47699000,-66.46550000
0.04577637,-82.44487000,-60.46449000
0.04638672,-79.71032000,-59.28646000
0.04699707,-83.47034000,-66.72811000
0.04760742,-94.42825000,-68.13316000
0.04821777,-90.38828000,-67.14140000
0.04882813,-66.37222000,-44.35698000
0.04943848,-51.27685000,-29.22487000
0.05004883,-47.60973000,-25.58742000
0.05065918,-53.06765000,-31.16481000
0.05126953,-71.22107000,-50.49475000
0.05187988,-86.89296000,-62.86801000
0.05249023,-82.08770000,-59.40700000
0.05310059,-82.33838000,-57.95464000
0.05371094,-86.29488000,-61.08698000
0.05432129,-95.91208000,-64.63103000
0.05493164,-88.88734000,-67.71187000
0.05554199,-83.71589000,-63.18289000
0.05615234,-84.33621000,-63.95659000
0.05676270,-84.58774000,-66.34634000
0.05737305,-83.15430000,-64.25231000
0.05798340,-90.20565000,-72.74107000
0.05859375,-85.96753000,-65.08006000
0.05920410,-82.48531000,-56.65916000
0.05981445,-73.99529000,-48.50153000
0.06042480,-76.14149000,-50.21286000
0.06103516,-95.14091000,-59.99002000
0.06164551,-101.21940000,-62.50605000
0.06225586,-82.87582000,-58.05858000
0.06286621,-80.20164000,-57.20307000
0.06347656,-82.39157000,-58.82178000
0.06408691,-82.96428000,-60.19444000
0.06469727,-82.04459000,-59.87280000
0.06530762,-90.12724000,-62.16491000
0.06591797,-85.65811000,-61.72143000
0.06652832,-85.46027000,-63.13717000
0.06713867,-93.53485000,-83.58562000
0.06774902,-89.61501000,-69.01488000
0.06835938,-89.00613000,-64.11316000
0.06896973,-84.10449000,-57.99850000
0.06958008,-81.30112000,-55.05951000
0.07019043,-85.17604000,-56.78799000
0.07080078,-102.87640000,-65.67345000
0.07141113,-95.19028000,-71.11656000
0.07202148,-86.01729000,-66.34149000
0.07263184,-89.14040000,-71.39388000
0.07324219,-90.09854000,-63.48351000
0.07385254,-84.91769000,-62.25605000
0.07446289,-87.26675000,-65.68522000
0.07507324,-90.99985000,-68.35404000
0.07568359,-100.75820000,-74.74381000
0.07629395,-88.28894000,-63.42888000
0.07690430,-86.37735000,-61.36341000
0.07751465,-88.43504000,-60.94976000
0.07812500,-90.47631000,-62.98618000
0.07873535,-96.61011000,-79.01344000
0.07934570,-87.47511000,-66.24093000
0.07995605,-84.76419000,-64.24490000
0.08056641,-87.01456000,-65.25416000
0.08117676,-92.58790000,-66.67362000
0.08178711,-90.87164000,-68.88017000
0.08239746,-84.69898000,-67.91739000
0.08300781,-87.58538000,-70.50099000
0.08361816,-87.78099000,-66.17147000
0.08422852,-81.76942000,-60.06019000
0.08483887,-81.84454000,-62.72177000
0.08544922,-86.87515000,-75.82107000
0.08605957,-95.49010000,-70.68354000
0.08666992,-88.59673000,-63.59726000
0.08728027,-93.25859000,-72.58707000
0.08789063,-87.47639000,-64.16625000
0.08850098,-86.84956000,-59.15774000
0.08911133,-60.59052000,-36.15769000
0.08972168,-51.45525000,-27.16795000
0.09033203,-51.81415000,-27.58266000
0.09094238,-61.64634000,-37.63085000
0.09155273,-86.51546000,-65.87856000
0.09216309,-90.05562000,-65.57277000
0.09277344,-88.39919000,-61.58451000
0.09338379,-92.85381000,-64.29533000
0.09399414,-87.34721000,-63.82996000
0.09460449,-88.90173000,-63.16629000
0.09521484,-89.08024000,-65.74539000
0.09582520,-100.78150000,-68.47384000
0.09643555,-87.72877000,-62.03144000
0.09704590,-85.16743000,-62.38260000
0.09765625,-87.42038000,-64.95114000
0.09826660,-85.49892000,-69.79056000
0.09887695,-90.45464000,-65.87081000
0.09948730,-85.77626000,-64.56941000
0.10009766,-83.40992000,-68.08422000
0.10070801,-91.76729000,-70.80861000
0.10131836,-88.79973000,-66.63046000
0.10192871,-90.64987000,-68.84587000
0.10253906,-88.96201000,-65.19072000
0.10314941,-90.32053000,-66.01688000
0.10375977,-95.62965000,-73.40470000
0.10437012,-92.06041000,-66.07948000
0.10498047,-87.09052000,-63.43084000
0.10559082,-91.13800000,-68.58497000
0.10620117,-92.85872000,-73.86568000
0.10681152,-91.92547000,-68.22368000
0.10742188,-98.43948000,-68.37401000
0.10803223,-90.67016000,-75.22169000
0.10864258,-89.66328000,-72.91505000
0.10925293,-87.63606000,-60.77257000
0.10986328,-82.40989000,-55.05641000
0.11047363,-83.61240000,-57.46557000
0.11108398,-90.54417000,-69.04479000
0.11169434,-88.68764000,-73.74070000
0.11230469,-98.28091000,-69.09548000
0.11291504,-92.39076000,-64.41693000
0.11352539,-92.88078000,-65.70565000
0.11413574,-102.12990000,-68.60162000
0.11474609,-98.90514000,-75.81299000
0.11535645,-95.73251000,-67.45509000
0.11596680,-96.98965000,-70.61790000
0.11657715,-90.91219000,-76.87622000
0.11718750,-88.89204000,-66.41569000
0.11779785,-83.23763000,-61.07500000
0.11840820,-81.37927000,-59.83125000
0.11901855,-83.28735000,-58.49510000
0.11962891,-71.06425000,-46.79829000
0.12023926,-69.84608000,-45.42170000
0.12084961,-77.09721000,-53.44040000
0.12145996,-88.01700000,-76.00310000
0.12207031,-101.95790000,-82.93983000
0.12268066,-98.35166000,-75.65820000
0.12329102,-92.60467000,-70.04211000
0.12390137,-94.36572000,-66.36491000
0.12451172,-105.17610000,-63.42863000
0.12512207,-99.46562000,-63.76265000
0.12573242,-97.09889000,-65.98931000
0.12634277,-97.02125000,-71.67098000
0.12695313,-91.35506000,-72.44907000
0.12756348,-90.99754000,-105.91780000
0.12817383,-108.46860000,-68.21356000
0.12878418,-95.01820000,-68.71240000
0.12939453,-83.23257000,-60.62229000
0.13000488,-79.21375000,-56.32272000
0.13061523,-83.71174000,-58.65297000
0.13122559,-89.46680000,-63.53769000
0.13183594,-83.80879000,-66.44944000
0.13244629,-82.32771000,-67.54426000
0.13305664,-85.70969000,-64.10483000
0.13366699,-87.16248000,-66.27386000
0.13427734,-88.38471000,-84.33349000
0.13488770,-94.27627000,-79.52245000
0.13549805,-95.50949000,-112.05900000
0.13610840,-99.00923000,-76.89333000
0.13671875,-91.68268000,-76.27314000
0.13732910,-87.07245000,-79.58990000
0.13793945,-90.34523000,-81.02093000
0.13854980,-94.91428000,-79.66811000
0.13916016,-88.36739000,-78.81425000
0.13977051,-90.85237000,-69.57884000
0.14038086,-97.24300000,-68.74503000
0.14099121,-106.74450000,-73.95540000
0.14160156,-97.34581000,-70.82000000
0.14221191,-98.52155000,-74.44066000
0.14282227,-100.43950000,-76.60152000
0.14343262,-96.15093000,-67.92109000
0.14404297,-90.26431000,-64.39005000
0.14465332,-88.53120000,-66.17065000
0.14526367,-91.51536000,-75.03751000
0.14587402,-99.95154000,-77.78101000
0.14648438,-107.50850000,-78.86446000
0.14709473,-90.09569000,-73.98867000
0.14770508,-88.96923000,-70.08727000
0.14831543,-96.49239000,-67.79356000
0.14892578,-72.31593000,-47.18121000
0.14953613,-58.97208000,-34.83993000
0.15014648,-56.38893000,-32.51463000
0.15075684,-62.91302000,-39.28727000
0.15136719,-81.87340000,-58.40184000
0.15197754,-91.42789000,-72.17418000
0.15258789,-91.93625000,-69.24717000
0.15319824,-100.28700000,-65.12885000
0.15380859,-99.68337000,-66.65144000
0.15441895,-95.39568000,-73.18599000
0.15502930,-91.92035000,-79.78625000
0.15563965,-92.62392000,-70.77393000
0.15625000,-99.78504000,-70.69098000
0.15686035,-97.26184000,-71.99228000
0.15747070,-91.69995000,-73.78293000
0.15808105,-90.42906000,-74.83474000
0.15869141,-96.73333000,-79.87917000
0.15930176,-95.17761000,-79.25626000
0.15991211,-109.13520000,-78.71672000
0.16052246,-90.78544000,-73.06409000
0.16113281,-85.14088000,-67.06851000
0.16174316,-86.70718000,-66.23354000
0.16235352,-89.26411000,-65.28304000
0.16296387,-91.63838000,-66.54253000
0.16357422,-91.70398000,-77.31095000
0.16418457,-90.79513000,-76.29819000
0.16479492,-93.43391000,-74.48170000
0.16540527,-93.86967000,-75.45736000
0.16601563,-92.47497000,-76.80528000
0.16662598,-91.45972000,-78.89635000
0.16723633,-97.67459000,-87.08211000
0.16784668,-107.52880000,-88.40073000
0.16845703,-93.48637000,-73.91948000
0.16906738,-85.48516000,-62.89284000
0.16967773,-81.11481000,-54.21268000
0.17028809,-84.47166000,-53.90996000
0.17089844,-106.40170000,-63.03519000
0.17150879,-98.18997000,-72.44435000
0.17211914,-94.07566000,-69.44608000
0.17272949,-94.09650000,-70.68456000
0.17333984,-90.55885000,-68.59667000
0.17395020,-94.44044000,-67.15871000
0.17456055,-90.22113000,-68.51102000
0.17517090,-93.34991000,-71.60808000
0.17578125,-91.42471000,-74.85328000
0.17639160,-86.07191000,-72.19054000
0.17700195,-86.62259000,-70.59619000
0.17761230,-94.83176000,-69.60571000
0.17822266,-92.10742000,-69.71819000
0.17883301,-83.30408000,-65.57743000
0.17944336,-75.23802000,-52.87073000
0.18005371,-72.26453000,-49.29506000
0.18066406,-77.46522000,-54.58213000
0.18127441,-94.45815000,-69.18440000
0.18188477,-94.62050000,-70.02143000
0.18249512,-97.20697000,-68.87520000
0.18310547,-101.67660000,-71.02390000
0.18371582,-91.28014000,-75.55078000
0.18432617,-90.76730000,-75.52282000
0.18493652,-97.99890000,-77.32143000
0.18554688,-96.52760000,-70.12889000
0.18615723,-92.16335000,-67.04321000
0.18676758,-93.57693000,-69.23041000
0.18737793,-106.48450000,-72.80267000
0.18798828,-90.45509000,-67.25712000
0.18859863,-91.90446000,-66.79047000
0.18920898,-90.47246000,-64.55916000
0.18981934,-82.85439000,-58.86495000
0.19042969,-83.64510000,-59.27735000
0.19104004,-93.30731000,-66.24483000
0.19165039,-94.47392000,-74.83946000
0.19226074,-94.96555000,-76.64880000
0.19287109,-99.79104000,-77.88938000
0.19348145,-98.00858000,-82.20139000
0.19409180,-89.61582000,-97.74261000
0.19470215,-89.93969000,-75.86711000
0.19531250,-97.21421000,-70.95385000
0.19592285,-90.29649000,-68.42185000
0.19653320,-91.39874000,-66.04036000
0.19714355,-104.40250000,-65.72275000
0.19775391,-90.50187000,-71.33968000
0.19836426,-88.16531000,-83.14563000
0.19897461,-88.12993000,-73.23678000
0.19958496,-85.31668000,-70.70097000
0.20019531,-87.91588000,-67.96889000
0.20080566,-92.35553000,-68.28950000
0.20141602,-94.90115000,-69.91241000
0.20202637,-91.96290000,-76.19117000
0.20263672,-84.32771000,-88.44338000
0.20324707,-85.57725000,-79.40312000
0.20385742,-87.95630000,-69.50384000
0.20446777,-85.48688000,-65.63188000
0.20507813,-86.07346000,-68.75398000
0.20568848,-87.74555000,-77.88191000
0.20629883,-86.67801000,-84.90197000
0.20690918,-87.98424000,-75.58718000
0.20751953,-93.24601000,-77.23870000
0.20812988,-104.35910000,-78.82835000
0.20874023,-84.15971000,-59.76797000
0.20935059,-66.17896000,-42.33931000
0.20996094,-60.83299000,-37.24064000
0.21057129,-64.54070000,-41.18810000
0.21118164,-78.05846000,-56.81097000
0.21179199,-97.02451000,-68.69494000
0.21240234,-97.18437000,-68.50417000
0.21301270,-101.39470000,-74.28321000
0.21362305,-96.12086000,-73.57045000
0.21423340,-96.53718000,-76.00928000
0.21484375,-88.62953000,-77.46326000
0.21545410,-89.11846000,-71.92783000
0.21606445,-97.80653000,-68.88573000
0.21667480,-101.78120000,-68.76084000
0.21728516,-95.43518000,-70.10686000
0.21789551,-89.19284000,-72.31073000
0.21850586,-90.28568000,-69.08096000
0.21911621,-93.46362000,-66.26720000
0.21972656,-97.25282000,-65.72548000
0.22033691,-93.13409000,-70.66001000
0.22094727,-87.63676000,-84.82208000
0.22155762,-85.57189000,-75.55590000
0.22216797,-84.93884000,-76.98444000
0.22277832,-88.32298000,-77.12464000
0.22338867,-99.89037000,-74.16227000
0.22399902,-115.30230000,-70.52528000
0.22460938,-94.40357000,-69.75739000
0.22521973,-90.09228000,-71.28246000
0.22583008,-89.79669000,-70.14478000
0.22644043,-94.27024000,-68.35632000
0.22705078,-95.23377000,-66.21367000
0.22766113,-90.76152000,-67.47382000
0.22827148,-89.92222000,-77.39409000
0.22888184,-87.70816000,-80.29173000
0.22949219,-84.60709000,-61.25559000
0.23010254,-85.96554000,-58.15517000
0.23071289,-90.48215000,-64.78879000
0.23132324,-88.48747000,-67.66612000
0.23193359,-86.02131000,-65.70796000
0.23254395,-86.58311000,-68.29778000
0.23315430,-97.54675000,-72.08435000
0.23376465,-94.20836000,-71.24071000
0.23437500,-93.73299000,-70.60014000
0.23498535,-100.41990000,-77.62213000
0.23559570,-103.51200000,-84.40456000
0.23620605,-99.83142000,-76.94953000
0.23681641,-104.07940000,-67.89585000
0.23742676,-91.49623000,-70.79230000
0.23803711,-88.93075000,-75.49321000
0.23864746,-96.18862000,-69.55585000
0.23925781,-78.18640000,-55.25189000
0.23986816,-72.30863000,-49.26456000
0.24047852,-74.65285000,-52.14425000
0.24108887,-86.41628000,-66.75208000
0.24169922,-101.98850000,-79.33495000
0.24230957,-101.08450000,-73.54222000
0.24291992,-107.54240000,-67.90885000
0.24353027,-99.29677000,-69.55106000
0.24414063,-113.36730000,-78.66853000
0.24475098,-105.40770000,-82.00900000
0.24536133,-100.53870000,-74.54789000
0.24597168,-95.82739000,-69.91359000
0.24658203,-98.93079000,-75.09913000
0.24719238,-96.77879000,-76.78069000
0.24780273,-90.00288000,-71.22659000
0.24841309,-90.78093000,-70.44517000
0.24902344,-86.82008000,-66.88770000
0.24963379,-80.57816000,-60.70233000
0.25024414,-81.34705000,-59.93290000
0.25085449,-86.10657000,-67.65102000
0.25146484,-87.22640000,-81.92802000
0.25207520,-92.25475000,-81.29177000
0.25268555,-94.96349000,-72.68320000
0.25329590,-88.19183000,-76.17616000
0.25390625,-90.03160000,-73.07307000
0.25451660,-106.95370000,-72.21758000
0.25512695,-92.25871000,-71.76443000
0.25573730,-91.34566000,-83.65582000
0.25634766,-97.44566000,-70.42403000
0.25695801,-92.91368000,-72.23183000
0.25756836,-95.00594000,-74.58068000
0.25817871,-93.72339000,-74.61726000
0.25878906,-105.56040000,-70.74168000
0.25939941,-94.10812000,-73.86819000
0.26000977,-94.56066000,-76.61710000
0.26062012,-104.30590000,-74.45023000
0.26123047,-96.19393000,-72.02080000
0.26184082,-93.27322000,-68.73935000
0.26245117,-95.76888000,-73.06348000
0.26306152,-114.64820000,-78.14275000
0.26367188,-97.66499000,-77.06074000
0.26428223,-89.26170000,-84.26749000
0.26489258,-86.63387000,-78.94327000
0.26550293,-87.02589000,-97.39497000
0.26611328,-89.99848000,-74.37941000
0.26672363,-95.04996000,-69.15788000
0.26733398,-105.07780000,-68.06317000
0.26794434,-92.33896000,-71.77064000
0.26855469,-83.81912000,-69.13705000
0.26916504,-70.73894000,-49.23260000
0.26977539,-64.25346000,-41.29532000
0.27038574,-66.22773000,-42.45610000
0.27099609,-79.93954000,-52.54842000
0.27160645,-87.72162000,-67.88189000
0.27221680,-94.77824000,-78.80264000
0.27282715,-99.01501000,-73.44071000
0.27343750,-91.93544000,-67.06927000
0.27404785,-93.47935000,-69.07188000
0.27465820,-89.04948000,-73.17584000
0.27526855,-88.06470000,-75.95776000
0.27587891,-92.60662000,-80.73810000
0.27648926,-93.18999000,-81.49583000
0.27709961,-92.93824000,-77.42463000
0.27770996,-95.43629000,-72.77150000
0.27832031,-93.34789000,-73.05145000
0.27893066,-99.52919000,-71.58061000
0.27954102,-96.38634000,-67.23644000
0.28015137,-94.67606000,-67.59891000
0.28076172,-90.01746000,-76.79590000
0.28137207,-89.92654000,-75.09473000
0.28198242,-90.94761000,-82.56790000
0.28259277,-92.77589000,-83.71957000
0.28320313,-92.82925000,-77.72672000
0.28381348,-89.32767000,-84.16544000
0.28442383,-88.60978000,-72.91000000
0.28503418,-92.91187000,-71.51582000
0.28564453,-101.41820000,-71.87068000
0.28625488,-103.10920000,-75.39414000
0.28686523,-100.19430000,-74.33740000
0.28747559,-99.73161000,-73.81804000
0.28808594,-95.44423000,-76.29808000
0.28869629,-90.72697000,-83.01002000
0.28930664,-87.01682000,-62.43008000
0.28991699,-84.18641000,-56.45280000
0.29052734,-86.69753000,-58.98953000
0.29113770,-97.16524000,-69.02936000
0.29174805,-98.57478000,-73.84104000
0.29235840,-91.97234000,-72.17026000
0.29296875,-90.69975000,-74.60184000
0.29357910,-90.18489000,-75.25666000
0.29418945,-88.82979000,-70.49734000
0.29479980,-90.35697000,-69.09324000
0.29541016,-91.07683000,-67.08908000
0.29602051,-87.21874000,-72.47642000
0.29663086,-93.00385000,-81.65036000
0.29724121,-102.96970000,-73.69952000
0.29785156,-102.05270000,-77.30318000
0.29846191,-101.79910000,-82.16160000
0.29907227,-84.00513000,-61.23895000
0.29968262,-75.00236000,-51.57978000
0.30029297,-74.56588000,-51.63036000
0.30090332,-81.41904000,-61.77771000
0.30151367,-90.60233000,-76.95458000
0.30212402,-94.29701000,-105.24500000
0.30273438,-88.23955000,-82.44640000
0.30334473,-89.12975000,-80.58282000
0.30395508,-91.54796000,-79.04580000
0.30456543,-90.78675000,-73.75536000
0.30517578,-91.75709000,-68.83659000
0.30578613,-93.11041000,-71.67846000
0.30639648,-92.28248000,-84.76849000
0.30700684,-89.11637000,-75.18113000
0.30761719,-87.68071000,-71.69583000
0.30822754,-86.77838000,-70.95078000
0.30883789,-86.41275000,-70.34506000
0.30944824,-85.43702000,-66.38722000
0.31005859,-81.86057000,-61.55037000
0.31066895,-83.99967000,-66.03800000
0.31127930,-88.19343000,-82.82927000
0.31188965,-89.32736000,-77.09554000
0.31250000,-96.05437000,-73.64514000
0.31311035,-115.15740000,-71.28373000
0.31372070,-96.78069000,-69.50308000
0.31433105,-91.60139000,-72.07990000
0.31494141,-96.10016000,-78.35625000
0.31555176,-103.38310000,-80.01811000
0.31616211,-101.20740000,-79.84846000
0.31677246,-97.48590000,-79.01424000
0.31738281,-94.89509000,-73.80139000
0.31799316,-98.17848000,-76.62173000
0.31860352,-98.93548000,-77.47979000
0.31921387,-92.57190000,-76.73844000
0.31982422,-88.03955000,-68.77076000
0.32043457,-90.63941000,-69.92961000
0.32104492,-92.45751000,-77.56212000
0.32165527,-96.09088000,-73.36200000
0.32226563,-95.22849000,-74.51651000
0.32287598,-106.18020000,-72.20334000
0.32348633,-98.61256000,-71.41044000
0.32409668,-88.22827000,-80.03445000
0.32470703,-90.08929000,-71.01398000
0.32531738,-101.53560000,-73.38649000
0.32592773,-92.77793000,-74.99203000
0.32653809,-92.74364000,-69.36060000
0.32714844,-91.90475000,-68.88833000
0.32775879,-93.78640000,-71.80256000
0.32836914,-93.37968000,-74.25885000
0.32897949,-79.90662000,-56.69806000
0.32958984,-68.97187000,-45.76017000
0.33020020,-67.78763000,-44.49390000
0.33081055,-75.07821000,-52.34276000
0.33142090,-87.26666000,-70.64844000
0.33203125,-92.94727000,-79.94838000
0.33264160,-99.82227000,-74.15358000
0.33325195,-92.70710000,-71.93730000
0.33386230,-89.16653000,-74.93832000
0.33447266,-92.74227000,-75.72559000
0.33508301,-96.64781000,-77.07407000
0.33569336,-91.74217000,-75.35438000
0.33630371,-92.79495000,-72.96962000
0.33691406,-101.46880000,-71.67489000
0.33752441,-91.27541000,-71.22024000
0.33813477,-90.83228000,-70.60284000
0.33874512,-94.63828000,-77.76954000
0.33935547,-107.03670000,-73.41893000
0.33996582,-94.10049000,-67.27840000
0.34057617,-96.54061000,-69.89258000
0.34118652,-105.04210000,-77.30074000
0.34179688,-97.57310000,-86.96602000
0.34240723,-93.13655000,-75.35201000
0.34301758,-111.44750000,-81.48360000
0.34362793,-92.82249000,-82.63065000
0.34423828,-91.91466000,-76.17141000
0.34484863,-89.43227000,-78.47957000
0.34545898,-87.73087000,-74.46560000
0.34606934,-88.33904000,-71.04819000
0.34667969,-90.85557000,-72.78485000
0.34729004,-93.60468000,-81.69524000
0.34790039,-93.65976000,-79.58652000
0.34851074,-90.88219000,-74.19844000
0.34912109,-82.96684000,-76.27330000
0.34973145,-81.13036000,-65.70454000
0.35034180,-87.58498000,-64.93828000
0.35095215,-106.76620000,-69.39263000
0.35156250,-95.48831000,-76.53039000
0.35217285,-88.73714000,-77.56410000
0.35278320,-89.92219000,-84.52072000
0.35339355,-99.35952000,-77.27208000
0.35400391,-100.58900000,-74.79184000
0.35461426,-95.30452000,-72.11536000
0.35522461,-95.72368000,-73.33490000
0.35583496,-86.29615000,-70.49939000
0.35644531,-84.39192000,-67.63143000
0.35705566,-92.67154000,-69.11929000
0.35766602,-97.02068000,-76.60119000
0.35827637,-95.93221000,-76.50521000
0.35888672,-98.76340000,-65.78812000
0.35949707,-82.56684000,-54.54826000
0.36010742,-78.12079000,-51.80235000
0.36071777,-83.31295000,-57.51246000
0.36132813,-91.28845000,-72.19499000
0.36193848,-91.34009000,-75.17410000
0.36254883,-92.63937000,-70.43056000
0.36315918,-93.25504000,-73.59180000
0.36376953,-92.38084000,-80.81618000
0.36437988,-92.13416000,-76.92623000
0.36499023,-109.47440000,-73.65778000
0.36560059,-93.06259000,-70.45350000
0.36621094,-93.31007000,-68.08821000
0.36682129,-93.56155000,-70.00996000
0.36743164,-96.71596000,-80.06637000
0.36804199,-92.81921000,-80.20889000
0.36865234,-91.05534000,-77.39528000
0.36926270,-87.84581000,-70.90991000
0.36987305,-84.00386000,-65.90347000
0.37048340,-85.35088000,-69.74467000
0.37109375,-90.96027000,-83.19804000
0.37170410,-91.27542000,-76.22527000
0.37231445,-90.15448000,-75.48804000
0.37292480,-93.25075000,-75.07489000
0.37353516,-100.39490000,-70.29688000
0.37414551,-94.53849000,-71.52165000
0.37475586,-90.19804000,-77.08570000
0.37536621,-88.14258000,-78.13421000
0.37597656,-90.83747000,-75.58733000
0.37658691,-91.86989000,-89.26141000
0.37719727,-89.92305000,-72.49132000
0.37780762,-105.68540000,-76.03201000
0.37841797,-107.65170000,-72.03126000
0.37902832,-90.91492000,-66.42876000
0.37963867,-86.45827000,-65.53378000
0.38024902,-89.91756000,-70.83909000
0.38085938,-94.53149000,-77.46283000
0.38146973,-94.85210000,-72.67622000
0.38208008,-97.84524000,-73.04382000
0.38269043,-104.96540000,-71.76041000
0.38330078,-93.33382000,-76.82914000
0.38391113,-94.76202000,-74.55943000
0.38452148,-94.37445000,-71.94493000
0.38513184,-90.78075000,-76.36033000
0.38574219,-95.56432000,-69.72127000
0.38635254,-96.72340000,-69.82382000
0.38696289,-102.90100000,-72.88141000
0.38757324,-93.75757000,-84.06572000
0.38818359,-88.59126000,-85.37878000
0.38879395,-79.48583000,-65.16622000
0.38940430,-67.11752000,-52.03062000
0.39001465,-64.17853000,-48.09615000
0.39062500,-69.89876000,-52.43971000
0.39123535,-84.61449000,-64.85213000
0.39184570,-93.20000000,-74.37096000
0.39245605,-92.91972000,-69.44122000
0.39306641,-87.57846000,-66.32920000
0.39367676,-85.83508000,-71.57153000
0.39428711,-86.78992000,-86.80725000
0.39489746,-87.24028000,-76.15548000
0.39550781,-87.97670000,-80.41367000
0.39611816,-88.67642000,-77.83191000
0.39672852,-90.56248000,-71.16794000
0.39733887,-90.65187000,-70.11198000
0.39794922,-96.96750000,-70.35576000
0.39855957,-96.80171000,-75.09676000
0.39916992,-97.78641000,-83.58735000
0.39978027,-96.77482000,-71.13152000
0.40039063,-94.16836000,-66.14109000
0.40100098,-97.01954000,-69.59107000
0.40161133,-94.77386000,-67.56089000
0.40222168,-91.94913000,-69.16879000
0.40283203,-89.91104000,-76.19229000
0.40344238,-88.00314000,-70.95844000
0.40405273,-88.63570000,-70.67609000
0.40466309,-88.91069000,-72.25900000
0.40527344,-89.45342000,-71.41573000
0.40588379,-94.81544000,-72.24753000
0.40649414,-93.70617000,-71.40341000
0.40710449,-91.65630000,-71.42542000
0.40771484,-88.39377000,-72.50819000
0.40832520,-88.56966000,-71.56236000
0.40893555,-94.95879000,-67.61157000
0.40954590,-103.57300000,-60.55437000
0.41015625,-103.79990000,-59.81274000
0.41076660,-106.72970000,-68.37560000
0.41137695,-98.15387000,-77.33618000
0.41198730,-95.93559000,-75.39040000
0.41259766,-94.69756000,-73.77986000
0.41320801,-95.08475000,-74.44800000
0.41381836,-92.70763000,-76.34399000
0.41442871,-88.64864000,-74.40156000
0.41503906,-89.40372000,-73.55379000
0.41564941,-101.36980000,-73.63476000
0.41625977,-94.38066000,-75.27379000
0.41687012,-92.58936000,-78.52374000
0.41748047,-98.30370000,-72.11383000
0.41809082,-95.87000000,-67.85834000
0.41870117,-100.21430000,-68.53519000
0.41931152,-84.56519000,-59.79167000
0.41992188,-78.19335000,-53.66342000
0.42053223,-81.53465000,-56.55720000
0.42114258,-91.59564000,-70.14837000
0.42175293,-99.18244000,-69.82343000
0.42236328,-103.46420000,-72.72537000
0.42297363,-94.67500000,-76.82258000
0.42358398,-96.16119000,-73.21857000
0.42419434,-88.92327000,-74.25066000
0.42480469,-91.70508000,-81.76373000
0.42541504,-97.38595000,-82.82917000
0.42602539,-91.12160000,-74.22835000
0.42663574,-93.94255000,-74.19518000
0.42724609,-88.99890000,-71.16765000
0.42785645,-90.56575000,-70.09766000
0.42846680,-101.28350000,-69.55197000
0.42907715,-92.82916000,-71.62811000
0.42968750,-88.98269000,-74.52926000
0.43029785,-90.63783000,-68.76346000
0.43090820,-96.41513000,-79.20729000
0.43151855,-92.23244000,-79.68871000
0.43212891,-89.24548000,-79.19017000
0.43273926,-91.44764000,-72.48164000
0.43334961,-97.75559000,-67.65855000
0.43395996,-107.24410000,-68.12628000
0.43457031,-95.24136000,-73.68054000
0.43518066,-87.12426000,-79.50690000
0.43579102,-87.02178000,-74.55883000
0.43640137,-90.97256000,-71.96489000
0.43701172,-95.17059000,-69.81071000
0.43762207,-96.22895000,-71.15082000
0.43823242,-102.56390000,-76.31348000
0.43884277,-92.72857000,-76.15176000
0.43945313,-89.99054000,-69.19604000
0.44006348,-89.64561000,-66.03889000
0.44067383,-97.92438000,-65.44798000
0.44128418,-96.97875000,-67.14727000
0.44189453,-91.50853000,-70.35671000
0.44250488,-88.79253000,-79.42429000
0.44311523,-86.64542000,-70.80521000
0.44372559,-84.58123000,-69.68779000
0.44433594,-85.07837000,-70.76785000
0.44494629,-90.11723000,-73.21359000
0.44555664,-93.45867000,-77.56474000
0.44616699,-89.29669000,-78.15106000
0.44677734,-88.04096000,-75.85017000
0.44738770,-87.92840000,-69.20847000
0.44799805,-88.20793000,-70.77216000
0.44860840,-87.60581000,-69.23094000
0.44921875,-76.98019000,-57.27132000
0.44982910,-71.24030000,-51.33134000
0.45043945,-73.65305000,-53.83706000
0.45104980,-84.16725000,-66.28023000
0.45166016,-92.98649000,-73.30489000
0.45227051,-95.44231000,-76.85034000
0.45288086,-100.09380000,-76.39832000
0.45349121,-93.27824000,-76.25467000
0.45410156,-96.36665000,-79.65303000
0.45471191,-107.86500000,-74.55775000
0.45532227,-99.41326000,-73.51144000
0.45593262,-98.70815000,-73.92593000
0.45654297,-89.56145000,-70.60926000
0.45715332,-85.27978000,-70.87099000
0.45776367,-85.56238000,-75.00032000
0.45837402,-87.05217000,-77.67296000
0.45898438,-89.05231000,-77.38307000
0.45959473,-99.13120000,-71.25175000
0.46020508,-96.33293000,-66.70455000
0.46081543,-92.65698000,-84.09560000
0.46142578,-94.05997000,-72.25207000
0.46203613,-98.59398000,-71.28874000
0.46264648,-99.41947000,-68.66174000
0.46325684,-101.34730000,-71.69654000
0.46386719,-101.87090000,-73.48779000
0.46447754,-93.87290000,-74.43327000
0.46508789,-92.84300000,-78.72166000
0.46569824,-96.88657000,-78.29296000
0.46630859,-116.78070000,-80.64223000
0.46691895,-99.67411000,-74.72461000
0.46752930,-98.83064000,-79.46583000
0.46813965,-100.21120000,-73.55305000
0.46875000,-93.73343000,-79.51060000
0.46936035,-91.68376000,-68.63361000
0.46997070,-95.66676000,-64.62171000
0.47058105,-101.36940000,-67.89010000
0.47119141,-95.63521000,-74.29502000
0.47180176,-92.38994000,-72.60767000
0.47241211,-89.31847000,-72.64280000
0.47302246,-88.39555000,-75.64643000
0.47363281,-89.10489000,-73.71153000
0.47424316,-87.43645000,-75.64325000
0.47485352,-87.74167000,-70.29980000
0.47546387,-93.87270000,-68.25249000
0.47607422,-96.05332000,-71.13384000
0.47668457,-97.91825000,-74.98948000
0.47729492,-92.61428000,-73.74639000
0.47790527,-90.92995000,-72.56283000
0.47851563,-87.74388000,-72.21505000
0.47912598,-82.44746000,-69.47293000
0.47973633,-78.06899000,-58.17854000
0.48034668,-79.85912000,-59.44258000
0.48095703,-92.21745000,-68.26726000
0.48156738,-93.71053000,-68.29932000
0.48217773,-89.81457000,-74.76150000
0.48278809,-93.86837000,-72.14683000
0.48339844,-93.64680000,-71.02354000
0.48400879,-110.46800000,-69.85655000
0.48461914,-94.37419000,-65.96145000
0.48522949,-91.64001000,-66.93765000
0.48583984,-90.79163000,-71.25018000
0.48645020,-89.30476000,-71.33725000
0.48706055,-89.27000000,-75.86015000
0.48767090,-90.94765000,-93.19717000
0.48828125,-89.92670000,-81.73959000
0.48889160,-88.53237000,-83.85173000
0.48950195,-91.02266000,-77.56003000
0.49011230,-98.79225000,-72.44615000
0.49072266,-93.33237000,-69.48319000
0.49133301,-89.17618000,-67.01024000
0.49194336,-86.23962000,-66.57722000
0.49255371,-87.18361000,-70.18170000
0.49316406,-98.49320000,-81.88405000
0.49377441,-97.88346000,-77.35806000
0.49438477,-95.15418000,-82.68704000
0.49499512,-102.50880000,-77.52351000
0.49560547,-96.88731000,-74.88845000
0.49621582,-92.02696000,-73.24091000
0.49682617,-96.43401000,-83.00093000
0.49743652,-113.16120000,-71.81611000
0.49804688,-103.07580000,-73.66026000
0.49865723,-103.88980000,-84.37642000
0.49926758,-93.08626000,-82.27367000
0.49987793,-91.55148000,-98.37376000
0.50048828,-101.32600000,-84.91866000
0.50109863,-97.59560000,-73.80031000
0.50170898,-88.81866000,-68.26400000
0.50231934,-89.43921000,-69.49185000
0.50292969,-93.26918000,-72.33762000
0.50354004,-87.90305000,-74.83496000
0.50415039,-86.49103000,-72.84119000
0.50476074,-87.60425000,-86.60216000
0.50537109,-92.25307000,-76.20338000
0.50598145,-93.87955000,-72.43806000
0.50659180,-94.83376000,-69.29158000
0.50720215,-93.89039000,-70.08662000
0.50781250,-97.84856000,-68.92209000
0.50842285,-93.12546000,-73.03880000
0.50903320,-97.83495000,-66.80349000
0.50964355,-81.27564000,-56.33698000
0.51025391,-78.51641000,-55.61680000
0.51086426,-84.18230000,-62.25854000
0.51147461,-93.16331000,-72.54257000
0.51208496,-94.03847000,-81.09283000
0.51269531,-89.04362000,-81.32638000
0.51330566,-88.71156000,-74.57912000
0.51391602,-94.06822000,-71.42802000
0.51452637,-99.03141000,-70.70121000
0.51513672,-93.00452000,-70.03821000
0.51574707,-101.25360000,-79.50755000
0.51635742,-90.88362000,-73.19620000
0.51696777,-91.77688000,-71.38463000
0.51757813,-98.76933000,-70.97458000
0.51818848,-104.24580000,-69.02849000
0.51879883,-100.32390000,-71.11192000
0.51940918,-103.40880000,-72.31644000
0.52001953,-95.21642000,-70.21233000
0.52062988,-95.10185000,-79.94830000
0.52124023,-89.19136000,-77.56435000
0.52185059,-89.31548000,-105.75310000
0.52246094,-98.14427000,-70.04510000
0.52307129,-99.40897000,-68.36867000
0.52368164,-92.03645000,-75.89526000
0.52429199,-92.11658000,-71.02492000
0.52490234,-94.69375000,-69.41937000
0.52551270,-96.54072000,-70.85818000
0.52612305,-94.33102000,-70.51109000
0.52673340,-96.88702000,-70.89793000
0.52734375,-95.76877000,-74.16505000
0.52795410,-92.96329000,-76.03737000
0.52856445,-90.00118000,-82.38048000
0.52917480,-99.35948000,-67.84310000
0.52978516,-90.28442000,-60.74275000
0.53039551,-92.91111000,-61.42414000
0.53100586,-104.65160000,-66.23590000
0.53161621,-97.39098000,-69.02652000
0.53222656,-91.89452000,-69.40086000
0.53283691,-86.72367000,-72.67062000
0.53344727,-88.82913000,-75.92029000
0.53405762,-95.74065000,-69.34366000
0.53466797,-94.42677000,-69.58282000
0.53527832,-94.66615000,-84.74583000
0.53588867,-99.68408000,-74.90130000
0.53649902,-103.51650000,-73.91290000
0.53710938,-90.21381000,-73.50323000
0.53771973,-88.67196000,-73.67903000
0.53833008,-95.18501000,-75.75514000
0.53894043,-90.93792000,-73.25889000
0.53955078,-82.25795000,-60.00682000
0.54016113,-83.39439000,-58.24341000
0.54077148,-99.78487000,-65.41891000
0.54138184,-88.25903000,-68.14788000
0.54199219,-90.59844000,-78.50056000
0.54260254,-95.21162000,-74.45126000
0.54321289,-99.37737000,-73.17353000
0.54382324,-93.57894000,-74.00757000
0.54443359,-93.43110000,-81.93097000
0.54504395,-91.89762000,-84.48174000
0.54565430,-90.09147000,-80.26412000
0.54626465,-92.81918000,-88.01842000
0.54687500,-89.13164000,-82.01224000
0.54748535,-90.99891000,-72.74826000
0.54809570,-90.88174000,-71.01294000
0.54870605,-91.52702000,-75.02798000
0.54931641,-85.37453000,-68.42572000
0.54992676,-83.70921000,-63.88472000
0.55053711,-91.20039000,-68.29543000
0.55114746,-104.25290000,-73.15135000
0.55175781,-106.16750000,-76.75829000
0.55236816,-102.21470000,-75.16664000
0.55297852,-94.41621000,-88.63535000
0.55358887,-93.25674000,-73.09024000
0.55419922,-97.76109000,-71.41359000
0.55480957,-96.86900000,-72.13708000
0.55541992,-96.78008000,-69.52147000
0.55603027,-94.77568000,-69.27072000
0.55664063,-89.50105000,-86.98676000
0.55725098,-90.39634000,-67.84766000
0.55786133,-95.56863000,-65.72526000
0.55847168,-92.11455000,-66.27379000
0.55908203,-87.98831000,-68.62225000
0.55969238,-86.25523000,-68.99222000
0.56030273,-87.66290000,-67.46808000
0.56091309,-91.96172000,-67.01770000
0.56152344,-94.03107000,-69.06961000
0.56213379,-91.43459000,-79.77647000
0.56274414,-90.50530000,-76.00106000
0.56335449,-90.35692000,-74.34415000
0.56396484,-85.62255000,-79.04060000
0.56457520,-86.51454000,-77.93575000
0.56518555,-97.96907000,-73.70282000
0.56579590,-99.49586000,-72.66965000
0.56640625,-96.01469000,-79.45390000
0.56701660,-92.26076000,-69.04646000
0.56762695,-91.36308000,-73.32578000
0.56823730,-89.39867000,-79.21291000
0.56884766,-88.52833000,-67.78818000
0.56945801,-90.78700000,-61.02711000
0.57006836,-92.60689000,-57.18293000
0.57067871,-94.01881000,-61.94462000
0.57128906,-94.36485000,-75.79520000
0.57189941,-92.04431000,-75.98697000
0.57250977,-100.60820000,-74.40155000
0.57312012,-94.73260000,-77.48318000
0.57373047,-92.49196000,-78.41259000
0.57434082,-102.43100000,-79.99965000
0.57495117,-95.64465000,-79.92189000
0.57556152,-93.36044000,-73.17967000
0.57617188,-94.31903000,-76.62798000
0.57678223,-88.47731000,-77.66676000
0.57739258,-87.93410000,-73.44020000
0.57800293,-93.00851000,-75.36691000
0.57861328,-90.39807000,-73.47030000
0.57922363,-88.64645000,-70.41867000
0.57983398,-86.13695000,-68.78789000
0.58044434,-89.15950000,-70.03812000
0.58105469,-93.45715000,-71.96674000
0.58166504,-90.71804000,-73.02528000
0.58227539,-87.48845000,-71.69420000
0.58288574,-88.94835000,-69.59723000
0.58349609,-91.88832000,-67.41261000
0.58410645,-90.82451000,-68.52075000
0.58471680,-91.66489000,-72.06039000
0.58532715,-93.39568000,-73.92554000
0.58593750,-94.76958000,-74.16419000
0.58654785,-93.46863000,-78.73850000
0.58715820,-91.88916000,-77.34221000
0.58776855,-94.21440000,-76.65553000
0.58837891,-98.32893000,-77.69194000
0.58898926,-91.05857000,-82.79799000
0.58959961,-84.20248000,-70.94646000
0.59020996,-85.02206000,-66.90308000
0.59082031,-98.00310000,-66.83213000
0.59143066,-89.61872000,-65.89767000
0.59204102,-90.69702000,-64.75526000
0.59265137,-104.82490000,-69.85071000
0.59326172,-92.32065000,-77.47525000
0.59387207,-89.00766000,-74.69076000
0.59448242,-88.25153000,-70.02847000
0.59509277,-92.86731000,-69.91081000
0.59570313,-109.20610000,-68.52464000
0.59631348,-100.61500000,-69.79979000
0.59692383,-100.86510000,-81.34129000
0.59753418,-101.13740000,-75.49027000
0.59814453,-104.77290000,-79.58333000
0.59875488,-99.98654000,-73.94586000
0.59936523,-86.60406000,-61.42733000
0.59997559,-83.63014000,-57.78061000
0.60058594,-89.52373000,-60.74023000
0.60119629,-100.02040000,-66.56554000
0.60180664,-108.96100000,-69.44011000
0.60241699,-104.53840000,-69.92307000
0.60302734,-91.41059000,-71.12693000
0.60363770,-91.63787000,-73.80701000
0.60424805,-101.05580000,-72.21317000
0.60485840,-91.50372000,-66.98981000
0.60546875,-88.15975000,-68.19136000
0.60607910,-94.53716000,-72.04573000
0.60668945,-98.14696000,-75.92056000
0.60729980,-94.77783000,-72.87270000
0.60791016,-94.28229000,-70.79480000
0.60852051,-95.89754000,-74.62074000
0.60913086,-114.11390000,-71.10794000
0.60974121,-106.19650000,-66.40955000
0.61035156,-99.31526000,-67.28034000
0.61096191,-89.81596000,-71.65940000
0.61157227,-90.01337000,-79.21719000
0.61218262,-104.19580000,-78.13367000
0.61279297,-100.43960000,-73.80614000
0.61340332,-111.65870000,-71.08164000
0.61401367,-99.79478000,-68.46964000
0.61462402,-92.93338000,-70.10057000
0.61523438,-90.15108000,-78.45805000
0.61584473,-89.91725000,-85.04146000
0.61645508,-94.27357000,-85.17035000
0.61706543,-101.74500000,-79.16783000
0.61767578,-97.15787000,-76.18325000
0.61828613,-92.67407000,-74.65630000
0.61889648,-90.41966000,-77.75893000
0.61950684,-92.29420000,-71.52560000
0.62011719,-105.06930000,-67.10072000
0.62072754,-103.63180000,-70.28709000
0.62133789,-101.79720000,-68.76665000
0.62194824,-90.83841000,-71.79378000
0.62255859,-92.02496000,-76.42014000
0.62316895,-89.77395000,-74.28864000
0.62377930,-80.56830000,-70.26746000
0.62438965,-78.67621000,-68.52765000
0.62500000,-84.88736000,-70.54692000
0.62561035,-97.52872000,-74.01605000
0.62622070,-102.29050000,-72.58440000
0.62683105,-106.46320000,-75.25191000
0.62744141,-96.42807000,-83.10388000
0.62805176,-87.51067000,-74.19409000
0.62866211,-85.46104000,-77.47784000
0.62927246,-81.78128000,-65.55743000
0.62988281,-81.12117000,-59.36197000
0.63049316,-87.31598000,-64.18861000
0.63110352,-90.42331000,-87.83227000
0.63171387,-87.69507000,-82.48625000
0.63232422,-86.07796000,-77.35170000
0.63293457,-88.51299000,-70.22014000
0.63354492,-93.90121000,-71.54362000
0.63415527,-86.50109000,-77.84959000
0.63476563,-84.81746000,-91.95892000
0.63537598,-86.28462000,-77.20161000
0.63598633,-89.51372000,-74.37351000
0.63659668,-92.15596000,-75.81221000
0.63720703,-93.20553000,-77.81365000
0.63781738,-90.74103000,-80.13928000
0.63842773,-91.42067000,-81.42236000
0.63903809,-97.90279000,-95.85439000
0.63964844,-92.47469000,-74.53422000
0.64025879,-89.69781000,-71.16002000
0.64086914,-91.19221000,-73.24413000
0.64147949,-92.14566000,-77.19911000
0.64208984,-97.85060000,-77.23388000
0.64270020,-96.83117000,-70.67210000
0.64331055,-94.14188000,-72.40975000
0.64392090,-91.32229000,-82.38316000
0.64453125,-91.98487000,-80.55788000
0.64514160,-95.69709000,-81.14046000
0.64575195,-109.68390000,-74.00127000
0.64636230,-95.18439000,-72.01017000
0.64697266,-92.12945000,-78.27399000
0.64758301,-88.45453000,-77.09573000
0.64819336,-89.08408000,-71.86839000
0.64880371,-88.78523000,-73.93699000
0.64941406,-81.06323000,-74.21725000
0.65002441,-78.79508000,-70.41466000
0.65063477,-84.08469000,-78.31540000
0.65124512,-96.18547000,-89.85498000
0.65185547,-105.67060000,-86.51696000
0.65246582,-98.36423000,-82.01794000
0.65307617,-93.54207000,-80.75685000
0.65368652,-100.77240000,-72.56623000
0.65429688,-103.39990000,-69.42483000
0.65490723,-93.18536000,-68.66058000
0.65551758,-93.30491000,-72.63660000
0.65612793,-95.33855000,-81.04482000
0.65673828,-94.17612000,-72.67609000
0.65734863,-92.20963000,-69.27594000
0.65795898,-101.18880000,-76.06871000
0.65856934,-92.76096000,-87.30758000
0.65917969,-99.24789000,-68.54513000
0.65979004,-87.28926000,-61.93663000
0.66040039,-87.02116000,-64.51273000
0.66101074,-95.56007000,-71.92840000
0.66162109,-96.97361000,-71.83852000
0.66223145,-96.89575000,-71.38750000
0.66284180,-93.29700000,-72.41487000
0.66345215,-88.76527000,-78.84394000
0.66406250,-90.69327000,-69.33063000
0.66467285,-92.21169000,-69.50133000
0.66528320,-91.38672000,-75.06827000
0.66589355,-92.99059000,-69.85129000
0.66650391,-100.53520000,-67.00204000
0.66711426,-92.78853000,-68.61590000
0.66772461,-97.07711000,-74.93704000
0.66833496,-99.38269000,-84.09625000
0.66894531,-94.02940000,-71.70694000
0.66955566,-95.97554000,-71.65717000
0.67016602,-102.24960000,-68.08265000
0.67077637,-106.20340000,-72.08860000
0.67138672,-112.11890000,-86.58268000
0.67199707,-102.38100000,-76.13358000
0.67260742,-98.39584000,-70.16700000
0.67321777,-94.45514000,-70.28580000
0.67382813,-92.44033000,-83.66589000
0.67443848,-93.58681000,-81.34373000
0.67504883,-95.40302000,-76.98138000
0.67565918,-93.93307000,-75.76855000
0.67626953,-91.92741000,-81.98378000
0.67687988,-91.23805000,-77.35870000
0.67749023,-95.36404000,-71.16234000
0.67810059,-93.71796000,-73.94978000
0.67871094,-88.83026000,-78.19487000
0.67932129,-87.77623000,-71.98415000
0.67993164,-93.70129000,-65.39755000
0.68054199,-92.29275000,-68.62267000
0.68115234,-94.50974000,-80.38460000
0.68176270,-100.00740000,-77.98829000
0.68237305,-89.89015000,-83.30724000
0.68298340,-90.65575000,-76.64176000
0.68359375,-96.29894000,-68.29877000
0.68420410,-89.80521000,-68.66100000
0.68481445,-92.95908000,-71.44205000
0.68542480,-97.18194000,-73.51182000
0.68603516,-98.29338000,-78.84653000
0.68664551,-94.55080000,-83.58128000
0.68725586,-106.23890000,-72.63992000
0.68786621,-93.67697000,-73.91296000
0.68847656,-84.90556000,-87.21741000
0.68908691,-70.24608000,-69.14536000
0.68969727,-64.37444000,-59.93279000
0.69030762,-67.13818000,-60.97789000
0.69091797,-78.52676000,-74.65047000
0.69152832,-89.46761000,-74.07446000
0.69213867,-92.96146000,-75.87978000
0.69274902,-88.73565000,-81.60172000
0.69335938,-86.28411000,-70.48913000
0.69396973,-87.40607000,-66.52596000
0.69458008,-93.24638000,-67.62392000
0.69519043,-99.65018000,-71.21734000
0.69580078,-109.66220000,-75.82917000
0.69641113,-96.04065000,-82.02240000
0.69702148,-93.67455000,-83.78513000
0.69763184,-105.20200000,-77.35986000
0.69824219,-96.18265000,-74.83986000
0.69885254,-92.27858000,-75.24413000
0.69946289,-92.93845000,-80.93185000
0.70007324,-93.94034000,-74.16918000
0.70068359,-98.41017000,-73.91542000
0.70129395,-89.76062000,-78.76796000
0.70190430,-87.74391000,-76.45467000
0.70251465,-87.59400000,-75.49680000
0.70312500,-89.63824000,-77.03807000
0.70373535,-96.80035000,-76.63417000
0.70434570,-88.74358000,-76.46588000
0.70495605,-85.57486000,-76.04791000
0.70556641,-87.86643000,-78.35535000
0.70617676,-91.23561000,-74.05386000
0.70678711,-91.16476000,-70.66280000
0.70739746,-88.74460000,-73.84776000
0.70800781,-88.81168000,-73.74753000
0.70861816,-94.44446000,-71.59319000
0.70922852,-91.17078000,-73.32366000
0.70983887,-97.04243000,-73.87859000
0.71044922,-91.67253000,-73.79623000
0.71105957,-87.79558000,-77.15383000
0.71166992,-90.92371000,-72.83406000
0.71228027,-91.83186000,-68.88690000
0.71289063,-89.95821000,-72.45287000
0.71350098,-94.72284000,-83.40501000
0.71411133,-94.49115000,-79.62590000
0.71472168,-91.21049000,-74.13840000
0.71533203,-95.34218000,-73.63074000
0.71594238,-122.29680000,-73.38811000
0.71655273,-97.20522000,-75.86080000
0.71716309,-101.32210000,-79.53985000
0.71777344,-105.45920000,-76.87024000
0.71838379,-99.83252000,-74.24108000
0.71899414,-86.27650000,-73.23923000
0.71960449,-81.96063000,-64.96574000
0.72021484,-85.48109000,-62.25035000
0.72082520,-98.07656000,-69.63270000
0.72143555,-88.73084000,-72.14135000
0.72204590,-87.94740000,-75.25711000
0.72265625,-87.53972000,-74.50888000
0.72326660,-88.38342000,-76.66943000
0.72387695,-89.50200000,-74.99418000
0.72448730,-92.95226000,-72.20330000
0.72509766,-105.18810000,-76.95686000
0.72570801,-90.47230000,-82.39563000
0.72631836,-86.21269000,-86.07784000
0.72692871,-91.09107000,-79.31963000
0.72753906,-95.57227000,-74.57926000
0.72814941,-92.14065000,-69.90241000
0.72875977,-97.80560000,-69.22926000
0.72937012,-98.03088000,-77.12418000
0.72998047,-97.73991000,-85.36063000
0.73059082,-90.64746000,-81.16547000
0.73120117,-86.99754000,-81.03786000
0.73181152,-87.55647000,-77.63778000
0.73242188,-92.46495000,-78.94319000
0.73303223,-98.66607000,-83.77914000
0.73364258,-97.70990000,-74.63218000
0.73425293,-105.84080000,-74.50819000
0.73486328,-112.50340000,-74.65382000
0.73547363,-100.11430000,-79.68415000
0.73608398,-115.13740000,-82.21630000
0.73669434,-101.73630000,-77.78175000
0.73730469,-91.73592000,-75.94446000
0.73791504,-96.74394000,-73.21077000
0.73852539,-109.85720000,-71.38030000
0.73913574,-90.66182000,-67.29034000
0.73974609,-85.89252000,-64.11542000
0.74035645,-89.24179000,-67.15039000
0.74096680,-90.31938000,-75.78680000
0.74157715,-86.43532000,-76.95513000
0.74218750,-86.41959000,-73.04508000
0.74279785,-90.09319000,-71.22386000
0.74340820,-95.21924000,-72.46622000
0.74401855,-92.70222000,-74.46690000
0.74462891,-91.52615000,-69.77528000
0.74523926,-97.27464000,-68.13375000
0.74584961,-100.23090000,-72.44244000
0.74645996,-97.15338000,-75.58656000
0.74707031,-100.55360000,-75.97086000
0.74768066,-88.51669000,-82.07542000
0.74829102,-85.71239000,-69.58033000
0.74890137,-92.44124000,-68.09953000
0.74951172,-80.83454000,-64.75572000
0.75012207,-81.63761000,-63.05972000
0.75073242,-90.54218000,-66.31323000
0.75134277,-94.69293000,-71.38548000
0.75195313,-90.67963000,-69.92168000
0.75256348,-89.81378000,-73.67416000
0.75317383,-97.15384000,-78.09155000
0.75378418,-99.11422000,-77.37297000
0.75439453,-94.43745000,-77.66512000
0.75500488,-91.28014000,-71.27837000
0.75561523,-90.42474000,-70.67245000
0.75622559,-88.96713000,-71.03510000
0.75683594,-89.56291000,-69.59355000
0.75744629,-92.68076000,-69.57751000
0.75805664,-95.01839000,-73.82630000
0.75866699,-95.86958000,-73.37562000
0.75927734,-92.31263000,-77.15292000
0.75988770,-89.54510000,-74.95267000
0.76049805,-92.77690000,-78.02187000
0.76110840,-101.66760000,-81.28562000
0.76171875,-97.04444000,-80.42970000
0.76232910,-91.26121000,-78.81163000
0.76293945,-91.64702000,-73.31596000
0.76354980,-93.25776000,-76.34003000
0.76416016,-90.23924000,-77.33311000
0.76477051,-89.10210000,-69.50874000
0.76538086,-90.91465000,-70.46199000
0.76599121,-99.29879000,-83.85376000
0.76660156,-97.54221000,-71.23128000
0.76721191,-94.44464000,-73.00381000
0.76782227,-92.76805000,-74.41765000
0.76843262,-92.07991000,-71.58215000
0.76904297,-89.43864000,-72.35819000
0.76965332,-88.58845000,-78.06872000
0.77026367,-89.44792000,-79.56741000
0.77087402,-90.92599000,-74.39282000
0.77148438,-93.15692000,-78.40456000
0.77209473,-96.14249000,-76.98475000
0.77270508,-96.36689000,-77.25179000
0.77331543,-94.40056000,-75.14198000
0.77392578,-89.41993000,-76.52597000
0.77453613,-87.81497000,-80.56357000
0.77514648,-92.72392000,-73.76520000
0.77575684,-93.57346000,-72.26637000
0.77636719,-96.75507000,-73.91029000
0.77697754,-95.67290000,-73.54278000
0.77758789,-92.19952000,-81.11469000
0.77819824,-95.15952000,-77.90002000
0.77880859,-91.01963000,-76.46967000
0.77941895,-89.92914000,-66.10103000
0.78002930,-90.99146000,-61.45982000
0.78063965,-96.17786000,-68.28469000
0.78125000,-91.02807000,-79.39137000
0.78186035,-93.62106000,-79.04418000
0.78247070,-90.77052000,-82.17401000
0.78308105,-91.29891000,-74.27580000
0.78369141,-96.44233000,-78.17725000
0.78430176,-92.21931000,-80.97635000
0.78491211,-89.90704000,-87.83782000
0.78552246,-99.49891000,-75.48816000
0.78613281,-95.47363000,-73.74234000
0.78674316,-93.56514000,-76.46613000
0.78735352,-101.03090000,-78.41187000
0.78796387,-96.16264000,-75.98395000
0.78857422,-99.17799000,-78.08468000
0.78918457,-97.72297000,-83.37187000
0.78979492,-93.22723000,-79.14923000
0.79040527,-97.69400000,-73.84827000
0.79101563,-103.67630000,-68.72476000
0.79162598,-103.62300000,-74.20090000
0.79223633,-102.44120000,-68.79436000
0.79284668,-95.83923000,-65.59644000
0.79345703,-114.85460000,-68.53416000
0.79406738,-91.80434000,-77.04308000
0.79467773,-87.15783000,-81.46414000
0.79528809,-86.79747000,-72.69282000
0.79589844,-93.15884000,-71.25433000
0.79650879,-98.42831000,-74.98730000
0.79711914,-102.97650000,-89.63856000
0.79772949,-88.90771000,-76.13344000
0.79833984,-88.28790000,-71.62167000
0.79895020,-89.78173000,-71.38975000
0.79956055,-86.03934000,-68.06464000
0.80017090,-86.98022000,-68.31819000
0.80078125,-94.73329000,-74.41862000
0.80139160,-110.43020000,-68.42360000
0.80200195,-104.39570000,-69.04318000
0.80261230,-103.47580000,-75.53808000
0.80322266,-93.31153000,-71.19519000
0.80383301,-86.25902000,-71.38358000
0.80444336,-87.53421000,-74.41913000
0.80505371,-93.54874000,-74.34790000
0.80566406,-97.95879000,-79.04221000
0.80627441,-93.99967000,-74.79944000
0.80688477,-95.35903000,-74.65388000
0.80749512,-99.20104000,-71.68024000
0.80810547,-97.06458000,-70.78649000
0.80871582,-93.87650000,-75.19004000
0.80932617,-88.30329000,-72.88167000
0.80993652,-86.17718000,-65.59812000
0.81054688,-89.24120000,-68.70275000
0.81115723,-111.98510000,-80.43295000
0.81176758,-91.72486000,-75.16785000
0.81237793,-88.89197000,-73.48849000
0.81298828,-90.86681000,-80.32523000
0.81359863,-91.58070000,-75.64286000
0.81420898,-94.89922000,-72.33211000
0.81481934,-97.32721000,-71.45474000
0.81542969,-88.15324000,-77.60479000
0.81604004,-91.09498000,-75.93368000
0.81665039,-100.82290000,-71.08445000
0.81726074,-98.79869000,-71.84341000
0.81787109,-98.03665000,-75.70136000
0.81848145,-102.65750000,-81.94978000
0.81909180,-92.69247000,-79.30188000
0.81970215,-92.08233000,-72.49612000
0.82031250,-106.37340000,-71.79450000
0.82092285,-90.61696000,-76.85277000
0.82153320,-88.74531000,-75.97273000
0.82214355,-87.86266000,-75.05463000
0.82275391,-89.50233000,-74.39936000
0.82336426,-94.19529000,-71.79652000
0.82397461,-113.07140000,-69.33482000
0.82458496,-97.14354000,-73.41592000
0.82519531,-97.44308000,-69.16940000
0.82580566,-105.11270000,-70.38412000
0.82641602,-96.49315000,-86.57193000
0.82702637,-100.52330000,-75.79774000
0.82763672,-99.90746000,-75.55846000
0.82824707,-93.15334000,-75.63470000
0.82885742,-89.31851000,-68.98573000
0.82946777,-89.85382000,-68.00790000
0.83007813,-94.57648000,-70.18700000
0.83068848,-109.88830000,-71.92392000
0.83129883,-104.56950000,-77.06563000
0.83190918,-104.17460000,-76.03309000
0.83251953,-94.66538000,-69.07916000
0.83312988,-91.84657000,-69.22888000
0.83374023,-100.54810000,-69.37917000
0.83435059,-101.75380000,-70.79630000
0.83496094,-90.09950000,-77.44884000
0.83557129,-88.25858000,-71.12597000
0.83618164,-94.80875000,-67.14722000
0.83679199,-98.48604000,-70.77071000
0.83740234,-91.71760000,-83.34782000
0.83801270,-86.49021000,-75.47813000
0.83862305,-86.17866000,-70.92313000
0.83923340,-85.96841000,-71.60567000
0.83984375,-86.83234000,-75.09530000
0.84045410,-86.53126000,-75.53120000
0.84106445,-86.16264000,-71.67059000
0.84167480,-87.59025000,-71.56572000
0.84228516,-93.58802000,-73.69542000
0.84289551,-93.88042000,-73.02903000
0.84350586,-88.50470000,-73.00745000
0.84411621,-92.85696000,-82.66980000
0.84472656,-104.82090000,-72.96970000
0.84533691,-111.85060000,-76.88712000
0.84594727,-97.81990000,-92.48163000
0.84655762,-93.59911000,-77.89542000
0.84716797,-115.70820000,-75.41989000
0.84777832,-96.87317000,-78.77417000
0.84838867,-116.16060000,-76.09860000
0.84899902,-85.67693000,-78.30748000
0.84960938,-78.10904000,-71.05895000
0.85021973,-79.16244000,-71.12285000
0.85083008,-88.60411000,-82.53331000
0.85144043,-98.47020000,-76.85688000
0.85205078,-99.74957000,-73.18341000
0.85266113,-91.95265000,-73.86472000
0.85327148,-97.22717000,-75.04405000
0.85388184,-97.04016000,-81.05052000
0.85449219,-101.23470000,-78.79922000
0.85510254,-98.64885000,-80.32678000
0.85571289,-92.84619000,-75.69604000
0.85632324,-90.26936000,-73.88846000
0.85693359,-101.32930000,-77.92555000
0.85754395,-93.71178000,-79.18609000
0.85815430,-93.89661000,-72.63457000
0.85876465,-92.02017000,-71.54457000
0.85937500,-89.25567000,-80.62728000
0.85998535,-92.72101000,-79.85486000
0.86059570,-90.86491000,-80.27919000
0.86120605,-90.11821000,-74.86166000
0.86181641,-89.64972000,-71.10701000
0.86242676,-92.47937000,-68.75465000
0.86303711,-96.42715000,-69.57523000
0.86364746,-97.71550000,-71.80000000
0.86425781,-91.55118000,-67.68434000
0.86486816,-89.87877000,-66.68326000
0.86547852,-91.26504000,-70.48154000
0.86608887,-95.74522000,-84.76109000
0.86669922,-98.48164000,-73.18594000
0.86730957,-102.54570000,-74.11561000
0.86791992,-93.60810000,-77.10596000
0.86853027,-89.23792000,-75.48058000
0.86914063,-86.49800000,-69.71374000
0.86975098,-85.20795000,-67.36045000
0.87036133,-89.08540000,-69.66987000
0.87097168,-93.51231000,-73.35045000
0.87158203,-86.51671000,-74.19255000
0.87219238,-84.27715000,-80.94226000
0.87280273,-89.06279000,-73.35047000
0.87341309,-96.94868000,-69.65953000
0.87402344,-88.97254000,-66.92696000
0.87463379,-86.77460000,-66.71140000
0.87524414,-85.92018000,-70.43298000
0.87585449,-86.49693000,-73.71541000
0.87646484,-90.16781000,-74.48752000
0.87707520,-92.92683000,-73.55837000
0.87768555,-102.65120000,-73.84834000
0.87829590,-111.70340000,-74.91673000
0.87890625,-99.65687000,-72.10234000
0.87951660,-97.71170000,-78.41788000
0.88012695,-99.25760000,-79.94280000
0.88073730,-92.92165000,-76.03268000
0.88134766,-89.40044000,-76.67136000
0.88195801,-89.14528000,-80.10464000
0.88256836,-88.72264000,-78.67982000
0.88317871,-92.10487000,-73.11330000
0.88378906,-107.77910000,-69.14985000
0.88439941,-102.05680000,-72.69502000
0.88500977,-94.33739000,-73.05316000
0.88562012,-91.67107000,-77.18982000
0.88623047,-96.47404000,-72.89704000
0.88684082,-104.83360000,-70.21556000
0.88745117,-101.76250000,-89.08545000
0.88806152,-96.16521000,-69.61118000
0.88867188,-89.71271000,-69.51189000
0.88928223,-86.45923000,-71.54216000
0.88989258,-83.75451000,-73.00813000
0.89050293,-89.16235000,-81.25958000
0.89111328,-101.36130000,-80.01836000
0.89172363,-97.24961000,-77.13020000
0.89233398,-98.63328000,-91.25978000
0.89294434,-97.84868000,-77.60229000
0.89355469,-101.19510000,-77.27889000
0.89416504,-108.03340000,-81.01997000
0.89477539,-95.22511000,-77.61936000
0.89538574,-91.42648000,-89.95480000
0.89599609,-88.89396000,-80.63896000
0.89660645,-86.48294000,-73.61407000
0.89721680,-88.16365000,-69.34881000
0.89782715,-95.11186000,-71.12022000
0.89843750,-91.63962000,-80.81783000
0.89904785,-87.05936000,-74.82322000
0.89965820,-84.50008000,-64.69060000
0.90026855,-83.63606000,-62.97069000
0.90087891,-87.01656000,-69.57253000
0.90148926,-92.79221000,-84.68561000
0.90209961,-100.83240000,-78.62023000
0.90270996,-98.48117000,-82.63340000
0.90332031,-103.09550000,-74.92545000
0.90393066,-95.46571000,-70.51347000
0.90454102,-88.31398000,-67.65540000
0.90515137,-85.13713000,-68.22310000
0.90576172,-85.45039000,-75.00638000
0.90637207,-84.55528000,-79.67101000
0.90698242,-84.23082000,-75.05401000
0.90759277,-87.20761000,-75.13105000
0.90820313,-97.75158000,-84.46255000
0.90881348,-91.35174000,-78.56264000
0.90942383,-89.21539000,-82.58139000
0.91003418,-92.08274000,-77.70174000
0.91064453,-98.40540000,-76.62469000
0.91125488,-111.72530000,-94.71858000
0.91186523,-100.18870000,-83.38846000
0.91247559,-97.26640000,-86.64809000
0.91308594,-93.44002000,-86.83139000
0.91369629,-90.76483000,-79.07413000
0.91430664,-94.10862000,-78.53294000
0.91491699,-96.54890000,-77.03258000
0.91552734,-101.23920000,-78.89885000
0.91613770,-96.71505000,-78.75790000
0.91674805,-93.70254000,-72.93112000
0.91735840,-90.23258000,-70.25488000
0.91796875,-93.41248000,-70.00040000
0.91857910,-96.70659000,-71.49665000
0.91918945,-95.35903000,-72.07352000
0.91979980,-87.27375000,-73.65126000
0.92041016,-88.47856000,-75.68977000
0.92102051,-91.42123000,-75.43571000
0.92163086,-92.12273000,-77.74467000
0.92224121,-92.99722000,-75.30550000
0.92285156,-92.56494000,-69.33956000
0.92346191,-87.46514000,-66.88714000
0.92407227,-85.47069000,-68.84348000
0.92468262,-88.85625000,-85.13245000
0.92529297,-87.22324000,-71.51411000
0.92590332,-93.19404000,-77.91177000
0.92651367,-94.52742000,-74.06904000
0.92712402,-90.95786000,-72.53817000
0.92773438,-91.83349000,-80.35313000
0.92834473,-89.81545000,-84.91782000
0.92895508,-84.52302000,-73.93270000
0.92956543,-79.13168000,-71.55879000
0.93017578,-82.71072000,-75.72128000
0.93078613,-106.11120000,-83.39001000
0.93139648,-120.09070000,-75.71104000
0.93200684,-93.31854000,-79.12739000
0.93261719,-94.88211000,-88.20154000
0.93322754,-113.40060000,-84.42405000
0.93383789,-102.31980000,-76.14799000
0.93444824,-96.28435000,-73.69524000
0.93505859,-97.54028000,-75.21287000
0.93566895,-101.90910000,-83.52533000
0.93627930,-98.89761000,-74.11929000
0.93688965,-105.36590000,-68.32353000
0.93750000,-93.72319000,-69.49761000
0.93811035,-90.21249000,-74.94683000
0.93872070,-89.80827000,-76.30505000
0.93933105,-91.24015000,-73.86919000
0.93994141,-92.34990000,-77.80132000
0.94055176,-91.96455000,-93.50414000
0.94116211,-89.95659000,-73.52350000
0.94177246,-91.97397000,-67.61108000
0.94238281,-98.89077000,-69.53996000
0.94299316,-100.19230000,-76.66821000
0.94360352,-90.36740000,-76.27370000
0.94421387,-88.01354000,-80.58269000
0.94482422,-98.94844000,-76.61160000
0.94543457,-98.38309000,-74.12721000
0.94604492,-94.18257000,-80.15031000
0.94665527,-85.84822000,-79.71877000
0.94726563,-87.45144000,-77.51361000
0.94787598,-93.89611000,-78.58717000
0.94848633,-91.37745000,-79.85306000
0.94909668,-84.60702000,-78.58287000
0.94970703,-80.23645000,-68.46505000
0.95031738,-83.03916000,-70.29537000
0.95092773,-89.25540000,-76.47826000
0.95153809,-90.48573000,-82.70142000
0.95214844,-99.46174000,-74.36624000
0.95275879,-94.72675000,-69.20511000
0.95336914,-89.29825000,-68.40194000
0.95397949,-88.66563000,-67.70387000
0.95458984,-92.31052000,-71.14477000
0.95520020,-100.14350000,-77.56073000
0.95581055,-93.82034000,-76.06464000
0.95642090,-89.34119000,-103.30290000
0.95703125,-90.42757000,-82.25579000
0.95764160,-94.31159000,-84.05605000
0.95825195,-88.74612000,-86.93016000
0.95886230,-87.60547000,-76.10828000
0.95947266,-90.83783000,-66.33533000
0.96008301,-96.91400000,-64.16962000
0.96069336,-92.01968000,-69.46364000
0.96130371,-91.63043000,-79.79997000
0.96191406,-95.95031000,-76.21028000
0.96252441,-97.65376000,-70.32419000
0.96313477,-92.06712000,-69.19997000
0.96374512,-105.69620000,-68.78226000
0.96435547,-94.07386000,-68.64691000
0.96496582,-90.85405000,-68.59536000
0.96557617,-94.13217000,-71.58397000
0.96618652,-90.69825000,-73.07724000
0.96679688,-86.34641000,-69.66696000
0.96740723,-89.32726000,-70.62794000
0.96801758,-95.51178000,-71.24792000
0.96862793,-94.91584000,-81.45882000
0.96923828,-91.51759000,-76.39569000
0.96984863,-88.09998000,-84.93442000
0.97045898,-88.11034000,-74.44457000
0.97106934,-89.10926000,-69.03677000
0.97167969,-94.00292000,-69.36438000
0.97229004,-100.26480000,-81.71409000
0.97290039,-109.17350000,-76.67211000
0.97351074,-100.71820000,-72.94052000
0.97412109,-93.26318000,-72.37792000
0.97473145,-97.80694000,-72.62107000
0.97534180,-94.73869000,-69.59628000
0.97595215,-93.80054000,-67.36747000
0.97656250,-91.56231000,-69.06554000
0.97717285,-90.92683000,-79.40852000
0.97778320,-92.00439000,-76.12799000
0.97839355,-95.00042000,-74.48899000
0.97900391,-91.86909000,-82.07183000
0.97961426,-94.82805000,-71.66013000
0.98022461,-98.21738000,-67.03463000
0.98083496,-105.96920000,-67.52871000
0.98144531,-96.75552000,-73.46337000
0.98205566,-96.79852000,-74.09325000
0.98266602,-97.64645000,-73.87489000
0.98327637,-96.89472000,-73.56263000
0.98388672,-92.23938000,-75.51846000
0.98449707,-89.17577000,-75.92535000
0.98510742,-93.26847000,-73.42455000
0.98571777,-101.23960000,-80.93571000
0.98632813,-93.77000000,-75.63358000
0.98693848,-92.45486000,-76.32233000
0.98754883,-92.69645000,-78.41776000
0.98815918,-87.61266000,-81.23485000
0.98876953,-76.24576000,-72.18768000
0.98937988,-67.21742000,-67.42654000
0.98999023,-66.44543000,-70.71563000
0.99060059,-74.21010000,-80.37167000
0.99121094,-88.35826000,-86.59238000
0.99182129,-93.60748000,-73.53038000
0.99243164,-92.96046000,-67.62971000
0.99304199,-100.00340000,-66.59789000
0.99365234,-99.55306000,-70.10761000
0.99426270,-96.12752000,-79.08422000
0.99487305,-91.39740000,-79.30985000
0.99548340,-88.33295000,-74.60841000
0.99609375,-88.45026000,-67.42009000
0.99670410,-95.92538000,-67.83224000
0.99731445,-102.04220000,-69.76797000
0.99792480,-96.11758000,-68.81416000
0.99853516,-92.66743000,-69.41303000
0.99914551,-90.95139000,-69.99406000
0.99975586,-90.57000000,-70.13161000
1.00036621,-91.16467000,-71.22030000
1.00097656,-92.32161000,-71.63583000
1.00158691,-98.30386000,-73.95130000
1.00219727,-95.15049000,-79.26982000
1.00280762,-92.22105000,-78.45502000
1.00341797,-93.53272000,-78.72466000
1.00402832,-96.86499000,-78.21317000
1.00463867,-98.45679000,-71.59957000
1.00524902,-91.08859000,-73.70153000
1.00585938,-91.15379000,-78.08586000
1.00646973,-92.32207000,-69.96341000
1.00708008,-89.98579000,-70.66918000
1.00769043,-92.45688000,-72.70689000
1.00830078,-103.00470000,-70.99141000
1.00891113,-92.03194000,-70.28996000
1.00952148,-88.85173000,-75.83701000
1.01013184,-89.91138000,-76.26559000
1.01074219,-89.36713000,-77.12354000
1.01135254,-87.98557000,-72.74875000
1.01196289,-90.21266000,-79.48225000
1.01257324,-93.69714000,-88.48049000
1.01318359,-86.36377000,-91.58896000
1.01379395,-87.22930000,-84.29626000
1.01440430,-92.30056000,-80.35315000
1.01501465,-95.55076000,-79.49368000
1.01562500,-88.71365000,-70.69904000
1.01623535,-89.22397000,-70.82391000
1.01684570,-90.82527000,-74.45239000
1.01745605,-90.72854000,-78.94386000
1.01806641,-89.33189000,-81.37984000
1.01867676,-89.71096000,-76.49722000
1.01928711,-90.01098000,-81.33731000
1.01989746,-88.30891000,-72.95882000
1.02050781,-90.84001000,-75.50034000
1.02111816,-96.59880000,-73.63062000
1.02172852,-93.53343000,-77.42183000
1.02233887,-91.08907000,-71.31407000
1.02294922,-92.59276000,-69.44228000
1.02355957,-93.81455000,-73.83198000
1.02416992,-96.88806000,-73.44094000
1.02478027,-92.76701000,-74.43320000
1.02539063,-97.18234000,-75.28738000
1.02600098,-95.45793000,-80.59734000
1.02661133,-93.62141000,-82.50451000
1.02722168,-92.54433000,-80.70978000
1.02783203,-85.35302000,-79.30783000
1.02844238,-87.30890000,-79.28802000
1.02905273,-89.65570000,-83.85391000
1.02966309,-91.54358000,-71.11846000
1.03027344,-101.67970000,-69.47011000
1.03088379,-103.57720000,-75.19843000
1.03149414,-98.72735000,-91.27856000
1.03210449,-92.14893000,-88.20520000
1.03271484,-92.58488000,-82.99623000
1.03332520,-91.24968000,-70.62505000
1.03393555,-91.43876000,-71.94406000
1.03454590,-95.49564000,-81.51341000
1.03515625,-106.31180000,-75.96854000
1.03576660,-92.66125000,-69.78391000
1.03637695,-94.06913000,-69.41654000
1.03698730,-100.65860000,-71.70019000
1.03759766,-89.04494000,-77.56240000
1.03820801,-85.71967000,-94.74839000
1.03881836,-86.78902000,-75.10809000
1.03942871,-91.56111000,-72.09468000
1.04003906,-91.41298000,-74.44530000
1.04064941,-89.61778000,-91.32900000
1.04125977,-96.68965000,-73.66746000
1.04187012,-96.21060000,-67.60223000
1.04248047,-110.25010000,-67.12424000
1.04309082,-91.62476000,-72.31426000
1.04370117,-85.72545000,-76.74274000
1.04431152,-85.86590000,-68.63832000
1.04492188,-90.81641000,-69.33251000
1.04553223,-95.20183000,-77.54361000
1.04614258,-91.66063000,-78.10168000
1.04675293,-90.73167000,-80.24919000
1.04736328,-102.69310000,-73.38528000
1.04797363,-92.56181000,-66.69000000
1.04858398,-89.37302000,-66.36585000
1.04919434,-79.74274000,-69.04154000
1.04980469,-77.67324000,-72.13982000
1.05041504,-85.80926000,-86.11523000
1.05102539,-95.43851000,-85.94928000
1.05163574,-93.70472000,-77.80479000
1.05224609,-102.20530000,-68.51778000
1.05285645,-95.69512000,-69.37267000
1.05346680,-91.72458000,-77.58270000
1.05407715,-94.66892000,-81.53630000
1.05468750,-91.63046000,-73.25433000
1.05529785,-92.19839000,-72.21221000
1.05590820,-98.79136000,-76.69946000
1.05651855,-98.45302000,-72.66921000
1.05712891,-85.41480000,-77.24660000
1.05773926,-85.66924000,-75.61116000
1.05834961,-105.33070000,-70.68621000
1.05895996,-103.81290000,-74.09532000
1.05957031,-104.65670000,-81.51856000
1.06018066,-95.15271000,-80.81646000
1.06079102,-93.10162000,-81.58969000
1.06140137,-88.07051000,-81.76225000
1.06201172,-85.08346000,-75.05515000
1.06262207,-85.84029000,-75.13361000
1.06323242,-88.72502000,-72.79440000
1.06384277,-86.59767000,-69.04390000
1.06445313,-85.39319000,-67.28493000
1.06506348,-89.50706000,-69.04310000
1.06567383,-95.21826000,-75.55147000
1.06628418,-89.96658000,-78.40673000
1.06689453,-91.39771000,-88.50361000
1.06750488,-90.29755000,-84.59400000
1.06811523,-98.27737000,-85.08872000
1.06872559,-89.06935000,-84.16980000
1.06933594,-89.75105000,-74.06041000
1.06994629,-90.17830000,-73.65025000
1.07055664,-92.47784000,-74.93433000
1.07116699,-98.68642000,-76.95041000
1.07177734,-92.28059000,-79.22186000
1.07238770,-89.68669000,-76.25676000
1.07299805,-89.89087000,-77.19120000
1.07360840,-91.16650000,-84.01079000
1.07421875,-96.24091000,-79.26778000
1.07482910,-104.28280000,-75.79043000
1.07543945,-98.93599000,-85.19899000
1.07604980,-100.07780000,-79.10825000
1.07666016,-94.21700000,-75.77170000
1.07727051,-92.44843000,-80.57578000
1.07788086,-87.83772000,-86.97231000
1.07849121,-91.55487000,-81.84689000
1.07910156,-88.52214000,-79.65701000
1.07971191,-85.65239000,-69.20011000
1.08032227,-92.94023000,-69.38356000
1.08093262,-95.68864000,-73.45345000
1.08154297,-92.39738000,-72.44243000
1.08215332,-90.11646000,-69.17784000
1.08276367,-89.76524000,-68.40106000
1.08337402,-97.44640000,-67.71712000
1.08398438,-95.48138000,-70.07384000
1.08459473,-89.36314000,-81.27811000
1.08520508,-90.14139000,-84.34304000
1.08581543,-88.39520000,-81.69077000
1.08642578,-84.67950000,-81.74106000
1.08703613,-84.98158000,-93.67789000
1.08764648,-89.99678000,-89.37292000
1.08825684,-105.75670000,-79.70889000
1.08886719,-100.09910000,-70.09706000
1.08947754,-99.36978000,-68.68089000
1.09008789,-91.96521000,-72.16659000
1.09069824,-90.11960000,-72.56720000
1.09130859,-93.33272000,-75.90388000
1.09191895,-90.12585000,-73.12426000
1.09252930,-89.16464000,-74.29025000
1.09313965,-100.80860000,-75.68424000
1.09375000,-97.34012000,-70.56985000
1.09436035,-99.35057000,-68.73390000
1.09497070,-89.52290000,-69.94225000
1.09558105,-87.30005000,-75.99189000
1.09619141,-86.05745000,-90.37884000
1.09680176,-90.15575000,-76.51324000
1.09741211,-94.71584000,-75.82536000
1.09802246,-89.25140000,-73.97836000
1.09863281,-86.97722000,-71.83458000
1.09924316,-87.13826000,-69.81300000
1.09985352,-90.85697000,-70.48104000
1.10046387,-97.43410000,-68.25384000
1.10107422,-91.14147000,-68.66563000
1.10168457,-90.65376000,-75.16158000
1.10229492,-90.50762000,-75.80434000
1.10290527,-91.58859000,-73.59037000
1.10351563,-93.06795000,-85.10149000
1.10412598,-88.94265000,-79.76986000
1.10473633,-87.03686000,-77.55721000
1.10534668,-88.66183000,-75.39123000
1.10595703,-103.00890000,-71.63667000
1.10656738,-98.79027000,-77.23643000
1.10717773,-98.81287000,-79.95745000
1.10778809,-90.99252000,-89.66664000
1.10839844,-97.87415000,-91.26939000
1.10900879,-86.74217000,-78.13388000
1.10961914,-80.06871000,-82.16033000
1.11022949,-81.74022000,-76.66261000
1.11083984,-90.94861000,-68.51563000
1.11145020,-92.89529000,-64.89693000
1.11206055,-103.43940000,-64.75863000
1.11267090,-93.06830000,-68.43050000
1.11328125,-91.49571000,-68.85879000
1.11389160,-91.51513000,-68.22771000
1.11450195,-96.87619000,-71.90085000
1.11511230,-92.21516000,-73.86590000
1.11572266,-88.93124000,-72.89429000
1.11633301,-87.47224000,-74.81155000
1.11694336,-87.13493000,-75.72179000
1.11755371,-87.04293000,-78.41071000
1.11816406,-88.28125000,-87.16772000
1.11877441,-93.89668000,-90.51114000
1.11938477,-89.02350000,-80.19858000
1.11999512,-94.34846000,-71.94783000
1.12060547,-97.28996000,-68.55701000
1.12121582,-91.10777000,-70.60514000
1.12182617,-92.03595000,-73.23870000
1.12243652,-91.76194000,-82.50976000
1.12304688,-92.63336000,-78.18191000
1.12365723,-106.09030000,-73.55788000
1.12426758,-94.88211000,-81.02057000
1.12487793,-95.33776000,-76.28190000
1.12548828,-95.72168000,-79.07285000
1.12609863,-92.37277000,-77.46861000
1.12670898,-96.51720000,-74.75128000
1.12731934,-96.12183000,-86.56100000
1.12792969,-88.59596000,-75.91011000
1.12854004,-91.00403000,-72.32357000
1.12915039,-96.93241000,-75.04711000
1.12976074,-98.56079000,-69.94469000
1.13037109,-102.44560000,-66.49609000
1.13098145,-111.09490000,-67.19133000
1.13159180,-114.79040000,-69.81247000
1.13220215,-96.35202000,-75.81964000
1.13281250,-96.58515000,-79.90904000
1.13342285,-96.12663000,-73.26764000
1.13403320,-89.68388000,-77.07989000
1.13464355,-90.13773000,-72.26918000
1.13525391,-89.75806000,-72.55655000
1.13586426,-90.54638000,-74.34876000
1.13647461,-94.38775000,-67.83321000
1.13708496,-94.12378000,-65.72063000
1.13769531,-102.03320000,-67.94670000
1.13830566,-91.95511000,-73.18073000
1.13891602,-86.17901000,-69.87013000
1.13952637,-84.51031000,-67.66937000
1.14013672,-87.36297000,-68.88464000
1.14074707,-88.97872000,-71.84450000
1.14135742,-86.58562000,-75.46483000
1.14196777,-96.98370000,-75.90825000
1.14257813,-94.95642000,-73.30590000
1.14318848,-91.29474000,-70.30743000
1.14379883,-90.62270000,-68.59299000
1.14440918,-97.21058000,-69.04575000
1.14501953,-86.43703000,-73.71607000
1.14562988,-89.90538000,-83.16953000
1.14624023,-96.72060000,-83.73977000
1.14685059,-99.23712000,-74.53880000
1.14746094,-103.05570000,-68.28632000
1.14807129,-90.92774000,-70.35950000
1.14868164,-86.66492000,-69.11315000
1.14929199,-80.11764000,-64.42307000
1.14990234,-79.20670000,-64.04640000
1.15051270,-87.95534000,-72.39473000
1.15112305,-100.24780000,-86.94510000
1.15173340,-113.99200000,-75.37264000
1.15234375,-94.15238000,-78.33247000
1.15295410,-93.66134000,-85.15504000
1.15356445,-95.08976000,-80.89548000
1.15417480,-110.98910000,-76.43349000
1.15478516,-94.15881000,-76.12119000
1.15539551,-90.70302000,-76.65663000
1.15600586,-91.04801000,-76.08347000
1.15661621,-88.67955000,-75.18902000
1.15722656,-90.57675000,-74.83378000
1.15783691,-95.49400000,-82.53566000
1.15844727,-89.21340000,-70.27866000
1.15905762,-91.94250000,-68.72305000
1.15966797,-92.12440000,-78.36422000
1.16027832,-93.91835000,-72.41399000
1.16088867,-99.09967000,-77.15909000
1.16149902,-112.65060000,-80.77770000
1.16210938,-98.80568000,-76.96793000
1.16271973,-98.38927000,-75.75309000
1.16333008,-103.23970000,-80.52757000
1.16394043,-98.47787000,-76.01556000
1.16455078,-91.83408000,-69.28693000
1.16516113,-87.78561000,-67.96388000
1.16577148,-88.71461000,-72.45367000
1.16638184,-97.06753000,-86.80257000
1.16699219,-94.67841000,-78.01608000
1.16760254,-88.54928000,-75.01355000
1.16821289,-84.15303000,-75.67611000
1.16882324,-84.04777000,-72.11503000
1.16943359,-86.91476000,-68.73705000
1.17004395,-89.78703000,-69.41491000
1.17065430,-88.96938000,-76.28099000
1.17126465,-85.12605000,-77.69018000
1.17187500,-94.06392000,-78.32988000
1.17248535,-93.68000000,-75.40176000
1.17309570,-93.36391000,-80.67400000
1.17370605,-97.08109000,-81.63602000
1.17431641,-92.00825000,-75.97194000
1.17492676,-94.36790000,-74.66060000
1.17553711,-96.71239000,-92.91168000
1.17614746,-93.25989000,-74.17963000
1.17675781,-97.03148000,-74.01603000
1.17736816,-101.26770000,-76.55285000
1.17797852,-95.86540000,-71.68923000
1.17858887,-94.57230000,-66.98418000
1.17919922,-96.07185000,-67.92744000
1.17980957,-94.09501000,-73.55738000
1.18041992,-109.27310000,-78.55280000
1.18103027,-88.18750000,-86.25327000
1.18164063,-84.98035000,-76.94083000
1.18225098,-87.77512000,-69.67642000
1.18286133,-91.39828000,-67.93374000
1.18347168,-93.30402000,-70.49470000
1.18408203,-97.02422000,-75.86832000
1.18469238,-96.02991000,-77.99767000
1.18530273,-90.50785000,-72.52540000
1.18591309,-87.33456000,-82.51812000
1.18652344,-87.31564000,-74.45210000
1.18713379,-88.56037000,-75.36222000
1.18774414,-89.98673000,-87.26411000
1.18835449,-93.47079000,-81.81641000
1.18896484,-95.68663000,-78.79072000
1.18957520,-102.04600000,-71.99123000
1.19018555,-94.13247000,-70.68416000
1.19079590,-90.06252000,-73.66757000
1.19140625,-88.23799000,-80.21002000
1.19201660,-86.54911000,-78.84645000
1.19262695,-88.37202000,-72.96561000
1.19323730,-95.11708000,-73.39487000
1.19384766,-94.37538000,-86.77699000
1.19445801,-90.94695000,-77.14035000
1.19506836,-92.14252000,-75.88378000
1.19567871,-100.76960000,-79.93602000
1.19628906,-99.85970000,-75.86520000
1.19689941,-89.61517000,-80.57961000
1.19750977,-90.14724000,-72.75145000
1.19812012,-99.37152000,-67.01804000
1.19873047,-98.95673000,-70.59846000
1.19934082,-85.12300000,-76.02136000
1.19995117,-82.56074000,-76.15462000
1.20056152,-89.62616000,-76.98279000
1.20117188,-96.71217000,-77.84131000
1.20178223,-91.81073000,-79.07445000
1.20239258,-96.41431000,-74.61426000
1.20300293,-97.11029000,-76.09519000
1.20361328,-92.66342000,-73.93295000
1.20422363,-92.93518000,-75.16160000
1.20483398,-89.01559000,-75.90141000
1.20544434,-87.66010000,-74.59004000
1.20605469,-92.77332000,-75.98266000
1.20666504,-94.16545000,-73.42452000
1.20727539,-108.19010000,-67.39450000
1.20788574,-91.36227000,-66.49079000
1.20849609,-91.48816000,-69.09501000
1.20910645,-93.38779000,-73.92850000
1.20971680,-100.15650000,-65.31615000
1.21032715,-104.07330000,-64.40095000
1.21093750,-109.09890000,-69.84364000
1.21154785,-95.23157000,-74.65385000
1.21215820,-104.07670000,-72.41664000
1.21276855,-103.39700000,-76.97081000
1.21337891,-101.03450000,-89.95863000
1.21398926,-96.12479000,-80.03266000
1.21459961,-94.17982000,-78.37907000
1.21520996,-97.82864000,-97.08485000
1.21582031,-96.14532000,-79.98675000
1.21643066,-98.05001000,-71.85390000
1.21704102,-93.84423000,-68.53126000
1.21765137,-104.94630000,-74.28217000
1.21826172,-90.97131000,-75.25497000
1.21887207,-88.78959000,-72.61216000
1.21948242,-95.95862000,-72.75907000
1.22009277,-102.21360000,-68.21913000
1.22070313,-93.46135000,-68.75526000
1.22131348,-93.62244000,-69.11163000
1.22192383,-96.71454000,-73.40704000
1.22253418,-96.20003000,-84.02277000
1.22314453,-98.47137000,-76.95483000
1.22375488,-98.23055000,-82.06317000
1.22436523,-95.50195000,-77.09966000
1.22497559,-98.95798000,-72.61523000
1.22558594,-96.37042000,-69.98634000
1.22619629,-91.93061000,-70.92071000
1.22680664,-101.39710000,-76.49268000
1.22741699,-92.09819000,-74.59603000
1.22802734,-88.23371000,-69.82771000
1.22863770,-89.12956000,-70.12888000
1.22924805,-86.80579000,-69.18191000
1.22985840,-81.34244000,-70.65878000
1.23046875,-82.87711000,-76.45565000
1.23107910,-87.54431000,-77.36669000
1.23168945,-92.12273000,-77.48351000
1.23229980,-98.67851000,-72.11635000
1.23291016,-93.77348000,-76.19279000
1.23352051,-92.40987000,-74.44418000
1.23413086,-94.20757000,-68.99842000
1.23474121,-90.02357000,-70.70720000
1.23535156,-88.70621000,-80.43621000
1.23596191,-89.36687000,-82.07851000
1.23657227,-91.80046000,-90.34033000
1.23718262,-90.55035000,-79.78603000
1.23779297,-91.87149000,-70.36885000
1.23840332,-107.24450000,-69.04098000
1.23901367,-92.81569000,-73.81516000
1.23962402,-91.43623000,-83.46738000
1.24023438,-104.57520000,-76.68916000
1.24084473,-90.40195000,-75.31999000
1.24145508,-91.63164000,-74.11552000
1.24206543,-114.10260000,-78.87518000
1.24267578,-91.71028000,-78.96775000
1.24328613,-88.99419000,-78.58060000
1.24389648,-96.73981000,-80.22477000
1.24450684,-95.98567000,-71.63721000
1.24511719,-89.68499000,-67.91003000
1.24572754,-87.10609000,-67.89830000
1.24633789,-87.05339000,-71.79978000
1.24694824,-91.66984000,-78.22273000
1.24755859,-104.94830000,-89.72797000
1.24816895,-98.17490000,-75.69556000
1.24877930,-101.70890000,-71.83526000
1.24938965,-85.47386000,-73.03178000
1.25000000,-83.61234000,-74.94040000
1.25061035,-90.93755000,-73.09421000
1.25122070,-114.14230000,-71.99017000
1.25183105,-91.63594000,-71.23162000
1.25244141,-92.11941000,-72.70818000
1.25305176,-96.82565000,-76.30644000
1.25366211,-97.63364000,-74.20045000
1.25427246,-88.13625000,-73.01716000
1.25488281,-87.37611000,-73.28752000
1.25549316,-94.04475000,-76.39842000
1.25610352,-97.93129000,-73.40583000
1.25671387,-99.56223000,-69.02998000
1.25732422,-99.09685000,-72.43652000
1.25793457,-89.06185000,-74.58135000
1.25854492,-91.79945000,-76.02550000
1.25915527,-90.35442000,-82.29504000
1.25976563,-90.55750000,-79.37939000
1.26037598,-96.58736000,-74.16522000
1.26098633,-97.65506000,-78.07481000
1.26159668,-89.49887000,-72.69856000
1.26220703,-82.68562000,-69.50077000
1.26281738,-85.00148000,-76.10764000
1.26342773,-97.35208000,-76.55601000
1.26403809,-94.04326000,-70.89864000
1.26464844,-93.14510000,-72.64738000
1.26525879,-93.46419000,-71.15680000
1.26586914,-86.18250000,-73.44957000
1.26647949,-89.32502000,-71.26373000
1.26708984,-87.22535000,-73.81900000
1.26770020,-87.95314000,-74.91311000
1.26831055,-94.99245000,-70.96868000
1.26892090,-92.24789000,-70.92994000
1.26953125,-85.03132000,-77.16878000
1.27014160,-83.21419000,-77.24426000
1.27075195,-85.80585000,-69.16983000
1.27136230,-93.69269000,-70.44615000
1.27197266,-89.00684000,-70.02558000
1.27258301,-84.26608000,-72.09279000
1.27319336,-86.55452000,-72.40993000
1.27380371,-99.28725000,-72.21786000
1.27441406,-94.58144000,-75.93835000
1.27502441,-88.14676000,-74.54308000
1.27563477,-87.37572000,-74.73781000
1.27624512,-89.05045000,-77.61904000
1.27685547,-92.72748000,-77.73566000
1.27746582,-96.32455000,-73.34696000
1.27807617,-91.01315000,-70.50798000
1.27868652,-90.49934000,-68.92286000
1.27929688,-86.89355000,-69.47933000
1.27990723,-90.12200000,-78.09357000
1.28051758,-95.01202000,-73.20897000
1.28112793,-87.53373000,-79.18036000
1.28173828,-95.75542000,-83.80761000
1.28234863,-93.90100000,-86.95805000
1.28295898,-91.64313000,-83.56868000
1.28356934,-98.38235000,-84.61953000
1.28417969,-86.30925000,-76.12685000
1.28479004,-85.72169000,-79.35079000
1.28540039,-90.52649000,-82.02153000
1.28601074,-98.04453000,-74.00285000
1.28662109,-90.24063000,-73.54495000
1.28723145,-86.29391000,-73.34035000
1.28784180,-93.43887000,-71.58388000
1.28845215,-91.26023000,-78.32955000
1.28906250,-82.74222000,-75.94921000
1.28967285,-75.44569000,-74.86604000
1.29028320,-77.49287000,-78.22723000
1.29089355,-86.87849000,-72.08295000
1.29150391,-96.32138000,-72.24889000
1.29211426,-94.87326000,-71.24947000
1.29272461,-88.79572000,-74.34856000
1.29333496,-88.46193000,-71.99741000
1.29394531,-89.58708000,-75.08198000
1.29455566,-89.03610000,-77.63180000
1.29516602,-91.19506000,-80.71169000
1.29577637,-93.05122000,-84.65133000
1.29638672,-91.17844000,-73.52109000
1.29699707,-88.96407000,-75.06522000
1.29760742,-88.47011000,-84.74227000
1.29821777,-89.90881000,-79.22442000
1.29882813,-90.17705000,-74.47017000
1.29943848,-92.37701000,-80.36584000
1.30004883,-90.29622000,-77.48829000
1.30065918,-89.31287000,-79.91580000
1.30126953,-93.78066000,-76.69683000
1.30187988,-103.16450000,-71.68647000
1.30249023,-96.31722000,-69.51297000
1.30310059,-94.58452000,-68.58451000
1.30371094,-92.23897000,-68.13953000
1.30432129,-86.71625000,-71.13359000
1.30493164,-86.68823000,-74.34682000
1.30554199,-103.46130000,-74.56445000
1.30615234,-89.92255000,-73.80903000
1.30676270,-94.63936000,-71.35378000
1.30737305,-99.03382000,-74.23976000
1.30798340,-110.72280000,-75.81210000
1.30859375,-97.42034000,-82.81800000
1.30920410,-91.96639000,-78.73929000
1.30981445,-95.08961000,-77.32986000
1.31042480,-92.98552000,-85.77125000
1.31103516,-87.47745000,-76.84726000
1.31164551,-88.80683000,-74.03639000
1.31225586,-90.58102000,-72.51464000
1.31286621,-91.39360000,-71.96570000
1.31347656,-97.74240000,-81.99980000
1.31408691,-95.57414000,-76.39997000
1.31469727,-87.39956000,-78.54076000
1.31530762,-86.18909000,-86.81166000
1.31591797,-86.86996000,-77.70718000
1.31652832,-86.38154000,-82.31583000
1.31713867,-89.58160000,-69.91136000
1.31774902,-102.21660000,-68.72941000
1.31835938,-88.77458000,-80.13798000
1.31896973,-85.15221000,-76.73310000
1.31958008,-86.21828000,-78.18559000
1.32019043,-89.51463000,-87.35511000
1.32080078,-86.95156000,-80.68051000
1.32141113,-96.50291000,-82.85663000
1.32202148,-96.24237000,-77.09010000
1.32263184,-99.65569000,-76.95442000
1.32324219,-95.33889000,-78.07066000
1.32385254,-92.59277000,-78.07636000
1.32446289,-97.88072000,-77.42888000
1.32507324,-99.79956000,-79.72296000
1.32568359,-92.49924000,-80.31533000
1.32629395,-92.87449000,-76.13741000
1.32690430,-99.88138000,-76.16149000
1.32751465,-96.50743000,-96.31717000
1.32812500,-96.92802000,-79.25616000
1.32873535,-95.05496000,-89.43419000
1.32934570,-101.13520000,-73.36118000
1.32995605,-110.72940000,-74.45777000
1.33056641,-100.72640000,-75.67148000
1.33117676,-105.07680000,-79.41251000
1.33178711,-98.24911000,-82.76943000
1.33239746,-94.85527000,-72.22680000
1.33300781,-92.54729000,-69.87102000
1.33361816,-91.58138000,-74.90739000
1.33422852,-96.32704000,-86.45194000
1.33483887,-99.73637000,-85.22134000
1.33544922,-93.28734000,-73.83556000
1.33605957,-94.18583000,-72.53045000
1.33666992,-111.34590000,-76.37910000
1.33728027,-94.45808000,-91.92234000
1.33789063,-89.97491000,-77.20529000
1.33850098,-87.06918000,-75.94544000
1.33911133,-87.89353000,-75.18507000
1.33972168,-94.50694000,-77.38371000
1.34033203,-104.96420000,-88.93245000
1.34094238,-93.72676000,-86.07713000
1.34155273,-97.98177000,-85.93125000
1.34216309,-89.82388000,-82.60733000
1.34277344,-84.30283000,-79.99973000
1.34338379,-87.76552000,-71.74027000
1.34399414,-105.52850000,-68.47388000
1.34460449,-99.69563000,-69.81378000
1.34521484,-96.19843000,-73.51170000
1.34582520,-88.05768000,-75.01897000
1.34643555,-86.87557000,-77.45100000
1.34704590,-92.29191000,-80.17830000
1.34765625,-94.88816000,-72.27306000
1.34826660,-98.68304000,-75.65381000
1.34887695,-94.19196000,-76.84323000
1.34948730,-83.63673000,-72.47157000
1.35009766,-82.72681000,-71.11346000
1.35070801,-91.23082000,-69.56859000
1.35131836,-95.41329000,-74.65037000
1.35192871,-92.72841000,-72.99606000
1.35253906,-101.68660000,-77.48232000
1.35314941,-93.29767000,-85.16606000
1.35375977,-94.90279000,-84.33923000
1.35437012,-97.28692000,-80.84431000
1.35498047,-95.69210000,-84.69600000
1.35559082,-99.68780000,-79.33154000
1.35620117,-88.94682000,-80.84641000
1.35681152,-89.28593000,-75.02915000
1.35742188,-90.52731000,-77.67099000
1.35803223,-94.28035000,-72.35898000
1.35864258,-95.96634000,-76.56227000
1.35925293,-88.35732000,-78.13766000
1.35986328,-87.23421000,-71.46407000
1.36047363,-101.97040000,-72.33428000
1.36108398,-86.68702000,-78.30228000
1.36169434,-93.13055000,-77.84711000
1.36230469,-91.81166000,-74.61506000
1.36291504,-89.75574000,-73.62022000
1.36352539,-95.23451000,-75.61645000
1.36413574,-94.12503000,-78.08997000
1.36474609,-110.46880000,-74.09386000
1.36535645,-90.71095000,-79.98649000
1.36596680,-86.35011000,-77.65174000
1.36657715,-87.95541000,-73.54404000
1.36718750,-104.06930000,-71.01043000
1.36779785,-94.58168000,-71.98966000
1.36840820,-93.64580000,-76.25563000
1.36901855,-91.12532000,-70.74044000
1.36962891,-86.01277000,-68.63425000
1.37023926,-84.82518000,-70.53865000
1.37084961,-89.98875000,-74.74019000
1.37145996,-96.03820000,-75.57127000
1.37207031,-87.74261000,-73.50854000
1.37268066,-84.98913000,-80.92744000
1.37329102,-86.84314000,-77.83893000
1.37390137,-93.60318000,-74.63564000
1.37451172,-103.01870000,-77.28587000
1.37512207,-101.03550000,-80.57281000
1.37573242,-98.41464000,-83.89759000
1.37634277,-96.64914000,-87.84081000
1.37695313,-94.66257000,-78.19946000
1.37756348,-94.68936000,-76.78426000
1.37817383,-90.20992000,-91.44360000
1.37878418,-88.61114000,-75.41896000
1.37939453,-89.35103000,-75.29522000
1.38000488,-87.76648000,-79.33609000
1.38061523,-90.45801000,-83.61732000
1.38122559,-89.93391000,-73.44382000
1.38183594,-91.58162000,-71.65321000
1.38244629,-103.01560000,-70.66189000
1.38305664,-105.82660000,-68.50108000
1.38366699,-98.84022000,-70.99854000
1.38427734,-94.82276000,-79.81864000
1.38488770,-89.62714000,-77.68527000
1.38549805,-87.09570000,-79.05765000
1.38610840,-90.11153000,-71.21498000
1.38671875,-98.26417000,-72.08533000
1.38732910,-91.47079000,-80.99084000
1.38793945,-90.80476000,-81.90709000
1.38854980,-88.00300000,-78.36835000
1.38916016,-91.23809000,-73.59355000
1.38977051,-103.74880000,-69.16016000
1.39038086,-100.16530000,-69.72841000
1.39099121,-94.32411000,-73.53436000
1.39160156,-95.40192000,-75.03327000
1.39221191,-110.92930000,-72.88963000
1.39282227,-100.35960000,-78.33416000
1.39343262,-95.02826000,-78.90731000
1.39404297,-86.60400000,-71.90114000
1.39465332,-85.37862000,-70.54006000
1.39526367,-93.24574000,-76.45919000
1.39587402,-94.98167000,-70.87903000
1.39648438,-93.80627000,-69.35410000
1.39709473,-92.37309000,-70.23113000
1.39770508,-92.99570000,-74.19707000
1.39831543,-101.29310000,-76.40450000
1.39892578,-90.12311000,-71.34774000
1.39953613,-91.42595000,-69.16629000
1.40014648,-91.20350000,-68.68058000
1.40075684,-91.66408000,-68.88190000
1.40136719,-95.53947000,-72.06750000
1.40197754,-91.17005000,-75.74052000
1.40258789,-93.04668000,-74.26782000
1.40319824,-103.69180000,-73.15227000
1.40380859,-90.69485000,-74.31848000
1.40441895,-94.26475000,-73.82300000
1.40502930,-105.07320000,-74.20688000
1.40563965,-108.44150000,-81.96938000
1.40625000,-93.82410000,-68.89342000
1.40686035,-90.80591000,-68.70630000
1.40747070,-90.66460000,-72.04829000
1.40808105,-90.92841000,-71.17303000
1.40869141,-94.94839000,-67.57529000
1.40930176,-90.79487000,-65.86411000
1.40991211,-87.44531000,-66.59003000
1.41052246,-90.75813000,-71.26459000
1.41113281,-102.61130000,-77.80511000
1.41174316,-94.05923000,-78.54029000
1.41235352,-89.26803000,-75.15685000
1.41296387,-90.71637000,-73.43654000
1.41357422,-99.55495000,-71.42462000
1.41418457,-97.62158000,-74.25673000
1.41479492,-100.37640000,-87.82215000
1.41540527,-96.98109000,-72.26659000
1.41601563,-93.65506000,-72.98034000
1.41662598,-94.42786000,-78.94120000
1.41723633,-91.14885000,-79.07060000
1.41784668,-88.59422000,-76.82168000
1.41845703,-90.83757000,-81.45821000
1.41906738,-89.83634000,-80.56366000
1.41967773,-92.27040000,-82.03571000
1.42028809,-98.40478000,-78.95824000
1.42089844,-100.08670000,-73.14536000
1.42150879,-100.95430000,-71.01945000
1.42211914,-104.08440000,-77.87933000
1.42272949,-101.39530000,-77.47531000
1.42333984,-98.20472000,-74.36518000
1.42395020,-100.66480000,-81.91644000
1.42456055,-91.73544000,-80.72209000
1.42517090,-89.14760000,-67.67516000
1.42578125,-95.27444000,-64.64838000
1.42639160,-97.71511000,-65.27541000
1.42700195,-94.51199000,-66.76075000
1.42761230,-93.35358000,-71.54578000
1.42822266,-90.20438000,-77.65434000
1.42883301,-87.36058000,-73.03690000
1.42944336,-86.76681000,-72.24128000
1.43005371,-87.01122000,-71.57500000
1.43066406,-91.90090000,-79.53233000
1.43127441,-90.84206000,-84.34587000
1.43188477,-87.39317000,-86.09242000
1.43249512,-86.86052000,-76.11479000
1.43310547,-86.99029000,-69.43486000
1.43371582,-91.59051000,-68.31961000
1.43432617,-98.71055000,-71.47417000
1.43493652,-89.92507000,-77.38960000
1.43554688,-90.06157000,-76.56170000
1.43615723,-91.85464000,-73.61231000
1.43676758,-95.31546000,-72.03843000
1.43737793,-94.36449000,-69.44868000
1.43798828,-90.78461000,-73.56210000
1.43859863,-90.92789000,-94.84618000
1.43920898,-90.76297000,-82.18666000
1.43981934,-95.97954000,-76.68067000
1.44042969,-96.14228000,-81.89668000
1.44104004,-95.55335000,-78.29852000
1.44165039,-100.67240000,-73.81271000
1.44226074,-95.64691000,-72.48936000
1.44287109,-100.61140000,-69.83538000
1.44348145,-95.00611000,-75.04781000
1.44409180,-88.93681000,-87.16732000
1.44470215,-88.16006000,-80.89256000
1.44531250,-88.85870000,-76.69635000
1.44592285,-92.49500000,-77.78273000
1.44653320,-93.78867000,-70.96232000
1.44714355,-89.48198000,-69.55697000
1.44775391,-94.54179000,-73.29890000
1.44836426,-98.67307000,-79.45700000
1.44897461,-88.34777000,-73.52660000
1.44958496,-84.59003000,-71.21040000
1.45019531,-90.01632000,-70.81670000
1.45080566,-90.96236000,-73.65146000
1.45141602,-90.01859000,-79.10972000
1.45202637,-92.55868000,-99.57321000
1.45263672,-89.09744000,-78.29102000
1.45324707,-84.86092000,-85.76865000
1.45385742,-83.37288000,-78.00615000
1.45446777,-85.07507000,-73.96767000
1.45507813,-85.97694000,-73.93323000
1.45568848,-89.28055000,-72.50936000
1.45629883,-96.10245000,-74.39336000
1.45690918,-96.01355000,-75.31794000
1.45751953,-91.38923000,-74.08288000
1.45812988,-95.00565000,-74.95036000
1.45874023,-99.36543000,-81.42587000
1.45935059,-90.88206000,-72.71031000
1.45996094,-91.58367000,-74.58649000
1.46057129,-94.00720000,-72.63649000
1.46118164,-90.90214000,-74.69676000
1.46179199,-91.65078000,-72.79198000
1.46240234,-101.44330000,-70.11696000
1.46301270,-99.67909000,-68.75520000
1.46362305,-97.87030000,-66.87745000
1.46423340,-93.38112000,-68.10569000
1.46484375,-96.79261000,-76.29140000
1.46545410,-87.50787000,-73.76170000
1.46606445,-86.26530000,-74.99387000
1.46667480,-92.48351000,-74.43783000
1.46728516,-103.17740000,-83.51230000
1.46789551,-94.38884000,-75.39021000
1.46850586,-90.88705000,-72.23670000
1.46911621,-96.72950000,-76.02051000
1.46972656,-91.36868000,-76.59797000
1.47033691,-85.84961000,-83.05510000
1.47094727,-90.85552000,-71.93045000
1.47155762,-93.94702000,-70.17467000
1.47216797,-87.12369000,-72.33996000
1.47277832,-87.20478000,-73.01541000
1.47338867,-93.42986000,-76.16105000
1.47399902,-93.38571000,-74.63413000
1.47460938,-90.10445000,-72.06056000
1.47521973,-109.49180000,-76.17225000
1.47583008,-93.99411000,-79.72281000
1.47644043,-96.69702000,-74.60794000
1.47705078,-96.15188000,-83.01689000
1.47766113,-95.47249000,-88.22289000
1.47827148,-93.07932000,-74.63838000
1.47888184,-109.35220000,-67.91917000
1.47949219,-93.22086000,-69.62625000
1.48010254,-89.71785000,-84.38496000
1.48071289,-91.18575000,-80.31294000
1.48132324,-99.86624000,-92.81555000
1.48193359,-94.36703000,-78.29639000
1.48254395,-94.52002000,-76.12912000
1.48315430,-97.22401000,-76.04839000
1.48376465,-95.64169000,-74.02408000
1.48437500,-89.69783000,-70.41364000
1.48498535,-92.38727000,-71.27861000
1.48559570,-100.60050000,-75.46321000
1.48620605,-95.92784000,-86.96326000
1.48681641,-91.02886000,-78.10725000
1.48742676,-91.86331000,-76.92710000
1.48803711,-94.28799000,-77.00245000
1.48864746,-96.40533000,-84.19746000
1.48925781,-89.48618000,-76.67049000
1.48986816,-91.49812000,-72.88528000
1.49047852,-90.71738000,-74.84060000
1.49108887,-89.39816000,-77.95851000
1.49169922,-100.81560000,-73.92389000
1.49230957,-90.56319000,-71.91225000
1.49291992,-86.34369000,-72.34244000
1.49353027,-87.41894000,-72.17216000
1.49414063,-94.83231000,-76.13563000
1.49475098,-94.73954000,-80.42169000
1.49536133,-89.43402000,-83.34888000
1.49597168,-93.66547000,-77.09258000
1.49658203,-101.03580000,-75.51896000
1.49719238,-97.20229000,-86.12192000
1.49780273,-92.59358000,-71.58241000
1.49841309,-90.03476000,-67.22735000
1.49902344,-86.56875000,-66.33553000
1.49963379,-87.38753000,-70.13407000
1.50024414,-94.22194000,-90.31210000
1.50085449,-100.62990000,-74.36955000
1.50146484,-92.29518000,-73.39418000
1.50207520,-104.16950000,-69.88244000
1.50268555,-97.53503000,-70.15740000
1.50329590,-93.29028000,-72.08411000
1.50390625,-87.80537000,-81.88454000
1.50451660,-86.27341000,-72.36785000
1.50512695,-90.62048000,-69.21908000
1.50573730,-90.84026000,-74.82855000
1.50634766,-96.54758000,-82.98672000
1.50695801,-90.00883000,-80.94570000
1.50756836,-91.13771000,-75.81842000
1.50817871,-100.93600000,-72.87469000
1.50878906,-94.11935000,-73.00799000
1.50939941,-93.68813000,-70.90381000
1.51000977,-91.08171000,-74.42054000
1.51062012,-91.98572000,-74.92129000
1.51123047,-96.38304000,-76.49107000
1.51184082,-88.94843000,-76.34279000
1.51245117,-92.19740000,-74.96992000
1.51306152,-95.91019000,-75.80879000
1.51367188,-97.34199000,-89.94214000
1.51428223,-90.62071000,-71.01825000
1.51489258,-90.31661000,-68.95605000
1.51550293,-93.63541000,-75.06470000
1.51611328,-96.90543000,-76.88744000
1.51672363,-92.73116000,-71.16665000
1.51733398,-92.17030000,-71.10023000
1.51794434,-104.86210000,-74.45150000
1.51855469,-89.84694000,-77.68423000
1.51916504,-87.03198000,-76.16772000
1.51977539,-86.54537000,-72.57831000
1.52038574,-85.07249000,-72.51044000
1.52099609,-86.96008000,-79.28027000
1.52160645,-87.67363000,-73.69029000
1.52221680,-88.10774000,-73.90917000
1.52282715,-96.98468000,-74.67690000
1.52343750,-94.05145000,-74.56212000
1.52404785,-89.65425000,-74.70649000
1.52465820,-89.43642000,-72.29183000
1.52526855,-90.67497000,-70.24413000
1.52587891,-89.25582000,-68.54735000
1.52648926,-89.20592000,-73.00290000
1.52709961,-92.43471000,-78.22735000
1.52770996,-95.45457000,-74.35960000
1.52832031,-89.75346000,-70.18726000
1.52893066,-87.30839000,-70.79136000
1.52954102,-88.43932000,-69.94041000
1.53015137,-92.25407000,-79.09914000
1.53076172,-94.64133000,-72.72544000
1.53137207,-91.68414000,-70.03378000
1.53198242,-97.07675000,-76.62759000
1.53259277,-99.08683000,-75.73102000
1.53320313,-93.92869000,-69.44151000
1.53381348,-88.55137000,-71.91801000
1.53442383,-85.93700000,-76.61868000
1.53503418,-86.38534000,-83.93359000
1.53564453,-89.38960000,-79.33877000
1.53625488,-92.23431000,-78.42434000
1.53686523,-99.18712000,-77.60036000
1.53747559,-94.75089000,-76.60360000
1.53808594,-93.30795000,-76.37443000
1.53869629,-99.72987000,-73.33192000
1.53930664,-87.57681000,-74.64603000
1.53991699,-85.31870000,-79.46621000
1.54052734,-89.86427000,-78.44443000
1.54113770,-99.37649000,-75.20667000
1.54174805,-99.33482000,-71.97427000
1.54235840,-103.70900000,-74.47334000
1.54296875,-95.56310000,-80.01353000
1.54357910,-91.51257000,-83.20385000
1.54418945,-89.39993000,-87.66216000
1.54479980,-94.76514000,-91.91155000
1.54541016,-100.35980000,-86.22916000
1.54602051,-98.38437000,-73.98193000
1.54663086,-100.26570000,-71.86837000
1.54724121,-102.70400000,-74.81818000
1.54785156,-101.36240000,-76.04800000
1.54846191,-92.07821000,-71.90610000
1.54907227,-92.43301000,-71.89082000
1.54968262,-94.64886000,-69.55069000
1.55029297,-88.83833000,-69.96504000
1.55090332,-87.34163000,-88.27422000
1.55151367,-89.35456000,-71.28299000
1.55212402,-97.58457000,-69.49303000
1.55273438,-99.92294000,-73.53948000
1.55334473,-92.66394000,-73.45732000
1.55395508,-88.07677000,-68.68060000
1.55456543,-86.88196000,-68.49504000
1.55517578,-88.04287000,-71.79852000
1.55578613,-95.35680000,-75.62180000
1.55639648,-95.19611000,-95.82073000
1.55700684,-93.44193000,-80.10234000
1.55761719,-98.81229000,-70.25390000
1.55822754,-96.25162000,-67.08276000
1.55883789,-92.16951000,-72.08840000
1.55944824,-95.41899000,-78.93943000
1.56005859,-102.74750000,-75.44572000
1.56066895,-91.83214000,-77.07262000
1.56127930,-90.34507000,-75.95988000
1.56188965,-90.99483000,-76.41908000
1.56250000,-89.63586000,-79.35128000
1.56311035,-89.97707000,-75.68347000
1.56372070,-91.12156000,-75.10329000
1.56433105,-96.98211000,-72.89501000
1.56494141,-110.68100000,-74.05875000
1.56555176,-97.09956000,-72.48582000
1.56616211,-91.57718000,-73.67011000
1.56677246,-95.59169000,-73.01402000
1.56738281,-97.61748000,-83.24345000
1.56799316,-91.01448000,-80.61079000
1.56860352,-92.00684000,-78.30745000
1.56921387,-91.31210000,-75.93050000
1.56982422,-91.24524000,-71.85118000
1.57043457,-88.14159000,-70.93919000
1.57104492,-93.91704000,-75.03539000
1.57165527,-91.71649000,-70.69398000
1.57226563,-87.36843000,-69.07384000
1.57287598,-89.70235000,-76.65029000
1.57348633,-93.09510000,-76.94598000
1.57409668,-99.09789000,-71.07097000
1.57470703,-98.92607000,-66.70929000
1.57531738,-101.57080000,-70.40530000
1.57592773,-103.80130000,-78.77272000
1.57653809,-92.27448000,-74.01537000
1.57714844,-87.72766000,-72.03581000
1.57775879,-87.31686000,-76.18179000
1.57836914,-90.82550000,-75.08739000
1.57897949,-108.61190000,-72.28439000
1.57958984,-96.30769000,-79.19023000
1.58020020,-91.29693000,-74.57531000
1.58081055,-87.61000000,-72.76407000
1.58142090,-86.55274000,-77.85207000
1.58203125,-89.01460000,-78.48563000
1.58264160,-109.52260000,-78.62199000
1.58325195,-110.01550000,-75.18401000
1.58386230,-93.39001000,-73.16029000
1.58447266,-89.08418000,-76.09612000
1.58508301,-87.19082000,-88.80688000
1.58569336,-89.62220000,-76.22050000
1.58630371,-94.15247000,-77.08762000
1.58691406,-95.44516000,-89.01216000
1.58752441,-96.98009000,-79.17033000
1.58813477,-98.01712000,-77.28105000
1.58874512,-91.27338000,-80.03380000
1.58935547,-83.90075000,-70.24229000
1.58996582,-82.94281000,-69.86565000
1.59057617,-90.35924000,-72.30282000
1.59118652,-96.27608000,-73.48202000
1.59179688,-98.89441000,-73.14137000
1.59240723,-101.64920000,-72.82465000
1.59301758,-94.55846000,-72.73508000
1.59362793,-88.35415000,-69.51749000
1.59423828,-81.60864000,-69.87060000
1.59484863,-82.21187000,-74.40086000
1.59545898,-95.54231000,-76.72167000
1.59606934,-88.96497000,-73.19737000
1.59667969,-97.11995000,-72.86574000
1.59729004,-98.49694000,-74.45800000
1.59790039,-90.80673000,-78.19371000
1.59851074,-95.94105000,-80.59772000
1.59912109,-90.63693000,-72.39429000
1.59973145,-87.41161000,-70.66613000
1.60034180,-96.70753000,-75.19065000
1.60095215,-98.35105000,-87.68605000
1.60156250,-106.18150000,-82.28766000
1.60217285,-109.97750000,-72.69228000
1.60278320,-99.59285000,-70.48631000
1.60339355,-98.13745000,-69.17308000
1.60400391,-94.89368000,-70.35249000
1.60461426,-98.17967000,-73.93690000
1.60522461,-92.76124000,-80.79591000
1.60583496,-88.94662000,-77.56586000
1.60644531,-91.33615000,-78.69430000
1.60705566,-92.15390000,-73.21008000
1.60766602,-91.52862000,-73.85368000
1.60827637,-104.58590000,-71.40929000
1.60888672,-94.88182000,-67.27626000
1.60949707,-90.82248000,-66.27036000
1.61010742,-96.93607000,-66.83679000
1.61071777,-97.69115000,-67.79689000
1.61132813,-101.88410000,-71.96816000
1.61193848,-100.29050000,-74.79373000
1.61254883,-99.04382000,-78.70006000
1.61315918,-92.69678000,-79.31068000
1.61376953,-89.37126000,-80.63737000
1.61437988,-89.86456000,-75.43082000
1.61499023,-94.58670000,-71.03695000
1.61560059,-101.52780000,-69.58295000
1.61621094,-100.80310000,-71.20685000
1.61682129,-105.00510000,-75.00014000
1.61743164,-102.49040000,-73.38240000
1.61804199,-94.70547000,-71.68356000
1.61865234,-94.18785000,-75.85371000
1.61926270,-91.22443000,-83.11104000
1.61987305,-95.02461000,-87.16127000
1.62048340,-90.23293000,-83.77850000
1.62109375,-87.05120000,-74.63078000
1.62170410,-88.58928000,-69.60749000
1.62231445,-89.95041000,-72.65916000
1.62292480,-90.30697000,-85.28383000
1.62353516,-90.39528000,-75.51206000
1.62414551,-89.03306000,-73.81067000
1.62475586,-92.43222000,-76.61736000
1.62536621,-94.25739000,-75.09808000
1.62597656,-95.34196000,-69.93800000
1.62658691,-106.48770000,-68.38765000
1.62719727,-105.71120000,-73.32594000
1.62780762,-95.18803000,-77.08308000
1.62841797,-90.54768000,-79.13155000
1.62902832,-94.12865000,-79.08052000
1.62963867,-93.46356000,-75.55019000
1.63024902,-93.21451000,-76.04018000
1.63085938,-93.16635000,-83.79042000
1.63146973,-94.80045000,-76.58809000
1.63208008,-90.69318000,-79.39796000
1.63269043,-92.65181000,-72.45623000
1.63330078,-94.26316000,-72.72379000
1.63391113,-95.05055000,-70.40395000
1.63452148,-87.34712000,-70.76895000
1.63513184,-86.79080000,-78.58053000
1.63574219,-87.45518000,-93.38617000
1.63635254,-90.88707000,-84.48734000
1.63696289,-93.52676000,-75.98119000
1.63757324,-93.19596000,-71.97411000
1.63818359,-106.45150000,-70.83879000
1.63879395,-91.57704000,-74.10340000
1.63940430,-89.12029000,-71.68716000
1.64001465,-96.11993000,-69.64870000
1.64062500,-99.74400000,-78.45537000
1.64123535,-102.17540000,-74.11109000
1.64184570,-92.67369000,-71.61668000
1.64245605,-88.80398000,-72.47839000
1.64306641,-88.03761000,-74.81727000
1.64367676,-91.30077000,-77.49480000
1.64428711,-97.27280000,-81.99749000
1.64489746,-90.02422000,-88.87846000
1.64550781,-95.37421000,-78.93755000
1.64611816,-90.06888000,-77.98468000
1.64672852,-84.99864000,-79.14046000
1.64733887,-88.44748000,-76.56442000
1.64794922,-100.93040000,-71.51084000
1.64855957,-91.65292000,-74.76964000
1.64916992,-86.26778000,-89.50308000
1.64978027,-86.80947000,-84.62912000
1.65039063,-99.38826000,-78.70514000
1.65100098,-89.27418000,-74.30292000
1.65161133,-94.82262000,-74.84570000
1.65222168,-103.05290000,-76.24454000
1.65283203,-96.22550000,-78.72717000
1.65344238,-92.28874000,-72.97379000
1.65405273,-93.97987000,-71.84917000
1.65466309,-90.48046000,-74.97706000
1.65527344,-87.60953000,-73.16930000
1.65588379,-86.73112000,-75.63708000
1.65649414,-86.27227000,-72.39362000
1.65710449,-88.56828000,-76.62263000
1.65771484,-89.92324000,-106.08510000
1.65832520,-89.16649000,-80.93718000
1.65893555,-90.68790000,-85.74997000
1.65954590,-90.57977000,-78.45799000
1.66015625,-95.09895000,-84.96277000
1.66076660,-98.28617000,-73.63474000
1.66137695,-96.73407000,-88.71944000
1.66198730,-93.06837000,-76.71583000
1.66259766,-97.50177000,-75.68470000
1.66320801,-98.13760000,-71.14726000
1.66381836,-90.73943000,-70.25774000
1.66442871,-88.82253000,-77.14774000
1.66503906,-93.68389000,-78.45023000
1.66564941,-102.14520000,-72.81534000
1.66625977,-103.79260000,-70.74502000
1.66687012,-103.53460000,-70.68999000
1.66748047,-97.02750000,-74.06216000
1.66809082,-102.66020000,-77.79489000
1.66870117,-102.17290000,-75.45232000
1.66931152,-99.18501000,-72.83387000
1.66992188,-93.98724000,-72.54324000
1.67053223,-93.51540000,-76.85884000
1.67114258,-93.61099000,-80.41376000
1.67175293,-89.27101000,-77.24061000
1.67236328,-86.42569000,-82.68237000
1.67297363,-89.99013000,-73.41731000
1.67358398,-86.19598000,-68.69973000
1.67419434,-85.57034000,-74.78795000
1.67480469,-92.93331000,-80.46321000
1.67541504,-101.02970000,-94.93073000
1.67602539,-97.62353000,-80.21720000
1.67663574,-90.85908000,-84.20323000
1.67724609,-88.77555000,-71.71676000
1.67785645,-90.24338000,-74.34780000
1.67846680,-91.97479000,-83.24596000
1.67907715,-88.64272000,-78.08559000
1.67968750,-85.36797000,-76.89758000
1.68029785,-88.47678000,-75.99591000
1.68090820,-101.02830000,-73.32056000
1.68151855,-93.47076000,-78.77130000
1.68212891,-92.84436000,-86.56796000
1.68273926,-90.29418000,-85.30350000
1.68334961,-90.74159000,-74.46711000
1.68395996,-102.24060000,-71.32739000
1.68457031,-94.69112000,-77.78560000
1.68518066,-93.31862000,-78.71253000
1.68579102,-90.38722000,-76.09727000
1.68640137,-89.93643000,-75.45350000
1.68701172,-96.43719000,-76.37162000
1.68762207,-98.28963000,-75.81507000
1.68823242,-92.68619000,-72.58300000
1.68884277,-93.65411000,-75.41432000
1.68945313,-97.30233000,-83.15085000
1.69006348,-95.91724000,-86.49741000
1.69067383,-95.64095000,-84.85206000
1.69128418,-88.65768000,-87.15237000
1.69189453,-87.36835000,-75.16198000
1.69250488,-90.22769000,-70.01773000
1.69311523,-99.19511000,-72.19875000
1.69372559,-91.46248000,-80.59776000
1.69433594,-81.75259000,-77.06855000
1.69494629,-81.79465000,-72.25686000
1.69555664,-88.20764000,-77.31674000
1.69616699,-85.98359000,-70.64698000
1.69677734,-85.04082000,-67.75781000
1.69738770,-90.38855000,-68.57487000
1.69799805,-99.55324000,-71.25867000
1.69860840,-92.13196000,-78.10077000
1.69921875,-91.57227000,-73.05275000
1.69982910,-90.98163000,-72.36663000
1.70043945,-100.51690000,-79.63998000
1.70104980,-94.46140000,-75.45999000
1.70166016,-89.10004000,-77.54035000
1.70227051,-88.51118000,-85.95738000
1.70288086,-91.54805000,-75.62962000
1.70349121,-110.76400000,-71.96771000
1.70410156,-92.20780000,-66.14857000
1.70471191,-90.32251000,-65.38713000
1.70532227,-96.50980000,-69.82802000
1.70593262,-97.55383000,-95.73463000
1.70654297,-88.74025000,-71.52089000
1.70715332,-86.91472000,-71.43107000
1.70776367,-87.78825000,-81.43063000
1.70837402,-87.60998000,-70.13393000
1.70898438,-88.20441000,-69.10973000
1.70959473,-87.25299000,-72.20050000
1.71020508,-87.81168000,-73.37051000
1.71081543,-89.40865000,-74.85892000
1.71142578,-90.31067000,-74.29613000
1.71203613,-92.68166000,-79.46059000
1.71264648,-97.26243000,-70.25964000
1.71325684,-101.61410000,-68.46350000
1.71386719,-99.40670000,-71.63110000
1.71447754,-109.29330000,-73.34832000
1.71508789,-98.22682000,-87.76020000
1.71569824,-89.35128000,-73.26041000
1.71630859,-88.05112000,-75.72967000
1.71691895,-89.84767000,-68.25237000
1.71752930,-89.42419000,-71.04531000
1.71813965,-90.44639000,-73.63001000
1.71875000,-91.43719000,-70.93850000
1.71936035,-94.70390000,-70.34109000
1.71997070,-92.63617000,-71.53535000
1.72058105,-88.11311000,-69.04469000
1.72119141,-88.55763000,-67.44872000
1.72180176,-92.11157000,-73.22406000
1.72241211,-94.17736000,-71.68832000
1.72302246,-94.22267000,-75.52916000
1.72363281,-94.69468000,-72.82227000
1.72424316,-87.28123000,-74.87045000
1.72485352,-89.16106000,-81.21495000
1.72546387,-106.80220000,-82.22223000
1.72607422,-90.24025000,-74.94823000
1.72668457,-88.91298000,-76.09911000
1.72729492,-90.15305000,-83.61189000
1.72790527,-93.24327000,-74.94940000
1.72851563,-115.54860000,-71.74817000
1.72912598,-96.72878000,-78.37826000
1.72973633,-93.41319000,-77.46444000
1.73034668,-94.47868000,-74.93356000
1.73095703,-91.49460000,-74.75636000
1.73156738,-93.01388000,-78.50119000
1.73217773,-92.13197000,-77.34002000
1.73278809,-99.33458000,-75.60297000
1.73339844,-92.34674000,-71.31059000
1.73400879,-92.91348000,-74.97319000
1.73461914,-94.61972000,-72.64915000
1.73522949,-88.05772000,-76.69886000
1.73583984,-89.05247000,-75.33234000
1.73645020,-101.15330000,-74.74942000
1.73706055,-96.64101000,-80.55939000
1.73767090,-99.82323000,-76.49588000
1.73828125,-89.94056000,-75.72234000
1.73889160,-88.89851000,-69.21473000
1.73950195,-90.95333000,-68.56094000
1.74011230,-93.07555000,-74.15968000
1.74072266,-99.84975000,-74.88791000
1.74133301,-93.80411000,-71.10941000
1.74194336,-93.29259000,-80.84193000
1.74255371,-98.61833000,-76.73926000
1.74316406,-97.76981000,-77.80508000
1.74377441,-90.01977000,-85.51585000
1.74438477,-90.35358000,-84.06310000
1.74499512,-101.58120000,-81.49979000
1.74560547,-100.72450000,-78.79926000
1.74621582,-95.33762000,-78.91006000
1.74682617,-93.89583000,-85.85346000
1.74743652,-93.85930000,-77.88375000
1.74804688,-99.10912000,-75.54860000
1.74865723,-106.54380000,-76.46613000
1.74926758,-93.20810000,-71.06097000
1.74987793,-89.31548000,-71.10764000
1.75048828,-97.59235000,-75.09731000
1.75109863,-99.96350000,-75.17499000
1.75170898,-94.77199000,-78.22210000
1.75231934,-87.85933000,-77.97678000
1.75292969,-89.87710000,-70.31432000
1.75354004,-91.12334000,-68.62688000
1.75415039,-96.33133000,-73.55912000
1.75476074,-93.95744000,-77.34618000
1.75537109,-90.95792000,-72.33932000
1.75598145,-94.00867000,-70.76887000
1.75659180,-99.80499000,-71.88634000
1.75720215,-93.62870000,-76.17410000
1.75781250,-88.01721000,-79.76865000
1.75842285,-92.14955000,-78.10021000
1.75903320,-96.02142000,-75.22824000
1.75964355,-91.53359000,-78.52395000
1.76025391,-90.20554000,-84.75551000
1.76086426,-91.04237000,-82.13924000
1.76147461,-91.13290000,-85.52887000
1.76208496,-86.70318000,-76.10393000
1.76269531,-89.54301000,-76.37970000
1.76330566,-97.37187000,-73.15438000
1.76391602,-96.93935000,-76.14981000
1.76452637,-102.85090000,-82.24188000
1.76513672,-96.79885000,-77.85023000
1.76574707,-94.94850000,-72.30624000
1.76635742,-95.61319000,-70.87805000
1.76696777,-93.86478000,-70.11375000
1.76757813,-99.30476000,-69.14711000
1.76818848,-105.49960000,-71.62981000
1.76879883,-89.38778000,-78.23578000
1.76940918,-85.70588000,-71.28083000
1.77001953,-88.63654000,-70.29852000
1.77062988,-97.59192000,-86.17942000
1.77124023,-100.31330000,-80.37154000
1.77185059,-99.17690000,-75.86968000
1.77246094,-91.16418000,-74.21237000
1.77307129,-88.04382000,-81.91240000
1.77368164,-88.85030000,-75.73805000
1.77429199,-93.23174000,-82.23995000
1.77490234,-100.41510000,-78.08980000
1.77551270,-88.31036000,-71.37859000
1.77612305,-87.61185000,-70.17001000
1.77673340,-91.15238000,-70.29151000
1.77734375,-97.09251000,-72.32529000
1.77795410,-104.96260000,-79.65762000
1.77856445,-97.45782000,-79.78111000
1.77917480,-91.90858000,-78.63395000
1.77978516,-92.55954000,-73.34405000
1.78039551,-98.54266000,-74.40406000
1.78100586,-95.50690000,-75.34200000
1.78161621,-89.90668000,-71.30998000
1.78222656,-92.36604000,-71.69521000
1.78283691,-99.79939000,-75.62988000
1.78344727,-93.60816000,-77.62912000
1.78405762,-94.78242000,-78.16251000
1.78466797,-91.06418000,-74.29931000
1.78527832,-87.65123000,-70.69270000
1.78588867,-86.80680000,-73.60728000
1.78649902,-89.34658000,-76.61662000
1.78710938,-96.66321000,-75.35222000
1.78771973,-104.17470000,-74.15780000
1.78833008,-92.29143000,-74.91578000
1.78894043,-91.39545000,-80.89946000
1.78955078,-95.11627000,-93.86422000
1.79016113,-99.67431000,-76.45342000
1.79077148,-92.89825000,-72.79852000
1.79138184,-97.45708000,-78.23628000
1.79199219,-91.05609000,-81.79651000
1.79260254,-90.10385000,-78.63083000
1.79321289,-91.72612000,-77.26401000
1.79382324,-95.51887000,-67.80381000
1.79443359,-101.35350000,-70.52258000
1.79504395,-94.62421000,-84.65454000
1.79565430,-92.44435000,-73.05007000
1.79626465,-98.84438000,-74.89871000
1.79687500,-95.63779000,-81.41097000
1.79748535,-90.21510000,-80.04420000
1.79809570,-91.16273000,-69.49271000
1.79870605,-91.94003000,-69.84838000
1.79931641,-95.19109000,-86.47276000
1.79992676,-99.39004000,-75.67348000
1.80053711,-95.38890000,-75.67226000
1.80114746,-92.62442000,-75.81852000
1.80175781,-88.77367000,-73.16869000
1.80236816,-88.10497000,-74.00754000
1.80297852,-93.78606000,-79.78103000
1.80358887,-103.48100000,-74.01450000
1.80419922,-102.14370000,-69.64058000
1.80480957,-94.68404000,-69.14056000
1.80541992,-92.40720000,-71.87396000
1.80603027,-90.33145000,-72.19247000
1.80664063,-89.89074000,-71.66228000
1.80725098,-92.61400000,-71.30461000
1.80786133,-92.04919000,-66.48049000
1.80847168,-89.29936000,-68.82024000
1.80908203,-87.32805000,-69.31678000
1.80969238,-87.82770000,-69.17588000
1.81030273,-86.23473000,-69.78909000
1.81091309,-87.16113000,-67.59726000
1.81152344,-93.94092000,-68.39146000
1.81213379,-87.99731000,-71.16580000
1.81274414,-86.02750000,-74.97784000
1.81335449,-89.28214000,-82.31403000
1.81396484,-87.73873000,-71.71433000
1.81457520,-87.41339000,-71.37349000
1.81518555,-90.39330000,-66.40732000
1.81579590,-91.43940000,-63.53767000
1.81640625,-95.13843000,-66.03925000
1.81701660,-100.70870000,-73.35445000
1.81762695,-104.68820000,-74.61340000
1.81823730,-106.73120000,-70.59319000
1.81884766,-94.94362000,-69.37257000
1.81945801,-91.07053000,-73.60028000
1.82006836,-102.82760000,-73.12920000
1.82067871,-95.67460000,-85.13557000
1.82128906,-96.38889000,-70.27060000
1.82189941,-101.26470000,-68.88713000
1.82250977,-90.35706000,-71.28127000
1.82312012,-91.13160000,-72.03732000
1.82373047,-104.88920000,-73.94194000
1.82434082,-94.33419000,-72.44849000
1.82495117,-94.34053000,-67.76317000
1.82556152,-87.53693000,-71.07555000
1.82617188,-86.19117000,-79.05654000
1.82678223,-91.26296000,-76.50288000
1.82739258,-91.77158000,-73.58727000
1.82800293,-87.35485000,-78.85452000
1.82861328,-85.12669000,-74.00556000
1.82922363,-83.27211000,-73.20825000
1.82983398,-86.65279000,-70.49776000
1.83044434,-94.39294000,-68.56314000
1.83105469,-95.27736000,-70.19461000
1.83166504,-92.43179000,-81.15120000
1.83227539,-88.29807000,-82.27373000
1.83288574,-89.71554000,-76.25306000
1.83349609,-98.42995000,-71.42964000
1.83410645,-95.23677000,-69.79949000
1.83471680,-101.39370000,-72.06224000
1.83532715,-98.29498000,-79.17799000
1.83593750,-91.23818000,-81.81416000
1.83654785,-96.39136000,-73.69469000
1.83715820,-99.84323000,-75.02129000
1.83776855,-98.72554000,-80.81947000
1.83837891,-98.59071000,-77.60083000
1.83898926,-97.79682000,-69.27158000
1.83959961,-94.36613000,-66.67313000
1.84020996,-90.02441000,-67.35924000
1.84082031,-91.32994000,-71.23856000
1.84143066,-91.34094000,-79.01424000
1.84204102,-99.81741000,-78.57422000
1.84265137,-93.63155000,-70.16267000
1.84326172,-93.28141000,-66.67561000
1.84387207,-93.10896000,-68.96733000
1.84448242,-90.92987000,-73.60728000
1.84509277,-94.23232000,-69.64221000
1.84570313,-102.49310000,-67.85625000
1.84631348,-99.47661000,-71.53283000
1.84692383,-95.11441000,-79.05337000
1.84753418,-90.81043000,-68.20919000
1.84814453,-86.75145000,-67.16656000
1.84875488,-83.90633000,-72.58356000
1.84936523,-82.88774000,-71.27990000
1.84997559,-87.98214000,-67.71408000
1.85058594,-96.62772000,-66.56685000
1.85119629,-102.82810000,-67.50649000
1.85180664,-91.08344000,-68.77921000
1.85241699,-96.28460000,-71.06390000
1.85302734,-102.98690000,-73.12663000
1.85363770,-105.17460000,-75.13871000
1.85424805,-101.20060000,-78.21092000
1.85485840,-94.99344000,-75.06561000
1.85546875,-92.39966000,-72.05496000
1.85607910,-94.68198000,-80.66314000
1.85668945,-98.53684000,-71.09451000
1.85729980,-100.58360000,-66.95786000
1.85791016,-96.47833000,-67.75241000
1.85852051,-97.20288000,-73.86998000
1.85913086,-96.40591000,-78.33436000
1.85974121,-96.51895000,-69.65531000
1.86035156,-96.75140000,-70.73897000
1.86096191,-93.95316000,-78.79296000
1.86157227,-111.60540000,-88.34881000
1.86218262,-92.94609000,-78.54101000
1.86279297,-93.18422000,-70.24340000
1.86340332,-96.82077000,-71.28201000
1.86401367,-105.26840000,-80.67909000
1.86462402,-105.95680000,-78.68950000
1.86523438,-96.04461000,-89.82697000
1.86584473,-93.87209000,-76.53062000
1.86645508,-92.46780000,-73.86595000
1.86706543,-90.94275000,-73.46058000
1.86767578,-91.57822000,-72.00875000
1.86828613,-90.55408000,-70.22210000
1.86889648,-89.60006000,-70.74258000
1.86950684,-97.73566000,-75.84439000
1.87011719,-96.85608000,-79.21134000
1.87072754,-98.32635000,-74.13316000
1.87133789,-93.39580000,-75.06435000
1.87194824,-87.46033000,-71.09975000
1.87255859,-89.59957000,-75.10992000
1.87316895,-98.88802000,-85.68724000
1.87377930,-91.79714000,-75.14784000
1.87438965,-93.23594000,-76.84695000
1.87500000,-92.40314000,-84.67583000
1.87561035,-100.09200000,-76.54689000
1.87622070,-102.26280000,-76.11414000
1.87683105,-99.76178000,-73.00589000
1.87744141,-100.29760000,-72.45849000
1.87805176,-101.50680000,-71.43630000
1.87866211,-93.81540000,-69.75452000
1.87927246,-88.87270000,-68.33511000
1.87988281,-87.95700000,-68.27773000
1.88049316,-96.11304000,-68.28181000
1.88110352,-95.19209000,-70.44522000
1.88171387,-93.34621000,-72.56590000
1.88232422,-91.96091000,-73.42685000
1.88293457,-89.20543000,-78.64104000
1.88354492,-86.99299000,-84.39701000
1.88415527,-84.02217000,-84.44792000
1.88476563,-86.04420000,-79.52378000
1.88537598,-91.53588000,-73.66182000
1.88598633,-92.21851000,-79.84487000
1.88659668,-90.59879000,-81.54407000
1.88720703,-89.52831000,-83.26005000
1.88781738,-88.63687000,-91.51277000
1.88842773,-87.14554000,-95.56907000
1.88903809,-88.88068000,-76.51420000
1.88964844,-83.01965000,-73.94950000
1.89025879,-86.33385000,-81.24007000
1.89086914,-102.02810000,-86.03285000
1.89147949,-98.50159000,-87.77580000
1.89208984,-93.48285000,-90.14461000
1.89270020,-89.88474000,-80.17561000
1.89331055,-95.82672000,-73.65754000
1.89392090,-79.24041000,-74.66452000
1.89453125,-76.13023000,-75.98210000
1.89514160,-81.49249000,-79.17058000
1.89575195,-99.80493000,-79.05254000
1.89636230,-100.75830000,-80.87869000
1.89697266,-100.16570000,-84.54113000
1.89758301,-124.50370000,-73.63287000
1.89819336,-98.15785000,-69.83081000
1.89880371,-92.10392000,-71.26756000
1.89941406,-91.90948000,-75.80989000
1.90002441,-97.25166000,-75.09925000
1.90063477,-95.53456000,-70.58160000
1.90124512,-96.04926000,-74.38585000
1.90185547,-103.12580000,-89.60216000
1.90246582,-105.10380000,-95.41226000
1.90307617,-100.27710000,-80.81757000
1.90368652,-95.51193000,-73.29379000
1.90429688,-92.64771000,-71.18839000
1.90490723,-89.92192000,-74.05884000
1.90551758,-89.88362000,-83.01269000
1.90612793,-92.82556000,-93.81738000
1.90673828,-93.71454000,-84.94734000
1.90734863,-95.37273000,-75.30168000
1.90795898,-92.81593000,-74.95988000
1.90856934,-90.93068000,-70.87956000
1.90917969,-92.49591000,-69.57076000
1.90979004,-97.67500000,-72.16943000
1.91040039,-103.35520000,-75.55094000
1.91101074,-96.63588000,-73.35480000
1.91162109,-92.19833000,-74.48977000
1.91223145,-92.91287000,-81.11736000
1.91284180,-99.04408000,-79.58461000
1.91345215,-100.25340000,-79.79890000
1.91406250,-105.98040000,-73.32510000
1.91467285,-103.47130000,-73.75694000
1.91528320,-104.07790000,-74.39069000
1.91589355,-99.59641000,-75.22757000
1.91650391,-106.40140000,-78.60982000
1.91711426,-96.12148000,-71.90732000
1.91772461,-105.02720000,-71.07296000
1.91833496,-92.93192000,-70.64655000
1.91894531,-93.16847000,-71.46007000
1.91955566,-93.21121000,-84.82030000
1.92016602,-91.92860000,-76.12724000
1.92077637,-97.03492000,-74.63307000
1.92138672,-96.69684000,-71.96382000
1.92199707,-92.48282000,-78.46576000
1.92260742,-89.40484000,-83.21535000
1.92321777,-91.95291000,-86.53539000
1.92382813,-89.67770000,-78.75520000
1.92443848,-92.51555000,-84.29979000
1.92504883,-98.55493000,-79.39021000
1.92565918,-98.83010000,-76.79415000
1.92626953,-93.57733000,-87.89542000
1.92687988,-93.79601000,-77.13415000
1.92749023,-103.01480000,-71.81199000
1.92810059,-94.77378000,-68.33373000
1.92871094,-90.37048000,-71.08479000
1.92932129,-91.52138000,-88.33014000
1.92993164,-95.38357000,-73.45806000
1.93054199,-98.96427000,-73.06977000
1.93115234,-104.00940000,-76.93680000
1.93176270,-104.38700000,-80.66661000
1.93237305,-95.82376000,-72.09630000
1.93298340,-92.86904000,-70.93812000
1.93359375,-94.97495000,-69.22105000
1.93420410,-97.81995000,-72.21368000
1.93481445,-100.15580000,-79.35635000
1.93542480,-95.46681000,-70.19196000
1.93603516,-87.51677000,-70.51135000
1.93664551,-79.75834000,-70.18564000
1.93725586,-78.36884000,-68.20578000
1.93786621,-84.60643000,-70.37547000
1.93847656,-89.96088000,-83.78541000
1.93908691,-89.37138000,-74.14910000
1.93969727,-95.77293000,-71.41602000
1.94030762,-95.38152000,-86.53995000
1.94091797,-90.92635000,-71.56651000
1.94152832,-96.63726000,-69.48617000
1.94213867,-96.79073000,-71.78197000
1.94274902,-90.94785000,-69.95772000
1.94335938,-88.04343000,-71.03561000
1.94396973,-90.05294000,-79.98265000
1.94458008,-89.80820000,-75.21828000
1.94519043,-85.94896000,-75.64040000
1.94580078,-90.29644000,-78.62043000
1.94641113,-93.43802000,-76.80373000
1.94702148,-92.02193000,-82.42305000
1.94763184,-89.93974000,-79.52755000
1.94824219,-90.85883000,-76.81728000
1.94885254,-90.65506000,-74.05428000
1.94946289,-90.29259000,-72.41463000
1.95007324,-99.84218000,-70.90457000
1.95068359,-98.76735000,-74.63477000
1.95129395,-92.14832000,-101.92300000
1.95190430,-92.56335000,-73.47527000
1.95251465,-92.47029000,-71.45974000
1.95312500,-91.97590000,-85.22237000
1.95373535,-96.58370000,-73.84954000
1.95434570,-97.26386000,-70.64025000
1.95495605,-98.03079000,-72.35731000
1.95556641,-86.95049000,-77.01452000
1.95617676,-84.99539000,-76.85651000
1.95678711,-88.37943000,-83.86330000
1.95739746,-98.99702000,-79.27411000
1.95800781,-115.56370000,-72.91932000
1.95861816,-105.83630000,-72.29639000
1.95922852,-96.21399000,-73.04485000
1.95983887,-91.08116000,-74.61900000
1.96044922,-91.04146000,-81.91222000
1.96105957,-95.26818000,-80.27582000
1.96166992,-91.76656000,-74.70207000
1.96228027,-91.33965000,-84.99673000
1.96289063,-97.00866000,-90.55592000
1.96350098,-104.46090000,-80.50404000
1.96411133,-101.81660000,-85.82732000
1.96472168,-93.56178000,-83.67344000
1.96533203,-96.93135000,-81.96488000
1.96594238,-118.30880000,-76.43155000
1.96655273,-100.59210000,-73.29764000
1.96716309,-94.22345000,-74.19080000
1.96777344,-93.95834000,-78.58475000
1.96838379,-95.51677000,-78.86238000
1.96899414,-103.74780000,-72.78963000
1.96960449,-92.49733000,-75.77628000
1.97021484,-91.00674000,-87.90058000
1.97082520,-88.31771000,-73.71294000
1.97143555,-87.94086000,-68.19335000
1.97204590,-91.32361000,-72.57050000
1.97265625,-93.83515000,-79.52348000
1.97326660,-91.99362000,-74.01498000
1.97387695,-91.05202000,-78.44166000
1.97448730,-96.51892000,-72.52151000
1.97509766,-106.71810000,-69.98384000
1.97570801,-98.73443000,-72.40401000
1.97631836,-94.26326000,-74.59537000
1.97692871,-97.07103000,-71.49628000
1.97753906,-102.28040000,-72.45969000
1.97814941,-90.30821000,-74.48210000
1.97875977,-87.78120000,-72.13258000
1.97937012,-88.09486000,-76.62772000
1.97998047,-90.19812000,-77.83049000
1.98059082,-91.93562000,-74.20380000
1.98120117,-93.72395000,-80.62781000
1.98181152,-97.12249000,-72.48750000
1.98242188,-89.56866000,-72.58211000
1.98303223,-86.81522000,-74.56544000
1.98364258,-87.77454000,-73.54594000
1.98425293,-94.41934000,-77.35963000
1.98486328,-89.34177000,-73.48527000
1.98547363,-84.41284000,-71.24276000
1.98608398,-84.75555000,-73.52680000
1.98669434,-87.81509000,-82.90527000
1.98730469,-88.06206000,-78.60458000
1.98791504,-90.37724000,-73.04413000
1.98852539,-94.83813000,-72.61040000
1.98913574,-116.36720000,-74.86077000
1.98974609,-102.21180000,-71.45460000
1.99035645,-125.45210000,-68.38197000
1.99096680,-98.54249000,-70.27655000
1.99157715,-86.93710000,-74.29687000
1.99218750,-86.43538000,-83.65855000
1.99279785,-92.82836000,-78.49667000
1.99340820,-88.26447000,-69.98610000
1.99401855,-81.40785000,-71.02630000
1.99462891,-79.40873000,-77.21571000
1.99523926,-82.96175000,-74.54542000
1.99584961,-89.07117000,-87.26103000
1.99645996,-89.84768000,-72.31313000
1.99707031,-88.75006000,-67.89616000
1.99768066,-90.03622000,-69.27572000
1.99829102,-93.26247000,-69.35441000
1.99890137,-97.89985000,-67.37957000
1.99951172,-94.73914000,-67.56741000
2.00012207,-89.38150000,-68.56107000
2.00073242,-93.06209000,-67.51519000
2.00134277,-92.82396000,-69.92095000
2.00195313,-89.61758000,-81.25477000
2.00256348,-86.83926000,-74.58292000
2.00317383,-88.89543000,-75.01929000
2.00378418,-95.09801000,-90.87744000
2.00439453,-92.94757000,-77.71857000
2.00500488,-92.54955000,-77.75835000
2.00561523,-89.87894000,-76.86943000
2.00622559,-92.97600000,-76.60867000
2.00683594,-97.24290000,-73.57146000
2.00744629,-90.89580000,-71.25375000
2.00805664,-90.32187000,-71.98790000
2.00866699,-91.62632000,-71.96531000
2.00927734,-98.20642000,-71.66500000
2.00988770,-87.17316000,-72.48984000
2.01049805,-87.34687000,-75.18230000
2.01110840,-92.07678000,-71.41337000
2.01171875,-88.49774000,-77.19140000
2.01232910,-85.01440000,-81.66515000
2.01293945,-86.37262000,-73.91045000
2.01354980,-87.94186000,-72.46528000
2.01416016,-88.38345000,-76.63314000
2.01477051,-89.51476000,-77.13800000
2.01538086,-95.68224000,-72.66254000
2.01599121,-103.04770000,-72.99775000
2.01660156,-97.09458000,-74.15285000
2.01721191,-102.45150000,-79.36207000
2.01782227,-94.14354000,-78.78198000
2.01843262,-91.30617000,-72.98405000
2.01904297,-90.27997000,-79.52552000
2.01965332,-91.85936000,-79.97022000
2.02026367,-99.54361000,-80.65749000
2.02087402,-86.44935000,-73.44888000
2.02148438,-85.05722000,-75.21996000
2.02209473,-91.95284000,-76.73430000
2.02270508,-92.18837000,-73.54072000
2.02331543,-95.36929000,-71.45828000
2.02392578,-92.27020000,-71.07483000
2.02453613,-87.17769000,-70.03184000
2.02514648,-88.61008000,-72.77236000
2.02575684,-109.90030000,-84.39105000
2.02636719,-90.17027000,-77.61251000
2.02697754,-89.99672000,-73.90904000
2.02758789,-90.91340000,-75.10194000
2.02819824,-92.64861000,-73.37324000
2.02880859,-100.69930000,-68.36078000
2.02941895,-87.29190000,-68.75180000
2.03002930,-86.22948000,-73.28565000
2.03063965,-92.75773000,-79.38791000
2.03125000,-97.02854000,-75.03923000
2.03186035,-95.50568000,-84.67511000
2.03247070,-107.12460000,-72.15128000
2.03308105,-102.56080000,-72.77231000
2.03369141,-97.29924000,-76.66885000
2.03430176,-99.34480000,-81.34037000
2.03491211,-93.47858000,-78.65757000
2.03552246,-97.84245000,-76.38307000
2.03613281,-93.06039000,-74.48167000
2.03674316,-83.79076000,-70.55427000
2.03735352,-82.68246000,-69.23737000
2.03796387,-92.71700000,-71.11262000
2.03857422,-102.13920000,-73.60680000
2.03918457,-103.17680000,-81.05960000
2.03979492,-92.82372000,-79.71518000
2.04040527,-88.43283000,-73.95074000
2.04101563,-91.65773000,-72.12251000
2.04162598,-89.86309000,-74.12036000
2.04223633,-89.68137000,-71.01176000
2.04284668,-92.92473000,-74.94673000
2.04345703,-93.85675000,-78.14716000
2.04406738,-94.09576000,-89.77542000
2.04467773,-94.55254000,-72.48422000
2.04528809,-95.85056000,-71.18697000
2.04589844,-92.16589000,-75.29114000
2.04650879,-92.50465000,-77.42710000
2.04711914,-94.61670000,-79.86289000
2.04772949,-97.44215000,-80.47482000
2.04833984,-103.44180000,-74.28252000
2.04895020,-92.40100000,-73.89998000
2.04956055,-89.68028000,-77.24840000
2.05017090,-94.76898000,-75.61111000
2.05078125,-95.21309000,-74.62076000
2.05139160,-89.96747000,-74.39871000
2.05200195,-91.82652000,-76.13248000
2.05261230,-98.48737000,-79.04932000
2.05322266,-94.61661000,-86.68976000
2.05383301,-99.06186000,-74.79911000
2.05444336,-99.53228000,-70.26254000
2.05505371,-91.16693000,-68.50311000
2.05566406,-90.63223000,-71.30593000
2.05627441,-87.19315000,-78.37005000
2.05688477,-87.63187000,-79.18309000
2.05749512,-92.64085000,-72.21983000
2.05810547,-119.03970000,-70.09248000
2.05871582,-94.03470000,-70.23389000
2.05932617,-95.44781000,-73.18488000
2.05993652,-97.79912000,-76.10730000
2.06054688,-105.04790000,-74.08472000
2.06115723,-92.90180000,-72.69415000
2.06176758,-90.17635000,-70.99036000
2.06237793,-91.06445000,-73.83411000
2.06298828,-92.32720000,-76.65202000
2.06359863,-89.56264000,-74.74370000
2.06420898,-90.83060000,-75.18186000
2.06481934,-92.85863000,-74.15919000
2.06542969,-92.38870000,-75.35213000
2.06604004,-107.54330000,-73.10232000
2.06665039,-96.06004000,-71.29694000
2.06726074,-95.36926000,-75.16224000
2.06787109,-91.36246000,-87.77496000
2.06848145,-89.38373000,-77.13141000
2.06909180,-85.67448000,-74.80588000
2.06970215,-82.74772000,-76.98444000
2.07031250,-83.47206000,-83.04568000
2.07092285,-88.48402000,-75.04742000
2.07153320,-91.21288000,-71.22832000
2.07214355,-91.76749000,-72.31286000
2.07275391,-89.02110000,-82.66076000
2.07336426,-108.59990000,-73.14671000
2.07397461,-83.45653000,-73.52026000
2.07458496,-82.19424000,-72.27738000
2.07519531,-88.22382000,-69.41669000
2.07580566,-94.74781000,-67.58388000
2.07641602,-93.37165000,-69.34586000
2.07702637,-90.77019000,-75.16949000
2.07763672,-90.66867000,-76.96810000
2.07824707,-93.10881000,-76.01655000
2.07885742,-96.32408000,-78.60578000
2.07946777,-94.28542000,-81.22076000
2.08007813,-93.22676000,-75.24770000
2.08068848,-88.91251000,-72.80394000
2.08129883,-87.98606000,-75.05385000
2.08190918,-88.52083000,-81.87100000
2.08251953,-88.57490000,-92.01643000
2.08312988,-89.60130000,-81.55366000
2.08374023,-89.50949000,-83.90401000
2.08435059,-91.41245000,-73.68325000
2.08496094,-96.28535000,-75.45613000
2.08557129,-101.44290000,-83.65300000
2.08618164,-99.52917000,-79.47401000
2.08679199,-97.55433000,-75.59325000
2.08740234,-102.37520000,-75.10038000
2.08801270,-94.00822000,-68.26984000
2.08862305,-89.96601000,-70.07964000
2.08923340,-89.11729000,-82.99339000
2.08984375,-89.82704000,-71.07669000
2.09045410,-96.57768000,-73.05148000
2.09106445,-96.55446000,-76.83517000
2.09167480,-96.42800000,-81.79823000
2.09228516,-102.01530000,-77.54742000
2.09289551,-97.00739000,-70.32749000
2.09350586,-95.15285000,-67.30495000
2.09411621,-87.03093000,-69.61775000
2.09472656,-82.60417000,-75.08359000
2.09533691,-86.35892000,-74.68649000
2.09594727,-97.78578000,-71.79141000
2.09655762,-93.55812000,-67.75845000
2.09716797,-91.76647000,-67.15395000
2.09777832,-93.77159000,-71.43043000
2.09838867,-102.19010000,-73.13150000
2.09899902,-94.22393000,-70.08323000
2.09960938,-90.24742000,-73.16199000
2.10021973,-90.07470000,-84.91177000
2.10083008,-90.60567000,-75.39391000
2.10144043,-95.23061000,-74.97710000
2.10205078,-92.08126000,-80.98679000
2.10266113,-89.99774000,-78.54898000
2.10327148,-90.87730000,-78.76128000
2.10388184,-92.87525000,-86.42831000
2.10449219,-93.45645000,-76.57977000
2.10510254,-95.62615000,-74.66882000
2.10571289,-99.15567000,-83.17102000
2.10632324,-103.18420000,-70.48911000
2.10693359,-100.35570000,-71.13357000
2.10754395,-95.69223000,-78.72997000
2.10815430,-102.84190000,-76.01424000
2.10876465,-92.56003000,-78.22557000
2.10937500,-92.16597000,-75.74737000
2.10998535,-94.68147000,-78.78384000
2.11059570,-96.52558000,-85.03705000
2.11120605,-95.93927000,-76.23225000
2.11181641,-86.79867000,-70.16998000
2.11242676,-87.62150000,-68.85653000
2.11303711,-91.03796000,-70.69100000
2.11364746,-94.39620000,-72.64103000
2.11425781,-99.06267000,-76.57531000
2.11486816,-90.33738000,-76.86554000
2.11547852,-92.31445000,-72.13657000
2.11608887,-100.90060000,-72.26692000
2.11669922,-91.98170000,-76.00308000
2.11730957,-94.50873000,-77.79787000
2.11791992,-90.69244000,-73.15122000
2.11853027,-91.49446000,-71.89960000
2.11914063,-97.41347000,-76.97366000
2.11975098,-94.48838000,-80.67611000
2.12036133,-95.36269000,-74.29978000
2.12097168,-92.91192000,-74.35790000
2.12158203,-93.10370000,-78.17330000
2.12219238,-101.46890000,-85.43060000
2.12280273,-99.46868000,-78.32556000
2.12341309,-98.91493000,-77.50596000
2.12402344,-98.98719000,-85.06474000
2.12463379,-119.57460000,-74.04103000
2.12524414,-96.55797000,-71.21532000
2.12585449,-97.37134000,-71.67157000
2.12646484,-95.30406000,-76.07444000
2.12707520,-91.51498000,-72.48878000
2.12768555,-97.42577000,-71.51608000
2.12829590,-105.63310000,-82.09029000
2.12890625,-99.10712000,-79.91515000
2.12951660,-96.77153000,-87.84915000
2.13012695,-94.73538000,-72.00410000
2.13073730,-93.21747000,-72.64941000
2.13134766,-96.72577000,-74.83472000
2.13195801,-98.86008000,-76.67309000
2.13256836,-99.70364000,-77.73988000
2.13317871,-102.01160000,-80.67612000
2.13378906,-95.32078000,-73.48513000
2.13439941,-97.56722000,-69.80521000
2.13500977,-100.98570000,-82.72041000
2.13562012,-92.32974000,-76.93165000
2.13623047,-93.56327000,-75.33030000
2.13684082,-97.84056000,-77.94547000
2.13745117,-94.14234000,-80.56201000
2.13806152,-98.80060000,-72.66904000
2.13867188,-90.82726000,-68.49895000
2.13928223,-92.54865000,-70.70622000
2.13989258,-94.56107000,-76.36947000
2.14050293,-91.65096000,-78.56482000
2.14111328,-92.71343000,-75.70831000
2.14172363,-95.63900000,-92.63500000
2.14233398,-96.57001000,-80.62103000
2.14294434,-91.92375000,-76.70210000
2.14355469,-95.57353000,-74.75768000
2.14416504,-90.16293000,-73.80969000
2.14477539,-92.17742000,-72.29264000
2.14538574,-96.51696000,-75.85013000
2.14599609,-100.48340000,-77.87083000
2.14660645,-99.26498000,-74.58335000
2.14721680,-104.36960000,-72.42862000
2.14782715,-100.61000000,-72.25489000
2.14843750,-91.66724000,-72.15314000
2.14904785,-89.58604000,-70.57213000
2.14965820,-87.56583000,-72.71879000
2.15026855,-87.37178000,-78.23996000
2.15087891,-90.55330000,-78.38039000
2.15148926,-92.32646000,-74.01154000
2.15209961,-94.13087000,-76.73131000
2.15270996,-97.10002000,-87.41242000
2.15332031,-101.68760000,-89.58317000
2.15393066,-96.15539000,-80.50927000
2.15454102,-90.87927000,-71.43119000
2.15515137,-89.27413000,-70.94659000
2.15576172,-96.02306000,-73.47375000
2.15637207,-111.87630000,-81.62576000
2.15698242,-117.45220000,-77.12280000
2.15759277,-94.94526000,-74.36156000
2.15820313,-88.18031000,-74.35367000
2.15881348,-91.15695000,-73.99396000
2.15942383,-98.45237000,-75.89744000
2.16003418,-99.85413000,-82.12025000
2.16064453,-98.38029000,-83.35623000
2.16125488,-102.50980000,-76.16939000
2.16186523,-92.76855000,-73.68568000
2.16247559,-92.08578000,-73.74863000
2.16308594,-97.67375000,-73.97778000
2.16369629,-100.12040000,-71.68630000
2.16430664,-100.88360000,-82.61547000
2.16491699,-94.64507000,-77.72028000
2.16552734,-90.05074000,-84.78577000
2.16613770,-92.42221000,-87.21640000
2.16674805,-97.78404000,-71.14654000
2.16735840,-112.37450000,-67.01482000
2.16796875,-93.59845000,-71.78649000
2.16857910,-87.31865000,-75.13612000
2.16918945,-86.99475000,-75.73627000
2.16979980,-88.59583000,-77.30141000
2.17041016,-87.55731000,-69.24514000
2.17102051,-90.52158000,-70.10119000
2.17163086,-94.55077000,-76.62677000
2.17224121,-97.01308000,-83.94540000
2.17285156,-92.83220000,-77.05737000
2.17346191,-91.61539000,-71.35832000
2.17407227,-94.81300000,-72.35670000
2.17468262,-85.93726000,-80.51192000
2.17529297,-90.43652000,-86.87722000
2.17590332,-97.29095000,-81.34811000
2.17651367,-104.62310000,-74.74984000
2.17712402,-94.06873000,-69.44285000
2.17773438,-94.48055000,-69.40456000
2.17834473,-96.19504000,-70.38789000
2.17895508,-98.95650000,-70.11286000
2.17956543,-94.33814000,-71.82065000
2.18017578,-89.74397000,-72.15044000
2.18078613,-91.02965000,-73.05515000
2.18139648,-94.89376000,-82.72466000
2.18200684,-95.09418000,-73.85149000
2.18261719,-92.32890000,-70.22350000
2.18322754,-93.38371000,-71.71329000
2.18383789,-97.67915000,-88.65361000
2.18444824,-93.64230000,-86.43082000
2.18505859,-111.19260000,-82.96871000
2.18566895,-96.21697000,-78.11816000
2.18627930,-98.25011000,-72.68944000
2.18688965,-91.86429000,-74.00389000
2.18750000,-87.61430000,-69.39639000
2.18811035,-90.43790000,-67.09721000
2.18872070,-84.59166000,-70.39686000
2.18933105,-78.32257000,-71.20179000
2.18994141,-80.44427000,-71.20889000
2.19055176,-87.23640000,-73.06023000
2.19116211,-91.40171000,-77.44587000
2.19177246,-92.22969000,-76.80003000
2.19238281,-103.73270000,-72.52152000
2.19299316,-102.34770000,-74.74645000
2.19360352,-83.90640000,-75.98602000
2.19421387,-74.93834000,-78.06428000
2.19482422,-75.00819000,-78.37055000
2.19543457,-83.37590000,-69.66631000
2.19604492,-95.27558000,-66.27915000
2.19665527,-94.65146000,-67.07941000
2.19726563,-91.98247000,-69.15557000
2.19787598,-86.23725000,-77.89548000
2.19848633,-87.07893000,-76.01985000
2.19909668,-94.18457000,-81.99026000
2.19970703,-91.72920000,-76.20264000
2.20031738,-92.13241000,-72.45221000
2.20092773,-96.99123000,-69.25477000
2.20153809,-91.12318000,-70.80775000
2.20214844,-88.44640000,-81.52778000
2.20275879,-92.41321000,-74.32994000
2.20336914,-100.26260000,-82.87061000
2.20397949,-110.10260000,-78.19421000
2.20458984,-102.98930000,-86.72894000
2.20520020,-119.32200000,-70.94782000
2.20581055,-100.67200000,-68.15697000
2.20642090,-89.92385000,-75.49564000
2.20703125,-89.98748000,-74.90201000
2.20764160,-107.58090000,-81.86013000
2.20825195,-95.48389000,-73.58268000
2.20886230,-100.07050000,-73.29591000
2.20947266,-90.46951000,-70.89685000
2.21008301,-88.00904000,-70.87472000
2.21069336,-92.68901000,-79.89362000
2.21130371,-108.24280000,-75.65993000
2.21191406,-102.11460000,-72.20977000
2.21252441,-100.72310000,-68.98334000
2.21313477,-105.40780000,-68.15345000
2.21374512,-99.47394000,-72.65895000
2.21435547,-91.01052000,-92.79327000
2.21496582,-90.61047000,-86.60692000
2.21557617,-90.74960000,-80.30679000
2.21618652,-92.36347000,-76.88748000
2.21679688,-103.17560000,-72.65301000
2.21740723,-96.70264000,-72.91170000
2.21801758,-96.95487000,-71.41479000
2.21862793,-95.63533000,-69.61037000
2.21923828,-94.87840000,-72.22149000
2.21984863,-94.04815000,-77.04492000
2.22045898,-91.77563000,-85.94986000
2.22106934,-90.25397000,-81.60137000
2.22167969,-90.55123000,-75.96249000
2.22229004,-87.81184000,-70.92744000
2.22290039,-86.14175000,-69.70047000
2.22351074,-89.63355000,-70.35422000
2.22412109,-97.91653000,-73.27514000
2.22473145,-94.84499000,-74.43298000
2.22534180,-89.48093000,-72.44505000
2.22595215,-86.57195000,-72.25254000
2.22656250,-86.68414000,-72.32883000
2.22717285,-88.15781000,-74.72412000
2.22778320,-92.66624000,-73.91531000
2.22839355,-102.51030000,-69.95717000
2.22900391,-101.45830000,-70.86465000
2.22961426,-99.56193000,-72.21751000
2.23022461,-100.19500000,-70.56358000
2.23083496,-98.08646000,-68.22157000
2.23144531,-103.43850000,-71.58122000
2.23205566,-97.17285000,-72.64689000
2.23266602,-89.56207000,-70.38176000
2.23327637,-89.37878000,-73.61920000
2.23388672,-100.67900000,-82.91489000
2.23449707,-92.40719000,-79.76292000
2.23510742,-88.45162000,-83.13881000
2.23571777,-88.62433000,-73.79956000
2.23632813,-94.34974000,-71.14321000
2.23693848,-105.78120000,-74.15076000
2.23754883,-98.40321000,-79.81664000
2.23815918,-94.73601000,-74.77454000
2.23876953,-100.07050000,-72.88750000
2.23937988,-119.48440000,-72.25291000
2.23999023,-100.22060000,-79.37499000
2.24060059,-92.74802000,-75.37415000
2.24121094,-90.85298000,-72.94570000
2.24182129,-90.08178000,-72.19258000
2.24243164,-92.32339000,-71.42107000
2.24304199,-93.98029000,-77.76474000
2.24365234,-105.28940000,-92.56438000
2.24426270,-100.92530000,-75.36787000
2.24487305,-97.27927000,-72.01198000
2.24548340,-94.98218000,-78.52392000
2.24609375,-88.62534000,-77.22662000
2.24670410,-88.28795000,-72.37075000
2.24731445,-90.18936000,-76.39088000
2.24792480,-95.62691000,-79.16602000
2.24853516,-92.10522000,-73.70933000
2.24914551,-84.96751000,-72.00533000
2.24975586,-85.02426000,-69.70200000
2.25036621,-89.94470000,-72.70059000
2.25097656,-96.26860000,-72.74146000
2.25158691,-101.51670000,-71.23700000
2.25219727,-96.90358000,-72.56194000
2.25280762,-97.87314000,-81.47810000
2.25341797,-93.14647000,-83.22058000
2.25402832,-90.96732000,-70.91100000
2.25463867,-97.80539000,-66.22908000
2.25524902,-89.67750000,-69.25960000
2.25585938,-90.48933000,-86.04804000
2.25646973,-100.99820000,-72.81580000
2.25708008,-101.12900000,-74.36126000
2.25769043,-97.22943000,-74.62867000
2.25830078,-97.75314000,-76.70112000
2.25891113,-100.12540000,-77.50511000
2.25952148,-92.57626000,-75.45404000
2.26013184,-90.50727000,-80.44508000
2.26074219,-92.75798000,-92.50423000
2.26135254,-94.44808000,-77.08340000
2.26196289,-101.88590000,-77.07178000
2.26257324,-93.25908000,-85.28619000
2.26318359,-91.47320000,-76.35889000
2.26379395,-90.37607000,-73.77209000
2.26440430,-89.53508000,-75.67740000
2.26501465,-91.38399000,-82.26078000
2.26562500,-91.75566000,-75.65829000
2.26623535,-88.46783000,-78.83564000
2.26684570,-90.63809000,-83.41397000
2.26745605,-122.49580000,-74.45067000
2.26806641,-93.27992000,-71.65247000
2.26867676,-92.36950000,-78.90012000
2.26928711,-89.85344000,-77.13113000
2.26989746,-87.71571000,-78.24054000
2.27050781,-87.92648000,-77.50255000
2.27111816,-88.74985000,-76.17345000
2.27172852,-90.89812000,-91.35246000
2.27233887,-90.30838000,-80.49368000
2.27294922,-89.05106000,-87.50275000
2.27355957,-95.50727000,-72.39739000
2.27416992,-90.22266000,-72.20164000
2.27478027,-85.07587000,-69.57441000
2.27539063,-87.46093000,-68.30361000
2.27600098,-96.06154000,-69.47557000
2.27661133,-93.76634000,-69.60750000
2.27722168,-88.14526000,-73.20550000
2.27783203,-89.26235000,-77.52700000
2.27844238,-100.41770000,-78.75901000
2.27905273,-106.19600000,-86.87827000
2.27966309,-92.00649000,-75.54433000
2.28027344,-88.70025000,-74.41261000
2.28088379,-92.31548000,-81.22319000
2.28149414,-102.26320000,-79.10727000
2.28210449,-107.85910000,-81.42076000
2.28271484,-101.31140000,-77.21645000
2.28332520,-91.70386000,-77.18739000
2.28393555,-93.30046000,-71.66310000
2.28454590,-103.90440000,-69.52132000
2.28515625,-93.28227000,-71.93095000
2.28576660,-93.28922000,-73.58161000
2.28637695,-100.63540000,-69.21426000
2.28698730,-100.22110000,-68.78919000
2.28759766,-97.60861000,-72.92090000
2.28820801,-91.83791000,-72.87466000
2.28881836,-88.83414000,-71.58765000
2.28942871,-95.05147000,-69.01344000
2.29003906,-92.50490000,-68.43605000
2.29064941,-89.97304000,-69.89128000
2.29125977,-95.26475000,-76.25976000
2.29187012,-93.80265000,-83.14850000
2.29248047,-96.91952000,-81.15123000
2.29309082,-99.54368000,-71.78561000
2.29370117,-95.67624000,-74.14835000
2.29431152,-91.07436000,-88.75698000
2.29492188,-89.85899000,-74.42582000
2.29553223,-90.37362000,-76.75123000
2.29614258,-88.77391000,-81.09821000
2.29675293,-90.37223000,-85.37852000
2.29736328,-97.49050000,-82.27901000
2.29797363,-110.28220000,-78.79157000
2.29858398,-99.61180000,-75.61325000
2.29919434,-94.41177000,-72.97232000
2.29980469,-96.35437000,-73.57722000
2.30041504,-103.08570000,-81.68324000
2.30102539,-100.07430000,-82.88010000
2.30163574,-90.99053000,-73.12057000
2.30224609,-94.57407000,-74.79981000
2.30285645,-109.12390000,-74.22583000
2.30346680,-99.68448000,-71.22733000
2.30407715,-93.07014000,-73.73214000
2.30468750,-90.70399000,-75.63995000
2.30529785,-97.02165000,-73.23109000
2.30590820,-102.94270000,-68.80363000
2.30651855,-97.15712000,-72.29482000
2.30712891,-93.29906000,-75.42095000
2.30773926,-94.87654000,-72.08514000
2.30834961,-94.10681000,-69.59428000
2.30895996,-89.37830000,-69.65463000
2.30957031,-87.92462000,-72.33575000
2.31018066,-88.65220000,-80.70725000
2.31079102,-90.29305000,-85.21918000
2.31140137,-94.60602000,-73.63663000
2.31201172,-95.26468000,-68.01065000
2.31262207,-89.90028000,-68.03183000
2.31323242,-88.85406000,-68.27807000
2.31384277,-90.01671000,-71.58035000
2.31445313,-96.20923000,-75.99284000
2.31506348,-98.59114000,-71.87996000
2.31567383,-89.08739000,-67.47604000
2.31628418,-88.32887000,-64.54339000
2.31689453,-90.39828000,-66.42990000
2.31750488,-90.12265000,-74.66233000
2.31811523,-94.41043000,-80.58620000
2.31872559,-92.54626000,-73.77702000
2.31933594,-95.22331000,-70.86336000
2.31994629,-93.87450000,-71.07349000
2.32055664,-87.47755000,-70.02199000
2.32116699,-97.53564000,-73.12961000
2.32177734,-91.44058000,-83.08418000
2.32238770,-96.30717000,-72.84768000
2.32299805,-97.42718000,-74.58136000
2.32360840,-91.34259000,-73.74540000
2.32421875,-96.81564000,-73.32129000
2.32482910,-94.56406000,-75.46358000
2.32543945,-92.45045000,-78.63753000
2.32604980,-91.26876000,-75.10705000
2.32666016,-103.46560000,-75.43562000
2.32727051,-93.05917000,-75.81645000
2.32788086,-89.74620000,-76.92921000
2.32849121,-90.93466000,-78.65190000
2.32910156,-95.82420000,-73.57623000
2.32971191,-97.69771000,-70.27192000
2.33032227,-94.24056000,-70.89713000
2.33093262,-89.47821000,-75.91078000
2.33154297,-86.35457000,-81.41435000
2.33215332,-86.95804000,-74.69794000
2.33276367,-88.41130000,-72.42036000
2.33337402,-91.05122000,-70.47485000
2.33398438,-110.98290000,-70.22863000
2.33459473,-95.53208000,-71.35629000
2.33520508,-94.63268000,-78.76398000
2.33581543,-92.76112000,-79.47049000
2.33642578,-94.77171000,-72.95123000
2.33703613,-102.33000000,-68.80571000
2.33764648,-99.78070000,-69.48052000
2.33825684,-90.61090000,-75.51424000
2.33886719,-89.61570000,-76.73346000
2.33947754,-93.09695000,-76.85706000
2.34008789,-99.18465000,-75.86922000
2.34069824,-91.17439000,-81.48151000
2.34130859,-93.16855000,-78.89690000
2.34191895,-100.41690000,-72.43312000
2.34252930,-95.16723000,-71.40828000
2.34313965,-95.44926000,-69.21706000
2.34375000,-102.35890000,-68.44028000
2.34436035,-113.84280000,-70.08195000
2.34497070,-93.31420000,-68.49438000
2.34558105,-88.77636000,-69.22630000
2.34619141,-93.94705000,-80.86717000
2.34680176,-103.68160000,-77.95988000
2.34741211,-97.62275000,-71.08329000
2.34802246,-96.36139000,-72.77933000
2.34863281,-99.14378000,-80.47105000
2.34924316,-98.32736000,-77.72171000
2.34985352,-103.83890000,-78.95229000
2.35046387,-98.10435000,-76.71854000
2.35107422,-94.64653000,-82.40597000
2.35168457,-95.82373000,-75.50536000
2.35229492,-90.45192000,-73.78798000
2.35290527,-90.88713000,-74.10955000
2.35351563,-92.33231000,-65.74716000
2.35412598,-102.96570000,-66.05002000
2.35473633,-97.62471000,-73.27193000
2.35534668,-92.51715000,-75.88923000
2.35595703,-93.14862000,-74.55680000
2.35656738,-97.77655000,-76.69337000
2.35717773,-95.91635000,-79.58795000
2.35778809,-94.46475000,-77.99316000
2.35839844,-100.23070000,-74.43436000
2.35900879,-97.67216000,-77.07877000
2.35961914,-90.99387000,-87.79049000
2.36022949,-91.77054000,-81.95438000
2.36083984,-95.56377000,-75.24216000
2.36145020,-96.26805000,-71.62861000
2.36206055,-94.43877000,-71.55070000
2.36267090,-94.27986000,-73.36104000
2.36328125,-96.23999000,-75.29773000
2.36389160,-99.48577000,-75.32433000
2.36450195,-101.72760000,-71.62730000
2.36511230,-91.30296000,-68.60957000
2.36572266,-91.93970000,-72.75636000
2.36633301,-91.46989000,-76.51778000
2.36694336,-93.13577000,-73.85321000
2.36755371,-92.70557000,-78.47810000
2.36816406,-93.53805000,-74.22540000
2.36877441,-102.22430000,-76.95123000
2.36938477,-90.92679000,-73.80524000
2.36999512,-97.12346000,-71.31628000
2.37060547,-97.38395000,-73.74871000
2.37121582,-94.18674000,-78.51962000
2.37182617,-94.35660000,-88.33032000
2.37243652,-95.67590000,-73.12506000
2.37304688,-121.12380000,-72.93979000
2.37365723,-99.91973000,-83.73593000
2.37426758,-90.58347000,-74.24882000
2.37487793,-91.19991000,-75.64339000
2.37548828,-89.22278000,-87.71107000
2.37609863,-87.55498000,-71.74454000
2.37670898,-88.27985000,-73.90490000
2.37731934,-86.62261000,-77.06249000
2.37792969,-91.79253000,-78.64249000
2.37854004,-101.51860000,-76.23383000
2.37915039,-91.97427000,-77.89981000
2.37976074,-95.58188000,-72.06935000
2.38037109,-101.48010000,-70.89692000
2.38098145,-112.40470000,-71.11440000
2.38159180,-96.32521000,-74.05962000
2.38220215,-92.58660000,-76.19376000
2.38281250,-98.56205000,-73.79142000
2.38342285,-105.42480000,-74.96381000
2.38403320,-103.62920000,-85.48259000
2.38464355,-96.87057000,-88.11026000
2.38525391,-95.92409000,-81.40206000
2.38586426,-88.27172000,-75.71571000
2.38647461,-85.73520000,-71.80731000
2.38708496,-86.61626000,-69.85551000
2.38769531,-91.29417000,-69.12370000
2.38830566,-98.63450000,-70.30479000
2.38891602,-95.71278000,-73.42399000
2.38952637,-94.44035000,-71.47868000
2.39013672,-94.16660000,-69.36947000
2.39074707,-86.23180000,-71.01346000
2.39135742,-87.11640000,-73.76426000
2.39196777,-102.71520000,-70.11446000
2.39257813,-97.50985000,-73.79380000
2.39318848,-93.37126000,-74.19424000
2.39379883,-88.97826000,-71.66873000
2.39440918,-89.42607000,-77.40616000
2.39501953,-90.01741000,-93.03287000
2.39562988,-89.38872000,-75.99980000
2.39624023,-89.37207000,-84.81927000
2.39685059,-88.95395000,-73.89070000
2.39746094,-93.22768000,-66.74872000
2.39807129,-90.67729000,-64.99335000
2.39868164,-92.68550000,-65.75675000
2.39929199,-92.98952000,-67.66209000
2.39990234,-85.61903000,-72.36326000
2.40051270,-85.26265000,-81.10155000
2.40112305,-92.14494000,-82.06081000
2.40173340,-95.35300000,-78.00565000
2.40234375,-92.57610000,-82.07885000
2.40295410,-94.93450000,-83.79607000
2.40356445,-101.00910000,-77.38865000
2.40417480,-106.73430000,-78.06567000
2.40478516,-104.31080000,-78.92010000
2.40539551,-93.47991000,-76.03051000
2.40600586,-91.52588000,-73.86654000
2.40661621,-99.19544000,-75.31959000
2.40722656,-90.67802000,-94.88269000
2.40783691,-86.23191000,-71.66363000
2.40844727,-88.59837000,-71.55803000
2.40905762,-95.81269000,-71.35284000
2.40966797,-97.13504000,-72.41422000
2.41027832,-95.42070000,-80.24528000
2.41088867,-93.50290000,-75.58801000
2.41149902,-95.89505000,-73.47692000
2.41210938,-107.03940000,-80.16850000
2.41271973,-95.15729000,-78.16810000
2.41333008,-97.88542000,-73.79437000
2.41394043,-102.62160000,-68.25892000
2.41455078,-101.22880000,-70.85538000
2.41516113,-92.91535000,-82.08134000
2.41577148,-95.53372000,-84.12025000
2.41638184,-92.50202000,-80.02203000
2.41699219,-86.72077000,-71.51320000
2.41760254,-89.33350000,-71.30705000
2.41821289,-89.11369000,-72.62541000
2.41882324,-89.07149000,-72.70982000
2.41943359,-94.48392000,-78.76148000
2.42004395,-93.22318000,-75.75126000
2.42065430,-91.61002000,-70.79041000
2.42126465,-94.32987000,-67.61383000
2.42187500,-94.35120000,-69.71347000
2.42248535,-91.62254000,-73.44903000
2.42309570,-90.58430000,-79.55528000
2.42370605,-89.92793000,-77.99959000
2.42431641,-96.88489000,-74.81013000
2.42492676,-97.67622000,-77.08852000
2.42553711,-90.25962000,-78.41786000
2.42614746,-87.98809000,-75.83324000
2.42675781,-88.85316000,-76.42522000
2.42736816,-93.79344000,-87.36876000
2.42797852,-90.60635000,-73.09205000
2.42858887,-89.66104000,-75.56031000
2.42919922,-89.07513000,-85.19771000
2.42980957,-88.76785000,-73.23074000
2.43041992,-91.54517000,-72.03502000
2.43103027,-93.21366000,-72.99274000
2.43164063,-94.07834000,-75.40552000
2.43225098,-90.42352000,-84.83079000
2.43286133,-92.35355000,-75.84671000
2.43347168,-90.81532000,-80.07721000
2.43408203,-82.18505000,-73.00674000
2.43469238,-86.36842000,-71.74040000
2.43530273,-94.83567000,-77.18668000
2.43591309,-89.72641000,-74.31754000
2.43652344,-92.18271000,-76.88612000
2.43713379,-91.74446000,-79.23120000
2.43774414,-87.46918000,-72.87452000
2.43835449,-87.27131000,-74.10575000
2.43896484,-90.35013000,-75.24908000
2.43957520,-90.88243000,-69.77167000
2.44018555,-86.24055000,-68.93339000
2.44079590,-86.20149000,-71.92760000
2.44140625,-88.90295000,-74.66865000
2.44201660,-94.55735000,-69.63339000
2.44262695,-94.29931000,-67.66875000
2.44323730,-93.53023000,-70.85076000
2.44384766,-94.57343000,-75.87862000
2.44445801,-92.31995000,-83.34837000
2.44506836,-90.78214000,-74.91498000
2.44567871,-89.96584000,-71.11986000
2.44628906,-88.26414000,-72.40845000
2.44689941,-87.88350000,-76.15951000
2.44750977,-91.99884000,-74.03773000
2.44812012,-104.24910000,-70.61235000
2.44873047,-123.86550000,-68.78989000
2.44934082,-96.12141000,-72.40488000
2.44995117,-90.91695000,-77.05766000
2.45056152,-90.52060000,-80.56386000
2.45117188,-89.94315000,-83.63372000
2.45178223,-93.06091000,-75.81069000
2.45239258,-93.28017000,-78.06128000
2.45300293,-96.47569000,-80.41339000
2.45361328,-95.85644000,-78.09985000
2.45422363,-92.56116000,-80.66614000
2.45483398,-97.09456000,-76.50105000
2.45544434,-98.61569000,-78.18732000
2.45605469,-92.31548000,-72.10817000
2.45666504,-91.96124000,-73.71140000
2.45727539,-95.34552000,-77.28079000
2.45788574,-91.24172000,-75.89589000
2.45849609,-109.67220000,-71.04341000
2.45910645,-94.88860000,-68.64115000
2.45971680,-91.62300000,-68.52250000
2.46032715,-90.42039000,-69.13522000
2.46093750,-94.35851000,-71.52327000
2.46154785,-97.26157000,-71.66982000
2.46215820,-104.78740000,-75.84444000
2.46276855,-94.93595000,-83.46054000
2.46337891,-96.73129000,-72.52834000
2.46398926,-99.15038000,-67.96712000
2.46459961,-91.85608000,-69.26368000
2.46520996,-93.98584000,-75.25547000
2.46582031,-103.70440000,-77.64154000
2.46643066,-90.15761000,-76.43130000
2.46704102,-91.30989000,-81.53694000
2.46765137,-93.44475000,-71.89986000
2.46826172,-88.70287000,-70.39167000
2.46887207,-84.45083000,-74.01874000
2.46948242,-82.37626000,-84.97084000
2.47009277,-85.21328000,-79.98365000
2.47070313,-94.11748000,-74.73436000
2.47131348,-92.89799000,-84.08743000
2.47192383,-91.57840000,-78.86353000
2.47253418,-91.46986000,-83.17219000
2.47314453,-93.14406000,-87.69397000
2.47375488,-92.76263000,-81.66983000
2.47436523,-88.66180000,-76.97392000
2.47497559,-86.25589000,-72.64821000
2.47558594,-87.48999000,-69.79918000
2.47619629,-92.41647000,-68.98727000
2.47680664,-107.11120000,-69.22884000
2.47741699,-93.42606000,-71.95499000
2.47802734,-91.71019000,-82.16228000
2.47863770,-90.83174000,-83.01002000
2.47924805,-90.82050000,-76.93778000
2.47985840,-87.79771000,-79.00074000
2.48046875,-87.86594000,-76.04466000
2.48107910,-96.31572000,-71.97710000
2.48168945,-100.88370000,-67.92422000
2.48229980,-95.73383000,-66.05000000
2.48291016,-99.25780000,-69.14728000
2.48352051,-104.89430000,-84.43575000
2.48413086,-98.07163000,-73.14342000
2.48474121,-92.77002000,-72.17802000
2.48535156,-90.34290000,-81.93420000
2.48596191,-89.96367000,-76.26785000
2.48657227,-90.01357000,-70.23804000
2.48718262,-93.75103000,-67.78857000
2.48779297,-96.95548000,-75.07921000
2.48840332,-98.08549000,-72.59198000
2.48901367,-83.22604000,-71.07514000
2.48962402,-80.37131000,-73.16334000
2.49023438,-85.28873000,-70.66683000
2.49084473,-91.03142000,-69.44800000
2.49145508,-91.39957000,-72.49259000
2.49206543,-116.35430000,-78.49065000
2.49267578,-92.50735000,-72.50980000
2.49328613,-97.30916000,-70.04281000
2.49389648,-79.39418000,-71.16625000
2.49450684,-74.99438000,-74.14681000
2.49511719,-79.98801000,-74.66260000
2.49572754,-98.80637000,-78.79348000
2.49633789,-95.81207000,-77.85463000
2.49694824,-92.84972000,-79.96814000
2.49755859,-101.04170000,-84.14925000
2.49816895,-94.17422000,-80.00478000
2.49877930,-87.64759000,-81.89885000
2.49938965,-87.10211000,-76.32730000
2.50000000,-92.40849000,-74.64593000
2.50061035,-103.70670000,-69.88187000
2.50122070,-93.42641000,-69.42072000
2.50183105,-93.63010000,-73.44026000
2.50244141,-90.69810000,-78.12334000
2.50305176,-88.13442000,-73.55753000
2.50366211,-89.31255000,-74.19102000
2.50427246,-93.38318000,-77.75980000
2.50488281,-90.06906000,-75.09625000
2.50549316,-90.19242000,-74.98552000
2.50610352,-97.39818000,-82.75125000
2.50671387,-100.35030000,-84.42039000
2.50732422,-94.59916000,-82.76981000
2.50793457,-89.51293000,-74.41235000
2.50854492,-89.09102000,-74.29825000
2.50915527,-89.12045000,-73.60332000
2.50976563,-88.00751000,-73.37447000
2.51037598,-93.45251000,-74.97217000
2.51098633,-101.89670000,-72.53377000
2.51159668,-98.88463000,-70.59460000
2.51220703,-90.66339000,-71.70707000
2.51281738,-89.45576000,-86.92192000
2.51342773,-106.88960000,-71.16476000
2.51403809,-88.84380000,-73.62314000
2.51464844,-90.17184000,-73.60889000
2.51525879,-94.98214000,-69.08731000
2.51586914,-97.87833000,-70.18694000
2.51647949,-91.02782000,-74.95191000
2.51708984,-89.04664000,-74.30733000
2.51770020,-91.86744000,-72.11014000
2.51831055,-94.79132000,-70.17463000
2.51892090,-97.47458000,-72.26176000
2.51953125,-107.10130000,-89.64165000
2.52014160,-103.45530000,-77.82203000
2.52075195,-96.35423000,-74.46515000
2.52136230,-95.79144000,-76.27192000
2.52197266,-96.16436000,-88.37349000
2.52258301,-102.00630000,-87.48292000
2.52319336,-106.38500000,-85.35632000
2.52380371,-100.46500000,-79.18725000
2.52441406,-98.31007000,-74.99249000
2.52502441,-94.72858000,-75.79583000
2.52563477,-90.11958000,-76.03753000
2.52624512,-91.73309000,-77.21616000
2.52685547,-99.68978000,-76.82326000
2.52746582,-95.49849000,-71.73412000
2.52807617,-95.21134000,-78.83685000
2.52868652,-101.42190000,-86.92280000
2.52929688,-95.16456000,-73.12936000
2.52990723,-90.18295000,-70.05956000
2.53051758,-93.70930000,-72.05459000
2.53112793,-93.75819000,-74.67239000
2.53173828,-94.19402000,-70.27083000
2.53234863,-98.60661000,-69.62308000
2.53295898,-95.94941000,-72.69417000
2.53356934,-99.18716000,-75.73646000
2.53417969,-96.00984000,-79.63734000
2.53479004,-106.42220000,-76.92924000
2.53540039,-98.59802000,-76.10118000
2.53601074,-93.57471000,-77.66441000
2.53662109,-94.38150000,-76.39532000
2.53723145,-95.44305000,-80.53392000
2.53784180,-94.10474000,-87.92651000
2.53845215,-87.79312000,-76.05399000
2.53906250,-86.52607000,-77.84197000
2.53967285,-88.14888000,-89.18456000
2.54028320,-94.97779000,-88.44204000
2.54089355,-104.36160000,-80.83786000
2.54150391,-95.83825000,-94.06570000
2.54211426,-92.28809000,-78.99418000
2.54272461,-93.31483000,-80.76463000
2.54333496,-94.91426000,-74.02837000
2.54394531,-93.35639000,-78.07410000
2.54455566,-87.57884000,-87.26468000
2.54516602,-87.83258000,-92.22398000
2.54577637,-97.80127000,-82.81266000
2.54638672,-90.04623000,-85.89168000
2.54699707,-91.64931000,-82.47430000
2.54760742,-97.45528000,-76.34080000
2.54821777,-92.62907000,-73.46564000
2.54882813,-90.75822000,-71.41773000
2.54943848,-87.38129000,-73.24817000
2.55004883,-88.59534000,-89.42644000
2.55065918,-89.92527000,-75.36811000
2.55126953,-94.34602000,-77.12400000
2.55187988,-98.53898000,-68.93645000
2.55249023,-100.70470000,-65.50578000
2.55310059,-98.41854000,-65.69132000
2.55371094,-89.92470000,-68.36657000
2.55432129,-87.67805000,-77.39344000
2.55493164,-92.03149000,-78.00130000
2.55554199,-104.36280000,-73.84535000
2.55615234,-95.83160000,-77.64007000
2.55676270,-87.16767000,-79.64093000
2.55737305,-84.95358000,-77.80540000
2.55798340,-87.40387000,-78.61826000
2.55859375,-89.26913000,-74.38833000
2.55920410,-87.49486000,-71.03985000
2.55981445,-87.90482000,-71.95233000
2.56042480,-91.74104000,-75.71644000
2.56103516,-100.33110000,-66.52330000
2.56164551,-89.84564000,-67.46835000
2.56225586,-92.71668000,-72.33884000
2.56286621,-99.33104000,-72.57986000
2.56347656,-90.78514000,-72.20668000
2.56408691,-86.41758000,-78.51361000
2.56469727,-88.20579000,-89.50935000
2.56530762,-96.75948000,-77.58701000
2.56591797,-93.97543000,-72.38641000
2.56652832,-88.16306000,-71.57313000
2.56713867,-85.55559000,-76.47349000
2.56774902,-85.91300000,-83.22274000
2.56835938,-90.78828000,-73.64280000
2.56896973,-100.22820000,-77.42210000
2.56958008,-95.73444000,-117.86020000
2.57019043,-94.71268000,-98.20428000
2.57080078,-110.35100000,-86.17486000
2.57141113,-95.25163000,-76.68778000
2.57202148,-89.69901000,-71.83810000
2.57263184,-89.43600000,-68.71866000
2.57324219,-98.20679000,-70.01463000
2.57385254,-85.44406000,-73.94668000
2.57446289,-84.06701000,-79.07651000
2.57507324,-90.84779000,-74.83001000
2.57568359,-92.38747000,-73.11417000
2.57629395,-92.88101000,-81.02749000
2.57690430,-96.59222000,-74.56083000
2.57751465,-92.03534000,-70.37093000
2.57812500,-96.16070000,-73.70750000
2.57873535,-98.03539000,-76.59883000
2.57934570,-97.46394000,-81.04977000
2.57995605,-93.39629000,-82.73899000
2.58056641,-91.85847000,-80.91829000
2.58117676,-91.70685000,-79.44366000
2.58178711,-92.23244000,-73.62123000
2.58239746,-103.89980000,-74.66830000
2.58300781,-106.40950000,-78.80868000
2.58361816,-96.47443000,-77.06636000
2.58422852,-88.38062000,-72.92503000
2.58483887,-87.55517000,-78.84054000
2.58544922,-90.89939000,-76.42670000
2.58605957,-89.62413000,-70.17986000
2.58666992,-88.05347000,-68.64860000
2.58728027,-87.38058000,-70.57715000
2.58789063,-88.58231000,-75.55447000
2.58850098,-89.06513000,-83.63875000
2.58911133,-89.24335000,-75.73525000
2.58972168,-93.87471000,-73.50503000
2.59033203,-94.10888000,-74.08379000
2.59094238,-89.86945000,-80.21958000
2.59155273,-90.27038000,-77.05796000
2.59216309,-99.23286000,-76.00835000
2.59277344,-95.15548000,-83.50083000
2.59338379,-89.89540000,-76.29962000
2.59399414,-86.43025000,-76.63557000
2.59460449,-85.02509000,-85.02603000
2.59521484,-91.15737000,-75.21954000
2.59582520,-111.62210000,-71.19174000
2.59643555,-103.08040000,-77.04494000
2.59704590,-103.75980000,-81.44238000
2.59765625,-104.30180000,-84.02769000
2.59826660,-97.82970000,-72.72207000
2.59887695,-90.67220000,-72.05486000
2.59948730,-90.64042000,-83.21646000
2.60009766,-100.41010000,-76.37930000
2.60070801,-92.93021000,-72.65143000
2.60131836,-94.55685000,-73.27553000
2.60192871,-93.44443000,-79.24427000
2.60253906,-86.20233000,-86.41080000
2.60314941,-85.99065000,-75.80099000
2.60375977,-88.75388000,-76.28117000
2.60437012,-95.19044000,-81.60400000
2.60498047,-102.24820000,-84.83558000
2.60559082,-96.85257000,-79.05492000
2.60620117,-87.77848000,-69.27207000
2.60681152,-86.06322000,-71.63326000
2.60742188,-88.72306000,-80.45429000
2.60803223,-91.29320000,-73.64971000
2.60864258,-89.69865000,-75.90079000
2.60925293,-87.51662000,-75.20955000
2.60986328,-94.86207000,-76.17095000
2.61047363,-95.85597000,-78.54105000
2.61108398,-96.90340000,-77.44975000
2.61169434,-101.05840000,-82.33630000
2.61230469,-88.69197000,-87.51729000
2.61291504,-84.43030000,-76.65520000
2.61352539,-83.90674000,-74.76846000
2.61413574,-86.34464000,-85.53813000
2.61474609,-90.92125000,-81.78264000
2.61535645,-93.32204000,-81.24084000
2.61596680,-92.87146000,-78.74961000
2.61657715,-91.47457000,-73.98100000
2.61718750,-90.58002000,-71.56816000
2.61779785,-95.04100000,-75.37376000
2.61840820,-98.57629000,-78.73241000
2.61901855,-90.17969000,-85.99114000
2.61962891,-90.04943000,-75.70383000
2.62023926,-90.06422000,-72.01859000
2.62084961,-86.94543000,-71.41284000
2.62145996,-86.49705000,-69.02697000
2.62207031,-92.53410000,-70.31861000
2.62268066,-119.40470000,-77.64044000
2.62329102,-99.24278000,-77.50814000
2.62390137,-91.18850000,-74.86729000
2.62451172,-89.13634000,-79.13702000
2.62512207,-93.33585000,-88.62526000
2.62573242,-91.90987000,-72.66019000
2.62634277,-103.09890000,-67.58730000
2.62695313,-91.16737000,-69.01992000
2.62756348,-92.32642000,-74.29107000
2.62817383,-94.00704000,-74.55946000
2.62878418,-104.01370000,-69.67345000
2.62939453,-91.84636000,-70.72543000
2.63000488,-89.12436000,-77.70569000
2.63061523,-94.34436000,-79.81378000
2.63122559,-100.53790000,-74.28152000
2.63183594,-88.43373000,-73.70221000
2.63244629,-76.77924000,-84.28789000
2.63305664,-74.50304000,-76.84384000
2.63366699,-80.34608000,-76.06839000
2.63427734,-96.92023000,-78.87841000
2.63488770,-87.28679000,-74.14792000
2.63549805,-97.67432000,-69.64890000
2.63610840,-92.98669000,-70.60755000
2.63671875,-90.39452000,-75.64890000
2.63732910,-95.03542000,-75.61172000
2.63793945,-92.77714000,-72.96185000
2.63854980,-93.64900000,-67.94925000
2.63916016,-93.30189000,-67.22614000
2.63977051,-90.57762000,-68.98267000
2.64038086,-92.33605000,-72.35337000
2.64099121,-101.05760000,-76.28261000
2.64160156,-104.68830000,-78.30280000
2.64221191,-99.19862000,-77.82569000
2.64282227,-93.50411000,-80.10555000
2.64343262,-91.56133000,-86.33575000
2.64404297,-91.36392000,-76.97396000
2.64465332,-88.47388000,-70.94650000
2.64526367,-88.78654000,-69.87791000
2.64587402,-90.92599000,-74.36275000
2.64648438,-96.30858000,-83.33984000
2.64709473,-98.23901000,-84.06441000
2.64770508,-93.75851000,-79.95657000
2.64831543,-88.08246000,-80.46683000
2.64892578,-86.87721000,-77.46258000
2.64953613,-85.57061000,-74.36538000
2.65014648,-84.43816000,-74.11605000
2.65075684,-87.81539000,-78.31331000
2.65136719,-88.99354000,-77.71774000
2.65197754,-90.39771000,-75.03793000
2.65258789,-94.63531000,-83.38400000
2.65319824,-110.96050000,-91.50410000
2.65380859,-95.58829000,-81.66606000
2.65441895,-98.98151000,-73.19055000
2.65502930,-96.14813000,-73.52582000
2.65563965,-91.27801000,-94.54359000
2.65625000,-93.55539000,-75.04276000
2.65686035,-95.19191000,-75.33212000
2.65747070,-105.37830000,-84.10541000
2.65808105,-102.18060000,-83.14693000
2.65869141,-102.82490000,-80.51401000
2.65930176,-95.79528000,-76.98453000
2.65991211,-89.94327000,-78.76925000
2.66052246,-90.99184000,-83.27881000
2.66113281,-89.76511000,-77.14744000
2.66174316,-87.12012000,-73.89962000
2.66235352,-86.00104000,-72.45522000
2.66296387,-84.99065000,-79.54552000
2.66357422,-84.82823000,-81.28806000
2.66418457,-87.06818000,-77.93070000
2.66479492,-91.70625000,-73.65798000
2.66540527,-91.96989000,-73.11330000
2.66601563,-89.69933000,-72.91833000
2.66662598,-95.49465000,-70.94882000
2.66723633,-97.51353000,-72.77423000
2.66784668,-90.91174000,-75.13365000
2.66845703,-90.29413000,-81.28453000
2.66906738,-92.65660000,-82.90252000
2.66967773,-94.71035000,-78.40631000
2.67028809,-93.08684000,-74.05942000
2.67089844,-89.50646000,-77.01414000
2.67150879,-91.97327000,-86.62753000
2.67211914,-112.94580000,-77.19550000
2.67272949,-106.32650000,-74.56071000
2.67333984,-105.21670000,-73.67727000
2.67395020,-91.67358000,-74.00687000
2.67456055,-88.36237000,-74.21731000
2.67517090,-95.02244000,-77.66039000
2.67578125,-98.83739000,-82.68464000
2.67639160,-95.76559000,-77.91974000
2.67700195,-96.34912000,-70.91736000
2.67761230,-101.50400000,-71.61294000
2.67822266,-94.55608000,-74.93757000
2.67883301,-96.06146000,-74.23736000
2.67944336,-92.36008000,-73.34615000
2.68005371,-90.93853000,-75.19265000
2.68066406,-89.28455000,-79.21546000
2.68127441,-99.23110000,-76.48736000
2.68188477,-93.93195000,-77.89841000
2.68249512,-91.04385000,-92.56459000
2.68310547,-86.09791000,-83.85770000
2.68371582,-86.70004000,-72.50191000
2.68432617,-93.16995000,-69.18369000
2.68493652,-89.06679000,-74.03807000
2.68554688,-92.54272000,-78.57590000
2.68615723,-102.83890000,-74.02389000
2.68676758,-104.47400000,-74.50626000
2.68737793,-100.00290000,-69.83829000
2.68798828,-88.99313000,-71.06571000
2.68859863,-86.80546000,-81.19327000
2.68920898,-91.00116000,-83.01848000
2.68981934,-96.16026000,-85.94688000
2.69042969,-98.90721000,-82.19201000
2.69104004,-100.60000000,-71.36334000
2.69165039,-94.46823000,-70.72511000
2.69226074,-94.46682000,-75.25792000
2.69287109,-90.94750000,-73.57680000
2.69348145,-88.05734000,-72.52361000
2.69409180,-92.66248000,-75.85754000
2.69470215,-92.18166000,-79.92310000
2.69531250,-89.74908000,-74.01025000
2.69592285,-91.52241000,-74.95894000
2.69653320,-98.01242000,-85.39535000
2.69714355,-108.29270000,-89.46822000
2.69775391,-101.14320000,-103.55310000
2.69836426,-91.78329000,-83.36089000
2.69897461,-89.42792000,-90.10320000
2.69958496,-111.29310000,-81.00482000
2.70019531,-85.94527000,-69.45679000
2.70080566,-85.70448000,-64.69161000
2.70141602,-88.86479000,-67.51251000
2.70202637,-93.51639000,-79.82813000
2.70263672,-89.99245000,-75.13654000
2.70324707,-88.90519000,-75.33656000
2.70385742,-93.81184000,-77.36131000
2.70446777,-95.05978000,-74.04516000
2.70507813,-88.78168000,-77.95156000
2.70568848,-90.89394000,-73.44638000
2.70629883,-111.81670000,-77.33723000
2.70690918,-91.05106000,-79.20618000
2.70751953,-88.06756000,-76.19180000
2.70812988,-93.96172000,-79.58881000
2.70874023,-103.17570000,-81.16154000
2.70935059,-103.19440000,-75.70765000
2.70996094,-101.27340000,-80.64178000
2.71057129,-93.81939000,-90.40955000
2.71118164,-92.10442000,-77.83667000
2.71179199,-97.45747000,-72.73771000
2.71240234,-95.22710000,-72.55020000
2.71301270,-89.74791000,-83.63326000
2.71362305,-92.70443000,-90.79856000
2.71423340,-95.49137000,-74.07915000
2.71484375,-93.53351000,-70.38081000
2.71545410,-105.97880000,-72.51739000
2.71606445,-102.70630000,-76.23787000
2.71667480,-102.21390000,-72.70816000
2.71728516,-90.29561000,-68.41125000
2.71789551,-91.03756000,-70.64314000
2.71850586,-93.81270000,-74.47742000
2.71911621,-94.89177000,-79.99782000
2.71972656,-89.32916000,-84.57969000
2.72033691,-89.88719000,-75.12933000
2.72094727,-98.37006000,-77.65193000
2.72155762,-95.97910000,-84.36024000
2.72216797,-95.55998000,-79.58297000
2.72277832,-93.51044000,-78.33411000
2.72338867,-88.89882000,-78.60120000
2.72399902,-88.64873000,-79.17924000
2.72460938,-94.38783000,-80.79428000
2.72521973,-101.45380000,-81.23515000
2.72583008,-94.84424000,-76.43579000
2.72644043,-105.21340000,-73.47752000
2.72705078,-97.66890000,-74.06137000
2.72766113,-89.36092000,-71.83131000
2.72827148,-87.39053000,-73.22152000
2.72888184,-87.46574000,-83.57314000
2.72949219,-88.12363000,-75.77693000
2.73010254,-88.20403000,-70.91119000
2.73071289,-86.45028000,-68.53636000
2.73132324,-93.06287000,-70.80979000
2.73193359,-92.61678000,-90.18005000
2.73254395,-86.70288000,-78.46931000
2.73315430,-87.02460000,-80.55970000
2.73376465,-81.94221000,-75.39513000
2.73437500,-78.70293000,-80.20362000
2.73498535,-84.40510000,-76.67247000
2.73559570,-100.37120000,-72.50687000
2.73620605,-90.36834000,-75.26949000
2.73681641,-96.96064000,-82.17389000
2.73742676,-97.28571000,-82.11762000
2.73803711,-99.48671000,-80.93106000
2.73864746,-102.85500000,-88.33241000
2.73925781,-106.82320000,-70.44643000
2.73986816,-90.75260000,-69.16082000
2.74047852,-90.56607000,-72.77850000
2.74108887,-92.30521000,-71.52878000
2.74169922,-92.36500000,-70.47794000
2.74230957,-91.02551000,-70.81544000
2.74291992,-89.23363000,-75.57336000
2.74353027,-90.17059000,-96.27457000
2.74414063,-92.33173000,-78.65174000
2.74475098,-91.81774000,-79.41003000
2.74536133,-93.44433000,-75.83565000
2.74597168,-94.50307000,-75.78786000
2.74658203,-89.39706000,-78.79704000
2.74719238,-88.27702000,-73.99419000
2.74780273,-96.14006000,-70.41554000
2.74841309,-98.33751000,-71.16971000
2.74902344,-94.49578000,-74.68749000
2.74963379,-82.43087000,-77.18138000
2.75024414,-80.08853000,-85.87248000
2.75085449,-84.00262000,-73.48717000
2.75146484,-89.12403000,-74.81701000
2.75207520,-88.86017000,-75.08899000
2.75268555,-89.34269000,-75.95523000
2.75329590,-90.61064000,-83.88574000
2.75390625,-94.73842000,-79.16925000
2.75451660,-97.58234000,-75.39887000
2.75512695,-94.14217000,-77.91059000
2.75573730,-95.92950000,-79.76997000
2.75634766,-90.93172000,-90.76862000
2.75695801,-90.19722000,-76.40548000
2.75756836,-97.23257000,-73.34523000
2.75817871,-101.37310000,-76.56127000
2.75878906,-111.23430000,-84.99042000
2.75939941,-95.81852000,-76.00449000
2.76000977,-96.25991000,-70.72095000
2.76062012,-100.95670000,-72.98957000
2.76123047,-105.30660000,-68.92027000
2.76184082,-104.59570000,-67.60905000
2.76245117,-112.50700000,-73.57449000
2.76306152,-96.95004000,-77.53096000
2.76367188,-96.83135000,-79.70649000
2.76428223,-102.21370000,-79.10158000
2.76489258,-92.56486000,-80.10545000
2.76550293,-86.95895000,-80.56789000
2.76611328,-91.59093000,-88.73531000
2.76672363,-97.36492000,-78.13538000
2.76733398,-89.90609000,-71.42550000
2.76794434,-88.60564000,-67.46289000
2.76855469,-97.19765000,-69.08721000
2.76916504,-96.90059000,-75.94395000
2.76977539,-99.80725000,-75.14394000
2.77038574,-89.54779000,-72.44962000
2.77099609,-88.65045000,-67.58681000
2.77160645,-86.88480000,-65.04250000
2.77221680,-88.98339000,-71.34831000
2.77282715,-97.62175000,-80.62256000
2.77343750,-85.02837000,-77.43155000
2.77404785,-79.16960000,-77.76387000
2.77465820,-81.25813000,-68.64539000
2.77526855,-97.69965000,-67.51123000
2.77587891,-90.20813000,-69.65972000
2.77648926,-89.84148000,-80.13969000
2.77709961,-90.80981000,-84.46273000
2.77770996,-92.94147000,-87.88123000
2.77832031,-105.64280000,-85.20718000
2.77893066,-93.71774000,-78.56879000
2.77954102,-94.52953000,-71.07957000
2.78015137,-89.26431000,-71.43090000
2.78076172,-87.02724000,-75.43288000
2.78137207,-89.37488000,-77.95592000
2.78198242,-90.96429000,-80.50422000
2.78259277,-87.47540000,-77.94337000
2.78320313,-92.01231000,-99.79671000
2.78381348,-95.51818000,-92.73332000
2.78442383,-90.14256000,-75.04758000
2.78503418,-89.74684000,-74.60769000
2.78564453,-94.17429000,-78.02924000
2.78625488,-96.25063000,-77.54517000
2.78686523,-106.76020000,-70.55604000
2.78747559,-101.92000000,-69.39274000
2.78808594,-91.77821000,-73.15321000
2.78869629,-85.91035000,-91.42022000
2.78930664,-80.63557000,-71.00390000
2.78991699,-83.26225000,-67.62444000
2.79052734,-92.91309000,-73.89127000
2.79113770,-97.64687000,-86.76404000
2.79174805,-108.47820000,-89.09525000
2.79235840,-89.48587000,-85.98049000
2.79296875,-88.11543000,-73.14149000
2.79357910,-87.26660000,-69.01389000
2.79418945,-79.01846000,-73.21676000
2.79479980,-82.58784000,-73.21341000
2.79541016,-94.20776000,-71.24873000
2.79602051,-91.24429000,-79.37019000
2.79663086,-95.78620000,-75.43885000
2.79724121,-86.85745000,-70.77037000
2.79785156,-84.75597000,-71.83008000
2.79846191,-85.82222000,-71.71413000
2.79907227,-100.27050000,-71.55827000
2.79968262,-86.10138000,-78.49973000
2.80029297,-83.05806000,-73.73072000
2.80090332,-87.36535000,-71.63564000
2.80151367,-90.50961000,-72.03441000
2.80212402,-94.76925000,-74.30363000
2.80273438,-104.34590000,-77.82592000
2.80334473,-95.22482000,-78.83614000
2.80395508,-99.87489000,-74.13151000
2.80456543,-93.94245000,-72.16325000
2.80517578,-90.81079000,-83.81068000
2.80578613,-94.28221000,-76.69143000
2.80639648,-108.58490000,-71.60386000
2.80700684,-95.69940000,-70.99763000
2.80761719,-91.48421000,-72.86201000
2.80822754,-86.41079000,-74.94212000
2.80883789,-87.97513000,-87.66129000
2.80944824,-87.25870000,-70.50671000
2.81005859,-88.85371000,-67.64116000
2.81066895,-94.74339000,-70.35892000
2.81127930,-95.43352000,-75.83840000
2.81188965,-93.48749000,-74.44839000
2.81250000,-94.10812000,-74.82573000
2.81311035,-105.65120000,-81.41792000
2.81372070,-93.95046000,-87.06213000
2.81433105,-95.90450000,-83.19594000
2.81494141,-97.65970000,-78.59731000
2.81555176,-96.99844000,-78.14544000
2.81616211,-104.32780000,-85.11931000
2.81677246,-94.76722000,-74.70514000
2.81738281,-95.69337000,-83.84615000
2.81799316,-104.06500000,-69.73911000
2.81860352,-90.12158000,-68.84247000
2.81921387,-92.24910000,-71.30978000
2.81982422,-98.91696000,-71.75007000
2.82043457,-92.38751000,-79.50000000
2.82104492,-89.97499000,-74.68512000
2.82165527,-93.46176000,-72.77602000
2.82226563,-93.09445000,-75.79236000
2.82287598,-91.15810000,-87.60247000
2.82348633,-90.88278000,-79.67802000
2.82409668,-108.53870000,-71.86781000
2.82470703,-99.34012000,-68.77753000
2.82531738,-97.73802000,-70.83855000
2.82592773,-93.57422000,-78.20950000
2.82653809,-89.37984000,-88.32149000
2.82714844,-89.73175000,-86.49368000
2.82775879,-91.35708000,-74.59740000
2.82836914,-94.05809000,-72.78306000
2.82897949,-91.00394000,-83.89491000
2.82958984,-87.49131000,-76.53259000
2.83020020,-90.02115000,-73.52921000
2.83081055,-106.17500000,-72.15495000
2.83142090,-95.62743000,-72.50443000
2.83203125,-95.52537000,-81.02997000
2.83264160,-92.44515000,-72.96821000
2.83325195,-95.41676000,-70.30925000
2.83386230,-91.08807000,-68.34660000
2.83447266,-87.01563000,-68.98473000
2.83508301,-86.53033000,-73.47543000
2.83569336,-89.75430000,-85.53290000
2.83630371,-94.15338000,-76.51019000
2.83691406,-91.67652000,-69.27589000
2.83752441,-91.88393000,-69.92877000
2.83813477,-89.71416000,-72.45671000
2.83874512,-86.42783000,-73.86118000
2.83935547,-86.17496000,-75.74911000
2.83996582,-86.84150000,-71.20648000
2.84057617,-90.33866000,-69.04216000
2.84118652,-87.18599000,-75.83507000
2.84179688,-86.92178000,-74.18582000
2.84240723,-91.67168000,-70.62230000
2.84301758,-105.00890000,-70.86064000
2.84362793,-101.10700000,-72.44699000
2.84423828,-94.20486000,-77.98795000
2.84484863,-89.43892000,-80.84839000
2.84545898,-87.28233000,-78.34673000
2.84606934,-87.13012000,-78.95081000
2.84667969,-90.16068000,-80.18028000
2.84729004,-92.81271000,-89.23160000
2.84790039,-91.67515000,-78.41776000
2.84851074,-91.35021000,-84.55398000
2.84912109,-91.87149000,-78.09558000
2.84973145,-88.72334000,-83.42767000
2.85034180,-87.03619000,-71.00921000
2.85095215,-91.31748000,-69.36977000
2.85156250,-97.78876000,-70.98912000
2.85217285,-114.20570000,-75.53859000
2.85278320,-100.24810000,-77.50889000
2.85339355,-93.10809000,-76.78299000
2.85400391,-87.77534000,-74.60155000
2.85461426,-86.91388000,-74.00911000
2.85522461,-89.87543000,-75.29198000
2.85583496,-88.33997000,-74.94999000
2.85644531,-90.09901000,-75.88916000
2.85705566,-89.78344000,-79.20239000
2.85766602,-87.72508000,-75.42027000
2.85827637,-93.11599000,-71.90207000
2.85888672,-89.14470000,-79.89963000
2.85949707,-85.39194000,-81.30875000
2.86010742,-84.93498000,-86.59898000
2.86071777,-87.45326000,-85.76180000
2.86132813,-92.25003000,-78.65509000
2.86193848,-93.56177000,-79.19359000
2.86254883,-94.15396000,-82.07431000
2.86315918,-95.50171000,-85.42014000
2.86376953,-96.15105000,-77.38435000
2.86437988,-102.89790000,-76.57088000
2.86499023,-94.41263000,-75.93824000
2.86560059,-90.78328000,-76.63077000
2.86621094,-96.52527000,-81.93195000
2.86682129,-92.98595000,-77.21100000
2.86743164,-94.46129000,-72.25238000
2.86804199,-97.25414000,-73.56850000
2.86865234,-92.86289000,-87.35770000
2.86926270,-102.30930000,-72.38512000
2.86987305,-102.20830000,-74.33968000
2.87048340,-98.87398000,-81.46371000
2.87109375,-97.65901000,-80.69360000
2.87170410,-97.76134000,-92.76455000
2.87231445,-101.86660000,-74.92514000
2.87292480,-100.16060000,-73.52156000
2.87353516,-92.63533000,-71.75834000
2.87414551,-87.49597000,-75.20184000
2.87475586,-100.67550000,-85.19720000
2.87536621,-86.75803000,-82.34986000
2.87597656,-83.25610000,-72.69801000
2.87658691,-82.58670000,-75.35531000
2.87719727,-83.56882000,-80.65034000
2.87780762,-84.85844000,-75.09781000
2.87841797,-87.83463000,-82.54691000
2.87902832,-92.80762000,-84.87036000
2.87963867,-101.06440000,-81.84425000
2.88024902,-98.07800000,-85.32070000
2.88085938,-95.19727000,-80.17818000
2.88146973,-95.80421000,-79.33521000
2.88208008,-94.86991000,-69.94160000
2.88269043,-95.83885000,-68.35728000
2.88330078,-100.42610000,-73.22562000
2.88391113,-89.96932000,-81.65610000
2.88452148,-87.33240000,-85.15227000
2.88513184,-91.90768000,-72.63256000
2.88574219,-107.06350000,-69.07446000
2.88635254,-98.25217000,-67.55437000
2.88696289,-96.79289000,-71.79216000
2.88757324,-95.48736000,-82.57623000
2.88818359,-99.33997000,-73.59158000
2.88879395,-92.54109000,-73.11526000
2.88940430,-85.51338000,-73.65388000
2.89001465,-86.45359000,-75.43044000
2.89062500,-97.15511000,-74.14695000
2.89123535,-104.09260000,-74.30695000
2.89184570,-104.15670000,-74.64397000
2.89245605,-102.54820000,-75.82875000
2.89306641,-106.17750000,-74.84563000
2.89367676,-90.87365000,-74.25348000
2.89428711,-87.82258000,-70.38014000
2.89489746,-93.95457000,-70.13475000
2.89550781,-92.28690000,-71.26331000
2.89611816,-91.43245000,-71.29807000
2.89672852,-89.25642000,-75.25123000
2.89733887,-91.88506000,-75.41911000
2.89794922,-87.48920000,-71.58510000
2.89855957,-81.74419000,-72.85266000
2.89916992,-82.05396000,-77.24225000
2.89978027,-82.70061000,-95.00294000
2.90039063,-85.51720000,-87.88234000
2.90100098,-108.78540000,-81.46980000
2.90161133,-88.57520000,-74.23442000
2.90222168,-88.54134000,-72.53191000
2.90283203,-94.34364000,-74.54171000
2.90344238,-93.39395000,-69.78181000
2.90405273,-89.79922000,-70.32824000
2.90466309,-89.75154000,-71.84449000
2.90527344,-94.39204000,-71.25731000
2.90588379,-99.20482000,-70.85648000
2.90649414,-104.41590000,-72.96220000
2.90710449,-92.96830000,-76.67972000
2.90771484,-89.63448000,-72.73317000
2.90832520,-92.73006000,-68.62474000
2.90893555,-98.88742000,-70.66536000
2.90954590,-93.43794000,-72.15570000
2.91015625,-95.38448000,-70.06103000
2.91076660,-92.52560000,-70.67141000
2.91137695,-93.51558000,-71.44428000
2.91198730,-90.87822000,-68.32263000
2.91259766,-88.72963000,-67.68623000
2.91320801,-94.23131000,-71.99542000
2.91381836,-87.02324000,-75.89971000
2.91442871,-88.95892000,-73.03439000
2.91503906,-93.54500000,-71.27709000
2.91564941,-96.98952000,-73.69257000
2.91625977,-109.64940000,-76.98293000
2.91687012,-92.80929000,-81.43477000
2.91748047,-89.79682000,-75.19557000
2.91809082,-87.39387000,-76.68471000
2.91870117,-91.50867000,-83.65450000
2.91931152,-96.21788000,-75.19243000
2.91992188,-90.41101000,-72.97269000
2.92053223,-92.15057000,-75.72715000
2.92114258,-99.15310000,-69.12614000
2.92175293,-91.51226000,-67.81234000
2.92236328,-90.56973000,-67.19731000
2.92297363,-92.62352000,-71.30717000
2.92358398,-97.44539000,-86.07173000
2.92419434,-98.18166000,-83.23914000
2.92480469,-94.63478000,-79.24829000
2.92541504,-94.37751000,-71.22430000
2.92602539,-101.57370000,-69.70531000
2.92663574,-95.38370000,-73.44789000
2.92724609,-93.53391000,-76.81634000
2.92785645,-90.45592000,-76.62457000
2.92846680,-88.96762000,-75.32558000
2.92907715,-88.59660000,-73.85224000
2.92968750,-93.27322000,-73.40415000
2.93029785,-98.55963000,-72.06722000
2.93090820,-93.53776000,-68.26287000
2.93151855,-101.44130000,-67.41039000
2.93212891,-94.88208000,-72.24204000
2.93273926,-90.17595000,-88.77705000
2.93334961,-90.21915000,-83.75312000
2.93395996,-94.21958000,-75.46377000
2.93457031,-98.17351000,-71.97709000
2.93518066,-103.06270000,-73.48041000
2.93579102,-100.96230000,-81.65808000
2.93640137,-101.46700000,-78.87758000
2.93701172,-91.42775000,-71.37648000
2.93762207,-91.04549000,-69.76736000
2.93823242,-90.13660000,-75.85199000
2.93884277,-86.12171000,-77.33575000
2.93945313,-84.66734000,-72.32698000
2.94006348,-84.44706000,-76.82275000
2.94067383,-87.85796000,-81.69830000
2.94128418,-98.17747000,-72.35709000
2.94189453,-98.71154000,-73.51000000
2.94250488,-102.98770000,-76.74862000
2.94311523,-107.48270000,-75.15321000
2.94372559,-94.59996000,-72.99651000
2.94433594,-95.33360000,-74.27666000
2.94494629,-95.43239000,-86.91602000
2.94555664,-93.08353000,-73.19595000
2.94616699,-94.69182000,-75.39011000
2.94677734,-93.65173000,-72.14422000
2.94738770,-94.70093000,-73.93341000
2.94799805,-97.54343000,-75.07733000
2.94860840,-91.34828000,-71.01258000
2.94921875,-86.89595000,-70.62427000
2.94982910,-84.94597000,-77.76964000
2.95043945,-85.44859000,-79.96575000
2.95104980,-89.19682000,-70.78107000
2.95166016,-90.00167000,-69.34631000
2.95227051,-84.75066000,-75.53481000
2.95288086,-83.38387000,-75.62688000
2.95349121,-85.33160000,-79.88261000
2.95410156,-92.81776000,-89.26982000
2.95471191,-95.66408000,-73.77855000
2.95532227,-89.19637000,-73.97661000
2.95593262,-92.83958000,-73.33074000
2.95654297,-90.48911000,-72.17096000
2.95715332,-87.17215000,-74.43578000
2.95776367,-87.02634000,-73.04025000
2.95837402,-88.70831000,-69.28874000
2.95898438,-90.32988000,-69.90846000
2.95959473,-91.60957000,-70.41162000
2.96020508,-97.28128000,-71.35538000
2.96081543,-94.36884000,-71.22054000
2.96142578,-91.14117000,-72.93063000
2.96203613,-93.44516000,-76.56912000
2.96264648,-90.13825000,-71.35352000
2.96325684,-91.36534000,-70.33867000
2.96386719,-100.42070000,-71.47436000
2.96447754,-96.36697000,-74.20045000
2.96508789,-104.45110000,-69.98936000
2.96569824,-91.60860000,-67.88625000
2.96630859,-86.37006000,-71.71202000
2.96691895,-88.03496000,-75.91549000
2.96752930,-90.98965000,-78.12512000
2.96813965,-88.40302000,-78.57239000
2.96875000,-85.87009000,-75.90721000
2.96936035,-87.25865000,-74.57116000
2.96997070,-91.96217000,-82.48612000
2.97058105,-100.73120000,-72.21085000
2.97119141,-96.48605000,-71.39535000
2.97180176,-100.59010000,-79.52444000
2.97241211,-95.03413000,-80.05669000
2.97302246,-93.19913000,-73.80947000
2.97363281,-92.04715000,-74.41856000
2.97424316,-88.78775000,-75.66185000
2.97485352,-88.94165000,-79.55087000
2.97546387,-94.46425000,-76.72713000
2.97607422,-93.52968000,-72.94454000
2.97668457,-93.18291000,-73.19068000
2.97729492,-93.40359000,-76.90850000
2.97790527,-89.26876000,-76.57532000
2.97851563,-85.77222000,-72.89153000
2.97912598,-84.84887000,-78.38565000
2.97973633,-87.30371000,-73.91548000
2.98034668,-86.73914000,-76.67093000
2.98095703,-88.22639000,-88.89420000
2.98156738,-91.18565000,-81.41061000
2.98217773,-95.15092000,-75.10239000
2.98278809,-89.72655000,-86.66428000
2.98339844,-96.99753000,-76.41826000
2.98400879,-107.67450000,-79.94956000
2.98461914,-111.40960000,-78.21843000
2.98522949,-91.78254000,-77.54059000
2.98583984,-88.16107000,-75.03776000
2.98645020,-93.82851000,-76.60413000
2.98706055,-97.88307000,-82.21991000
2.98767090,-116.83680000,-75.34550000
2.98828125,-106.49180000,-72.18269000
2.98889160,-87.85127000,-79.32848000
2.98950195,-86.03009000,-80.02541000
2.99011230,-93.85136000,-87.87827000
2.99072266,-90.11356000,-75.89334000
2.99133301,-92.70470000,-79.27455000
2.99194336,-95.73082000,-77.55586000
2.99255371,-115.06260000,-72.94333000
2.99316406,-94.57281000,-70.96597000
2.99377441,-92.44026000,-72.30358000
2.99438477,-82.98100000,-75.19832000
2.99499512,-84.00639000,-76.48808000
2.99560547,-86.37962000,-77.41771000
2.99621582,-90.44261000,-74.65143000
2.99682617,-91.85691000,-76.69256000
2.99743652,-91.07245000,-89.38918000
2.99804688,-96.60286000,-79.52579000
2.99865723,-93.40394000,-81.59009000
2.99926758,-90.25336000,-80.56845000
2.99987793,-89.51894000,-76.27245000
3.00048828,-88.54974000,-80.49661000
3.00109863,-101.48110000,-72.82339000
3.00170898,-90.92876000,-72.73624000
3.00231934,-88.58028000,-75.82191000
3.00292969,-90.45330000,-79.11627000
3.00354004,-104.93090000,-73.67184000
3.00415039,-92.08635000,-72.14486000
3.00476074,-88.10310000,-72.10361000
3.00537109,-90.35018000,-77.41035000
3.00598145,-103.06540000,-74.42400000
3.00659180,-96.88853000,-74.72306000
3.00720215,-96.18522000,-79.12811000
3.00781250,-96.91878000,-80.19096000
3.00842285,-96.71339000,-72.58691000
3.00903320,-97.00658000,-70.35887000
3.00964355,-102.95300000,-71.71236000
3.01025391,-94.49474000,-72.15312000
3.01086426,-90.04124000,-72.29452000
3.01147461,-90.63923000,-69.70924000
3.01208496,-99.71996000,-69.66232000
3.01269531,-90.75945000,-79.16466000
3.01330566,-87.22427000,-87.60612000
3.01391602,-89.09348000,-81.48632000
3.01452637,-99.09752000,-74.04343000
3.01513672,-93.00374000,-78.57601000
3.01574707,-92.39777000,-80.36938000
3.01635742,-95.30766000,-79.80676000
3.01696777,-109.47680000,-87.91011000
3.01757813,-99.41455000,-78.73624000
3.01818848,-89.86489000,-84.92502000
3.01879883,-88.94451000,-74.78429000
3.01940918,-98.92204000,-71.59364000
3.02001953,-93.63562000,-76.22862000
3.02062988,-97.28226000,-74.16142000
3.02124023,-99.39642000,-73.27632000
3.02185059,-110.43790000,-74.45895000
3.02246094,-120.37460000,-76.77866000
3.02307129,-95.51940000,-72.96672000
3.02368164,-98.76931000,-69.13460000
3.02429199,-94.40429000,-67.60265000
3.02490234,-88.29852000,-69.59075000
3.02551270,-87.15379000,-74.50419000
3.02612305,-88.79487000,-73.23722000
3.02673340,-86.46946000,-75.35429000
3.02734375,-85.06577000,-82.69725000
3.02795410,-88.70754000,-80.75629000
3.02856445,-91.79904000,-80.17636000
3.02917480,-88.66728000,-87.64809000
3.02978516,-89.38129000,-75.46422000
3.03039551,-97.53664000,-70.57690000
3.03100586,-92.25406000,-71.98000000
3.03161621,-92.51144000,-71.06779000
3.03222656,-96.80321000,-72.16483000
3.03283691,-99.87046000,-71.95504000
3.03344727,-84.10289000,-78.05097000
3.03405762,-76.64696000,-85.25934000
3.03466797,-78.47369000,-96.20728000
3.03527832,-94.67625000,-86.51511000
3.03588867,-94.37473000,-78.37129000
3.03649902,-88.96410000,-82.93677000
3.03710938,-89.51874000,-79.80340000
3.03771973,-101.90500000,-78.20412000
3.03833008,-92.98434000,-76.65441000
3.03894043,-87.31276000,-75.07450000
3.03955078,-91.29212000,-77.85706000
3.04016113,-97.42962000,-74.10215000
3.04077148,-92.07904000,-78.22569000
3.04138184,-90.18010000,-73.73529000
3.04199219,-93.05930000,-72.97392000
3.04260254,-99.74654000,-76.65510000
3.04321289,-104.32840000,-76.39484000
3.04382324,-93.48049000,-74.63997000
3.04443359,-91.56070000,-77.98279000
3.04504395,-99.60072000,-74.15610000
3.04565430,-95.67682000,-72.51156000
3.04626465,-96.07643000,-76.96117000
3.04687500,-97.45193000,-70.53926000
3.04748535,-94.93109000,-76.34715000
3.04809570,-99.38117000,-73.83684000
3.04870605,-95.39284000,-74.62547000
3.04931641,-82.56873000,-74.77879000
3.04992676,-78.78065000,-75.21761000
3.05053711,-81.32107000,-82.14477000
3.05114746,-84.76418000,-75.16705000
3.05175781,-82.68184000,-71.53413000
3.05236816,-83.26623000,-76.12733000
3.05297852,-89.74173000,-76.64354000
3.05358887,-110.53850000,-89.22713000
3.05419922,-94.41393000,-75.99232000
3.05480957,-89.29734000,-75.95226000
3.05541992,-88.91283000,-90.32233000
3.05603027,-91.63368000,-71.00732000
3.05664063,-91.45082000,-69.19159000
3.05725098,-91.27120000,-71.07156000
3.05786133,-93.73805000,-80.58662000
3.05847168,-92.52732000,-79.35652000
3.05908203,-87.91249000,-79.42757000
3.05969238,-85.54063000,-74.11716000
3.06030273,-87.02728000,-72.14742000
3.06091309,-97.49450000,-72.82361000
3.06152344,-87.58338000,-71.21939000
3.06213379,-87.36624000,-71.05508000
3.06274414,-88.89236000,-76.10880000
3.06335449,-89.61221000,-72.96113000
3.06396484,-95.93815000,-71.35808000
3.06457520,-92.61002000,-70.93423000
3.06518555,-88.31693000,-70.41795000
3.06579590,-87.30866000,-73.09507000
3.06640625,-96.87135000,-77.17091000
3.06701660,-89.88127000,-73.14126000
3.06762695,-90.86641000,-73.53287000
3.06823730,-114.78990000,-73.79931000
3.06884766,-89.87085000,-68.86477000
3.06945801,-87.56227000,-67.98699000
3.07006836,-90.42192000,-68.47822000
3.07067871,-91.39824000,-69.44816000
3.07128906,-91.17107000,-70.80724000
3.07189941,-91.76456000,-73.01488000
3.07250977,-94.02122000,-84.60110000
3.07312012,-92.23519000,-69.17014000
3.07373047,-81.33228000,-67.12840000
3.07434082,-78.43520000,-71.89201000
3.07495117,-83.07237000,-81.60735000
3.07556152,-89.16547000,-84.95238000
3.07617188,-91.87483000,-76.66980000
3.07678223,-91.25169000,-80.89645000
3.07739258,-102.66220000,-74.20754000
3.07800293,-102.55240000,-69.51485000
3.07861328,-105.35340000,-73.18089000
3.07922363,-99.00508000,-82.28127000
3.07983398,-92.14105000,-74.65086000
3.08044434,-89.53473000,-68.93235000
3.08105469,-92.33011000,-68.03727000
3.08166504,-99.96963000,-71.44468000
3.08227539,-100.05280000,-80.59496000
3.08288574,-94.21029000,-92.69486000
3.08349609,-103.47400000,-81.10482000
3.08410645,-104.40250000,-85.29442000
3.08471680,-99.60605000,-89.06025000
3.08532715,-95.75322000,-91.74033000
3.08593750,-93.64061000,-80.97739000
3.08654785,-85.70544000,-74.75422000
3.08715820,-84.86016000,-79.67933000
3.08776855,-87.39005000,-74.89894000
3.08837891,-88.91117000,-80.78932000
3.08898926,-88.91499000,-92.83134000
3.08959961,-92.64865000,-81.66621000
3.09020996,-108.35070000,-79.02344000
3.09082031,-107.12090000,-87.26617000
3.09143066,-99.63980000,-77.90906000
3.09204102,-93.55066000,-70.80168000
3.09265137,-89.95766000,-69.82529000
3.09326172,-86.28722000,-72.36459000
3.09387207,-85.17928000,-75.96594000
3.09448242,-85.93698000,-86.92963000
3.09509277,-87.71263000,-77.39976000
3.09570313,-91.13893000,-75.60365000
3.09631348,-87.86884000,-75.41331000
3.09692383,-88.35419000,-72.23356000
3.09753418,-92.18898000,-72.86413000
3.09814453,-101.94440000,-77.03513000
3.09875488,-93.27145000,-89.45430000
3.09936523,-80.97656000,-72.76408000
3.09997559,-75.97896000,-70.83551000
3.10058594,-79.07213000,-75.40662000
3.10119629,-86.73619000,-84.37821000
3.10180664,-89.14181000,-80.05350000
3.10241699,-93.79854000,-76.41776000
3.10302734,-112.07930000,-73.06518000
3.10363770,-99.35558000,-76.11892000
3.10424805,-96.38428000,-87.19891000
3.10485840,-95.25211000,-78.76326000
3.10546875,-87.09301000,-74.14145000
3.10607910,-87.91469000,-71.23061000
3.10668945,-90.44989000,-69.47352000
3.10729980,-92.62119000,-69.70040000
3.10791016,-91.33040000,-70.97409000
3.10852051,-85.89449000,-74.38465000
3.10913086,-84.25391000,-80.40869000
3.10974121,-84.52452000,-84.18489000
3.11035156,-84.18343000,-82.17896000
3.11096191,-85.41022000,-85.33161000
3.11157227,-87.86579000,-77.94210000
3.11218262,-91.10419000,-82.40128000
3.11279297,-96.47304000,-72.16524000
3.11340332,-94.15238000,-69.03329000
3.11401367,-93.93036000,-70.76111000
3.11462402,-97.56842000,-73.36641000
3.11523438,-103.67640000,-72.14816000
3.11584473,-94.80526000,-74.61343000
3.11645508,-92.32784000,-80.47883000
3.11706543,-91.76115000,-86.97711000
3.11767578,-89.45399000,-77.90131000
3.11828613,-88.60387000,-74.60763000
3.11889648,-93.11421000,-79.21198000
3.11950684,-91.06995000,-71.55045000
3.12011719,-92.47009000,-70.68204000
3.12072754,-95.91624000,-72.67421000
3.12133789,-90.36000000,-73.97010000
3.12194824,-92.19080000,-72.16679000
3.12255859,-90.34627000,-68.27254000
3.12316895,-91.18054000,-68.83920000
3.12377930,-96.34799000,-71.47590000
3.12438965,-92.17834000,-70.82115000
3.12500000,-104.94840000,-73.77444000
3.12561035,-98.59695000,-88.64440000
3.12622070,-99.96407000,-78.72715000
3.12683105,-95.72770000,-76.52932000
3.12744141,-90.78029000,-81.45618000
3.12805176,-88.43187000,-73.43143000
3.12866211,-85.19322000,-72.26141000
3.12927246,-83.47893000,-68.61989000
3.12988281,-88.78685000,-67.96612000
3.13049316,-96.80820000,-75.73647000
3.13110352,-89.80354000,-78.21665000
3.13171387,-89.30786000,-79.69882000
3.13232422,-94.29695000,-77.67470000
3.13293457,-104.18220000,-72.59995000
3.13354492,-90.95903000,-76.21805000
3.13415527,-90.21651000,-87.22478000
3.13476563,-90.12154000,-82.51054000
3.13537598,-90.89818000,-74.45936000
3.13598633,-94.67264000,-72.06071000
3.13659668,-96.32157000,-81.64476000
3.13720703,-101.71440000,-80.82939000
3.13781738,-89.45726000,-78.88536000
3.13842773,-84.62280000,-71.86375000
3.13903809,-84.82524000,-70.57918000
3.13964844,-87.31269000,-71.90879000
3.14025879,-90.09602000,-78.04243000
3.14086914,-91.60893000,-77.49422000
3.14147949,-99.15236000,-73.26189000
3.14208984,-91.06965000,-75.12491000
3.14270020,-90.58769000,-75.36283000
3.14331055,-92.53412000,-80.88272000
3.14392090,-94.75792000,-88.76834000
3.14453125,-94.71078000,-85.29361000
3.14514160,-93.27470000,-77.35786000
3.14575195,-91.64857000,-80.00138000
3.14636230,-91.82448000,-85.48245000
3.14697266,-88.65860000,-79.92915000
3.14758301,-90.65421000,-76.66327000
3.14819336,-100.15170000,-72.92365000
3.14880371,-108.57330000,-71.64080000
3.14941406,-85.92121000,-74.37070000
3.15002441,-83.59680000,-78.95283000
3.15063477,-91.13124000,-80.08651000
3.15124512,-89.30896000,-85.98108000
3.15185547,-94.27410000,-69.78514000
3.15246582,-103.08980000,-70.05932000
3.15307617,-100.80510000,-79.22005000
3.15368652,-103.00340000,-77.63834000
3.15429688,-102.19770000,-74.39265000
3.15490723,-104.52770000,-76.69091000
3.15551758,-95.76689000,-69.89102000
3.15612793,-92.26682000,-73.47142000
3.15673828,-93.35861000,-80.90481000
3.15734863,-102.46280000,-84.87665000
3.15795898,-103.32760000,-81.34616000
3.15856934,-97.91993000,-76.37209000
3.15917969,-95.26700000,-67.00334000
3.15979004,-92.17845000,-68.47412000
3.16040039,-93.25047000,-79.27934000
3.16101074,-93.42156000,-82.38247000
3.16162109,-94.77592000,-71.70853000
3.16223145,-95.22639000,-70.76324000
3.16284180,-98.21361000,-71.96971000
3.16345215,-94.60397000,-73.27979000
3.16406250,-94.55527000,-76.06734000
3.16467285,-101.41320000,-77.15765000
3.16528320,-93.22958000,-79.73306000
3.16589355,-89.54625000,-72.67501000
3.16650391,-88.72726000,-74.37013000
3.16711426,-90.49393000,-72.40691000
3.16772461,-89.62871000,-71.37855000
3.16833496,-89.89238000,-72.53812000
3.16894531,-100.06910000,-74.28998000
3.16955566,-88.93993000,-76.42577000
3.17016602,-88.61049000,-79.68556000
3.17077637,-94.68399000,-74.28532000
3.17138672,-88.85028000,-68.12492000
3.17199707,-93.34909000,-70.28951000
3.17260742,-88.14502000,-74.89229000
3.17321777,-86.44522000,-74.68527000
3.17382813,-83.62408000,-77.49036000
3.17443848,-83.67059000,-74.54814000
3.17504883,-91.05231000,-79.30379000
3.17565918,-106.16910000,-83.88336000
3.17626953,-98.19193000,-75.75813000
3.17687988,-96.33366000,-76.65324000
3.17749023,-88.29398000,-83.73956000
3.17810059,-93.62679000,-72.54250000
3.17871094,-97.80158000,-70.11745000
3.17932129,-98.07625000,-74.81226000
3.17993164,-98.13549000,-74.79005000
3.18054199,-97.52747000,-77.47990000
3.18115234,-87.37022000,-74.29551000
3.18176270,-88.17684000,-70.90118000
3.18237305,-93.26065000,-76.68212000
3.18298340,-90.91020000,-90.86929000
3.18359375,-89.69533000,-98.91166000
3.18420410,-90.70523000,-85.35875000
3.18481445,-95.97350000,-74.38325000
3.18542480,-96.60527000,-75.04591000
3.18603516,-93.65010000,-77.71777000
3.18664551,-105.30090000,-88.54729000
3.18725586,-94.86803000,-75.02120000
3.18786621,-93.11317000,-74.93948000
3.18847656,-94.90342000,-83.60398000
3.18908691,-86.88042000,-75.08202000
3.18969727,-88.03008000,-71.97145000
3.19030762,-94.61136000,-75.72181000
3.19091797,-105.13730000,-73.77715000
3.19152832,-94.52597000,-68.49561000
3.19213867,-90.59658000,-72.96356000
3.19274902,-90.53009000,-77.48091000
3.19335938,-90.51255000,-73.40356000
3.19396973,-90.40414000,-73.63232000
3.19458008,-93.49933000,-69.95358000
3.19519043,-85.76705000,-75.25168000
3.19580078,-85.39207000,-84.67915000
3.19641113,-97.17366000,-94.00120000
3.19702148,-97.41332000,-75.49760000
3.19763184,-93.35372000,-71.17525000
3.19824219,-83.41667000,-70.15834000
3.19885254,-81.97603000,-73.74794000
3.19946289,-89.41856000,-81.13060000
3.20007324,-92.96017000,-80.98251000
3.20068359,-99.33432000,-80.79581000
3.20129395,-98.07570000,-78.34271000
3.20190430,-98.23982000,-78.13491000
3.20251465,-100.85830000,-76.43647000
3.20312500,-102.68380000,-71.74068000
3.20373535,-99.82014000,-71.72150000
3.20434570,-93.66412000,-72.98051000
3.20495605,-93.70818000,-75.36208000
3.20556641,-94.14174000,-73.39091000
3.20617676,-89.62464000,-69.84078000
3.20678711,-85.66898000,-69.46061000
3.20739746,-86.19930000,-73.45928000
3.20800781,-92.46558000,-74.04925000
3.20861816,-100.56180000,-72.09412000
3.20922852,-94.09927000,-74.71981000
3.20983887,-94.67482000,-76.36617000
3.21044922,-98.27074000,-69.54538000
3.21105957,-95.13931000,-77.15119000
3.21166992,-92.46001000,-77.26241000
3.21228027,-96.85855000,-72.97683000
3.21289063,-93.17021000,-77.89729000
3.21350098,-74.61278000,-75.84679000
3.21411133,-68.46436000,-70.68988000
3.21472168,-71.29068000,-78.44633000
3.21533203,-83.85321000,-76.72548000
3.21594238,-89.69144000,-74.16623000
3.21655273,-90.25954000,-77.46164000
3.21716309,-96.14946000,-72.71758000
3.21777344,-93.24770000,-73.27769000
3.21838379,-90.40053000,-73.86759000
3.21899414,-92.59818000,-72.50609000
3.21960449,-95.52575000,-74.74332000
3.22021484,-99.56371000,-78.48608000
3.22082520,-95.56451000,-81.50063000
3.22143555,-96.35941000,-88.72440000
3.22204590,-99.91304000,-77.22006000
3.22265625,-94.05777000,-73.69744000
3.22326660,-102.01320000,-73.07038000
3.22387695,-95.23558000,-76.49606000
3.22448730,-106.97810000,-82.89622000
3.22509766,-95.56191000,-87.60535000
3.22570801,-94.09248000,-74.73265000
3.22631836,-95.61039000,-71.97366000
3.22692871,-93.00910000,-72.41022000
3.22753906,-94.57581000,-74.49078000
3.22814941,-93.59982000,-85.16731000
3.22875977,-95.84381000,-72.40430000
3.22937012,-94.95035000,-67.25811000
3.22998047,-97.12548000,-69.31592000
3.23059082,-111.16930000,-72.82895000
3.23120117,-104.37070000,-75.21538000
3.23181152,-101.23520000,-78.36714000
3.23242188,-107.65830000,-77.95493000
3.23303223,-105.04580000,-74.50194000
3.23364258,-94.32957000,-72.55862000
3.23425293,-91.07777000,-72.90520000
3.23486328,-90.34303000,-71.82945000
3.23547363,-90.78169000,-71.96275000
3.23608398,-93.57094000,-80.18007000
3.23669434,-95.19772000,-79.46577000
3.23730469,-101.09490000,-73.03064000
3.23791504,-96.29601000,-72.61021000
3.23852539,-91.98410000,-71.25562000
3.23913574,-96.35711000,-71.38400000
3.23974609,-98.87337000,-75.15132000
3.24035645,-95.72038000,-68.65144000
3.24096680,-91.43378000,-69.67676000
3.24157715,-91.47198000,-82.55897000
3.24218750,-91.17433000,-75.64147000
3.24279785,-89.62388000,-85.82271000
3.24340820,-89.23065000,-79.11491000
3.24401855,-89.60649000,-71.80021000
3.24462891,-92.72359000,-68.39441000
3.24523926,-94.70943000,-72.47325000
3.24584961,-94.61894000,-83.37074000
3.24645996,-90.98398000,-79.30598000
3.24707031,-89.02100000,-75.44287000
3.24768066,-91.18388000,-88.96898000
3.24829102,-90.18234000,-73.43668000
3.24890137,-82.25867000,-78.44611000
3.24951172,-77.64270000,-75.48862000
3.25012207,-79.26560000,-72.96138000
3.25073242,-92.49969000,-75.53199000
3.25134277,-90.52346000,-76.09127000
3.25195313,-95.67193000,-75.90930000
3.25256348,-99.92271000,-68.08093000
3.25317383,-93.67566000,-66.88789000
3.25378418,-89.31282000,-68.47421000
3.25439453,-89.85146000,-69.29660000
3.25500488,-93.96625000,-70.23619000
3.25561523,-97.20672000,-70.38930000
3.25622559,-94.35868000,-70.69968000
3.25683594,-95.51921000,-74.17590000
3.25744629,-97.83375000,-71.47045000
3.25805664,-86.73459000,-72.76949000
3.25866699,-87.02393000,-86.50176000
3.25927734,-90.98553000,-74.31030000
3.25988770,-91.42599000,-72.11055000
3.26049805,-89.95386000,-69.49253000
3.26110840,-87.88858000,-72.13966000
3.26171875,-89.51709000,-97.07224000
3.26232910,-95.61187000,-81.45360000
3.26293945,-96.54288000,-72.76055000
3.26354980,-93.62344000,-70.36718000
3.26416016,-90.53378000,-72.53438000
3.26477051,-89.19567000,-72.18288000
3.26538086,-91.82158000,-72.67240000
3.26599121,-92.41806000,-70.67821000
3.26660156,-90.07900000,-70.47073000
3.26721191,-89.80154000,-68.74562000
3.26782227,-93.40270000,-67.28478000
3.26843262,-101.58390000,-65.92641000
3.26904297,-98.20744000,-64.66158000
3.26965332,-92.10089000,-67.16267000
3.27026367,-90.43235000,-73.60869000
3.27087402,-95.09375000,-75.49174000
3.27148438,-99.99579000,-71.77802000
3.27209473,-93.55933000,-70.87151000
3.27270508,-93.14259000,-71.64364000
3.27331543,-86.15581000,-69.07739000
3.27392578,-80.78183000,-68.15091000
3.27453613,-83.41934000,-75.23510000
3.27514648,-97.70000000,-85.60991000
3.27575684,-111.73400000,-81.35528000
3.27636719,-105.70760000,-70.85822000
3.27697754,-95.27255000,-73.53789000
3.27758789,-91.64413000,-80.27313000
3.27819824,-91.56491000,-71.40890000
3.27880859,-87.04517000,-72.59925000
3.27941895,-83.14889000,-87.11593000
3.28002930,-83.55446000,-79.61562000
3.28063965,-87.47887000,-77.29638000
3.28125000,-92.88509000,-76.10121000
3.28186035,-100.12510000,-75.51932000
3.28247070,-91.83891000,-69.80334000
3.28308105,-88.50060000,-72.11928000
3.28369141,-92.67711000,-88.14645000
3.28430176,-88.84270000,-83.52535000
3.28491211,-89.38492000,-84.52431000
3.28552246,-96.08643000,-80.88806000
3.28613281,-103.44590000,-72.71364000
3.28674316,-108.01140000,-77.43474000
3.28735352,-98.49861000,-75.63407000
3.28796387,-88.12423000,-72.72823000
3.28857422,-86.40173000,-74.88774000
3.28918457,-88.92171000,-78.04138000
3.28979492,-94.67403000,-79.06309000
3.29040527,-91.66679000,-81.13094000
3.29101563,-93.62370000,-72.27966000
3.29162598,-105.75160000,-70.97442000
3.29223633,-93.52898000,-71.95142000
3.29284668,-87.69802000,-74.64318000
3.29345703,-85.13096000,-72.86133000
3.29406738,-81.50479000,-75.49704000
3.29467773,-82.32030000,-83.33373000
3.29528809,-90.36991000,-75.40118000
3.29589844,-109.44640000,-71.51172000
3.29650879,-97.47005000,-69.49312000
3.29711914,-97.80975000,-69.53155000
3.29772949,-91.24879000,-69.47169000
3.29833984,-87.28126000,-69.98355000
3.29895020,-87.34028000,-73.48010000
3.29956055,-91.55318000,-82.90149000
3.30017090,-94.65500000,-80.97049000
3.30078125,-91.67886000,-77.31139000
3.30139160,-92.92850000,-81.13530000
3.30200195,-96.15650000,-79.66721000
3.30261230,-92.93066000,-77.76490000
3.30322266,-98.60403000,-80.47540000
3.30383301,-95.01038000,-70.58350000
3.30444336,-88.43457000,-69.58150000
3.30505371,-87.42165000,-75.30972000
3.30566406,-89.67467000,-85.76463000
3.30627441,-90.39910000,-95.69164000
3.30688477,-86.53737000,-82.32856000
3.30749512,-89.23677000,-84.68065000
3.30810547,-94.08158000,-70.00805000
3.30871582,-90.69688000,-69.35492000
3.30932617,-86.94917000,-72.03256000
3.30993652,-88.82870000,-68.90952000
3.31054688,-93.88887000,-69.82060000
3.31115723,-96.98915000,-75.32332000
3.31176758,-94.49474000,-78.56521000
3.31237793,-95.30895000,-87.78958000
3.31298828,-93.94485000,-90.95552000
3.31359863,-87.87523000,-83.50452000
3.31420898,-86.75552000,-78.41196000
3.31481934,-95.04443000,-84.07587000
3.31542969,-100.66170000,-81.88867000
3.31604004,-92.88071000,-74.03086000
3.31665039,-88.65859000,-73.20711000
3.31726074,-88.84071000,-76.92977000
3.31787109,-88.12238000,-69.96685000
3.31848145,-86.91978000,-69.86328000
3.31909180,-89.90172000,-72.83032000
3.31970215,-101.87010000,-73.85804000
3.32031250,-98.54096000,-74.60522000
3.32092285,-95.81891000,-78.95509000
3.32153320,-90.65643000,-85.48736000
3.32214355,-89.45541000,-77.41389000
3.32275391,-90.26530000,-69.39099000
3.32336426,-88.29735000,-69.12299000
3.32397461,-88.60284000,-77.98927000
3.32458496,-94.22659000,-76.18574000
3.32519531,-105.38150000,-68.14124000
3.32580566,-93.38280000,-69.42841000
3.32641602,-98.24340000,-77.02664000
3.32702637,-96.50964000,-84.54831000
3.32763672,-95.58746000,-77.73907000
3.32824707,-96.28146000,-71.87870000
3.32885742,-88.68545000,-72.63200000
3.32946777,-89.05700000,-70.65746000
3.33007813,-94.68138000,-76.12642000
3.33068848,-93.49229000,-79.69502000
3.33129883,-92.37263000,-70.55578000
3.33190918,-96.62474000,-71.25883000
3.33251953,-96.18250000,-78.17178000
3.33312988,-91.80465000,-74.90491000
3.33374023,-79.46823000,-76.71823000
3.33435059,-77.06956000,-72.72678000
3.33496094,-83.32080000,-77.53855000
3.33557129,-95.42213000,-90.34306000
3.33618164,-106.75210000,-82.59019000
3.33679199,-96.64841000,-75.90090000
3.33740234,-99.12192000,-74.01685000
3.33801270,-103.76350000,-73.70515000
3.33862305,-102.44060000,-69.77587000
3.33923340,-93.75126000,-69.44661000
3.33984375,-93.50163000,-78.59068000
3.34045410,-92.65022000,-87.51831000
3.34106445,-92.38387000,-78.83820000
3.34167480,-93.09219000,-78.09714000
3.34228516,-95.23355000,-85.75800000
3.34289551,-96.79431000,-72.52501000
3.34350586,-90.43533000,-72.32542000
3.34411621,-90.79682000,-79.31108000
3.34472656,-106.16110000,-76.39700000
3.34533691,-91.41713000,-77.64583000
3.34594727,-88.22346000,-89.98392000
3.34655762,-87.88000000,-77.69484000
3.34716797,-90.73372000,-75.96213000
3.34777832,-93.08381000,-73.09343000
3.34838867,-89.03506000,-71.04478000
3.34899902,-87.50964000,-72.26162000
3.34960938,-82.45798000,-73.07308000
3.35021973,-81.99927000,-69.61914000
3.35083008,-85.71507000,-67.94942000
3.35144043,-89.10382000,-70.57464000
3.35205078,-94.80324000,-75.71085000
3.35266113,-92.19980000,-78.08401000
3.35327148,-93.99767000,-86.12936000
3.35388184,-97.22821000,-82.00778000
3.35449219,-96.41776000,-82.58768000
3.35510254,-101.08200000,-90.09223000
3.35571289,-102.05260000,-82.38083000
3.35632324,-100.10380000,-74.28750000
3.35693359,-106.50130000,-72.03156000
3.35754395,-104.01480000,-70.09704000
3.35815430,-99.60063000,-72.30744000
3.35876465,-102.32240000,-75.99028000
3.35937500,-99.87237000,-71.72577000
3.35998535,-93.93365000,-72.11314000
3.36059570,-90.96190000,-75.68668000
3.36120605,-86.44090000,-74.69341000
3.36181641,-86.75732000,-70.69505000
3.36242676,-91.00008000,-71.67259000
3.36303711,-91.34952000,-78.15040000
3.36364746,-92.97716000,-75.03393000
3.36425781,-101.70670000,-70.08861000
3.36486816,-98.67723000,-72.51850000
3.36547852,-99.64500000,-79.39733000
3.36608887,-96.26884000,-79.45747000
3.36669922,-92.80867000,-74.12555000
3.36730957,-96.48354000,-72.77438000
3.36791992,-92.06580000,-76.03374000
3.36853027,-87.65791000,-76.64429000
3.36914063,-85.23341000,-71.30591000
3.36975098,-86.83112000,-71.71912000
3.37036133,-90.95966000,-77.53335000
3.37097168,-93.27081000,-71.65591000
3.37158203,-98.70208000,-78.90680000
3.37219238,-92.11496000,-71.43768000
3.37280273,-87.21616000,-65.38069000
3.37341309,-80.55739000,-67.33532000
3.37402344,-77.51701000,-69.94263000
3.37463379,-81.96702000,-70.42140000
3.37524414,-90.50042000,-77.81790000
3.37585449,-90.62829000,-84.51703000
3.37646484,-101.29330000,-87.66246000
3.37707520,-96.69308000,-71.80749000
3.37768555,-96.58057000,-69.46454000
3.37829590,-95.39016000,-77.73425000
3.37890625,-88.20850000,-74.31813000
3.37951660,-85.80362000,-68.81968000
3.38012695,-87.36696000,-67.32363000
3.38073730,-92.16177000,-71.65727000
3.38134766,-94.46411000,-82.90730000
3.38195801,-95.17764000,-75.12868000
3.38256836,-97.02866000,-78.42513000
3.38317871,-96.18590000,-86.17709000
3.38378906,-97.21050000,-77.36617000
3.38439941,-89.99078000,-78.60320000
3.38500977,-93.43499000,-76.99167000
3.38562012,-118.07670000,-76.76503000
3.38623047,-94.22441000,-79.08662000
3.38684082,-90.03315000,-92.40262000
3.38745117,-88.76131000,-84.01436000
3.38806152,-87.48402000,-79.48228000
3.38867188,-86.94221000,-69.67071000
3.38928223,-90.61484000,-69.14208000
3.38989258,-93.80561000,-69.25764000
3.39050293,-91.61803000,-69.93627000
3.39111328,-99.77009000,-69.30495000
3.39172363,-94.84534000,-69.73602000
3.39233398,-94.08847000,-73.96902000
3.39294434,-94.71030000,-80.06321000
3.39355469,-92.24702000,-80.26363000
3.39416504,-95.40887000,-70.69455000
3.39477539,-100.86910000,-68.22978000
3.39538574,-91.75230000,-69.01826000
3.39599609,-89.70818000,-71.94863000
3.39660645,-99.96304000,-79.35574000
3.39721680,-92.57210000,-69.95055000
3.39782715,-93.85036000,-67.01880000
3.39843750,-90.02588000,-70.26050000
3.39904785,-89.54248000,-76.72319000
3.39965820,-97.12000000,-78.82682000
3.40026855,-92.17531000,-72.55585000
3.40087891,-86.21783000,-69.46625000
3.40148926,-87.45351000,-71.18099000
3.40209961,-90.50555000,-73.64625000
3.40270996,-89.37253000,-80.44759000
3.40332031,-90.91927000,-71.24891000
3.40393066,-96.51070000,-68.97267000
3.40454102,-94.00381000,-71.38841000
3.40515137,-96.50754000,-71.57111000
3.40576172,-105.72720000,-72.63654000
3.40637207,-107.49190000,-86.72626000
3.40698242,-93.32161000,-72.96858000
3.40759277,-95.33295000,-72.86552000
3.40820313,-89.19582000,-73.39270000
3.40881348,-86.59114000,-72.35618000
3.40942383,-87.18558000,-78.48371000
3.41003418,-88.89816000,-73.88776000
3.41064453,-86.46873000,-70.56398000
3.41125488,-86.60596000,-77.46516000
3.41186523,-88.54664000,-75.72028000
3.41247559,-91.91833000,-70.07672000
3.41308594,-89.06602000,-77.44183000
3.41369629,-84.94084000,-75.36817000
3.41430664,-84.66343000,-74.02832000
3.41491699,-86.99048000,-79.18166000
3.41552734,-87.51767000,-83.45374000
3.41613770,-87.61497000,-78.37815000
3.41674805,-90.90887000,-92.99756000
3.41735840,-100.12100000,-76.84198000
3.41796875,-90.24662000,-73.77827000
3.41857910,-88.99113000,-77.61710000
3.41918945,-89.31721000,-81.17975000
3.41979980,-90.15556000,-73.98647000
3.42041016,-97.19574000,-69.19552000
3.42102051,-106.52550000,-69.00005000
3.42163086,-96.32283000,-76.50815000
3.42224121,-96.14259000,-79.70853000
3.42285156,-96.67733000,-73.68147000
3.42346191,-92.01420000,-74.36064000
3.42407227,-87.68629000,-82.10097000
3.42468262,-94.25889000,-90.96821000
3.42529297,-93.89027000,-78.87237000
3.42590332,-94.23570000,-78.09084000
3.42651367,-90.63377000,-75.89595000
3.42712402,-91.84719000,-76.08321000
3.42773438,-94.39660000,-75.01782000
3.42834473,-91.93285000,-77.47430000
3.42895508,-91.03889000,-75.43998000
3.42956543,-96.97826000,-77.51331000
3.43017578,-92.99638000,-75.91346000
3.43078613,-93.94005000,-75.29330000
3.43139648,-97.00878000,-96.26911000
3.43200684,-94.79105000,-74.69020000
3.43261719,-93.46607000,-70.28551000
3.43322754,-94.61098000,-72.14003000
3.43383789,-94.56233000,-76.44082000
3.43444824,-88.72476000,-71.38470000
3.43505859,-90.84711000,-69.87052000
3.43566895,-94.51701000,-70.07359000
3.43627930,-94.45854000,-68.19221000
3.43688965,-89.57114000,-70.32918000
3.43750000,-88.11661000,-76.16331000
3.43811035,-91.95644000,-73.26272000
3.43872070,-97.79743000,-71.79929000
3.43933105,-94.83705000,-75.51299000
3.43994141,-94.48419000,-73.54522000
3.44055176,-92.47666000,-70.62251000
3.44116211,-90.36433000,-72.00970000
3.44177246,-93.30858000,-74.22156000
3.44238281,-98.87865000,-71.52249000
3.44299316,-98.59981000,-76.28397000
3.44360352,-94.28198000,-74.60225000
3.44421387,-95.19927000,-70.57700000
3.44482422,-96.06126000,-75.94699000
3.44543457,-91.55260000,-76.66285000
3.44604492,-90.90038000,-79.11227000
3.44665527,-91.83496000,-75.29011000
3.44726563,-92.91970000,-73.11490000
3.44787598,-94.84696000,-73.00074000
3.44848633,-94.60449000,-72.45015000
3.44909668,-88.57198000,-71.06223000
3.44970703,-86.41143000,-72.41048000
3.45031738,-90.28786000,-73.86735000
3.45092773,-97.50191000,-72.86810000
3.45153809,-94.65338000,-72.90558000
3.45214844,-94.09872000,-79.12682000
3.45275879,-92.47881000,-85.43698000
3.45336914,-85.53780000,-76.59353000
3.45397949,-82.33761000,-71.37855000
3.45458984,-86.78833000,-68.30295000
3.45520020,-94.63276000,-70.62092000
3.45581055,-97.46773000,-80.33827000
3.45642090,-98.49084000,-93.54570000
3.45703125,-101.04970000,-86.94508000
3.45764160,-99.74573000,-83.18031000
3.45825195,-113.55810000,-73.37102000
3.45886230,-97.18410000,-69.29965000
3.45947266,-92.66053000,-72.38597000
3.46008301,-91.39130000,-88.20639000
3.46069336,-91.79535000,-84.72688000
3.46130371,-101.94910000,-74.72118000
3.46191406,-96.47686000,-68.78699000
3.46252441,-96.95064000,-70.17162000
3.46313477,-89.48221000,-81.64761000
3.46374512,-87.70390000,-74.47238000
3.46435547,-90.03609000,-73.69196000
3.46496582,-100.53300000,-77.51909000
3.46557617,-93.69762000,-79.32822000
3.46618652,-90.25653000,-76.66479000
3.46679688,-94.05959000,-78.68259000
3.46740723,-99.29401000,-83.13918000
3.46801758,-97.30037000,-77.00834000
3.46862793,-97.08652000,-84.92165000
3.46923828,-98.58176000,-70.76878000
3.46984863,-91.55418000,-71.37133000
3.47045898,-87.44206000,-89.55596000
3.47106934,-87.42392000,-70.33670000
3.47167969,-88.65820000,-72.27538000
3.47229004,-93.85955000,-85.33951000
3.47290039,-89.13336000,-79.68743000
3.47351074,-89.75662000,-77.08051000
3.47412109,-84.30263000,-79.66792000
3.47473145,-98.82973000,-75.66285000
3.47534180,-91.53901000,-72.06187000
3.47595215,-94.69785000,-74.13973000
3.47656250,-93.04565000,-77.61143000
3.47717285,-96.51902000,-75.92126000
3.47778320,-98.20917000,-72.92793000
3.47839355,-91.27110000,-70.47527000
3.47900391,-93.39160000,-74.30474000
3.47961426,-119.88320000,-84.54520000
3.48022461,-104.25060000,-83.24815000
3.48083496,-92.76539000,-77.48912000
3.48144531,-87.76024000,-68.10030000
3.48205566,-87.95727000,-65.73437000
3.48266602,-89.06150000,-69.75936000
3.48327637,-93.19856000,-76.32874000
3.48388672,-105.63630000,-72.00458000
3.48449707,-96.15120000,-71.82771000
3.48510742,-93.96532000,-71.07530000
3.48571777,-90.68355000,-73.15280000
3.48632813,-90.03900000,-70.92398000
3.48693848,-89.84288000,-71.71056000
3.48754883,-90.23742000,-76.92457000
3.48815918,-94.41017000,-89.42038000
3.48876953,-87.71966000,-72.50529000
3.48937988,-84.00275000,-67.79839000
3.48999023,-89.19969000,-68.56445000
3.49060059,-92.65932000,-72.04008000
3.49121094,-91.85374000,-76.97118000
3.49182129,-97.64054000,-77.28126000
3.49243164,-97.27037000,-72.68525000
3.49304199,-91.75109000,-71.06535000
3.49365234,-89.89088000,-74.92969000
3.49426270,-91.80637000,-78.53182000
3.49487305,-96.03685000,-89.57915000
3.49548340,-94.81968000,-79.03986000
3.49609375,-93.75273000,-71.09279000
3.49670410,-89.26231000,-74.56792000
3.49731445,-87.84493000,-78.15282000
3.49792480,-99.20012000,-83.53967000
3.49853516,-96.81010000,-94.55167000
3.49914551,-97.13731000,-73.88168000
3.49975586,-90.64208000,-69.88881000
3.50036621,-91.14785000,-76.53938000
3.50097656,-87.18227000,-75.62926000
3.50158691,-85.56880000,-73.69506000
3.50219727,-90.23647000,-74.95322000
3.50280762,-94.29043000,-73.66254000
3.50341797,-97.43712000,-74.69896000
3.50402832,-92.84642000,-79.17603000
3.50463867,-92.61426000,-76.89912000
3.50524902,-98.97141000,-74.14925000
3.50585938,-103.13300000,-80.64121000
3.50646973,-97.41624000,-83.78906000
3.50708008,-97.47578000,-86.88068000
3.50769043,-95.81689000,-76.22793000
3.50830078,-97.85102000,-70.63547000
3.50891113,-109.03940000,-74.41348000
3.50952148,-95.23996000,-83.03297000
3.51013184,-89.58290000,-87.81946000
3.51074219,-88.89839000,-77.50527000
3.51135254,-93.26060000,-78.86298000
3.51196289,-106.09060000,-77.50803000
3.51257324,-94.84779000,-84.81468000
3.51318359,-87.73952000,-81.83717000
3.51379395,-84.44498000,-79.51894000
3.51440430,-89.36855000,-85.84415000
3.51501465,-103.86800000,-74.61784000
3.51562500,-104.44320000,-68.29354000
3.51623535,-101.96230000,-68.52372000
3.51684570,-93.51913000,-68.94494000
3.51745605,-91.38922000,-70.80682000
3.51806641,-93.11586000,-73.04706000
3.51867676,-93.11478000,-82.92825000
3.51928711,-106.90780000,-76.73373000
3.51989746,-92.01016000,-75.67320000
3.52050781,-93.87096000,-79.06890000
3.52111816,-108.59500000,-76.43822000
3.52172852,-101.50270000,-71.71028000
3.52233887,-102.89030000,-67.64796000
3.52294922,-102.68810000,-68.09511000
3.52355957,-98.68938000,-73.54836000
3.52416992,-103.85030000,-81.15359000
3.52478027,-99.31100000,-83.30034000
3.52539063,-95.10791000,-89.26064000
3.52600098,-103.28000000,-75.94012000
3.52661133,-96.22580000,-72.39959000
3.52722168,-91.06858000,-73.12590000
3.52783203,-91.45557000,-78.40986000
3.52844238,-99.09641000,-89.17911000
3.52905273,-98.37921000,-79.12948000
3.52966309,-88.38419000,-71.89259000
3.53027344,-90.04164000,-75.09167000
3.53088379,-97.43474000,-92.70880000
3.53149414,-90.28058000,-73.78687000
3.53210449,-93.97942000,-69.18967000
3.53271484,-94.14737000,-71.37945000
3.53332520,-91.79475000,-74.38470000
3.53393555,-97.19827000,-72.29514000
3.53454590,-96.56445000,-75.77908000
3.53515625,-96.84380000,-78.30840000
3.53576660,-95.57313000,-77.65575000
3.53637695,-91.56120000,-74.70670000
3.53698730,-91.15042000,-74.47423000
3.53759766,-104.10660000,-76.99468000
3.53820801,-89.05166000,-76.08569000
3.53881836,-86.64871000,-71.91342000
3.53942871,-86.89108000,-70.27171000
3.54003906,-89.95876000,-71.59376000
3.54064941,-100.58860000,-76.16666000
3.54125977,-94.93736000,-82.31567000
3.54187012,-89.82720000,-75.91629000
3.54248047,-94.45015000,-72.41170000
3.54309082,-87.91557000,-70.67241000
3.54370117,-86.12183000,-69.15767000
3.54431152,-89.95897000,-70.15038000
3.54492188,-91.48232000,-83.50969000
3.54553223,-97.91196000,-75.98383000
3.54614258,-103.68850000,-76.21914000
3.54675293,-102.74960000,-73.03365000
3.54736328,-98.01883000,-72.89503000
3.54797363,-93.98647000,-73.38040000
3.54858398,-90.80856000,-67.95112000
3.54919434,-87.68030000,-70.94601000
3.54980469,-82.54570000,-77.35452000
3.55041504,-86.03578000,-79.70636000
3.55102539,-101.28550000,-72.10763000
3.55163574,-92.72530000,-70.13553000
3.55224609,-88.76263000,-72.35078000
3.55285645,-88.67789000,-79.38425000
3.55346680,-100.08380000,-78.81459000
3.55407715,-94.62447000,-80.93451000
3.55468750,-90.69114000,-81.16304000
3.55529785,-96.18633000,-76.29659000
3.55590820,-93.76281000,-78.73312000
3.55651855,-93.74142000,-68.56858000
3.55712891,-93.50917000,-67.18124000
3.55773926,-99.48126000,-68.02825000
3.55834961,-97.96815000,-67.28853000
3.55895996,-91.53413000,-65.37314000
3.55957031,-89.35497000,-65.91453000
3.56018066,-93.53588000,-75.28471000
3.56079102,-97.01096000,-78.06004000
3.56140137,-91.08742000,-77.70221000
3.56201172,-90.16758000,-74.62545000
3.56262207,-91.61538000,-74.83333000
3.56323242,-90.88358000,-81.41226000
3.56384277,-93.82767000,-74.20760000
3.56445313,-101.09970000,-75.70012000
3.56506348,-100.84100000,-80.84489000
3.56567383,-93.80824000,-73.32178000
3.56628418,-91.68481000,-73.56834000
3.56689453,-89.98231000,-68.84457000
3.56750488,-86.14714000,-69.83389000
3.56811523,-89.56673000,-73.24746000
3.56872559,-97.78588000,-75.39207000
3.56933594,-91.77682000,-73.02771000
3.56994629,-102.79710000,-71.63657000
3.57055664,-92.82777000,-69.73537000
3.57116699,-90.26001000,-68.29982000
3.57177734,-91.93200000,-73.39341000
3.57238770,-102.22880000,-79.59148000
3.57299805,-85.47565000,-81.36591000
3.57360840,-75.67609000,-75.10796000
3.57421875,-74.09174000,-73.89193000
3.57482910,-81.51518000,-91.76868000
3.57543945,-93.51079000,-78.03878000
3.57604980,-88.81357000,-72.51991000
3.57666016,-85.51522000,-74.80685000
3.57727051,-84.17825000,-78.84644000
3.57788086,-85.74402000,-75.90600000
3.57849121,-91.56635000,-83.72079000
3.57910156,-96.99263000,-89.47339000
3.57971191,-97.66202000,-75.65048000
3.58032227,-95.63305000,-71.02493000
3.58093262,-89.66572000,-75.52270000
3.58154297,-89.43093000,-82.69383000
3.58215332,-92.19029000,-84.92047000
3.58276367,-91.54799000,-78.08108000
3.58337402,-92.00484000,-78.34279000
3.58398438,-93.70014000,-77.41096000
3.58459473,-93.09747000,-76.44454000
3.58520508,-91.09978000,-77.08804000
3.58581543,-87.70897000,-76.20142000
3.58642578,-92.74780000,-75.53809000
3.58703613,-92.82979000,-76.20020000
3.58764648,-89.47284000,-76.03426000
3.58825684,-93.35975000,-80.27298000
3.58886719,-93.60329000,-81.19586000
3.58947754,-89.05697000,-74.85091000
3.59008789,-89.20291000,-71.75346000
3.59069824,-91.61417000,-72.13521000
3.59130859,-90.56628000,-75.44200000
3.59191895,-91.39775000,-81.16338000
3.59252930,-95.02079000,-71.07462000
3.59313965,-99.71423000,-66.87890000
3.59375000,-102.36310000,-68.42259000
3.59436035,-102.56270000,-74.35819000
3.59497070,-98.51337000,-85.53523000
3.59558105,-95.22900000,-74.52071000
3.59619141,-93.47879000,-79.26130000
3.59680176,-95.02914000,-81.32888000
3.59741211,-104.52490000,-77.13094000
3.59802246,-91.06721000,-77.00423000
3.59863281,-90.28506000,-73.82883000
3.59924316,-88.23013000,-69.09464000
3.59985352,-79.07545000,-67.16843000
3.60046387,-82.72337000,-73.58333000
3.60107422,-92.04959000,-75.80280000
3.60168457,-84.11839000,-74.78120000
3.60229492,-86.04045000,-72.87538000
3.60290527,-99.74585000,-76.32899000
3.60351563,-96.94316000,-84.30518000
3.60412598,-98.59348000,-84.20956000
3.60473633,-97.56490000,-68.64339000
3.60534668,-101.46130000,-66.65694000
3.60595703,-112.85920000,-70.36612000
3.60656738,-102.22530000,-76.70188000
3.60717773,-95.79301000,-79.61461000
3.60778809,-95.75172000,-81.52580000
3.60839844,-95.75345000,-78.21919000
3.60900879,-95.04562000,-77.86416000
3.60961914,-98.69580000,-75.37218000
3.61022949,-100.24210000,-76.49639000
3.61083984,-93.57247000,-81.58295000
3.61145020,-91.64999000,-74.13657000
3.61206055,-97.61469000,-72.89339000
3.61267090,-94.70250000,-80.14189000
3.61328125,-86.89857000,-80.04836000
3.61389160,-85.92530000,-83.75453000
3.61450195,-86.27518000,-73.86729000
3.61511230,-89.91761000,-70.01408000
3.61572266,-98.12253000,-69.07571000
3.61633301,-94.76164000,-70.93729000
3.61694336,-89.31265000,-74.03001000
3.61755371,-87.00592000,-80.99113000
3.61816406,-85.57352000,-70.44430000
3.61877441,-86.11313000,-68.60696000
3.61938477,-89.88099000,-74.98592000
3.61999512,-101.53040000,-79.54453000
3.62060547,-93.39949000,-89.83199000
3.62121582,-91.27326000,-74.11397000
3.62182617,-93.19520000,-69.77286000
3.62243652,-92.35254000,-69.85497000
3.62304688,-93.73620000,-70.99304000
3.62365723,-95.60962000,-73.31908000
3.62426758,-91.95457000,-76.02292000
3.62487793,-92.77075000,-73.85709000
3.62548828,-88.22639000,-76.01464000
3.62609863,-88.08913000,-93.82991000
3.62670898,-92.67455000,-79.02158000
3.62731934,-89.72779000,-83.51945000
3.62792969,-91.09204000,-79.84846000
3.62854004,-97.11098000,-75.54765000
3.62915039,-94.01021000,-85.12162000
3.62976074,-94.91825000,-92.43655000
3.63037109,-97.39053000,-78.04340000
3.63098145,-96.42070000,-73.28680000
3.63159180,-94.88249000,-73.18375000
3.63220215,-92.30864000,-70.60478000
3.63281250,-89.89510000,-68.32631000
3.63342285,-90.50777000,-71.02248000
3.63403320,-90.37765000,-77.27629000
3.63464355,-86.88464000,-77.21368000
3.63525391,-89.71397000,-80.63530000
3.63586426,-95.62763000,-72.91101000
3.63647461,-90.00068000,-80.90428000
3.63708496,-95.13641000,-71.77127000
3.63769531,-103.92160000,-77.51242000
3.63830566,-93.39912000,-78.04492000
3.63891602,-88.23543000,-73.48647000
3.63952637,-90.69557000,-73.37575000
3.64013672,-93.79108000,-84.23271000
3.64074707,-93.95827000,-74.17139000
3.64135742,-91.22791000,-69.94428000
3.64196777,-89.56152000,-67.84081000
3.64257813,-91.98396000,-70.03484000
3.64318848,-94.77943000,-82.42698000
3.64379883,-90.57428000,-80.69415000
3.64440918,-90.22591000,-79.45401000
3.64501953,-94.14558000,-78.85199000
3.64562988,-94.94675000,-78.91429000
3.64624023,-89.95935000,-76.32076000
3.64685059,-85.53075000,-74.74918000
3.64746094,-87.03023000,-77.50143000
3.64807129,-93.36816000,-76.98590000
3.64868164,-91.24100000,-82.41045000
3.64929199,-92.22585000,-81.73790000
3.64990234,-96.14693000,-78.73486000
3.65051270,-108.27480000,-83.48877000
3.65112305,-95.15228000,-78.60071000
3.65173340,-96.83262000,-72.26633000
3.65234375,-98.23491000,-81.30457000
3.65295410,-98.78525000,-75.05181000
3.65356445,-93.77137000,-74.26537000
3.65417480,-93.12057000,-78.39340000
3.65478516,-95.00469000,-72.92218000
3.65539551,-89.95869000,-78.71114000
3.65600586,-91.39977000,-78.21150000
3.65661621,-101.52850000,-75.56679000
3.65722656,-102.67600000,-76.97002000
3.65783691,-97.12754000,-82.33456000
3.65844727,-97.33974000,-81.14594000
3.65905762,-102.84690000,-78.58235000
3.65966797,-88.19603000,-77.05170000
3.66027832,-85.15620000,-74.11004000
3.66088867,-83.94899000,-80.94435000
3.66149902,-84.29025000,-76.55196000
3.66210938,-86.92154000,-76.92920000
3.66271973,-91.66653000,-87.62154000
3.66333008,-92.12756000,-81.14920000
3.66394043,-90.23576000,-83.89458000
3.66455078,-89.12017000,-74.13763000
3.66516113,-88.77758000,-76.53619000
3.66577148,-91.32987000,-91.67983000
3.66638184,-98.39973000,-87.48180000
3.66699219,-97.46456000,-77.01089000
3.66760254,-91.18973000,-75.24184000
3.66821289,-93.38509000,-79.49690000
3.66882324,-99.51408000,-80.82028000
3.66943359,-96.36598000,-76.36679000
3.67004395,-95.95374000,-74.98290000
3.67065430,-98.16193000,-77.30355000
3.67126465,-92.88308000,-69.87024000
3.67187500,-89.53778000,-67.12823000
3.67248535,-90.36531000,-68.96510000
3.67309570,-95.72604000,-76.94340000
3.67370605,-82.88848000,-77.32240000
3.67431641,-82.40398000,-77.70908000
3.67492676,-85.76995000,-81.56627000
3.67553711,-88.56779000,-76.31966000
3.67614746,-102.20300000,-71.18532000
3.67675781,-93.22641000,-76.03848000
3.67736816,-94.48508000,-80.84194000
3.67797852,-94.12086000,-77.56330000
3.67858887,-94.15681000,-77.95538000
3.67919922,-104.93430000,-75.51136000
3.67980957,-99.92319000,-73.34303000
3.68041992,-92.60239000,-85.94613000
3.68103027,-90.30736000,-75.24126000
3.68164063,-88.91756000,-74.03845000
3.68225098,-92.19919000,-75.07625000
3.68286133,-92.66625000,-72.19516000
3.68347168,-88.39504000,-70.01151000
3.68408203,-88.83966000,-75.64548000
3.68469238,-95.18623000,-77.54410000
3.68530273,-89.66420000,-79.94993000
3.68591309,-84.60898000,-73.05167000
3.68652344,-86.59671000,-68.19806000
3.68713379,-96.39656000,-72.07261000
3.68774414,-92.56749000,-75.67198000
3.68835449,-89.98360000,-84.20432000
3.68896484,-85.03873000,-73.12389000
3.68957520,-86.50039000,-73.38612000
3.69018555,-106.79640000,-77.76154000
3.69079590,-95.15884000,-73.71852000
3.69140625,-93.76729000,-66.84491000
3.69201660,-96.66625000,-69.91513000
3.69262695,-96.25932000,-79.76436000
3.69323730,-90.63937000,-81.94267000
3.69384766,-87.01480000,-78.90623000
3.69445801,-92.79466000,-72.89402000
3.69506836,-92.14100000,-69.71428000
3.69567871,-87.81770000,-69.62665000
3.69628906,-89.54506000,-73.11609000
3.69689941,-89.62160000,-83.73393000
3.69750977,-90.73218000,-83.79907000
3.69812012,-87.81097000,-74.55033000
3.69873047,-80.50284000,-71.10801000
3.69934082,-77.57384000,-70.34767000
3.69995117,-79.38100000,-71.30058000
3.70056152,-84.56796000,-70.91538000
3.70117188,-87.41388000,-69.04759000
3.70178223,-89.16891000,-72.39490000
3.70239258,-95.72031000,-83.06218000
3.70300293,-101.41290000,-80.21217000
3.70361328,-95.91959000,-78.07231000
3.70422363,-90.71227000,-80.33535000
3.70483398,-94.77626000,-74.19955000
3.70544434,-104.61930000,-72.02377000
3.70605469,-106.35400000,-72.06268000
3.70666504,-97.23445000,-77.09631000
3.70727539,-92.72104000,-83.45206000
3.70788574,-89.18664000,-83.50256000
3.70849609,-98.67931000,-76.28680000
3.70910645,-99.97390000,-72.05360000
3.70971680,-100.19460000,-71.57991000
3.71032715,-99.91936000,-72.45126000
3.71093750,-97.55379000,-74.28212000
3.71154785,-90.75585000,-79.66982000
3.71215820,-96.34476000,-76.72931000
3.71276855,-99.67689000,-72.01995000
3.71337891,-90.45803000,-74.77037000
3.71398926,-87.38324000,-69.54367000
3.71459961,-90.42432000,-70.23447000
3.71520996,-98.71254000,-71.91412000
3.71582031,-98.20846000,-71.51717000
3.71643066,-102.33170000,-73.84406000
3.71704102,-91.58614000,-73.21620000
3.71765137,-90.37599000,-69.67500000
3.71826172,-91.43891000,-71.92884000
3.71887207,-94.76659000,-75.33919000
3.71948242,-93.02074000,-74.71838000
3.72009277,-88.31161000,-82.24738000
3.72070313,-86.35052000,-73.25250000
3.72131348,-89.04756000,-71.08547000
3.72192383,-89.54651000,-80.73345000
3.72253418,-89.33223000,-79.25655000
3.72314453,-86.55800000,-76.17237000
3.72375488,-82.40540000,-85.93486000
3.72436523,-82.12876000,-78.46671000
3.72497559,-88.76981000,-78.78385000
3.72558594,-92.13609000,-72.48820000
3.72619629,-87.66140000,-71.74145000
3.72680664,-88.04017000,-74.35885000
3.72741699,-86.62769000,-75.55933000
3.72802734,-86.19263000,-78.55302000
3.72863770,-90.79903000,-74.03504000
3.72924805,-96.86002000,-70.83601000
3.72985840,-99.01055000,-71.98645000
3.73046875,-110.03130000,-76.57369000
3.73107910,-90.61810000,-81.61075000
3.73168945,-87.95732000,-89.36181000
3.73229980,-87.11427000,-84.37141000
3.73291016,-88.57794000,-77.63893000
3.73352051,-95.42503000,-73.72647000
3.73413086,-120.85150000,-70.77870000
3.73474121,-92.85118000,-69.89774000
3.73535156,-86.51096000,-71.66016000
3.73596191,-88.29274000,-76.31532000
3.73657227,-90.57510000,-73.97018000
3.73718262,-94.75552000,-70.58890000
3.73779297,-90.31712000,-71.69242000
3.73840332,-91.10566000,-77.92532000
3.73901367,-102.08090000,-74.30144000
3.73962402,-102.95850000,-71.66685000
3.74023438,-98.23281000,-87.49492000
3.74084473,-100.17200000,-80.78445000
3.74145508,-99.23451000,-88.45329000
3.74206543,-95.91444000,-78.87265000
3.74267578,-95.93337000,-81.33281000
3.74328613,-98.08095000,-73.25034000
3.74389648,-95.10132000,-67.56117000
3.74450684,-96.19252000,-69.80817000
3.74511719,-90.01447000,-76.77038000
3.74572754,-90.28283000,-75.46849000
3.74633789,-100.04560000,-85.13948000
3.74694824,-93.51987000,-79.85078000
3.74755859,-96.31561000,-78.96609000
3.74816895,-98.22984000,-79.56516000
3.74877930,-94.49100000,-77.83006000
3.74938965,-83.54282000,-79.05386000
3.75000000,-82.16050000,-75.53533000
3.75061035,-87.52264000,-73.43084000
3.75122070,-88.95061000,-70.53917000
3.75183105,-88.73817000,-71.97550000
3.75244141,-93.89939000,-77.91286000
3.75305176,-87.46520000,-85.40001000
3.75366211,-81.86840000,-74.02042000
3.75427246,-85.57514000,-71.38017000
3.75488281,-106.29190000,-78.16701000
3.75549316,-95.41765000,-76.72179000
3.75610352,-90.16755000,-74.71086000
3.75671387,-92.50345000,-75.38000000
3.75732422,-94.03792000,-73.06277000
3.75793457,-90.63710000,-78.58445000
3.75854492,-93.78065000,-73.83080000
3.75915527,-98.05282000,-67.48891000
3.75976563,-91.48969000,-68.92326000
3.76037598,-87.67659000,-72.05099000
3.76098633,-93.45375000,-71.07195000
3.76159668,-95.29684000,-76.46195000
3.76220703,-92.59901000,-71.60535000
3.76281738,-92.91691000,-72.09393000
3.76342773,-90.72838000,-76.55914000
3.76403809,-92.45293000,-80.31017000
3.76464844,-96.40140000,-94.42959000
3.76525879,-93.63673000,-81.64387000
3.76586914,-92.73919000,-78.52984000
3.76647949,-91.78964000,-79.18631000
3.76708984,-95.15169000,-73.35629000
3.76770020,-101.33660000,-71.67255000
3.76831055,-103.48500000,-75.27860000
3.76892090,-92.35963000,-75.09553000
3.76953125,-91.49625000,-76.99162000
3.77014160,-93.83195000,-77.30258000
3.77075195,-96.60033000,-70.50679000
3.77136230,-91.56664000,-69.37485000
3.77197266,-87.21412000,-72.08896000
3.77258301,-87.16394000,-78.25900000
3.77319336,-85.59268000,-73.15572000
3.77380371,-80.66151000,-83.01286000
3.77441406,-81.08872000,-74.93106000
3.77502441,-89.21556000,-72.31514000
3.77563477,-93.12370000,-71.63799000
3.77624512,-85.37696000,-75.48697000
3.77685547,-88.31003000,-86.12632000
3.77746582,-105.05550000,-81.24474000
3.77807617,-88.43720000,-72.32722000
3.77868652,-85.05719000,-70.78572000
3.77929688,-85.85310000,-69.66588000
3.77990723,-90.73056000,-71.83949000
3.78051758,-100.66640000,-80.58198000
3.78112793,-89.20307000,-78.59580000
3.78173828,-84.86694000,-80.40569000
3.78234863,-84.61604000,-80.35905000
3.78295898,-91.92237000,-70.82717000
3.78356934,-92.41818000,-71.40710000
3.78417969,-89.43764000,-79.58260000
3.78479004,-97.99023000,-85.52464000
3.78540039,-97.09439000,-76.12553000
3.78601074,-89.52096000,-76.72441000
3.78662109,-86.31812000,-76.20109000
3.78723145,-89.62539000,-74.49420000
3.78784180,-91.05952000,-75.80177000
3.78845215,-86.43864000,-75.05569000
3.78906250,-86.62559000,-71.19304000
3.78967285,-95.75589000,-73.09373000
3.79028320,-95.46968000,-80.30974000
3.79089355,-93.95432000,-79.22124000
3.79150391,-93.33645000,-74.41684000
3.79211426,-94.07708000,-72.05965000
3.79272461,-109.26130000,-71.84415000
3.79333496,-96.83011000,-71.59013000
3.79394531,-103.69830000,-78.89499000
3.79455566,-93.04939000,-74.58630000
3.79516602,-86.06410000,-74.96588000
3.79577637,-85.68663000,-68.21355000
3.79638672,-94.09491000,-67.07366000
3.79699707,-98.71028000,-68.84451000
3.79760742,-94.66069000,-68.67675000
3.79821777,-93.72403000,-74.64371000
3.79882813,-83.47843000,-70.36037000
3.79943848,-74.63401000,-65.33561000
3.80004883,-73.85713000,-65.24449000
3.80065918,-81.70064000,-74.01916000
3.80126953,-92.33984000,-81.43381000
3.80187988,-89.47731000,-77.71301000
3.80249023,-99.36797000,-69.43562000
3.80310059,-96.27984000,-68.55453000
3.80371094,-93.64823000,-71.25634000
3.80432129,-91.75238000,-74.26054000
3.80493164,-92.59209000,-73.43121000
3.80554199,-94.34134000,-78.64316000
3.80615234,-93.32703000,-84.02556000
3.80676270,-95.26913000,-78.77849000
3.80737305,-91.75164000,-90.80074000
3.80798340,-90.36790000,-75.44362000
3.80859375,-87.91129000,-70.14614000
3.80920410,-86.08398000,-68.94533000
3.80981445,-87.67992000,-78.22288000
3.81042480,-96.52023000,-70.56155000
3.81103516,-93.05925000,-72.48332000
3.81164551,-85.96371000,-75.14581000
3.81225586,-84.09157000,-69.55939000
3.81286621,-83.71537000,-70.24112000
3.81347656,-87.78880000,-72.89687000
3.81408691,-89.01826000,-72.82730000
3.81469727,-90.98502000,-77.58929000
3.81530762,-101.93990000,-87.12061000
3.81591797,-106.20380000,-77.70732000
3.81652832,-91.08319000,-69.56050000
3.81713867,-84.87639000,-67.58804000
3.81774902,-87.70730000,-68.45403000
3.81835938,-100.63250000,-73.87624000
3.81896973,-88.50629000,-102.31050000
3.81958008,-84.07358000,-74.09241000
3.82019043,-82.07227000,-70.74042000
3.82080078,-81.82928000,-78.53654000
3.82141113,-83.44512000,-75.00546000
3.82202148,-86.62352000,-69.35947000
3.82263184,-96.59900000,-71.39206000
3.82324219,-92.19379000,-85.82745000
3.82385254,-87.35661000,-76.12460000
3.82446289,-86.71924000,-71.54962000
3.82507324,-95.27222000,-71.60478000
3.82568359,-99.75221000,-75.51392000
3.82629395,-105.54810000,-73.51680000
3.82690430,-101.55880000,-72.78983000
3.82751465,-96.32080000,-75.74107000
3.82812500,-98.22213000,-73.13985000
3.82873535,-100.62660000,-71.32564000
3.82934570,-92.83952000,-83.37547000
3.82995605,-105.02630000,-71.95390000
3.83056641,-94.80483000,-69.15909000
3.83117676,-88.09143000,-67.58064000
3.83178711,-88.02586000,-66.41844000
3.83239746,-91.91392000,-67.29585000
3.83300781,-87.44659000,-66.88182000
3.83361816,-83.89735000,-65.55202000
3.83422852,-82.45483000,-67.66132000
3.83483887,-86.95992000,-73.25662000
3.83544922,-94.84558000,-71.57136000
3.83605957,-89.15633000,-73.47604000
3.83666992,-89.04671000,-78.39967000
3.83728027,-85.46604000,-77.50582000
3.83789063,-86.66403000,-77.72944000
3.83850098,-91.65963000,-73.93615000
3.83911133,-95.10193000,-72.06146000
3.83972168,-99.51836000,-72.43520000
3.84033203,-98.77231000,-70.49022000
3.84094238,-93.65556000,-74.71768000
3.84155273,-89.52023000,-71.57792000
3.84216309,-92.07381000,-65.73803000
3.84277344,-94.82911000,-69.35451000
3.84338379,-92.76588000,-74.43785000
3.84399414,-103.04330000,-74.56038000
3.84460449,-89.87434000,-77.18669000
3.84521484,-88.77248000,-84.43095000
3.84582520,-93.58399000,-85.02448000
3.84643555,-97.34241000,-82.04100000
3.84704590,-93.85530000,-74.54980000
3.84765625,-96.25624000,-81.61040000
3.84826660,-101.56150000,-78.20891000
3.84887695,-87.99765000,-75.44313000
3.84948730,-80.48191000,-76.38238000
3.85009766,-81.25114000,-77.92709000
3.85070801,-88.46198000,-79.54012000
3.85131836,-92.90968000,-84.03127000
3.85192871,-88.57158000,-80.61478000
3.85253906,-90.00578000,-81.35970000
3.85314941,-95.51090000,-83.17448000
3.85375977,-101.15550000,-73.68895000
3.85437012,-97.46033000,-71.24622000
3.85498047,-99.80798000,-77.78809000
3.85559082,-93.13695000,-76.43760000
3.85620117,-88.58125000,-71.96488000
3.85681152,-91.32493000,-77.19979000
3.85742188,-105.21010000,-77.86268000
3.85803223,-94.56001000,-87.78828000
3.85864258,-88.65404000,-75.46922000
3.85925293,-89.51259000,-70.52731000
3.85986328,-94.41789000,-69.91550000
3.86047363,-97.49635000,-72.18281000
3.86108398,-88.17913000,-72.58517000
3.86169434,-88.26704000,-77.39762000
3.86230469,-97.39180000,-85.84534000
3.86291504,-97.09886000,-71.87740000
3.86352539,-97.19128000,-68.35524000
3.86413574,-92.28810000,-70.66754000
3.86474609,-89.70985000,-75.18330000
3.86535645,-88.48428000,-75.91019000
3.86596680,-88.60063000,-69.32046000
3.86657715,-90.07019000,-69.36942000
3.86718750,-94.87523000,-75.57666000
3.86779785,-95.71186000,-83.17865000
3.86840820,-99.57138000,-78.89830000
3.86901855,-102.86080000,-89.80814000
3.86962891,-95.92933000,-78.66240000
3.87023926,-89.03448000,-72.08423000
3.87084961,-89.02793000,-76.32615000
3.87145996,-92.69975000,-83.49010000
3.87207031,-89.00127000,-75.07951000
3.87268066,-85.84544000,-75.38951000
3.87329102,-77.86311000,-71.91607000
3.87390137,-71.31224000,-64.91521000
3.87451172,-74.44850000,-65.88376000
3.87512207,-96.98863000,-70.83353000
3.87573242,-87.86478000,-74.31316000
3.87634277,-88.27335000,-74.40314000
3.87695313,-93.30038000,-69.22215000
3.87756348,-91.22339000,-70.64614000
3.87817383,-91.07574000,-73.01511000
3.87878418,-94.06142000,-80.20919000
3.87939453,-89.46036000,-82.63072000
3.88000488,-88.61342000,-71.36849000
3.88061523,-91.85574000,-70.50573000
3.88122559,-89.78792000,-73.65283000
3.88183594,-87.51402000,-78.13805000
3.88244629,-90.88388000,-78.02723000
3.88305664,-103.45130000,-86.16741000
3.88366699,-95.76044000,-76.16553000
3.88427734,-86.06140000,-73.30425000
3.88488770,-89.39607000,-76.16039000
3.88549805,-89.84727000,-81.21169000
3.88610840,-90.16903000,-82.69658000
3.88671875,-92.17180000,-79.14001000
3.88732910,-89.92298000,-71.66558000
3.88793945,-89.48524000,-69.75133000
3.88854980,-89.31627000,-69.73428000
3.88916016,-86.51127000,-71.82534000
3.88977051,-85.91274000,-74.73730000
3.89038086,-94.07967000,-74.61690000
3.89099121,-99.80647000,-72.07956000
3.89160156,-96.04727000,-71.10011000
3.89221191,-93.79991000,-71.54758000
3.89282227,-94.72256000,-68.59773000
3.89343262,-97.43900000,-70.05930000
3.89404297,-91.78684000,-77.95560000
3.89465332,-89.00780000,-76.81055000
3.89526367,-88.56933000,-76.31732000
3.89587402,-89.34114000,-76.56776000
3.89648438,-93.08183000,-79.60545000
3.89709473,-95.92505000,-84.55219000
3.89770508,-89.86767000,-85.06242000
3.89831543,-86.82578000,-81.74432000
3.89892578,-81.18887000,-75.32219000
3.89953613,-76.76514000,-71.10881000
3.90014648,-78.94875000,-68.62794000
3.90075684,-87.72928000,-68.99686000
3.90136719,-89.62541000,-71.68279000
3.90197754,-90.48422000,-79.53512000
3.90258789,-91.50864000,-74.55267000
3.90319824,-103.03320000,-74.76078000
3.90380859,-87.96414000,-86.97417000
3.90441895,-88.83145000,-73.75214000
3.90502930,-90.26000000,-79.07893000
3.90563965,-87.51147000,-76.99532000
3.90625000,-87.85831000,-73.50579000
3.90686035,-85.58820000,-73.01372000
3.90747070,-85.69606000,-72.75279000
3.90808105,-89.97208000,-72.57774000
3.90869141,-86.97816000,-75.63190000
3.90930176,-88.52336000,-79.74467000
3.90991211,-91.18042000,-76.03136000
3.91052246,-93.88795000,-78.21382000
3.91113281,-95.39651000,-80.84286000
3.91174316,-94.57861000,-71.33466000
3.91235352,-100.30160000,-68.37316000
3.91296387,-98.73374000,-68.94102000
3.91357422,-88.43639000,-67.87924000
3.91418457,-85.91054000,-68.46551000
3.91479492,-92.35602000,-69.35910000
3.91540527,-91.89462000,-70.87086000
3.91601563,-86.76864000,-76.36228000
3.91662598,-87.81635000,-79.91285000
3.91723633,-99.68140000,-82.46021000
3.91784668,-90.60688000,-78.18027000
3.91845703,-87.96088000,-73.21675000
3.91906738,-87.47615000,-74.61877000
3.91967773,-86.45470000,-77.77361000
3.92028809,-83.79333000,-71.88332000
3.92089844,-81.58443000,-68.11771000
3.92150879,-83.24835000,-68.95469000
3.92211914,-94.44681000,-71.19285000
3.92272949,-93.19902000,-73.32228000
3.92333984,-95.64581000,-77.46432000
3.92395020,-86.37730000,-67.62488000
3.92456055,-89.45770000,-70.94363000
3.92517090,-95.30723000,-94.22710000
3.92578125,-91.30386000,-75.79941000
3.92639160,-98.31981000,-68.67156000
3.92700195,-99.22299000,-69.83142000
3.92761230,-90.13129000,-70.25397000
3.92822266,-86.73840000,-68.72722000
3.92883301,-91.40884000,-67.98480000
3.92944336,-95.99464000,-68.55776000
3.93005371,-90.60632000,-68.59585000
3.93066406,-92.26944000,-68.60919000
3.93127441,-87.25354000,-69.85238000
3.93188477,-84.05616000,-73.78539000
3.93249512,-83.13282000,-83.40427000
3.93310547,-81.90207000,-80.96753000
3.93371582,-79.41287000,-71.02798000
3.93432617,-79.09161000,-69.69893000
3.93493652,-88.54333000,-76.28349000
3.93554688,-95.65515000,-72.62083000
3.93615723,-93.65060000,-72.20568000
3.93676758,-84.93183000,-77.09695000
3.93737793,-83.40115000,-86.74918000
3.93798828,-90.02648000,-93.03706000
3.93859863,-93.70442000,-77.02746000
3.93920898,-86.91652000,-72.34557000
3.93981934,-85.74083000,-76.38122000
3.94042969,-88.24983000,-91.89435000
3.94104004,-97.76103000,-81.81023000
3.94165039,-94.90303000,-82.21436000
3.94226074,-90.93488000,-75.37726000
3.94287109,-93.35682000,-75.47761000
3.94348145,-90.25214000,-76.80534000
3.94409180,-84.50517000,-79.00030000
3.94470215,-90.04311000,-73.84667000
3.94531250,-95.02761000,-76.88506000
3.94592285,-93.26171000,-78.49025000
3.94653320,-97.53366000,-71.05639000
3.94714355,-89.70322000,-66.93091000
3.94775391,-97.10020000,-66.67503000
3.94836426,-101.24180000,-71.36160000
3.94897461,-83.92254000,-79.82148000
3.94958496,-77.56382000,-69.92564000
3.95019531,-80.16615000,-67.48546000
3.95080566,-89.71983000,-69.67010000
3.95141602,-98.73647000,-71.85996000
3.95202637,-97.37830000,-72.22702000
3.95263672,-92.67427000,-72.80296000
3.95324707,-92.29850000,-75.02171000
3.95385742,-94.23003000,-76.02380000
3.95446777,-102.74150000,-79.22443000
3.95507813,-98.36957000,-78.81765000
3.95568848,-101.01420000,-74.96964000
3.95629883,-96.67323000,-73.88177000
3.95690918,-98.82895000,-79.08574000
3.95751953,-107.24380000,-85.45411000
3.95812988,-92.45229000,-82.81436000
3.95874023,-87.60429000,-72.65225000
3.95935059,-86.15616000,-67.11819000
3.95996094,-88.27872000,-65.00367000
3.96057129,-93.60508000,-67.35237000
3.96118164,-92.42146000,-70.80941000
3.96179199,-90.53536000,-73.70531000
3.96240234,-95.43130000,-80.07291000
3.96301270,-95.47172000,-74.01127000
3.96362305,-88.14492000,-76.97768000
3.96423340,-87.14206000,-94.86761000
3.96484375,-91.21695000,-80.11758000
3.96545410,-88.22059000,-74.22263000
3.96606445,-91.05988000,-79.34016000
3.96667480,-88.47157000,-75.24118000
3.96728516,-87.41950000,-71.63829000
3.96789551,-92.14645000,-71.02096000
3.96850586,-95.24894000,-71.54910000
3.96911621,-91.99883000,-72.89349000
3.96972656,-89.38194000,-79.97415000
3.97033691,-90.30588000,-73.08681000
3.97094727,-96.22791000,-75.56347000
3.97155762,-92.98234000,-79.59684000
3.97216797,-92.03857000,-81.81286000
3.97277832,-87.34245000,-82.63256000
3.97338867,-83.09009000,-93.83446000
3.97399902,-81.59685000,-73.76770000
3.97460938,-86.42638000,-67.55814000
3.97521973,-95.99110000,-70.73344000
3.97583008,-95.78871000,-71.85181000
3.97644043,-87.94157000,-69.69024000
3.97705078,-86.07543000,-70.09296000
3.97766113,-89.61150000,-69.96611000
3.97827148,-88.69865000,-71.32973000
3.97888184,-84.71742000,-76.01369000
3.97949219,-89.30576000,-78.64243000
3.98010254,-88.15050000,-82.90028000
3.98071289,-87.32761000,-75.35150000
3.98132324,-87.77145000,-70.24357000
3.98193359,-89.08189000,-73.77512000
3.98254395,-90.24815000,-77.67719000
3.98315430,-88.16990000,-73.13675000
3.98376465,-88.09185000,-80.38586000
3.98437500,-92.61099000,-71.79829000
3.98498535,-94.50608000,-68.88038000
3.98559570,-106.79340000,-70.96549000
3.98620605,-92.90456000,-75.82516000
3.98681641,-89.68501000,-78.16801000
3.98742676,-90.69400000,-82.66098000
3.98803711,-97.85748000,-81.28238000
3.98864746,-88.90498000,-72.21095000
3.98925781,-85.01566000,-72.96484000
3.98986816,-95.37135000,-85.69172000
3.99047852,-92.50940000,-74.98519000
3.99108887,-90.32410000,-74.22691000
3.99169922,-94.54684000,-71.38156000
3.99230957,-96.36161000,-75.34676000
3.99291992,-88.58598000,-82.01399000
3.99353027,-82.42364000,-91.17458000
3.99414063,-82.18680000,-90.09338000
3.99475098,-91.86259000,-74.06146000
3.99536133,-99.47147000,-76.42084000
3.99597168,-99.67249000,-76.04704000
3.99658203,-113.71100000,-73.70114000
3.99719238,-94.45816000,-74.24977000
3.99780273,-84.13269000,-73.07062000
3.99841309,-76.77453000,-70.97024000
3.99902344,-77.01312000,-76.57107000
3.99963379,-75.45068000,-67.39439000
4.00024414,-77.91633000,-67.80953000
4.00085449,-88.53606000,-81.00098000
4.00146484,-92.89215000,-76.27286000
4.00207520,-90.24642000,-77.33563000
4.00268555,-87.97337000,-87.89298000
4.00329590,-89.12242000,-81.29398000
4.00390625,-92.27386000,-75.39253000
4.00451660,-92.92960000,-79.71690000
4.00512695,-94.00597000,-77.12927000
4.00573730,-90.69135000,-74.11888000
4.00634766,-88.61596000,-74.33228000
4.00695801,-86.77560000,-73.73297000
4.00756836,-87.03564000,-74.04281000
4.00817871,-88.18996000,-70.60342000
4.00878906,-87.45238000,-72.14180000
4.00939941,-87.52280000,-71.14100000
4.01000977,-88.71347000,-72.02396000
4.01062012,-91.69563000,-78.64846000
4.01123047,-94.58981000,-72.09471000
4.01184082,-98.48604000,-74.44347000
4.01245117,-88.97844000,-80.77560000
4.01306152,-92.64237000,-82.27896000
4.01367188,-100.31190000,-90.96547000
4.01428223,-100.66550000,-72.71478000
4.01489258,-103.12060000,-68.45839000
4.01550293,-96.09012000,-67.89206000
4.01611328,-94.20096000,-69.63168000
4.01672363,-102.01270000,-66.70291000
4.01733398,-96.53806000,-66.69363000
4.01794434,-95.99728000,-76.54924000
4.01855469,-92.25181000,-81.92616000
4.01916504,-94.23260000,-85.16772000
4.01977539,-80.73844000,-73.04802000
4.02038574,-77.66325000,-74.49895000
4.02099609,-78.73546000,-77.72366000
4.02160645,-82.64345000,-83.79665000
4.02221680,-82.17441000,-75.98524000
4.02282715,-85.51765000,-71.10236000
4.02343750,-93.67308000,-68.66711000
4.02404785,-82.88257000,-70.46130000
4.02465820,-84.94775000,-72.50108000
4.02526855,-89.49084000,-69.86874000
4.02587891,-95.85013000,-69.14827000
4.02648926,-97.92548000,-72.76041000
4.02709961,-88.93225000,-81.14246000
4.02770996,-87.13890000,-73.09781000
4.02832031,-85.69745000,-69.49453000
4.02893066,-85.65711000,-67.14584000
4.02954102,-87.10751000,-66.78500000
4.03015137,-89.97807000,-70.39533000
4.03076172,-94.22294000,-71.93380000
4.03137207,-91.12231000,-69.89592000
4.03198242,-91.32709000,-74.28371000
4.03259277,-89.46994000,-77.57726000
4.03320313,-94.32704000,-71.81731000
4.03381348,-94.35307000,-70.29787000
4.03442383,-87.38966000,-71.52682000
4.03503418,-87.16966000,-70.05564000
4.03564453,-86.44196000,-71.16154000
4.03625488,-87.13377000,-71.14114000
4.03686523,-89.66029000,-70.61599000
4.03747559,-103.83270000,-72.46257000
4.03808594,-89.48601000,-78.88336000
4.03869629,-84.24487000,-77.22366000
4.03930664,-88.02281000,-76.92679000
4.03991699,-103.57660000,-77.39199000
4.04052734,-97.53861000,-77.22565000
4.04113770,-97.28938000,-71.55585000
4.04174805,-92.22902000,-72.50932000
4.04235840,-90.00963000,-77.08629000
4.04296875,-87.75195000,-81.13776000
4.04357910,-92.95028000,-74.55783000
4.04418945,-96.13468000,-75.47982000
4.04479980,-90.27508000,-95.39006000
4.04541016,-101.13850000,-73.24782000
4.04602051,-92.42624000,-71.17173000
4.04663086,-97.36695000,-77.86988000
4.04724121,-91.70243000,-82.94014000
4.04785156,-89.68380000,-77.11332000
4.04846191,-96.91552000,-74.21812000
4.04907227,-80.15256000,-71.53668000
4.04968262,-75.90977000,-69.26350000
4.05029297,-80.26869000,-69.64576000
4.05090332,-90.58209000,-69.21474000
4.05151367,-89.70725000,-68.99245000
4.05212402,-93.05768000,-71.19416000
4.05273438,-101.73940000,-69.70569000
4.05334473,-86.99325000,-80.83272000
4.05395508,-80.41955000,-75.56805000
4.05456543,-83.47443000,-77.54222000
4.05517578,-95.60230000,-79.25301000
4.05578613,-97.57281000,-78.57276000
4.05639648,-111.64470000,-90.34798000
4.05700684,-96.64707000,-91.39245000
4.05761719,-93.60920000,-85.64960000
4.05822754,-93.56055000,-84.97668000
4.05883789,-98.60931000,-76.16817000
4.05944824,-92.84336000,-70.55178000
4.06005859,-93.55201000,-70.06433000
4.06066895,-92.35648000,-72.52502000
4.06127930,-92.97759000,-82.35979000
4.06188965,-95.89957000,-80.47067000
4.06250000,-93.46294000,-75.14220000
4.06311035,-90.65612000,-70.94544000
4.06372070,-94.52549000,-65.08036000
4.06433105,-94.15496000,-65.42782000
4.06494141,-93.32875000,-76.53895000
4.06555176,-90.12862000,-73.44081000
4.06616211,-90.17082000,-71.50407000
4.06677246,-90.37779000,-72.64681000
4.06738281,-95.93831000,-73.27712000
4.06799316,-90.73105000,-71.77718000
4.06860352,-95.08383000,-69.67368000
4.06921387,-95.63223000,-69.38978000
4.06982422,-95.18993000,-71.72099000
4.07043457,-92.20261000,-80.91206000
4.07104492,-85.98256000,-75.17851000
4.07165527,-85.56773000,-70.60128000
4.07226563,-87.95570000,-69.99567000
4.07287598,-88.87224000,-75.45205000
4.07348633,-82.36188000,-79.13940000
4.07409668,-79.68305000,-70.17252000
4.07470703,-84.72989000,-70.48891000
4.07531738,-90.47089000,-77.50459000
4.07592773,-90.63432000,-93.73203000
4.07653809,-94.21825000,-84.19359000
4.07714844,-92.55682000,-81.39110000
4.07775879,-98.27171000,-76.71078000
4.07836914,-96.85363000,-70.75940000
4.07897949,-89.21895000,-67.76980000
4.07958984,-95.17047000,-68.85639000
4.08020020,-103.62030000,-78.07699000
4.08081055,-98.91710000,-71.50017000
4.08142090,-93.63064000,-68.71465000
4.08203125,-93.47264000,-73.11372000
4.08264160,-106.95640000,-82.44808000
4.08325195,-98.82272000,-76.18318000
4.08386230,-89.27048000,-70.74316000
4.08447266,-88.01476000,-68.90095000
4.08508301,-89.41821000,-68.29450000
4.08569336,-92.07752000,-72.25726000
4.08630371,-88.76690000,-73.30321000
4.08691406,-87.01489000,-74.34405000
4.08752441,-92.73013000,-70.77515000
4.08813477,-102.23840000,-74.27234000
4.08874512,-88.55342000,-73.52413000
4.08935547,-85.32617000,-72.34203000
4.08996582,-87.25082000,-71.21444000
4.09057617,-89.07444000,-74.23553000
4.09118652,-88.86646000,-87.84610000
4.09179688,-92.62437000,-77.72931000
4.09240723,-101.59610000,-75.45811000
4.09301758,-97.15111000,-77.70677000
4.09362793,-105.98570000,-75.88886000
4.09423828,-102.28130000,-81.84520000
4.09484863,-90.86119000,-89.41403000
4.09545898,-88.37700000,-77.85375000
4.09606934,-88.01413000,-76.58488000
4.09667969,-89.92087000,-79.55701000
4.09729004,-96.46767000,-87.57133000
4.09790039,-96.20530000,-72.41943000
4.09851074,-84.21085000,-69.54789000
4.09912109,-73.96530000,-82.50238000
4.09973145,-70.37886000,-69.96230000
4.10034180,-75.36536000,-73.17630000
4.10095215,-99.80228000,-74.14944000
4.10156250,-90.15958000,-72.70990000
4.10217285,-92.21060000,-77.72831000
4.10278320,-103.14000000,-75.21633000
4.10339355,-91.75255000,-71.72850000
4.10400391,-89.18356000,-74.04932000
4.10461426,-92.82140000,-84.74982000
4.10522461,-104.53540000,-74.71507000
4.10583496,-101.91810000,-78.13622000
4.10644531,-100.76580000,-76.13940000
4.10705566,-98.56392000,-70.16724000
4.10766602,-94.26308000,-70.99165000
4.10827637,-88.23449000,-75.31948000
4.10888672,-88.66901000,-72.20675000
4.10949707,-93.31459000,-70.16879000
4.11010742,-95.21126000,-72.04403000
4.11071777,-99.24263000,-79.52299000
4.11132813,-101.49750000,-70.48297000
4.11193848,-94.24615000,-77.36566000
4.11254883,-89.80071000,-77.83258000
4.11315918,-80.34897000,-73.54903000
4.11376953,-73.35092000,-70.49884000
4.11437988,-75.07024000,-73.15565000
4.11499023,-86.78703000,-82.46169000
4.11560059,-97.82101000,-77.04089000
4.11621094,-97.74871000,-78.16054000
4.11682129,-101.25700000,-72.51695000
4.11743164,-91.86657000,-70.57094000
4.11804199,-90.15618000,-74.04653000
4.11865234,-88.30434000,-76.31217000
4.11926270,-85.70605000,-77.49442000
4.11987305,-83.82571000,-76.23253000
4.12048340,-85.07361000,-72.76328000
4.12109375,-88.08694000,-73.60045000
4.12170410,-93.66071000,-76.31541000
4.12231445,-100.61460000,-83.12004000
4.12292480,-92.00242000,-76.41293000
4.12353516,-90.61311000,-73.75755000
4.12414551,-91.69307000,-77.87553000
4.12475586,-106.38100000,-73.53056000
4.12536621,-99.30286000,-70.39526000
4.12597656,-94.70280000,-70.65987000
4.12658691,-92.38821000,-77.34561000
4.12719727,-89.91286000,-75.31274000
4.12780762,-86.70114000,-74.65827000
4.12841797,-88.58562000,-78.29434000
4.12902832,-99.52777000,-76.69067000
4.12963867,-88.72569000,-71.32678000
4.13024902,-87.87315000,-70.49284000
4.13085938,-93.40379000,-75.49817000
4.13146973,-94.99951000,-80.85693000
4.13208008,-102.61540000,-71.99432000
4.13269043,-111.25810000,-68.50921000
4.13330078,-96.22534000,-72.30347000
4.13391113,-93.86315000,-72.00517000
4.13452148,-96.44699000,-71.57767000
4.13513184,-96.91064000,-72.91006000
4.13574219,-88.31261000,-77.01907000
4.13635254,-88.52290000,-76.74234000
4.13696289,-96.12527000,-75.83711000
4.13757324,-99.30803000,-72.55034000
4.13818359,-97.34409000,-71.66354000
4.13879395,-90.52792000,-74.49841000
4.13940430,-95.68979000,-82.28012000
4.14001465,-91.84819000,-90.08531000
4.14062500,-90.96640000,-89.37511000
4.14123535,-89.98523000,-77.74905000
4.14184570,-88.82755000,-70.47425000
4.14245605,-89.92262000,-70.28020000
4.14306641,-86.27191000,-73.13285000
4.14367676,-80.28649000,-71.67795000
4.14428711,-81.58514000,-70.29914000
4.14489746,-95.69801000,-68.09090000
4.14550781,-97.15454000,-71.02126000
4.14611816,-97.80148000,-77.98055000
4.14672852,-89.54372000,-77.77422000
4.14733887,-89.20907000,-76.15282000
4.14794922,-87.44196000,-75.03025000
4.14855957,-84.95427000,-72.48656000
4.14916992,-81.04047000,-71.17971000
4.14978027,-77.63371000,-72.68295000
4.15039063,-81.98544000,-74.82124000
4.15100098,-93.37960000,-75.18353000
4.15161133,-93.34904000,-76.20948000
4.15222168,-96.11008000,-72.36346000
4.15283203,-103.49040000,-75.06280000
4.15344238,-112.22700000,-76.33360000
4.15405273,-96.38810000,-69.53938000
4.15466309,-93.71642000,-74.96545000
4.15527344,-98.45067000,-78.67207000
4.15588379,-97.96140000,-72.27171000
4.15649414,-98.84901000,-73.04610000
4.15710449,-116.44940000,-69.99211000
4.15771484,-101.53220000,-71.69505000
4.15832520,-102.05620000,-83.85700000
4.15893555,-110.81040000,-76.73495000
4.15954590,-94.00432000,-75.03619000
4.16015625,-90.72372000,-87.76837000
4.16076660,-88.71178000,-85.67780000
4.16137695,-88.39153000,-79.45340000
4.16198730,-86.79272000,-75.39676000
4.16259766,-89.27438000,-69.92906000
4.16320801,-96.32259000,-69.16667000
4.16381836,-95.90730000,-73.24634000
4.16442871,-94.45708000,-77.77715000
4.16503906,-84.05821000,-70.02095000
4.16564941,-79.27451000,-68.40707000
4.16625977,-80.22845000,-74.61945000
4.16687012,-89.20342000,-78.58194000
4.16748047,-101.77330000,-79.72815000
4.16809082,-109.28000000,-91.33832000
4.16870117,-94.63441000,-84.64546000
4.16931152,-98.27478000,-87.96021000
4.16992188,-94.86687000,-75.66805000
4.17053223,-93.02156000,-71.23575000
4.17114258,-99.16379000,-70.55993000
4.17175293,-98.70324000,-75.07970000
4.17236328,-96.19328000,-81.41544000
4.17297363,-88.33714000,-82.84647000
4.17358398,-80.47495000,-68.90446000
4.17419434,-80.10982000,-64.87540000
4.17480469,-87.07879000,-70.09999000
4.17541504,-96.51398000,-75.98019000
4.17602539,-88.52597000,-78.48138000
4.17663574,-88.15552000,-94.57313000
4.17724609,-100.36680000,-77.55891000
4.17785645,-87.26299000,-84.49250000
4.17846680,-80.08707000,-78.68736000
4.17907715,-79.41618000,-90.50469000
4.17968750,-81.52879000,-74.85321000
4.18029785,-87.24221000,-69.19224000
4.18090820,-110.82910000,-71.82833000
4.18151855,-98.06283000,-80.21236000
4.18212891,-93.90565000,-84.76163000
4.18273926,-93.19138000,-75.04745000
4.18334961,-90.04166000,-70.40348000
4.18395996,-90.35213000,-69.68721000
4.18457031,-91.13426000,-68.82626000
4.18518066,-86.50895000,-69.29176000
4.18579102,-81.40557000,-73.42937000
4.18640137,-83.73032000,-69.60001000
4.18701172,-85.69053000,-70.24591000
4.18762207,-90.94603000,-78.64474000
4.18823242,-91.19569000,-78.43095000
4.18884277,-83.86138000,-87.98753000
4.18945313,-84.54620000,-72.99434000
4.19006348,-89.00382000,-70.80646000
4.19067383,-91.29414000,-75.50064000
4.19128418,-93.87308000,-79.14958000
4.19189453,-91.67989000,-84.57420000
4.19250488,-92.44361000,-86.00093000
4.19311523,-97.57146000,-77.28758000
4.19372559,-85.56021000,-70.32403000
4.19433594,-83.94082000,-69.77277000
4.19494629,-89.24023000,-70.02349000
4.19555664,-89.04278000,-70.45217000
4.19616699,-89.53416000,-72.33606000
4.19677734,-96.47159000,-75.99364000
4.19738770,-93.09857000,-86.71400000
4.19799805,-87.08393000,-74.70633000
4.19860840,-87.70901000,-71.24837000
4.19921875,-82.19215000,-75.42809000
4.19982910,-79.50407000,-81.12366000
4.20043945,-87.31734000,-74.74700000
4.20104980,-95.44615000,-74.55064000
4.20166016,-91.85056000,-75.48100000
4.20227051,-96.70518000,-81.98241000
4.20288086,-89.11826000,-86.94801000
4.20349121,-80.98476000,-89.35143000
4.20410156,-79.27480000,-76.96951000
4.20471191,-82.87228000,-71.40356000
4.20532227,-88.82611000,-75.30396000
4.20593262,-88.07751000,-82.68731000
4.20654297,-86.36572000,-83.22811000
4.20715332,-89.40855000,-74.79018000
4.20776367,-102.83170000,-73.30350000
4.20837402,-94.50717000,-74.12589000
4.20898438,-99.20860000,-79.84366000
4.20959473,-105.91210000,-73.40093000
4.21020508,-99.26959000,-68.38921000
4.21081543,-99.32018000,-72.46513000
4.21142578,-96.29014000,-83.44226000
4.21203613,-93.35612000,-82.03201000
4.21264648,-93.12492000,-87.13188000
4.21325684,-90.81661000,-97.74266000
4.21386719,-92.35020000,-74.75388000
4.21447754,-117.22710000,-69.64732000
4.21508789,-96.51073000,-72.56705000
4.21569824,-97.00891000,-79.80351000
4.21630859,-92.21284000,-80.12123000
4.21691895,-90.24533000,-80.41922000
4.21752930,-93.35329000,-83.61087000
4.21813965,-92.07101000,-82.21169000
4.21875000,-90.01052000,-83.27650000
4.21936035,-84.48681000,-74.85874000
4.21997070,-84.30276000,-68.94327000
4.22058105,-91.92325000,-67.31254000
4.22119141,-93.38353000,-69.11368000
4.22180176,-90.53635000,-72.75268000
4.22241211,-97.34086000,-80.20352000
4.22302246,-102.79130000,-77.60841000
4.22363281,-105.99660000,-71.82389000
4.22424316,-94.57600000,-71.44153000
4.22485352,-103.21680000,-71.77964000
4.22546387,-95.84106000,-70.54729000
4.22607422,-96.41264000,-71.54461000
4.22668457,-98.76273000,-70.39323000
4.22729492,-97.34951000,-69.13612000
4.22790527,-97.62941000,-73.22224000
4.22851563,-92.35345000,-75.11237000
4.22912598,-90.82367000,-71.95790000
4.22973633,-94.51970000,-76.91846000
4.23034668,-98.72157000,-76.40477000
4.23095703,-91.21526000,-75.09900000
4.23156738,-95.66692000,-80.46535000
4.23217773,-94.95640000,-91.40487000
4.23278809,-89.09600000,-78.25495000
4.23339844,-84.24100000,-77.76898000
4.23400879,-82.77016000,-72.81119000
4.23461914,-89.49312000,-71.83194000
4.23522949,-96.00096000,-72.86873000
4.23583984,-98.48003000,-71.08901000
4.23645020,-93.78531000,-73.50298000
4.23706055,-93.21188000,-75.50529000
4.23767090,-91.25374000,-76.23441000
4.23828125,-91.08367000,-84.64912000
4.23889160,-97.85268000,-83.60789000
4.23950195,-94.01556000,-75.71567000
4.24011230,-98.59684000,-77.29881000
4.24072266,-93.60152000,-74.29150000
4.24133301,-88.31161000,-81.45203000
4.24194336,-89.23400000,-93.02276000
4.24255371,-97.52628000,-78.82233000
4.24316406,-90.30441000,-73.63588000
4.24377441,-87.34890000,-71.91861000
4.24438477,-95.45844000,-83.10529000
4.24499512,-101.73930000,-75.79832000
4.24560547,-95.50661000,-71.56525000
4.24621582,-94.85118000,-74.56345000
4.24682617,-110.35100000,-78.03611000
4.24743652,-95.12892000,-68.80876000
4.24804688,-90.82620000,-65.63919000
4.24865723,-82.68742000,-68.38666000
4.24926758,-68.46339000,-61.74403000
4.24987793,-66.55793000,-60.64223000
4.25048828,-74.13303000,-74.34464000
4.25109863,-92.54958000,-68.16157000
4.25170898,-89.46039000,-69.75452000
4.25231934,-89.35113000,-71.36309000
4.25292969,-97.27486000,-69.77943000
4.25354004,-96.86687000,-70.78151000
4.25415039,-95.66599000,-78.06762000
4.25476074,-98.13121000,-78.24759000
4.25537109,-101.44000000,-75.25182000
4.25598145,-104.68680000,-78.23800000
4.25659180,-102.46330000,-71.42635000
4.25720215,-95.48241000,-71.18174000
4.25781250,-90.74113000,-84.03927000
4.25842285,-103.58730000,-71.60236000
4.25903320,-97.28271000,-72.72383000
4.25964355,-93.49652000,-83.94608000
4.26025391,-92.83414000,-78.23244000
4.26086426,-94.27357000,-78.08996000
4.26147461,-93.33568000,-74.11303000
4.26208496,-88.00385000,-76.19746000
4.26269531,-87.43378000,-71.56033000
4.26330566,-82.47775000,-70.45345000
4.26391602,-80.35478000,-68.47154000
4.26452637,-86.67992000,-69.72650000
4.26513672,-90.44350000,-71.49282000
4.26574707,-84.06417000,-78.55918000
4.26635742,-87.30630000,-75.60861000
4.26696777,-89.80393000,-74.25224000
4.26757813,-96.58081000,-93.94073000
4.26818848,-94.09942000,-72.68546000
4.26879883,-93.98367000,-71.65912000
4.26940918,-86.94275000,-77.37292000
4.27001953,-86.34811000,-82.15704000
4.27062988,-87.72317000,-80.87547000
4.27124023,-87.52190000,-79.09972000
4.27185059,-92.08572000,-74.38835000
4.27246094,-104.98220000,-72.38830000
4.27307129,-93.06958000,-68.70538000
4.27368164,-86.12010000,-69.31120000
4.27429199,-88.54066000,-73.17081000
4.27490234,-94.87489000,-78.63490000
4.27551270,-94.48730000,-79.18960000
4.27612305,-100.64350000,-80.06218000
4.27673340,-95.85571000,-77.41229000
4.27734375,-95.09988000,-72.91342000
4.27795410,-89.69392000,-71.58177000
4.27856445,-90.37769000,-75.12096000
4.27917480,-98.45668000,-79.23827000
4.27978516,-91.46104000,-74.56182000
4.28039551,-93.23628000,-76.25810000
4.28100586,-98.15749000,-85.08205000
4.28161621,-91.81410000,-77.16991000
4.28222656,-91.84035000,-73.15321000
4.28283691,-92.29565000,-68.36850000
4.28344727,-95.57076000,-69.49234000
4.28405762,-105.97680000,-73.90494000
4.28466797,-100.44510000,-75.32235000
4.28527832,-89.53439000,-81.24255000
4.28588867,-86.75790000,-72.48956000
4.28649902,-94.50717000,-68.29124000
4.28710938,-95.70403000,-73.41351000
4.28771973,-92.46410000,-81.18126000
4.28833008,-100.22920000,-73.65304000
4.28894043,-87.02697000,-71.54059000
4.28955078,-85.90096000,-73.13679000
4.29016113,-89.58675000,-71.55016000
4.29077148,-92.76279000,-78.14212000
4.29138184,-95.55096000,-74.26981000
4.29199219,-93.40515000,-72.21217000
4.29260254,-96.73072000,-76.14622000
4.29321289,-81.31306000,-72.69028000
4.29382324,-76.02347000,-68.65627000
4.29443359,-80.16360000,-69.23364000
4.29504395,-97.94560000,-71.52183000
4.29565430,-89.72836000,-84.98066000
4.29626465,-90.36429000,-75.58856000
4.29687500,-89.19755000,-89.98611000
4.29748535,-90.75102000,-72.55917000
4.29809570,-87.37797000,-76.91218000
4.29870605,-81.29285000,-78.85236000
4.29931641,-78.49343000,-79.12297000
4.29992676,-80.27358000,-82.26043000
4.30053711,-91.47797000,-74.95345000
4.30114746,-87.91637000,-74.68742000
4.30175781,-87.57989000,-76.11016000
4.30236816,-89.79942000,-73.67817000
4.30297852,-96.80473000,-74.70514000
4.30358887,-99.62430000,-80.85333000
4.30419922,-91.95189000,-78.24765000
4.30480957,-91.40282000,-76.08870000
4.30541992,-93.97925000,-76.08060000
4.30603027,-95.08833000,-78.33656000
4.30664063,-92.87407000,-81.85428000
4.30725098,-94.19347000,-83.78609000
4.30786133,-93.38026000,-79.59389000
4.30847168,-103.51460000,-84.32621000
4.30908203,-94.08742000,-78.87761000
4.30969238,-87.89531000,-70.38336000
4.31030273,-91.76428000,-68.61392000
4.31091309,-97.15488000,-70.83894000
4.31152344,-92.69237000,-71.47000000
4.31213379,-90.42374000,-80.34145000
4.31274414,-89.23669000,-75.73325000
4.31335449,-93.39779000,-72.40355000
4.31396484,-97.85361000,-70.20990000
4.31457520,-101.89680000,-71.30082000
4.31518555,-105.48000000,-77.76170000
4.31579590,-94.12926000,-74.02168000
4.31640625,-93.96374000,-72.48860000
4.31701660,-98.95797000,-74.52504000
4.31762695,-91.13040000,-77.86891000
4.31823730,-88.78056000,-78.44913000
4.31884766,-91.66270000,-69.88092000
4.31945801,-93.66181000,-76.92989000
4.32006836,-92.72529000,-74.36296000
4.32067871,-95.28825000,-78.44390000
4.32128906,-99.96870000,-83.34448000
4.32189941,-95.52814000,-89.39430000
4.32250977,-92.83284000,-82.14889000
4.32312012,-97.68619000,-72.10702000
4.32373047,-83.38403000,-70.64954000
4.32434082,-82.66479000,-73.91216000
4.32495117,-85.76283000,-71.67502000
4.32556152,-89.35544000,-69.65182000
4.32617188,-103.76620000,-69.98237000
4.32678223,-95.03619000,-75.04418000
4.32739258,-89.89693000,-80.73208000
4.32800293,-90.48313000,-72.51619000
4.32861328,-103.37920000,-71.17957000
4.32922363,-96.81404000,-74.56026000
4.32983398,-89.97897000,-75.29683000
4.33044434,-90.04879000,-72.01879000
4.33105469,-90.63630000,-74.50063000
4.33166504,-89.13544000,-72.78106000
4.33227539,-92.78123000,-69.77022000
4.33288574,-101.74270000,-74.88532000
4.33349609,-103.39910000,-77.14057000
4.33410645,-92.67184000,-77.86050000
4.33471680,-88.08696000,-93.48537000
4.33532715,-87.09219000,-80.37646000
4.33593750,-86.27351000,-77.39693000
4.33654785,-86.22406000,-85.34615000
4.33715820,-90.70316000,-74.83848000
4.33776855,-93.75237000,-78.68664000
4.33837891,-98.96969000,-87.37505000
4.33898926,-96.75354000,-77.48978000
4.33959961,-92.05047000,-72.63363000
4.34020996,-91.64224000,-80.12065000
4.34082031,-101.30970000,-82.64548000
4.34143066,-90.60164000,-92.30208000
4.34204102,-86.42037000,-79.90540000
4.34265137,-88.91128000,-76.25256000
4.34326172,-87.65263000,-72.40112000
4.34387207,-86.81721000,-72.52619000
4.34448242,-91.32782000,-76.39784000
4.34509277,-93.18655000,-74.06391000
4.34570313,-89.90425000,-81.88968000
4.34631348,-90.37933000,-70.66940000
4.34692383,-91.98521000,-73.05424000
4.34753418,-97.79620000,-72.85131000
4.34814453,-98.71354000,-72.72272000
4.34875488,-85.04295000,-77.68824000
4.34936523,-77.35205000,-67.40366000
4.34997559,-77.17587000,-65.26622000
4.35058594,-82.45365000,-69.43485000
4.35119629,-87.16750000,-78.46925000
4.35180664,-91.51863000,-84.31698000
4.35241699,-92.65891000,-78.05277000
4.35302734,-79.32216000,-81.54855000
4.35363770,-71.53024000,-74.56567000
4.35424805,-71.58050000,-75.21483000
4.35485840,-77.91728000,-74.37478000
4.35546875,-87.03034000,-72.28191000
4.35607910,-102.37910000,-74.31345000
4.35668945,-96.53696000,-71.20197000
4.35729980,-92.89318000,-68.86844000
4.35791016,-91.96629000,-70.25927000
4.35852051,-96.64752000,-68.69806000
4.35913086,-96.88645000,-68.97045000
4.35974121,-93.09381000,-72.66260000
4.36035156,-96.81648000,-74.24193000
4.36096191,-88.63830000,-69.46665000
4.36157227,-86.06441000,-69.60206000
4.36218262,-86.54769000,-72.71098000
4.36279297,-87.17999000,-76.19209000
4.36340332,-86.02228000,-74.01992000
4.36401367,-85.18073000,-76.16374000
4.36462402,-88.78136000,-75.78580000
4.36523438,-93.92815000,-72.53233000
4.36584473,-94.57811000,-69.99741000
4.36645508,-93.72894000,-69.09877000
4.36706543,-88.24107000,-70.18222000
4.36767578,-82.96043000,-78.45970000
4.36828613,-82.24370000,-89.28166000
4.36889648,-89.18526000,-80.88416000
4.36950684,-91.28465000,-74.55042000
4.37011719,-92.03391000,-72.53896000
4.37072754,-86.75610000,-75.04173000
4.37133789,-85.19322000,-76.85608000
4.37194824,-90.31960000,-74.75499000
4.37255859,-97.18342000,-75.38551000
4.37316895,-85.29038000,-71.89252000
4.37377930,-79.65934000,-68.55887000
4.37438965,-82.66640000,-71.38440000
4.37500000,-96.75304000,-72.82072000
4.37561035,-99.15692000,-72.38333000
4.37622070,-93.32124000,-77.61342000
4.37683105,-88.78226000,-76.99111000
4.37744141,-89.43474000,-70.73156000
4.37805176,-93.03008000,-67.47955000
4.37866211,-91.01665000,-67.22437000
4.37927246,-84.27846000,-72.08597000
4.37988281,-84.12894000,-86.69525000
4.38049316,-87.94061000,-79.15780000
4.38110352,-100.98250000,-75.42437000
4.38171387,-94.23352000,-72.07417000
4.38232422,-94.39101000,-69.10216000
4.38293457,-92.34607000,-71.51645000
4.38354492,-83.58643000,-79.03975000
4.38415527,-80.65244000,-79.34155000
4.38476563,-85.12633000,-88.49092000
4.38537598,-91.16061000,-85.45845000
4.38598633,-95.58754000,-72.06634000
4.38659668,-101.03090000,-68.46776000
4.38720703,-96.02945000,-69.05238000
4.38781738,-93.06802000,-71.79162000
4.38842773,-92.97647000,-76.34299000
4.38903809,-110.66970000,-73.52601000
4.38964844,-91.86839000,-71.14857000
4.39025879,-91.84869000,-69.63280000
4.39086914,-96.42914000,-67.59732000
4.39147949,-94.63835000,-67.97470000
4.39208984,-91.49411000,-72.14656000
4.39270020,-92.89074000,-76.51336000
4.39331055,-89.20091000,-75.08051000
4.39392090,-86.14549000,-86.35781000
4.39453125,-90.40257000,-72.28053000
4.39514160,-93.09232000,-73.29169000
4.39575195,-91.77753000,-77.81774000
4.39636230,-90.77550000,-73.34973000
4.39697266,-89.17053000,-77.14285000
4.39758301,-92.33745000,-83.81569000
4.39819336,-114.66900000,-73.23801000
4.39880371,-81.14986000,-73.77100000
4.39941406,-71.63840000,-68.84814000
4.40002441,-72.72839000,-69.39332000
4.40063477,-82.97563000,-72.25740000
4.40124512,-90.00347000,-73.90141000
4.40185547,-92.91772000,-79.07455000
4.40246582,-89.94673000,-72.79840000
4.40307617,-89.16011000,-75.71588000
4.40368652,-83.99135000,-85.41724000
4.40429688,-77.66393000,-83.33099000
4.40490723,-78.49915000,-80.27477000
4.40551758,-84.75034000,-77.21342000
4.40612793,-87.47533000,-74.54950000
4.40673828,-87.92126000,-73.46288000
4.40734863,-89.77775000,-85.81287000
4.40795898,-94.13251000,-77.47059000
4.40856934,-95.83588000,-78.31953000
4.40917969,-110.12800000,-79.09879000
4.40979004,-92.42953000,-77.60787000
4.41040039,-88.44080000,-76.62331000
4.41101074,-89.04519000,-75.47846000
4.41162109,-91.17675000,-76.07430000
4.41223145,-88.44328000,-80.50381000
4.41284180,-83.27971000,-80.41328000
4.41345215,-67.96481000,-65.01262000
4.41406250,-65.54843000,-62.57086000
4.41467285,-72.22856000,-69.17291000
4.41528320,-88.03816000,-75.23727000
4.41589355,-87.37309000,-72.44692000
4.41650391,-85.60760000,-71.34962000
4.41711426,-88.26765000,-72.60683000
4.41772461,-89.77777000,-74.36800000
4.41833496,-86.55537000,-78.72934000
4.41894531,-85.82829000,-75.49780000
4.41955566,-93.14544000,-72.95743000
4.42016602,-93.50319000,-72.85715000
4.42077637,-84.51540000,-76.62242000
4.42138672,-84.77467000,-78.14274000
4.42199707,-91.70620000,-76.69147000
4.42260742,-101.00150000,-69.65363000
4.42321777,-96.51923000,-69.61079000
4.42382813,-93.57395000,-78.17089000
4.42443848,-92.41853000,-82.57706000
4.42504883,-93.23620000,-76.75017000
4.42565918,-96.40052000,-76.85958000
4.42626953,-89.14732000,-75.06917000
4.42687988,-95.96365000,-67.75449000
4.42749023,-92.08427000,-71.22230000
4.42810059,-87.00562000,-75.06126000
4.42871094,-89.24653000,-72.83932000
4.42932129,-93.95988000,-73.30988000
4.42993164,-97.51693000,-74.35175000
4.43054199,-112.15330000,-70.95647000
4.43115234,-97.67104000,-69.01935000
4.43176270,-91.46323000,-68.18870000
4.43237305,-89.10391000,-69.33908000
4.43298340,-87.64806000,-68.78049000
4.43359375,-86.68662000,-72.36428000
4.43420410,-88.86639000,-82.86922000
4.43481445,-98.47272000,-75.65547000
4.43542480,-91.23978000,-72.31881000
4.43603516,-89.88242000,-71.74394000
4.43664551,-90.57823000,-73.10382000
4.43725586,-87.65561000,-75.77943000
4.43786621,-89.94362000,-74.28465000
4.43847656,-91.90952000,-71.66135000
4.43908691,-89.69327000,-69.57758000
4.43969727,-87.00848000,-67.01941000
4.44030762,-86.42892000,-68.64392000
4.44091797,-87.31570000,-70.62341000
4.44152832,-88.81576000,-66.13226000
4.44213867,-89.12062000,-65.91819000
4.44274902,-92.01173000,-71.42112000
4.44335938,-79.45450000,-87.70068000
4.44396973,-76.82782000,-87.30030000
4.44458008,-83.83335000,-72.61891000
4.44519043,-98.54639000,-72.96465000
4.44580078,-94.50816000,-87.05666000
4.44641113,-88.81394000,-73.26373000
4.44702148,-87.20841000,-74.22465000
4.44763184,-96.24432000,-78.57883000
4.44824219,-88.79207000,-84.07806000
4.44885254,-84.92496000,-70.46391000
4.44946289,-82.03979000,-68.34331000
4.45007324,-82.80379000,-75.12286000
4.45068359,-89.58802000,-77.21027000
4.45129395,-94.36337000,-70.43679000
4.45190430,-86.21612000,-72.74355000
4.45251465,-87.75638000,-71.20982000
4.45312500,-105.23230000,-73.65253000
4.45373535,-93.93968000,-79.20553000
4.45434570,-90.98456000,-78.34126000
4.45495605,-87.53391000,-74.98751000
4.45556641,-90.35339000,-70.24082000
4.45617676,-111.79700000,-72.01085000
4.45678711,-92.60446000,-85.93514000
4.45739746,-88.61951000,-73.52992000
4.45800781,-86.66455000,-74.40002000
4.45861816,-86.62215000,-82.97711000
4.45922852,-89.57370000,-85.52959000
4.45983887,-95.84644000,-81.06534000
4.46044922,-96.65971000,-73.62340000
4.46105957,-93.98823000,-74.43737000
4.46166992,-95.36000000,-74.12893000
4.46228027,-93.10402000,-73.33482000
4.46289063,-92.74100000,-72.75213000
4.46350098,-91.17240000,-70.86224000
4.46411133,-91.66731000,-69.89264000
4.46472168,-93.39520000,-68.63946000
4.46533203,-88.52553000,-68.64218000
4.46594238,-87.03456000,-71.83369000
4.46655273,-94.03766000,-86.65906000
4.46716309,-123.88500000,-72.90576000
4.46777344,-109.12790000,-66.79389000
4.46838379,-119.02100000,-67.02456000
4.46899414,-99.05841000,-74.85078000
4.46960449,-97.18123000,-73.86779000
4.47021484,-94.23567000,-70.42962000
4.47082520,-89.96677000,-70.57412000
4.47143555,-92.64045000,-76.64501000
4.47204590,-99.90993000,-85.10045000
4.47265625,-94.14722000,-72.29430000
4.47326660,-75.43915000,-63.94417000
4.47387695,-69.97855000,-61.81276000
4.47448730,-73.89737000,-67.07708000
4.47509766,-89.62132000,-84.04398000
4.47570801,-89.88781000,-77.83086000
4.47631836,-85.43660000,-75.17165000
4.47692871,-85.92442000,-78.58287000
4.47753906,-87.97105000,-74.75204000
4.47814941,-85.27835000,-71.74249000
4.47875977,-90.16571000,-76.27387000
4.47937012,-95.07086000,-80.80949000
4.47998047,-88.43608000,-73.21794000
4.48059082,-91.00975000,-74.90810000
4.48120117,-89.71745000,-76.10051000
4.48181152,-86.68298000,-76.65149000
4.48242188,-85.49753000,-82.80228000
4.48303223,-87.85430000,-75.41461000
4.48364258,-91.02817000,-72.63144000
4.48425293,-97.79443000,-74.26997000
4.48486328,-97.73257000,-76.70387000
4.48547363,-102.18300000,-78.06783000
4.48608398,-113.24750000,-75.71975000
4.48669434,-100.93220000,-78.36936000
4.48730469,-92.99846000,-76.64442000
4.48791504,-90.51612000,-71.44866000
4.48852539,-92.19929000,-70.75893000
4.48913574,-91.65118000,-80.40336000
4.48974609,-90.96089000,-83.32277000
4.49035645,-98.20161000,-76.82508000
4.49096680,-104.83140000,-69.50972000
4.49157715,-94.31115000,-79.52274000
4.49218750,-97.29425000,-71.27641000
4.49279785,-95.25978000,-68.02068000
4.49340820,-87.39185000,-68.49138000
4.49401855,-85.34629000,-70.80754000
4.49462891,-87.66911000,-76.38871000
4.49523926,-93.80595000,-76.94073000
4.49584961,-88.53828000,-74.70110000
4.49645996,-88.73569000,-79.81071000
4.49707031,-96.39249000,-84.99199000
4.49768066,-97.05806000,-75.12282000
4.49829102,-92.32845000,-73.43011000
4.49890137,-86.76871000,-72.84721000
4.49951172,-80.19778000,-68.43597000
4.50012207,-80.58405000,-69.48846000
4.50073242,-85.80322000,-74.70435000
4.50134277,-89.64790000,-78.21217000
4.50195313,-94.02657000,-80.82796000
4.50256348,-88.01169000,-85.67191000
4.50317383,-82.26005000,-75.36459000
4.50378418,-79.49125000,-74.08387000
4.50439453,-85.61192000,-73.68418000
4.50500488,-96.26653000,-72.94272000
4.50561523,-95.62358000,-73.33281000
4.50622559,-98.93929000,-73.93646000
4.50683594,-94.50138000,-76.47506000
4.50744629,-93.12782000,-79.43429000
4.50805664,-106.15920000,-77.51649000
4.50866699,-99.19099000,-69.81129000
4.50927734,-95.56965000,-68.87465000
4.50988770,-105.56570000,-76.26485000
4.51049805,-106.89840000,-76.20887000
4.51110840,-98.03853000,-77.28802000
4.51171875,-99.11035000,-79.85452000
4.51232910,-100.63580000,-92.72685000
4.51293945,-100.99860000,-83.92208000
4.51354980,-120.20650000,-75.41154000
4.51416016,-106.10630000,-81.14063000
4.51477051,-120.01240000,-79.76004000
4.51538086,-102.80570000,-85.35318000
4.51599121,-98.58636000,-81.05088000
4.51660156,-90.11520000,-72.70766000
4.51721191,-87.10361000,-71.52160000
4.51782227,-86.57591000,-72.95496000
4.51843262,-87.70216000,-73.07320000
4.51904297,-89.43777000,-73.32143000
4.51965332,-87.19351000,-75.21239000
4.52026367,-86.02147000,-81.84943000
4.52087402,-89.63264000,-84.56239000
4.52148438,-95.76447000,-81.17432000
4.52209473,-95.23086000,-77.14626000
4.52270508,-91.42310000,-77.56230000
4.52331543,-92.55516000,-76.44943000
4.52392578,-93.58336000,-81.66354000
4.52453613,-94.00193000,-79.60242000
4.52514648,-99.48164000,-76.87679000
4.52575684,-103.19570000,-68.23808000
4.52636719,-100.35300000,-71.57906000
4.52697754,-95.06433000,-76.17368000
4.52758789,-91.85410000,-67.69095000
4.52819824,-88.59811000,-66.16757000
4.52880859,-87.93126000,-69.75724000
4.52941895,-97.58630000,-72.79877000
4.53002930,-92.52254000,-75.69953000
4.53063965,-88.16055000,-96.80600000
4.53125000,-92.10252000,-79.84267000
4.53186035,-92.23342000,-73.18021000
4.53247070,-91.54336000,-72.80557000
4.53308105,-83.95258000,-79.62908000
4.53369141,-77.23302000,-73.25745000
4.53430176,-78.18748000,-73.65142000
4.53491211,-87.10535000,-73.18076000
4.53552246,-105.60000000,-74.54191000
4.53613281,-115.99950000,-93.89734000
4.53674316,-100.18230000,-76.99696000
4.53735352,-92.05322000,-78.93768000
4.53796387,-90.54349000,-77.09102000
4.53857422,-92.63541000,-75.35532000
4.53918457,-93.73308000,-80.74597000
4.53979492,-96.93147000,-75.34389000
4.54040527,-97.05323000,-72.78528000
4.54101563,-91.42290000,-70.65901000
4.54162598,-96.64165000,-71.58636000
4.54223633,-96.55444000,-73.51749000
4.54284668,-96.00076000,-77.28980000
4.54345703,-91.07845000,-82.29135000
4.54406738,-95.11308000,-81.70437000
4.54467773,-93.95515000,-83.61279000
4.54528809,-96.68173000,-90.07141000
4.54589844,-91.64879000,-79.28215000
4.54650879,-94.95065000,-77.71760000
4.54711914,-102.58880000,-84.08891000
4.54772949,-92.00555000,-86.25536000
4.54833984,-85.00554000,-88.74706000
4.54895020,-81.02227000,-72.53879000
4.54956055,-80.44391000,-67.17021000
4.55017090,-84.65926000,-66.95812000
4.55078125,-94.31493000,-70.21484000
4.55139160,-100.47150000,-70.30860000
4.55200195,-89.24562000,-72.95166000
4.55261230,-90.31188000,-80.38890000
4.55322266,-99.88644000,-84.73740000
4.55383301,-110.65590000,-76.85640000
4.55444336,-99.57818000,-74.48129000
4.55505371,-88.50247000,-69.29175000
4.55566406,-86.04872000,-68.03965000
4.55627441,-85.74970000,-69.16602000
4.55688477,-85.62817000,-72.41776000
4.55749512,-88.90764000,-81.50115000
4.55810547,-96.20599000,-87.09415000
4.55871582,-88.16644000,-77.16513000
4.55932617,-88.99583000,-74.40514000
4.55993652,-94.36850000,-75.80872000
4.56054688,-96.92534000,-76.47952000
4.56115723,-99.07478000,-72.82438000
4.56176758,-94.05743000,-72.97141000
4.56237793,-92.47690000,-77.02266000
4.56298828,-82.32838000,-75.94333000
4.56359863,-76.41830000,-78.52599000
4.56420898,-78.53401000,-80.48579000
4.56481934,-94.95142000,-74.92577000
4.56542969,-93.13760000,-71.22906000
4.56604004,-97.89364000,-73.88127000
4.56665039,-88.03543000,-80.28394000
4.56726074,-86.10912000,-71.46098000
4.56787109,-92.31236000,-78.26001000
4.56848145,-91.10738000,-76.89094000
4.56909180,-85.09762000,-73.60660000
4.56970215,-88.16600000,-75.29419000
4.57031250,-96.82160000,-77.22488000
4.57092285,-91.82947000,-75.69125000
4.57153320,-110.16610000,-77.32272000
4.57214355,-90.45911000,-76.43263000
4.57275391,-86.26115000,-70.63861000
4.57336426,-81.80556000,-71.56787000
4.57397461,-82.87897000,-71.83227000
4.57458496,-92.62178000,-76.07070000
4.57519531,-90.44431000,-80.48629000
4.57580566,-91.17740000,-76.27110000
4.57641602,-99.18427000,-80.61947000
4.57702637,-104.29370000,-84.73469000
4.57763672,-90.17262000,-77.25482000
4.57824707,-86.42178000,-74.84128000
4.57885742,-87.42171000,-76.29401000
4.57946777,-91.29562000,-79.82194000
4.58007813,-97.48213000,-81.93554000
4.58068848,-96.08829000,-73.21545000
4.58129883,-97.72993000,-69.04054000
4.58190918,-101.39770000,-68.80006000
4.58251953,-107.80760000,-71.10103000
4.58312988,-97.91744000,-74.93265000
4.58374023,-106.46090000,-75.97235000
4.58435059,-96.63848000,-73.60085000
4.58496094,-90.60947000,-71.83803000
4.58557129,-92.49892000,-70.06812000
4.58618164,-99.20300000,-71.51035000
4.58679199,-91.37442000,-74.47791000
4.58740234,-95.70313000,-84.98661000
4.58801270,-93.07758000,-74.28435000
4.58862305,-90.00545000,-72.30973000
4.58923340,-93.95616000,-73.09698000
4.58984375,-89.26045000,-76.15330000
4.59045410,-86.61353000,-73.24776000
4.59106445,-90.52913000,-76.29221000
4.59167480,-95.34836000,-82.09883000
4.59228516,-104.43840000,-72.37479000
4.59289551,-87.90421000,-69.20074000
4.59350586,-80.24792000,-72.00702000
4.59411621,-80.62175000,-76.58732000
4.59472656,-87.54093000,-73.51251000
4.59533691,-92.74110000,-74.90770000
4.59594727,-109.64460000,-74.43941000
4.59655762,-93.72951000,-71.49042000
4.59716797,-90.31136000,-73.00141000
4.59777832,-88.60890000,-74.98491000
4.59838867,-89.73271000,-79.80162000
4.59899902,-101.92450000,-77.07269000
4.59960938,-86.41603000,-77.81033000
4.60021973,-88.59061000,-76.11906000
4.60083008,-90.39873000,-76.11996000
4.60144043,-90.84924000,-73.27361000
4.60205078,-96.26889000,-71.22907000
4.60266113,-104.04670000,-71.26303000
4.60327148,-99.18553000,-70.38998000
4.60388184,-91.28590000,-71.47095000
4.60449219,-89.70231000,-72.16514000
4.60510254,-87.32003000,-74.83429000
4.60571289,-89.41492000,-73.93995000
4.60632324,-105.67030000,-69.28955000
4.60693359,-90.98196000,-70.81597000
4.60754395,-92.54543000,-78.30205000
4.60815430,-94.29249000,-73.48479000
4.60876465,-103.61100000,-67.73442000
4.60937500,-94.99435000,-67.87824000
4.60998535,-92.81120000,-78.76974000
4.61059570,-93.27803000,-76.87602000
4.61120605,-95.71700000,-73.39741000
4.61181641,-93.72490000,-75.18883000
4.61242676,-93.78461000,-76.12701000
4.61303711,-101.56150000,-72.76756000
4.61364746,-92.22408000,-70.30154000
4.61425781,-90.34084000,-72.57975000
4.61486816,-95.11486000,-80.42766000
4.61547852,-87.17351000,-75.66688000
4.61608887,-85.60692000,-70.59900000
4.61669922,-89.22086000,-65.41030000
4.61730957,-99.01406000,-68.88907000
4.61791992,-98.54866000,-81.50437000
4.61853027,-91.32678000,-85.26186000
4.61914063,-92.58160000,-79.86612000
4.61975098,-104.59150000,-76.55855000
4.62036133,-106.72140000,-76.61069000
4.62097168,-90.21805000,-78.04722000
4.62158203,-87.23267000,-74.50266000
4.62219238,-90.68248000,-70.93736000
4.62280273,-93.90007000,-70.20332000
4.62341309,-80.85618000,-73.85815000
4.62402344,-79.17056000,-83.14771000
4.62463379,-86.62628000,-76.87537000
4.62524414,-94.05341000,-73.38166000
4.62585449,-92.09507000,-76.65488000
4.62646484,-91.56087000,-83.28040000
4.62707520,-94.74712000,-81.34175000
4.62768555,-92.08663000,-76.94238000
4.62829590,-97.81030000,-76.81082000
4.62890625,-96.21928000,-72.22746000
4.62951660,-105.31300000,-66.70192000
4.63012695,-86.36209000,-66.09778000
4.63073730,-82.79567000,-70.69415000
4.63134766,-83.26486000,-83.40809000
4.63195801,-85.76828000,-81.69217000
4.63256836,-91.16797000,-85.45326000
4.63317871,-91.50871000,-81.23145000
4.63378906,-91.11206000,-80.52437000
4.63439941,-94.59916000,-90.31989000
4.63500977,-103.47380000,-79.50076000
4.63562012,-92.68090000,-71.78049000
4.63623047,-93.98407000,-72.12952000
4.63684082,-100.66390000,-70.56382000
4.63745117,-99.76978000,-69.94225000
4.63806152,-97.20803000,-74.99075000
4.63867188,-95.40268000,-79.51933000
4.63928223,-92.31011000,-79.16391000
4.63989258,-90.20224000,-76.69463000
4.64050293,-86.51512000,-75.75673000
4.64111328,-87.52804000,-71.35063000
4.64172363,-102.76100000,-71.19650000
4.64233398,-95.14188000,-76.38978000
4.64294434,-90.41157000,-74.84547000
4.64355469,-89.95866000,-71.14487000
4.64416504,-89.71198000,-80.76463000
4.64477539,-95.01809000,-76.02247000
4.64538574,-101.34880000,-77.24747000
4.64599609,-104.98530000,-75.59556000
4.64660645,-90.37018000,-73.60400000
4.64721680,-91.59329000,-74.55754000
4.64782715,-109.18830000,-76.99414000
4.64843750,-97.09361000,-73.41250000
4.64904785,-91.87897000,-75.65181000
4.64965820,-89.41449000,-76.29107000
4.65026855,-94.54222000,-73.56725000
4.65087891,-105.33600000,-76.82925000
4.65148926,-97.12070000,-94.30935000
4.65209961,-91.38364000,-78.10942000
4.65270996,-84.55110000,-74.48091000
4.65332031,-76.23544000,-75.12691000
4.65393066,-73.95327000,-77.04985000
4.65454102,-80.08411000,-79.68261000
4.65515137,-97.73895000,-80.95425000
4.65576172,-107.28830000,-81.25492000
4.65637207,-104.71850000,-76.84483000
4.65698242,-101.88660000,-79.60769000
4.65759277,-92.11456000,-81.39612000
4.65820313,-86.17951000,-75.16583000
4.65881348,-89.80183000,-77.07350000
4.65942383,-96.60081000,-75.70230000
4.66003418,-108.99060000,-74.82999000
4.66064453,-97.67623000,-74.70855000
4.66125488,-91.13968000,-80.85785000
4.66186523,-93.91586000,-84.79977000
4.66247559,-98.67787000,-84.54414000
4.66308594,-99.60624000,-87.60274000
4.66369629,-116.97110000,-74.15088000
4.66430664,-93.05515000,-76.74104000
4.66491699,-89.63837000,-77.78093000
4.66552734,-94.01081000,-76.60416000
4.66613770,-92.60472000,-78.16739000
4.66674805,-93.14690000,-86.76723000
4.66735840,-92.66866000,-74.91261000
4.66796875,-90.22904000,-71.04421000
4.66857910,-90.12492000,-76.63326000
4.66918945,-93.10525000,-72.73961000
4.66979980,-93.77795000,-73.43560000
4.67041016,-88.16434000,-67.14661000
4.67102051,-86.94228000,-66.65218000
4.67163086,-90.96076000,-70.91852000
4.67224121,-99.19319000,-83.57777000
4.67285156,-95.44266000,-78.87163000
4.67346191,-89.54898000,-80.52639000
4.67407227,-91.60603000,-83.70277000
4.67468262,-95.09713000,-71.80671000
4.67529297,-102.72560000,-70.81929000
4.67590332,-96.81296000,-68.32042000
4.67651367,-92.05104000,-69.16205000
4.67712402,-95.78252000,-71.45704000
4.67773438,-93.65526000,-69.94262000
4.67834473,-94.18049000,-68.94749000
4.67895508,-100.91820000,-67.07585000
4.67956543,-94.58595000,-68.35742000
4.68017578,-91.09303000,-71.63173000
4.68078613,-92.40060000,-76.86579000
4.68139648,-98.14185000,-82.55829000
4.68200684,-96.83278000,-73.71415000
4.68261719,-90.21827000,-71.45469000
4.68322754,-82.55875000,-74.75337000
4.68383789,-78.14056000,-73.19088000
4.68444824,-81.39617000,-70.05040000
4.68505859,-89.46122000,-74.57168000
4.68566895,-91.21819000,-104.47630000
4.68627930,-92.84401000,-78.48441000
4.68688965,-96.32635000,-71.60631000
4.68750000,-93.86879000,-72.71960000
4.68811035,-89.13643000,-74.98747000
4.68872070,-89.32892000,-76.04591000
4.68933105,-93.72207000,-71.54858000
4.68994141,-94.00119000,-68.09639000
4.69055176,-92.06345000,-66.69200000
4.69116211,-90.03762000,-66.83196000
4.69177246,-91.22610000,-68.36086000
4.69238281,-90.79382000,-68.74190000
4.69299316,-89.83850000,-68.55215000
4.69360352,-91.19423000,-73.86044000
4.69421387,-92.02969000,-87.62207000
4.69482422,-97.22879000,-79.31327000
4.69543457,-102.02120000,-73.68446000
4.69604492,-98.91066000,-70.78010000
4.69665527,-92.79745000,-70.92166000
4.69726563,-104.14040000,-73.45342000
4.69787598,-94.96973000,-78.24872000
4.69848633,-91.49001000,-89.47839000
4.69909668,-81.07647000,-71.16423000
4.69970703,-76.56766000,-69.13100000
4.70031738,-81.00395000,-73.09222000
4.70092773,-92.81805000,-75.91859000
4.70153809,-98.31020000,-76.40006000
4.70214844,-90.37695000,-80.12066000
4.70275879,-90.60106000,-80.03639000
4.70336914,-105.38380000,-71.68465000
4.70397949,-92.25090000,-73.60841000
4.70458984,-91.76315000,-84.58881000
4.70520020,-99.60817000,-75.70648000
4.70581055,-90.28159000,-76.17631000
4.70642090,-91.50832000,-81.04885000
4.70703125,-104.23080000,-74.04521000
4.70764160,-95.29494000,-75.56539000
4.70825195,-96.77489000,-76.87461000
4.70886230,-96.47728000,-79.46107000
4.70947266,-93.71665000,-71.19586000
4.71008301,-91.96164000,-72.32643000
4.71069336,-88.27151000,-88.77437000
4.71130371,-93.37296000,-74.80113000
4.71191406,-95.39420000,-73.69199000
4.71252441,-102.63630000,-72.63799000
4.71313477,-74.35052000,-67.21426000
4.71374512,-67.62406000,-63.69489000
4.71435547,-70.68132000,-69.07919000
4.71496582,-84.80225000,-79.09267000
4.71557617,-90.31137000,-77.49574000
4.71618652,-93.65108000,-77.74081000
4.71679688,-91.86345000,-75.89780000
4.71740723,-91.62836000,-77.24763000
4.71801758,-91.09971000,-75.82302000
4.71862793,-88.46220000,-70.97878000
4.71923828,-86.94439000,-70.51006000
4.71984863,-88.67889000,-83.63057000
4.72045898,-97.63805000,-77.27120000
4.72106934,-100.73190000,-80.99652000
4.72167969,-95.07678000,-75.93050000
4.72229004,-89.33712000,-71.40649000
4.72290039,-86.81767000,-77.88407000
4.72351074,-85.82449000,-80.68010000
4.72412109,-89.85401000,-81.83376000
4.72473145,-95.79135000,-89.66256000
4.72534180,-109.90670000,-69.86758000
4.72595215,-92.45571000,-67.20750000
4.72656250,-90.34050000,-76.04038000
4.72717285,-89.69761000,-79.25636000
4.72778320,-91.11952000,-74.91133000
4.72839355,-92.59766000,-76.36843000
4.72900391,-91.85996000,-81.06831000
4.72961426,-99.44897000,-79.63544000
4.73022461,-89.80803000,-77.98353000
4.73083496,-87.54399000,-78.66400000
4.73144531,-90.20654000,-71.78510000
4.73205566,-89.95590000,-74.25935000
4.73266602,-93.12506000,-83.03559000
4.73327637,-88.47350000,-81.84541000
4.73388672,-86.92620000,-77.11544000
4.73449707,-95.71453000,-75.65716000
4.73510742,-94.33923000,-75.22391000
4.73571777,-91.68665000,-78.97395000
4.73632813,-91.05584000,-71.32176000
4.73693848,-90.28594000,-70.04310000
4.73754883,-102.92860000,-74.75710000
4.73815918,-95.22858000,-75.81511000
4.73876953,-93.34489000,-70.48453000
4.73937988,-95.34626000,-70.16822000
4.73999023,-95.56215000,-71.93523000
4.74060059,-93.70131000,-83.81496000
4.74121094,-91.43555000,-75.71577000
4.74182129,-99.47815000,-72.70349000
4.74243164,-97.00105000,-77.58334000
4.74304199,-88.32127000,-79.71237000
4.74365234,-81.03206000,-78.92299000
4.74426270,-82.19070000,-80.52753000
4.74487305,-91.29203000,-76.59435000
4.74548340,-89.60307000,-77.15687000
4.74609375,-87.77336000,-82.66781000
4.74670410,-87.69099000,-68.25870000
4.74731445,-88.77679000,-64.96863000
4.74792480,-93.62710000,-68.07133000
4.74853516,-94.07897000,-74.36517000
4.74914551,-89.36279000,-84.34332000
4.74975586,-88.24942000,-69.49196000
4.75036621,-97.06677000,-69.62895000
4.75097656,-95.38551000,-72.77376000
4.75158691,-86.93772000,-78.11744000
4.75219727,-85.58476000,-81.18211000
4.75280762,-88.20552000,-74.86555000
4.75341797,-90.51920000,-71.22611000
4.75402832,-94.79495000,-72.64617000
4.75463867,-98.38582000,-83.12989000
4.75524902,-90.92581000,-81.82339000
4.75585938,-87.11356000,-78.69658000
4.75646973,-86.91199000,-84.34048000
4.75708008,-90.87279000,-87.17778000
4.75769043,-89.72472000,-76.59939000
4.75830078,-90.11147000,-71.20135000
4.75891113,-104.15850000,-72.90741000
4.75952148,-88.65648000,-77.33923000
4.76013184,-87.69116000,-72.77641000
4.76074219,-88.72847000,-74.03558000
4.76135254,-87.46156000,-79.60527000
4.76196289,-94.23672000,-72.68681000
4.76257324,-96.45016000,-69.50604000
4.76318359,-93.23401000,-70.19418000
4.76379395,-95.56320000,-72.65469000
4.76440430,-90.04101000,-75.49065000
4.76501465,-89.35098000,-74.29981000
4.76562500,-93.50799000,-71.39085000
4.76623535,-89.44886000,-74.61389000
4.76684570,-88.80420000,-74.06150000
4.76745605,-102.78570000,-69.43819000
4.76806641,-94.71928000,-66.98859000
4.76867676,-95.64075000,-67.11035000
4.76928711,-99.63924000,-67.98885000
4.76989746,-96.89932000,-68.14837000
4.77050781,-95.16274000,-70.71553000
4.77111816,-93.26293000,-72.95174000
4.77172852,-91.63934000,-75.60405000
4.77233887,-89.09616000,-74.56252000
4.77294922,-77.42061000,-67.80969000
4.77355957,-70.62907000,-67.49783000
4.77416992,-71.76077000,-71.38020000
4.77478027,-82.01418000,-75.16848000
4.77539063,-103.77300000,-84.88061000
4.77600098,-97.79510000,-86.62917000
4.77661133,-92.49510000,-103.58780000
4.77722168,-95.86009000,-77.06717000
4.77783203,-101.65920000,-72.15299000
4.77844238,-96.86635000,-72.64617000
4.77905273,-99.41200000,-78.58561000
4.77966309,-91.94581000,-87.52229000
4.78027344,-88.07755000,-79.68068000
4.78088379,-88.01660000,-80.58357000
4.78149414,-91.09931000,-75.84955000
4.78210449,-92.91419000,-71.88121000
4.78271484,-92.17957000,-69.33737000
4.78332520,-93.16483000,-69.13758000
4.78393555,-103.28640000,-80.82495000
4.78454590,-92.01631000,-74.39790000
4.78515625,-86.35431000,-72.79033000
4.78576660,-86.09581000,-77.52003000
4.78637695,-93.77990000,-76.29692000
4.78698730,-104.66800000,-70.56212000
4.78759766,-100.23860000,-72.43674000
4.78820801,-95.69295000,-74.99765000
4.78881836,-94.16447000,-78.94220000
4.78942871,-90.17705000,-75.56216000
4.79003906,-88.69701000,-75.84067000
4.79064941,-89.05709000,-84.15869000
4.79125977,-88.09526000,-78.40414000
4.79187012,-89.11940000,-74.46632000
4.79248047,-92.78310000,-77.09004000
4.79309082,-102.97160000,-89.23804000
4.79370117,-94.12424000,-84.79683000
4.79431152,-92.05457000,-76.25571000
4.79492188,-90.40313000,-74.07329000
4.79553223,-89.36608000,-77.32604000
4.79614258,-100.56980000,-99.12744000
4.79675293,-96.89816000,-79.23957000
4.79736328,-97.03119000,-83.72764000
4.79797363,-91.19049000,-77.14763000
4.79858398,-91.79025000,-70.17091000
4.79919434,-87.77959000,-71.04913000
4.79980469,-91.73832000,-74.04796000
4.80041504,-108.98100000,-72.96777000
4.80102539,-102.09110000,-72.27063000
4.80163574,-101.67400000,-74.84637000
4.80224609,-95.79816000,-74.60621000
4.80285645,-91.72165000,-78.74084000
4.80346680,-83.14070000,-79.17847000
4.80407715,-85.45253000,-72.98952000
4.80468750,-101.08340000,-72.22986000
4.80529785,-99.85323000,-72.03241000
4.80590820,-96.13251000,-79.81671000
4.80651855,-93.74086000,-77.12660000
4.80712891,-91.68068000,-76.91737000
4.80773926,-93.99237000,-110.21330000
4.80834961,-102.33220000,-79.91187000
4.80895996,-98.77793000,-72.08152000
4.80957031,-93.37592000,-69.03289000
4.81018066,-95.48097000,-90.24040000
4.81079102,-99.39882000,-70.79183000
4.81140137,-93.11182000,-74.58612000
4.81201172,-90.16893000,-85.04163000
4.81262207,-96.68098000,-72.89994000
4.81323242,-102.17330000,-69.84447000
4.81384277,-93.29008000,-73.44504000
4.81445313,-96.33865000,-79.12166000
4.81506348,-99.00941000,-73.21653000
4.81567383,-97.45576000,-70.75133000
4.81628418,-95.27164000,-76.04584000
4.81689453,-91.93532000,-81.31028000
4.81750488,-90.56260000,-77.01731000
4.81811523,-102.62670000,-72.36806000
4.81872559,-89.42366000,-71.40569000
4.81933594,-84.80661000,-72.67539000
4.81994629,-87.68581000,-75.07491000
4.82055664,-102.95580000,-75.32011000
4.82116699,-90.54722000,-71.76250000
4.82177734,-99.28065000,-79.69775000
4.82238770,-97.78705000,-90.91205000
4.82299805,-105.43650000,-83.19785000
4.82360840,-88.58239000,-72.68720000
4.82421875,-85.42763000,-69.37275000
4.82482910,-89.47858000,-71.18543000
4.82543945,-92.09393000,-75.61137000
4.82604980,-88.84159000,-83.40321000
4.82666016,-86.22398000,-79.83351000
4.82727051,-90.06897000,-71.46982000
4.82788086,-101.71820000,-75.86180000
4.82849121,-97.67387000,-78.11349000
4.82910156,-93.20139000,-82.21587000
4.82971191,-91.59119000,-76.66559000
4.83032227,-91.68242000,-79.66587000
4.83093262,-90.22322000,-77.42143000
4.83154297,-88.14378000,-71.54243000
4.83215332,-87.74257000,-78.87528000
4.83276367,-98.29459000,-81.76960000
4.83337402,-78.59973000,-76.86426000
4.83398438,-76.19276000,-74.46174000
4.83459473,-83.51059000,-81.46775000
4.83520508,-107.62010000,-76.84613000
4.83581543,-91.36923000,-71.13869000
4.83642578,-90.48631000,-77.66824000
4.83703613,-93.44138000,-75.77121000
4.83764648,-90.04390000,-88.23719000
4.83825684,-91.13365000,-81.10342000
4.83886719,-95.99069000,-89.87593000
4.83947754,-99.58457000,-77.54779000
4.84008789,-108.93990000,-75.19653000
4.84069824,-106.96550000,-76.63834000
4.84130859,-102.61690000,-80.73695000
4.84191895,-91.92181000,-87.18192000
4.84252930,-91.94048000,-83.04817000
4.84313965,-94.37447000,-78.35582000
4.84375000,-95.00502000,-82.73145000
4.84436035,-97.81866000,-80.54222000
4.84497070,-106.83790000,-81.67312000
4.84558105,-90.91987000,-76.63583000
4.84619141,-89.82722000,-78.46449000
4.84680176,-93.89212000,-74.24022000
4.84741211,-97.74995000,-75.01949000
4.84802246,-96.87293000,-80.10184000
4.84863281,-94.71281000,-78.83630000
4.84924316,-87.71164000,-79.33267000
4.84985352,-85.73798000,-78.70408000
4.85046387,-90.26869000,-72.18587000
4.85107422,-96.02237000,-80.76480000
4.85168457,-88.94180000,-84.97444000
4.85229492,-89.02043000,-72.54439000
4.85290527,-105.50280000,-67.32060000
4.85351563,-89.42779000,-67.34286000
4.85412598,-85.23090000,-70.43478000
4.85473633,-85.36407000,-72.09865000
4.85534668,-89.98242000,-68.33865000
4.85595703,-104.08350000,-70.20259000
4.85656738,-91.91375000,-96.39240000
4.85717773,-90.31233000,-75.18824000
4.85778809,-92.17731000,-76.28503000
4.85839844,-93.59717000,-77.06320000
4.85900879,-92.23280000,-85.27011000
4.85961914,-86.25464000,-75.93051000
4.86022949,-84.59093000,-71.78432000
4.86083984,-87.94658000,-68.49879000
4.86145020,-91.40937000,-68.91496000
4.86206055,-97.14180000,-80.73350000
4.86267090,-110.41210000,-80.01309000
4.86328125,-85.92416000,-79.84248000
4.86389160,-82.08833000,-75.31341000
4.86450195,-89.44527000,-75.74567000
4.86511230,-108.70330000,-84.44439000
4.86572266,-102.65400000,-77.40100000
4.86633301,-98.65320000,-74.71244000
4.86694336,-102.29660000,-73.76618000
4.86755371,-93.74061000,-69.46596000
4.86816406,-89.57338000,-69.17003000
4.86877441,-90.12454000,-71.46952000
4.86938477,-90.07141000,-75.64532000
4.86999512,-95.39276000,-73.92092000
4.87060547,-99.32915000,-71.72935000
4.87121582,-93.80522000,-70.86238000
4.87182617,-98.54213000,-70.70973000
4.87243652,-103.24500000,-70.14252000
4.87304688,-92.18886000,-70.46282000
4.87365723,-96.97462000,-74.57696000
4.87426758,-97.30345000,-78.26741000
4.87487793,-89.69682000,-76.33737000
4.87548828,-89.42829000,-73.71570000
4.87609863,-98.01568000,-74.59605000
4.87670898,-96.08426000,-88.20515000
4.87731934,-88.86317000,-75.65741000
4.87792969,-88.56326000,-71.95720000
4.87854004,-92.10223000,-73.22642000
4.87915039,-93.39118000,-75.34009000
4.87976074,-89.10004000,-81.79456000
4.88037109,-86.78611000,-81.35490000
4.88098145,-90.17960000,-81.86776000
4.88159180,-97.53712000,-78.54634000
4.88220215,-92.16949000,-82.04612000
4.88281250,-91.58412000,-75.35287000
4.88342285,-93.13399000,-71.90696000
4.88403320,-100.84240000,-75.57735000
4.88464355,-92.34793000,-74.50396000
4.88525391,-88.10555000,-76.10347000
4.88586426,-86.23309000,-75.90421000
4.88647461,-86.12408000,-70.67276000
4.88708496,-88.11095000,-69.29092000
4.88769531,-91.63375000,-71.98966000
4.88830566,-97.53707000,-75.44938000
4.88891602,-85.84935000,-81.39686000
4.88952637,-86.76820000,-82.28271000
4.89013672,-92.15434000,-77.80742000
4.89074707,-94.52531000,-80.08094000
4.89135742,-93.42156000,-77.07909000
4.89196777,-95.20781000,-71.67274000
4.89257813,-96.08823000,-72.71489000
4.89318848,-80.78798000,-76.33469000
4.89379883,-77.65344000,-69.57175000
4.89440918,-84.93953000,-70.78532000
4.89501953,-94.03260000,-71.75533000
4.89562988,-92.30404000,-81.82994000
4.89624023,-92.04876000,-91.93967000
4.89685059,-88.66264000,-81.74211000
4.89746094,-89.10426000,-75.48802000
4.89807129,-92.31476000,-73.99003000
4.89868164,-90.28184000,-81.00107000
4.89929199,-86.30978000,-84.79733000
4.89990234,-87.96497000,-79.68990000
4.90051270,-97.91088000,-77.62816000
4.90112305,-121.13380000,-75.25544000
4.90173340,-99.90784000,-72.26096000
4.90234375,-96.99973000,-75.14966000
4.90295410,-134.01410000,-82.97084000
4.90356445,-102.61710000,-77.04798000
4.90417480,-93.15169000,-70.75999000
4.90478516,-88.93358000,-72.13617000
4.90539551,-86.64628000,-76.15083000
4.90600586,-87.51832000,-70.59853000
4.90661621,-93.64050000,-70.03004000
4.90722656,-98.35618000,-74.62379000
4.90783691,-98.58328000,-80.94291000
4.90844727,-98.46554000,-82.61661000
4.90905762,-98.78300000,-80.62097000
4.90966797,-108.66560000,-79.18468000
4.91027832,-95.57805000,-74.65045000
4.91088867,-92.02847000,-74.57082000
4.91149902,-89.62264000,-79.76765000
4.91210938,-94.15745000,-77.03873000
4.91271973,-98.38378000,-70.71523000
4.91333008,-93.79398000,-66.79562000
4.91394043,-98.59505000,-67.61945000
4.91455078,-96.88088000,-72.65355000
4.91516113,-89.68429000,-87.68103000
4.91577148,-84.73016000,-75.76008000
4.91638184,-83.75195000,-70.12392000
4.91699219,-90.83801000,-69.10730000
4.91760254,-94.88579000,-71.21912000
4.91821289,-88.80566000,-74.29547000
4.91882324,-88.76985000,-72.44358000
4.91943359,-91.90659000,-76.31928000
4.92004395,-103.17140000,-73.47422000
4.92065430,-91.14361000,-69.19257000
4.92126465,-90.22321000,-69.27646000
4.92187500,-105.46280000,-78.17950000
4.92248535,-91.95103000,-85.94215000
4.92309570,-93.31962000,-80.19828000
4.92370605,-86.66576000,-70.51027000
4.92431641,-91.11652000,-71.42540000
4.92492676,-96.02361000,-79.98061000
4.92553711,-85.95264000,-86.25468000
4.92614746,-85.15413000,-81.21028000
4.92675781,-90.31102000,-75.72591000
4.92736816,-106.94080000,-72.55106000
4.92797852,-96.00594000,-84.20615000
4.92858887,-92.74576000,-69.36867000
4.92919922,-90.17445000,-73.58057000
4.92980957,-89.80264000,-79.03961000
4.93041992,-91.64897000,-69.08648000
4.93103027,-100.48610000,-68.00914000
4.93164063,-93.64921000,-76.90795000
4.93225098,-94.10956000,-81.93280000
4.93286133,-105.27360000,-71.27759000
4.93347168,-97.41520000,-73.02718000
4.93408203,-96.03659000,-76.45058000
4.93469238,-96.19833000,-68.91196000
4.93530273,-90.24766000,-70.90402000
4.93591309,-97.53528000,-72.44718000
4.93652344,-91.47734000,-71.63019000
4.93713379,-93.57456000,-71.44196000
4.93774414,-99.29323000,-69.95039000
4.93835449,-94.48989000,-73.05289000
4.93896484,-102.68860000,-77.56409000
4.93957520,-96.31108000,-80.87205000
4.94018555,-95.45361000,-77.77596000
4.94079590,-101.40300000,-70.96339000
4.94140625,-99.57719000,-74.30924000
4.94201660,-93.34955000,-84.05357000
4.94262695,-94.16031000,-76.82832000
4.94323730,-111.33150000,-74.58929000
4.94384766,-103.74920000,-71.46359000
4.94445801,-98.24812000,-74.79731000
4.94506836,-87.97576000,-76.19910000
4.94567871,-85.34846000,-69.38741000
4.94628906,-87.05392000,-72.33820000
4.94689941,-89.87175000,-77.73345000
4.94750977,-96.36276000,-82.70383000
4.94812012,-96.74023000,-76.41628000
4.94873047,-96.72926000,-71.93647000
4.94934082,-98.52481000,-71.01770000
4.94995117,-90.66924000,-70.09100000
4.95056152,-88.07065000,-69.10002000
4.95117188,-91.63573000,-68.34054000
4.95178223,-105.59160000,-71.71500000
4.95239258,-90.92227000,-72.85359000
4.95300293,-84.57951000,-67.79919000
4.95361328,-80.78665000,-69.82803000
4.95422363,-82.94600000,-78.50452000
4.95483398,-96.21728000,-70.83997000
4.95544434,-89.84829000,-72.89811000
4.95605469,-86.82740000,-77.48411000
4.95666504,-93.21184000,-71.14520000
4.95727539,-102.33760000,-71.24362000
4.95788574,-104.51700000,-81.21040000
4.95849609,-100.23490000,-84.84567000
4.95910645,-96.81599000,-80.52337000
4.95971680,-93.85456000,-75.64190000
4.96032715,-89.10625000,-74.96770000
4.96093750,-90.64172000,-71.72171000
4.96154785,-99.54269000,-76.02393000
4.96215820,-95.81768000,-73.02548000
4.96276855,-92.07428000,-70.12691000
4.96337891,-92.26322000,-69.97781000
4.96398926,-101.58990000,-71.80330000
4.96459961,-98.11264000,-77.10166000
4.96520996,-92.25836000,-74.66154000
4.96582031,-91.11012000,-71.07449000
4.96643066,-96.44184000,-74.76833000
4.96704102,-89.68174000,-82.68384000
4.96765137,-90.59526000,-75.16886000
4.96826172,-92.18651000,-67.86332000
4.96887207,-90.86436000,-71.35497000
4.96948242,-96.99332000,-90.74423000
4.97009277,-98.17488000,-72.67285000
4.97070313,-93.21938000,-70.44785000
4.97131348,-100.03620000,-77.19339000
4.97192383,-90.51533000,-91.69267000
4.97253418,-93.62534000,-83.14774000
4.97314453,-93.78157000,-73.98169000
4.97375488,-90.64605000,-71.91418000
4.97436523,-93.49964000,-75.79063000
4.97497559,-89.83880000,-74.27189000
4.97558594,-87.98111000,-75.91351000
4.97619629,-90.21606000,-70.44650000
4.97680664,-98.07065000,-66.56280000
4.97741699,-94.94114000,-67.48055000
4.97802734,-94.57383000,-68.71941000
4.97863770,-99.47638000,-69.96075000
4.97924805,-101.88440000,-80.24156000
4.97985840,-95.05325000,-82.27330000
4.98046875,-99.16154000,-81.49712000
4.98107910,-97.19553000,-72.92008000
4.98168945,-90.81981000,-77.46288000
4.98229980,-93.58989000,-75.23003000
4.98291016,-98.50246000,-70.91257000
4.98352051,-84.94323000,-71.26360000
4.98413086,-83.28889000,-75.44873000
4.98474121,-88.15284000,-81.71832000
4.98535156,-98.31567000,-85.83534000
4.98596191,-91.58778000,-75.14120000
4.98657227,-93.16205000,-75.47749000
4.98718262,-99.06738000,-82.21768000
4.98779297,-92.59514000,-82.05119000
4.98840332,-98.94760000,-79.74194000
4.98901367,-102.14420000,-86.97136000
4.98962402,-102.34870000,-78.89406000
4.99023438,-90.37923000,-73.20725000
4.99084473,-91.31721000,-72.49333000
4.99145508,-99.73640000,-75.34377000
4.99206543,-105.92900000,-81.02379000
4.99267578,-99.26259000,-85.37322000
4.99328613,-89.34868000,-76.51862000
4.99389648,-87.27338000,-74.14066000
4.99450684,-93.40813000,-77.79507000
4.99511719,-96.09392000,-80.36906000
4.99572754,-89.33570000,-86.31119000
4.99633789,-88.64440000,-87.67155000
4.99694824,-91.78877000,-79.70143000
4.99755859,-92.44374000,-79.80818000
4.99816895,-97.11057000,-74.61948000
4.99877930,-94.93377000,-72.75533000
4.99938965,-86.31171000,-85.25281000
5.00000000,-85.81719000,-78.00401000
5.00061035,-89.89084000,-76.47978000
5.00122070,-99.27977000,-81.47164000
5.00183105,-98.40277000,-96.17425000
5.00244141,-90.39555000,-76.96287000
5.00305176,-90.69794000,-74.51215000
5.00366211,-96.19004000,-81.30595000
5.00427246,-98.98515000,-78.52528000
5.00488281,-98.86514000,-74.57764000
5.00549316,-93.60228000,-74.32255000
5.00610352,-86.50716000,-80.56752000
5.00671387,-88.00562000,-78.46787000
5.00732422,-95.20466000,-78.30896000
5.00793457,-86.29871000,-83.35352000
5.00854492,-86.99400000,-82.00853000
5.00915527,-96.21639000,-77.10029000
5.00976563,-90.97787000,-74.14908000
5.01037598,-89.47343000,-73.37299000
5.01098633,-90.94496000,-79.18763000
5.01159668,-92.70570000,-81.21849000
5.01220703,-91.61877000,-85.40247000
5.01281738,-84.37241000,-85.63132000
5.01342773,-76.71257000,-71.32657000
5.01403809,-76.74719000,-69.89709000
5.01464844,-88.01056000,-79.97311000
5.01525879,-94.11385000,-76.85216000
5.01586914,-93.64292000,-74.88692000
5.01647949,-98.69514000,-76.64566000
5.01708984,-94.29773000,-76.16658000
5.01770020,-98.75883000,-78.95275000
5.01831055,-103.21810000,-76.70855000
5.01892090,-97.63538000,-85.80498000
5.01953125,-93.30230000,-93.78658000
5.02014160,-111.51070000,-75.38879000
5.02075195,-102.25310000,-75.40442000
5.02136230,-95.20039000,-79.11192000
5.02197266,-96.41598000,-87.19640000
5.02258301,-94.68163000,-74.46670000
5.02319336,-92.47443000,-73.41490000
5.02380371,-86.93948000,-92.81784000
5.02441406,-89.23828000,-77.23946000
5.02502441,-99.80271000,-73.29945000
5.02563477,-100.96430000,-84.04842000
5.02624512,-89.45045000,-72.50146000
5.02685547,-88.58032000,-69.41912000
5.02746582,-95.13992000,-71.17638000
5.02807617,-90.63956000,-73.25552000
5.02868652,-85.83647000,-78.11316000
5.02929688,-87.52270000,-75.35674000
5.02990723,-94.82314000,-78.98206000
5.03051758,-107.04200000,-75.18034000
5.03112793,-93.12302000,-70.62502000
5.03173828,-91.50677000,-73.46925000
5.03234863,-93.06579000,-84.03737000
5.03295898,-93.47160000,-80.20149000
5.03356934,-92.07271000,-70.81448000
5.03417969,-91.36423000,-71.19037000
5.03479004,-93.45860000,-80.71819000
5.03540039,-96.79703000,-71.94690000
5.03601074,-92.51095000,-67.82266000
5.03662109,-98.78991000,-72.79343000
5.03723145,-96.10116000,-75.40368000
5.03784180,-92.60418000,-75.06590000
5.03845215,-94.84940000,-74.84431000
5.03906250,-93.49342000,-74.45793000
5.03967285,-94.21276000,-84.66598000
5.04028320,-95.57545000,-74.92028000
5.04089355,-98.78313000,-77.91264000
5.04150391,-95.06395000,-92.39586000
5.04211426,-95.99603000,-80.39723000
5.04272461,-87.83230000,-73.84894000
5.04333496,-81.60048000,-69.93288000
5.04394531,-81.17548000,-70.72240000
5.04455566,-86.22591000,-73.68669000
5.04516602,-94.51336000,-80.55478000
5.04577637,-93.72809000,-72.25702000
5.04638672,-91.24838000,-77.30713000
5.04699707,-90.78247000,-78.85179000
5.04760742,-103.57050000,-86.73227000
5.04821777,-88.58875000,-85.74068000
5.04882813,-83.79632000,-81.27460000
5.04943848,-83.81885000,-85.60429000
5.05004883,-87.10226000,-74.17046000
5.05065918,-102.70240000,-69.58103000
5.05126953,-93.96858000,-71.50083000
5.05187988,-90.25620000,-78.69135000
5.05249023,-88.14954000,-84.85423000
5.05310059,-89.63676000,-75.24823000
5.05371094,-92.03521000,-74.49477000
5.05432129,-92.94214000,-74.04678000
5.05493164,-94.55628000,-71.92058000
5.05554199,-93.78669000,-73.45557000
5.05615234,-94.68265000,-74.42113000
5.05676270,-100.79360000,-71.47536000
5.05737305,-101.88540000,-81.62502000
5.05798340,-94.23629000,-79.32969000
5.05859375,-95.66875000,-84.94516000
5.05920410,-102.65180000,-72.14110000
5.05981445,-95.93304000,-72.09624000
5.06042480,-90.48377000,-78.47353000
5.06103516,-88.47016000,-79.58987000
5.06164551,-91.14368000,-73.14821000
5.06225586,-97.23918000,-76.17479000
5.06286621,-132.70800000,-75.74570000
5.06347656,-116.74490000,-71.74289000
5.06408691,-97.87779000,-73.70820000
5.06469727,-89.63919000,-77.24299000
5.06530762,-85.75108000,-75.20869000
5.06591797,-83.22897000,-76.02359000
5.06652832,-83.69841000,-76.06158000
5.06713867,-88.07420000,-72.77313000
5.06774902,-96.44974000,-74.64326000
5.06835938,-97.58926000,-82.16843000
5.06896973,-88.15009000,-71.52345000
5.06958008,-89.68018000,-69.87292000
5.07019043,-92.06544000,-73.59778000
5.07080078,-89.75114000,-75.15086000
5.07141113,-91.91315000,-75.98706000
5.07202148,-97.29396000,-78.59842000
5.07263184,-103.79860000,-78.95263000
5.07324219,-86.07041000,-76.93630000
5.07385254,-82.71290000,-77.94190000
5.07446289,-88.84644000,-79.08333000
5.07507324,-98.25771000,-70.80159000
5.07568359,-97.30249000,-70.49232000
5.07629395,-100.40920000,-70.39944000
5.07690430,-106.23310000,-72.21741000
5.07751465,-94.36919000,-72.99289000
5.07812500,-91.16635000,-75.60629000
5.07873535,-95.04776000,-79.03481000
5.07934570,-98.68008000,-77.83639000
5.07995605,-95.76035000,-78.25233000
5.08056641,-95.26623000,-78.20218000
5.08117676,-94.14366000,-72.30305000
5.08178711,-99.90013000,-70.41393000
5.08239746,-95.77735000,-71.37727000
5.08300781,-88.44636000,-76.54639000
5.08361816,-85.26160000,-76.18095000
5.08422852,-87.37046000,-72.97113000
5.08483887,-93.84812000,-82.03824000
5.08544922,-103.39870000,-80.47982000
5.08605957,-103.08330000,-80.78392000
5.08666992,-93.77267000,-74.95800000
5.08728027,-92.52477000,-71.40979000
5.08789063,-94.31194000,-69.29163000
5.08850098,-90.95079000,-73.90173000
5.08911133,-92.72098000,-84.59938000
5.08972168,-100.40740000,-77.76311000
5.09033203,-99.61406000,-76.33514000
5.09094238,-93.71825000,-76.47189000
5.09155273,-96.84645000,-83.53439000
5.09216309,-93.04025000,-101.53370000
5.09277344,-106.28520000,-91.02095000
5.09338379,-104.91730000,-76.60485000
5.09399414,-116.53100000,-73.44511000
5.09460449,-106.23840000,-78.00047000
5.09521484,-93.86604000,-78.29395000
5.09582520,-89.74818000,-72.62257000
5.09643555,-89.55952000,-71.54291000
5.09704590,-91.81503000,-70.10893000
5.09765625,-97.99567000,-72.85986000
5.09826660,-92.01969000,-78.08018000
5.09887695,-92.43682000,-84.75426000
5.09948730,-89.06951000,-75.50188000
5.10009766,-87.98920000,-72.18507000
5.10070801,-92.54312000,-77.04066000
5.10131836,-108.90230000,-78.51283000
5.10192871,-100.37130000,-78.63338000
5.10253906,-99.71182000,-70.06505000
5.10314941,-91.95056000,-69.55366000
5.10375977,-84.11903000,-77.42326000
5.10437012,-85.81405000,-80.98529000
5.10498047,-92.19658000,-83.78181000
5.10559082,-93.29993000,-79.83882000
5.10620117,-92.12124000,-79.08957000
5.10681152,-90.57254000,-75.13932000
5.10742188,-88.72807000,-73.16818000
5.10803223,-91.71205000,-70.96160000
5.10864258,-89.74939000,-69.72426000
5.10925293,-88.25618000,-72.88489000
5.10986328,-89.72269000,-78.92088000
5.11047363,-99.76350000,-75.41328000
5.11108398,-95.28140000,-71.39528000
5.11169434,-88.24982000,-83.69089000
5.11230469,-86.65414000,-83.94553000
5.11291504,-94.31031000,-73.46704000
5.11352539,-103.14670000,-73.23081000
5.11413574,-101.08980000,-85.47182000
5.11474609,-93.04012000,-71.61012000
5.11535645,-88.53645000,-72.20000000
5.11596680,-94.69333000,-73.89030000
5.11657715,-97.69711000,-74.36639000
5.11718750,-90.56934000,-76.60957000
5.11779785,-88.93708000,-85.99327000
5.11840820,-90.23045000,-79.44332000
5.11901855,-93.51264000,-85.69951000
5.11962891,-98.37518000,-76.61518000
5.12023926,-96.65826000,-76.80086000
5.12084961,-93.49889000,-82.90614000
5.12145996,-91.40582000,-87.29717000
5.12207031,-94.74883000,-86.59371000
5.12268066,-106.70500000,-69.05991000
5.12329102,-99.74113000,-65.26750000
5.12390137,-94.63593000,-71.55430000
5.12451172,-91.95239000,-76.38914000
5.12512207,-89.85136000,-71.48791000
5.12573242,-89.25747000,-74.14870000
5.12634277,-92.15530000,-80.69653000
5.12695313,-110.99780000,-76.73991000
5.12756348,-100.88740000,-72.13409000
5.12817383,-94.78016000,-77.85565000
5.12878418,-92.95803000,-79.97363000
5.12939453,-92.93198000,-71.39018000
5.13000488,-91.31416000,-78.36427000
5.13061523,-95.12415000,-70.11916000
5.13122559,-93.74406000,-67.29305000
5.13183594,-95.61353000,-74.29926000
5.13244629,-94.68793000,-76.28166000
5.13305664,-84.10606000,-87.24083000
5.13366699,-79.35805000,-80.72336000
5.13427734,-83.12070000,-94.59435000
5.13488770,-96.38482000,-80.32190000
5.13549805,-96.34573000,-71.32413000
5.13610840,-98.31891000,-72.40039000
5.13671875,-93.04887000,-75.87252000
5.13732910,-98.17817000,-75.73970000
5.13793945,-89.38737000,-86.70164000
5.13854980,-86.50498000,-79.88155000
5.13916016,-87.81033000,-77.00308000
5.13977051,-92.14429000,-72.41022000
5.14038086,-106.21240000,-74.71613000
5.14099121,-96.73946000,-76.68665000
5.14160156,-111.56680000,-79.42992000
5.14221191,-97.73690000,-77.91637000
5.14282227,-89.96458000,-78.16068000
5.14343262,-90.73100000,-79.65950000
5.14404297,-94.83713000,-73.73961000
5.14465332,-90.63595000,-71.83817000
5.14526367,-87.40974000,-73.01499000
5.14587402,-87.10804000,-70.41518000
5.14648438,-90.02987000,-88.36894000
5.14709473,-105.66690000,-72.90643000
5.14770508,-100.67110000,-70.39999000
5.14831543,-102.09730000,-75.81009000
5.14892578,-93.31978000,-86.05488000
5.14953613,-89.02213000,-88.10478000
5.15014648,-89.42288000,-82.58094000
5.15075684,-93.27969000,-82.32114000
5.15136719,-93.90373000,-85.65793000
5.15197754,-85.58000000,-72.77160000
5.15258789,-85.74854000,-74.07853000
5.15319824,-93.11538000,-78.83079000
5.15380859,-95.28648000,-74.37507000
5.15441895,-95.74953000,-82.79392000
5.15502930,-101.01980000,-78.45361000
5.15563965,-95.63182000,-80.77037000
5.15625000,-98.69109000,-96.46802000
5.15686035,-94.31459000,-79.31911000
5.15747070,-93.53344000,-74.06608000
5.15808105,-89.47375000,-73.59348000
5.15869141,-88.71400000,-73.26888000
5.15930176,-94.59740000,-73.02711000
5.15991211,-103.62520000,-73.80241000
5.16052246,-101.29930000,-69.82000000
5.16113281,-91.16592000,-67.79715000
5.16174316,-90.96561000,-72.22411000
5.16235352,-95.65086000,-88.32257000
5.16296387,-92.76663000,-71.86414000
5.16357422,-85.63203000,-69.27168000
5.16418457,-85.88314000,-72.55715000
5.16479492,-93.24286000,-74.44788000
5.16540527,-93.78374000,-72.33392000
5.16601563,-94.75890000,-72.21143000
5.16662598,-100.04120000,-69.94084000
5.16723633,-98.71861000,-71.31613000
5.16784668,-104.02560000,-84.49982000
5.16845703,-94.62788000,-77.15205000
5.16906738,-96.48813000,-72.47861000
5.16967773,-99.26400000,-72.30641000
5.17028809,-108.29040000,-76.48948000
5.17089844,-96.70992000,-74.99318000
5.17150879,-91.24963000,-83.06180000
5.17211914,-87.26398000,-92.58720000
5.17272949,-87.22346000,-74.91225000
5.17333984,-88.99663000,-73.41237000
5.17395020,-90.65662000,-72.51794000
5.17456055,-95.94598000,-69.00337000
5.17517090,-97.02119000,-76.78812000
5.17578125,-92.17510000,-81.83643000
5.17639160,-94.21493000,-76.84055000
5.17700195,-92.83848000,-77.68225000
5.17761230,-92.52740000,-79.96006000
5.17822266,-92.49642000,-79.88172000
5.17883301,-92.66639000,-82.24078000
5.17944336,-89.73381000,-73.78941000
5.18005371,-88.28374000,-72.00464000
5.18066406,-95.62173000,-79.48032000
5.18127441,-108.15370000,-75.98508000
5.18188477,-99.48329000,-77.20386000
5.18249512,-93.21097000,-78.31659000
5.18310547,-90.41624000,-83.81672000
5.18371582,-89.69862000,-79.49746000
5.18432617,-94.90874000,-76.76474000
5.18493652,-104.66680000,-92.03204000
5.18554688,-100.71070000,-96.23935000
5.18615723,-98.06256000,-80.72816000
5.18676758,-96.92516000,-74.00420000
5.18737793,-95.29225000,-74.00384000
5.18798828,-89.84705000,-74.28216000
5.18859863,-85.35925000,-72.47092000
5.18920898,-85.09090000,-72.45851000
5.18981934,-90.90702000,-70.15658000
5.19042969,-95.77324000,-71.39342000
5.19104004,-95.46627000,-95.00846000
5.19165039,-103.12630000,-74.44190000
5.19226074,-102.60970000,-71.98402000
5.19287109,-88.31190000,-76.88147000
5.19348145,-79.30727000,-75.97616000
5.19409180,-79.76855000,-70.04369000
5.19470215,-90.70416000,-73.53818000
5.19531250,-89.97672000,-96.53744000
5.19592285,-92.36629000,-86.72565000
5.19653320,-97.01656000,-72.93244000
5.19714355,-94.37774000,-72.62678000
5.19775391,-101.80360000,-72.75447000
5.19836426,-94.39577000,-72.32825000
5.19897461,-90.73910000,-86.88454000
5.19958496,-89.62003000,-76.32863000
5.20019531,-92.37050000,-69.32822000
5.20080566,-92.17842000,-71.27069000
5.20141602,-95.37872000,-87.88794000
5.20202637,-93.42160000,-74.03491000
5.20263672,-91.97427000,-71.71497000
5.20324707,-106.02760000,-70.06772000
5.20385742,-93.82558000,-69.87056000
5.20446777,-91.40063000,-74.71938000
5.20507813,-92.57422000,-79.30065000
5.20568848,-90.31968000,-77.63106000
5.20629883,-88.03534000,-80.87762000
5.20690918,-90.30161000,-86.40481000
5.20751953,-93.64070000,-82.02818000
5.20812988,-92.02020000,-81.36983000
5.20874023,-89.75387000,-88.31197000
5.20935059,-92.82776000,-74.78746000
5.20996094,-92.88734000,-71.60411000
5.21057129,-86.96564000,-70.48964000
5.21118164,-90.09330000,-68.52302000
5.21179199,-94.84105000,-68.03857000
5.21240234,-93.02103000,-72.19630000
5.21301270,-95.07146000,-82.36241000
5.21362305,-95.96851000,-77.59081000
5.21423340,-92.56876000,-77.54057000
5.21484375,-91.06549000,-80.88136000
5.21545410,-92.70809000,-79.87327000
5.21606445,-88.17802000,-76.06441000
5.21667480,-91.57471000,-76.50357000
5.21728516,-105.48060000,-76.60333000
5.21789551,-91.79893000,-71.04874000
5.21850586,-97.08836000,-70.41731000
5.21911621,-100.36140000,-72.69326000
5.21972656,-106.26590000,-83.97227000
5.22033691,-95.57407000,-80.14892000
5.22094727,-92.22498000,-80.78047000
5.22155762,-95.55621000,-76.22209000
5.22216797,-94.30109000,-69.58668000
5.22277832,-100.23660000,-66.67657000
5.22338867,-90.75204000,-70.46771000
5.22399902,-90.51344000,-89.61270000
5.22460938,-107.69200000,-77.32591000
5.22521973,-95.94646000,-74.81342000
5.22583008,-102.81510000,-74.48779000
5.22644043,-93.84579000,-72.17896000
5.22705078,-91.75760000,-72.28343000
5.22766113,-98.32939000,-75.46116000
5.22827148,-97.88600000,-70.16702000
5.22888184,-91.32765000,-65.87531000
5.22949219,-90.80917000,-64.88768000
5.23010254,-91.38196000,-67.94103000
5.23071289,-90.59514000,-72.65113000
5.23132324,-88.50772000,-77.17561000
5.23193359,-88.05955000,-80.54164000
5.23254395,-93.33786000,-73.10032000
5.23315430,-102.25030000,-74.12302000
5.23376465,-89.64463000,-79.90208000
5.23437500,-89.33677000,-83.93884000
5.23498535,-86.38622000,-71.87433000
5.23559570,-87.12732000,-70.93517000
5.23620605,-91.04172000,-78.24943000
5.23681641,-99.35533000,-79.71402000
5.23742676,-98.92860000,-79.11599000
5.23803711,-100.87590000,-76.48221000
5.23864746,-98.01212000,-71.20230000
5.23925781,-95.35455000,-77.36383000
5.23986816,-98.74854000,-81.80439000
5.24047852,-90.60374000,-74.72493000
5.24108887,-91.30505000,-80.82335000
5.24169922,-97.64554000,-73.52126000
5.24230957,-93.49023000,-74.41545000
5.24291992,-91.73824000,-80.32803000
5.24353027,-98.24944000,-74.04067000
5.24414063,-95.19844000,-75.45918000
5.24475098,-102.21420000,-76.73191000
5.24536133,-94.25689000,-84.03145000
5.24597168,-90.58708000,-78.14769000
5.24658203,-96.25085000,-74.39459000
5.24719238,-105.37670000,-74.50332000
5.24780273,-106.50280000,-73.47414000
5.24841309,-102.99460000,-70.79453000
5.24902344,-92.21162000,-68.34290000
5.24963379,-89.45418000,-77.17070000
5.25024414,-83.03455000,-70.39122000
5.25085449,-90.66361000,-70.42976000
5.25146484,-95.84320000,-84.76089000
5.25207520,-91.73675000,-86.02667000
5.25268555,-100.92660000,-82.71155000
5.25329590,-84.10687000,-78.06560000
5.25390625,-80.41129000,-71.43219000
5.25451660,-86.63432000,-73.56023000
5.25512695,-98.05054000,-73.69398000
5.25573730,-98.80914000,-74.71903000
5.25634766,-88.98609000,-78.27539000
5.25695801,-85.63854000,-86.11021000
5.25756836,-91.50433000,-72.67007000
5.25817871,-107.16570000,-78.97325000
5.25878906,-92.69446000,-77.81352000
5.25939941,-90.14691000,-71.55238000
5.26000977,-92.46248000,-72.26672000
5.26062012,-110.34150000,-90.29910000
5.26123047,-94.44955000,-70.86271000
5.26184082,-91.39044000,-69.59318000
5.26245117,-86.62027000,-77.24614000
5.26306152,-86.87534000,-72.35924000
5.26367188,-91.99765000,-72.57064000
5.26428223,-91.06800000,-72.94074000
5.26489258,-89.20592000,-73.85973000
5.26550293,-95.99152000,-74.30869000
5.26611328,-90.08485000,-70.35378000
5.26672363,-90.96466000,-70.93924000
5.26733398,-97.22391000,-83.25394000
5.26794434,-88.93665000,-78.37607000
5.26855469,-88.51469000,-80.82668000
5.26916504,-97.64711000,-74.97618000
5.26977539,-92.95372000,-74.57711000
5.27038574,-91.38436000,-80.95230000
5.27099609,-94.62635000,-78.12437000
5.27160645,-92.07648000,-78.24762000
5.27221680,-88.32526000,-76.33503000
5.27282715,-97.17912000,-72.30300000
5.27343750,-89.68758000,-74.31747000
5.27404785,-93.14230000,-70.96198000
5.27465820,-92.26480000,-68.35841000
5.27526855,-85.92007000,-73.38604000
5.27587891,-87.38679000,-77.28385000
5.27648926,-93.88465000,-76.04263000
5.27709961,-108.75210000,-71.09602000
5.27770996,-91.68938000,-71.20564000
5.27832031,-89.15440000,-70.41154000
5.27893066,-92.66623000,-70.21867000
5.27954102,-90.24141000,-72.86780000
5.28015137,-91.79338000,-77.59559000
5.28076172,-99.34171000,-72.74574000
5.28137207,-92.53613000,-69.50968000
5.28198242,-88.75561000,-75.09998000
5.28259277,-87.37170000,-81.36834000
5.28320313,-93.22109000,-79.63299000
5.28381348,-93.12244000,-75.72466000
5.28442383,-92.16464000,-79.22591000
5.28503418,-90.04311000,-70.90366000
5.28564453,-91.06561000,-66.82565000
5.28625488,-88.62962000,-70.29140000
5.28686523,-88.58797000,-78.05964000
5.28747559,-92.48196000,-76.44803000
5.28808594,-104.74970000,-75.86656000
5.28869629,-101.26290000,-84.75655000
5.28930664,-94.72624000,-75.72069000
5.28991699,-91.18837000,-79.18893000
5.29052734,-89.08616000,-77.70300000
5.29113770,-90.45203000,-72.90128000
5.29174805,-94.40960000,-78.37949000
5.29235840,-90.82695000,-71.53536000
5.29296875,-87.06562000,-74.24995000
5.29357910,-89.18802000,-94.38996000
5.29418945,-101.65750000,-73.03000000
5.29479980,-96.53419000,-68.93295000
5.29541016,-94.86121000,-69.65640000
5.29602051,-97.57510000,-75.04008000
5.29663086,-99.79878000,-95.12406000
5.29724121,-92.08366000,-85.39633000
5.29785156,-87.85359000,-74.88715000
5.29846191,-85.95867000,-73.84396000
5.29907227,-86.89259000,-77.15697000
5.29968262,-87.36893000,-83.81942000
5.30029297,-88.92448000,-83.56613000
5.30090332,-92.00005000,-79.44693000
5.30151367,-97.47908000,-79.76584000
5.30212402,-93.39116000,-76.86909000
5.30273438,-95.02028000,-87.53081000
5.30334473,-90.50912000,-77.18827000
5.30395508,-90.04343000,-69.40840000
5.30456543,-93.28513000,-68.85594000
5.30517578,-94.68427000,-74.44554000
5.30578613,-89.67454000,-84.10350000
5.30639648,-91.95960000,-77.49642000
5.30700684,-99.17344000,-79.95879000
5.30761719,-96.13039000,-98.65131000
5.30822754,-92.82983000,-85.54028000
5.30883789,-93.08226000,-74.30147000
5.30944824,-90.46650000,-68.28651000
5.31005859,-90.13133000,-69.22492000
5.31066895,-93.99890000,-83.85699000
5.31127930,-98.12531000,-77.81517000
5.31188965,-93.31771000,-71.71350000
5.31250000,-102.51450000,-71.49408000
5.31311035,-80.82701000,-77.55919000
5.31372070,-76.37183000,-82.05237000
5.31433105,-81.85706000,-93.62144000
5.31494141,-91.17503000,-82.34081000
5.31555176,-91.91570000,-79.48688000
5.31616211,-93.03604000,-76.98900000
5.31677246,-97.43935000,-76.60889000
5.31738281,-92.31184000,-82.58911000
5.31799316,-90.20293000,-70.26418000
5.31860352,-87.09052000,-76.22523000
5.31921387,-88.13645000,-72.28407000
5.31982422,-92.15267000,-71.67869000
5.32043457,-99.76196000,-81.43898000
5.32104492,-98.63609000,-74.61939000
5.32165527,-93.27257000,-69.07155000
5.32226563,-88.29025000,-68.79289000
5.32287598,-88.68939000,-70.76025000
5.32348633,-86.62427000,-71.37769000
5.32409668,-89.42094000,-71.22195000
5.32470703,-95.45918000,-71.31689000
5.32531738,-94.47876000,-66.92304000
5.32592773,-92.61936000,-67.83437000
5.32653809,-94.62822000,-74.26630000
5.32714844,-100.00960000,-75.17134000
5.32775879,-102.38890000,-74.30598000
5.32836914,-102.63750000,-75.76517000
5.32897949,-103.45790000,-77.73368000
5.32958984,-105.33670000,-80.54851000
5.33020020,-101.26790000,-76.40928000
5.33081055,-89.26716000,-74.66626000
5.33142090,-87.31894000,-71.24355000
5.33203125,-93.84917000,-71.92500000
5.33264160,-92.54348000,-75.22195000
5.33325195,-91.08490000,-72.62561000
5.33386230,-100.97250000,-72.01955000
5.33447266,-104.85960000,-71.96043000
5.33508301,-99.79564000,-75.50568000
5.33569336,-96.12816000,-71.68729000
5.33630371,-100.54260000,-67.28949000
5.33691406,-93.68370000,-68.29326000
5.33752441,-89.81165000,-72.67816000
5.33813477,-88.94962000,-72.36876000
5.33874512,-86.64428000,-75.50751000
5.33935547,-86.33920000,-76.73194000
5.33996582,-88.21107000,-76.35664000
5.34057617,-98.27346000,-75.82205000
5.34118652,-95.06183000,-72.74318000
5.34179688,-90.68187000,-71.15327000
5.34240723,-91.27237000,-70.75629000
5.34301758,-93.03094000,-71.32330000
5.34362793,-84.54933000,-75.49928000
5.34423828,-84.85439000,-82.91029000
5.34484863,-89.48724000,-83.43027000
5.34545898,-92.96594000,-80.28690000
5.34606934,-94.14546000,-76.24556000
5.34667969,-92.77600000,-72.58298000
5.34729004,-91.82994000,-70.39830000
5.34790039,-92.37883000,-67.13294000
5.34851074,-91.73174000,-71.06576000
5.34912109,-94.51746000,-71.64663000
5.34973145,-90.64292000,-72.53568000
5.35034180,-86.79732000,-69.80206000
5.35095215,-87.35524000,-74.39410000
5.35156250,-86.11090000,-76.00214000
5.35217285,-87.25909000,-74.53770000
5.35278320,-103.60670000,-79.22035000
5.35339355,-92.04181000,-75.39069000
5.35400391,-95.93245000,-80.34203000
5.35461426,-93.29723000,-75.75441000
5.35522461,-87.28323000,-76.88671000
5.35583496,-89.08322000,-80.56134000
5.35644531,-90.44824000,-79.43031000
5.35705566,-87.65332000,-89.03202000
5.35766602,-87.14575000,-83.84826000
5.35827637,-92.23418000,-80.93800000
5.35888672,-99.11323000,-77.38962000
5.35949707,-94.06129000,-76.00517000
5.36010742,-89.81851000,-72.63224000
5.36071777,-92.25014000,-72.56364000
5.36132813,-92.49098000,-78.23865000
5.36193848,-94.20323000,-82.67683000
5.36254883,-92.92759000,-85.82991000
5.36315918,-92.85419000,-85.40353000
5.36376953,-94.83655000,-75.45225000
5.36437988,-90.49092000,-70.86372000
5.36499023,-93.64373000,-73.82692000
5.36560059,-110.38480000,-83.18008000
5.36621094,-92.79473000,-75.06404000
5.36682129,-86.47457000,-73.86635000
5.36743164,-86.91229000,-75.81203000
5.36804199,-92.36606000,-70.86772000
5.36865234,-96.73679000,-74.91225000
5.36926270,-88.94469000,-84.30777000
5.36987305,-82.84645000,-78.58415000
5.37048340,-83.13589000,-70.60281000
5.37109375,-98.05477000,-70.59377000
5.37170410,-92.70016000,-95.22503000
5.37231445,-96.87377000,-71.04993000
5.37292480,-87.93634000,-69.93687000
5.37353516,-80.76521000,-73.01474000
5.37414551,-83.58034000,-83.72672000
5.37475586,-109.09800000,-77.20303000
5.37536621,-101.82830000,-71.24856000
5.37597656,-94.82263000,-74.58680000
5.37658691,-99.89955000,-90.42540000
5.37719727,-91.36874000,-83.66753000
5.37780762,-91.23164000,-76.06988000
5.37841797,-93.68504000,-69.95412000
5.37902832,-95.27641000,-68.73436000
5.37963867,-96.50085000,-71.06462000
5.38024902,-103.25390000,-76.36626000
5.38085938,-103.67740000,-87.10015000
5.38146973,-94.31771000,-87.51106000
5.38208008,-91.28940000,-83.26702000
5.38269043,-91.27525000,-74.15534000
5.38330078,-91.63828000,-71.68679000
5.38391113,-88.75113000,-71.14572000
5.38452148,-85.79980000,-73.39197000
5.38513184,-87.45251000,-83.41556000
5.38574219,-90.61844000,-86.27229000
5.38635254,-88.01065000,-77.19960000
5.38696289,-89.01018000,-80.67491000
5.38757324,-96.66452000,-74.86897000
5.38818359,-101.28820000,-75.06258000
5.38879395,-97.11463000,-74.80035000
5.38940430,-89.89607000,-72.98155000
5.39001465,-86.57200000,-74.45792000
5.39062500,-83.85108000,-75.95518000
5.39123535,-82.87645000,-77.47105000
5.39184570,-87.48737000,-74.38535000
5.39245605,-97.75589000,-68.82681000
5.39306641,-92.98524000,-70.67067000
5.39367676,-89.73148000,-76.92822000
5.39428711,-91.10364000,-75.34070000
5.39489746,-89.68780000,-83.32066000
5.39550781,-88.10406000,-75.77048000
5.39611816,-93.72888000,-74.28092000
5.39672852,-100.37510000,-75.53052000
5.39733887,-100.76300000,-73.81380000
5.39794922,-99.49192000,-77.54514000
5.39855957,-99.74107000,-78.50292000
5.39916992,-93.09296000,-73.12439000
5.39978027,-86.69514000,-74.56279000
5.40039063,-86.18344000,-77.32196000
5.40100098,-91.53113000,-77.74760000
5.40161133,-107.40880000,-77.06523000
5.40222168,-94.75006000,-74.87119000
5.40283203,-90.38335000,-76.89042000
5.40344238,-87.89646000,-79.58185000
5.40405273,-89.41010000,-73.94415000
5.40466309,-97.67912000,-73.54967000
5.40527344,-95.47003000,-75.23210000
5.40588379,-100.99560000,-88.51276000
5.40649414,-89.14413000,-71.03280000
5.40710449,-90.16225000,-69.60069000
5.40771484,-91.91699000,-78.56795000
5.40832520,-92.45480000,-78.67754000
5.40893555,-94.28715000,-76.34305000
5.40954590,-95.42348000,-88.86417000
5.41015625,-92.18489000,-74.69405000
5.41076660,-91.90792000,-73.37837000
5.41137695,-94.76360000,-74.06660000
5.41198730,-93.70000000,-68.83986000
5.41259766,-93.61209000,-67.87592000
5.41320801,-97.81475000,-68.22491000
5.41381836,-108.38170000,-70.17308000
5.41442871,-94.20571000,-74.86469000
5.41503906,-95.33001000,-71.76339000
5.41564941,-91.34828000,-69.71252000
5.41625977,-88.65117000,-70.73163000
5.41687012,-89.97860000,-79.64146000
5.41748047,-94.77927000,-76.63017000
5.41809082,-101.42580000,-71.91546000
5.41870117,-104.48610000,-74.03556000
5.41931152,-108.33610000,-93.21970000
5.41992188,-117.23580000,-73.96033000
5.42053223,-103.63450000,-70.57196000
5.42114258,-102.34760000,-71.45854000
5.42175293,-95.46916000,-73.73168000
5.42236328,-101.06650000,-75.94540000
5.42297363,-102.24300000,-76.77545000
5.42358398,-97.69581000,-87.50256000
5.42419434,-98.87132000,-75.15414000
5.42480469,-101.43670000,-69.32639000
5.42541504,-90.53490000,-68.06631000
5.42602539,-91.73660000,-68.05087000
5.42663574,-97.97342000,-70.45520000
5.42724609,-99.57805000,-76.97702000
5.42785645,-103.02630000,-74.72041000
5.42846680,-98.31445000,-78.65317000
5.42907715,-91.66230000,-76.47040000
5.42968750,-90.69688000,-78.55637000
5.43029785,-89.64474000,-80.47908000
5.43090820,-90.23472000,-73.12173000
5.43151855,-91.08670000,-71.98474000
5.43212891,-89.01076000,-76.90114000
5.43273926,-88.22666000,-80.94705000
5.43334961,-81.94720000,-79.48676000
5.43395996,-81.84936000,-74.90677000
5.43457031,-89.00613000,-76.45757000
5.43518066,-90.97015000,-79.40646000
5.43579102,-88.57731000,-83.01179000
5.43640137,-93.03451000,-78.97571000
5.43701172,-93.64966000,-72.05257000
5.43762207,-91.41808000,-69.55494000
5.43823242,-97.21429000,-70.62921000
5.43884277,-91.74207000,-77.20092000
5.43945313,-86.24493000,-77.85537000
5.44006348,-89.84334000,-71.63678000
5.44067383,-95.47720000,-73.98151000
5.44128418,-88.40785000,-76.07925000
5.44189453,-85.88363000,-75.53815000
5.44250488,-92.41032000,-76.94431000
5.44311523,-91.20737000,-77.62543000
5.44372559,-92.32053000,-83.57220000
5.44433594,-90.93938000,-77.31053000
5.44494629,-88.46244000,-70.69602000
5.44555664,-95.11620000,-73.14471000
5.44616699,-98.81126000,-77.89473000
5.44677734,-99.81086000,-72.59970000
5.44738770,-97.19177000,-70.83888000
5.44799805,-95.52893000,-70.00067000
5.44860840,-91.67069000,-73.18187000
5.44921875,-91.50941000,-90.99057000
5.44982910,-92.31210000,-78.17535000
5.45043945,-95.22537000,-78.94743000
5.45104980,-90.34207000,-78.73786000
5.45166016,-88.96695000,-79.74810000
5.45227051,-90.71896000,-82.04240000
5.45288086,-88.62392000,-69.32318000
5.45349121,-94.09494000,-65.88871000
5.45410156,-97.11160000,-72.58102000
5.45471191,-91.97364000,-84.23634000
5.45532227,-89.78105000,-84.56168000
5.45593262,-88.07509000,-75.80645000
5.45654297,-87.18744000,-73.93250000
5.45715332,-88.43556000,-77.48096000
5.45776367,-90.37093000,-70.98428000
5.45837402,-102.90440000,-72.99597000
5.45898438,-93.18459000,-73.76939000
5.45959473,-91.77242000,-75.45215000
5.46020508,-93.97063000,-81.28666000
5.46081543,-94.72021000,-87.25510000
5.46142578,-97.83566000,-77.80685000
5.46203613,-91.82838000,-74.98959000
5.46264648,-88.15459000,-71.10997000
5.46325684,-86.93432000,-67.88397000
5.46386719,-89.41496000,-68.32217000
5.46447754,-99.73708000,-75.06740000
5.46508789,-105.52670000,-95.46323000
5.46569824,-107.85890000,-78.83908000
5.46630859,-98.83297000,-84.41859000
5.46691895,-93.82692000,-72.36194000
5.46752930,-94.06494000,-69.55482000
5.46813965,-100.54650000,-74.76642000
5.46875000,-99.52610000,-78.89266000
5.46936035,-95.48990000,-69.97889000
5.46997070,-104.10580000,-70.62562000
5.47058105,-97.40769000,-78.96222000
5.47119141,-92.79524000,-91.90155000
5.47180176,-88.41007000,-78.23547000
5.47241211,-84.81942000,-71.34314000
5.47302246,-86.14323000,-75.46242000
5.47363281,-93.02611000,-81.44693000
5.47424316,-94.94005000,-72.91259000
5.47485352,-105.28040000,-75.68130000
5.47546387,-103.49990000,-71.91605000
5.47607422,-102.81040000,-69.81291000
5.47668457,-94.97992000,-72.56508000
5.47729492,-92.47095000,-75.77165000
5.47790527,-90.76943000,-75.99131000
5.47851563,-101.25140000,-72.64436000
5.47912598,-91.25703000,-71.13496000
5.47973633,-90.76575000,-78.71129000
5.48034668,-89.22403000,-84.65995000
5.48095703,-91.31328000,-71.53751000
5.48156738,-116.73240000,-65.62674000
5.48217773,-96.04930000,-67.03030000
5.48278809,-93.89438000,-75.75912000
5.48339844,-96.53725000,-74.13388000
5.48400879,-98.65020000,-77.77348000
5.48461914,-95.14159000,-74.94086000
5.48522949,-94.44190000,-72.70441000
5.48583984,-96.20667000,-75.17202000
5.48645020,-89.34329000,-76.28669000
5.48706055,-88.29324000,-73.13521000
5.48767090,-88.96405000,-68.60036000
5.48828125,-87.69452000,-67.62878000
5.48889160,-87.76872000,-70.04998000
5.48950195,-92.05362000,-73.92307000
5.49011230,-97.83978000,-78.91588000
5.49072266,-93.20708000,-77.70133000
5.49133301,-92.54698000,-72.49934000
5.49194336,-90.58708000,-71.17075000
5.49255371,-88.19724000,-70.38712000
5.49316406,-93.01194000,-72.54743000
5.49377441,-94.12970000,-73.78387000
5.49438477,-91.87895000,-75.98080000
5.49499512,-96.17256000,-78.31184000
5.49560547,-100.20720000,-78.37294000
5.49621582,-95.32452000,-77.13925000
5.49682617,-93.82447000,-72.96906000
5.49743652,-96.68861000,-73.88209000
5.49804688,-94.98081000,-74.21198000
5.49865723,-98.68764000,-70.51600000
5.49926758,-92.94521000,-79.40321000
5.49987793,-90.44272000,-68.65520000
5.50048828,-100.48040000,-65.33789000
5.50109863,-94.18847000,-67.93720000
5.50170898,-88.96356000,-76.87814000
5.50231934,-92.05711000,-89.62964000
5.50292969,-100.36450000,-76.31236000
5.50354004,-96.22116000,-70.52271000
5.50415039,-100.71050000,-72.76444000
5.50476074,-86.69373000,-77.27164000
5.50537109,-87.15946000,-82.52902000
5.50598145,-94.45734000,-81.00038000
5.50659180,-97.63603000,-71.86217000
5.50720215,-91.79620000,-70.60543000
5.50781250,-90.79555000,-75.88819000
5.50842285,-105.02750000,-68.71490000
5.50903320,-92.06329000,-66.70844000
5.50964355,-88.00788000,-68.48167000
5.51025391,-86.73796000,-72.67880000
5.51086426,-89.44138000,-75.13394000
5.51147461,-97.72083000,-72.97821000
5.51208496,-90.33415000,-75.65098000
5.51269531,-91.66315000,-89.04234000
5.51330566,-97.98618000,-76.01910000
5.51391602,-95.25201000,-76.98936000
5.51452637,-87.91030000,-73.84325000
5.51513672,-88.66669000,-81.15170000
5.51574707,-92.86035000,-73.80505000
5.51635742,-96.04234000,-71.64030000
5.51696777,-90.99545000,-74.34470000
5.51757813,-90.51529000,-85.21478000
5.51818848,-97.46762000,-75.46355000
5.51879883,-103.98270000,-71.23200000
5.51940918,-93.68007000,-72.16266000
5.52001953,-91.89895000,-73.94141000
5.52062988,-96.28921000,-76.01020000
5.52124023,-95.38795000,-76.57352000
5.52185059,-92.21872000,-77.74914000
5.52246094,-89.36865000,-83.14750000
5.52307129,-93.29090000,-73.22852000
5.52368164,-103.19510000,-72.37079000
5.52429199,-99.79143000,-79.32157000
5.52490234,-92.37361000,-76.84264000
5.52551270,-90.85541000,-70.84496000
5.52612305,-86.94584000,-72.16313000
5.52673340,-87.52921000,-76.65136000
5.52734375,-94.34417000,-76.11096000
5.52795410,-102.78670000,-70.42790000
5.52856445,-98.21659000,-74.76492000
5.52917480,-93.55817000,-80.05241000
5.52978516,-106.12830000,-95.31413000
5.53039551,-92.19819000,-72.02783000
5.53100586,-90.94858000,-72.65754000
5.53161621,-96.10826000,-80.32284000
5.53222656,-97.11712000,-69.38607000
5.53283691,-88.45531000,-68.60999000
5.53344727,-88.18999000,-66.60201000
5.53405762,-91.06910000,-70.75528000
5.53466797,-91.78562000,-70.12812000
5.53527832,-92.78169000,-69.95422000
5.53588867,-94.51747000,-75.30561000
5.53649902,-98.54957000,-79.51884000
5.53710938,-89.83194000,-79.10533000
5.53771973,-85.22526000,-80.15950000
5.53833008,-86.49957000,-75.32123000
5.53894043,-102.92100000,-70.03362000
5.53955078,-93.17961000,-76.24629000
5.54016113,-94.45987000,-74.39317000
5.54077148,-94.16477000,-71.61103000
5.54138184,-90.96440000,-77.11893000
5.54199219,-95.36351000,-78.39412000
5.54260254,-92.45479000,-70.76666000
5.54321289,-88.89082000,-69.61163000
5.54382324,-92.00548000,-73.38072000
5.54443359,-98.91016000,-73.19189000
5.54504395,-87.62452000,-72.13132000
5.54565430,-84.70174000,-71.70614000
5.54626465,-86.63448000,-72.93429000
5.54687500,-91.31128000,-74.58423000
5.54748535,-93.09869000,-72.82197000
5.54809570,-92.27074000,-72.67168000
5.54870605,-97.04296000,-75.12341000
5.54931641,-105.03950000,-79.10217000
5.54992676,-99.17970000,-84.70344000
5.55053711,-97.61816000,-72.13873000
5.55114746,-98.28604000,-68.16750000
5.55175781,-94.73312000,-67.94041000
5.55236816,-97.01923000,-75.54227000
5.55297852,-82.42263000,-76.84136000
5.55358887,-78.77723000,-75.16999000
5.55419922,-82.24417000,-76.79191000
5.55480957,-91.96617000,-72.36098000
5.55541992,-98.25195000,-78.88902000
5.55603027,-93.92537000,-88.11636000
5.55664063,-90.93001000,-84.29916000
5.55725098,-90.45717000,-78.74599000
5.55786133,-91.79471000,-74.72052000
5.55847168,-93.64212000,-73.08005000
5.55908203,-92.67677000,-73.88035000
5.55969238,-94.95720000,-72.67853000
5.56030273,-97.36469000,-75.30542000
5.56091309,-100.62950000,-78.65309000
5.56152344,-101.35620000,-72.90759000
5.56213379,-95.39192000,-69.08124000
5.56274414,-92.89838000,-67.83826000
5.56335449,-92.27059000,-70.53139000
5.56396484,-97.54815000,-76.34477000
5.56457520,-100.32550000,-75.26894000
5.56518555,-94.73899000,-69.40248000
5.56579590,-90.09392000,-66.83768000
5.56640625,-85.94962000,-67.07734000
5.56701660,-86.09063000,-69.05190000
5.56762695,-90.86442000,-71.25851000
5.56823730,-95.64805000,-72.26852000
5.56884766,-98.70750000,-69.06686000
5.56945801,-99.05428000,-68.12491000
5.57006836,-93.82767000,-71.15620000
5.57067871,-90.86445000,-73.75894000
5.57128906,-94.77718000,-79.67793000
5.57189941,-96.80492000,-73.27964000
5.57250977,-93.26242000,-74.91469000
5.57312012,-86.09418000,-79.66508000
5.57373047,-86.11803000,-83.56877000
5.57434082,-86.84859000,-71.58665000
5.57495117,-87.27336000,-67.94157000
5.57556152,-89.29764000,-69.51505000
5.57617188,-89.99012000,-73.22449000
5.57678223,-91.06447000,-70.04643000
5.57739258,-92.52559000,-70.42570000
5.57800293,-96.15874000,-74.01094000
5.57861328,-108.86180000,-74.42097000
5.57922363,-91.19508000,-71.16996000
5.57983398,-86.65324000,-77.90391000
5.58044434,-85.93993000,-76.38049000
5.58105469,-87.19522000,-77.07336000
5.58166504,-93.84673000,-72.34057000
5.58227539,-97.88463000,-66.82606000
5.58288574,-88.31604000,-69.97331000
5.58349609,-84.42125000,-74.17120000
5.58410645,-87.80243000,-73.46640000
5.58471680,-90.08808000,-78.87700000
5.58532715,-92.43667000,-77.18622000
5.58593750,-98.62588000,-74.12549000
5.58654785,-101.43550000,-73.27428000
5.58715820,-105.95140000,-71.78670000
5.58776855,-101.19740000,-74.27901000
5.58837891,-93.91865000,-88.96575000
5.58898926,-91.76053000,-73.03438000
5.58959961,-96.15540000,-73.78751000
5.59020996,-112.69170000,-75.47079000
5.59082031,-101.56860000,-74.47048000
5.59143066,-97.01488000,-75.14222000
5.59204102,-93.33782000,-75.80486000
5.59265137,-94.06125000,-75.45863000
5.59326172,-102.10740000,-73.74316000
5.59387207,-96.11908000,-78.74726000
5.59448242,-91.15689000,-73.74370000
5.59509277,-92.32883000,-75.07364000
5.59570313,-94.26484000,-83.15738000
5.59631348,-92.75877000,-78.58142000
5.59692383,-90.37842000,-79.49784000
5.59753418,-90.10083000,-72.65398000
5.59814453,-92.83183000,-71.14260000
5.59875488,-100.04250000,-72.92518000
5.59936523,-98.19366000,-69.79401000
5.59997559,-95.00710000,-68.27597000
5.60058594,-114.25630000,-68.86024000
5.60119629,-90.27004000,-70.68912000
5.60180664,-88.29360000,-71.28972000
5.60241699,-91.03446000,-71.44553000
5.60302734,-103.31510000,-76.75069000
5.60363770,-95.75648000,-72.67127000
5.60424805,-104.39720000,-74.02409000
5.60485840,-94.30482000,-69.08955000
5.60546875,-88.93404000,-68.10403000
5.60607910,-87.34528000,-85.60625000
5.60668945,-88.44021000,-72.12745000
5.60729980,-90.96246000,-75.59289000
5.60791016,-89.77225000,-75.88210000
5.60852051,-88.79771000,-69.99146000
5.60913086,-88.02826000,-70.20876000
5.60974121,-93.36961000,-77.60445000
5.61035156,-95.53013000,-77.62965000
5.61096191,-90.53979000,-73.35250000
5.61157227,-97.19651000,-73.70245000
5.61218262,-105.89320000,-77.37208000
5.61279297,-91.57716000,-81.27425000
5.61340332,-80.71664000,-75.22061000
5.61401367,-80.24246000,-71.41466000
5.61462402,-88.17416000,-70.00327000
5.61523438,-98.18411000,-70.32687000
5.61584473,-100.30740000,-75.04572000
5.61645508,-92.56512000,-74.60652000
5.61706543,-88.98840000,-75.19507000
5.61767578,-91.68609000,-75.12692000
5.61828613,-95.37759000,-72.99457000
5.61889648,-98.33717000,-74.78677000
5.61950684,-91.79503000,-72.87443000
5.62011719,-90.57361000,-68.75260000
5.62072754,-95.11524000,-71.62263000
5.62133789,-96.70600000,-78.55727000
5.62194824,-94.46602000,-80.30641000
5.62255859,-99.69581000,-77.40275000
5.62316895,-95.13932000,-79.30457000
5.62377930,-93.24393000,-81.77599000
5.62438965,-89.91276000,-73.88924000
5.62500000,-92.92899000,-69.37753000
5.62561035,-94.07937000,-72.11063000
5.62622070,-87.91710000,-76.31807000
5.62683105,-93.88586000,-71.12006000
5.62744141,-95.26572000,-75.79585000
5.62805176,-90.51614000,-83.71078000
5.62866211,-92.79483000,-74.08286000
5.62927246,-114.63600000,-71.11794000
5.62988281,-96.48643000,-72.31085000
5.63049316,-87.46420000,-76.55737000
5.63110352,-87.03596000,-70.49258000
5.63171387,-90.66001000,-69.51382000
5.63232422,-97.57405000,-75.16196000
5.63293457,-90.23737000,-78.47786000
5.63354492,-91.57413000,-74.54577000
5.63415527,-94.83532000,-75.81232000
5.63476563,-95.19993000,-75.14192000
5.63537598,-92.48070000,-78.41183000
5.63598633,-87.21684000,-80.27535000
5.63659668,-89.13704000,-75.79028000
5.63720703,-94.57912000,-78.90533000
5.63781738,-96.79063000,-76.55981000
5.63842773,-95.30275000,-69.62793000
5.63903809,-93.88991000,-66.00218000
5.63964844,-91.61711000,-68.52340000
5.64025879,-97.34488000,-76.18285000
5.64086914,-101.59160000,-77.30544000
5.64147949,-111.67060000,-79.37871000
5.64208984,-104.75160000,-74.59280000
5.64270020,-88.67336000,-72.90560000
5.64331055,-83.26023000,-71.99664000
5.64392090,-85.73653000,-75.30852000
5.64453125,-97.43150000,-80.30672000
5.64514160,-101.03420000,-74.38004000
5.64575195,-95.06398000,-77.27634000
5.64636230,-91.35070000,-77.61611000
5.64697266,-92.53564000,-70.17768000
5.64758301,-95.00121000,-70.68057000
5.64819336,-97.19138000,-71.54897000
5.64880371,-94.32683000,-70.90134000
5.64941406,-92.96014000,-74.53309000
5.65002441,-93.87567000,-75.25952000
5.65063477,-92.51994000,-71.05910000
5.65124512,-92.95982000,-69.57982000
5.65185547,-95.45261000,-69.21219000
5.65246582,-95.29679000,-81.38516000
5.65307617,-95.67582000,-75.61580000
5.65368652,-91.44558000,-76.75084000
5.65429688,-90.97428000,-78.19334000
5.65490723,-99.78694000,-78.47157000
5.65551758,-106.01910000,-75.59281000
5.65612793,-89.93003000,-83.00266000
5.65673828,-87.09645000,-87.65302000
5.65734863,-90.61362000,-75.76028000
5.65795898,-91.28236000,-71.93505000
5.65856934,-88.97797000,-79.93513000
5.65917969,-92.28133000,-71.68682000
5.65979004,-94.51644000,-67.96561000
5.66040039,-101.27200000,-68.94496000
5.66101074,-100.56280000,-73.39286000
5.66162109,-94.13056000,-83.46579000
5.66223145,-90.49416000,-72.69098000
5.66284180,-91.99762000,-71.09443000
5.66345215,-98.65092000,-74.10371000
5.66406250,-91.60294000,-82.44877000
5.66467285,-91.35052000,-83.94003000
5.66528320,-87.47516000,-85.95905000
5.66589355,-88.01286000,-73.35408000
5.66650391,-92.27188000,-67.09135000
5.66711426,-94.00555000,-64.60951000
5.66772461,-100.59810000,-67.64162000
5.66833496,-94.19768000,-78.63278000
5.66894531,-93.44166000,-90.66063000
5.66955566,-96.03717000,-86.07358000
5.67016602,-93.72250000,-75.31267000
5.67077637,-97.45143000,-75.26814000
5.67138672,-91.26939000,-80.69291000
5.67199707,-87.92828000,-73.94109000
5.67260742,-88.87692000,-78.26138000
5.67321777,-83.16178000,-78.44336000
5.67382813,-81.05060000,-73.50327000
5.67443848,-84.71558000,-79.89377000
5.67504883,-87.51234000,-72.98947000
5.67565918,-88.10807000,-68.89858000
5.67626953,-92.82192000,-72.46851000
5.67687988,-91.79160000,-79.76780000
5.67749023,-87.95686000,-73.63490000
5.67810059,-90.95643000,-77.39771000
5.67871094,-103.33220000,-77.15880000
5.67932129,-97.25798000,-73.55968000
5.67993164,-90.67397000,-78.24336000
5.68054199,-86.38632000,-78.02318000
5.68115234,-90.16241000,-76.29151000
5.68176270,-99.22253000,-79.25658000
5.68237305,-98.85891000,-93.65446000
5.68298340,-95.21190000,-78.83876000
5.68359375,-96.78123000,-70.37445000
5.68420410,-106.61800000,-73.07782000
5.68481445,-97.05474000,-71.18768000
5.68542480,-96.50195000,-68.27734000
5.68603516,-96.93160000,-68.97805000
5.68664551,-94.35899000,-67.43735000
5.68725586,-93.44367000,-73.54641000
5.68786621,-89.08682000,-76.21889000
5.68847656,-89.39685000,-69.98992000
5.68908691,-97.89594000,-71.19019000
5.68969727,-91.77467000,-73.15701000
5.69030762,-89.84212000,-73.63986000
5.69091797,-92.97562000,-74.36653000
5.69152832,-98.14899000,-79.59350000
5.69213867,-95.48142000,-83.14171000
5.69274902,-95.35152000,-75.67737000
5.69335938,-99.71452000,-71.84338000
5.69396973,-94.65648000,-73.05167000
5.69458008,-105.68570000,-76.01153000
5.69519043,-96.04291000,-78.86803000
5.69580078,-102.11440000,-85.79296000
5.69641113,-94.36732000,-75.13089000
5.69702148,-96.14864000,-77.69798000
5.69763184,-96.30162000,-75.55971000
5.69824219,-99.94832000,-76.96109000
5.69885254,-93.99245000,-73.58297000
5.69946289,-90.18185000,-69.96476000
5.70007324,-90.80456000,-67.12269000
5.70068359,-90.55002000,-68.98742000
5.70129395,-90.50760000,-74.36524000
5.70190430,-98.14604000,-79.14081000
5.70251465,-95.31238000,-74.84349000
5.70312500,-92.31904000,-73.68335000
5.70373535,-86.28223000,-88.82898000
5.70434570,-90.85776000,-72.27814000
5.70495605,-96.51473000,-72.18584000
5.70556641,-92.79842000,-73.39268000
5.70617676,-95.09035000,-69.30350000
5.70678711,-102.29100000,-73.83170000
5.70739746,-101.37650000,-78.84363000
5.70800781,-89.23610000,-74.19736000
5.70861816,-90.68388000,-85.92931000
5.70922852,-92.26353000,-76.95464000
5.70983887,-90.50143000,-77.31714000
5.71044922,-90.58415000,-73.25419000
5.71105957,-89.68394000,-67.08184000
5.71166992,-92.22997000,-68.68439000
5.71228027,-88.88765000,-71.19164000
5.71289063,-90.87868000,-73.22682000
5.71350098,-98.52129000,-72.75147000
5.71411133,-92.40317000,-70.98115000
5.71472168,-95.25394000,-75.93295000
5.71533203,-99.00712000,-76.65393000
5.71594238,-93.14495000,-79.61002000
5.71655273,-90.92780000,-72.33130000
5.71716309,-91.69617000,-69.27607000
5.71777344,-97.19456000,-74.34142000
5.71838379,-98.69615000,-72.42338000
5.71899414,-95.72469000,-69.66376000
5.71960449,-95.95382000,-67.88482000
5.72021484,-104.88980000,-73.18904000
5.72082520,-98.75504000,-69.86594000
5.72143555,-95.75301000,-70.06952000
5.72204590,-96.82487000,-77.89891000
5.72265625,-93.25222000,-74.18426000
5.72326660,-91.51888000,-76.44542000
5.72387695,-92.56560000,-81.01315000
5.72448730,-94.49905000,-67.88444000
5.72509766,-89.21310000,-64.14093000
5.72570801,-90.71712000,-65.98586000
5.72631836,-87.78648000,-70.54007000
5.72692871,-88.19727000,-72.49953000
5.72753906,-90.66127000,-70.96754000
5.72814941,-90.19410000,-75.02275000
5.72875977,-90.29410000,-85.87899000
5.72937012,-92.22102000,-78.59359000
5.72998047,-95.21089000,-74.81553000
5.73059082,-100.11240000,-82.05942000
5.73120117,-96.35375000,-76.62292000
5.73181152,-103.14240000,-71.33017000
5.73242188,-95.05507000,-72.28514000
5.73303223,-86.68743000,-72.88163000
5.73364258,-83.49065000,-69.26686000
5.73425293,-86.46191000,-69.93351000
5.73486328,-100.80310000,-71.91611000
5.73547363,-94.73731000,-79.07934000
5.73608398,-96.99643000,-73.01270000
5.73669434,-125.60310000,-78.98349000
5.73730469,-99.41168000,-77.68867000
5.73791504,-103.49810000,-75.16760000
5.73852539,-89.86147000,-81.03429000
5.73913574,-89.50790000,-73.84963000
5.73974609,-96.60622000,-70.69614000
5.74035645,-98.07396000,-74.60942000
5.74096680,-98.58717000,-80.32762000
5.74157715,-100.18520000,-80.60840000
5.74218750,-103.72380000,-77.38734000
5.74279785,-95.09284000,-73.82615000
5.74340820,-94.22565000,-75.33354000
5.74401855,-92.20105000,-78.99146000
5.74462891,-94.33765000,-80.51934000
5.74523926,-98.46638000,-72.72165000
5.74584961,-95.86905000,-71.72634000
5.74645996,-96.64926000,-70.80905000
5.74707031,-93.21109000,-71.76423000
5.74768066,-92.69069000,-80.64240000
5.74829102,-96.66283000,-75.99985000
5.74890137,-93.37679000,-72.44166000
5.74951172,-93.58146000,-73.79727000
5.75012207,-96.12807000,-77.69345000
5.75073242,-97.11497000,-77.99728000
5.75134277,-93.35964000,-81.28266000
5.75195313,-89.05348000,-80.33780000
5.75256348,-89.86027000,-74.07360000
5.75317383,-102.20980000,-75.95443000
5.75378418,-106.72030000,-77.80453000
5.75439453,-102.46150000,-91.99818000
5.75500488,-95.08371000,-75.71924000
5.75561523,-93.65498000,-74.40905000
5.75622559,-122.23690000,-77.29517000
5.75683594,-87.44383000,-86.52869000
5.75744629,-84.82565000,-74.91696000
5.75805664,-88.09574000,-70.89467000
5.75866699,-92.22121000,-69.79906000
5.75927734,-90.57484000,-70.33477000
5.75988770,-89.67602000,-76.85691000
5.76049805,-89.95767000,-77.05774000
5.76110840,-95.68523000,-75.86636000
5.76171875,-96.14425000,-76.46493000
5.76232910,-87.15264000,-78.58398000
5.76293945,-89.09187000,-76.40440000
5.76354980,-93.19080000,-77.35174000
5.76416016,-88.33253000,-74.62386000
5.76477051,-90.21461000,-75.69334000
5.76538086,-96.96636000,-75.30814000
5.76599121,-100.37780000,-83.36017000
5.76660156,-101.73610000,-73.72893000
5.76721191,-90.40685000,-83.97374000
5.76782227,-90.43425000,-74.73077000
5.76843262,-99.40341000,-72.81890000
5.76904297,-101.23050000,-70.22356000
5.76965332,-102.43730000,-81.42933000
5.77026367,-99.29032000,-82.50343000
5.77087402,-94.72564000,-86.07858000
5.77148438,-105.23340000,-80.72931000
5.77209473,-92.59367000,-73.03255000
5.77270508,-88.45193000,-73.40264000
5.77331543,-92.21582000,-79.57385000
5.77392578,-98.10994000,-73.86519000
5.77453613,-87.83337000,-73.66865000
5.77514648,-87.75194000,-77.27827000
5.77575684,-111.00290000,-75.29829000
5.77636719,-88.03947000,-78.07143000
5.77697754,-87.19968000,-91.33289000
5.77758789,-90.75119000,-82.37495000
5.77819824,-96.29462000,-81.16585000
5.77880859,-95.74518000,-79.65738000
5.77941895,-95.08897000,-74.68797000
5.78002930,-89.25211000,-74.52384000
5.78063965,-85.94090000,-89.51469000
5.78125000,-86.02261000,-88.09999000
5.78186035,-88.29518000,-72.66638000
5.78247070,-91.64883000,-73.51910000
5.78308105,-92.00756000,-86.97053000
5.78369141,-95.50317000,-78.31643000
5.78430176,-94.48500000,-71.94938000
5.78491211,-89.38269000,-71.26107000
5.78552246,-94.16198000,-74.22823000
5.78613281,-96.40103000,-73.20491000
5.78674316,-96.47713000,-73.81122000
5.78735352,-98.01474000,-69.79005000
5.78796387,-100.59870000,-65.73824000
5.78857422,-103.62960000,-66.27371000
5.78918457,-99.97471000,-68.83218000
5.78979492,-98.64442000,-69.43005000
5.79040527,-110.39960000,-71.07229000
5.79101563,-107.30270000,-75.67210000
5.79162598,-127.67980000,-83.21484000
5.79223633,-100.65970000,-86.67252000
5.79284668,-82.28052000,-78.64888000
5.79345703,-76.93212000,-79.09991000
5.79406738,-79.98276000,-74.20734000
5.79467773,-91.44014000,-74.26888000
5.79528809,-92.96250000,-73.68578000
5.79589844,-96.98695000,-70.59892000
5.79650879,-95.61660000,-73.93001000
5.79711914,-100.99620000,-74.86920000
5.79772949,-100.14120000,-74.94539000
5.79833984,-98.02754000,-72.88875000
5.79895020,-92.23076000,-70.93756000
5.79956055,-93.56559000,-69.57824000
5.80017090,-101.39120000,-73.34031000
5.80078125,-95.03227000,-76.03428000
5.80139160,-92.26752000,-73.47887000
5.80200195,-96.36813000,-81.62560000
5.80261230,-105.80410000,-76.25884000
5.80322266,-94.30898000,-69.10141000
5.80383301,-88.69395000,-68.60633000
5.80444336,-89.16594000,-71.07516000
5.80505371,-94.36379000,-70.68482000
5.80566406,-113.46600000,-75.86862000
5.80627441,-107.60090000,-75.97486000
5.80688477,-94.26582000,-69.33746000
5.80749512,-91.67408000,-67.25052000
5.80810547,-90.25999000,-73.79607000
5.80871582,-90.37161000,-78.13294000
5.80932617,-97.62881000,-83.06696000
5.80993652,-96.42567000,-71.86258000
5.81054688,-86.48026000,-68.73380000
5.81115723,-82.16076000,-70.82675000
5.81176758,-83.22033000,-70.03097000
5.81237793,-90.71297000,-72.66702000
5.81298828,-96.87918000,-74.05032000
5.81359863,-97.93768000,-71.70424000
5.81420898,-92.51567000,-73.11098000
5.81481934,-88.02059000,-78.72855000
5.81542969,-93.35985000,-92.76340000
5.81604004,-103.25240000,-78.34109000
5.81665039,-95.79178000,-72.27854000
5.81726074,-93.97971000,-67.60276000
5.81787109,-95.57243000,-66.22517000
5.81848145,-93.08839000,-68.11990000
5.81909180,-89.21768000,-69.39120000
5.81970215,-92.43836000,-72.49229000
5.82031250,-92.18719000,-75.62595000
5.82092285,-88.77080000,-68.95744000
5.82153320,-95.43585000,-71.30593000
5.82214355,-94.19986000,-80.91394000
5.82275391,-94.88316000,-73.25375000
5.82336426,-92.13184000,-83.82132000
5.82397461,-90.99413000,-77.30103000
5.82458496,-97.33170000,-84.15330000
5.82519531,-102.81200000,-82.70192000
5.82580566,-94.80157000,-75.06461000
5.82641602,-91.07365000,-75.59525000
5.82702637,-88.97879000,-79.59253000
5.82763672,-93.20349000,-74.45660000
5.82824707,-108.35930000,-76.11455000
5.82885742,-97.00706000,-86.18229000
5.82946777,-92.30785000,-86.24633000
5.83007813,-90.79255000,-82.88396000
5.83068848,-88.76215000,-75.08830000
5.83129883,-85.41709000,-74.66273000
5.83190918,-86.47325000,-77.29552000
5.83251953,-96.03004000,-81.15533000
5.83312988,-98.39280000,-92.41695000
5.83374023,-89.49228000,-77.92709000
5.83435059,-90.87800000,-81.35280000
5.83496094,-94.99893000,-76.94433000
5.83557129,-101.39930000,-73.31115000
5.83618164,-89.47562000,-79.78181000
5.83679199,-86.90334000,-77.94939000
5.83740234,-88.38333000,-79.79028000
5.83801270,-96.37689000,-79.31479000
5.83862305,-97.65255000,-71.98228000
5.83923340,-91.99115000,-71.59683000
5.83984375,-91.50443000,-76.86377000
5.84045410,-96.44746000,-72.32253000
5.84106445,-94.94370000,-73.30771000
5.84167480,-94.95026000,-75.83610000
5.84228516,-94.79874000,-76.12773000
5.84289551,-92.34689000,-76.69846000
5.84350586,-90.99203000,-83.36806000
5.84411621,-94.42704000,-79.95705000
5.84472656,-87.60223000,-73.78439000
5.84533691,-88.87247000,-71.52633000
5.84594727,-98.96343000,-71.43396000
5.84655762,-96.60149000,-72.88709000
5.84716797,-99.02145000,-69.93672000
5.84777832,-104.22410000,-67.41640000
5.84838867,-100.73000000,-69.32287000
5.84899902,-93.80157000,-82.36202000
5.84960938,-91.87451000,-73.98499000
5.85021973,-88.58895000,-69.99384000
5.85083008,-90.47944000,-74.08969000
5.85144043,-90.46882000,-95.07231000
5.85205078,-95.56723000,-75.59254000
5.85266113,-90.74918000,-70.14520000
5.85327148,-82.60945000,-72.16848000
5.85388184,-83.91127000,-85.96048000
5.85449219,-103.51010000,-75.87029000
5.85510254,-93.71986000,-70.59070000
5.85571289,-89.44318000,-72.51018000
5.85632324,-86.53499000,-77.17559000
5.85693359,-88.69934000,-80.67332000
5.85754395,-90.43168000,-78.83485000
5.85815430,-90.62236000,-75.09402000
5.85876465,-91.69960000,-76.58570000
5.85937500,-96.73824000,-81.46518000
5.85998535,-91.39629000,-74.73972000
5.86059570,-88.77620000,-78.36488000
5.86120605,-93.66989000,-74.23006000
5.86181641,-98.47649000,-76.42863000
5.86242676,-95.85181000,-79.53555000
5.86303711,-97.65316000,-79.41960000
5.86364746,-95.82964000,-78.08612000
5.86425781,-110.46470000,-79.16476000
5.86486816,-93.49445000,-78.93205000
5.86547852,-89.68913000,-71.68111000
5.86608887,-92.57455000,-78.18480000
5.86669922,-106.01070000,-75.46478000
5.86730957,-106.92010000,-69.72649000
5.86791992,-97.06985000,-70.51534000
5.86853027,-102.28790000,-73.10018000
5.86914063,-97.19151000,-77.00991000
5.86975098,-92.67930000,-82.54962000
5.87036133,-97.25198000,-76.73928000
5.87097168,-88.59353000,-78.06470000
5.87158203,-88.34435000,-76.02467000
5.87219238,-94.72517000,-81.00750000
5.87280273,-100.81160000,-74.37350000
5.87341309,-104.86700000,-71.40977000
5.87402344,-109.76610000,-77.52737000
5.87463379,-104.36100000,-87.58690000
5.87524414,-99.21653000,-82.94465000
5.87585449,-92.69489000,-80.27350000
5.87646484,-95.57484000,-87.95512000
5.87707520,-103.88270000,-82.64442000
5.87768555,-102.53210000,-82.61366000
5.87829590,-88.78529000,-70.44778000
5.87890625,-89.30596000,-68.94165000
5.87951660,-97.11035000,-71.75444000
5.88012695,-94.69941000,-77.84659000
5.88073730,-90.14278000,-82.53920000
5.88134766,-91.94007000,-77.78400000
5.88195801,-93.82832000,-72.57207000
5.88256836,-97.41863000,-71.95776000
5.88317871,-90.77722000,-79.39641000
5.88378906,-85.02873000,-74.70614000
5.88439941,-87.52686000,-70.92410000
5.88500977,-93.53578000,-76.46619000
5.88562012,-87.80625000,-71.50045000
5.88623047,-90.10670000,-69.02706000
5.88684082,-102.79390000,-79.54354000
5.88745117,-95.66430000,-84.53401000
5.88806152,-90.51330000,-74.90301000
5.88867188,-92.25498000,-70.97356000
5.88928223,-92.49236000,-72.71135000
5.88989258,-90.70365000,-77.04134000
5.89050293,-89.06183000,-80.21883000
5.89111328,-88.65454000,-77.79079000
5.89172363,-87.92268000,-82.41734000
5.89233398,-90.65468000,-75.96109000
5.89294434,-93.29500000,-70.95343000
5.89355469,-88.67995000,-69.76743000
5.89416504,-87.94635000,-71.21052000
5.89477539,-93.44150000,-75.49643000
5.89538574,-97.89160000,-82.60627000
5.89599609,-90.83209000,-94.20562000
5.89660645,-91.73273000,-72.71924000
5.89721680,-89.69621000,-73.17311000
5.89782715,-96.30653000,-80.00320000
5.89843750,-99.08441000,-76.63311000
5.89904785,-96.20805000,-72.96363000
5.89965820,-97.76398000,-70.08137000
5.90026855,-101.57220000,-69.62856000
5.90087891,-104.55640000,-71.93114000
5.90148926,-98.72498000,-75.36422000
5.90209961,-99.80836000,-78.14639000
5.90270996,-102.94930000,-78.27327000
5.90332031,-101.72140000,-85.39671000
5.90393066,-98.25768000,-73.94650000
5.90454102,-103.46750000,-72.62842000
5.90515137,-101.79740000,-74.67156000
5.90576172,-102.08980000,-76.13236000
5.90637207,-95.67161000,-81.96621000
5.90698242,-95.36026000,-75.13543000
5.90759277,-94.72997000,-74.18217000
5.90820313,-92.99092000,-75.57433000
5.90881348,-104.76710000,-73.84263000
5.90942383,-93.48734000,-68.98110000
5.91003418,-88.94597000,-68.63184000
5.91064453,-90.26012000,-74.01569000
5.91125488,-102.88540000,-78.94828000
5.91186523,-103.60830000,-73.62695000
5.91247559,-96.04056000,-74.13712000
5.91308594,-82.93979000,-74.61504000
5.91369629,-81.82576000,-77.51051000
5.91430664,-89.99837000,-88.41306000
5.91491699,-94.12640000,-79.35338000
5.91552734,-92.07103000,-71.99148000
5.91613770,-93.18748000,-70.12332000
5.91674805,-90.53004000,-75.98039000
5.91735840,-95.09680000,-79.81984000
5.91796875,-98.61442000,-87.94991000
5.91857910,-104.38860000,-78.37566000
5.91918945,-93.36643000,-71.53625000
5.91979980,-95.48607000,-73.12215000
5.92041016,-102.89530000,-77.19135000
5.92102051,-93.36346000,-78.71483000
5.92163086,-89.26521000,-83.73956000
5.92224121,-90.67795000,-74.85519000
5.92285156,-100.96070000,-75.40903000
5.92346191,-94.81305000,-75.33624000
5.92407227,-92.11498000,-76.42154000
5.92468262,-98.09691000,-95.79563000
5.92529297,-97.05574000,-73.60845000
5.92590332,-99.41338000,-68.50317000
5.92651367,-97.80941000,-68.63251000
5.92712402,-92.16445000,-74.10272000
5.92773438,-96.68130000,-85.24352000
5.92834473,-97.86864000,-78.66603000
5.92895508,-95.76027000,-77.89278000
5.92956543,-95.43847000,-86.55043000
5.93017578,-100.90320000,-75.48614000
5.93078613,-98.37720000,-79.20844000
5.93139648,-100.79770000,-83.79968000
5.93200684,-102.89890000,-88.63510000
5.93261719,-97.35780000,-77.56314000
5.93322754,-101.74280000,-80.56637000
5.93383789,-108.75150000,-89.45209000
5.93444824,-93.48031000,-79.72311000
5.93505859,-89.09163000,-81.47356000
5.93566895,-90.72895000,-89.46309000
5.93627930,-90.96748000,-76.57800000
5.93688965,-100.59390000,-74.23073000
5.93750000,-94.07731000,-81.34511000
5.93811035,-87.50517000,-86.24364000
5.93872070,-88.26935000,-81.87588000
5.93933105,-91.95555000,-76.54240000
5.93994141,-88.91537000,-74.26997000
5.94055176,-90.52319000,-75.75763000
5.94116211,-91.12508000,-79.06804000
5.94177246,-91.41521000,-79.58324000
5.94238281,-93.44795000,-75.92242000
5.94299316,-91.00711000,-81.33041000
5.94360352,-84.84779000,-71.11351000
5.94421387,-85.91931000,-72.11994000
5.94482422,-92.46429000,-76.45210000
5.94543457,-98.65105000,-74.85819000
5.94604492,-92.19028000,-81.01951000
5.94665527,-93.14510000,-88.91367000
5.94726563,-100.09960000,-74.91372000
5.94787598,-99.66295000,-71.56905000
5.94848633,-103.80710000,-72.04499000
5.94909668,-94.47427000,-74.54135000
5.94970703,-90.77527000,-79.41057000
5.95031738,-93.24673000,-71.08412000
5.95092773,-100.45120000,-71.47529000
5.95153809,-94.82070000,-74.60742000
5.95214844,-95.94885000,-78.74717000
5.95275879,-95.21957000,-84.81752000
5.95336914,-98.94258000,-73.53744000
5.95397949,-93.68102000,-74.00285000
5.95458984,-87.78634000,-81.24776000
5.95520020,-88.45016000,-80.55046000
5.95581055,-103.48640000,-70.21626000
5.95642090,-94.24061000,-67.15085000
5.95703125,-96.94253000,-70.56345000
5.95764160,-96.61193000,-75.27084000
5.95825195,-89.83832000,-71.15670000
5.95886230,-85.76908000,-72.64807000
5.95947266,-85.57370000,-82.52199000
5.96008301,-90.00005000,-82.27118000
5.96069336,-103.63510000,-80.41148000
5.96130371,-89.12604000,-79.04276000
5.96191406,-89.48897000,-71.28242000
5.96252441,-92.16358000,-69.54510000
5.96313477,-90.37233000,-71.02537000
5.96374512,-93.48711000,-73.50040000
5.96435547,-100.32020000,-87.61206000
5.96496582,-102.05630000,-76.71747000
5.96557617,-91.52603000,-75.46312000
5.96618652,-89.53410000,-74.25972000
5.96679688,-91.39023000,-77.54819000
5.96740723,-99.78142000,-87.36470000
5.96801758,-91.00788000,-85.48169000
5.96862793,-91.17622000,-83.22383000
5.96923828,-95.01664000,-86.24774000
5.96984863,-95.42855000,-85.29827000
5.97045898,-91.14130000,-74.46176000
5.97106934,-91.80988000,-66.43692000
5.97167969,-93.39348000,-64.96978000
5.97229004,-96.45717000,-65.58317000
5.97290039,-89.18320000,-66.17027000
5.97351074,-82.28118000,-68.51388000
5.97412109,-87.27805000,-79.56675000
5.97473145,-100.90790000,-79.50818000
5.97534180,-92.59818000,-75.77186000
5.97595215,-87.13484000,-78.04411000
5.97656250,-88.21893000,-79.05507000
5.97717285,-104.86370000,-70.06402000
5.97778320,-97.28005000,-70.66502000
5.97839355,-93.18930000,-76.81831000
5.97900391,-90.56403000,-77.46577000
5.97961426,-95.11890000,-84.23396000
5.98022461,-94.39635000,-81.16066000
5.98083496,-90.06401000,-82.52735000
5.98144531,-92.12733000,-73.28132000
5.98205566,-101.72770000,-70.65884000
5.98266602,-89.49593000,-72.16317000
5.98327637,-88.46023000,-74.40143000
5.98388672,-92.71438000,-78.19742000
5.98449707,-95.81841000,-73.18149000
5.98510742,-95.46382000,-72.82753000
5.98571777,-98.15858000,-77.03934000
5.98632813,-92.63435000,-88.97933000
5.98693848,-96.50310000,-92.20467000
5.98754883,-96.64413000,-81.84969000
5.98815918,-92.66404000,-77.43169000
5.98876953,-99.83826000,-74.61598000
5.98937988,-99.73524000,-77.05466000
5.98999023,-94.97945000,-72.66767000
5.99060059,-94.02734000,-69.66254000
5.99121094,-90.62318000,-74.46144000
5.99182129,-91.71217000,-77.27762000
5.99243164,-102.17780000,-70.79488000
5.99304199,-91.15005000,-69.60448000
5.99365234,-85.50613000,-74.30273000
5.99426270,-87.03777000,-72.55604000
5.99487305,-91.25367000,-73.57526000
5.99548340,-91.73656000,-77.27486000
5.99609375,-94.21681000,-91.86424000
5.99670410,-91.95029000,-78.80920000
5.99731445,-90.10535000,-73.32755000
5.99792480,-92.54091000,-73.26997000
5.99853516,-101.27370000,-74.10692000
5.99914551,-103.21310000,-70.46362000
5.99975586,-107.56680000,-75.27650000
6.00036621,-97.94672000,-79.74771000
6.00097656,-99.66878000,-82.59418000
6.00158691,-109.81590000,-73.58449000
6.00219727,-102.81810000,-80.70907000
6.00280762,-91.89604000,-76.36556000
6.00341797,-89.11655000,-73.34278000
6.00402832,-96.65396000,-81.95399000
6.00463867,-117.60130000,-80.82082000
6.00524902,-95.18082000,-76.45173000
6.00585938,-94.79391000,-76.40588000
6.00646973,-98.73805000,-74.67940000
6.00708008,-98.59700000,-72.68555000
6.00769043,-96.76878000,-71.49812000
6.00830078,-104.59290000,-73.35286000
6.00891113,-95.19769000,-72.88026000
6.00952148,-97.72603000,-73.16418000
6.01013184,-98.26751000,-74.70102000
6.01074219,-93.87572000,-73.26853000
6.01135254,-93.50549000,-76.69420000
6.01196289,-93.17941000,-79.43424000
6.01257324,-97.71415000,-73.55119000
6.01318359,-96.59203000,-78.25654000
6.01379395,-92.43249000,-74.60587000
6.01440430,-95.83110000,-70.75812000
6.01501465,-95.24033000,-70.85363000
6.01562500,-91.19237000,-75.14218000
6.01623535,-101.73670000,-75.75976000
6.01684570,-94.54807000,-78.02194000
6.01745605,-92.54250000,-78.75854000
6.01806641,-93.58817000,-79.20222000
6.01867676,-95.18619000,-83.06700000
6.01928711,-105.25200000,-78.38053000
6.01989746,-95.17571000,-74.51309000
6.02050781,-94.11449000,-75.34299000
6.02111816,-97.93400000,-73.80907000
6.02172852,-99.01608000,-76.43211000
6.02233887,-93.70757000,-70.42741000
6.02294922,-90.45816000,-73.34840000
6.02355957,-91.42068000,-78.63872000
6.02416992,-95.24639000,-84.30706000
6.02478027,-94.49329000,-82.60942000
6.02539063,-97.15623000,-79.86304000
6.02600098,-104.05020000,-77.69395000
6.02661133,-94.04896000,-74.41422000
6.02722168,-89.16748000,-71.44612000
6.02783203,-93.24930000,-72.50848000
6.02844238,-94.97445000,-77.26208000
6.02905273,-91.77480000,-73.29807000
6.02966309,-92.80977000,-68.13172000
6.03027344,-92.16969000,-67.43650000
6.03088379,-94.12596000,-67.78979000
6.03149414,-91.50085000,-67.35501000
6.03210449,-92.57733000,-70.89866000
6.03271484,-93.49090000,-77.83537000
6.03332520,-85.16311000,-77.98876000
6.03393555,-88.32983000,-74.11431000
6.03454590,-94.94592000,-77.97742000
6.03515625,-90.86312000,-87.62875000
6.03576660,-86.27908000,-77.10400000
6.03637695,-85.87200000,-77.06557000
6.03698730,-87.32719000,-75.97829000
6.03759766,-91.40512000,-75.83472000
6.03820801,-98.30396000,-77.34313000
6.03881836,-91.37366000,-81.57391000
6.03942871,-93.09047000,-78.32422000
6.04003906,-96.56306000,-73.02842000
6.04064941,-102.97080000,-72.66637000
6.04125977,-90.14519000,-74.70397000
6.04187012,-90.22917000,-81.78719000
6.04248047,-105.79510000,-74.74847000
6.04309082,-97.16343000,-75.95521000
6.04370117,-98.23181000,-77.51192000
6.04431152,-94.88713000,-74.96432000
6.04492188,-99.99834000,-75.44949000
6.04553223,-96.47243000,-76.08911000
6.04614258,-88.80036000,-67.73248000
6.04675293,-87.97710000,-65.62387000
6.04736328,-88.83361000,-69.90419000
6.04797363,-86.87398000,-74.84557000
6.04858398,-85.67658000,-78.50425000
6.04919434,-90.98737000,-86.88943000
6.04980469,-90.53882000,-90.57835000
6.05041504,-90.60245000,-73.56958000
6.05102539,-102.75450000,-71.23612000
6.05163574,-89.94247000,-75.57678000
6.05224609,-88.43441000,-74.74029000
6.05285645,-87.83828000,-75.09415000
6.05346680,-88.78871000,-78.76176000
6.05407715,-90.92699000,-79.86005000
6.05468750,-93.63951000,-77.96653000
6.05529785,-100.46290000,-72.97758000
6.05590820,-98.77461000,-74.52744000
6.05651855,-89.70383000,-81.04395000
6.05712891,-87.60281000,-72.65054000
6.05773926,-88.53211000,-78.67744000
6.05834961,-88.04530000,-80.43398000
6.05895996,-85.32964000,-76.10973000
6.05957031,-85.95409000,-72.25732000
6.06018066,-91.52534000,-69.37936000
6.06079102,-96.93909000,-71.54919000
6.06140137,-99.18633000,-77.94018000
6.06201172,-96.38104000,-77.12775000
6.06262207,-91.35429000,-73.97932000
6.06323242,-86.70502000,-71.73592000
6.06384277,-91.41918000,-75.55451000
6.06445313,-97.33885000,-78.23505000
6.06506348,-95.50713000,-77.20460000
6.06567383,-99.18153000,-79.07508000
6.06628418,-99.83786000,-87.71899000
6.06689453,-93.49560000,-77.36617000
6.06750488,-93.57896000,-70.19193000
6.06811523,-100.61720000,-71.51517000
6.06872559,-99.56635000,-76.04699000
6.06933594,-89.42697000,-77.30032000
6.06994629,-87.51620000,-73.81438000
6.07055664,-92.88370000,-77.81724000
6.07116699,-95.53245000,-88.87627000
6.07177734,-87.66220000,-80.22274000
6.07238770,-88.98058000,-77.95287000
6.07299805,-100.26180000,-78.33604000
6.07360840,-96.03397000,-89.25021000
6.07421875,-106.14160000,-91.72308000
6.07482910,-96.84254000,-84.77711000
6.07543945,-91.45547000,-78.00620000
6.07604980,-93.01711000,-83.84810000
6.07666016,-103.80620000,-79.08607000
6.07727051,-101.28070000,-71.30011000
6.07788086,-96.43569000,-69.04517000
6.07849121,-97.45899000,-74.98079000
6.07910156,-94.27857000,-83.25679000
6.07971191,-94.73523000,-79.87889000
6.08032227,-113.85740000,-83.23759000
6.08093262,-99.54910000,-96.22174000
6.08154297,-93.63511000,-85.60558000
6.08215332,-89.16280000,-78.44446000
6.08276367,-89.26822000,-73.76431000
6.08337402,-87.38702000,-73.48368000
6.08398438,-90.48835000,-78.09760000
6.08459473,-91.38870000,-87.35503000
6.08520508,-87.73209000,-83.54266000
6.08581543,-89.21287000,-79.03417000
6.08642578,-88.12966000,-85.91712000
6.08703613,-86.83198000,-73.07169000
6.08764648,-92.21935000,-71.85893000
6.08825684,-94.22115000,-72.13296000
6.08886719,-90.72373000,-74.26056000
6.08947754,-91.57645000,-75.85883000
6.09008789,-90.22745000,-73.66113000
6.09069824,-87.90497000,-65.93540000
6.09130859,-91.92886000,-63.85044000
6.09191895,-100.99030000,-67.14491000
6.09252930,-87.97990000,-71.14121000
6.09313965,-79.16960000,-68.21384000
6.09375000,-79.29376000,-69.58588000
6.09436035,-90.10313000,-72.53948000
6.09497070,-96.46347000,-82.59602000
6.09558105,-92.78764000,-77.45950000
6.09619141,-90.15725000,-79.89320000
6.09680176,-88.01738000,-81.17648000
6.09741211,-88.34316000,-77.74905000
6.09802246,-90.59190000,-83.81140000
6.09863281,-89.71658000,-85.09509000
6.09924316,-90.97309000,-77.96529000
6.09985352,-93.74323000,-74.81065000
6.10046387,-94.28046000,-77.50414000
6.10107422,-102.03520000,-85.75784000
6.10168457,-89.13669000,-88.63795000
6.10229492,-84.94587000,-79.02166000
6.10290527,-83.04436000,-74.83769000
6.10351563,-83.69798000,-76.19080000
6.10412598,-86.10258000,-74.90937000
6.10473633,-88.98354000,-69.34308000
6.10534668,-91.62160000,-71.24086000
6.10595703,-102.99160000,-69.53174000
6.10656738,-103.55930000,-71.14027000
6.10717773,-104.71600000,-76.40363000
6.10778809,-99.77783000,-78.96480000
6.10839844,-96.15630000,-73.91902000
6.10900879,-91.96118000,-73.21082000
6.10961914,-91.23155000,-74.22860000
6.11022949,-98.50838000,-73.92851000
6.11083984,-81.81901000,-72.73984000
6.11145020,-79.73520000,-77.97865000
6.11206055,-84.02505000,-81.16683000
6.11267090,-86.95601000,-75.70038000
6.11328125,-87.16209000,-71.82661000
6.11389160,-91.52061000,-71.37246000
6.11450195,-91.74690000,-71.59605000
6.11511230,-90.08842000,-69.60580000
6.11572266,-95.51913000,-71.59127000
6.11633301,-96.71623000,-77.71217000
6.11694336,-95.78912000,-83.73042000
6.11755371,-94.28279000,-77.04637000
6.11816406,-97.91534000,-73.60938000
6.11877441,-105.00830000,-80.83099000
6.11938477,-96.12222000,-79.73203000
6.11999512,-93.75641000,-79.53112000
6.12060547,-97.08307000,-81.42413000
6.12121582,-98.69267000,-76.29845000
6.12182617,-97.87357000,-70.17621000
6.12243652,-102.95480000,-69.59428000
6.12304688,-87.64909000,-69.61554000
6.12365723,-84.23145000,-70.98862000
6.12426758,-91.64542000,-75.58207000
6.12487793,-117.15480000,-75.50468000
6.12548828,-95.33283000,-72.86043000
6.12609863,-93.45734000,-74.42464000
6.12670898,-97.26630000,-78.60698000
6.12731934,-90.47549000,-76.98929000
6.12792969,-91.34576000,-81.20502000
6.12854004,-91.43378000,-79.92927000
6.12915039,-97.43364000,-83.79628000
6.12976074,-98.94985000,-78.11916000
6.13037109,-93.40382000,-73.66229000
6.13098145,-94.78479000,-75.16946000
6.13159180,-91.28556000,-83.63911000
6.13220215,-93.66383000,-76.62254000
6.13281250,-91.73338000,-77.11700000
6.13342285,-89.22137000,-82.54698000
6.13403320,-90.30711000,-85.55119000
6.13464355,-94.24194000,-80.92799000
6.13525391,-95.18652000,-74.60536000
6.13586426,-96.44202000,-74.66744000
6.13647461,-99.52032000,-76.83945000
6.13708496,-98.39809000,-86.37196000
6.13769531,-108.47870000,-79.13528000
6.13830566,-99.63094000,-73.72440000
6.13891602,-94.60191000,-72.14516000
6.13952637,-90.64690000,-71.84058000
6.14013672,-88.28999000,-70.53934000
6.14074707,-86.29144000,-69.64237000
6.14135742,-87.56851000,-66.64566000
6.14196777,-88.80067000,-67.64722000
6.14257813,-92.97420000,-74.81839000
6.14318848,-94.54276000,-77.91460000
6.14379883,-89.58887000,-73.93783000
6.14440918,-90.02636000,-70.53370000
6.14501953,-92.16880000,-68.36118000
6.14562988,-90.89368000,-69.59608000
6.14624023,-88.32877000,-72.93887000
6.14685059,-91.42899000,-77.40213000
6.14746094,-98.82289000,-74.97646000
6.14807129,-97.95490000,-72.99359000
6.14868164,-93.88855000,-74.42719000
6.14929199,-88.44883000,-78.03934000
6.14990234,-91.65411000,-76.54285000
6.15051270,-95.80119000,-74.87395000
6.15112305,-98.59047000,-72.88927000
6.15173340,-93.89281000,-70.93301000
6.15234375,-103.02630000,-72.08786000
6.15295410,-85.71097000,-72.43516000
6.15356445,-81.71966000,-68.15807000
6.15417480,-86.47063000,-66.57883000
6.15478516,-102.75930000,-68.73386000
6.15539551,-91.81953000,-72.25810000
6.15600586,-89.71337000,-74.96931000
6.15661621,-94.08248000,-72.82043000
6.15722656,-88.60374000,-73.53387000
6.15783691,-94.91779000,-72.65097000
6.15844727,-93.70698000,-77.44479000
6.15905762,-96.20822000,-81.62543000
6.15966797,-97.66643000,-78.07000000
6.16027832,-94.24087000,-74.81203000
6.16088867,-90.72029000,-70.33821000
6.16149902,-89.28909000,-69.30286000
6.16210938,-97.67765000,-74.85533000
6.16271973,-110.50150000,-85.29726000
6.16333008,-93.06126000,-85.49161000
6.16394043,-91.20368000,-74.93188000
6.16455078,-93.93700000,-74.89600000
6.16516113,-92.62905000,-85.84335000
6.16577148,-105.42350000,-77.83393000
6.16638184,-92.52116000,-75.71738000
6.16699219,-92.16890000,-72.23023000
6.16760254,-90.58465000,-73.56412000
6.16821289,-93.09381000,-89.57788000
6.16882324,-97.20615000,-76.04575000
6.16943359,-88.30838000,-71.75121000
6.17004395,-89.21294000,-73.91989000
6.17065430,-90.06342000,-79.02118000
6.17126465,-87.47765000,-76.93232000
6.17187500,-92.49281000,-73.87444000
6.17248535,-96.36249000,-73.90565000
6.17309570,-104.74850000,-74.74828000
6.17370605,-97.83018000,-75.01057000
6.17431641,-97.65366000,-71.10520000
6.17492676,-89.93218000,-68.73207000
6.17553711,-90.09076000,-70.23090000
6.17614746,-89.82278000,-76.76759000
6.17675781,-91.39767000,-84.03532000
6.17736816,-88.97808000,-74.91574000
6.17797852,-86.47525000,-78.42220000
6.17858887,-89.89064000,-82.87492000
6.17919922,-96.85767000,-76.66616000
6.17980957,-95.48930000,-77.91757000
6.18041992,-95.77042000,-77.86664000
6.18103027,-101.26890000,-81.41411000
6.18164063,-92.60176000,-74.02463000
6.18225098,-92.18613000,-68.56830000
6.18286133,-96.69061000,-68.67082000
6.18347168,-100.93360000,-71.03925000
6.18408203,-98.70651000,-70.84101000
6.18469238,-101.01550000,-67.56449000
6.18530273,-95.48308000,-67.28552000
6.18591309,-93.61073000,-73.16121000
6.18652344,-99.12776000,-75.50671000
6.18713379,-94.72007000,-82.51304000
6.18774414,-86.59538000,-79.21701000
6.18835449,-86.36533000,-75.68617000
6.18896484,-90.91155000,-78.66872000
6.18957520,-96.98701000,-83.25649000
6.19018555,-96.32538000,-82.38227000
6.19079590,-92.53986000,-73.94345000
6.19140625,-89.04924000,-71.82108000
6.19201660,-87.36226000,-74.06715000
6.19262695,-91.42410000,-87.68747000
6.19323730,-101.81190000,-81.80408000
6.19384766,-104.38480000,-80.40515000
6.19445801,-95.81314000,-84.21152000
6.19506836,-92.95270000,-81.26605000
6.19567871,-92.83557000,-83.29754000
6.19628906,-89.08359000,-81.54110000
6.19689941,-90.91364000,-90.07469000
6.19750977,-93.09117000,-78.55369000
6.19812012,-93.71382000,-82.71201000
6.19873047,-88.65220000,-81.67619000
6.19934082,-91.28276000,-82.30660000
6.19995117,-94.63303000,-79.61130000
6.20056152,-87.77422000,-75.21603000
6.20117188,-86.82320000,-75.10504000
6.20178223,-87.78506000,-75.62440000
6.20239258,-88.41737000,-78.28551000
6.20300293,-89.92980000,-82.29389000
6.20361328,-95.64458000,-80.33237000
6.20422363,-98.99982000,-77.52014000
6.20483398,-95.71048000,-80.88599000
6.20544434,-95.50835000,-76.75188000
6.20605469,-96.36678000,-79.19073000
6.20666504,-97.76247000,-74.04291000
6.20727539,-92.32030000,-71.49569000
6.20788574,-98.48069000,-72.29133000
6.20849609,-100.28310000,-79.00623000
6.20910645,-95.05299000,-77.39874000
6.20971680,-96.91153000,-76.79053000
6.21032715,-95.03968000,-78.83478000
6.21093750,-100.80180000,-73.18918000
6.21154785,-94.82011000,-71.74418000
6.21215820,-89.61935000,-75.19028000
6.21276855,-86.00880000,-77.61221000
6.21337891,-78.29877000,-84.51511000
6.21398926,-80.10853000,-74.21505000
6.21459961,-85.87912000,-76.11740000
6.21520996,-87.18661000,-81.71577000
6.21582031,-91.30433000,-90.50576000
6.21643066,-106.41600000,-79.45834000
6.21704102,-97.85964000,-71.45378000
6.21765137,-93.87633000,-68.21700000
6.21826172,-97.29604000,-70.53712000
6.21887207,-90.53005000,-76.21049000
6.21948242,-88.66795000,-80.04395000
6.22009277,-92.38794000,-78.43019000
6.22070313,-92.90388000,-79.16676000
6.22131348,-90.83064000,-75.47137000
6.22192383,-92.10953000,-77.50130000
6.22253418,-92.89883000,-80.30541000
6.22314453,-91.53043000,-83.58280000
6.22375488,-90.30982000,-76.93652000
6.22436523,-94.74097000,-73.43087000
6.22497559,-98.28455000,-76.30084000
6.22558594,-89.07964000,-80.20870000
6.22619629,-88.27278000,-76.53136000
6.22680664,-91.45264000,-71.89368000
6.22741699,-90.31671000,-72.53705000
6.22802734,-101.41310000,-74.04607000
6.22863770,-95.84926000,-71.74630000
6.22924805,-93.20675000,-71.77062000
6.22985840,-89.36938000,-80.50345000
6.23046875,-84.06109000,-72.92227000
6.23107910,-83.55183000,-75.07785000
6.23168945,-89.75307000,-77.19948000
6.23229980,-93.35376000,-69.09805000
6.23291016,-89.59045000,-70.54000000
6.23352051,-94.73891000,-85.13220000
6.23413086,-99.05269000,-77.97529000
6.23474121,-92.47697000,-80.01158000
6.23535156,-89.67345000,-67.20589000
6.23596191,-87.29295000,-66.99746000
6.23657227,-87.34303000,-77.63841000
6.23718262,-88.08481000,-79.94336000
6.23779297,-90.58244000,-84.61212000
6.23840332,-96.20615000,-76.33671000
6.23901367,-97.86638000,-72.38168000
6.23962402,-93.72156000,-70.05260000
6.24023438,-90.40409000,-67.83025000
6.24084473,-88.40819000,-69.46116000
6.24145508,-90.52869000,-73.96171000
6.24206543,-103.74310000,-73.96118000
6.24267578,-96.33320000,-72.36894000
6.24328613,-88.33836000,-74.76820000
6.24389648,-87.39121000,-79.08820000
6.24450684,-89.44502000,-74.42504000
6.24511719,-92.95773000,-69.94348000
6.24572754,-95.71770000,-70.66097000
6.24633789,-96.46666000,-77.49668000
6.24694824,-95.12226000,-83.43472000
6.24755859,-92.77442000,-73.02098000
6.24816895,-98.87885000,-74.99408000
6.24877930,-89.82666000,-74.73212000
6.24938965,-91.25833000,-74.46625000
6.25000000,-94.00925000,-75.50712000
6.25061035,-91.58466000,-72.91158000
6.25122070,-92.84447000,-107.20450000
6.25183105,-93.49061000,-74.64700000
6.25244141,-93.63710000,-76.52383000
6.25305176,-95.19400000,-83.19260000
6.25366211,-99.34633000,-76.20614000
6.25427246,-97.41693000,-74.93980000
6.25488281,-89.06211000,-69.51035000
6.25549316,-90.01884000,-71.19989000
6.25610352,-99.34758000,-78.29532000
6.25671387,-93.68328000,-84.28404000
6.25732422,-91.37288000,-97.16196000
6.25793457,-97.54495000,-79.24422000
6.25854492,-110.60610000,-79.64368000
6.25915527,-104.19640000,-79.26750000
6.25976563,-99.91856000,-73.56624000
6.26037598,-92.35927000,-73.92067000
6.26098633,-86.70752000,-79.80154000
6.26159668,-88.50375000,-74.66862000
6.26220703,-94.88226000,-76.19109000
6.26281738,-103.57610000,-81.38252000
6.26342773,-90.88967000,-83.01933000
6.26403809,-92.73801000,-87.13824000
6.26464844,-99.46176000,-76.69862000
6.26525879,-95.91560000,-78.70523000
6.26586914,-93.11467000,-78.99631000
6.26647949,-93.12737000,-83.33730000
6.26708984,-92.68053000,-75.31817000
6.26770020,-93.03809000,-70.38889000
6.26831055,-105.55910000,-73.63300000
6.26892090,-98.63107000,-107.63790000
6.26953125,-99.74782000,-79.66602000
6.27014160,-100.63900000,-73.07934000
6.27075195,-100.52490000,-71.60533000
6.27136230,-101.58000000,-71.60888000
6.27197266,-99.63533000,-80.28522000
6.27258301,-109.87090000,-77.67465000
6.27319336,-87.37498000,-73.13599000
6.27380371,-86.12842000,-73.14554000
6.27441406,-94.59741000,-72.17435000
6.27502441,-98.28617000,-71.18740000
6.27563477,-92.89806000,-72.32128000
6.27624512,-96.72659000,-74.86887000
6.27685547,-99.11307000,-75.70020000
6.27746582,-92.72567000,-76.42355000
6.27807617,-89.42329000,-75.50837000
6.27868652,-87.93667000,-78.85405000
6.27929688,-89.47263000,-80.17806000
6.27990723,-97.11108000,-81.77387000
6.28051758,-97.78718000,-78.27633000
6.28112793,-94.71996000,-73.30247000
6.28173828,-99.92320000,-70.77560000
6.28234863,-108.18130000,-68.72131000
6.28295898,-94.67709000,-69.42645000
6.28356934,-88.37669000,-80.39679000
6.28417969,-92.06416000,-74.85174000
6.28479004,-105.94800000,-70.52525000
6.28540039,-103.26500000,-70.76760000
6.28601074,-97.40063000,-72.87766000
6.28662109,-93.94775000,-89.81007000
6.28723145,-96.90009000,-77.73866000
6.28784180,-98.49453000,-76.45264000
6.28845215,-97.35147000,-74.38029000
6.28906250,-99.69763000,-77.06718000
6.28967285,-94.55430000,-78.87596000
6.29028320,-86.62727000,-84.53093000
6.29089355,-84.81236000,-85.65923000
6.29150391,-92.19446000,-72.95129000
6.29211426,-108.61760000,-69.91806000
6.29272461,-105.49840000,-75.92870000
6.29333496,-112.11390000,-79.88889000
6.29394531,-95.71132000,-78.80662000
6.29455566,-91.66451000,-82.62695000
6.29516602,-92.30005000,-74.01556000
6.29577637,-95.76723000,-70.27887000
6.29638672,-92.32396000,-68.42472000
6.29699707,-94.80389000,-73.06113000
6.29760742,-95.41759000,-87.47880000
6.29821777,-92.20187000,-80.52066000
6.29882813,-91.61712000,-73.10067000
6.29943848,-114.61190000,-72.74369000
6.30004883,-89.95086000,-77.18336000
6.30065918,-93.60172000,-82.50256000
6.30126953,-93.93951000,-81.97579000
6.30187988,-89.86703000,-81.30289000
6.30249023,-92.06435000,-76.26501000
6.30310059,-91.47247000,-76.22846000
6.30371094,-92.51624000,-75.75688000
6.30432129,-103.80630000,-69.97469000
6.30493164,-94.59560000,-66.68330000
6.30554199,-88.00996000,-67.36110000
6.30615234,-86.67903000,-70.94289000
6.30676270,-90.81054000,-87.07413000
6.30737305,-96.09503000,-73.67739000
6.30798340,-112.02000000,-71.54090000
6.30859375,-99.67287000,-72.40785000
6.30920410,-96.03187000,-76.22138000
6.30981445,-94.40693000,-81.92786000
6.31042480,-100.32830000,-72.79735000
6.31103516,-103.25530000,-69.80321000
6.31164551,-97.25555000,-71.96457000
6.31225586,-92.53754000,-75.14592000
6.31286621,-90.44646000,-88.84190000
6.31347656,-93.46604000,-74.53732000
6.31408691,-94.29314000,-70.37415000
6.31469727,-93.09135000,-73.21440000
6.31530762,-101.54610000,-90.47696000
6.31591797,-100.04480000,-75.78598000
6.31652832,-92.07951000,-72.34573000
6.31713867,-92.03922000,-73.41619000
6.31774902,-99.44360000,-74.08078000
6.31835938,-104.23560000,-76.33292000
6.31896973,-93.14391000,-84.24805000
6.31958008,-87.07155000,-81.17209000
6.32019043,-87.79293000,-77.39257000
6.32080078,-91.74568000,-70.93683000
6.32141113,-98.14450000,-74.68285000
6.32202148,-94.09340000,-76.89573000
6.32263184,-99.26443000,-79.65418000
6.32324219,-102.70440000,-74.54012000
6.32385254,-98.76883000,-70.34908000
6.32446289,-105.22060000,-75.25002000
6.32507324,-92.61906000,-71.80075000
6.32568359,-87.84776000,-72.28290000
6.32629395,-87.67447000,-70.03043000
6.32690430,-90.10764000,-74.16643000
6.32751465,-95.48157000,-86.23592000
6.32812500,-103.00630000,-88.61818000
6.32873535,-94.91749000,-77.50432000
6.32934570,-93.84161000,-70.29823000
6.32995605,-93.81561000,-71.56675000
6.33056641,-96.20392000,-89.47771000
6.33117676,-99.25931000,-76.37581000
6.33178711,-95.67989000,-69.82626000
6.33239746,-95.96172000,-71.83028000
6.33300781,-87.72849000,-85.83859000
6.33361816,-82.58920000,-75.82481000
6.33422852,-88.25454000,-75.37360000
6.33483887,-95.52476000,-77.62441000
6.33544922,-88.85181000,-81.28047000
6.33605957,-86.42979000,-86.52149000
6.33666992,-86.89495000,-75.94470000
6.33728027,-94.55972000,-73.63150000
6.33789063,-94.18535000,-81.84174000
6.33850098,-87.28465000,-73.17901000
6.33911133,-90.05287000,-75.91958000
6.33972168,-104.41300000,-75.12251000
6.34033203,-90.20860000,-75.20097000
6.34094238,-90.16608000,-75.66653000
6.34155273,-92.78209000,-79.14594000
6.34216309,-89.78962000,-72.38523000
6.34277344,-87.38618000,-70.59668000
6.34338379,-88.07516000,-72.78428000
6.34399414,-99.25942000,-71.92626000
6.34460449,-93.08365000,-68.53008000
6.34521484,-87.98985000,-68.56184000
6.34582520,-89.46495000,-70.80133000
6.34643555,-103.50070000,-70.99144000
6.34704590,-95.51235000,-77.14987000
6.34765625,-96.08398000,-77.23697000
6.34826660,-93.07623000,-75.34077000
6.34887695,-94.77689000,-80.61081000
6.34948730,-87.34077000,-88.32169000
6.35009766,-86.55148000,-77.47444000
6.35070801,-87.51184000,-72.93993000
6.35131836,-89.00893000,-69.18620000
6.35192871,-95.89372000,-68.61761000
6.35253906,-98.38461000,-74.27206000
6.35314941,-100.64920000,-89.06856000
6.35375977,-92.22624000,-87.17693000
6.35437012,-97.91296000,-74.86190000
6.35498047,-98.55374000,-72.39912000
6.35559082,-90.45419000,-71.39040000
6.35620117,-88.75523000,-71.05267000
6.35681152,-88.79607000,-74.94312000
6.35742188,-90.88283000,-79.56393000
6.35803223,-91.49181000,-69.78057000
6.35864258,-89.65225000,-65.44837000
6.35925293,-87.88792000,-67.09909000
6.35986328,-89.26680000,-76.14448000
6.36047363,-93.11448000,-80.44595000
6.36108398,-101.96520000,-71.91589000
6.36169434,-91.84187000,-75.99199000
6.36230469,-89.34862000,-76.47321000
6.36291504,-96.17173000,-76.12511000
6.36352539,-92.69640000,-78.30584000
6.36413574,-91.78159000,-82.66032000
6.36474609,-95.07518000,-87.10931000
6.36535645,-97.53339000,-77.98045000
6.36596680,-92.29089000,-73.96725000
6.36657715,-95.71583000,-72.18958000
6.36718750,-97.90945000,-71.42035000
6.36779785,-88.75128000,-76.01595000
6.36840820,-85.81406000,-91.94908000
6.36901855,-89.84024000,-81.48853000
6.36962891,-95.23611000,-76.42130000
6.37023926,-94.98707000,-73.14043000
6.37084961,-92.28413000,-69.29471000
6.37145996,-93.86394000,-72.06801000
6.37207031,-92.10515000,-74.56185000
6.37268066,-88.01194000,-71.57539000
6.37329102,-95.37803000,-76.08611000
6.37390137,-91.35609000,-75.50322000
6.37451172,-90.67483000,-79.22662000
6.37512207,-93.69778000,-78.39741000
6.37573242,-88.66658000,-84.93969000
6.37634277,-87.88248000,-82.01778000
6.37695313,-98.45567000,-75.29710000
6.37756348,-95.11871000,-73.91772000
6.37817383,-92.16496000,-81.31668000
6.37878418,-90.42029000,-73.62558000
6.37939453,-91.05412000,-74.20892000
6.38000488,-92.70824000,-95.08446000
6.38061523,-95.59322000,-71.90454000
6.38122559,-93.08674000,-69.21404000
6.38183594,-91.05046000,-71.93162000
6.38244629,-90.44682000,-72.49005000
6.38305664,-88.40618000,-71.23725000
6.38366699,-92.72910000,-76.21363000
6.38427734,-112.27920000,-75.76392000
6.38488770,-105.95560000,-84.07509000
6.38549805,-94.09807000,-74.83727000
6.38610840,-97.21033000,-77.37095000
6.38671875,-90.84906000,-90.13716000
6.38732910,-88.12218000,-83.35876000
6.38793945,-90.92242000,-76.85712000
6.38854980,-97.11845000,-73.35175000
6.38916016,-92.57448000,-73.41035000
6.38977051,-97.46732000,-76.00648000
6.39038086,-94.47015000,-72.92300000
6.39099121,-95.21912000,-75.07656000
6.39160156,-97.03596000,-77.44986000
6.39221191,-102.74850000,-82.63481000
6.39282227,-96.17804000,-80.35195000
6.39343262,-90.57393000,-72.26996000
6.39404297,-93.96198000,-70.99725000
6.39465332,-90.17371000,-73.24004000
6.39526367,-92.89185000,-80.59570000
6.39587402,-91.60485000,-86.78883000
6.39648438,-99.06248000,-77.63548000
6.39709473,-108.01730000,-73.76680000
6.39770508,-94.18822000,-75.07237000
6.39831543,-88.17876000,-79.64769000
6.39892578,-93.53719000,-82.11780000
6.39953613,-96.15670000,-74.68965000
6.40014648,-90.87393000,-76.04577000
6.40075684,-89.98397000,-73.64231000
6.40136719,-87.89272000,-72.48055000
6.40197754,-87.64618000,-73.35161000
6.40258789,-89.76817000,-72.60333000
6.40319824,-97.24816000,-72.12280000
6.40380859,-103.75220000,-74.30498000
6.40441895,-99.94691000,-73.90073000
6.40502930,-98.18851000,-78.61224000
6.40563965,-100.47620000,-87.94341000
6.40625000,-92.53648000,-82.85059000
6.40686035,-86.62201000,-72.52351000
6.40747070,-88.35512000,-68.73828000
6.40808105,-95.73205000,-74.98660000
6.40869141,-94.06990000,-77.82838000
6.40930176,-100.88130000,-70.96494000
6.40991211,-89.67952000,-69.94076000
6.41052246,-89.19701000,-68.25661000
6.41113281,-86.57004000,-69.53147000
6.41174316,-88.61015000,-74.22794000
6.41235352,-95.21420000,-72.05451000
6.41296387,-93.48550000,-71.85467000
6.41357422,-93.13976000,-77.65769000
6.41418457,-96.54026000,-78.25683000
6.41479492,-101.21910000,-78.91654000
6.41540527,-103.58360000,-74.28492000
6.41601563,-104.82700000,-75.44559000
6.41662598,-95.51361000,-74.63408000
6.41723633,-95.70938000,-73.97769000
6.41784668,-99.22061000,-72.01099000
6.41845703,-93.81793000,-71.43611000
6.41906738,-92.08848000,-73.30230000
6.41967773,-88.01239000,-72.73514000
6.42028809,-88.46157000,-79.33637000
6.42089844,-87.96819000,-81.22665000
6.42150879,-85.49193000,-74.91719000
6.42211914,-86.14815000,-76.45208000
6.42272949,-95.16440000,-79.03084000
6.42333984,-87.53166000,-76.21350000
6.42395020,-86.63893000,-79.58437000
6.42456055,-93.53423000,-91.43954000
6.42517090,-97.33559000,-73.08646000
6.42578125,-92.68428000,-68.99681000
6.42639160,-90.33775000,-71.52620000
6.42700195,-88.43327000,-77.97350000
6.42761230,-91.04333000,-79.38701000
6.42822266,-94.45590000,-78.95958000
6.42883301,-101.82390000,-80.11450000
6.42944336,-106.17190000,-74.56729000
6.43005371,-94.12210000,-76.52089000
6.43066406,-100.64950000,-80.34539000
6.43127441,-94.97311000,-75.02585000
6.43188477,-98.28083000,-73.22778000
6.43249512,-102.75520000,-76.16350000
6.43310547,-95.96422000,-74.76741000
6.43371582,-90.95238000,-75.30923000
6.43432617,-94.66013000,-73.77232000
6.43493652,-100.46370000,-71.95084000
6.43554688,-98.26885000,-72.45831000
6.43615723,-110.11220000,-81.56241000
6.43676758,-95.72647000,-70.98385000
6.43737793,-94.79204000,-71.49097000
6.43798828,-91.33168000,-72.84497000
6.43859863,-96.56897000,-74.85273000
6.43920898,-94.20805000,-82.62814000
6.43981934,-90.50003000,-80.02771000
6.44042969,-92.33823000,-85.44265000
6.44104004,-91.00240000,-87.41767000
6.44165039,-88.64021000,-69.88747000
6.44226074,-88.05670000,-67.97320000
6.44287109,-91.89337000,-72.88239000
6.44348145,-88.18961000,-71.70908000
6.44409180,-85.57194000,-80.87793000
6.44470215,-87.68982000,-81.62268000
6.44531250,-89.63226000,-74.45393000
6.44592285,-93.11418000,-72.91352000
6.44653320,-93.59317000,-75.93433000
6.44714355,-89.37694000,-90.22388000
6.44775391,-89.00436000,-78.58282000
6.44836426,-95.69740000,-79.46876000
6.44897461,-96.80719000,-85.01308000
6.44958496,-94.55090000,-81.96878000
6.45019531,-98.19511000,-67.43392000
6.45080566,-97.91664000,-65.84441000
6.45141602,-87.06189000,-67.98405000
6.45202637,-85.12123000,-70.31005000
6.45263672,-90.85107000,-83.68866000
6.45324707,-86.90837000,-74.15358000
6.45385742,-86.48682000,-71.59174000
6.45446777,-92.73215000,-71.49924000
6.45507813,-95.15580000,-71.13893000
6.45568848,-94.55135000,-69.25067000
6.45629883,-93.13460000,-68.33566000
6.45690918,-99.71343000,-73.06451000
6.45751953,-91.09440000,-73.56105000
6.45812988,-86.63832000,-71.70202000
6.45874023,-84.96069000,-73.63338000
6.45935059,-87.59403000,-74.22407000
6.45996094,-103.19450000,-76.67161000
6.46057129,-97.40327000,-80.03258000
6.46118164,-97.35909000,-78.45440000
6.46179199,-89.66003000,-81.10524000
6.46240234,-88.31929000,-77.10050000
6.46301270,-87.16319000,-71.39550000
6.46362305,-88.68382000,-71.95853000
6.46423340,-94.67552000,-75.81714000
6.46484375,-99.99259000,-74.03223000
6.46545410,-96.02612000,-73.21783000
6.46606445,-87.63890000,-77.57389000
6.46667480,-92.63835000,-87.76078000
6.46728516,-95.54420000,-76.75513000
6.46789551,-99.70778000,-74.24036000
6.46850586,-95.97909000,-72.97797000
6.46911621,-91.00449000,-75.97511000
6.46972656,-96.12141000,-70.83727000
6.47033691,-97.12310000,-66.58891000
6.47094727,-88.97894000,-67.74298000
6.47155762,-85.92094000,-72.85642000
6.47216797,-89.54430000,-87.61473000
6.47277832,-96.43753000,-72.21479000
6.47338867,-98.38710000,-70.86266000
6.47399902,-105.02190000,-67.79942000
6.47460938,-99.72810000,-65.72747000
6.47521973,-95.65065000,-67.25528000
6.47583008,-94.61742000,-69.00105000
6.47644043,-89.85043000,-71.17962000
6.47705078,-93.08282000,-79.39642000
6.47766113,-105.25190000,-77.39614000
6.47827148,-93.73012000,-75.30931000
6.47888184,-91.93225000,-83.68546000
6.47949219,-91.85703000,-89.72337000
6.48010254,-84.54271000,-83.64647000
6.48071289,-83.24253000,-80.90633000
6.48132324,-88.46326000,-77.13853000
6.48193359,-94.58775000,-74.47570000
6.48254395,-100.41140000,-69.55389000
6.48315430,-90.81700000,-70.09902000
6.48376465,-93.67270000,-75.31963000
6.48437500,-107.07050000,-77.03918000
6.48498535,-95.53567000,-80.11055000
6.48559570,-107.52840000,-73.89945000
6.48620605,-95.32528000,-75.59063000
6.48681641,-94.11169000,-84.75023000
6.48742676,-96.88959000,-82.28424000
6.48803711,-89.43777000,-83.42860000
6.48864746,-88.42728000,-84.86855000
6.48925781,-100.58150000,-76.73445000
6.48986816,-92.54823000,-86.09317000
6.49047852,-92.02233000,-77.45794000
6.49108887,-95.07488000,-72.30279000
6.49169922,-96.04979000,-72.08774000
6.49230957,-102.03900000,-75.75545000
6.49291992,-105.01830000,-75.15186000
6.49353027,-102.39000000,-70.40950000
6.49414063,-98.19801000,-73.56398000
6.49475098,-91.27693000,-85.18703000
6.49536133,-90.60356000,-78.78737000
6.49597168,-88.65044000,-80.22215000
6.49658203,-95.96656000,-76.02790000
6.49719238,-96.03789000,-77.38412000
6.49780273,-91.44586000,-81.07619000
6.49841309,-92.49870000,-73.21568000
6.49902344,-94.99202000,-70.57193000
6.49963379,-94.11459000,-72.64226000
6.50024414,-94.86165000,-75.95655000
6.50085449,-104.64000000,-78.11686000
6.50146484,-101.79540000,-80.68401000
6.50207520,-96.33061000,-76.82899000
6.50268555,-89.01115000,-79.95510000
6.50329590,-89.78006000,-80.11902000
6.50390625,-108.65460000,-73.56076000
6.50451660,-97.74409000,-72.32150000
6.50512695,-95.38182000,-74.33945000
6.50573730,-93.80151000,-74.05420000
6.50634766,-100.92520000,-78.66399000
6.50695801,-90.69173000,-83.52508000
6.50756836,-88.16470000,-75.96399000
6.50817871,-89.88987000,-73.58588000
6.50878906,-91.00319000,-75.90070000
6.50939941,-90.45645000,-76.45016000
6.51000977,-91.83254000,-77.85837000
6.51062012,-96.04065000,-90.80787000
6.51123047,-91.43159000,-75.18449000
6.51184082,-93.12889000,-73.44235000
6.51245117,-89.45978000,-74.55299000
6.51306152,-82.97707000,-77.79916000
6.51367188,-85.65688000,-84.59743000
6.51428223,-97.65039000,-78.34769000
6.51489258,-96.23061000,-82.30627000
6.51550293,-103.11070000,-82.47593000
6.51611328,-109.53620000,-73.80991000
6.51672363,-95.31834000,-77.28781000
6.51733398,-88.19138000,-78.70563000
6.51794434,-86.21443000,-75.21322000
6.51855469,-88.03981000,-73.03672000
6.51916504,-93.04307000,-79.49477000
6.51977539,-94.20338000,-91.73371000
6.52038574,-92.00935000,-72.76588000
6.52099609,-95.11520000,-69.92909000
6.52160645,-103.79860000,-73.57910000
6.52221680,-101.44040000,-80.27291000
6.52282715,-114.51840000,-75.52995000
6.52343750,-91.75598000,-73.75289000
6.52404785,-88.92586000,-71.27661000
6.52465820,-89.46998000,-71.99345000
6.52526855,-90.42664000,-78.63570000
6.52587891,-94.42516000,-82.71144000
6.52648926,-92.36947000,-69.43562000
6.52709961,-86.42453000,-67.39436000
6.52770996,-86.56113000,-69.30884000
6.52832031,-88.60107000,-77.13334000
6.52893066,-89.67209000,-77.64307000
6.52954102,-88.30811000,-72.49589000
6.53015137,-84.74992000,-74.30436000
6.53076172,-84.26373000,-75.43977000
6.53137207,-89.04258000,-71.09193000
6.53198242,-97.82810000,-69.90178000
6.53259277,-89.19852000,-73.03185000
6.53320313,-92.59749000,-69.91747000
6.53381348,-103.54820000,-67.58505000
6.53442383,-89.32826000,-71.89513000
6.53503418,-85.21969000,-74.15755000
6.53564453,-87.44402000,-74.51756000
6.53625488,-94.78786000,-74.78375000
6.53686523,-97.76684000,-74.18848000
6.53747559,-91.33511000,-72.76791000
6.53808594,-97.07133000,-80.05154000
6.53869629,-103.52600000,-76.81709000
6.53930664,-98.59332000,-80.35475000
6.53991699,-96.32004000,-88.18359000
6.54052734,-92.91759000,-79.95694000
6.54113770,-92.47588000,-79.84621000
6.54174805,-97.86557000,-70.81176000
6.54235840,-94.48254000,-68.03339000
6.54296875,-89.36276000,-71.34370000
6.54357910,-88.17326000,-81.86481000
6.54418945,-96.05096000,-85.52446000
6.54479980,-99.56509000,-76.92538000
6.54541016,-95.70694000,-86.41197000
6.54602051,-93.54919000,-73.87173000
6.54663086,-95.56917000,-75.54617000
6.54724121,-90.86595000,-85.30840000
6.54785156,-90.97078000,-91.96420000
6.54846191,-89.83926000,-76.41782000
6.54907227,-90.71042000,-86.27861000
6.54968262,-87.72977000,-72.83868000
6.55029297,-86.66945000,-69.24451000
6.55090332,-103.24340000,-82.89714000
6.55151367,-90.67330000,-73.42648000
6.55212402,-90.85891000,-78.23724000
6.55273438,-94.63916000,-74.60091000
6.55334473,-100.96180000,-70.30492000
6.55395508,-97.12528000,-70.08613000
6.55456543,-94.31680000,-71.05614000
6.55517578,-93.67237000,-72.59666000
6.55578613,-97.71494000,-78.99297000
6.55639648,-99.79928000,-76.47562000
6.55700684,-92.89647000,-73.35843000
6.55761719,-94.13761000,-79.46614000
6.55822754,-93.61844000,-82.21402000
6.55883789,-93.22586000,-74.82312000
6.55944824,-95.20896000,-77.81495000
6.56005859,-95.89354000,-79.11617000
6.56066895,-93.24226000,-74.82823000
6.56127930,-89.85664000,-80.05336000
6.56188965,-87.75555000,-72.30588000
6.56250000,-93.57563000,-71.82801000
6.56311035,-123.32670000,-74.81638000
6.56372070,-97.30135000,-76.53226000
6.56433105,-92.80312000,-77.25282000
6.56494141,-98.61845000,-70.25185000
6.56555176,-87.70997000,-67.22752000
6.56616211,-87.57893000,-68.15604000
6.56677246,-97.74876000,-77.85167000
6.56738281,-109.91280000,-77.59998000
6.56799316,-95.58593000,-77.69252000
6.56860352,-99.90058000,-85.63736000
6.56921387,-95.90540000,-82.74590000
6.56982422,-96.69116000,-83.74229000
6.57043457,-95.95275000,-74.92686000
6.57104492,-96.69882000,-77.23857000
6.57165527,-91.72122000,-80.17986000
6.57226563,-86.64421000,-72.21310000
6.57287598,-83.60169000,-69.58228000
6.57348633,-82.98743000,-66.27457000
6.57409668,-86.13815000,-67.31741000
6.57470703,-88.90206000,-73.31261000
6.57531738,-88.79735000,-71.76329000
6.57592773,-89.85536000,-74.55199000
6.57653809,-92.57134000,-80.03729000
6.57714844,-103.75550000,-82.98161000
6.57775879,-89.59172000,-81.77527000
6.57836914,-86.15709000,-89.61575000
6.57897949,-89.10622000,-79.72221000
6.57958984,-91.88747000,-72.32112000
6.58020020,-99.69986000,-70.58205000
6.58081055,-99.07413000,-71.73563000
6.58142090,-104.33820000,-73.02107000
6.58203125,-96.68402000,-77.36490000
6.58264160,-92.77045000,-89.99568000
6.58325195,-96.43677000,-85.17943000
6.58386230,-101.57940000,-91.41921000
6.58447266,-94.40886000,-80.17004000
6.58508301,-91.78239000,-77.21836000
6.58569336,-89.18889000,-78.13611000
6.58630371,-86.96283000,-80.26602000
6.58691406,-88.29645000,-70.52206000
6.58752441,-94.20192000,-70.00551000
6.58813477,-90.88097000,-78.13014000
6.58874512,-86.60339000,-74.55093000
6.58935547,-87.57605000,-76.96450000
6.58996582,-89.09997000,-74.97691000
6.59057617,-89.09346000,-77.44215000
6.59118652,-90.45070000,-70.12415000
6.59179688,-97.48153000,-74.74292000
6.59240723,-113.12500000,-80.38639000
6.59301758,-96.06564000,-79.26910000
6.59362793,-92.20879000,-76.85681000
6.59423828,-92.01255000,-76.24210000
6.59484863,-91.83934000,-68.92738000
6.59545898,-94.85244000,-69.92759000
6.59606934,-96.74709000,-71.92827000
6.59667969,-95.95494000,-75.64122000
6.59729004,-98.57124000,-85.04459000
6.59790039,-96.95308000,-89.28020000
6.59851074,-93.11069000,-82.08032000
6.59912109,-92.41815000,-75.64611000
6.59973145,-87.29613000,-74.04466000
6.60034180,-87.82569000,-78.16247000
6.60095215,-94.31816000,-77.42650000
6.60156250,-96.76537000,-78.75504000
6.60217285,-96.19034000,-84.28737000
6.60278320,-91.62550000,-70.96259000
6.60339355,-85.92737000,-67.12659000
6.60400391,-87.13207000,-68.49526000
6.60461426,-94.04327000,-73.89246000
6.60522461,-94.99416000,-74.41973000
6.60583496,-90.02310000,-77.26622000
6.60644531,-91.95395000,-78.89623000
6.60705566,-100.55610000,-75.24014000
6.60766602,-91.80833000,-69.11339000
6.60827637,-95.19893000,-68.75034000
6.60888672,-97.78841000,-77.00235000
6.60949707,-92.31831000,-81.10672000
6.61010742,-93.46642000,-81.75968000
6.61071777,-102.26660000,-74.58886000
6.61132813,-91.10332000,-76.87587000
6.61193848,-91.09290000,-74.25878000
6.61254883,-95.90430000,-68.99005000
6.61315918,-91.59235000,-69.56197000
6.61376953,-92.14241000,-71.12311000
6.61437988,-113.13740000,-78.07961000
6.61499023,-95.82233000,-77.94200000
6.61560059,-98.21640000,-73.52077000
6.61621094,-96.81181000,-74.21434000
6.61682129,-90.32775000,-81.57924000
6.61743164,-91.08726000,-73.88566000
6.61804199,-97.85668000,-70.92226000
6.61865234,-96.73070000,-72.81813000
6.61926270,-93.59032000,-72.85040000
6.61987305,-88.35379000,-70.06319000
6.62048340,-88.34975000,-71.17528000
6.62109375,-100.47890000,-78.53538000
6.62170410,-97.18213000,-85.47118000
6.62231445,-101.01740000,-74.45069000
6.62292480,-98.71166000,-71.12159000
6.62353516,-91.98952000,-75.23827000
6.62414551,-98.68643000,-83.89011000
6.62475586,-90.94021000,-83.56224000
6.62536621,-85.97230000,-76.61441000
6.62597656,-87.76910000,-70.49683000
6.62658691,-89.04728000,-68.82081000
6.62719727,-90.46116000,-78.01201000
6.62780762,-93.39397000,-69.23573000
6.62841797,-92.83474000,-69.54051000
6.62902832,-94.74773000,-72.92184000
6.62963867,-95.32190000,-73.22818000
6.63024902,-102.81430000,-70.58633000
6.63085938,-91.65141000,-70.86131000
6.63146973,-93.32618000,-71.79485000
6.63208008,-107.42130000,-73.08600000
6.63269043,-91.50105000,-76.84140000
6.63330078,-84.58785000,-78.17143000
6.63391113,-84.63910000,-77.35423000
6.63452148,-86.91642000,-78.24434000
6.63513184,-90.53462000,-98.29296000
6.63574219,-96.72052000,-87.55016000
6.63635254,-99.01491000,-85.74883000
6.63696289,-105.96380000,-75.06816000
6.63757324,-112.73530000,-71.39809000
6.63818359,-98.89391000,-72.76137000
6.63879395,-88.21922000,-76.44402000
6.63940430,-86.09659000,-75.04372000
6.64001465,-94.20720000,-78.71362000
6.64062500,-100.54030000,-74.31483000
6.64123535,-94.97244000,-85.49693000
6.64184570,-99.22084000,-72.75779000
6.64245605,-90.64709000,-70.24248000
6.64306641,-93.96458000,-71.97115000
6.64367676,-97.11590000,-73.71703000
6.64428711,-94.33639000,-74.90168000
6.64489746,-89.27248000,-77.51992000
6.64550781,-91.49017000,-79.66223000
6.64611816,-95.58542000,-75.75417000
6.64672852,-89.53217000,-71.00795000
6.64733887,-91.86279000,-70.12804000
6.64794922,-94.54283000,-76.99349000
6.64855957,-90.35789000,-84.02351000
6.64916992,-89.11586000,-92.58643000
6.64978027,-94.01093000,-71.15176000
6.65039063,-97.53112000,-68.49127000
6.65100098,-93.33904000,-70.17247000
6.65161133,-94.17128000,-74.67202000
6.65222168,-99.79871000,-84.80618000
6.65283203,-96.55700000,-71.97092000
6.65344238,-89.64331000,-71.71185000
6.65405273,-87.36073000,-77.88649000
6.65466309,-90.14085000,-85.49899000
6.65527344,-94.52814000,-75.77669000
6.65588379,-101.39650000,-73.25632000
6.65649414,-95.13683000,-81.72531000
6.65710449,-90.68992000,-75.86994000
6.65771484,-93.40363000,-82.36630000
6.65832520,-106.42930000,-79.32475000
6.65893555,-93.98988000,-75.15301000
6.65954590,-89.67210000,-78.95124000
6.66015625,-99.20533000,-77.03603000
6.66076660,-91.57546000,-71.74610000
6.66137695,-90.66398000,-71.49184000
6.66198730,-90.20329000,-79.17343000
6.66259766,-87.65550000,-78.08414000
6.66320801,-87.27787000,-76.60804000
6.66381836,-87.76506000,-71.49232000
6.66442871,-90.77319000,-70.07001000
6.66503906,-99.66042000,-69.39143000
6.66564941,-106.49470000,-71.34165000
6.66625977,-103.32700000,-81.84045000
6.66687012,-96.28427000,-85.62392000
6.66748047,-98.27136000,-84.36024000
6.66809082,-91.44421000,-79.49966000
6.66870117,-90.09785000,-76.67386000
6.66931152,-96.42258000,-76.23954000
6.66992188,-94.22329000,-70.56845000
6.67053223,-92.83481000,-74.06005000
6.67114258,-95.26686000,-72.97153000
6.67175293,-91.46427000,-67.93277000
6.67236328,-91.08852000,-73.98116000
6.67297363,-94.12685000,-75.89125000
6.67358398,-98.32225000,-73.11752000
6.67419434,-107.71550000,-70.98384000
6.67480469,-92.80119000,-69.79719000
6.67541504,-93.86855000,-69.34775000
6.67602539,-100.98940000,-68.90075000
6.67663574,-95.07507000,-70.82337000
6.67724609,-93.60925000,-76.44247000
6.67785645,-91.47218000,-75.81177000
6.67846680,-93.71294000,-75.99927000
6.67907715,-97.29338000,-83.35886000
6.67968750,-97.58307000,-74.32990000
6.68029785,-97.67670000,-76.37350000
6.68090820,-90.24849000,-77.14339000
6.68151855,-90.03528000,-74.77449000
6.68212891,-90.22839000,-74.20633000
6.68273926,-89.76955000,-74.60525000
6.68334961,-89.95671000,-81.17088000
6.68395996,-95.04422000,-74.17073000
6.68457031,-95.30022000,-71.35088000
6.68518066,-91.35625000,-77.16175000
6.68579102,-92.05490000,-79.52812000
6.68640137,-93.13552000,-70.25667000
6.68701172,-100.39130000,-67.36353000
6.68762207,-92.70150000,-70.72404000
6.68823242,-95.22323000,-81.01350000
6.68884277,-98.02382000,-79.44185000
6.68945313,-97.49277000,-72.21124000
6.69006348,-102.54360000,-75.07798000
6.69067383,-99.66911000,-85.44543000
6.69128418,-103.49320000,-92.67781000
6.69189453,-100.38110000,-79.46980000
6.69250488,-99.21664000,-77.80369000
6.69311523,-87.48189000,-77.20170000
6.69372559,-87.09532000,-75.42458000
6.69433594,-94.92059000,-71.78930000
6.69494629,-98.87852000,-77.44951000
6.69555664,-96.04473000,-74.62245000
6.69616699,-98.92970000,-69.72716000
6.69677734,-104.15150000,-72.33743000
6.69738770,-97.49217000,-81.33457000
6.69799805,-94.80926000,-78.59653000
6.69860840,-92.59648000,-74.03762000
6.69921875,-94.67744000,-73.04671000
6.69982910,-95.84615000,-73.74631000
6.70043945,-96.42902000,-88.22105000
6.70104980,-99.34738000,-71.47784000
6.70166016,-93.67794000,-67.88304000
6.70227051,-87.26543000,-74.73197000
6.70288086,-86.21271000,-74.31011000
6.70349121,-90.05669000,-78.65951000
6.70410156,-93.56193000,-77.95029000
6.70471191,-92.69151000,-77.31281000
6.70532227,-89.51156000,-81.11012000
6.70593262,-88.17817000,-75.68085000
6.70654297,-93.23891000,-79.83707000
6.70715332,-111.53640000,-81.09071000
6.70776367,-94.92748000,-74.39738000
6.70837402,-89.74998000,-75.98119000
6.70898438,-93.53427000,-74.40891000
6.70959473,-94.66037000,-78.69241000
6.71020508,-103.14970000,-79.69736000
6.71081543,-99.08003000,-79.30997000
6.71142578,-95.44911000,-80.57828000
6.71203613,-94.30508000,-82.46341000
6.71264648,-90.30693000,-71.98780000
6.71325684,-90.31656000,-75.02100000
6.71386719,-95.35551000,-73.49494000
6.71447754,-103.66610000,-73.32630000
6.71508789,-97.85841000,-83.08839000
6.71569824,-96.52633000,-72.79007000
6.71630859,-94.52095000,-75.15588000
6.71691895,-95.26204000,-77.61253000
6.71752930,-96.61023000,-78.58459000
6.71813965,-90.28428000,-74.44309000
6.71875000,-93.06151000,-73.74188000
6.71936035,-98.51169000,-76.60172000
6.71997070,-92.78183000,-90.24333000
6.72058105,-93.59829000,-80.61164000
6.72119141,-94.48041000,-75.73573000
6.72180176,-90.44766000,-91.03463000
6.72241211,-89.39124000,-70.60700000
6.72302246,-86.64001000,-71.29633000
6.72363281,-85.19492000,-84.42484000
6.72424316,-91.72198000,-72.16251000
6.72485352,-89.91615000,-76.46202000
6.72546387,-88.02148000,-75.63390000
6.72607422,-90.34082000,-70.52812000
6.72668457,-91.62068000,-74.10340000
6.72729492,-89.47417000,-77.00065000
6.72790527,-88.64452000,-75.02995000
6.72851563,-92.59279000,-73.45009000
6.72912598,-95.86404000,-70.30946000
6.72973633,-100.71500000,-71.97190000
6.73034668,-115.98140000,-79.57945000
6.73095703,-94.86923000,-85.52589000
6.73156738,-87.85104000,-85.98260000
6.73217773,-89.57826000,-77.10619000
6.73278809,-99.29440000,-72.50863000
6.73339844,-92.49504000,-79.09067000
6.73400879,-96.76334000,-77.66579000
6.73461914,-97.30270000,-70.91667000
6.73522949,-96.04700000,-70.40772000
6.73583984,-93.14935000,-75.15228000
6.73645020,-89.57409000,-76.30067000
6.73706055,-88.58679000,-75.08975000
6.73767090,-89.60417000,-78.91232000
6.73828125,-94.33348000,-74.09407000
6.73889160,-97.58322000,-70.32555000
6.73950195,-94.79494000,-83.17462000
6.74011230,-98.31051000,-83.46397000
6.74072266,-95.46745000,-84.16142000
6.74133301,-91.63019000,-81.90071000
6.74194336,-92.96753000,-80.51152000
6.74255371,-96.52574000,-74.49868000
6.74316406,-97.69489000,-75.17889000
6.74377441,-98.91701000,-71.50228000
6.74438477,-95.55495000,-68.96194000
6.74499512,-96.04024000,-69.76347000
6.74560547,-111.10970000,-70.98004000
6.74621582,-104.43530000,-76.00665000
6.74682617,-113.28080000,-73.97527000
6.74743652,-96.68355000,-72.25101000
6.74804688,-94.02771000,-73.74014000
6.74865723,-94.79385000,-81.05818000
6.74926758,-89.74465000,-78.46266000
6.74987793,-90.97706000,-79.14765000
6.75048828,-103.15700000,-79.32719000
6.75109863,-94.33728000,-76.70915000
6.75170898,-99.18431000,-76.56104000
6.75231934,-121.67650000,-80.19802000
6.75292969,-88.89581000,-79.81493000
6.75354004,-85.21626000,-73.05692000
6.75415039,-89.37115000,-72.24360000
6.75476074,-94.72928000,-75.44269000
6.75537109,-100.88380000,-82.17674000
6.75598145,-93.59528000,-82.72408000
6.75659180,-89.26048000,-74.35106000
6.75720215,-89.18812000,-72.71102000
6.75781250,-90.65044000,-71.67615000
6.75842285,-89.40887000,-70.19957000
6.75903320,-90.40602000,-68.64880000
6.75964355,-93.91018000,-70.27703000
6.76025391,-92.36743000,-78.92112000
6.76086426,-92.06242000,-72.00000000
6.76147461,-96.62851000,-73.64051000
6.76208496,-89.66019000,-78.67504000
6.76269531,-90.21948000,-80.74700000
6.76330566,-91.36769000,-73.10242000
6.76391602,-91.16802000,-72.44123000
6.76452637,-101.79090000,-76.32329000
6.76513672,-91.26302000,-72.23390000
6.76574707,-87.71022000,-79.57205000
6.76635742,-88.69648000,-76.21949000
6.76696777,-90.62699000,-73.88699000
6.76757813,-94.89097000,-73.56335000
6.76818848,-106.53470000,-74.78319000
6.76879883,-96.30050000,-70.62867000
6.76940918,-108.04610000,-75.28041000
6.77001953,-98.77109000,-84.22027000
6.77062988,-96.56960000,-94.01373000
6.77124023,-90.75980000,-79.81576000
6.77185059,-87.01977000,-79.50979000
6.77246094,-84.92283000,-78.16164000
6.77307129,-86.20012000,-77.62493000
6.77368164,-91.37221000,-81.17344000
6.77429199,-100.34880000,-78.19872000
6.77490234,-97.82248000,-76.79996000
6.77551270,-92.85641000,-78.05009000
6.77612305,-94.40914000,-77.04514000
6.77673340,-92.41692000,-77.07867000
6.77734375,-88.45078000,-79.40598000
6.77795410,-89.80767000,-79.80686000
6.77856445,-98.71234000,-80.80405000
6.77917480,-97.01926000,-75.02872000
6.77978516,-91.44446000,-71.87995000
6.78039551,-95.83878000,-75.97714000
6.78100586,-103.14850000,-73.64753000
6.78161621,-93.39397000,-76.88094000
6.78222656,-87.03159000,-84.39902000
6.78283691,-89.37517000,-79.17596000
6.78344727,-91.20627000,-76.99869000
6.78405762,-96.65486000,-75.87502000
6.78466797,-93.00206000,-73.82039000
6.78527832,-98.40233000,-77.27286000
6.78588867,-92.97128000,-82.44879000
6.78649902,-87.87674000,-77.58681000
6.78710938,-92.35489000,-73.70160000
6.78771973,-93.98338000,-82.87179000
6.78833008,-104.80450000,-77.61472000
6.78894043,-92.07767000,-73.31796000
6.78955078,-92.78797000,-74.26543000
6.79016113,-94.63434000,-68.22217000
6.79077148,-99.11937000,-69.86000000
6.79138184,-96.24252000,-74.66911000
6.79199219,-93.91074000,-74.03229000
6.79260254,-87.29308000,-69.35545000
6.79321289,-85.37282000,-69.23829000
6.79382324,-89.77952000,-70.64420000
6.79443359,-101.24740000,-69.56866000
6.79504395,-89.69963000,-69.42742000
6.79565430,-93.08221000,-80.03490000
6.79626465,-101.54090000,-74.22513000
6.79687500,-91.36745000,-75.62867000
6.79748535,-85.39944000,-83.13277000
6.79809570,-85.94779000,-75.25418000
6.79870605,-90.66811000,-73.41459000
6.79931641,-98.65924000,-74.01500000
6.79992676,-95.42447000,-81.19246000
6.80053711,-88.51260000,-71.55847000
6.80114746,-88.65757000,-69.83787000
6.80175781,-92.36686000,-69.50341000
6.80236816,-94.14281000,-70.19225000
6.80297852,-98.14698000,-72.04088000
6.80358887,-94.88079000,-71.21627000
6.80419922,-91.25027000,-70.93970000
6.80480957,-98.21135000,-74.78278000
6.80541992,-101.09250000,-75.21400000
6.80603027,-92.55386000,-74.87832000
6.80664063,-88.93795000,-75.91201000
6.80725098,-88.63468000,-73.08745000
6.80786133,-88.92189000,-69.85014000
6.80847168,-91.49834000,-72.51071000
6.80908203,-96.24440000,-80.63756000
6.80969238,-97.61651000,-77.48428000
6.81030273,-94.28365000,-75.44481000
6.81091309,-94.93044000,-72.74115000
6.81152344,-93.16858000,-72.04927000
6.81213379,-98.46028000,-71.11368000
6.81274414,-92.22218000,-69.06220000
6.81335449,-88.22575000,-69.02441000
6.81396484,-92.18172000,-72.54745000
6.81457520,-91.85318000,-75.96165000
6.81518555,-92.39455000,-70.32989000
6.81579590,-107.71910000,-69.61871000
6.81640625,-92.37601000,-76.34522000
6.81701660,-96.13914000,-85.84423000
6.81762695,-110.96040000,-73.26894000
6.81823730,-90.43540000,-72.51503000
6.81884766,-86.54990000,-87.33990000
6.81945801,-91.21918000,-73.56116000
6.82006836,-94.55614000,-80.65167000
6.82067871,-90.48734000,-80.19054000
6.82128906,-87.90103000,-73.26828000
6.82189941,-90.49709000,-75.80046000
6.82250977,-96.39606000,-88.50130000
6.82312012,-94.65788000,-80.37476000
6.82373047,-92.55303000,-74.99184000
6.82434082,-94.70755000,-79.18974000
6.82495117,-91.08677000,-76.01776000
6.82556152,-89.06656000,-72.52940000
6.82617188,-92.10384000,-83.84896000
6.82678223,-87.77293000,-71.40742000
6.82739258,-89.89501000,-69.36534000
6.82800293,-88.83247000,-73.11282000
6.82861328,-87.56287000,-77.16983000
6.82922363,-87.82887000,-78.51099000
6.82983398,-90.73265000,-86.67012000
6.83044434,-89.03654000,-81.94980000
6.83105469,-84.80013000,-76.76550000
6.83166504,-85.78689000,-91.10259000
6.83227539,-89.63836000,-72.64247000
6.83288574,-98.12514000,-77.43346000
6.83349609,-111.18160000,-75.59971000
6.83410645,-97.89609000,-88.04643000
6.83471680,-91.62248000,-70.96600000
6.83532715,-88.82957000,-70.80933000
6.83593750,-90.90805000,-79.76070000
6.83654785,-105.29580000,-72.24895000
6.83715820,-100.73470000,-71.51950000
6.83776855,-104.62540000,-81.63704000
6.83837891,-90.63248000,-85.04547000
6.83898926,-90.41536000,-73.08170000
6.83959961,-92.41064000,-68.92699000
6.84020996,-93.01797000,-69.63807000
6.84082031,-89.70634000,-74.22562000
6.84143066,-88.74953000,-77.66713000
6.84204102,-88.68021000,-68.76540000
6.84265137,-88.93912000,-69.13566000
6.84326172,-84.97830000,-74.68033000
6.84387207,-86.35188000,-78.86020000
6.84448242,-93.19821000,-76.94685000
6.84509277,-100.80830000,-76.25899000
6.84570313,-95.57600000,-70.67525000
6.84631348,-108.02270000,-75.68801000
6.84692383,-95.16700000,-79.20178000
6.84753418,-96.65223000,-77.33599000
6.84814453,-108.79340000,-75.46452000
6.84875488,-103.13030000,-69.47964000
6.84936523,-110.72020000,-74.03506000
6.84997559,-100.58510000,-93.76158000
6.85058594,-92.03920000,-84.68341000
6.85119629,-87.69365000,-77.83649000
6.85180664,-87.94351000,-73.44960000
6.85241699,-95.12718000,-80.02394000
6.85302734,-97.15979000,-91.90257000
6.85363770,-102.79000000,-78.28757000
6.85424805,-98.00200000,-76.26476000
6.85485840,-97.54219000,-75.39593000
6.85546875,-96.97945000,-70.60755000
6.85607910,-89.65387000,-70.52863000
6.85668945,-90.37790000,-76.06288000
6.85729980,-98.16650000,-70.96074000
6.85791016,-114.05870000,-67.23058000
6.85852051,-94.15132000,-65.11433000
6.85913086,-91.84085000,-65.50145000
6.85974121,-96.48395000,-69.99033000
6.86035156,-96.57359000,-79.02661000
6.86096191,-89.74956000,-80.87806000
6.86157227,-87.32915000,-73.30359000
6.86218262,-86.70940000,-77.55611000
6.86279297,-86.62144000,-78.67053000
6.86340332,-90.78476000,-71.71446000
6.86401367,-93.56751000,-71.22073000
6.86462402,-98.51189000,-74.30610000
6.86523438,-92.69250000,-76.78995000
6.86584473,-87.72118000,-88.62395000
6.86645508,-89.17442000,-76.97198000
6.86706543,-93.93371000,-69.93311000
6.86767578,-93.00870000,-69.06423000
6.86828613,-94.50557000,-75.44845000
6.86889648,-90.13130000,-82.41677000
6.86950684,-86.82663000,-70.27330000
6.87011719,-89.52224000,-66.80318000
6.87072754,-93.96069000,-68.74589000
6.87133789,-96.08156000,-86.81190000
6.87194824,-94.68915000,-72.73290000
6.87255859,-103.23060000,-78.12881000
6.87316895,-85.67255000,-73.58633000
6.87377930,-82.73421000,-69.69588000
6.87438965,-88.03284000,-69.88754000
6.87500000,-98.01901000,-72.14130000
6.87561035,-87.37138000,-73.65561000
6.87622070,-91.54854000,-72.60213000
6.87683105,-91.14284000,-73.74372000
6.87744141,-84.90142000,-70.36158000
6.87805176,-84.67708000,-66.05530000
6.87866211,-87.51837000,-67.23212000
6.87927246,-96.36378000,-69.03008000
6.87988281,-96.85925000,-74.64902000
6.88049316,-90.33970000,-86.01486000
6.88110352,-92.36904000,-79.51007000
6.88171387,-100.53980000,-73.40278000
6.88232422,-92.23904000,-72.05098000
6.88293457,-94.20000000,-71.95467000
6.88354492,-97.25630000,-68.12077000
6.88415527,-99.41647000,-69.17793000
6.88476563,-99.78606000,-81.74001000
6.88537598,-93.96263000,-70.13923000
6.88598633,-92.36492000,-69.00916000
6.88659668,-96.09700000,-75.02995000
6.88720703,-102.67850000,-83.17493000
6.88781738,-107.90910000,-87.31160000
6.88842773,-99.79037000,-79.83309000
6.88903809,-88.41220000,-75.84649000
6.88964844,-87.85159000,-72.86440000
6.89025879,-89.78600000,-71.10393000
6.89086914,-90.50439000,-72.43912000
6.89147949,-88.78569000,-79.64346000
6.89208984,-88.86169000,-75.58469000
6.89270020,-90.79765000,-71.31511000
6.89331055,-91.54532000,-73.43560000
6.89392090,-91.76820000,-74.72029000
6.89453125,-89.70174000,-75.52481000
6.89514160,-89.41941000,-76.41135000
6.89575195,-93.38252000,-85.80028000
6.89636230,-98.20319000,-73.54095000
6.89697266,-98.76646000,-71.90705000
6.89758301,-96.72060000,-81.55193000
6.89819336,-90.26122000,-76.00175000
6.89880371,-89.34172000,-75.50900000
6.89941406,-97.09100000,-75.30492000
6.90002441,-96.11247000,-69.33369000
6.90063477,-91.56316000,-69.14905000
6.90124512,-90.02639000,-71.73564000
6.90185547,-87.04131000,-77.15953000
6.90246582,-86.18187000,-74.49435000
6.90307617,-83.63438000,-82.58270000
6.90368652,-84.13448000,-87.45284000
6.90429688,-89.64840000,-81.25436000
6.90490723,-92.46095000,-78.25776000
6.90551758,-89.38408000,-82.62336000
6.90612793,-92.75177000,-82.41072000
6.90673828,-100.21430000,-96.42706000
6.90734863,-100.80270000,-86.09455000
6.90795898,-97.73053000,-103.19380000
6.90856934,-94.22775000,-85.80797000
6.90917969,-89.04533000,-74.90583000
6.90979004,-91.09409000,-72.52112000
6.91040039,-95.21910000,-73.57124000
6.91101074,-91.55145000,-71.70607000
6.91162109,-90.07117000,-71.15871000
6.91223145,-107.83740000,-76.46109000
6.91284180,-94.39983000,-78.21239000
6.91345215,-95.11761000,-72.36362000
6.91406250,-89.23069000,-73.49691000
6.91467285,-91.78510000,-79.00162000
6.91528320,-86.61053000,-77.97758000
6.91589355,-84.67020000,-71.70907000
6.91650391,-86.30390000,-73.09953000
6.91711426,-90.06023000,-78.78695000
6.91772461,-91.80004000,-80.71367000
6.91833496,-88.47972000,-80.71533000
6.91894531,-86.78184000,-72.60224000
6.91955566,-88.08136000,-71.57487000
6.92016602,-93.70218000,-72.24076000
6.92077637,-90.07160000,-73.40263000
6.92138672,-89.54098000,-73.61749000
6.92199707,-93.76393000,-69.81079000
6.92260742,-101.68270000,-70.51330000
6.92321777,-100.69980000,-78.49660000
6.92382813,-93.56454000,-81.46661000
6.92443848,-95.49470000,-74.37704000
6.92504883,-90.38443000,-82.40762000
6.92565918,-89.21494000,-73.76573000
6.92626953,-92.40876000,-74.03622000
6.92687988,-100.82470000,-82.63953000
6.92749023,-91.51834000,-75.74187000
6.92810059,-92.32822000,-71.47613000
6.92871094,-92.33204000,-75.35481000
6.92932129,-89.45340000,-72.47306000
6.92993164,-88.89261000,-71.47218000
6.93054199,-88.77512000,-78.06902000
6.93115234,-87.27561000,-80.46500000
6.93176270,-87.22691000,-80.25855000
6.93237305,-87.62200000,-89.72935000
6.93298340,-87.58702000,-76.17092000
6.93359375,-90.86807000,-75.80679000
6.93420410,-92.61672000,-79.09736000
6.93481445,-89.77379000,-73.84912000
6.93542480,-90.43522000,-78.94246000
6.93603516,-90.12294000,-81.25347000
6.93664551,-87.16450000,-82.99066000
6.93725586,-85.13355000,-92.27672000
6.93786621,-87.90661000,-84.65033000
6.93847656,-95.84784000,-87.23853000
6.93908691,-105.58930000,-78.10019000
6.93969727,-99.69159000,-74.73663000
6.94030762,-92.28613000,-76.89883000
6.94091797,-91.52071000,-85.95702000
6.94152832,-91.42582000,-86.16608000
6.94213867,-93.72377000,-76.05299000
6.94274902,-103.96030000,-72.20901000
6.94335938,-96.26770000,-82.39001000
6.94396973,-95.25116000,-77.16611000
6.94458008,-91.17706000,-77.18289000
6.94519043,-87.87223000,-77.45025000
6.94580078,-88.87885000,-74.77451000
6.94641113,-96.45866000,-76.52564000
6.94702148,-117.66580000,-76.22890000
6.94763184,-114.71800000,-82.67056000
6.94824219,-100.33690000,-85.17621000
6.94885254,-94.58107000,-83.61964000
6.94946289,-101.24280000,-76.18749000
6.95007324,-88.22195000,-72.99489000
6.95068359,-89.43015000,-72.34208000
6.95129395,-97.62585000,-69.34239000
6.95190430,-95.04127000,-70.18842000
6.95251465,-92.98964000,-83.08939000
6.95312500,-95.86735000,-71.98882000
6.95373535,-104.27360000,-68.15556000
6.95434570,-97.62672000,-70.66514000
6.95495605,-93.83272000,-79.88872000
6.95556641,-92.07981000,-78.70972000
6.95617676,-98.28445000,-78.90477000
6.95678711,-96.73219000,-68.50454000
6.95739746,-91.65526000,-67.60172000
6.95800781,-88.53731000,-75.32361000
6.95861816,-92.28779000,-77.87798000
6.95922852,-99.34559000,-70.42528000
6.95983887,-100.99050000,-74.17613000
6.96044922,-98.50655000,-79.74909000
6.96105957,-93.63179000,-80.89130000
6.96166992,-95.17073000,-91.03542000
6.96228027,-91.44057000,-77.82445000
6.96289063,-90.70581000,-72.77478000
6.96350098,-89.98688000,-76.05157000
6.96411133,-92.95071000,-78.58566000
6.96472168,-101.81830000,-70.88528000
6.96533203,-90.67612000,-68.86279000
6.96594238,-90.59866000,-75.21143000
6.96655273,-96.35811000,-82.26271000
6.96716309,-109.70700000,-88.15511000
6.96777344,-100.01740000,-79.87788000
6.96838379,-93.85525000,-73.92911000
6.96899414,-89.29163000,-72.48582000
6.96960449,-86.62468000,-72.29761000
6.97021484,-88.94843000,-70.69176000
6.97082520,-100.38240000,-69.10058000
6.97143555,-93.81082000,-72.50497000
6.97204590,-90.45760000,-84.95456000
6.97265625,-92.42782000,-81.21891000
6.97326660,-93.57097000,-77.10295000
6.97387695,-88.62824000,-77.12479000
6.97448730,-89.18474000,-75.90572000
6.97509766,-92.94903000,-74.84757000
6.97570801,-93.22864000,-88.85459000
6.97631836,-89.65291000,-73.63292000
6.97692871,-88.88396000,-68.91483000
6.97753906,-92.35352000,-68.52322000
6.97814941,-95.34893000,-75.77943000
6.97875977,-90.33969000,-76.52979000
6.97937012,-91.27196000,-79.56693000
6.97998047,-96.99484000,-80.71767000
6.98059082,-98.38747000,-80.06979000
6.98120117,-96.18181000,-78.42529000
6.98181152,-96.58459000,-80.03122000
6.98242188,-94.43320000,-80.08743000
6.98303223,-91.12166000,-74.65488000
6.98364258,-93.49316000,-73.61297000
6.98425293,-88.04061000,-73.68785000
6.98486328,-93.35372000,-82.11250000
6.98547363,-101.50550000,-81.57149000
6.98608398,-92.02533000,-76.33434000
6.98669434,-87.81082000,-76.40851000
6.98730469,-86.12679000,-81.25660000
6.98791504,-86.72069000,-76.63940000
6.98852539,-86.62973000,-74.61044000
6.98913574,-84.79620000,-74.20241000
6.98974609,-86.72092000,-78.39908000
6.99035645,-92.87369000,-71.45518000
6.99096680,-101.25500000,-65.08777000
6.99157715,-104.55040000,-65.11620000
6.99218750,-88.49995000,-68.49930000
6.99279785,-83.95955000,-73.02016000
6.99340820,-84.27468000,-79.84278000
6.99401855,-91.78630000,-80.88586000
6.99462891,-90.77350000,-70.53237000
6.99523926,-92.44518000,-66.26482000
6.99584961,-97.58354000,-66.88569000
6.99645996,-91.25146000,-69.24794000
6.99707031,-93.77325000,-76.63852000
6.99768066,-85.90555000,-79.84159000
6.99829102,-84.24823000,-76.27929000
6.99890137,-87.76024000,-73.13234000
6.99951172,-89.93259000,-75.52177000
7.00012207,-90.76596000,-70.93159000
7.00073242,-95.05649000,-70.48976000
7.00134277,-101.71330000,-73.14432000
7.00195313,-97.07879000,-68.70956000
7.00256348,-95.39595000,-70.93314000
7.00317383,-91.21787000,-91.26897000
7.00378418,-93.35333000,-73.83009000
7.00439453,-105.24330000,-78.12496000
7.00500488,-100.86370000,-82.28187000
7.00561523,-120.55810000,-83.45948000
7.00622559,-105.37720000,-73.25301000
7.00683594,-101.45130000,-71.71994000
7.00744629,-102.23370000,-70.12123000
7.00805664,-100.52670000,-74.48583000
7.00866699,-100.14210000,-84.69550000
7.00927734,-101.85740000,-82.75359000
7.00988770,-96.09576000,-71.17164000
7.01049805,-89.52928000,-68.82145000
7.01110840,-87.51479000,-71.52084000
7.01171875,-88.70602000,-75.94385000
7.01232910,-90.45856000,-80.99734000
7.01293945,-90.56285000,-73.05438000
7.01354980,-88.71400000,-100.51600000
7.01416016,-88.88525000,-71.25397000
7.01477051,-91.74625000,-75.88807000
7.01538086,-96.18561000,-75.51337000
7.01599121,-93.17535000,-71.91950000
7.01660156,-92.85275000,-74.93176000
7.01721191,-95.22958000,-76.77893000
7.01782227,-96.31712000,-77.23463000
7.01843262,-93.81710000,-78.78932000
7.01904297,-94.18193000,-74.91673000
7.01965332,-92.83306000,-76.24368000
7.02026367,-92.27769000,-72.39957000
7.02087402,-91.22568000,-70.70413000
7.02148438,-95.83291000,-70.35697000
7.02209473,-90.71346000,-71.66312000
7.02270508,-87.52188000,-70.40276000
7.02331543,-87.43389000,-77.38120000
7.02392578,-91.36391000,-75.23267000
7.02453613,-89.08982000,-71.55949000
7.02514648,-88.54807000,-69.05362000
7.02575684,-93.15850000,-70.36472000
7.02636719,-99.61145000,-83.40028000
7.02697754,-95.63972000,-70.08593000
7.02758789,-95.65942000,-72.82675000
7.02819824,-98.60736000,-78.04739000
7.02880859,-86.81359000,-71.23984000
7.02941895,-84.99118000,-74.47190000
7.03002930,-87.78480000,-82.39478000
7.03063965,-97.15935000,-78.50801000
7.03125000,-106.65590000,-84.92329000
7.03186035,-106.36370000,-74.78923000
7.03247070,-98.27942000,-71.44907000
7.03308105,-109.20750000,-70.21120000
7.03369141,-94.84221000,-71.01962000
7.03430176,-91.65226000,-66.90423000
7.03491211,-100.95180000,-64.92370000
7.03552246,-94.50517000,-69.71118000
7.03613281,-93.88861000,-84.65629000
7.03674316,-92.44190000,-76.05727000
7.03735352,-92.80197000,-83.07331000
7.03796387,-98.78284000,-89.12103000
7.03857422,-96.44288000,-81.06084000
7.03918457,-93.30917000,-75.46511000
7.03979492,-92.02107000,-71.00560000
7.04040527,-92.45818000,-73.30207000
7.04101563,-94.16441000,-75.34846000
7.04162598,-96.17890000,-80.07045000
7.04223633,-103.50160000,-77.77010000
7.04284668,-105.81420000,-90.49560000
7.04345703,-99.90371000,-74.37958000
7.04406738,-99.87868000,-75.97751000
7.04467773,-99.79573000,-81.54095000
7.04528809,-94.38188000,-70.44743000
7.04589844,-90.96899000,-66.02147000
7.04650879,-89.91314000,-68.17337000
7.04711914,-88.41750000,-73.35469000
7.04772949,-85.86433000,-78.70235000
7.04833984,-88.42210000,-81.52451000
7.04895020,-99.36626000,-74.48317000
7.04956055,-112.12010000,-85.21569000
7.05017090,-109.40380000,-71.53052000
7.05078125,-94.03665000,-68.97889000
7.05139160,-92.54760000,-72.01852000
7.05200195,-117.51980000,-75.07475000
7.05261230,-90.74876000,-72.03605000
7.05322266,-85.95296000,-69.49706000
7.05383301,-93.58868000,-70.19956000
7.05444336,-92.46093000,-69.24509000
7.05505371,-94.02107000,-67.87487000
7.05566406,-99.11452000,-73.71969000
7.05627441,-88.67236000,-77.85460000
7.05688477,-86.08733000,-72.73037000
7.05749512,-89.47607000,-73.24213000
7.05810547,-101.22180000,-73.24653000
7.05871582,-90.05180000,-69.44285000
7.05932617,-90.23875000,-67.45163000
7.05993652,-93.16733000,-68.80586000
7.06054688,-91.83858000,-75.07629000
7.06115723,-97.84549000,-76.79070000
7.06176758,-106.03840000,-72.57201000
7.06237793,-100.70070000,-68.27272000
7.06298828,-99.26736000,-70.33134000
7.06359863,-96.82318000,-80.26541000
7.06420898,-92.21066000,-78.63667000
7.06481934,-95.47986000,-88.95787000
7.06542969,-96.99757000,-79.44995000
7.06604004,-93.12640000,-74.48335000
7.06665039,-93.66399000,-69.92514000
7.06726074,-95.05851000,-69.69080000
7.06787109,-107.23560000,-76.46658000
7.06848145,-101.93240000,-78.82489000
7.06909180,-97.48888000,-74.40093000
7.06970215,-97.46784000,-73.70059000
7.07031250,-90.89950000,-69.09795000
7.07092285,-88.80598000,-68.12751000
7.07153320,-91.11053000,-72.42062000
7.07214355,-97.10159000,-76.81850000
7.07275391,-96.65723000,-73.65018000
7.07336426,-98.94496000,-69.13408000
7.07397461,-97.13497000,-69.77666000
7.07458496,-90.98377000,-69.94826000
7.07519531,-89.84903000,-65.75767000
7.07580566,-95.45416000,-64.63081000
7.07641602,-95.09850000,-68.83162000
7.07702637,-99.36440000,-74.06984000
7.07763672,-92.54283000,-75.19802000
7.07824707,-90.85675000,-75.74143000
7.07885742,-93.98654000,-76.57752000
7.07946777,-92.40508000,-83.99235000
7.08007813,-94.85712000,-81.40807000
7.08068848,-96.89460000,-76.67410000
7.08129883,-96.11706000,-76.65488000
7.08190918,-94.70887000,-84.26219000
7.08251953,-90.30627000,-73.25624000
7.08312988,-94.27661000,-74.03596000
7.08374023,-100.19450000,-76.43430000
7.08435059,-107.88570000,-75.14795000
7.08496094,-98.53240000,-72.43787000
7.08557129,-100.30270000,-73.70638000
7.08618164,-92.87497000,-72.70709000
7.08679199,-94.47712000,-72.06427000
7.08740234,-94.12010000,-75.85678000
7.08801270,-99.77425000,-73.71551000
7.08862305,-92.67480000,-77.75224000
7.08923340,-86.74781000,-85.98693000
7.08984375,-90.40907000,-75.09227000
7.09045410,-97.62203000,-75.06743000
7.09106445,-95.27577000,-79.62273000
7.09167480,-95.75278000,-82.78165000
7.09228516,-97.31388000,-76.21088000
7.09289551,-105.79080000,-75.02296000
7.09350586,-101.64250000,-75.20697000
7.09411621,-97.17465000,-77.05039000
7.09472656,-101.75350000,-74.90927000
7.09533691,-98.34583000,-70.87421000
7.09594727,-97.81982000,-72.00436000
7.09655762,-99.18716000,-82.21130000
7.09716797,-96.41254000,-72.66236000
7.09777832,-91.01184000,-74.24960000
7.09838867,-92.38092000,-70.92909000
7.09899902,-101.40310000,-71.92586000
7.09960938,-95.99984000,-74.31458000
7.10021973,-93.01788000,-73.85779000
7.10083008,-85.40397000,-75.29553000
7.10144043,-88.53882000,-78.21369000
7.10205078,-92.05926000,-77.67477000
7.10266113,-92.61314000,-77.48936000
7.10327148,-105.88160000,-81.31436000
7.10388184,-102.25040000,-76.24732000
7.10449219,-97.71516000,-71.68156000
7.10510254,-98.59722000,-71.80539000
7.10571289,-95.27316000,-71.46746000
7.10632324,-95.24469000,-70.85594000
7.10693359,-96.44690000,-74.76744000
7.10754395,-100.55840000,-69.64257000
7.10815430,-95.07110000,-73.20267000
7.10876465,-96.09193000,-72.33491000
7.10937500,-92.97500000,-72.85662000
7.10998535,-91.69730000,-80.52392000
7.11059570,-112.94640000,-70.74370000
7.11120605,-96.33793000,-69.29347000
7.11181641,-92.46196000,-70.28915000
7.11242676,-85.06415000,-73.18138000
7.11303711,-81.53648000,-80.42103000
7.11364746,-84.24149000,-76.29317000
7.11425781,-93.25684000,-81.97697000
7.11486816,-94.32732000,-74.57964000
7.11547852,-89.60382000,-71.71069000
7.11608887,-92.01331000,-75.48037000
7.11669922,-93.34426000,-80.06143000
7.11730957,-92.40683000,-79.32538000
7.11791992,-93.14238000,-74.82433000
7.11853027,-90.51295000,-69.87464000
7.11914063,-91.10622000,-71.44537000
7.11975098,-89.77638000,-70.21309000
7.12036133,-89.91485000,-70.17542000
7.12097168,-94.47961000,-69.32191000
7.12158203,-95.86984000,-68.88560000
7.12219238,-94.81716000,-72.90481000
7.12280273,-94.48215000,-74.92081000
7.12341309,-99.41071000,-72.89787000
7.12402344,-106.33210000,-71.69815000
7.12463379,-88.16489000,-74.63441000
7.12524414,-84.06448000,-79.23692000
7.12585449,-88.32111000,-81.27255000
7.12646484,-92.36180000,-71.60575000
7.12707520,-92.71884000,-71.47968000
7.12768555,-94.63768000,-73.10009000
7.12829590,-89.78088000,-68.21123000
7.12890625,-90.92104000,-69.42073000
7.12951660,-101.74970000,-70.36185000
7.13012695,-96.64554000,-69.14838000
7.13073730,-92.85753000,-73.08010000
7.13134766,-92.18060000,-71.84251000
7.13195801,-90.14101000,-72.09361000
7.13256836,-91.30881000,-72.28712000
7.13317871,-90.23403000,-75.16628000
7.13378906,-92.93398000,-74.54845000
7.13439941,-99.36166000,-75.62140000
7.13500977,-88.46252000,-79.95021000
7.13562012,-91.16107000,-82.87776000
7.13623047,-95.80270000,-74.48444000
7.13684082,-97.93486000,-70.09534000
7.13745117,-95.25864000,-68.48506000
7.13806152,-90.87903000,-68.56700000
7.13867188,-96.84596000,-72.12360000
7.13928223,-94.52806000,-74.58522000
7.13989258,-90.33464000,-70.82593000
7.14050293,-91.40837000,-72.50939000
7.14111328,-90.28174000,-82.28484000
7.14172363,-90.61745000,-79.13361000
7.14233398,-94.62032000,-73.95100000
7.14294434,-89.43984000,-71.08420000
7.14355469,-85.61794000,-74.52239000
7.14416504,-89.82451000,-79.50780000
7.14477539,-94.69749000,-72.91319000
7.14538574,-92.43173000,-68.09866000
7.14599609,-97.95445000,-70.50623000
7.14660645,-97.57153000,-75.47251000
7.14721680,-92.38778000,-72.88197000
7.14782715,-97.42015000,-75.88750000
7.14843750,-103.38350000,-77.53976000
7.14904785,-94.19998000,-76.34822000
7.14965820,-90.95010000,-80.90067000
7.15026855,-94.04706000,-79.41290000
7.15087891,-101.52950000,-70.59173000
7.15148926,-97.06367000,-67.49070000
7.15209961,-94.31664000,-73.69398000
7.15270996,-103.18830000,-76.80061000
7.15332031,-90.72038000,-75.18783000
7.15393066,-87.43993000,-71.51778000
7.15454102,-89.48933000,-75.89837000
7.15515137,-99.34007000,-75.24875000
7.15576172,-100.94080000,-69.27039000
7.15637207,-98.87529000,-71.94070000
7.15698242,-99.73534000,-78.12552000
7.15759277,-93.62296000,-67.87198000
7.15820313,-95.91664000,-68.92126000
7.15881348,-101.97510000,-72.16574000
7.15942383,-96.48221000,-73.41504000
7.16003418,-95.75005000,-71.84943000
7.16064453,-96.71752000,-69.78911000
7.16125488,-94.57092000,-73.07852000
7.16186523,-92.09367000,-81.59232000
7.16247559,-88.76725000,-94.27821000
7.16308594,-86.87970000,-85.55991000
7.16369629,-88.62875000,-79.55105000
7.16430664,-96.92631000,-75.57333000
7.16491699,-88.12248000,-73.74566000
7.16552734,-85.81992000,-76.49065000
7.16613770,-89.02321000,-70.53198000
7.16674805,-91.44849000,-66.84938000
7.16735840,-90.21255000,-68.95658000
7.16796875,-88.24280000,-73.84136000
7.16857910,-87.65174000,-72.06114000
7.16918945,-89.89693000,-72.75908000
7.16979980,-87.71968000,-71.76467000
7.17041016,-86.41071000,-76.36766000
7.17102051,-91.48828000,-77.79759000
7.17163086,-103.36530000,-79.50597000
7.17224121,-94.38148000,-73.22976000
7.17285156,-85.83786000,-72.54734000
7.17346191,-84.59923000,-77.89318000
7.17407227,-91.54129000,-81.18852000
7.17468262,-94.10465000,-72.00851000
7.17529297,-90.69920000,-67.50764000
7.17590332,-101.20800000,-68.80026000
7.17651367,-100.66160000,-72.97411000
7.17712402,-90.40341000,-77.54333000
7.17773438,-87.81494000,-76.95976000
7.17834473,-87.90865000,-75.81902000
7.17895508,-89.29358000,-75.55887000
7.17956543,-94.28689000,-76.54657000
7.18017578,-103.38460000,-75.47080000
7.18078613,-92.77727000,-77.27912000
7.18139648,-94.72573000,-73.97907000
7.18200684,-97.97919000,-72.01942000
7.18261719,-90.78162000,-74.37759000
7.18322754,-90.83521000,-79.41103000
7.18383789,-86.24658000,-75.48545000
7.18444824,-89.01595000,-70.75940000
7.18505859,-100.96530000,-72.71302000
7.18566895,-90.81959000,-71.15547000
7.18627930,-88.60928000,-72.25504000
7.18688965,-92.22388000,-80.13934000
7.18750000,-97.31958000,-73.22059000
7.18811035,-90.82826000,-78.07943000
7.18872070,-89.23770000,-74.91166000
7.18933105,-92.07298000,-75.92521000
7.18994141,-91.98274000,-73.15154000
7.19055176,-87.47379000,-75.40954000
7.19116211,-86.42271000,-74.50650000
7.19177246,-88.65225000,-72.13325000
7.19238281,-94.60890000,-87.30167000
7.19299316,-95.28571000,-75.10817000
7.19360352,-88.59413000,-74.97469000
7.19421387,-90.73076000,-80.72285000
7.19482422,-98.48763000,-76.51643000
7.19543457,-102.67900000,-75.39857000
7.19604492,-108.25190000,-78.93951000
7.19665527,-102.18850000,-71.00009000
7.19726563,-96.02680000,-74.05000000
7.19787598,-89.38709000,-90.45956000
7.19848633,-86.74686000,-77.35464000
7.19909668,-95.48492000,-76.08987000
7.19970703,-104.72330000,-72.28912000
7.20031738,-93.77610000,-71.32959000
7.20092773,-91.76381000,-72.34836000
7.20153809,-98.66294000,-76.36256000
7.20214844,-96.16477000,-79.71332000
7.20275879,-102.81290000,-86.47793000
7.20336914,-96.64801000,-80.53288000
7.20397949,-95.62234000,-73.59832000
7.20458984,-97.57487000,-75.00267000
7.20520020,-92.31876000,-90.01018000
7.20581055,-92.80327000,-87.26601000
7.20642090,-95.45081000,-78.23163000
7.20703125,-91.16207000,-84.00028000
7.20764160,-89.85341000,-76.48975000
7.20825195,-112.65280000,-79.86443000
7.20886230,-94.57658000,-75.72582000
7.20947266,-95.94174000,-72.05406000
7.21008301,-101.64200000,-76.33485000
7.21069336,-93.62950000,-82.50748000
7.21130371,-92.20979000,-76.79808000
7.21191406,-95.28130000,-72.95989000
7.21252441,-101.59840000,-73.64600000
7.21313477,-100.28610000,-72.56903000
7.21374512,-94.71042000,-75.04288000
7.21435547,-110.36460000,-77.12577000
7.21496582,-95.35594000,-76.03099000
7.21557617,-98.20000000,-74.81940000
7.21618652,-100.61200000,-79.24151000
7.21679688,-94.43146000,-85.05511000
7.21740723,-92.52163000,-80.63185000
7.21801758,-91.45527000,-78.21025000
7.21862793,-90.21268000,-78.61901000
7.21923828,-89.06329000,-76.02901000
7.21984863,-90.10085000,-72.15907000
7.22045898,-89.59698000,-73.77922000
7.22106934,-88.87908000,-81.09872000
7.22167969,-93.39069000,-73.26740000
7.22229004,-94.66489000,-73.67128000
7.22290039,-93.07899000,-82.77802000
7.22351074,-92.52367000,-79.04814000
7.22412109,-91.11214000,-76.61098000
7.22473145,-92.27145000,-79.56779000
7.22534180,-87.55502000,-79.47788000
7.22595215,-89.20229000,-77.08401000
7.22656250,-97.46266000,-75.97186000
7.22717285,-100.06690000,-77.11673000
7.22778320,-92.66353000,-78.15228000
7.22839355,-90.03335000,-72.62885000
7.22900391,-89.62669000,-72.44714000
7.22961426,-92.02106000,-73.01074000
7.23022461,-118.23620000,-70.32961000
7.23083496,-95.68925000,-75.90050000
7.23144531,-99.01888000,-81.10271000
7.23205566,-92.60796000,-80.30798000
7.23266602,-97.79716000,-78.49145000
7.23327637,-95.33063000,-81.84066000
7.23388672,-107.73580000,-76.60811000
7.23449707,-97.57549000,-75.02482000
7.23510742,-104.99460000,-73.74831000
7.23571777,-92.19910000,-80.47020000
7.23632813,-92.41443000,-79.72027000
7.23693848,-99.10096000,-74.64617000
7.23754883,-91.23043000,-78.90021000
7.23815918,-89.97422000,-82.53989000
7.23876953,-101.92820000,-73.69487000
7.23937988,-101.69240000,-73.57362000
7.23999023,-100.39650000,-75.91998000
7.24060059,-95.64615000,-74.02488000
7.24121094,-94.12261000,-72.57010000
7.24182129,-90.99625000,-72.03046000
7.24243164,-91.23784000,-75.74773000
7.24304199,-95.74909000,-77.57818000
7.24365234,-94.48981000,-72.43923000
7.24426270,-102.01010000,-71.28265000
7.24487305,-98.80231000,-76.45324000
7.24548340,-96.82916000,-84.73251000
7.24609375,-103.06560000,-75.12658000
7.24670410,-108.45020000,-72.46905000
7.24731445,-96.54603000,-78.58155000
7.24792480,-98.98538000,-72.10036000
7.24853516,-90.40959000,-75.87790000
7.24914551,-90.88699000,-77.88765000
7.24975586,-100.07950000,-73.18758000
7.25036621,-102.15950000,-75.30827000
7.25097656,-109.73140000,-76.23489000
7.25158691,-95.13441000,-82.40810000
7.25219727,-91.52386000,-83.64064000
7.25280762,-92.82471000,-72.53293000
7.25341797,-96.62017000,-68.96337000
7.25402832,-98.74458000,-69.08591000
7.25463867,-93.49006000,-72.78206000
7.25524902,-87.77909000,-75.31046000
7.25585938,-85.97530000,-70.79933000
7.25646973,-86.11850000,-71.35857000
7.25708008,-87.86660000,-84.96886000
7.25769043,-90.05409000,-73.43139000
7.25830078,-91.38158000,-71.06324000
7.25891113,-92.98824000,-73.57262000
7.25952148,-90.25156000,-83.79139000
7.26013184,-91.53079000,-72.90975000
7.26074219,-99.61235000,-76.81944000
7.26135254,-93.26746000,-73.76747000
7.26196289,-98.56676000,-74.72259000
7.26257324,-99.59904000,-80.32676000
7.26318359,-91.06717000,-70.86772000
7.26379395,-91.78887000,-68.57194000
7.26440430,-93.20350000,-71.57821000
7.26501465,-91.05370000,-80.64340000
7.26562500,-90.03349000,-81.67487000
7.26623535,-88.88342000,-79.81744000
7.26684570,-91.50277000,-80.43300000
7.26745605,-105.17320000,-78.00346000
7.26806641,-104.44860000,-70.05235000
7.26867676,-99.64091000,-67.08716000
7.26928711,-103.84730000,-66.05847000
7.26989746,-105.52530000,-65.43168000
7.27050781,-104.98550000,-66.26595000
7.27111816,-101.48740000,-71.62711000
7.27172852,-104.95660000,-73.62558000
7.27233887,-98.09071000,-72.58882000
7.27294922,-94.84026000,-73.73306000
7.27355957,-89.62880000,-73.40356000
7.27416992,-97.21322000,-78.04733000
7.27478027,-91.80091000,-80.87605000
7.27539063,-91.93188000,-81.01198000
7.27600098,-102.67340000,-81.81874000
7.27661133,-108.79930000,-81.96655000
7.27722168,-97.91436000,-77.70865000
7.27783203,-92.04568000,-74.72470000
7.27844238,-89.48983000,-71.24164000
7.27905273,-89.51472000,-70.93306000
7.27966309,-90.43968000,-71.05065000
7.28027344,-93.78188000,-76.74430000
7.28088379,-91.02216000,-96.17998000
7.28149414,-96.60995000,-79.68461000
7.28210449,-95.40932000,-72.65471000
7.28271484,-90.83514000,-78.30812000
7.28332520,-94.82678000,-72.78019000
7.28393555,-93.65906000,-71.50735000
7.28454590,-90.64811000,-81.75033000
7.28515625,-91.35591000,-71.18081000
7.28576660,-90.83423000,-71.02541000
7.28637695,-92.23613000,-71.28973000
7.28698730,-99.39307000,-71.73293000
7.28759766,-95.34267000,-70.05249000
7.28820801,-93.10944000,-69.28400000
7.28881836,-91.50409000,-76.03238000
7.28942871,-87.53215000,-74.25216000
7.29003906,-85.19949000,-72.14749000
7.29064941,-86.04691000,-78.38770000
7.29125977,-87.64984000,-74.67753000
7.29187012,-89.10945000,-75.12322000
7.29248047,-96.50232000,-76.23956000
7.29309082,-91.44705000,-70.59070000
7.29370117,-97.58857000,-69.30447000
7.29431152,-92.90587000,-72.67212000
7.29492188,-90.96524000,-72.99297000
7.29553223,-89.54185000,-76.36089000
7.29614258,-89.88998000,-80.14922000
7.29675293,-96.78082000,-76.23463000
7.29736328,-94.61377000,-72.12723000
7.29797363,-85.50278000,-70.62102000
7.29858398,-85.88902000,-72.18753000
7.29919434,-96.74303000,-87.43835000
7.29980469,-99.64384000,-79.32025000
7.30041504,-95.45509000,-72.69809000
7.30102539,-94.22305000,-70.52822000
7.30163574,-89.72672000,-75.62423000
7.30224609,-93.70642000,-76.86750000
7.30285645,-91.96694000,-78.29218000
7.30346680,-89.54771000,-76.95287000
7.30407715,-90.08220000,-73.57767000
7.30468750,-94.60747000,-74.12234000
7.30529785,-105.79920000,-82.16208000
7.30590820,-102.67360000,-84.73235000
7.30651855,-92.66908000,-82.94408000
7.30712891,-90.32478000,-83.93165000
7.30773926,-93.64819000,-76.03468000
7.30834961,-96.60576000,-70.46999000
7.30895996,-98.59524000,-67.78691000
7.30957031,-95.06760000,-69.97525000
7.31018066,-113.75490000,-85.32666000
7.31079102,-93.16543000,-78.20039000
7.31140137,-108.88430000,-79.27158000
7.31201172,-89.72972000,-83.37039000
7.31262207,-89.41102000,-77.39705000
7.31323242,-95.29082000,-73.39258000
7.31384277,-120.19200000,-70.87514000
7.31445313,-99.92371000,-66.27883000
7.31506348,-107.31150000,-65.53462000
7.31567383,-107.87550000,-68.80692000
7.31628418,-104.69080000,-74.14359000
7.31689453,-98.66189000,-85.83778000
7.31750488,-93.08430000,-69.79264000
7.31811523,-97.93000000,-67.86030000
7.31872559,-93.27041000,-71.23523000
7.31933594,-94.75242000,-79.60685000
7.31994629,-95.48156000,-76.60723000
7.32055664,-87.79218000,-70.02412000
7.32116699,-88.47356000,-72.28255000
7.32177734,-89.91760000,-100.08750000
7.32238770,-92.68890000,-75.50683000
7.32299805,-95.36319000,-83.25570000
7.32360840,-93.15113000,-76.61538000
7.32421875,-101.58570000,-78.30493000
7.32482910,-92.58831000,-85.78241000
7.32543945,-92.70138000,-85.47889000
7.32604980,-102.35900000,-99.50470000
7.32666016,-93.48734000,-81.23402000
7.32727051,-88.22421000,-72.65410000
7.32788086,-86.69061000,-66.26782000
7.32849121,-89.62154000,-70.90094000
7.32910156,-96.52232000,-73.26111000
7.32971191,-92.24603000,-67.88424000
7.33032227,-87.91788000,-72.06574000
7.33093262,-89.24632000,-79.09489000
7.33154297,-90.02395000,-71.90085000
7.33215332,-98.22316000,-72.02978000
7.33276367,-99.29239000,-75.09095000
7.33337402,-93.30678000,-88.63326000
7.33398438,-90.81271000,-72.29679000
7.33459473,-93.60432000,-69.10719000
7.33520508,-94.76456000,-69.02212000
7.33581543,-91.08246000,-66.86592000
7.33642578,-93.74249000,-67.61256000
7.33703613,-101.73740000,-73.95906000
7.33764648,-100.43390000,-72.64799000
7.33825684,-96.69174000,-85.65068000
7.33886719,-94.93010000,-76.33327000
7.33947754,-91.87178000,-74.94174000
7.34008789,-87.58252000,-76.28085000
7.34069824,-88.79767000,-78.47567000
7.34130859,-89.72052000,-71.09136000
7.34191895,-90.47560000,-75.34055000
7.34252930,-90.12195000,-81.35132000
7.34313965,-90.13808000,-75.27077000
7.34375000,-93.90225000,-75.16011000
7.34436035,-99.91260000,-77.75439000
7.34497070,-96.34137000,-90.79413000
7.34558105,-95.74155000,-77.58783000
7.34619141,-89.80875000,-82.84187000
7.34680176,-88.02024000,-84.01210000
7.34741211,-94.58123000,-79.39992000
7.34802246,-100.64920000,-72.71085000
7.34863281,-91.44849000,-70.00757000
7.34924316,-90.53912000,-71.01958000
7.34985352,-90.56301000,-72.87195000
7.35046387,-88.88826000,-74.52662000
7.35107422,-85.56512000,-82.75302000
7.35168457,-84.51517000,-72.67616000
7.35229492,-89.82629000,-68.85052000
7.35290527,-97.53979000,-71.67394000
7.35351563,-91.04070000,-75.98296000
7.35412598,-99.19724000,-69.00620000
7.35473633,-93.25304000,-66.86082000
7.35534668,-90.18898000,-70.30980000
7.35595703,-86.54765000,-75.81809000
7.35656738,-89.46479000,-78.54657000
7.35717773,-102.48420000,-78.90659000
7.35778809,-92.95665000,-71.64172000
7.35839844,-94.01349000,-70.73045000
7.35900879,-93.76118000,-71.08559000
7.35961914,-87.04752000,-71.04964000
7.36022949,-88.28020000,-71.01937000
7.36083984,-96.65213000,-70.84090000
7.36145020,-93.37778000,-70.50558000
7.36206055,-88.61350000,-70.82460000
7.36267090,-91.85130000,-70.64799000
7.36328125,-103.96230000,-75.00596000
7.36389160,-96.78979000,-78.18727000
7.36450195,-95.69972000,-75.53294000
7.36511230,-91.63985000,-71.40865000
7.36572266,-88.51597000,-71.00481000
7.36633301,-92.93793000,-69.15010000
7.36694336,-109.46730000,-70.88208000
7.36755371,-97.86317000,-72.95955000
7.36816406,-97.38514000,-71.59831000
7.36877441,-106.61050000,-73.00259000
7.36938477,-97.27383000,-74.56371000
7.36999512,-98.71396000,-72.31448000
7.37060547,-101.15330000,-71.63039000
7.37121582,-107.32510000,-74.50345000
7.37182617,-91.94274000,-74.03867000
7.37243652,-93.68616000,-77.30021000
7.37304688,-101.95140000,-78.54135000
7.37365723,-100.72590000,-83.29825000
7.37426758,-91.16593000,-77.47336000
7.37487793,-88.01026000,-74.13453000
7.37548828,-89.89415000,-75.76480000
7.37609863,-95.11829000,-72.75996000
7.37670898,-95.17999000,-66.74964000
7.37731934,-94.63049000,-67.31728000
7.37792969,-89.63619000,-67.62462000
7.37854004,-86.88568000,-67.68808000
7.37915039,-85.25117000,-71.00798000
7.37976074,-88.23177000,-75.03608000
7.38037109,-93.27293000,-73.01504000
7.38098145,-91.45297000,-69.60961000
7.38159180,-87.72617000,-69.50293000
7.38220215,-92.34303000,-72.99403000
7.38281250,-97.91192000,-75.24223000
7.38342285,-90.99846000,-71.77222000
7.38403320,-91.50425000,-71.02940000
7.38464355,-98.54346000,-69.35117000
7.38525391,-91.74145000,-69.94006000
7.38586426,-85.96233000,-73.77132000
7.38647461,-90.58389000,-73.92538000
7.38708496,-108.42060000,-67.76311000
7.38769531,-106.82370000,-67.03365000
7.38830566,-93.68843000,-72.37794000
7.38891602,-91.88791000,-76.99260000
7.38952637,-91.25686000,-71.28009000
7.39013672,-94.75880000,-69.93628000
7.39074707,-94.40197000,-72.94878000
7.39135742,-92.39579000,-89.22756000
7.39196777,-92.77744000,-76.41802000
7.39257813,-91.68411000,-73.09725000
7.39318848,-92.27576000,-71.48929000
7.39379883,-94.98795000,-73.25095000
7.39440918,-100.75900000,-73.10221000
7.39501953,-90.64159000,-78.13450000
7.39562988,-103.28790000,-81.05635000
7.39624023,-93.88451000,-76.93204000
7.39685059,-91.88744000,-77.27709000
7.39746094,-95.37210000,-72.64031000
7.39807129,-96.88035000,-73.84386000
7.39868164,-105.44550000,-76.36967000
7.39929199,-90.08971000,-76.30996000
7.39990234,-89.02446000,-73.44812000
7.40051270,-91.75365000,-72.69465000
7.40112305,-92.73822000,-77.84987000
7.40173340,-94.31865000,-77.44147000
7.40234375,-98.53111000,-72.37965000
7.40295410,-94.90288000,-79.48510000
7.40356445,-90.46432000,-82.74093000
7.40417480,-94.70087000,-81.69777000
7.40478516,-106.35030000,-88.47595000
7.40539551,-93.33028000,-83.09840000
7.40600586,-90.68060000,-76.47164000
7.40661621,-93.45287000,-76.09913000
7.40722656,-92.13985000,-78.13724000
7.40783691,-93.36832000,-76.93149000
7.40844727,-99.88672000,-76.04551000
7.40905762,-89.75933000,-88.39474000
7.40966797,-87.97276000,-74.14795000
7.41027832,-92.58541000,-76.53745000
7.41088867,-95.61414000,-82.01346000
7.41149902,-95.57288000,-80.07407000
7.41210938,-97.79136000,-82.78885000
7.41271973,-84.41408000,-75.92771000
7.41333008,-84.22614000,-76.34201000
7.41394043,-92.34748000,-80.65620000
7.41455078,-94.71947000,-80.82951000
7.41516113,-86.97881000,-71.67922000
7.41577148,-84.27521000,-66.97530000
7.41638184,-87.72775000,-68.66124000
7.41699219,-98.72360000,-80.93437000
7.41760254,-98.96339000,-66.56531000
7.41821289,-89.93257000,-65.94646000
7.41882324,-91.00748000,-71.79285000
7.41943359,-95.31007000,-83.64229000
7.42004395,-103.21440000,-92.58652000
7.42065430,-93.87589000,-87.96678000
7.42126465,-87.55756000,-75.27612000
7.42187500,-89.29918000,-78.24579000
7.42248535,-97.30379000,-81.13785000
7.42309570,-94.20235000,-79.31654000
7.42370605,-92.15947000,-73.85213000
7.42431641,-92.22783000,-77.37115000
7.42492676,-79.63670000,-75.80719000
7.42553711,-79.24809000,-73.22707000
7.42614746,-86.53362000,-73.70803000
7.42675781,-91.50695000,-70.92111000
7.42736816,-89.32156000,-69.03535000
7.42797852,-88.85268000,-69.59859000
7.42858887,-89.76863000,-69.04970000
7.42919922,-88.27902000,-69.18454000
7.42980957,-87.90504000,-71.99283000
7.43041992,-96.10052000,-76.32465000
7.43103027,-95.20387000,-78.49776000
7.43164063,-88.67702000,-76.70635000
7.43225098,-92.42760000,-74.57641000
7.43286133,-100.13080000,-72.63490000
7.43347168,-97.78855000,-70.58769000
7.43408203,-102.55540000,-72.43323000
7.43469238,-102.14910000,-70.37199000
7.43530273,-95.07024000,-69.22376000
7.43591309,-95.31536000,-72.93880000
7.43652344,-90.30630000,-79.14388000
7.43713379,-98.37440000,-69.05572000
7.43774414,-90.33622000,-69.21729000
7.43835449,-88.23346000,-76.28102000
7.43896484,-92.38734000,-79.32065000
7.43957520,-92.57903000,-81.08507000
7.44018555,-97.11134000,-76.32346000
7.44079590,-93.16155000,-72.82758000
7.44140625,-95.64549000,-77.51724000
7.44201660,-93.80833000,-78.50864000
7.44262695,-98.08679000,-75.78766000
7.44323730,-98.25309000,-87.18744000
7.44384766,-99.38633000,-70.55550000
7.44445801,-98.74534000,-71.62901000
7.44506836,-99.77602000,-79.86615000
7.44567871,-108.81510000,-71.18682000
7.44628906,-96.68945000,-75.17423000
7.44689941,-93.49120000,-73.36285000
7.44750977,-93.65566000,-71.03716000
7.44812012,-96.55458000,-72.58405000
7.44873047,-97.44528000,-80.41724000
7.44934082,-114.58560000,-76.96309000
7.44995117,-100.13790000,-74.12253000
7.45056152,-106.32280000,-77.43852000
7.45117188,-105.75670000,-81.18537000
7.45178223,-105.55030000,-73.40916000
7.45239258,-93.66602000,-70.46701000
7.45300293,-89.70474000,-74.89720000
7.45361328,-95.27182000,-76.53716000
7.45422363,-98.03044000,-77.98148000
7.45483398,-92.37820000,-80.63969000
7.45544434,-90.39604000,-79.64108000
7.45605469,-89.65043000,-70.12407000
7.45666504,-91.18080000,-72.18839000
7.45727539,-93.35839000,-82.82769000
7.45788574,-102.51060000,-75.78877000
7.45849609,-95.94896000,-73.99546000
7.45910645,-102.76420000,-79.03281000
7.45971680,-91.69261000,-81.44679000
7.46032715,-92.23804000,-74.08080000
7.46093750,-99.79180000,-73.98399000
7.46154785,-94.96458000,-73.71748000
7.46215820,-91.59521000,-76.09480000
7.46276855,-95.15145000,-80.41564000
7.46337891,-103.77640000,-81.38923000
7.46398926,-106.79640000,-76.62599000
7.46459961,-98.01945000,-73.84428000
7.46520996,-95.39088000,-77.55960000
7.46582031,-90.82195000,-75.06894000
7.46643066,-89.15475000,-78.79859000
7.46704102,-86.69151000,-79.26127000
7.46765137,-86.06946000,-69.20564000
7.46826172,-87.99828000,-67.80565000
7.46887207,-88.30728000,-76.72505000
7.46948242,-89.08276000,-74.78593000
7.47009277,-93.36794000,-69.75640000
7.47070313,-96.24670000,-67.68292000
7.47131348,-101.80830000,-67.61868000
7.47192383,-96.04405000,-69.77000000
7.47253418,-93.00771000,-69.68619000
7.47314453,-87.47090000,-74.31926000
7.47375488,-87.86083000,-88.83193000
7.47436523,-88.74932000,-76.26525000
7.47497559,-91.25948000,-70.49609000
7.47558594,-91.95401000,-71.67632000
7.47619629,-88.02197000,-73.77229000
7.47680664,-87.88936000,-80.55115000
7.47741699,-93.08422000,-78.08212000
7.47802734,-102.58090000,-84.64211000
7.47863770,-97.24754000,-86.03667000
7.47924805,-97.36378000,-76.73124000
7.47985840,-96.66190000,-77.57221000
7.48046875,-90.32384000,-84.27666000
7.48107910,-96.18610000,-72.61639000
7.48168945,-90.06310000,-71.00539000
7.48229980,-90.56762000,-73.90310000
7.48291016,-96.02555000,-84.32330000
7.48352051,-91.60146000,-77.76923000
7.48413086,-97.35963000,-73.24712000
7.48474121,-99.89170000,-74.85406000
7.48535156,-101.26070000,-76.85058000
7.48596191,-102.07100000,-80.97333000
7.48657227,-95.32665000,-78.64259000
7.48718262,-97.43645000,-72.77162000
7.48779297,-94.95586000,-74.41939000
7.48840332,-91.27203000,-82.39888000
7.48901367,-107.72310000,-79.86985000
7.48962402,-90.90691000,-80.69827000
7.49023438,-89.68021000,-82.28385000
7.49084473,-94.67152000,-75.25510000
7.49145508,-97.80191000,-69.68593000
7.49206543,-95.45648000,-71.73577000
7.49267578,-94.84107000,-85.15639000
7.49328613,-95.52944000,-72.42474000
7.49389648,-103.47180000,-77.17175000
7.49450684,-103.15420000,-78.21523000
7.49511719,-94.39143000,-70.10167000
7.49572754,-88.89636000,-67.49637000
7.49633789,-85.88272000,-68.86095000
7.49694824,-86.86180000,-72.18391000
7.49755859,-92.75258000,-80.84011000
7.49816895,-95.01767000,-79.90999000
7.49877930,-100.70400000,-89.36268000
7.49938965,-96.91217000,-74.57500000
7.50000000,-91.72231000,-80.60467000
7.50061035,-96.25572000,-79.35629000
7.50122070,-96.75040000,-74.97993000
7.50183105,-96.74573000,-73.92882000
7.50244141,-110.02660000,-73.66279000
7.50305176,-92.75162000,-74.65017000
7.50366211,-88.54279000,-76.84911000
7.50427246,-89.38378000,-80.67844000
7.50488281,-88.51485000,-72.83984000
7.50549316,-89.63280000,-77.24890000
7.50610352,-91.94112000,-81.52966000
7.50671387,-90.71866000,-75.71940000
7.50732422,-88.89598000,-74.55317000
7.50793457,-88.38651000,-106.89090000
7.50854492,-91.46218000,-75.90204000
7.50915527,-96.42683000,-71.72415000
7.50976563,-93.82015000,-71.01543000
7.51037598,-96.26096000,-75.44417000
7.51098633,-97.41467000,-77.48943000
7.51159668,-105.17000000,-72.40520000
7.51220703,-94.75771000,-71.14266000
7.51281738,-92.48792000,-68.44043000
7.51342773,-110.81330000,-66.31905000
7.51403809,-96.80100000,-67.07687000
7.51464844,-94.93449000,-73.12016000
7.51525879,-89.03186000,-72.72326000
7.51586914,-95.71094000,-72.22393000
7.51647949,-94.67104000,-71.10909000
7.51708984,-103.36820000,-68.79639000
7.51770020,-101.96850000,-71.93950000
7.51831055,-100.69550000,-79.09982000
7.51892090,-99.21258000,-77.31471000
7.51953125,-95.52190000,-76.59444000
7.52014160,-91.93375000,-78.53101000
7.52075195,-99.12418000,-76.02366000
7.52136230,-102.04230000,-77.97865000
7.52197266,-93.46190000,-82.01488000
7.52258301,-88.16936000,-76.34350000
7.52319336,-87.13799000,-74.35896000
7.52380371,-90.09063000,-79.80764000
7.52441406,-88.70262000,-78.74678000
7.52502441,-85.43581000,-74.18973000
7.52563477,-85.43149000,-77.06918000
7.52624512,-88.18948000,-72.54536000
7.52685547,-92.24662000,-70.70474000
7.52746582,-93.88221000,-81.39133000
7.52807617,-100.09590000,-74.88828000
7.52868652,-103.05160000,-74.96272000
7.52929688,-100.41480000,-70.44206000
7.52990723,-97.61661000,-69.30780000
7.53051758,-96.78268000,-70.73724000
7.53112793,-97.61134000,-71.62179000
7.53173828,-97.60760000,-72.98825000
7.53234863,-91.86716000,-78.30752000
7.53295898,-90.23596000,-82.92339000
7.53356934,-93.08008000,-78.33204000
7.53417969,-97.92412000,-85.96404000
7.53479004,-90.77802000,-74.80134000
7.53540039,-95.00661000,-68.90994000
7.53601074,-100.43370000,-69.86658000
7.53662109,-94.93745000,-75.56233000
7.53723145,-92.74998000,-77.10130000
7.53784180,-86.71977000,-71.29699000
7.53845215,-82.26159000,-66.26221000
7.53906250,-84.15612000,-63.04001000
7.53967285,-87.90315000,-64.54604000
7.54028320,-89.55158000,-69.12057000
7.54089355,-98.30006000,-71.30207000
7.54150391,-104.13830000,-75.39631000
7.54211426,-96.87196000,-79.47803000
7.54272461,-89.51230000,-75.22271000
7.54333496,-89.00285000,-71.75040000
7.54394531,-93.23479000,-70.39762000
7.54455566,-105.12210000,-69.43124000
7.54516602,-93.00472000,-70.73834000
7.54577637,-96.91852000,-78.12585000
7.54638672,-93.13554000,-86.24592000
7.54699707,-87.90427000,-76.07452000
7.54760742,-89.93763000,-71.05419000
7.54821777,-95.32043000,-71.61867000
7.54882813,-89.59645000,-77.01360000
7.54943848,-93.24040000,-70.35946000
7.55004883,-103.78770000,-69.52937000
7.55065918,-112.72690000,-69.59401000
7.55126953,-113.69360000,-71.67485000
7.55187988,-95.06641000,-75.90686000
7.55249023,-90.95378000,-77.55588000
7.55310059,-92.98759000,-81.76384000
7.55371094,-98.17563000,-80.29557000
7.55432129,-101.63140000,-80.48165000
7.55493164,-101.46490000,-86.92048000
7.55554199,-96.04607000,-83.36568000
7.55615234,-105.94360000,-85.30389000
7.55676270,-94.36355000,-76.27003000
7.55737305,-89.83586000,-71.51685000
7.55798340,-90.22562000,-67.72949000
7.55859375,-98.78828000,-68.27196000
7.55920410,-93.35365000,-71.69283000
7.55981445,-101.47470000,-73.26880000
7.56042480,-92.01603000,-76.37649000
7.56103516,-104.44810000,-88.02859000
7.56164551,-101.66120000,-77.66886000
7.56225586,-94.64760000,-70.90928000
7.56286621,-94.69261000,-70.53920000
7.56347656,-91.45331000,-78.76298000
7.56408691,-91.31553000,-78.67576000
7.56469727,-94.95699000,-73.30542000
7.56530762,-96.87057000,-70.55423000
7.56591797,-95.89243000,-69.54988000
7.56652832,-93.68458000,-73.83195000
7.56713867,-93.14922000,-76.95850000
7.56774902,-90.24460000,-72.11547000
7.56835938,-89.60519000,-72.63477000
7.56896973,-96.71790000,-78.51730000
7.56958008,-93.78641000,-91.41730000
7.57019043,-92.71854000,-82.39084000
7.57080078,-94.53880000,-74.74694000
7.57141113,-93.74825000,-81.52528000
7.57202148,-91.33852000,-76.33867000
7.57263184,-89.30426000,-72.85661000
7.57324219,-91.46329000,-69.52772000
7.57385254,-99.91576000,-81.76037000
7.57446289,-100.68210000,-74.36229000
7.57507324,-90.48736000,-73.62041000
7.57568359,-93.09155000,-70.01176000
7.57629395,-101.01600000,-67.95869000
7.57690430,-90.28640000,-70.65324000
7.57751465,-87.31250000,-76.31873000
7.57812500,-88.08287000,-69.87153000
7.57873535,-91.53881000,-74.58761000
7.57934570,-93.24141000,-78.96900000
7.57995605,-98.15102000,-76.80618000
7.58056641,-98.62910000,-93.40109000
7.58117676,-103.26820000,-79.43288000
7.58178711,-96.18349000,-79.02246000
7.58239746,-115.68650000,-87.97723000
7.58300781,-90.82849000,-75.15491000
7.58361816,-88.14587000,-71.84976000
7.58422852,-87.71252000,-72.29388000
7.58483887,-87.31973000,-73.98018000
7.58544922,-88.59066000,-74.03128000
7.58605957,-94.31740000,-72.64252000
7.58666992,-97.52397000,-68.07870000
7.58728027,-89.87517000,-68.74783000
7.58789063,-91.70227000,-78.94147000
7.58850098,-103.84500000,-77.50235000
7.58911133,-94.97664000,-79.95929000
7.58972168,-95.19713000,-78.97441000
7.59033203,-90.88234000,-71.63773000
7.59094238,-90.28545000,-70.39212000
7.59155273,-91.16752000,-72.24797000
7.59216309,-91.70758000,-76.46923000
7.59277344,-86.68907000,-78.39389000
7.59338379,-84.35674000,-72.15257000
7.59399414,-86.65656000,-72.19155000
7.59460449,-89.93277000,-73.39719000
7.59521484,-96.79776000,-76.13042000
7.59582520,-106.64900000,-77.01508000
7.59643555,-105.20750000,-75.95612000
7.59704590,-94.12372000,-80.31274000
7.59765625,-82.40517000,-77.83438000
7.59826660,-80.97955000,-73.92214000
7.59887695,-89.51268000,-68.32214000
7.59948730,-95.30747000,-68.94669000
7.60009766,-92.80991000,-71.01566000
7.60070801,-92.10124000,-70.95809000
7.60131836,-95.99619000,-73.38737000
7.60192871,-89.52156000,-83.43320000
7.60253906,-91.14491000,-76.54531000
7.60314941,-99.57906000,-73.53426000
7.60375977,-89.08421000,-69.96946000
7.60437012,-87.77916000,-71.66953000
7.60498047,-93.05679000,-81.57909000
7.60559082,-96.11075000,-74.73405000
7.60620117,-100.74650000,-70.07184000
7.60681152,-96.72610000,-70.97627000
7.60742188,-90.35515000,-72.00835000
7.60803223,-91.90271000,-74.80861000
7.60864258,-101.34320000,-74.09148000
7.60925293,-98.54208000,-69.38840000
7.60986328,-93.41838000,-70.18822000
7.61047363,-91.69873000,-80.31872000
7.61108398,-86.51941000,-76.41588000
7.61169434,-90.79282000,-71.66164000
7.61230469,-97.41122000,-68.43542000
7.61291504,-90.85476000,-69.74918000
7.61352539,-90.32347000,-75.74859000
7.61413574,-89.14787000,-77.75491000
7.61474609,-91.38548000,-83.40901000
7.61535645,-91.29846000,-84.86668000
7.61596680,-86.82183000,-77.58443000
7.61657715,-86.39268000,-75.34507000
7.61718750,-86.16192000,-72.26580000
7.61779785,-87.62895000,-71.90671000
7.61840820,-90.24321000,-72.65563000
7.61901855,-96.86131000,-74.94035000
7.61962891,-97.52348000,-74.94537000
7.62023926,-93.26766000,-70.92360000
7.62084961,-99.26071000,-76.20413000
7.62145996,-100.29850000,-71.37535000
7.62207031,-91.84254000,-69.48991000
7.62268066,-96.23638000,-73.07629000
7.62329102,-101.83340000,-76.03090000
7.62390137,-99.11843000,-72.06644000
7.62451172,-99.60159000,-73.36584000
7.62512207,-89.12998000,-83.90154000
7.62573242,-88.95924000,-70.67353000
7.62634277,-89.91873000,-67.54497000
7.62695313,-90.67001000,-69.80115000
7.62756348,-95.98748000,-74.19514000
7.62817383,-91.71896000,-78.18504000
7.62878418,-87.18919000,-74.66471000
7.62939453,-86.32584000,-70.68002000
7.63000488,-87.31625000,-69.22739000
7.63061523,-90.28561000,-71.79587000
7.63122559,-98.59851000,-81.70348000
7.63183594,-89.04060000,-70.29359000
7.63244629,-90.61984000,-78.64499000
7.63305664,-96.17633000,-75.14137000
7.63366699,-98.03847000,-72.10623000
7.63427734,-98.20154000,-71.73534000
7.63488770,-88.91838000,-71.64328000
7.63549805,-86.68388000,-77.79317000
7.63610840,-87.37315000,-77.61710000
7.63671875,-89.97682000,-72.00446000
7.63732910,-92.38332000,-71.85243000
7.63793945,-93.92831000,-73.62785000
7.63854980,-106.91960000,-77.07144000
7.63916016,-92.44858000,-76.09935000
7.63977051,-91.22133000,-75.06860000
7.64038086,-98.04816000,-77.45149000
7.64099121,-94.77890000,-69.67114000
7.64160156,-90.45365000,-71.95700000
7.64221191,-88.95023000,-76.36531000
7.64282227,-88.83552000,-74.75580000
7.64343262,-90.31284000,-72.90908000
7.64404297,-93.03569000,-70.87443000
7.64465332,-99.06793000,-71.58936000
7.64526367,-99.06262000,-77.16836000
7.64587402,-94.10603000,-72.26726000
7.64648438,-95.26114000,-71.86351000
7.64709473,-101.74140000,-82.98302000
7.64770508,-103.12170000,-77.47876000
7.64831543,-107.50770000,-73.40250000
7.64892578,-90.46218000,-73.24055000
7.64953613,-88.02571000,-72.22836000
7.65014648,-91.79677000,-71.23888000
7.65075684,-92.79582000,-72.13142000
7.65136719,-86.96359000,-74.36551000
7.65197754,-86.18959000,-77.80711000
7.65258789,-97.45980000,-76.43533000
7.65319824,-91.55298000,-77.87816000
7.65380859,-88.17404000,-85.42138000
7.65441895,-91.58760000,-87.49239000
7.65502930,-103.77980000,-83.03812000
7.65563965,-94.37981000,-77.48200000
7.65625000,-92.80215000,-71.89178000
7.65686035,-95.47484000,-69.96373000
7.65747070,-92.80521000,-72.81526000
7.65808105,-86.84137000,-72.41732000
7.65869141,-91.56075000,-69.98365000
7.65930176,-89.03045000,-70.14060000
7.65991211,-91.24959000,-73.70490000
7.66052246,-95.48542000,-77.30931000
7.66113281,-88.85405000,-75.29212000
7.66174316,-86.86923000,-75.67607000
7.66235352,-94.56483000,-81.76853000
7.66296387,-97.40434000,-84.21089000
7.66357422,-92.27715000,-81.34822000
7.66418457,-92.32487000,-73.26661000
7.66479492,-106.07830000,-72.15961000
7.66540527,-92.38815000,-76.44588000
7.66601563,-92.28551000,-73.97696000
7.66662598,-101.50530000,-71.14605000
7.66723633,-88.16476000,-78.31261000
7.66784668,-85.73441000,-83.69986000
7.66845703,-88.83983000,-78.99756000
7.66906738,-92.49988000,-78.20198000
7.66967773,-92.11427000,-73.87322000
7.67028809,-89.36726000,-68.56226000
7.67089844,-93.01858000,-71.75042000
7.67150879,-100.62560000,-83.77651000
7.67211914,-100.02900000,-70.64728000
7.67272949,-91.61234000,-68.79861000
7.67333984,-92.33376000,-74.40218000
7.67395020,-90.89185000,-75.09773000
7.67456055,-104.19480000,-65.93524000
7.67517090,-93.75333000,-65.28916000
7.67578125,-98.81470000,-69.08096000
7.67639160,-108.17400000,-75.31414000
7.67700195,-111.77920000,-82.44261000
7.67761230,-97.88589000,-75.26610000
7.67822266,-95.55774000,-68.49917000
7.67883301,-93.24508000,-68.07269000
7.67944336,-96.96733000,-70.73290000
7.68005371,-107.17240000,-72.65572000
7.68066406,-98.04869000,-78.30884000
7.68127441,-94.59167000,-77.34814000
7.68188477,-91.59840000,-71.44751000
7.68249512,-89.04521000,-74.80892000
7.68310547,-86.63735000,-90.26208000
7.68371582,-85.56863000,-72.77689000
7.68432617,-87.59152000,-66.44721000
7.68493652,-98.64295000,-64.29408000
7.68554688,-96.87615000,-67.46781000
7.68615723,-92.38654000,-75.30019000
7.68676758,-88.96850000,-81.38165000
7.68737793,-87.99109000,-80.00331000
7.68798828,-90.03104000,-80.65256000
7.68859863,-93.40035000,-73.10498000
7.68920898,-90.11633000,-67.91615000
7.68981934,-88.80519000,-69.91138000
7.69042969,-89.96786000,-69.82674000
7.69104004,-99.54443000,-68.08174000
7.69165039,-99.39645000,-69.82941000
7.69226074,-100.66870000,-72.58788000
7.69287109,-95.45198000,-69.61984000
7.69348145,-96.37569000,-69.88616000
7.69409180,-113.47580000,-70.72851000
7.69470215,-102.86200000,-67.74623000
7.69531250,-110.29950000,-67.00320000
7.69592285,-98.93581000,-70.74473000
7.69653320,-97.58759000,-77.28168000
7.69714355,-95.09647000,-76.28894000
7.69775391,-92.02162000,-83.61629000
7.69836426,-97.31056000,-75.42513000
7.69897461,-97.10336000,-71.27732000
7.69958496,-87.81940000,-77.08231000
7.70019531,-87.50107000,-76.61101000
7.70080566,-90.89479000,-73.00001000
7.70141602,-97.24448000,-73.73006000
7.70202637,-102.47820000,-75.95256000
7.70263672,-95.64069000,-86.07797000
7.70324707,-93.89186000,-80.54946000
7.70385742,-102.29240000,-78.74918000
7.70446777,-91.42249000,-67.56860000
7.70507813,-90.72311000,-67.58006000
7.70568848,-96.06396000,-75.68283000
7.70629883,-91.67146000,-75.21793000
7.70690918,-92.23652000,-78.00539000
7.70751953,-100.51360000,-79.44332000
7.70812988,-90.34229000,-72.59238000
7.70874023,-92.03830000,-76.24763000
7.70935059,-97.22583000,-78.65142000
7.70996094,-91.52785000,-72.16663000
7.71057129,-89.94682000,-70.13040000
7.71118164,-89.96651000,-72.23639000
7.71179199,-87.68108000,-73.67468000
7.71240234,-93.42830000,-72.44126000
7.71301270,-91.77888000,-73.11060000
7.71362305,-88.67357000,-78.71602000
7.71423340,-88.92982000,-83.89886000
7.71484375,-88.41667000,-82.81063000
7.71545410,-90.44511000,-82.39875000
7.71606445,-93.44089000,-78.07204000
7.71667480,-100.16960000,-83.00315000
7.71728516,-94.89994000,-81.98393000
7.71789551,-93.02517000,-94.44996000
7.71850586,-111.48600000,-81.80962000
7.71911621,-102.59960000,-83.95840000
7.71972656,-94.42908000,-78.54944000
7.72033691,-91.03268000,-79.09435000
7.72094727,-90.39056000,-73.50407000
7.72155762,-103.73990000,-69.47926000
7.72216797,-92.35744000,-70.99635000
7.72277832,-94.49318000,-73.03812000
7.72338867,-95.69981000,-74.45288000
7.72399902,-91.89182000,-76.07187000
7.72460938,-86.12926000,-76.05223000
7.72521973,-80.51555000,-73.37271000
7.72583008,-83.96799000,-70.21732000
7.72644043,-98.15048000,-68.86134000
7.72705078,-95.41115000,-69.07859000
7.72766113,-91.72324000,-69.99865000
7.72827148,-92.43237000,-71.45048000
7.72888184,-88.47321000,-83.03122000
7.72949219,-87.17533000,-75.81525000
7.73010254,-89.33138000,-92.79726000
7.73071289,-89.34883000,-77.69098000
7.73132324,-88.88630000,-84.97593000
7.73193359,-93.10306000,-93.82460000
7.73254395,-95.07875000,-74.95865000
7.73315430,-89.87762000,-71.34700000
7.73376465,-89.43908000,-72.26637000
7.73437500,-98.46269000,-80.16834000
7.73498535,-98.46638000,-84.99244000
7.73559570,-98.71632000,-78.56543000
7.73620605,-91.81680000,-74.49832000
7.73681641,-91.51505000,-78.11375000
7.73742676,-90.87012000,-74.39999000
7.73803711,-90.55350000,-74.06760000
7.73864746,-89.43106000,-71.64156000
7.73925781,-91.61411000,-69.98162000
7.73986816,-90.16522000,-73.44353000
7.74047852,-87.32281000,-72.31339000
7.74108887,-86.92463000,-75.93885000
7.74169922,-89.33154000,-74.77113000
7.74230957,-94.73543000,-71.43510000
7.74291992,-95.85511000,-69.74879000
7.74353027,-99.72826000,-73.23567000
7.74414063,-104.96220000,-82.02310000
7.74475098,-94.55231000,-82.79951000
7.74536133,-92.36100000,-73.67300000
7.74597168,-96.96064000,-72.75836000
7.74658203,-95.20041000,-77.52369000
7.74719238,-89.03130000,-76.94338000
7.74780273,-87.36955000,-84.68789000
7.74841309,-86.66474000,-78.47533000
7.74902344,-86.06266000,-83.02785000
7.74963379,-89.49715000,-85.16296000
7.75024414,-99.51279000,-81.47521000
7.75085449,-95.37117000,-81.35171000
7.75146484,-87.69756000,-95.92392000
7.75207520,-86.18689000,-80.70711000
7.75268555,-87.65579000,-85.27993000
7.75329590,-89.84729000,-77.36119000
7.75390625,-93.03180000,-72.87170000
7.75451660,-91.98292000,-79.05977000
7.75512695,-89.48562000,-75.18127000
7.75573730,-92.77695000,-70.39287000
7.75634766,-109.16130000,-67.21065000
7.75695801,-94.90754000,-72.01781000
7.75756836,-92.60718000,-79.44688000
7.75817871,-90.15792000,-75.60235000
7.75878906,-94.01208000,-72.20934000
7.75939941,-100.99880000,-69.57193000
7.76000977,-95.77892000,-70.48524000
7.76062012,-96.82748000,-80.35500000
7.76123047,-98.94460000,-78.25401000
7.76184082,-107.65700000,-77.07631000
7.76245117,-95.82732000,-80.90003000
7.76306152,-90.25078000,-74.55251000
7.76367188,-96.22003000,-75.01433000
7.76428223,-94.62739000,-75.53677000
7.76489258,-89.31709000,-81.34533000
7.76550293,-89.13550000,-78.34929000
7.76611328,-93.22837000,-75.97251000
7.76672363,-107.38030000,-75.25008000
7.76733398,-92.06137000,-71.07538000
7.76794434,-88.74531000,-74.69891000
7.76855469,-94.38362000,-85.10616000
7.76916504,-103.41130000,-84.92712000
7.76977539,-93.40194000,-78.79333000
7.77038574,-93.66656000,-94.26941000
7.77099609,-101.42050000,-77.80006000
7.77160645,-93.35091000,-72.39999000
7.77221680,-92.98082000,-73.43894000
7.77282715,-86.24452000,-79.51079000
7.77343750,-90.29344000,-77.20081000
7.77404785,-97.57262000,-77.33092000
7.77465820,-95.27524000,-81.06287000
7.77526855,-96.64819000,-72.60800000
7.77587891,-96.38759000,-70.52931000
7.77648926,-91.46553000,-69.32231000
7.77709961,-90.96927000,-70.91983000
7.77770996,-90.54740000,-71.82534000
7.77832031,-91.70707000,-71.61766000
7.77893066,-100.14180000,-85.81947000
7.77954102,-92.85306000,-72.23505000
7.78015137,-95.92022000,-69.74548000
7.78076172,-92.10489000,-74.17198000
7.78137207,-91.29922000,-79.03201000
7.78198242,-100.34840000,-72.81394000
7.78259277,-101.12300000,-69.61252000
7.78320313,-98.12967000,-73.91214000
7.78381348,-93.15039000,-74.20974000
7.78442383,-92.72462000,-67.92609000
7.78503418,-99.90997000,-66.80357000
7.78564453,-103.26410000,-73.63110000
7.78625488,-101.62950000,-79.76014000
7.78686523,-93.23778000,-81.48075000
7.78747559,-89.30798000,-83.49320000
7.78808594,-88.72389000,-80.56839000
7.78869629,-86.67688000,-84.57376000
7.78930664,-86.33058000,-91.40559000
7.78991699,-87.81239000,-89.29449000
7.79052734,-91.23099000,-79.51537000
7.79113770,-88.44980000,-75.18433000
7.79174805,-90.46146000,-83.60583000
7.79235840,-103.21320000,-70.98815000
7.79296875,-92.97871000,-73.75949000
7.79357910,-97.84481000,-83.81487000
7.79418945,-99.39203000,-77.42596000
7.79479980,-107.95910000,-71.31172000
7.79541016,-101.25020000,-70.83430000
7.79602051,-105.45910000,-73.74033000
7.79663086,-112.93950000,-76.38898000
7.79724121,-95.11610000,-81.61361000
7.79785156,-88.51685000,-80.49789000
7.79846191,-89.69753000,-80.64035000
7.79907227,-93.16833000,-72.73609000
7.79968262,-96.14120000,-76.21113000
7.80029297,-96.13579000,-77.55788000
7.80090332,-88.58166000,-73.83282000
7.80151367,-88.48389000,-68.61053000
7.80212402,-89.96301000,-67.62201000
7.80273438,-89.69062000,-69.10018000
7.80334473,-91.91583000,-74.74792000
7.80395508,-101.28490000,-78.67908000
7.80456543,-98.75610000,-73.75081000
7.80517578,-92.74612000,-68.98091000
7.80578613,-92.86044000,-69.08121000
7.80639648,-92.71295000,-72.83227000
7.80700684,-93.63342000,-69.93756000
7.80761719,-100.44320000,-68.55569000
7.80822754,-94.40029000,-72.93778000
7.80883789,-90.67272000,-81.79959000
7.80944824,-89.45423000,-73.85564000
7.81005859,-92.51491000,-70.44183000
7.81066895,-100.57720000,-71.98528000
7.81127930,-100.99980000,-78.75085000
7.81188965,-88.46409000,-74.16579000
7.81250000,-82.96990000,-81.47670000
7.81311035,-83.48111000,-78.65227000
7.81372070,-88.92472000,-75.87947000
7.81433105,-94.60694000,-74.45969000
7.81494141,-91.98325000,-73.92374000
7.81555176,-92.58643000,-74.32708000
7.81616211,-94.59489000,-75.29115000
7.81677246,-96.99699000,-77.89908000
7.81738281,-90.20799000,-76.36079000
7.81799316,-91.39857000,-73.16840000
7.81860352,-94.05338000,-76.46497000
7.81921387,-99.11534000,-78.97090000
7.81982422,-100.75250000,-71.54118000
7.82043457,-90.67642000,-69.56152000
7.82104492,-91.30510000,-68.61994000
7.82165527,-88.48541000,-70.21178000
7.82226563,-92.50354000,-71.12717000
7.82287598,-99.01852000,-71.68013000
7.82348633,-87.70276000,-69.92171000
7.82409668,-86.61438000,-69.66286000
7.82470703,-82.58370000,-73.91050000
7.82531738,-80.50073000,-77.69823000
7.82592773,-87.91010000,-81.04575000
7.82653809,-90.94711000,-75.86421000
7.82714844,-88.01543000,-70.43845000
7.82775879,-88.45094000,-70.71969000
7.82836914,-94.96978000,-71.81306000
7.82897949,-99.80788000,-69.90369000
7.82958984,-91.03139000,-70.73385000
7.83020020,-90.02083000,-80.88916000
7.83081055,-87.62009000,-78.34207000
7.83142090,-89.72874000,-87.62430000
7.83203125,-104.54190000,-71.81921000
7.83264160,-91.01788000,-71.58209000
7.83325195,-90.40341000,-76.90565000
7.83386230,-95.45686000,-75.95530000
7.83447266,-91.35046000,-83.78569000
7.83508301,-92.23000000,-82.34724000
7.83569336,-103.02360000,-73.41096000
7.83630371,-97.15575000,-69.38552000
7.83691406,-89.71930000,-69.22105000
7.83752441,-73.79153000,-66.46126000
7.83813477,-70.15947000,-65.35505000
7.83874512,-76.35120000,-69.58862000
7.83935547,-92.63748000,-75.39903000
7.83996582,-100.11600000,-80.49562000
7.84057617,-96.73421000,-76.28798000
7.84118652,-104.24660000,-71.17719000
7.84179688,-96.82773000,-70.12667000
7.84240723,-98.71443000,-70.88542000
7.84301758,-96.02937000,-72.98186000
7.84362793,-101.14420000,-71.63325000
7.84423828,-99.51789000,-76.27676000
7.84484863,-97.31635000,-79.23614000
7.84545898,-92.40100000,-71.75182000
7.84606934,-92.56526000,-70.47397000
7.84667969,-96.97288000,-74.41246000
7.84729004,-94.64004000,-76.31680000
7.84790039,-90.74608000,-71.26514000
7.84851074,-92.96630000,-74.05507000
7.84912109,-91.59382000,-102.71730000
7.84973145,-91.94157000,-72.85466000
7.85034180,-90.42621000,-70.38319000
7.85095215,-94.04073000,-74.75412000
7.85156250,-95.36017000,-73.68978000
7.85217285,-93.91788000,-84.18036000
7.85278320,-90.57057000,-73.41596000
7.85339355,-87.14909000,-72.71033000
7.85400391,-90.10851000,-77.24342000
7.85461426,-109.07720000,-70.10277000
7.85522461,-95.70419000,-71.66988000
7.85583496,-94.56234000,-85.17089000
7.85644531,-100.05940000,-73.54572000
7.85705566,-97.17661000,-69.41521000
7.85766602,-89.23697000,-70.49219000
7.85827637,-86.15494000,-69.12659000
7.85888672,-88.98387000,-69.45496000
7.85949707,-101.10140000,-83.25713000
7.86010742,-94.91467000,-69.85239000
7.86071777,-91.69949000,-74.26747000
7.86132813,-95.13558000,-78.86537000
7.86193848,-105.93640000,-75.00674000
7.86254883,-103.62900000,-74.74371000
7.86315918,-94.61006000,-77.77715000
7.86376953,-94.63742000,-81.74676000
7.86437988,-93.57369000,-75.22858000
7.86499023,-88.38336000,-72.68922000
7.86560059,-90.58058000,-74.27525000
7.86621094,-105.56650000,-79.76043000
7.86682129,-94.37390000,-76.36140000
7.86743164,-103.35830000,-74.31992000
7.86804199,-99.21524000,-77.94519000
7.86865234,-93.24445000,-83.14948000
7.86926270,-97.77777000,-80.28981000
7.86987305,-96.72624000,-78.81490000
7.87048340,-90.63882000,-91.16426000
7.87109375,-97.74933000,-76.88474000
7.87170410,-99.44881000,-80.09744000
7.87231445,-110.74100000,-75.24054000
7.87292480,-98.86554000,-74.75614000
7.87353516,-112.43220000,-83.23619000
7.87414551,-94.18265000,-75.10488000
7.87475586,-93.67545000,-75.16766000
7.87536621,-99.68033000,-71.39034000
7.87597656,-102.97800000,-71.88827000
7.87658691,-91.36250000,-81.62677000
7.87719727,-89.36504000,-70.03762000
7.87780762,-97.08440000,-73.18305000
7.87841797,-100.71370000,-72.57642000
7.87902832,-94.14767000,-75.80129000
7.87963867,-91.56708000,-76.31316000
7.88024902,-99.03233000,-72.51045000
7.88085938,-97.70346000,-71.97572000
7.88146973,-92.18298000,-74.31569000
7.88208008,-90.60471000,-76.96806000
7.88269043,-90.58882000,-74.04247000
7.88330078,-89.99596000,-76.96761000
7.88391113,-95.53030000,-87.57629000
7.88452148,-97.77820000,-83.84377000
7.88513184,-89.53568000,-75.71035000
7.88574219,-90.66204000,-71.90642000
7.88635254,-102.66860000,-71.21629000
7.88696289,-95.07100000,-76.04839000
7.88757324,-91.32301000,-83.09524000
7.88818359,-93.66396000,-72.71667000
7.88879395,-98.68486000,-72.30202000
7.88940430,-98.45169000,-73.96818000
7.89001465,-90.74892000,-75.01914000
7.89062500,-86.75124000,-73.92314000
7.89123535,-86.58668000,-75.35323000
7.89184570,-89.65190000,-76.18745000
7.89245605,-91.95236000,-78.56456000
7.89306641,-94.43429000,-84.88579000
7.89367676,-101.57050000,-79.92006000
7.89428711,-96.98208000,-79.15337000
7.89489746,-96.91888000,-77.46636000
7.89550781,-98.46843000,-69.72568000
7.89611816,-100.03870000,-68.74655000
7.89672852,-89.50720000,-74.98572000
7.89733887,-89.81299000,-73.18395000
7.89794922,-96.43253000,-70.38873000
7.89855957,-91.77306000,-71.85408000
7.89916992,-93.07191000,-77.27295000
7.89978027,-102.92000000,-72.44035000
7.90039063,-97.33963000,-74.76603000
7.90100098,-90.13707000,-79.52695000
7.90161133,-86.70724000,-74.26235000
7.90222168,-89.68403000,-107.44530000
7.90283203,-96.70879000,-74.76858000
7.90344238,-94.26845000,-77.34171000
7.90405273,-90.28655000,-86.25124000
7.90466309,-90.02869000,-76.32114000
7.90527344,-90.52191000,-69.98423000
7.90588379,-95.95107000,-71.24751000
7.90649414,-90.78194000,-73.81109000
7.90710449,-86.40146000,-84.72337000
7.90771484,-87.93127000,-72.53677000
7.90832520,-96.52397000,-75.00192000
7.90893555,-96.98093000,-75.49068000
7.90954590,-88.88656000,-66.60966000
7.91015625,-88.44886000,-67.71088000
7.91076660,-92.76132000,-83.65152000
7.91137695,-93.68430000,-77.83136000
7.91198730,-88.01642000,-80.57117000
7.91259766,-88.29939000,-81.32186000
7.91320801,-91.30061000,-72.92538000
7.91381836,-101.34950000,-75.74712000
7.91442871,-97.95745000,-82.49861000
7.91503906,-95.41016000,-74.30999000
7.91564941,-91.45145000,-69.40067000
7.91625977,-92.05204000,-69.73447000
7.91687012,-100.92660000,-74.73857000
7.91748047,-95.09409000,-74.40677000
7.91809082,-94.37759000,-70.11430000
7.91870117,-93.95078000,-68.19598000
7.91931152,-92.88834000,-71.07581000
7.91992188,-93.52090000,-77.51472000
7.92053223,-87.38633000,-79.11272000
7.92114258,-83.35992000,-73.46022000
7.92175293,-84.61059000,-72.41334000
7.92236328,-86.75719000,-77.15909000
7.92297363,-85.54306000,-76.72046000
7.92358398,-93.39217000,-73.22498000
7.92419434,-94.33781000,-73.67357000
7.92480469,-94.78253000,-80.14954000
7.92541504,-89.24915000,-85.74554000
7.92602539,-97.69931000,-78.99826000
7.92663574,-93.53342000,-75.67423000
7.92724609,-95.76132000,-75.02625000
7.92785645,-93.13029000,-86.30983000
7.92846680,-94.88632000,-74.65981000
7.92907715,-102.88970000,-75.96402000
7.92968750,-93.08456000,-74.96606000
7.93029785,-94.28237000,-69.62871000
7.93090820,-99.50034000,-76.02920000
7.93151855,-93.61256000,-77.97697000
7.93212891,-97.63053000,-71.69122000
7.93273926,-99.39747000,-80.32406000
7.93334961,-106.78990000,-68.94571000
7.93395996,-94.51909000,-70.51547000
7.93457031,-88.52673000,-82.44617000
7.93518066,-86.90414000,-76.97073000
7.93579102,-89.78725000,-72.78716000
7.93640137,-94.01300000,-74.04485000
7.93701172,-99.51115000,-77.68507000
7.93762207,-89.41872000,-72.82703000
7.93823242,-92.76733000,-79.84551000
7.93884277,-103.44780000,-87.07679000
7.93945313,-95.97843000,-84.16690000
7.94006348,-98.80890000,-79.40184000
7.94067383,-101.90820000,-76.38536000
7.94128418,-97.86987000,-96.95816000
7.94189453,-95.58553000,-70.94659000
7.94250488,-92.56859000,-70.40938000
7.94311523,-93.70856000,-70.52811000
7.94372559,-107.49210000,-69.97491000
7.94433594,-93.48373000,-71.71528000
7.94494629,-94.09218000,-76.51190000
7.94555664,-100.87660000,-75.29364000
7.94616699,-91.21383000,-72.87186000
7.94677734,-92.92537000,-73.71223000
7.94738770,-96.46860000,-72.35036000
7.94799805,-94.17102000,-75.99562000
7.94860840,-101.55560000,-88.34187000
7.94921875,-92.73897000,-72.03363000
7.94982910,-91.49991000,-70.48641000
7.95043945,-102.14470000,-75.44133000
7.95104980,-95.01633000,-77.02911000
7.95166016,-91.80101000,-74.50540000
7.95227051,-92.36782000,-71.06194000
7.95288086,-92.36169000,-69.48628000
7.95349121,-90.23438000,-71.00373000
7.95410156,-89.42176000,-76.55995000
7.95471191,-91.54788000,-82.75793000
7.95532227,-88.65016000,-78.38896000
7.95593262,-93.95343000,-82.89883000
7.95654297,-106.06410000,-73.17537000
7.95715332,-94.84524000,-72.33183000
7.95776367,-91.42701000,-71.67800000
7.95837402,-110.57720000,-69.22818000
7.95898438,-93.01835000,-69.28127000
7.95959473,-92.31287000,-72.70810000
7.96020508,-99.47869000,-70.33873000
7.96081543,-90.35905000,-72.27396000
7.96142578,-91.86974000,-77.62759000
7.96203613,-98.62771000,-69.29865000
7.96264648,-91.02627000,-69.39564000
7.96325684,-95.64020000,-74.42245000
7.96386719,-94.57787000,-75.84872000
7.96447754,-92.68421000,-79.09134000
7.96508789,-94.15981000,-77.05768000
7.96569824,-90.22564000,-92.18113000
7.96630859,-87.84637000,-73.08681000
7.96691895,-88.53819000,-77.11887000
7.96752930,-94.48462000,-120.24830000
7.96813965,-90.30182000,-77.13336000
7.96875000,-88.43391000,-78.61414000
7.96936035,-96.47186000,-80.34484000
7.96997070,-97.53900000,-77.65884000
7.97058105,-91.77995000,-79.03551000
7.97119141,-90.04950000,-73.02261000
7.97180176,-88.32852000,-75.56751000
7.97241211,-87.88903000,-78.94942000
7.97302246,-89.60252000,-79.73215000
7.97363281,-89.75699000,-75.92036000
7.97424316,-96.77074000,-78.36462000
7.97485352,-90.24904000,-73.99915000
7.97546387,-92.65465000,-69.72309000
7.97607422,-92.79169000,-71.45119000
7.97668457,-96.57806000,-75.27774000
7.97729492,-98.37247000,-70.08816000
7.97790527,-92.86612000,-78.44205000
7.97851563,-93.42686000,-77.73410000
7.97912598,-91.64368000,-75.36976000
7.97973633,-96.25638000,-72.71082000
7.98034668,-99.84661000,-72.18787000
7.98095703,-91.02410000,-80.30412000
7.98156738,-88.79539000,-75.32906000
7.98217773,-89.46469000,-74.37632000
7.98278809,-90.13907000,-79.95495000
7.98339844,-89.05376000,-76.63393000
7.98400879,-91.34875000,-77.46439000
7.98461914,-104.48220000,-84.06905000
7.98522949,-93.08827000,-73.93724000
7.98583984,-98.35793000,-68.73914000
7.98645020,-105.32830000,-70.25008000
7.98706055,-89.28250000,-85.69751000
7.98767090,-87.03686000,-71.14616000
7.98828125,-91.85454000,-70.72575000
7.98889160,-94.15927000,-69.93211000
7.98950195,-92.78111000,-71.83672000
7.99011230,-92.68075000,-73.46826000
7.99072266,-95.39185000,-70.05353000
7.99133301,-96.17480000,-67.82932000
7.99194336,-89.62067000,-68.14805000
7.99255371,-91.22321000,-79.42316000
7.99316406,-98.60455000,-71.73255000
7.99377441,-110.54030000,-73.00388000
7.99438477,-97.49619000,-75.12799000
7.99499512,-97.45930000,-74.72421000
7.99560547,-89.84895000,-74.15290000
7.99621582,-86.81129000,-76.24358000
7.99682617,-90.40444000,-81.87230000
7.99743652,-95.44030000,-72.59660000
7.99804688,-92.81409000,-74.40594000
7.99865723,-92.42171000,-73.85177000
7.99926758,-94.76534000,-74.29617000
7.99987793,-92.30869000,-76.41501000
8.00048828,-93.71761000,-77.80460000
8.00109863,-97.84417000,-81.45461000
8.00170898,-99.02275000,-93.42203000
8.00231934,-90.60103000,-77.72791000
8.00292969,-91.74664000,-71.65425000
8.00354004,-94.08044000,-76.49487000
8.00415039,-91.79211000,-80.47601000
8.00476074,-91.11198000,-79.97387000
8.00537109,-96.00303000,-78.14482000
8.00598145,-98.45328000,-74.07876000
8.00659180,-91.23386000,-78.06345000
8.00720215,-98.91441000,-88.11191000
8.00781250,-94.57986000,-86.12736000
8.00842285,-101.06340000,-81.03671000
8.00903320,-93.31963000,-79.17313000
8.00964355,-92.33128000,-83.76457000
8.01025391,-95.78465000,-83.56902000
8.01086426,-90.81757000,-71.86868000
8.01147461,-90.06290000,-75.41948000
8.01208496,-92.55022000,-82.43564000
8.01269531,-96.22292000,-77.84986000
8.01330566,-95.85740000,-82.01051000
8.01391602,-90.43298000,-79.19587000
8.01452637,-97.53668000,-78.30517000
8.01513672,-102.17540000,-78.31706000
8.01574707,-99.16226000,-74.01983000
8.01635742,-92.08598000,-72.74422000
8.01696777,-89.33743000,-80.87127000
8.01757813,-88.86606000,-73.26759000
8.01818848,-91.00181000,-70.93635000
8.01879883,-88.84609000,-73.48698000
8.01940918,-91.28941000,-72.71590000
8.02001953,-93.80034000,-72.70805000
8.02062988,-94.32867000,-79.36809000
8.02124023,-91.75018000,-76.26115000
8.02185059,-90.99300000,-71.32545000
8.02246094,-90.18543000,-72.05430000
8.02307129,-88.01773000,-82.32680000
8.02368164,-91.37985000,-75.08121000
8.02429199,-93.47128000,-71.25014000
8.02490234,-85.41813000,-76.96676000
8.02551270,-88.67492000,-73.61848000
8.02612305,-94.62654000,-72.74833000
8.02673340,-95.32909000,-71.57951000
8.02734375,-99.22365000,-73.91022000
8.02795410,-91.60133000,-76.07627000
8.02856445,-96.74272000,-72.14285000
8.02917480,-107.59780000,-72.22783000
8.02978516,-98.07631000,-72.22348000
8.03039551,-93.97823000,-72.00725000
8.03100586,-94.15974000,-78.18046000
8.03161621,-94.34173000,-80.04079000
8.03222656,-92.84872000,-75.31335000
8.03283691,-92.24041000,-79.32854000
8.03344727,-95.96920000,-78.98634000
8.03405762,-99.46128000,-73.75521000
8.03466797,-98.90636000,-72.53770000
8.03527832,-99.12959000,-72.20218000
8.03588867,-102.89590000,-75.41121000
8.03649902,-106.43330000,-74.31533000
8.03710938,-92.88992000,-71.19109000
8.03771973,-89.61215000,-72.20122000
8.03833008,-89.74097000,-74.88921000
8.03894043,-90.20938000,-85.00141000
8.03955078,-93.82799000,-78.97178000
8.04016113,-89.61608000,-74.24352000
8.04077148,-87.93320000,-78.67793000
8.04138184,-93.90933000,-73.15490000
8.04199219,-110.79760000,-68.27851000
8.04260254,-97.89758000,-66.36621000
8.04321289,-95.43431000,-68.39875000
8.04382324,-93.64906000,-71.97905000
8.04443359,-94.79016000,-73.90758000
8.04504395,-100.54360000,-76.15533000
8.04565430,-94.73693000,-84.56684000
8.04626465,-93.16750000,-90.07710000
8.04687500,-95.07125000,-76.37448000
8.04748535,-91.11893000,-70.45100000
8.04809570,-95.19939000,-69.10689000
8.04870605,-100.54360000,-74.51115000
8.04931641,-94.41886000,-80.30181000
8.04992676,-91.45409000,-74.51665000
8.05053711,-91.03696000,-78.73916000
8.05114746,-91.77359000,-74.88236000
8.05175781,-96.89545000,-70.92833000
8.05236816,-130.94260000,-75.61232000
8.05297852,-107.04560000,-88.13164000
8.05358887,-107.32660000,-73.12646000
8.05419922,-112.12690000,-70.28523000
8.05480957,-104.50850000,-75.49129000
8.05541992,-99.29200000,-83.83685000
8.05603027,-94.08330000,-71.71017000
8.05664063,-93.95648000,-69.87825000
8.05725098,-103.49660000,-74.66645000
8.05786133,-99.35181000,-80.38031000
8.05847168,-103.23560000,-76.00143000
8.05908203,-99.42877000,-77.44918000
8.05969238,-93.05261000,-77.09357000
8.06030273,-93.03625000,-75.84807000
8.06091309,-113.57320000,-78.88216000
8.06152344,-100.38460000,-84.59037000
8.06213379,-94.72470000,-78.78717000
8.06274414,-89.37439000,-74.40499000
8.06335449,-91.23483000,-80.80628000
8.06396484,-94.98665000,-91.41245000
8.06457520,-113.54400000,-74.91350000
8.06518555,-97.57721000,-75.51985000
8.06579590,-89.79379000,-74.36047000
8.06640625,-85.85374000,-73.01866000
8.06701660,-89.34472000,-79.56949000
8.06762695,-110.58600000,-81.34421000
8.06823730,-102.57320000,-73.62007000
8.06884766,-99.79393000,-71.93101000
8.06945801,-92.40408000,-81.20895000
8.07006836,-88.76373000,-74.50642000
8.07067871,-92.91661000,-71.40443000
8.07128906,-106.39690000,-74.16405000
8.07189941,-97.22856000,-75.30598000
8.07250977,-95.35806000,-70.43366000
8.07312012,-98.76495000,-68.63285000
8.07373047,-96.03458000,-72.16026000
8.07434082,-92.69722000,-75.90544000
8.07495117,-93.84243000,-72.63876000
8.07556152,-91.91179000,-72.95543000
8.07617188,-96.57761000,-76.01891000
8.07678223,-92.78225000,-77.29663000
8.07739258,-99.25053000,-69.06242000
8.07800293,-104.59080000,-65.32840000
8.07861328,-95.30266000,-70.63018000
8.07922363,-89.90671000,-72.87499000
8.07983398,-90.93042000,-70.67506000
8.08044434,-93.94065000,-75.19377000
8.08105469,-97.68364000,-91.52815000
8.08166504,-94.02971000,-75.70695000
8.08227539,-94.87949000,-69.05807000
8.08288574,-89.70383000,-64.73411000
8.08349609,-89.44077000,-64.35349000
8.08410645,-88.23650000,-67.77229000
8.08471680,-86.94813000,-72.05474000
8.08532715,-86.02680000,-79.52290000
8.08593750,-88.21165000,-78.08809000
8.08654785,-98.91638000,-74.41373000
8.08715820,-102.81780000,-75.67742000
8.08776855,-99.28191000,-77.12399000
8.08837891,-96.30421000,-71.28744000
8.08898926,-95.60914000,-83.57518000
8.08959961,-93.91099000,-71.56503000
8.09020996,-86.07170000,-75.87815000
8.09082031,-84.39883000,-77.62537000
8.09143066,-90.96450000,-79.69431000
8.09204102,-94.02671000,-76.33645000
8.09265137,-93.56035000,-75.41930000
8.09326172,-97.63879000,-88.75825000
8.09387207,-98.38136000,-80.63992000
8.09448242,-92.54716000,-80.60645000
8.09509277,-88.74767000,-77.57381000
8.09570313,-89.37952000,-72.72546000
8.09631348,-92.52895000,-70.86408000
8.09692383,-92.50553000,-69.76215000
8.09753418,-96.01605000,-76.32892000
8.09814453,-100.51980000,-92.38285000
8.09875488,-95.55280000,-87.01984000
8.09936523,-91.47371000,-77.37139000
8.09997559,-91.32315000,-69.28416000
8.10058594,-91.41610000,-67.96355000
8.10119629,-95.03952000,-71.60550000
8.10180664,-95.45042000,-74.32524000
8.10241699,-95.22926000,-71.11721000
8.10302734,-98.81417000,-70.71722000
8.10363770,-91.74879000,-74.99870000
8.10424805,-88.98475000,-74.67770000
8.10485840,-89.00781000,-71.22002000
8.10546875,-85.46907000,-71.87470000
8.10607910,-85.45235000,-76.74029000
8.10668945,-87.03586000,-80.08650000
8.10729980,-90.65532000,-77.17645000
8.10791016,-92.36306000,-75.19200000
8.10852051,-95.88108000,-78.68765000
8.10913086,-104.92920000,-79.18619000
8.10974121,-94.17125000,-73.76006000
8.11035156,-93.07618000,-71.46696000
8.11096191,-104.89140000,-73.17277000
8.11157227,-91.31181000,-74.84204000
8.11218262,-97.87863000,-76.39677000
8.11279297,-100.47490000,-72.39130000
8.11340332,-108.19000000,-69.32420000
8.11401367,-93.41096000,-70.35374000
8.11462402,-86.13005000,-72.07888000
8.11523438,-85.24246000,-72.23511000
8.11584473,-85.98686000,-69.27061000
8.11645508,-86.52645000,-68.26151000
8.11706543,-88.34514000,-72.13922000
8.11767578,-91.10982000,-75.89032000
8.11828613,-92.82272000,-78.11063000
8.11889648,-90.73879000,-74.01578000
8.11950684,-88.03609000,-83.46564000
8.12011719,-86.53978000,-75.56481000
8.12072754,-90.22650000,-71.74004000
8.12133789,-100.89060000,-73.68505000
8.12194824,-99.54704000,-86.80347000
8.12255859,-96.68236000,-73.32995000
8.12316895,-93.38600000,-74.27911000
8.12377930,-94.57019000,-77.07553000
8.12438965,-98.15810000,-74.27364000
8.12500000,-95.96848000,-89.83677000
8.12561035,-113.44080000,-76.21613000
8.12622070,-96.42152000,-72.72771000
8.12683105,-94.01202000,-75.70230000
8.12744141,-91.42135000,-75.68127000
8.12805176,-90.75843000,-78.60801000
8.12866211,-91.37191000,-72.83637000
8.12927246,-96.21431000,-70.89594000
8.12988281,-103.24010000,-69.10653000
8.13049316,-93.12567000,-69.09689000
8.13110352,-93.60841000,-74.49361000
8.13171387,-93.79985000,-82.43677000
8.13232422,-93.34667000,-75.57362000
8.13293457,-95.61452000,-73.68127000
8.13354492,-92.02140000,-73.70528000
8.13415527,-93.14060000,-75.56294000
8.13476563,-103.22500000,-86.93008000
8.13537598,-100.67690000,-82.56118000
8.13598633,-94.58939000,-75.08872000
8.13659668,-89.66589000,-77.07458000
8.13720703,-71.44380000,-64.17583000
8.13781738,-64.76608000,-58.16147000
8.13842773,-67.11852000,-59.54219000
8.13903809,-78.64752000,-66.92793000
8.13964844,-88.75870000,-74.69087000
8.14025879,-88.17109000,-75.02909000
8.14086914,-94.28377000,-76.11816000
8.14147949,-103.48990000,-78.85052000
8.14208984,-96.19366000,-78.13584000
8.14270020,-96.52203000,-90.57674000
8.14331055,-96.40868000,-73.09730000
8.14392090,-92.09297000,-70.20853000
8.14453125,-95.00697000,-74.60004000
8.14514160,-108.51430000,-77.45158000
8.14575195,-94.04736000,-75.57235000
8.14636230,-91.14488000,-78.78857000
8.14697266,-100.07190000,-71.82911000
8.14758301,-103.75510000,-68.35892000
8.14819336,-102.33570000,-72.70670000
8.14880371,-93.05351000,-75.97110000
8.14941406,-89.60318000,-71.05812000
8.15002441,-89.40711000,-72.87180000
8.15063477,-88.11211000,-68.87703000
8.15124512,-90.84079000,-74.18851000
8.15185547,-96.93295000,-75.08601000
8.15246582,-103.05880000,-80.38826000
8.15307617,-96.37288000,-79.26688000
8.15368652,-98.49842000,-72.16316000
8.15429688,-116.04540000,-68.96056000
8.15490723,-96.78017000,-71.57424000
8.15551758,-89.41518000,-76.75752000
8.15612793,-93.86978000,-74.43364000
8.15673828,-97.44621000,-77.22300000
8.15734863,-93.19202000,-79.01273000
8.15795898,-94.71702000,-75.72540000
8.15856934,-90.38425000,-70.76489000
8.15917969,-93.01846000,-71.43686000
8.15979004,-100.21280000,-81.00750000
8.16040039,-95.56172000,-70.76263000
8.16101074,-94.97910000,-73.95680000
8.16162109,-94.03149000,-74.47064000
8.16223145,-99.11444000,-72.30215000
8.16284180,-103.92250000,-73.80151000
8.16345215,-94.84207000,-74.25935000
8.16406250,-95.12325000,-81.92674000
8.16467285,-90.96407000,-71.81103000
8.16528320,-92.51289000,-70.13047000
8.16589355,-102.57860000,-71.47401000
8.16650391,-98.23677000,-78.28135000
8.16711426,-91.45354000,-73.81453000
8.16772461,-89.21310000,-74.46761000
8.16833496,-89.92818000,-68.54042000
8.16894531,-87.53311000,-69.67274000
8.16955566,-90.31396000,-74.85440000
8.17016602,-96.11557000,-74.36375000
8.17077637,-106.82340000,-72.85458000
8.17138672,-99.76624000,-70.13209000
8.17199707,-92.23664000,-69.37807000
8.17260742,-94.02773000,-71.17108000
8.17321777,-109.29340000,-74.73250000
8.17382813,-106.44390000,-78.61592000
8.17443848,-98.09219000,-76.43402000
8.17504883,-92.92081000,-81.60390000
8.17565918,-98.24899000,-82.11883000
8.17626953,-89.99905000,-76.50933000
8.17687988,-89.26429000,-91.45425000
8.17749023,-89.38406000,-78.63538000
8.17810059,-90.70921000,-90.27139000
8.17871094,-96.51447000,-72.94769000
8.17932129,-97.68411000,-70.02358000
8.17993164,-91.70539000,-68.97889000
8.18054199,-97.06817000,-71.92964000
8.18115234,-89.87732000,-69.67511000
8.18176270,-88.03635000,-69.96675000
8.18237305,-93.05164000,-72.38939000
8.18298340,-86.22791000,-72.53085000
8.18359375,-85.47105000,-75.71840000
8.18420410,-89.76677000,-91.83208000
8.18481445,-91.58313000,-71.45419000
8.18542480,-96.17814000,-70.15049000
8.18603516,-95.62270000,-74.51234000
8.18664551,-93.72748000,-74.10783000
8.18725586,-89.76987000,-70.56693000
8.18786621,-87.17357000,-67.92439000
8.18847656,-88.68469000,-67.08906000
8.18908691,-97.54828000,-73.09341000
8.18969727,-88.78883000,-72.76336000
8.19030762,-87.36561000,-70.49465000
8.19091797,-92.13268000,-74.76549000
8.19152832,-97.09799000,-81.09882000
8.19213867,-92.92381000,-77.69099000
8.19274902,-94.84298000,-74.05826000
8.19335938,-103.89940000,-70.97980000
8.19396973,-100.06700000,-68.70818000
8.19458008,-97.49218000,-70.04081000
8.19519043,-98.22173000,-71.17385000
8.19580078,-100.58780000,-73.29509000
8.19641113,-94.36230000,-79.22406000
8.19702148,-89.14272000,-80.03658000
8.19763184,-85.07252000,-80.51162000
8.19824219,-83.49844000,-78.45690000
8.19885254,-85.67902000,-84.66734000
8.19946289,-86.79474000,-79.51645000
8.20007324,-92.38804000,-78.09753000
8.20068359,-94.16190000,-74.54530000
8.20129395,-92.68538000,-72.15491000
8.20190430,-93.20904000,-76.67658000
8.20251465,-92.90653000,-77.39102000
8.20312500,-94.68661000,-75.88322000
8.20373535,-91.28224000,-74.64940000
8.20434570,-86.33332000,-71.48654000
8.20495605,-86.47331000,-70.95288000
8.20556641,-90.50841000,-73.26244000
8.20617676,-88.12989000,-80.54884000
8.20678711,-90.05494000,-115.13210000
8.20739746,-99.75895000,-83.09109000
8.20800781,-99.73209000,-74.50098000
8.20861816,-108.82430000,-73.69704000
8.20922852,-99.16541000,-83.96774000
8.20983887,-96.09235000,-86.27856000
8.21044922,-93.33234000,-75.39750000
8.21105957,-91.50360000,-70.72109000
8.21166992,-87.57748000,-70.60272000
8.21228027,-88.95471000,-71.39661000
8.21289063,-93.63777000,-69.86709000
8.21350098,-91.45707000,-78.32379000
8.21411133,-90.96199000,-77.06510000
8.21472168,-95.83733000,-76.88738000
8.21533203,-102.71990000,-79.48905000
8.21594238,-104.05840000,-75.84838000
8.21655273,-90.19718000,-75.28865000
8.21716309,-89.02055000,-78.87963000
8.21777344,-92.66058000,-92.18214000
8.21838379,-90.00382000,-78.37309000
8.21899414,-92.12477000,-74.57041000
8.21960449,-98.66991000,-75.03729000
8.22021484,-100.48210000,-80.97632000
8.22082520,-113.04480000,-97.10454000
8.22143555,-95.61115000,-79.90409000
8.22204590,-88.99627000,-79.12730000
8.22265625,-94.14360000,-78.88011000
8.22326660,-94.40830000,-73.42799000
8.22387695,-91.13083000,-75.32737000
8.22448730,-95.41545000,-75.61774000
8.22509766,-94.97935000,-72.81838000
8.22570801,-93.42545000,-76.46243000
8.22631836,-91.31158000,-75.92461000
8.22692871,-89.42537000,-75.65327000
8.22753906,-92.35118000,-74.56834000
8.22814941,-90.95354000,-71.72147000
8.22875977,-91.26204000,-76.90480000
8.22937012,-103.81420000,-78.34772000
8.22998047,-100.19810000,-71.61574000
8.23059082,-102.34470000,-70.30336000
8.23120117,-97.44431000,-73.71587000
8.23181152,-95.03654000,-79.23771000
8.23242188,-94.85947000,-79.35468000
8.23303223,-88.01578000,-80.55305000
8.23364258,-91.10913000,-84.70546000
8.23425293,-94.56354000,-75.86016000
8.23486328,-95.51701000,-70.47149000
8.23547363,-94.80864000,-71.74285000
8.23608398,-93.63702000,-78.81110000
8.23669434,-88.27389000,-82.30801000
8.23730469,-85.65830000,-77.30467000
8.23791504,-87.86803000,-75.64664000
8.23852539,-97.85735000,-77.04308000
8.23913574,-91.15073000,-75.15418000
8.23974609,-87.27868000,-73.72894000
8.24035645,-86.40347000,-71.43480000
8.24096680,-84.96205000,-71.43065000
8.24157715,-87.05127000,-72.30607000
8.24218750,-98.80616000,-70.64130000
8.24279785,-88.98064000,-71.75215000
8.24340820,-87.37077000,-74.64301000
8.24401855,-91.85034000,-81.91319000
8.24462891,-90.81552000,-75.03642000
8.24523926,-88.71571000,-73.04175000
8.24584961,-94.83292000,-79.00214000
8.24645996,-95.86107000,-73.97711000
8.24707031,-89.47509000,-72.43764000
8.24768066,-92.11494000,-79.74732000
8.24829102,-97.73940000,-80.08032000
8.24890137,-110.43810000,-84.21901000
8.24951172,-95.25467000,-86.87251000
8.25012207,-92.91336000,-76.75960000
8.25073242,-95.02067000,-78.24670000
8.25134277,-90.04840000,-88.33137000
8.25195313,-92.33911000,-77.16885000
8.25256348,-92.40922000,-70.72459000
8.25317383,-90.27545000,-72.11935000
8.25378418,-92.85426000,-74.88112000
8.25439453,-94.46003000,-72.54478000
8.25500488,-98.47866000,-73.27734000
8.25561523,-93.83832000,-70.03755000
8.25622559,-94.19437000,-69.77739000
8.25683594,-91.07975000,-69.88902000
8.25744629,-89.36960000,-73.00374000
8.25805664,-92.32299000,-76.47083000
8.25866699,-92.86967000,-82.32858000
8.25927734,-90.96883000,-74.39128000
8.25988770,-104.19370000,-74.36334000
8.26049805,-91.21227000,-75.01904000
8.26110840,-89.61160000,-79.49920000
8.26171875,-89.79377000,-84.28722000
8.26232910,-89.29430000,-75.39342000
8.26293945,-87.89059000,-74.58730000
8.26354980,-89.16648000,-82.17558000
8.26416016,-102.92880000,-81.53773000
8.26477051,-90.25931000,-72.17488000
8.26538086,-87.46347000,-71.50656000
8.26599121,-94.08707000,-79.56557000
8.26660156,-105.62390000,-73.54653000
8.26721191,-94.57539000,-68.28165000
8.26782227,-96.91032000,-72.53348000
8.26843262,-98.20405000,-81.87359000
8.26904297,-88.35026000,-79.21468000
8.26965332,-86.23430000,-76.09553000
8.27026367,-89.60654000,-73.69281000
8.27087402,-92.37629000,-83.56949000
8.27148438,-89.48622000,-76.33165000
8.27209473,-88.90288000,-77.67722000
8.27270508,-95.12479000,-73.19526000
8.27331543,-90.41511000,-70.89594000
8.27392578,-88.27713000,-70.26501000
8.27453613,-93.34006000,-71.68132000
8.27514648,-96.49765000,-73.42506000
8.27575684,-93.25494000,-76.11441000
8.27636719,-91.21812000,-74.58684000
8.27697754,-93.85720000,-83.20056000
8.27758789,-90.50598000,-71.40329000
8.27819824,-92.05321000,-70.46902000
8.27880859,-96.54389000,-74.11646000
8.27941895,-88.87404000,-75.59546000
8.28002930,-98.54675000,-72.71064000
8.28063965,-92.92978000,-72.83766000
8.28125000,-89.39848000,-73.28867000
8.28186035,-90.75234000,-72.75204000
8.28247070,-98.72184000,-77.46499000
8.28308105,-91.85390000,-98.09113000
8.28369141,-96.62370000,-83.65121000
8.28430176,-91.60896000,-74.74280000
8.28491211,-88.38608000,-71.37166000
8.28552246,-90.07082000,-67.91703000
8.28613281,-89.35192000,-68.13659000
8.28674316,-86.38243000,-71.07924000
8.28735352,-87.17426000,-73.40915000
8.28796387,-91.66821000,-71.14381000
8.28857422,-104.89120000,-68.31846000
8.28918457,-92.44020000,-67.57053000
8.28979492,-99.17654000,-68.51759000
8.29040527,-89.88333000,-70.02750000
8.29101563,-86.28317000,-67.94475000
8.29162598,-85.77918000,-66.63018000
8.29223633,-85.84418000,-68.46497000
8.29284668,-88.25909000,-68.46536000
8.29345703,-91.01037000,-68.44811000
8.29406738,-92.28096000,-73.44122000
8.29467773,-96.85838000,-75.71116000
8.29528809,-98.12301000,-74.97786000
8.29589844,-97.85101000,-81.41356000
8.29650879,-97.08961000,-80.83546000
8.29711914,-93.44593000,-76.62881000
8.29772949,-90.53168000,-75.17735000
8.29833984,-89.29001000,-75.77217000
8.29895020,-86.16304000,-78.15329000
8.29956055,-84.75293000,-82.41800000
8.30017090,-88.57861000,-86.98940000
8.30078125,-97.14744000,-72.94391000
8.30139160,-86.97140000,-69.01034000
8.30200195,-86.66137000,-70.63112000
8.30261230,-94.94583000,-74.14043000
8.30322266,-99.34857000,-83.46625000
8.30383301,-95.76875000,-83.55563000
8.30444336,-95.91717000,-79.47423000
8.30505371,-92.41936000,-79.10480000
8.30566406,-91.73924000,-69.90546000
8.30627441,-88.90026000,-74.84697000
8.30688477,-86.68537000,-75.32771000
8.30749512,-88.87153000,-72.86470000
8.30810547,-92.73085000,-80.11504000
8.30871582,-96.88260000,-79.36072000
8.30932617,-94.43131000,-80.39269000
8.30993652,-98.45872000,-96.01491000
8.31054688,-95.31113000,-78.13560000
8.31115723,-90.38583000,-72.09648000
8.31176758,-92.71904000,-76.10531000
8.31237793,-95.78239000,-71.66680000
8.31298828,-87.67001000,-71.22147000
8.31359863,-87.86552000,-76.47438000
8.31420898,-92.31046000,-88.60484000
8.31481934,-94.67439000,-78.65195000
8.31542969,-107.95300000,-78.46343000
8.31604004,-93.39709000,-84.67007000
8.31665039,-101.23540000,-85.96086000
8.31726074,-90.96333000,-75.69266000
8.31787109,-86.15065000,-73.87801000
8.31848145,-93.52843000,-71.25429000
8.31909180,-93.43446000,-69.82089000
8.31970215,-88.02802000,-74.23582000
8.32031250,-88.16675000,-86.17093000
8.32092285,-90.22618000,-103.72150000
8.32153320,-91.20269000,-84.71812000
8.32214355,-89.01420000,-85.00562000
8.32275391,-88.84323000,-82.74689000
8.32336426,-93.98091000,-76.33706000
8.32397461,-91.40827000,-69.54986000
8.32458496,-87.64163000,-73.03765000
8.32519531,-88.62790000,-77.78238000
8.32580566,-106.16720000,-71.13671000
8.32641602,-91.96609000,-76.46355000
8.32702637,-88.31101000,-79.41592000
8.32763672,-88.77168000,-71.08978000
8.32824707,-87.43432000,-71.85786000
8.32885742,-89.59573000,-72.09867000
8.32946777,-92.44545000,-80.51433000
8.33007813,-92.28879000,-69.29639000
8.33068848,-96.90353000,-73.07137000
8.33129883,-97.95441000,-86.98451000
8.33190918,-98.43303000,-78.35994000
8.33251953,-96.77708000,-75.03658000
8.33312988,-99.07548000,-72.63652000
8.33374023,-97.10499000,-72.25875000
8.33435059,-99.65169000,-71.50806000
8.33496094,-96.92486000,-75.54543000
8.33557129,-95.43148000,-77.43610000
8.33618164,-93.98325000,-76.66621000
8.33679199,-87.93756000,-73.52552000
8.33740234,-88.05560000,-71.52805000
8.33801270,-90.37963000,-77.86441000
8.33862305,-92.48082000,-86.50211000
8.33923340,-101.63550000,-77.44839000
8.33984375,-95.78467000,-74.78545000
8.34045410,-98.93242000,-80.15933000
8.34106445,-101.06150000,-71.73371000
8.34167480,-110.01510000,-82.60181000
8.34228516,-103.71770000,-70.05359000
8.34289551,-92.15111000,-73.22991000
8.34350586,-89.54200000,-75.95200000
8.34411621,-89.38104000,-74.00988000
8.34472656,-93.32076000,-73.87685000
8.34533691,-101.19030000,-80.17673000
8.34594727,-93.42816000,-75.91866000
8.34655762,-95.99776000,-73.66185000
8.34716797,-91.66474000,-70.01300000
8.34777832,-90.70921000,-67.91436000
8.34838867,-86.51250000,-69.16104000
8.34899902,-86.11685000,-70.30878000
8.34960938,-94.39918000,-69.92080000
8.35021973,-99.89850000,-70.26154000
8.35083008,-100.39960000,-69.34441000
8.35144043,-95.96072000,-76.29462000
8.35205078,-95.56576000,-82.40993000
8.35266113,-95.14004000,-75.67889000
8.35327148,-93.88879000,-78.57034000
8.35388184,-91.79108000,-81.43985000
8.35449219,-90.19553000,-76.55968000
8.35510254,-90.13972000,-77.08437000
8.35571289,-90.33588000,-90.65526000
8.35632324,-90.37048000,-80.64236000
8.35693359,-95.33469000,-76.45236000
8.35754395,-101.22130000,-73.92756000
8.35815430,-113.34190000,-74.91109000
8.35876465,-102.67000000,-77.79395000
8.35937500,-106.63090000,-74.58877000
8.35998535,-98.47690000,-80.32603000
8.36059570,-92.08078000,-78.45000000
8.36120605,-92.04251000,-74.06931000
8.36181641,-92.55023000,-71.96245000
8.36242676,-91.99165000,-72.34017000
8.36303711,-94.76353000,-74.51716000
8.36364746,-95.58899000,-70.22313000
8.36425781,-90.68291000,-71.17105000
8.36486816,-91.76642000,-83.22176000
8.36547852,-93.87626000,-78.00480000
8.36608887,-94.43782000,-78.43364000
8.36669922,-105.63500000,-79.50188000
8.36730957,-100.56580000,-83.18233000
8.36791992,-104.06210000,-75.82101000
8.36853027,-97.09047000,-70.38710000
8.36914063,-88.86469000,-71.07236000
8.36975098,-89.64392000,-70.48844000
8.37036133,-100.37980000,-68.56691000
8.37097168,-100.26790000,-70.58188000
8.37158203,-94.06913000,-74.88738000
8.37219238,-94.26839000,-74.56418000
8.37280273,-96.08678000,-72.39039000
8.37341309,-93.23354000,-78.28044000
8.37402344,-91.02924000,-77.26804000
8.37463379,-91.33973000,-80.21948000
8.37524414,-92.14902000,-78.47601000
8.37585449,-91.74474000,-81.10025000
8.37646484,-95.97739000,-82.99018000
8.37707520,-104.34940000,-86.05391000
8.37768555,-90.47438000,-70.87433000
8.37829590,-91.75507000,-68.03975000
8.37890625,-92.10868000,-71.22523000
8.37951660,-90.04094000,-80.43948000
8.38012695,-96.08403000,-76.59091000
8.38073730,-89.01798000,-69.25027000
8.38134766,-87.90267000,-71.61229000
8.38195801,-93.50773000,-88.45387000
8.38256836,-104.76010000,-79.55499000
8.38317871,-109.12420000,-84.66488000
8.38378906,-93.43797000,-83.38397000
8.38439941,-90.65299000,-76.25233000
8.38500977,-89.82687000,-73.87710000
8.38562012,-86.05472000,-72.46019000
8.38623047,-87.24332000,-69.91724000
8.38684082,-99.15165000,-73.17030000
8.38745117,-85.99231000,-82.10086000
8.38806152,-86.40130000,-79.84715000
8.38867188,-99.13870000,-76.74754000
8.38928223,-92.33331000,-81.43657000
8.38989258,-87.73595000,-72.43490000
8.39050293,-94.33856000,-71.74768000
8.39111328,-96.11391000,-74.39386000
8.39172363,-88.26425000,-75.94602000
8.39233398,-88.41519000,-71.59215000
8.39294434,-92.30148000,-74.11696000
8.39355469,-95.05556000,-76.95512000
8.39416504,-95.24604000,-69.54803000
8.39477539,-90.50129000,-68.87840000
8.39538574,-88.39553000,-70.78664000
8.39599609,-91.87398000,-78.47521000
8.39660645,-107.51360000,-70.31255000
8.39721680,-97.08854000,-67.61952000
8.39782715,-89.74390000,-73.61685000
8.39843750,-94.35497000,-74.08768000
8.39904785,-96.41052000,-71.55303000
8.39965820,-94.95766000,-73.25932000
8.40026855,-99.23199000,-74.52386000
8.40087891,-95.34160000,-73.33385000
8.40148926,-91.27541000,-75.53003000
8.40209961,-89.95949000,-76.95105000
8.40270996,-88.22520000,-81.91390000
8.40332031,-88.01174000,-78.47372000
8.40393066,-90.24544000,-79.59287000
8.40454102,-93.92951000,-84.49043000
8.40515137,-107.80360000,-81.49609000
8.40576172,-94.38439000,-69.27412000
8.40637207,-99.03931000,-69.18733000
8.40698242,-93.90384000,-72.49619000
8.40759277,-92.07839000,-85.23611000
8.40820313,-96.24688000,-76.59669000
8.40881348,-88.52368000,-75.99288000
8.40942383,-97.02457000,-79.03577000
8.41003418,-95.93139000,-73.95138000
8.41064453,-102.41760000,-69.77466000
8.41125488,-91.16748000,-69.14197000
8.41186523,-88.83808000,-75.31720000
8.41247559,-91.90692000,-85.92285000
8.41308594,-91.15239000,-75.90431000
8.41369629,-97.10338000,-77.62679000
8.41430664,-105.01990000,-81.81860000
8.41491699,-96.59253000,-80.00449000
8.41552734,-93.52567000,-85.84961000
8.41613770,-93.36510000,-84.76750000
8.41674805,-98.09961000,-81.19569000
8.41735840,-96.80728000,-81.35194000
8.41796875,-97.56999000,-82.36958000
8.41857910,-102.74060000,-71.91434000
8.41918945,-95.01523000,-74.11420000
8.41979980,-90.24970000,-73.68349000
8.42041016,-93.69884000,-68.86839000
8.42102051,-106.25780000,-66.92239000
8.42163086,-97.01092000,-67.81142000
8.42224121,-97.85721000,-71.74142000
8.42285156,-100.10170000,-69.30434000
8.42346191,-92.61775000,-68.08146000
8.42407227,-89.67360000,-71.23061000
8.42468262,-90.97050000,-72.93510000
8.42529297,-100.39610000,-69.95171000
8.42590332,-96.34800000,-68.02737000
8.42651367,-90.22293000,-69.11554000
8.42712402,-90.00378000,-67.97303000
8.42773438,-96.16673000,-67.57266000
8.42834473,-88.11546000,-71.24945000
8.42895508,-86.18471000,-75.84941000
8.42956543,-87.05720000,-82.50563000
8.43017578,-92.70085000,-80.04491000
8.43078613,-107.37170000,-72.64085000
8.43139648,-94.37984000,-71.34690000
8.43200684,-93.84552000,-72.17719000
8.43261719,-91.42043000,-67.75500000
8.43322754,-91.32449000,-68.40613000
8.43383789,-93.10486000,-79.37700000
8.43444824,-94.76790000,-74.20235000
8.43505859,-94.74736000,-76.40990000
8.43566895,-92.64201000,-74.53407000
8.43627930,-91.40646000,-73.17380000
8.43688965,-81.48628000,-78.46643000
8.43750000,-71.94578000,-70.45627000
8.43811035,-70.54463000,-67.55896000
8.43872070,-77.52341000,-75.49119000
8.43933105,-93.14201000,-68.65404000
8.43994141,-94.52159000,-66.75086000
8.44055176,-89.33102000,-72.66243000
8.44116211,-94.95362000,-84.44714000
8.44177246,-96.56776000,-85.48166000
8.44238281,-94.02197000,-75.53825000
8.44299316,-96.18292000,-74.36951000
8.44360352,-92.46800000,-75.96638000
8.44421387,-90.73947000,-72.64830000
8.44482422,-92.48638000,-74.64423000
8.44543457,-86.84911000,-78.67272000
8.44604492,-87.98821000,-76.07294000
8.44665527,-102.81540000,-73.86147000
8.44726563,-95.65427000,-74.66045000
8.44787598,-91.37420000,-76.35567000
8.44848633,-97.74777000,-72.91246000
8.44909668,-93.27934000,-72.83752000
8.44970703,-88.86389000,-68.27191000
8.45031738,-86.72459000,-68.30545000
8.45092773,-89.28951000,-74.98492000
8.45153809,-93.46394000,-81.17720000
8.45214844,-96.43597000,-80.26618000
8.45275879,-91.60035000,-71.00780000
8.45336914,-88.07364000,-69.31220000
8.45397949,-88.03112000,-75.13376000
8.45458984,-91.16807000,-75.56214000
8.45520020,-101.46240000,-75.24630000
8.45581055,-93.75287000,-83.86203000
8.45642090,-90.89445000,-73.20396000
8.45703125,-90.55363000,-72.33011000
8.45764160,-89.52874000,-75.20393000
8.45825195,-92.97513000,-70.89893000
8.45886230,-93.13234000,-72.11364000
8.45947266,-90.20824000,-75.50895000
8.46008301,-93.09326000,-77.90072000
8.46069336,-99.36451000,-98.03383000
8.46130371,-100.73790000,-79.16494000
8.46191406,-93.42403000,-75.81696000
8.46252441,-92.16748000,-72.31427000
8.46313477,-101.36980000,-69.78272000
8.46374512,-92.96513000,-71.68304000
8.46435547,-93.71387000,-80.58556000
8.46496582,-97.53330000,-72.97736000
8.46557617,-97.09802000,-71.02348000
8.46618652,-92.86537000,-72.94267000
8.46679688,-103.04700000,-74.81335000
8.46740723,-91.13677000,-80.46458000
8.46801758,-87.21939000,-84.27055000
8.46862793,-89.12256000,-76.34831000
8.46923828,-85.32083000,-73.64079000
8.46984863,-93.07761000,-77.39389000
8.47045898,-100.53540000,-74.40919000
8.47106934,-99.73921000,-69.04758000
8.47167969,-105.07640000,-68.16633000
8.47229004,-95.37971000,-81.04390000
8.47290039,-92.04581000,-75.53323000
8.47351074,-94.21277000,-82.06551000
8.47412109,-93.41221000,-80.33855000
8.47473145,-89.14777000,-75.45854000
8.47534180,-92.78389000,-74.72803000
8.47595215,-104.54270000,-75.16931000
8.47656250,-101.18350000,-74.26213000
8.47717285,-98.52159000,-71.23223000
8.47778320,-93.54676000,-69.40468000
8.47839355,-91.12027000,-69.00971000
8.47900391,-89.42798000,-76.70553000
8.47961426,-90.89104000,-76.91946000
8.48022461,-91.23517000,-76.12584000
8.48083496,-92.75983000,-91.08188000
8.48144531,-98.17978000,-73.65205000
8.48205566,-101.43200000,-75.81288000
8.48266602,-98.35435000,-86.50361000
8.48327637,-94.75926000,-87.16621000
8.48388672,-93.06310000,-74.49732000
8.48449707,-91.70287000,-70.29765000
8.48510742,-100.62810000,-77.57626000
8.48571777,-96.27475000,-71.79156000
8.48632813,-96.29288000,-65.70168000
8.48693848,-96.69615000,-66.44485000
8.48754883,-92.89903000,-74.13481000
8.48815918,-95.15906000,-82.67828000
8.48876953,-94.13832000,-76.03322000
8.48937988,-93.67337000,-74.80920000
8.48999023,-97.58873000,-69.59590000
8.49060059,-110.67680000,-76.45217000
8.49121094,-97.28775000,-72.79048000
8.49182129,-94.98189000,-72.51348000
8.49243164,-99.80322000,-73.41518000
8.49304199,-101.41130000,-70.79435000
8.49365234,-94.78052000,-71.12057000
8.49426270,-88.61296000,-78.03477000
8.49487305,-84.15242000,-73.34481000
8.49548340,-82.87892000,-71.26382000
8.49609375,-84.79481000,-73.76434000
8.49670410,-87.25128000,-79.19852000
8.49731445,-89.73027000,-72.67767000
8.49792480,-94.02248000,-71.20744000
8.49853516,-87.38809000,-74.93532000
8.49914551,-83.39191000,-73.52699000
8.49975586,-86.81366000,-71.26162000
8.50036621,-92.74422000,-70.96139000
8.50097656,-95.22823000,-70.24844000
8.50158691,-104.49370000,-74.00507000
8.50219727,-99.30144000,-72.23130000
8.50280762,-89.39739000,-71.27757000
8.50341797,-86.75830000,-79.57154000
8.50402832,-92.52209000,-79.47325000
8.50463867,-106.44740000,-78.46994000
8.50524902,-96.04335000,-79.33685000
8.50585938,-91.63930000,-75.18352000
8.50646973,-89.52270000,-73.74725000
8.50708008,-92.28703000,-78.25206000
8.50769043,-94.27711000,-86.91975000
8.50830078,-92.65263000,-75.52199000
8.50891113,-92.25539000,-69.84133000
8.50952148,-94.71561000,-71.11932000
8.51013184,-100.03260000,-74.39213000
8.51074219,-93.36348000,-70.98866000
8.51135254,-88.26199000,-69.04313000
8.51196289,-87.81445000,-71.79387000
8.51257324,-88.76019000,-84.50089000
8.51318359,-90.80224000,-82.61349000
8.51379395,-94.47575000,-70.72519000
8.51440430,-107.57150000,-68.58029000
8.51501465,-94.82066000,-75.34026000
8.51562500,-88.59798000,-78.06421000
8.51623535,-88.14682000,-74.79736000
8.51684570,-91.72926000,-79.54414000
8.51745605,-91.16405000,-74.59570000
8.51806641,-88.30840000,-81.48177000
8.51867676,-90.61497000,-77.92020000
8.51928711,-91.75124000,-76.43920000
8.51989746,-90.47556000,-75.27514000
8.52050781,-93.09533000,-75.25432000
8.52111816,-99.46060000,-89.96240000
8.52172852,-99.44993000,-80.13618000
8.52233887,-95.84682000,-81.53461000
8.52294922,-97.85567000,-86.44707000
8.52355957,-93.48507000,-79.85679000
8.52416992,-93.47340000,-72.82670000
8.52478027,-91.71914000,-71.84798000
8.52539063,-95.56659000,-78.84297000
8.52600098,-97.76176000,-93.37505000
8.52661133,-91.38587000,-74.00468000
8.52722168,-94.87082000,-72.33112000
8.52783203,-101.79410000,-73.35158000
8.52844238,-92.17147000,-70.05769000
8.52905273,-91.08386000,-69.09454000
8.52966309,-100.03520000,-73.88563000
8.53027344,-94.48206000,-72.73118000
8.53088379,-89.14496000,-67.32029000
8.53149414,-89.55931000,-68.38841000
8.53210449,-97.92249000,-72.87448000
8.53271484,-89.28016000,-79.89737000
8.53332520,-89.96135000,-77.59756000
8.53393555,-92.40956000,-72.25740000
8.53454590,-96.09898000,-71.48615000
8.53515625,-96.29467000,-73.22317000
8.53576660,-94.94407000,-73.42683000
8.53637695,-97.32655000,-88.47294000
8.53698730,-90.76222000,-70.68642000
8.53759766,-84.99307000,-69.87409000
8.53820801,-87.25728000,-73.00922000
8.53881836,-97.30202000,-77.63612000
8.53942871,-92.79512000,-75.30215000
8.54003906,-93.15050000,-75.71371000
8.54064941,-89.03973000,-74.54973000
8.54125977,-89.19484000,-79.44882000
8.54187012,-87.26467000,-92.33748000
8.54248047,-86.83829000,-77.47014000
8.54309082,-89.94633000,-77.46194000
8.54370117,-94.20322000,-71.46684000
8.54431152,-99.47462000,-72.15697000
8.54492188,-103.69970000,-77.34008000
8.54553223,-99.43504000,-74.26345000
8.54614258,-91.06324000,-78.07404000
8.54675293,-91.41449000,-74.46003000
8.54736328,-95.98347000,-71.03141000
8.54797363,-104.97590000,-74.56837000
8.54858398,-106.37450000,-88.55598000
8.54919434,-92.44095000,-71.97421000
8.54980469,-89.03120000,-71.51678000
8.55041504,-90.98957000,-77.80039000
8.55102539,-89.98695000,-78.67591000
8.55163574,-87.25953000,-81.95016000
8.55224609,-90.18480000,-81.61472000
8.55285645,-95.63683000,-74.42787000
8.55346680,-94.35357000,-74.03876000
8.55407715,-90.32286000,-79.79466000
8.55468750,-90.78632000,-77.53368000
8.55529785,-105.81430000,-84.34373000
8.55590820,-92.58399000,-71.29300000
8.55651855,-95.11481000,-68.16536000
8.55712891,-104.35410000,-73.72301000
8.55773926,-93.45329000,-75.72771000
8.55834961,-84.34586000,-72.63826000
8.55895996,-83.37414000,-76.80090000
8.55957031,-87.79720000,-80.04272000
8.56018066,-88.42461000,-80.23299000
8.56079102,-86.67909000,-81.64610000
8.56140137,-89.75385000,-75.75743000
8.56201172,-100.16650000,-80.17144000
8.56262207,-101.40690000,-71.94662000
8.56323242,-92.28916000,-67.62679000
8.56384277,-85.96648000,-71.91254000
8.56445313,-87.71426000,-74.50561000
8.56506348,-89.28416000,-77.77461000
8.56567383,-87.78622000,-77.52518000
8.56628418,-90.65540000,-73.87502000
8.56689453,-96.73397000,-86.98413000
8.56750488,-97.84583000,-74.63246000
8.56811523,-102.36680000,-80.97836000
8.56872559,-90.68076000,-81.44524000
8.56933594,-90.58251000,-78.15443000
8.56994629,-93.47191000,-75.56520000
8.57055664,-91.76253000,-74.26759000
8.57116699,-88.31163000,-73.12519000
8.57177734,-92.99747000,-73.40998000
8.57238770,-91.73186000,-82.81182000
8.57299805,-95.08218000,-73.00710000
8.57360840,-103.85060000,-73.60431000
8.57421875,-101.96920000,-71.45875000
8.57482910,-101.04430000,-76.70531000
8.57543945,-100.32650000,-82.70691000
8.57604980,-92.77149000,-79.11036000
8.57666016,-91.66469000,-72.71535000
8.57727051,-92.26307000,-75.65988000
8.57788086,-93.70612000,-73.75006000
8.57849121,-103.43330000,-73.40463000
8.57910156,-98.35995000,-73.52911000
8.57971191,-91.10146000,-81.75190000
8.58032227,-88.88742000,-70.90202000
8.58093262,-93.00064000,-67.75636000
8.58154297,-91.11893000,-68.70647000
8.58215332,-86.89732000,-70.52755000
8.58276367,-86.28890000,-79.65720000
8.58337402,-93.18810000,-74.24610000
8.58398438,-95.97923000,-68.18600000
8.58459473,-93.99501000,-67.68587000
8.58520508,-92.55515000,-74.25237000
8.58581543,-92.38280000,-74.43471000
8.58642578,-92.51904000,-66.86284000
8.58703613,-97.49561000,-65.48144000
8.58764648,-98.81239000,-68.89565000
8.58825684,-94.56478000,-76.55051000
8.58886719,-104.88350000,-75.12229000
8.58947754,-105.96790000,-85.23914000
8.59008789,-102.13510000,-72.21782000
8.59069824,-97.03140000,-76.62003000
8.59130859,-91.45203000,-98.11404000
8.59191895,-88.82954000,-92.60497000
8.59252930,-89.97794000,-90.10479000
8.59313965,-92.28259000,-72.82277000
8.59375000,-98.04633000,-69.28163000
8.59436035,-93.27299000,-69.70226000
8.59497070,-95.54584000,-70.50092000
8.59558105,-96.91464000,-75.69306000
8.59619141,-109.18170000,-76.42642000
8.59680176,-93.14581000,-73.74149000
8.59741211,-90.83253000,-83.73911000
8.59802246,-108.86660000,-73.93041000
8.59863281,-92.59063000,-85.04094000
8.59924316,-86.66570000,-72.64205000
8.59985352,-87.77103000,-70.17527000
8.60046387,-97.45070000,-77.68746000
8.60107422,-84.67575000,-88.28056000
8.60168457,-85.38596000,-84.53897000
8.60229492,-89.01184000,-78.54691000
8.60290527,-97.35716000,-74.90512000
8.60351563,-99.26442000,-76.51138000
8.60412598,-95.63544000,-73.86806000
8.60473633,-103.57590000,-68.93457000
8.60534668,-93.21186000,-70.16507000
8.60595703,-88.12478000,-78.42265000
8.60656738,-92.18743000,-95.67009000
8.60717773,-109.94320000,-74.20876000
8.60778809,-103.71480000,-72.99804000
8.60839844,-108.87970000,-72.21976000
8.60900879,-99.53785000,-75.64983000
8.60961914,-98.55740000,-77.66373000
8.61022949,-91.41704000,-79.44724000
8.61083984,-97.31200000,-87.41596000
8.61145020,-99.63953000,-77.16457000
8.61206055,-99.83559000,-72.05592000
8.61267090,-94.70143000,-68.11809000
8.61328125,-93.42216000,-70.51463000
8.61389160,-113.90070000,-74.92875000
8.61450195,-97.61565000,-84.07624000
8.61511230,-91.94205000,-78.25219000
8.61572266,-89.73352000,-80.71850000
8.61633301,-95.95792000,-73.20901000
8.61694336,-90.77701000,-68.45116000
8.61755371,-86.36823000,-71.16615000
8.61816406,-86.26934000,-72.31451000
8.61877441,-87.98344000,-72.72838000
8.61938477,-91.37595000,-71.95937000
8.61999512,-92.62825000,-69.91099000
8.62060547,-93.51021000,-70.59418000
8.62121582,-87.00950000,-70.52767000
8.62182617,-81.78028000,-68.74179000
8.62243652,-84.96286000,-68.48341000
8.62304688,-92.13685000,-71.07652000
8.62365723,-87.13850000,-76.97202000
8.62426758,-87.53360000,-91.53053000
8.62487793,-86.79208000,-83.48107000
8.62548828,-87.50305000,-83.42690000
8.62609863,-95.29610000,-74.81013000
8.62670898,-99.72725000,-74.96983000
8.62731934,-94.77936000,-83.39542000
8.62792969,-95.83607000,-77.64631000
8.62854004,-88.93002000,-81.67708000
8.62915039,-86.84197000,-76.20177000
8.62976074,-87.03639000,-72.12157000
8.63037109,-88.65417000,-73.29713000
8.63098145,-96.17379000,-76.80906000
8.63159180,-99.83000000,-74.80865000
8.63220215,-91.15457000,-73.82903000
8.63281250,-90.86389000,-74.32637000
8.63342285,-92.73254000,-88.51585000
8.63403320,-89.74555000,-72.42300000
8.63464355,-91.69936000,-75.22821000
8.63525391,-95.86729000,-73.76396000
8.63586426,-99.84383000,-78.95268000
8.63647461,-98.78981000,-73.45372000
8.63708496,-91.97625000,-70.54454000
8.63769531,-86.12219000,-82.32281000
8.63830566,-87.02766000,-71.93911000
8.63891602,-89.53952000,-69.87827000
8.63952637,-88.60765000,-78.73158000
8.64013672,-90.06664000,-71.49110000
8.64074707,-96.06063000,-70.32788000
8.64135742,-95.75861000,-71.91882000
8.64196777,-94.66091000,-71.50378000
8.64257813,-86.68441000,-76.87888000
8.64318848,-87.32800000,-73.96200000
8.64379883,-99.55505000,-70.05009000
8.64440918,-95.29070000,-70.40601000
8.64501953,-95.63973000,-75.00368000
8.64562988,-93.75029000,-79.92473000
8.64624023,-89.60845000,-75.63985000
8.64685059,-92.65617000,-76.39156000
8.64746094,-98.49988000,-76.72743000
8.64807129,-101.70560000,-78.59370000
8.64868164,-95.32021000,-78.18195000
8.64929199,-93.35898000,-72.35368000
8.64990234,-94.45198000,-68.48579000
8.65051270,-95.72879000,-68.31781000
8.65112305,-93.90776000,-75.86832000
8.65173340,-89.67513000,-84.13871000
8.65234375,-91.82774000,-78.66116000
8.65295410,-105.35660000,-75.20473000
8.65356445,-96.25710000,-71.42722000
8.65417480,-93.87979000,-66.19035000
8.65478516,-98.10841000,-66.84505000
8.65539551,-108.57300000,-69.92348000
8.65600586,-103.56940000,-71.08853000
8.65661621,-100.74000000,-71.60101000
8.65722656,-108.80800000,-76.25346000
8.65783691,-102.80660000,-77.66891000
8.65844727,-95.18848000,-71.60735000
8.65905762,-94.79523000,-70.99716000
8.65966797,-91.34660000,-72.80892000
8.66027832,-94.23705000,-66.05060000
8.66088867,-94.37809000,-66.55331000
8.66149902,-90.15270000,-73.28302000
8.66210938,-91.49178000,-81.96658000
8.66271973,-95.80070000,-77.36932000
8.66333008,-88.17635000,-80.99179000
8.66394043,-85.76671000,-77.80769000
8.66455078,-90.16084000,-74.35388000
8.66516113,-91.48182000,-70.12341000
8.66577148,-86.85169000,-73.64407000
8.66638184,-90.33536000,-78.84882000
8.66699219,-108.28240000,-80.49002000
8.66760254,-95.69713000,-83.80956000
8.66821289,-90.69450000,-78.22823000
8.66882324,-88.10181000,-84.79366000
8.66943359,-87.87035000,-75.87964000
8.67004395,-89.34200000,-73.54657000
8.67065430,-93.23320000,-79.85000000
8.67126465,-107.24560000,-86.22474000
8.67187500,-91.46987000,-75.47381000
8.67248535,-91.17654000,-74.07166000
8.67309570,-94.66152000,-73.84856000
8.67370605,-94.76882000,-75.77754000
8.67431641,-89.44638000,-75.09087000
8.67492676,-86.86179000,-73.17812000
8.67553711,-86.16997000,-69.18937000
8.67614746,-87.73914000,-67.97584000
8.67675781,-92.47757000,-77.00320000
8.67736816,-88.24014000,-72.08379000
8.67797852,-83.63235000,-66.27719000
8.67858887,-90.20023000,-67.06443000
8.67919922,-92.20488000,-73.74432000
8.67980957,-94.42550000,-74.56651000
8.68041992,-106.01560000,-73.08601000
8.68103027,-93.87909000,-79.96319000
8.68164063,-89.69383000,-75.23040000
8.68225098,-85.77512000,-72.46678000
8.68286133,-86.02760000,-78.48660000
8.68347168,-92.81356000,-83.24588000
8.68408203,-96.77527000,-85.90900000
8.68469238,-100.14300000,-78.41011000
8.68530273,-100.69200000,-79.46384000
8.68591309,-91.24773000,-81.12088000
8.68652344,-94.53177000,-76.15964000
8.68713379,-99.37981000,-100.51310000
8.68774414,-93.66809000,-75.38284000
8.68835449,-93.15475000,-74.88452000
8.68896484,-95.96786000,-73.99025000
8.68957520,-96.70190000,-70.97736000
8.69018555,-90.78068000,-75.17907000
8.69079590,-90.77452000,-79.56140000
8.69140625,-91.84119000,-78.32290000
8.69201660,-103.52680000,-74.10863000
8.69262695,-97.35243000,-73.10902000
8.69323730,-98.66000000,-77.11737000
8.69384766,-100.91400000,-73.05022000
8.69445801,-96.60255000,-75.65002000
8.69506836,-91.34331000,-77.68353000
8.69567871,-92.90867000,-70.77013000
8.69628906,-91.26624000,-67.43860000
8.69689941,-89.51717000,-69.22009000
8.69750977,-89.21286000,-78.38904000
8.69812012,-95.41345000,-77.56358000
8.69873047,-105.32630000,-74.47000000
8.69934082,-104.25100000,-76.10986000
8.69995117,-112.66960000,-85.54980000
8.70056152,-92.34597000,-75.74279000
8.70117188,-89.78070000,-68.81104000
8.70178223,-91.36029000,-67.65288000
8.70239258,-92.35925000,-82.80105000
8.70300293,-96.00156000,-70.88915000
8.70361328,-91.02299000,-70.21344000
8.70422363,-86.31975000,-73.57329000
8.70483398,-91.24867000,-87.71901000
8.70544434,-98.22194000,-75.53127000
8.70605469,-104.78440000,-73.59230000
8.70666504,-95.84000000,-71.99848000
8.70727539,-90.07130000,-72.30645000
8.70788574,-89.80151000,-75.76134000
8.70849609,-90.89894000,-74.89991000
8.70910645,-92.04027000,-69.67230000
8.70971680,-89.10597000,-68.48441000
8.71032715,-87.33949000,-74.12096000
8.71093750,-88.04379000,-76.11279000
8.71154785,-88.53237000,-72.78995000
8.71215820,-92.86102000,-72.01646000
8.71276855,-104.97080000,-71.74291000
8.71337891,-103.43400000,-72.13078000
8.71398926,-90.44630000,-71.13808000
8.71459961,-86.05620000,-68.67619000
8.71520996,-88.84608000,-67.95487000
8.71582031,-93.25863000,-68.20055000
8.71643066,-97.07623000,-72.25613000
8.71704102,-106.61910000,-76.62744000
8.71765137,-93.75206000,-70.67313000
8.71826172,-95.76682000,-69.52560000
8.71887207,-106.14160000,-74.58070000
8.71948242,-96.31448000,-82.46747000
8.72009277,-92.66508000,-90.07594000
8.72070313,-93.78391000,-80.30427000
8.72131348,-97.53059000,-75.02570000
8.72192383,-98.63110000,-72.27950000
8.72253418,-99.66012000,-75.44273000
8.72314453,-96.68286000,-79.24368000
8.72375488,-99.89605000,-92.02541000
8.72436523,-95.75833000,-75.66655000
8.72497559,-98.98203000,-72.32980000
8.72558594,-93.06445000,-72.15538000
8.72619629,-93.07847000,-69.98738000
8.72680664,-96.92305000,-69.57779000
8.72741699,-89.89034000,-80.51585000
8.72802734,-91.72305000,-76.37958000
8.72863770,-100.98460000,-76.38556000
8.72924805,-98.02181000,-72.80569000
8.72985840,-92.74680000,-81.70144000
8.73046875,-101.39570000,-80.32010000
8.73107910,-95.64423000,-75.97334000
8.73168945,-97.43610000,-73.54861000
8.73229980,-95.29633000,-73.49784000
8.73291016,-88.52266000,-75.78399000
8.73352051,-90.49199000,-75.38243000
8.73413086,-92.88548000,-73.20773000
8.73474121,-91.70769000,-75.27952000
8.73535156,-88.87212000,-73.62773000
8.73596191,-95.03135000,-76.24696000
8.73657227,-97.35222000,-78.91802000
8.73718262,-94.17052000,-70.86987000
8.73779297,-83.83942000,-66.61010000
8.73840332,-85.87073000,-67.96118000
8.73901367,-115.68430000,-90.48288000
8.73962402,-92.78571000,-72.58630000
8.74023438,-87.92503000,-72.90234000
8.74084473,-87.11313000,-75.02296000
8.74145508,-91.48756000,-76.12639000
8.74206543,-98.79757000,-76.48315000
8.74267578,-98.70728000,-80.84755000
8.74328613,-99.16047000,-81.39226000
8.74389648,-89.73275000,-70.74627000
8.74450684,-87.86057000,-68.03583000
8.74511719,-90.71921000,-67.43758000
8.74572754,-99.02645000,-68.39233000
8.74633789,-93.75551000,-73.19105000
8.74694824,-91.07422000,-77.00392000
8.74755859,-91.65356000,-79.85347000
8.74816895,-94.83727000,-82.65848000
8.74877930,-92.52707000,-74.20518000
8.74938965,-86.46798000,-79.74046000
8.75000000,-86.46824000,-90.10742000
8.75061035,-92.76003000,-75.42594000
8.75122070,-97.22810000,-69.01971000
8.75183105,-95.92427000,-68.80693000
8.75244141,-87.19579000,-72.79797000
8.75305176,-88.22260000,-74.90849000
8.75366211,-96.88040000,-75.85076000
8.75427246,-90.34120000,-75.83665000
8.75488281,-91.52110000,-73.96201000
8.75549316,-92.33685000,-74.28317000
8.75610352,-89.49937000,-71.85805000
8.75671387,-89.48620000,-72.22005000
8.75732422,-91.59093000,-73.62525000
8.75793457,-114.20230000,-69.48554000
8.75854492,-102.45380000,-70.03885000
8.75915527,-100.80740000,-78.38299000
8.75976563,-96.68794000,-77.73409000
8.76037598,-92.33987000,-81.20520000
8.76098633,-90.03097000,-74.88286000
8.76159668,-92.00036000,-68.80193000
8.76220703,-92.89901000,-66.59143000
8.76281738,-96.72923000,-70.10294000
8.76342773,-102.08410000,-74.90166000
8.76403809,-98.33556000,-75.52728000
8.76464844,-95.93858000,-72.48154000
8.76525879,-100.13120000,-70.02312000
8.76586914,-98.97247000,-73.79443000
8.76647949,-97.02190000,-78.87509000
8.76708984,-93.81532000,-83.47810000
8.76770020,-86.86472000,-86.47224000
8.76831055,-88.49807000,-75.00051000
8.76892090,-99.60808000,-71.48232000
8.76953125,-95.24338000,-70.07646000
8.77014160,-90.13419000,-67.35976000
8.77075195,-94.88286000,-66.79269000
8.77136230,-96.54031000,-68.92741000
8.77197266,-94.62955000,-72.31227000
8.77258301,-91.27238000,-73.52261000
8.77319336,-89.01772000,-74.18863000
8.77380371,-92.95168000,-69.94881000
8.77441406,-99.62082000,-70.05843000
8.77502441,-96.45432000,-76.54515000
8.77563477,-92.54440000,-75.46541000
8.77624512,-97.46421000,-79.02170000
8.77685547,-91.69305000,-75.40370000
8.77746582,-96.71874000,-71.22855000
8.77807617,-99.76205000,-69.49301000
8.77868652,-97.04682000,-69.27840000
8.77929688,-92.18349000,-75.58054000
8.77990723,-90.99167000,-77.22218000
8.78051758,-92.92938000,-75.18092000
8.78112793,-93.15972000,-71.33573000
8.78173828,-97.48033000,-72.46877000
8.78234863,-101.55590000,-83.84175000
8.78295898,-108.64670000,-75.08524000
8.78356934,-96.53347000,-72.66212000
8.78417969,-95.93163000,-71.12548000
8.78479004,-106.93780000,-74.85644000
8.78540039,-97.62153000,-76.33546000
8.78601074,-96.17210000,-74.79451000
8.78662109,-109.10050000,-73.05983000
8.78723145,-89.83795000,-71.39912000
8.78784180,-85.97978000,-75.70756000
8.78845215,-87.65870000,-79.59995000
8.78906250,-90.55539000,-74.89415000
8.78967285,-100.29250000,-72.51601000
8.79028320,-93.70002000,-75.23868000
8.79089355,-90.94043000,-79.98499000
8.79150391,-93.39893000,-77.67953000
8.79211426,-91.84236000,-71.05501000
8.79272461,-88.23303000,-76.83553000
8.79333496,-93.16557000,-73.01225000
8.79394531,-98.32317000,-70.86470000
8.79455566,-97.97139000,-77.91418000
8.79516602,-95.03941000,-74.99198000
8.79577637,-89.05333000,-72.44731000
8.79638672,-92.52270000,-77.30796000
8.79699707,-99.40791000,-77.01520000
8.79760742,-90.26427000,-71.68557000
8.79821777,-89.50255000,-75.67758000
8.79882813,-92.14365000,-73.23854000
8.79943848,-96.14570000,-66.53163000
8.80004883,-91.74836000,-67.82355000
8.80065918,-95.22408000,-79.45351000
8.80126953,-101.48900000,-74.16380000
8.80187988,-110.71560000,-69.06749000
8.80249023,-90.25361000,-69.95252000
8.80310059,-86.55834000,-79.72557000
8.80371094,-88.22485000,-78.15329000
8.80432129,-93.79752000,-76.33716000
8.80493164,-102.31490000,-75.29407000
8.80554199,-93.82835000,-74.82772000
8.80615234,-90.15065000,-79.29616000
8.80676270,-89.10282000,-72.55083000
8.80737305,-89.84997000,-81.85030000
8.80798340,-89.73315000,-88.04839000
8.80859375,-104.39960000,-74.10200000
8.80920410,-92.84039000,-71.21838000
8.80981445,-91.57430000,-76.88577000
8.81042480,-91.39908000,-80.08514000
8.81103516,-89.94793000,-70.36278000
8.81164551,-88.21341000,-70.20476000
8.81225586,-94.91642000,-71.94842000
8.81286621,-93.05551000,-73.01650000
8.81347656,-89.49211000,-70.57056000
8.81408691,-88.94727000,-67.44182000
8.81469727,-88.16347000,-68.74619000
8.81530762,-86.23625000,-75.10610000
8.81591797,-87.39612000,-73.25200000
8.81652832,-92.02358000,-87.92384000
8.81713867,-89.79866000,-75.29847000
8.81774902,-88.11824000,-73.08084000
8.81835938,-87.75694000,-69.98933000
8.81896973,-88.22956000,-73.60490000
8.81958008,-87.90901000,-81.64705000
8.82019043,-88.30502000,-75.60057000
8.82080078,-90.89642000,-82.13352000
8.82141113,-97.35589000,-77.50218000
8.82202148,-93.82587000,-71.88968000
8.82263184,-92.92432000,-70.35959000
8.82324219,-95.54826000,-76.61601000
8.82385254,-107.19310000,-84.46232000
8.82446289,-95.71126000,-74.95191000
8.82507324,-96.90981000,-81.34697000
8.82568359,-111.45310000,-82.24132000
8.82629395,-94.39931000,-77.84834000
8.82690430,-98.07067000,-72.24975000
8.82751465,-108.47800000,-79.59172000
8.82812500,-97.18315000,-83.45158000
8.82873535,-91.05358000,-85.24405000
8.82934570,-89.65297000,-77.08394000
8.82995605,-94.09873000,-78.12972000
8.83056641,-92.27322000,-73.86272000
8.83117676,-84.58451000,-72.90526000
8.83178711,-82.55657000,-73.35894000
8.83239746,-84.14572000,-72.21871000
8.83300781,-94.54562000,-71.41326000
8.83361816,-94.67693000,-73.07660000
8.83422852,-93.54209000,-79.17538000
8.83483887,-104.07250000,-78.28880000
8.83544922,-98.52338000,-83.99601000
8.83605957,-91.99681000,-73.89663000
8.83666992,-91.53130000,-76.88437000
8.83728027,-86.20818000,-74.37651000
8.83789063,-82.85643000,-69.12585000
8.83850098,-86.51333000,-69.16321000
8.83911133,-101.88990000,-71.69370000
8.83972168,-98.09768000,-74.25975000
8.84033203,-95.60288000,-71.93826000
8.84094238,-93.59191000,-71.94391000
8.84155273,-92.20401000,-76.30423000
8.84216309,-89.99023000,-70.88699000
8.84277344,-88.42930000,-68.67782000
8.84338379,-91.35658000,-71.54472000
8.84399414,-99.36101000,-75.09400000
8.84460449,-92.93374000,-87.30686000
8.84521484,-90.80799000,-86.25244000
8.84582520,-92.26492000,-79.88666000
8.84643555,-93.06281000,-72.90267000
8.84704590,-97.40314000,-71.20897000
8.84765625,-104.84740000,-74.07278000
8.84826660,-93.78532000,-72.77103000
8.84887695,-92.81006000,-70.97350000
8.84948730,-96.19689000,-72.64201000
8.85009766,-107.29270000,-70.81017000
8.85070801,-95.53008000,-67.35136000
8.85131836,-94.53688000,-67.70390000
8.85192871,-87.90424000,-69.61195000
8.85253906,-86.37936000,-71.26894000
8.85314941,-86.07764000,-72.43904000
8.85375977,-87.29109000,-70.52978000
8.85437012,-92.67325000,-73.92249000
8.85498047,-122.09030000,-74.52397000
8.85559082,-97.74809000,-73.56905000
8.85620117,-101.41460000,-82.95406000
8.85681152,-99.61400000,-76.33530000
8.85742188,-94.31029000,-78.46993000
8.85803223,-93.00990000,-91.67149000
8.85864258,-88.39101000,-83.77481000
8.85925293,-89.67223000,-82.70406000
8.85986328,-88.87897000,-83.68049000
8.86047363,-92.89916000,-79.99341000
8.86108398,-100.83290000,-80.57082000
8.86169434,-101.04280000,-80.50844000
8.86230469,-98.79121000,-85.11555000
8.86291504,-94.35715000,-74.81594000
8.86352539,-99.22716000,-74.57288000
8.86413574,-103.20800000,-77.05230000
8.86474609,-104.51740000,-73.64899000
8.86535645,-91.88892000,-73.40372000
8.86596680,-85.54063000,-76.48277000
8.86657715,-86.55905000,-80.50067000
8.86718750,-90.14481000,-87.83844000
8.86779785,-93.40987000,-81.79909000
8.86840820,-95.07275000,-84.46448000
8.86901855,-94.78467000,-73.73185000
8.86962891,-98.57672000,-74.25584000
8.87023926,-93.42325000,-84.01748000
8.87084961,-90.80680000,-81.81995000
8.87145996,-101.26870000,-79.08199000
8.87207031,-85.91908000,-72.71758000
8.87268066,-84.51967000,-72.95963000
8.87329102,-92.14732000,-78.52920000
8.87390137,-99.74925000,-87.08935000
8.87451172,-90.34705000,-72.16033000
8.87512207,-89.54021000,-71.09178000
8.87573242,-90.13388000,-83.98474000
8.87634277,-91.42333000,-78.54995000
8.87695313,-91.73995000,-79.21154000
8.87756348,-85.67215000,-74.20834000
8.87817383,-86.00732000,-72.80860000
8.87878418,-94.85223000,-72.74104000
8.87939453,-97.31469000,-69.36080000
8.88000488,-95.43511000,-67.38251000
8.88061523,-94.38159000,-72.21455000
8.88122559,-100.83950000,-87.79172000
8.88183594,-95.21561000,-89.80194000
8.88244629,-93.71448000,-70.56982000
8.88305664,-103.31850000,-69.24794000
8.88366699,-97.09592000,-84.23422000
8.88427734,-86.13006000,-70.84087000
8.88488770,-85.68961000,-71.37915000
8.88549805,-90.75504000,-80.37447000
8.88610840,-97.42950000,-83.02023000
8.88671875,-91.45911000,-73.98051000
8.88732910,-87.30915000,-70.50823000
8.88793945,-89.08936000,-69.51804000
8.88854980,-87.86911000,-72.25234000
8.88916016,-83.51598000,-73.70660000
8.88977051,-85.14436000,-76.26926000
8.89038086,-93.33792000,-74.20875000
8.89099121,-93.64722000,-69.31593000
8.89160156,-92.62223000,-66.76648000
8.89221191,-92.46822000,-69.01655000
8.89282227,-95.17442000,-84.54559000
8.89343262,-115.33370000,-75.38245000
8.89404297,-94.71619000,-73.51014000
8.89465332,-92.31787000,-72.19075000
8.89526367,-85.00395000,-71.56676000
8.89587402,-86.32148000,-78.60202000
8.89648438,-95.87691000,-79.85982000
8.89709473,-98.36658000,-76.17371000
8.89770508,-96.49898000,-74.41854000
8.89831543,-91.19766000,-69.34525000
8.89892578,-89.17284000,-66.50841000
8.89953613,-87.28947000,-69.30301000
8.90014648,-89.15123000,-75.42799000
8.90075684,-93.37282000,-88.99713000
8.90136719,-91.84418000,-77.06856000
8.90197754,-90.85207000,-71.33257000
8.90258789,-91.88216000,-70.61055000
8.90319824,-96.59026000,-72.09184000
8.90380859,-99.74922000,-73.59412000
8.90441895,-90.49791000,-74.51213000
8.90502930,-87.19722000,-71.76122000
8.90563965,-90.70926000,-76.88597000
8.90625000,-95.75856000,-76.33942000
8.90686035,-94.22413000,-73.26480000
8.90747070,-92.30260000,-75.58369000
8.90808105,-108.49140000,-75.90128000
8.90869141,-92.09873000,-74.85002000
8.90930176,-92.68456000,-72.84038000
8.90991211,-93.40282000,-80.28476000
8.91052246,-95.95183000,-78.83472000
8.91113281,-98.65138000,-74.10963000
8.91174316,-89.50038000,-73.04620000
8.91235352,-89.92236000,-75.01607000
8.91296387,-100.93450000,-85.80305000
8.91357422,-101.51550000,-82.15740000
8.91418457,-103.69470000,-74.95918000
8.91479492,-99.55142000,-72.37771000
8.91540527,-93.71886000,-72.28838000
8.91601563,-81.89919000,-75.39138000
8.91662598,-81.45053000,-77.84760000
8.91723633,-95.20420000,-83.37140000
8.91784668,-81.94917000,-74.15121000
8.91845703,-83.99451000,-71.60123000
8.91906738,-87.30156000,-75.53235000
8.91967773,-89.23444000,-72.87423000
8.92028809,-92.75595000,-70.21102000
8.92089844,-95.99837000,-72.04691000
8.92150879,-96.57146000,-70.51196000
8.92211914,-96.28228000,-69.56686000
8.92272949,-92.18848000,-76.49030000
8.92333984,-98.26396000,-74.47411000
8.92395020,-93.37698000,-74.83144000
8.92456055,-91.16077000,-90.51866000
8.92517090,-101.63040000,-77.77259000
8.92578125,-88.10410000,-73.44411000
8.92639160,-87.84901000,-70.62791000
8.92700195,-91.45772000,-70.30495000
8.92761230,-93.03481000,-70.80614000
8.92822266,-95.67482000,-70.53483000
8.92883301,-87.73392000,-71.28771000
8.92944336,-91.47935000,-73.23753000
8.93005371,-103.86140000,-73.32131000
8.93066406,-107.19270000,-73.34692000
8.93127441,-99.05113000,-74.03659000
8.93188477,-97.39658000,-80.05894000
8.93249512,-95.95866000,-75.64053000
8.93310547,-115.02340000,-80.81131000
8.93371582,-111.92000000,-77.07239000
8.93432617,-92.75905000,-77.60855000
8.93493652,-91.55643000,-79.60942000
8.93554688,-88.38729000,-74.68484000
8.93615723,-88.62939000,-72.98067000
8.93676758,-82.14669000,-75.15178000
8.93737793,-76.53104000,-72.13143000
8.93798828,-77.86467000,-72.43099000
8.93859863,-86.99906000,-73.40471000
8.93920898,-122.55440000,-82.97639000
8.93981934,-113.42470000,-71.05116000
8.94042969,-101.47980000,-78.71474000
8.94104004,-93.72792000,-69.73869000
8.94165039,-93.83277000,-70.64559000
8.94226074,-92.13573000,-72.75290000
8.94287109,-91.64355000,-75.06998000
8.94348145,-93.91959000,-79.81330000
8.94409180,-94.14066000,-74.04665000
8.94470215,-90.54459000,-78.83818000
8.94531250,-93.77036000,-80.12170000
8.94592285,-93.81996000,-79.68278000
8.94653320,-91.39302000,-79.67230000
8.94714355,-100.31660000,-74.22671000
8.94775391,-104.82960000,-75.78857000
8.94836426,-105.42210000,-76.80971000
8.94897461,-99.56855000,-69.37577000
8.94958496,-94.91350000,-67.64314000
8.95019531,-96.23138000,-72.17055000
8.95080566,-99.92387000,-69.90710000
8.95141602,-103.57240000,-66.73264000
8.95202637,-93.52687000,-68.69135000
8.95263672,-93.54038000,-74.07122000
8.95324707,-95.37605000,-78.44010000
8.95385742,-106.07950000,-78.61032000
8.95446777,-96.67767000,-81.12942000
8.95507813,-111.53180000,-77.14606000
8.95568848,-93.53555000,-70.14395000
8.95629883,-91.98844000,-67.45098000
8.95690918,-99.35341000,-72.90118000
8.95751953,-95.38150000,-74.84682000
8.95812988,-80.25932000,-68.62485000
8.95874023,-76.91165000,-69.36515000
8.95935059,-81.03494000,-72.70345000
8.95996094,-90.46204000,-68.19763000
8.96057129,-94.60425000,-67.18911000
8.96118164,-96.55575000,-70.90694000
8.96179199,-90.15542000,-74.03163000
8.96240234,-85.90576000,-70.16664000
8.96301270,-88.07256000,-70.38811000
8.96362305,-88.62399000,-73.12616000
8.96423340,-86.91140000,-77.37518000
8.96484375,-85.98677000,-73.28941000
8.96545410,-89.83482000,-69.86227000
8.96606445,-102.74490000,-70.04916000
8.96667480,-94.16737000,-72.36081000
8.96728516,-91.57714000,-84.95226000
8.96789551,-91.77113000,-76.53433000
8.96850586,-94.15990000,-76.32018000
8.96911621,-94.18359000,-68.25927000
8.96972656,-107.58760000,-68.57850000
8.97033691,-91.11520000,-74.69146000
8.97094727,-91.30210000,-84.97296000
8.97155762,-93.93633000,-79.57821000
8.97216797,-105.07030000,-71.96265000
8.97277832,-105.84870000,-74.13422000
8.97338867,-91.99528000,-76.61996000
8.97399902,-88.12335000,-82.08165000
8.97460938,-88.24406000,-80.47550000
8.97521973,-94.96056000,-75.43384000
8.97583008,-92.65136000,-80.44991000
8.97644043,-91.18486000,-82.03343000
8.97705078,-85.66141000,-75.70547000
8.97766113,-81.33287000,-87.49693000
8.97827148,-84.45229000,-75.42789000
8.97888184,-87.17354000,-71.62893000
8.97949219,-78.67326000,-75.20461000
8.98010254,-80.32719000,-73.18129000
8.98071289,-89.82041000,-77.73457000
8.98132324,-99.07475000,-80.49626000
8.98193359,-97.03861000,-74.46128000
8.98254395,-94.09278000,-74.67424000
8.98315430,-91.61823000,-74.43343000
8.98376465,-98.13449000,-71.25906000
8.98437500,-98.87613000,-73.67442000
8.98498535,-93.09013000,-76.03744000
8.98559570,-99.88872000,-70.24300000
8.98620605,-100.42380000,-70.50651000
8.98681641,-97.95300000,-71.71260000
8.98742676,-86.29991000,-70.31435000
8.98803711,-85.63553000,-69.63346000
8.98864746,-93.66264000,-80.79368000
8.98925781,-97.23830000,-71.48824000
8.98986816,-91.69365000,-76.33531000
8.99047852,-93.37743000,-78.60562000
8.99108887,-99.82350000,-74.39477000
8.99169922,-97.67799000,-78.81147000
8.99230957,-88.72862000,-83.65527000
8.99291992,-86.41425000,-90.54215000
8.99353027,-93.29149000,-80.43281000
8.99414063,-109.51960000,-74.65166000
8.99475098,-99.58943000,-67.47367000
8.99536133,-87.22101000,-68.13598000
8.99597168,-83.92368000,-76.90458000
8.99658203,-87.82027000,-83.57559000
8.99719238,-94.79089000,-74.98233000
8.99780273,-86.50665000,-75.91025000
8.99841309,-88.16796000,-75.32571000
8.99902344,-93.43202000,-73.04961000
8.99963379,-89.24004000,-76.03849000
9.00024414,-80.57243000,-73.68185000
9.00085449,-80.84441000,-71.25678000
9.00146484,-95.27627000,-79.73114000
9.00207520,-93.33862000,-74.32582000
9.00268555,-92.19870000,-72.18524000
9.00329590,-91.98788000,-76.08971000
9.00390625,-92.02457000,-77.86397000
9.00451660,-91.18388000,-76.90199000
9.00512695,-93.06311000,-77.52840000
9.00573730,-93.90182000,-73.94485000
9.00634766,-90.53616000,-74.08073000
9.00695801,-87.03267000,-72.49046000
9.00756836,-89.38714000,-70.15836000
9.00817871,-98.07831000,-78.06764000
9.00878906,-99.83940000,-79.00994000
9.00939941,-107.71240000,-74.40184000
9.01000977,-94.59965000,-75.42719000
9.01062012,-92.09074000,-89.06102000
9.01123047,-89.68309000,-72.76262000
9.01184082,-89.19522000,-72.83763000
9.01245117,-97.14250000,-80.28019000
9.01306152,-102.95180000,-71.26241000
9.01367188,-102.35570000,-66.33672000
9.01428223,-96.50184000,-68.01936000
9.01489258,-107.06220000,-69.84048000
9.01550293,-97.36993000,-70.00510000
9.01611328,-96.23803000,-74.81747000
9.01672363,-92.23782000,-91.29861000
9.01733398,-85.82442000,-90.69881000
9.01794434,-89.19713000,-74.82734000
9.01855469,-97.76010000,-76.03851000
9.01916504,-103.55320000,-79.33700000
9.01977539,-97.67666000,-74.62495000
9.02038574,-93.34232000,-68.88326000
9.02099609,-82.64787000,-72.72077000
9.02160645,-80.76192000,-80.55958000
9.02221680,-88.38021000,-76.61458000
9.02282715,-95.02384000,-102.02340000
9.02343750,-93.54453000,-79.91354000
9.02404785,-90.85148000,-80.08358000
9.02465820,-94.49815000,-81.88964000
9.02526855,-108.21170000,-75.10743000
9.02587891,-106.93860000,-76.59976000
9.02648926,-96.92590000,-74.55763000
9.02709961,-89.84190000,-75.21950000
9.02770996,-85.16223000,-82.39384000
9.02832031,-87.09687000,-83.98260000
9.02893066,-90.29837000,-77.19727000
9.02954102,-93.79971000,-71.58175000
9.03015137,-99.83855000,-71.85522000
9.03076172,-93.07838000,-75.31216000
9.03137207,-94.33700000,-75.92155000
9.03198242,-94.91147000,-73.00742000
9.03259277,-93.35483000,-81.92493000
9.03320313,-96.71408000,-78.90113000
9.03381348,-91.48149000,-77.03739000
9.03442383,-93.61114000,-73.87741000
9.03503418,-89.11589000,-70.73373000
9.03564453,-86.51357000,-71.70985000
9.03625488,-87.98692000,-73.99593000
9.03686523,-95.04459000,-75.23513000
9.03747559,-99.45786000,-78.29822000
9.03808594,-102.85180000,-73.40845000
9.03869629,-112.21820000,-73.94070000
9.03930664,-92.22656000,-75.23262000
9.03991699,-85.62190000,-72.46819000
9.04052734,-86.73775000,-76.99232000
9.04113770,-103.99420000,-79.26986000
9.04174805,-93.65019000,-72.16484000
9.04235840,-85.71916000,-70.14237000
9.04296875,-84.58794000,-70.27848000
9.04357910,-91.24256000,-81.23053000
9.04418945,-96.18727000,-74.83971000
9.04479980,-98.81900000,-76.49510000
9.04541016,-87.55180000,-94.25447000
9.04602051,-87.29692000,-77.96500000
9.04663086,-96.19599000,-73.13516000
9.04724121,-103.03380000,-74.05510000
9.04785156,-97.51106000,-84.77561000
9.04846191,-93.82419000,-77.53600000
9.04907227,-96.28989000,-73.65907000
9.04968262,-101.42330000,-71.77492000
9.05029297,-95.03807000,-69.26980000
9.05090332,-91.13702000,-69.46155000
9.05151367,-91.51945000,-77.99357000
9.05212402,-91.37375000,-75.29929000
9.05273438,-93.24620000,-71.70174000
9.05334473,-91.97649000,-69.23732000
9.05395508,-91.48689000,-71.94252000
9.05456543,-99.63116000,-78.95480000
9.05517578,-97.23196000,-78.61949000
9.05578613,-93.56429000,-78.56160000
9.05639648,-90.57892000,-81.54994000
9.05700684,-91.00014000,-83.65781000
9.05761719,-96.03767000,-78.56995000
9.05822754,-103.01890000,-74.07368000
9.05883789,-107.52410000,-72.78203000
9.05944824,-95.39748000,-72.05290000
9.06005859,-90.56953000,-75.32925000
9.06066895,-94.83562000,-75.79841000
9.06127930,-98.06207000,-99.43490000
9.06188965,-98.21719000,-69.99486000
9.06250000,-98.41534000,-68.62444000
9.06311035,-88.12828000,-73.89171000
9.06372070,-84.70801000,-75.40788000
9.06433105,-86.62469000,-76.69411000
9.06494141,-91.46465000,-77.96105000
9.06555176,-92.49120000,-68.91224000
9.06616211,-87.70217000,-65.27106000
9.06677246,-87.08571000,-67.68054000
9.06738281,-91.74081000,-80.63065000
9.06799316,-96.42947000,-75.55871000
9.06860352,-96.99134000,-69.75567000
9.06921387,-100.33970000,-71.56852000
9.06982422,-98.80171000,-75.93279000
9.07043457,-94.55886000,-71.02231000
9.07104492,-94.91242000,-69.31940000
9.07165527,-99.88405000,-73.05984000
9.07226563,-96.84867000,-86.54412000
9.07287598,-96.90659000,-71.59306000
9.07348633,-95.60078000,-71.53773000
9.07409668,-103.31520000,-80.34444000
9.07470703,-95.66606000,-89.70131000
9.07531738,-97.54540000,-73.04149000
9.07592773,-98.32071000,-72.56714000
9.07653809,-98.42503000,-76.00369000
9.07714844,-91.80716000,-80.80239000
9.07775879,-93.62731000,-90.76679000
9.07836914,-101.75830000,-82.68427000
9.07897949,-91.33127000,-87.20401000
9.07958984,-88.60114000,-72.98595000
9.08020020,-96.11304000,-69.07288000
9.08081055,-91.23654000,-70.64197000
9.08142090,-87.53398000,-71.53127000
9.08203125,-87.88197000,-71.60995000
9.08264160,-89.40152000,-71.85796000
9.08325195,-95.98495000,-72.75127000
9.08386230,-96.92442000,-70.76524000
9.08447266,-85.07335000,-66.30340000
9.08508301,-82.57417000,-67.64461000
9.08569336,-85.43122000,-94.39923000
9.08630371,-88.88912000,-79.80214000
9.08691406,-92.18365000,-87.02950000
9.08752441,-97.82185000,-80.51904000
9.08813477,-90.16193000,-79.30365000
9.08874512,-92.07096000,-85.62956000
9.08935547,-100.06720000,-78.37363000
9.08996582,-91.22098000,-73.10654000
9.09057617,-95.52786000,-71.71630000
9.09118652,-95.48926000,-69.77280000
9.09179688,-89.73129000,-76.42042000
9.09240723,-87.44093000,-79.30981000
9.09301758,-88.86072000,-71.59480000
9.09362793,-93.91273000,-73.73477000
9.09423828,-91.92719000,-74.66830000
9.09484863,-89.80869000,-68.20454000
9.09545898,-89.50124000,-70.20126000
9.09606934,-87.24210000,-77.67511000
9.09667969,-85.83762000,-87.22375000
9.09729004,-89.43679000,-79.16734000
9.09790039,-96.11225000,-81.19750000
9.09851074,-92.06401000,-76.84686000
9.09912109,-93.76187000,-78.55003000
9.09973145,-99.24938000,-70.76395000
9.10034180,-100.92120000,-71.47124000
9.10095215,-97.53294000,-77.77360000
9.10156250,-89.78168000,-76.68061000
9.10217285,-91.55075000,-72.23119000
9.10278320,-99.40525000,-79.50946000
9.10339355,-97.61764000,-72.76651000
9.10400391,-89.21889000,-68.97865000
9.10461426,-86.92818000,-72.97116000
9.10522461,-90.22286000,-76.91795000
9.10583496,-92.22690000,-71.89078000
9.10644531,-92.26818000,-70.18095000
9.10705566,-97.07697000,-72.39552000
9.10766602,-92.36276000,-77.00919000
9.10827637,-97.90218000,-73.54337000
9.10888672,-91.99538000,-75.22259000
9.10949707,-90.44259000,-75.09587000
9.11010742,-91.42449000,-76.96368000
9.11071777,-93.33864000,-81.59325000
9.11132813,-97.09817000,-71.28699000
9.11193848,-96.92592000,-68.35618000
9.11254883,-96.31374000,-69.38637000
9.11315918,-98.85461000,-75.30458000
9.11376953,-98.96217000,-72.53881000
9.11437988,-104.52700000,-67.82167000
9.11499023,-93.39832000,-69.44666000
9.11560059,-89.71646000,-87.73119000
9.11621094,-89.39285000,-68.87694000
9.11682129,-86.99281000,-68.41125000
9.11743164,-84.35162000,-73.89714000
9.11804199,-86.16367000,-81.50211000
9.11865234,-93.20204000,-78.85019000
9.11926270,-92.32906000,-79.46699000
9.11987305,-92.83089000,-73.95442000
9.12048340,-90.54916000,-67.08430000
9.12109375,-89.17525000,-68.11240000
9.12170410,-92.42545000,-72.19386000
9.12231445,-89.50990000,-81.58967000
9.12292480,-86.45378000,-71.80035000
9.12353516,-87.16225000,-73.90578000
9.12414551,-93.79494000,-89.00098000
9.12475586,-109.47010000,-77.24747000
9.12536621,-98.74473000,-79.24417000
9.12597656,-95.62806000,-89.15993000
9.12658691,-92.10320000,-77.85127000
9.12719727,-87.65250000,-72.96803000
9.12780762,-88.05412000,-75.56479000
9.12841797,-93.01292000,-89.18537000
9.12902832,-90.67892000,-85.01378000
9.12963867,-96.86935000,-79.05849000
9.13024902,-94.31395000,-72.49876000
9.13085938,-93.28644000,-72.13754000
9.13146973,-96.20426000,-77.00774000
9.13208008,-98.49889000,-98.41553000
9.13269043,-93.33909000,-78.53886000
9.13330078,-94.81643000,-76.25988000
9.13391113,-102.20790000,-73.53562000
9.13452148,-103.95360000,-71.95439000
9.13513184,-96.94213000,-74.30740000
9.13574219,-87.54859000,-81.63297000
9.13635254,-87.25272000,-79.09641000
9.13696289,-92.84745000,-77.41424000
9.13757324,-101.74190000,-84.92264000
9.13818359,-94.60507000,-69.13057000
9.13879395,-88.49539000,-64.94785000
9.13940430,-89.64067000,-64.68346000
9.14001465,-99.19472000,-67.20285000
9.14062500,-95.99880000,-70.88436000
9.14123535,-96.45385000,-79.27164000
9.14184570,-99.63927000,-78.60015000
9.14245605,-92.82533000,-71.78443000
9.14306641,-97.02880000,-69.86803000
9.14367676,-99.21935000,-67.79585000
9.14428711,-94.77536000,-70.37699000
9.14489746,-96.44684000,-77.39990000
9.14550781,-89.85571000,-73.64288000
9.14611816,-93.81306000,-79.25483000
9.14672852,-95.73926000,-88.01245000
9.14733887,-95.31651000,-83.29425000
9.14794922,-97.60648000,-76.89488000
9.14855957,-96.05014000,-77.79887000
9.14916992,-93.36521000,-85.63028000
9.14978027,-93.99948000,-78.08827000
9.15039063,-102.36070000,-77.99812000
9.15100098,-96.92068000,-72.89334000
9.15161133,-89.90190000,-75.79240000
9.15222168,-86.85938000,-74.17354000
9.15283203,-84.03912000,-75.10175000
9.15344238,-84.11691000,-73.71642000
9.15405273,-90.10315000,-72.55799000
9.15466309,-93.17371000,-84.09783000
9.15527344,-89.16791000,-77.74001000
9.15588379,-89.78019000,-74.49306000
9.15649414,-90.76869000,-71.21510000
9.15710449,-95.23335000,-69.46290000
9.15771484,-94.90616000,-70.77401000
9.15832520,-93.39174000,-72.83278000
9.15893555,-91.73443000,-76.26291000
9.15954590,-91.21455000,-81.07077000
9.16015625,-93.62480000,-72.39165000
9.16076660,-98.14789000,-72.04052000
9.16137695,-94.64256000,-81.13724000
9.16198730,-96.75143000,-80.30124000
9.16259766,-94.44780000,-74.78525000
9.16320801,-89.28542000,-74.99763000
9.16381836,-94.30428000,-93.64371000
9.16442871,-91.45125000,-75.99674000
9.16503906,-85.28954000,-73.01868000
9.16564941,-87.76622000,-73.57099000
9.16625977,-93.76614000,-81.61018000
9.16687012,-93.49300000,-73.50373000
9.16748047,-96.56979000,-83.46875000
9.16809082,-97.74274000,-75.77666000
9.16870117,-91.89061000,-76.11922000
9.16931152,-89.81210000,-93.42200000
9.16992188,-90.10741000,-75.39519000
9.17053223,-91.71095000,-75.04494000
9.17114258,-95.36230000,-75.44028000
9.17175293,-98.85952000,-79.60162000
9.17236328,-103.86270000,-86.85355000
9.17297363,-103.29620000,-98.73016000
9.17358398,-89.94103000,-91.17366000
9.17419434,-89.92146000,-77.14719000
9.17480469,-92.93952000,-71.09275000
9.17541504,-98.88669000,-71.33498000
9.17602539,-93.21067000,-75.63811000
9.17663574,-92.69223000,-86.36557000
9.17724609,-93.16631000,-77.73551000
9.17785645,-89.52507000,-72.77051000
9.17846680,-91.19760000,-77.97641000
9.17907715,-101.75880000,-73.14576000
9.17968750,-89.85294000,-72.79463000
9.18029785,-89.38042000,-75.83428000
9.18090820,-92.32795000,-79.42786000
9.18151855,-88.15224000,-79.18851000
9.18212891,-93.65770000,-78.09567000
9.18273926,-87.86279000,-75.74394000
9.18334961,-89.23859000,-72.75401000
9.18395996,-101.46640000,-74.54299000
9.18457031,-93.22128000,-85.59715000
9.18518066,-95.49717000,-70.52947000
9.18579102,-98.82913000,-69.15427000
9.18640137,-101.94340000,-71.59705000
9.18701172,-106.16040000,-73.10767000
9.18762207,-98.24317000,-83.39898000
9.18823242,-101.05620000,-79.46413000
9.18884277,-101.22670000,-85.28057000
9.18945313,-97.21648000,-82.13146000
9.19006348,-104.28390000,-77.15732000
9.19067383,-116.38510000,-75.71133000
9.19128418,-105.41840000,-71.76877000
9.19189453,-102.19080000,-70.47922000
9.19250488,-97.95329000,-73.51137000
9.19311523,-90.60204000,-72.93852000
9.19372559,-89.50146000,-68.50233000
9.19433594,-92.04826000,-65.94186000
9.19494629,-93.24414000,-68.34399000
9.19555664,-103.29490000,-73.98483000
9.19616699,-98.46208000,-78.53658000
9.19677734,-112.28740000,-86.82167000
9.19738770,-94.50047000,-92.11136000
9.19799805,-91.12094000,-76.30170000
9.19860840,-97.09553000,-74.52164000
9.19921875,-88.50723000,-82.02147000
9.19982910,-84.82170000,-76.08923000
9.20043945,-90.96721000,-72.46901000
9.20104980,-96.23959000,-69.84394000
9.20166016,-105.67630000,-72.25026000
9.20227051,-94.72009000,-79.74105000
9.20288086,-96.74246000,-76.60458000
9.20349121,-95.03570000,-70.38351000
9.20410156,-92.69436000,-74.80992000
9.20471191,-91.89834000,-100.48730000
9.20532227,-102.35030000,-78.16047000
9.20593262,-91.08098000,-73.60280000
9.20654297,-96.28157000,-71.87945000
9.20715332,-94.05723000,-79.11407000
9.20776367,-93.78276000,-74.75605000
9.20837402,-103.33440000,-69.54772000
9.20898438,-95.56770000,-70.45768000
9.20959473,-89.24786000,-71.20008000
9.21020508,-89.98112000,-74.84258000
9.21081543,-103.65540000,-80.91714000
9.21142578,-92.71266000,-81.39195000
9.21203613,-92.67417000,-73.52022000
9.21264648,-107.54160000,-73.26649000
9.21325684,-106.24870000,-80.99539000
9.21386719,-95.33859000,-82.23235000
9.21447754,-92.92395000,-87.09270000
9.21508789,-98.13560000,-80.21137000
9.21569824,-104.03330000,-71.74976000
9.21630859,-100.34920000,-68.56536000
9.21691895,-82.56468000,-68.81165000
9.21752930,-75.42262000,-66.07356000
9.21813965,-76.97345000,-65.36440000
9.21875000,-86.50646000,-69.04160000
9.21936035,-103.33490000,-85.01166000
9.21997070,-101.14630000,-89.29178000
9.22058105,-102.39440000,-77.75681000
9.22119141,-94.41858000,-71.21825000
9.22180176,-92.03531000,-68.74529000
9.22241211,-88.22621000,-72.28464000
9.22302246,-87.53220000,-78.83818000
9.22363281,-88.23477000,-74.23161000
9.22424316,-91.09731000,-70.83578000
9.22485352,-104.41110000,-77.07333000
9.22546387,-94.00204000,-77.02891000
9.22607422,-90.98533000,-71.91578000
9.22668457,-92.41546000,-79.46236000
9.22729492,-101.44520000,-81.90499000
9.22790527,-93.50692000,-75.31142000
9.22851563,-89.14423000,-72.14750000
9.22912598,-88.66675000,-74.55686000
9.22973633,-90.02118000,-79.38096000
9.23034668,-94.56925000,-80.53653000
9.23095703,-98.75197000,-84.35963000
9.23156738,-92.65237000,-88.36703000
9.23217773,-88.01510000,-76.73016000
9.23278809,-88.21252000,-73.61106000
9.23339844,-89.77467000,-74.74427000
9.23400879,-89.02773000,-74.19499000
9.23461914,-93.90549000,-73.32903000
9.23522949,-100.24320000,-75.30826000
9.23583984,-100.98790000,-80.34028000
9.23645020,-101.53990000,-77.44173000
9.23706055,-96.03455000,-74.45241000
9.23767090,-99.68284000,-75.61219000
9.23828125,-95.72594000,-77.20625000
9.23889160,-91.36303000,-77.14877000
9.23950195,-92.44409000,-73.71160000
9.24011230,-91.60149000,-75.73573000
9.24072266,-92.76805000,-85.88775000
9.24133301,-96.19888000,-74.42815000
9.24194336,-102.49180000,-70.49081000
9.24255371,-101.41630000,-71.35751000
9.24316406,-97.03335000,-70.66850000
9.24377441,-95.30616000,-70.83524000
9.24438477,-91.86217000,-70.66470000
9.24499512,-89.00448000,-68.06751000
9.24560547,-88.58338000,-66.68166000
9.24621582,-92.93990000,-68.88404000
9.24682617,-97.49199000,-79.24917000
9.24743652,-96.32451000,-71.26754000
9.24804688,-98.03709000,-66.07011000
9.24865723,-102.53980000,-67.14806000
9.24926758,-87.76425000,-73.21388000
9.24987793,-88.51978000,-83.87302000
9.25048828,-100.55230000,-77.25900000
9.25109863,-88.32707000,-77.44912000
9.25170898,-86.21395000,-74.70011000
9.25231934,-87.59475000,-74.54019000
9.25292969,-90.17545000,-77.60936000
9.25354004,-90.89855000,-82.85851000
9.25415039,-103.29790000,-73.66922000
9.25476074,-93.76550000,-72.69077000
9.25537109,-99.52556000,-78.98947000
9.25598145,-98.92087000,-72.53968000
9.25659180,-93.31950000,-73.70974000
9.25720215,-90.52422000,-113.22510000
9.25781250,-89.86943000,-85.55054000
9.25842285,-90.89629000,-76.18732000
9.25903320,-90.30608000,-73.58836000
9.25964355,-92.99541000,-72.96934000
9.26025391,-100.24420000,-88.59763000
9.26086426,-94.62267000,-70.15302000
9.26147461,-98.35303000,-68.51292000
9.26208496,-94.72838000,-72.78551000
9.26269531,-94.13152000,-71.57156000
9.26330566,-94.23607000,-72.37225000
9.26391602,-91.02408000,-74.68959000
9.26452637,-88.50594000,-77.16473000
9.26513672,-91.18012000,-85.11156000
9.26574707,-98.60221000,-79.55083000
9.26635742,-89.87512000,-78.88460000
9.26696777,-84.61913000,-88.53165000
9.26757813,-85.65629000,-74.97727000
9.26818848,-94.48708000,-77.01099000
9.26879883,-93.11387000,-74.52950000
9.26940918,-93.43681000,-82.35048000
9.27001953,-100.19960000,-69.16014000
9.27062988,-103.80400000,-73.81665000
9.27124023,-110.81380000,-76.34344000
9.27185059,-92.88100000,-71.73310000
9.27246094,-88.64651000,-69.89974000
9.27307129,-86.60237000,-70.91302000
9.27368164,-86.61076000,-76.11073000
9.27429199,-88.91193000,-85.06573000
9.27490234,-91.98070000,-100.98490000
9.27551270,-92.37752000,-84.10915000
9.27612305,-102.01720000,-77.78578000
9.27673340,-97.69708000,-71.82728000
9.27734375,-96.89171000,-69.97607000
9.27795410,-108.59770000,-75.55011000
9.27856445,-94.95002000,-78.58298000
9.27917480,-96.66464000,-72.23360000
9.27978516,-102.19580000,-102.52180000
9.28039551,-97.80761000,-73.98400000
9.28100586,-100.22850000,-73.84150000
9.28161621,-97.67662000,-68.69242000
9.28222656,-92.43140000,-73.04761000
9.28283691,-90.61121000,-85.83665000
9.28344727,-90.43145000,-76.72003000
9.28405762,-93.15672000,-73.55109000
9.28466797,-95.75336000,-76.86911000
9.28527832,-96.81703000,-78.25734000
9.28588867,-99.01491000,-75.80817000
9.28649902,-91.61259000,-72.39734000
9.28710938,-87.54124000,-72.45665000
9.28771973,-88.87737000,-71.33042000
9.28833008,-104.01630000,-69.86540000
9.28894043,-93.16982000,-71.11137000
9.28955078,-92.21831000,-68.40161000
9.29016113,-97.57777000,-71.57150000
9.29077148,-100.13370000,-82.43778000
9.29138184,-94.21485000,-78.30077000
9.29199219,-90.73437000,-74.72431000
9.29260254,-91.28754000,-81.36261000
9.29321289,-91.16906000,-80.68778000
9.29382324,-92.54696000,-80.98174000
9.29443359,-94.96004000,-81.49262000
9.29504395,-92.81801000,-85.72900000
9.29565430,-97.01566000,-79.77545000
9.29626465,-103.50790000,-105.38950000
9.29687500,-95.42979000,-73.18046000
9.29748535,-93.16293000,-77.94129000
9.29809570,-93.41650000,-85.19357000
9.29870605,-95.79558000,-87.03040000
9.29931641,-104.23470000,-80.13955000
9.29992676,-97.99058000,-72.05854000
9.30053711,-103.90630000,-71.57761000
9.30114746,-97.81726000,-72.84838000
9.30175781,-97.84283000,-72.97715000
9.30236816,-106.83830000,-74.60417000
9.30297852,-94.10870000,-74.14780000
9.30358887,-90.69547000,-79.29918000
9.30419922,-90.81123000,-75.90150000
9.30480957,-93.13374000,-82.12502000
9.30541992,-92.78984000,-76.76552000
9.30603027,-94.97364000,-84.90001000
9.30664063,-117.30740000,-76.96929000
9.30725098,-92.50720000,-74.72424000
9.30786133,-88.32225000,-96.61658000
9.30847168,-87.30333000,-74.74402000
9.30908203,-87.40179000,-75.57328000
9.30969238,-88.79800000,-94.56878000
9.31030273,-93.79927000,-79.77605000
9.31091309,-101.01550000,-80.29660000
9.31152344,-99.20536000,-74.25203000
9.31213379,-107.17470000,-71.95634000
9.31274414,-102.92140000,-75.33704000
9.31335449,-101.61790000,-77.42416000
9.31396484,-105.72000000,-73.63336000
9.31457520,-100.47960000,-76.47733000
9.31518555,-92.80525000,-83.99342000
9.31579590,-87.96204000,-81.32996000
9.31640625,-91.04530000,-79.83317000
9.31701660,-93.07362000,-80.57016000
9.31762695,-87.12521000,-77.13953000
9.31823730,-95.27428000,-72.21713000
9.31884766,-92.51044000,-71.09708000
9.31945801,-87.29946000,-78.74559000
9.32006836,-89.27502000,-84.43932000
9.32067871,-115.51530000,-80.13937000
9.32128906,-91.15899000,-75.35484000
9.32189941,-89.19513000,-77.68975000
9.32250977,-87.43893000,-78.49855000
9.32312012,-87.23540000,-79.54417000
9.32373047,-89.62753000,-79.91242000
9.32434082,-92.66997000,-99.89030000
9.32495117,-98.12469000,-79.94305000
9.32556152,-92.63909000,-80.63742000
9.32617188,-95.32071000,-91.93809000
9.32678223,-93.94229000,-83.11707000
9.32739258,-90.64813000,-76.06493000
9.32800293,-95.24322000,-72.89217000
9.32861328,-94.06845000,-72.72806000
9.32922363,-93.02745000,-71.84261000
9.32983398,-92.04901000,-78.87575000
9.33044434,-96.42314000,-75.86484000
9.33105469,-97.15724000,-71.55038000
9.33166504,-91.00205000,-68.97329000
9.33227539,-92.63701000,-66.67632000
9.33288574,-95.23877000,-69.12896000
9.33349609,-97.60976000,-75.84863000
9.33410645,-93.15918000,-81.53748000
9.33471680,-98.01183000,-74.12641000
9.33532715,-88.24894000,-66.05807000
9.33593750,-87.26530000,-65.50334000
9.33654785,-94.74186000,-71.36623000
9.33715820,-88.18556000,-88.22712000
9.33776855,-88.13789000,-74.30190000
9.33837891,-92.23443000,-69.48544000
9.33898926,-96.19034000,-68.60542000
9.33959961,-109.68110000,-69.40392000
9.34020996,-92.13495000,-75.94047000
9.34082031,-93.55875000,-76.70911000
9.34143066,-96.48302000,-75.57623000
9.34204102,-103.56250000,-75.71165000
9.34265137,-103.80440000,-72.05992000
9.34326172,-94.21858000,-67.31483000
9.34387207,-90.18063000,-68.66391000
9.34448242,-94.10252000,-68.22050000
9.34509277,-92.61207000,-69.98176000
9.34570313,-91.34682000,-78.28513000
9.34631348,-106.79890000,-73.32896000
9.34692383,-91.95955000,-74.94793000
9.34753418,-94.09950000,-80.42705000
9.34814453,-93.78737000,-75.83413000
9.34875488,-89.39938000,-76.16237000
9.34936523,-90.57442000,-78.77105000
9.34997559,-93.05557000,-86.87911000
9.35058594,-90.80991000,-78.25328000
9.35119629,-89.47327000,-73.29560000
9.35180664,-89.99112000,-76.62102000
9.35241699,-94.29786000,-83.18285000
9.35302734,-91.13985000,-78.03278000
9.35363770,-93.14385000,-73.07984000
9.35424805,-93.15121000,-72.33244000
9.35485840,-90.10733000,-69.28405000
9.35546875,-84.86965000,-67.73978000
9.35607910,-85.62820000,-71.90193000
9.35668945,-90.91045000,-77.12659000
9.35729980,-88.11527000,-72.93252000
9.35791016,-86.80909000,-69.56434000
9.35852051,-88.69997000,-71.29143000
9.35913086,-94.60904000,-74.76755000
9.35974121,-91.62076000,-73.93707000
9.36035156,-90.07648000,-71.91781000
9.36096191,-90.67322000,-71.50002000
9.36157227,-91.86275000,-69.42801000
9.36218262,-90.21537000,-70.37634000
9.36279297,-87.41823000,-75.61012000
9.36340332,-91.41036000,-73.89771000
9.36401367,-98.29898000,-70.75519000
9.36462402,-90.40190000,-74.89481000
9.36523438,-97.58096000,-74.43847000
9.36584473,-96.59743000,-75.57301000
9.36645508,-93.65659000,-85.36842000
9.36706543,-99.84071000,-73.53721000
9.36767578,-95.58793000,-74.37803000
9.36828613,-94.66705000,-72.53670000
9.36889648,-102.55740000,-72.90697000
9.36950684,-98.67127000,-80.62675000
9.37011719,-98.77796000,-80.31609000
9.37072754,-112.05120000,-73.77820000
9.37133789,-97.61720000,-72.14783000
9.37194824,-92.00093000,-71.12529000
9.37255859,-99.12986000,-71.28031000
9.37316895,-93.41496000,-73.46417000
9.37377930,-89.46033000,-82.77374000
9.37438965,-93.65513000,-71.65513000
9.37500000,-91.72355000,-72.95266000
9.37561035,-95.91720000,-73.06673000
9.37622070,-98.42976000,-69.52663000
9.37683105,-90.70779000,-72.12924000
9.37744141,-86.98029000,-81.83849000
9.37805176,-85.45055000,-72.04710000
9.37866211,-87.38158000,-69.89163000
9.37927246,-90.85720000,-79.95818000
9.37988281,-94.08339000,-77.32182000
9.38049316,-94.79359000,-76.98262000
9.38110352,-98.13170000,-78.49223000
9.38171387,-96.34811000,-74.01115000
9.38232422,-90.68346000,-72.77604000
9.38293457,-100.36340000,-78.77988000
9.38354492,-88.65797000,-75.89246000
9.38415527,-90.32506000,-71.18298000
9.38476563,-99.24768000,-73.75235000
9.38537598,-91.02619000,-94.36594000
9.38598633,-92.85463000,-82.07332000
9.38659668,-96.82370000,-79.04534000
9.38720703,-95.92899000,-69.31828000
9.38781738,-91.32816000,-70.02272000
9.38842773,-92.03518000,-75.48056000
9.38903809,-91.48904000,-78.97758000
9.38964844,-89.11055000,-77.86847000
9.39025879,-89.03825000,-78.01102000
9.39086914,-90.35181000,-87.36554000
9.39147949,-90.56693000,-73.66092000
9.39208984,-92.23727000,-72.26488000
9.39270020,-97.52412000,-72.64870000
9.39331055,-105.20200000,-72.68558000
9.39392090,-96.15428000,-71.06371000
9.39453125,-90.24460000,-72.49164000
9.39514160,-88.72443000,-74.40261000
9.39575195,-89.44159000,-75.55915000
9.39636230,-92.07195000,-81.03397000
9.39697266,-94.10762000,-82.79835000
9.39758301,-89.30363000,-70.85841000
9.39819336,-88.73734000,-72.87149000
9.39880371,-89.15370000,-77.17806000
9.39941406,-89.46848000,-70.42180000
9.40002441,-91.64677000,-72.57384000
9.40063477,-95.22490000,-93.20512000
9.40124512,-87.97682000,-73.66763000
9.40185547,-86.89968000,-74.11169000
9.40246582,-88.41133000,-79.49870000
9.40307617,-89.42612000,-72.14085000
9.40368652,-91.45161000,-73.78862000
9.40429688,-95.53351000,-81.02040000
9.40490723,-93.89435000,-79.87300000
9.40551758,-105.01620000,-79.71078000
9.40612793,-93.72014000,-78.40251000
9.40673828,-93.72471000,-90.31015000
9.40734863,-91.98951000,-79.92676000
9.40795898,-93.33488000,-76.16251000
9.40856934,-92.52420000,-79.66321000
9.40917969,-100.13130000,-80.86694000
9.40979004,-99.18122000,-80.39082000
9.41040039,-99.44442000,-80.16029000
9.41101074,-89.84239000,-76.21173000
9.41162109,-95.51860000,-72.50176000
9.41223145,-97.56264000,-78.61497000
9.41284180,-101.58770000,-79.99406000
9.41345215,-103.94960000,-81.87583000
9.41406250,-104.20310000,-86.27548000
9.41467285,-103.92570000,-71.94093000
9.41528320,-89.66236000,-72.60011000
9.41589355,-90.47656000,-77.47149000
9.41650391,-99.63226000,-89.64613000
9.41711426,-85.23216000,-74.69240000
9.41772461,-81.76276000,-72.22681000
9.41833496,-89.74908000,-71.42920000
9.41894531,-99.80144000,-73.85020000
9.41955566,-97.96617000,-79.97609000
9.42016602,-92.42981000,-76.01741000
9.42077637,-89.87797000,-80.06662000
9.42138672,-88.62996000,-70.40768000
9.42199707,-88.66302000,-67.17618000
9.42260742,-91.95534000,-66.16931000
9.42321777,-108.86810000,-66.98930000
9.42382813,-93.94356000,-68.87326000
9.42443848,-96.95161000,-71.23101000
9.42504883,-93.39793000,-74.39212000
9.42565918,-88.72160000,-71.19527000
9.42626953,-86.12710000,-73.24544000
9.42687988,-85.16254000,-73.81692000
9.42749023,-87.35606000,-73.55869000
9.42810059,-92.67117000,-76.28477000
9.42871094,-102.55690000,-78.52524000
9.42932129,-90.98402000,-85.55801000
9.42993164,-88.57605000,-80.70175000
9.43054199,-93.62678000,-79.80576000
9.43115234,-98.45734000,-77.75861000
9.43176270,-88.83513000,-79.66357000
9.43237305,-85.75883000,-79.99091000
9.43298340,-86.00851000,-82.37788000
9.43359375,-92.65939000,-78.99733000
9.43420410,-93.35896000,-73.47337000
9.43481445,-91.22112000,-69.66705000
9.43542480,-95.07396000,-69.17963000
9.43603516,-97.39219000,-73.29375000
9.43664551,-102.97610000,-74.08192000
9.43725586,-96.89935000,-69.20347000
9.43786621,-91.40740000,-70.13413000
9.43847656,-88.96523000,-76.23454000
9.43908691,-92.80766000,-79.09536000
9.43969727,-90.40130000,-76.67906000
9.44030762,-89.16370000,-87.93655000
9.44091797,-92.21516000,-88.90118000
9.44152832,-98.80131000,-109.34380000
9.44213867,-98.58524000,-75.04117000
9.44274902,-101.91790000,-71.75183000
9.44335938,-125.54720000,-75.48491000
9.44396973,-101.47940000,-74.88306000
9.44458008,-93.55562000,-81.24471000
9.44519043,-91.66956000,-73.23129000
9.44580078,-91.05016000,-75.22305000
9.44641113,-92.86095000,-77.88046000
9.44702148,-94.72207000,-76.89697000
9.44763184,-93.41870000,-76.73456000
9.44824219,-92.96738000,-70.17477000
9.44885254,-93.94569000,-66.27831000
9.44946289,-93.59287000,-66.98291000
9.45007324,-92.83523000,-67.66816000
9.45068359,-96.24628000,-69.42660000
9.45129395,-105.49460000,-76.60052000
9.45190430,-93.74004000,-80.89238000
9.45251465,-94.45856000,-75.05023000
9.45312500,-91.69064000,-71.42573000
9.45373535,-88.18058000,-70.92658000
9.45434570,-92.68141000,-78.19581000
9.45495605,-99.27453000,-76.00656000
9.45556641,-92.13739000,-77.69862000
9.45617676,-90.14473000,-77.34169000
9.45678711,-93.67264000,-74.53860000
9.45739746,-88.54536000,-85.35361000
9.45800781,-86.50648000,-76.76267000
9.45861816,-88.47213000,-73.44476000
9.45922852,-88.32195000,-75.24589000
9.45983887,-87.20878000,-78.34348000
9.46044922,-93.54004000,-87.54166000
9.46105957,-106.46870000,-102.06230000
9.46166992,-109.29950000,-79.12523000
9.46228027,-95.76008000,-73.26766000
9.46289063,-92.66098000,-82.01194000
9.46350098,-99.08836000,-76.01717000
9.46411133,-95.02251000,-71.59873000
9.46472168,-93.77908000,-69.11819000
9.46533203,-102.49510000,-70.59794000
9.46594238,-108.65270000,-78.34444000
9.46655273,-97.89265000,-78.72760000
9.46716309,-102.17190000,-88.77016000
9.46777344,-96.47150000,-72.24721000
9.46838379,-100.09340000,-70.90739000
9.46899414,-97.34574000,-78.21626000
9.46960449,-88.88109000,-74.65102000
9.47021484,-88.73062000,-73.33342000
9.47082520,-96.23730000,-72.27863000
9.47143555,-95.67848000,-71.72335000
9.47204590,-90.35896000,-69.71169000
9.47265625,-89.04682000,-73.12542000
9.47326660,-92.62894000,-91.39023000
9.47387695,-94.32857000,-76.95985000
9.47448730,-95.98395000,-74.74529000
9.47509766,-94.99904000,-73.71523000
9.47570801,-93.28950000,-73.03448000
9.47631836,-91.18285000,-74.15403000
9.47692871,-86.13586000,-70.67747000
9.47753906,-84.45190000,-72.54856000
9.47814941,-88.07927000,-72.90158000
9.47875977,-92.82204000,-74.74193000
9.47937012,-92.40263000,-76.80214000
9.47998047,-92.40043000,-76.94530000
9.48059082,-91.14810000,-78.24329000
9.48120117,-90.33505000,-76.54458000
9.48181152,-102.11820000,-77.06226000
9.48242188,-92.09863000,-69.21237000
9.48303223,-92.75334000,-76.48916000
9.48364258,-99.24401000,-72.01895000
9.48425293,-100.39480000,-70.27702000
9.48486328,-110.41300000,-71.83725000
9.48547363,-96.69006000,-69.14281000
9.48608398,-90.29887000,-69.82887000
9.48669434,-87.16167000,-76.43914000
9.48730469,-86.52734000,-80.19521000
9.48791504,-90.71703000,-72.52303000
9.48852539,-94.95889000,-71.64853000
9.48913574,-102.29560000,-77.46265000
9.48974609,-95.47936000,-76.61754000
9.49035645,-92.77301000,-78.26577000
9.49096680,-95.74001000,-79.54559000
9.49157715,-99.80634000,-83.79698000
9.49218750,-91.29559000,-77.30013000
9.49279785,-90.08186000,-73.59410000
9.49340820,-98.25146000,-74.05609000
9.49401855,-93.14986000,-77.01942000
9.49462891,-95.02860000,-82.36613000
9.49523926,-96.28772000,-77.67500000
9.49584961,-96.25022000,-72.65754000
9.49645996,-93.69193000,-69.89379000
9.49707031,-88.55231000,-72.93031000
9.49768066,-88.85732000,-77.75581000
9.49829102,-92.94336000,-80.29252000
9.49890137,-93.34396000,-82.50968000
9.49951172,-80.72501000,-72.97128000
9.50012207,-80.34733000,-71.97620000
9.50073242,-91.43394000,-73.51250000
9.50134277,-103.78400000,-92.75510000
9.50195313,-105.71160000,-74.73205000
9.50256348,-99.07123000,-77.26790000
9.50317383,-103.47300000,-73.60892000
9.50378418,-95.27328000,-73.02642000
9.50439453,-88.64102000,-81.78367000
9.50500488,-91.48179000,-71.09044000
9.50561523,-99.96361000,-70.48875000
9.50622559,-95.33965000,-72.65966000
9.50683594,-92.46616000,-75.80013000
9.50744629,-92.52700000,-73.44666000
9.50805664,-93.85741000,-74.62167000
9.50866699,-93.05406000,-79.26968000
9.50927734,-90.95427000,-73.35735000
9.50988770,-92.18520000,-72.81240000
9.51049805,-90.68393000,-87.84911000
9.51110840,-87.84023000,-72.45710000
9.51171875,-87.14488000,-73.35303000
9.51232910,-90.40897000,-74.19568000
9.51293945,-94.34785000,-68.92902000
9.51354980,-95.45172000,-71.51656000
9.51416016,-100.62050000,-69.93888000
9.51477051,-102.26260000,-70.36742000
9.51538086,-97.39896000,-73.42416000
9.51599121,-106.06900000,-68.64676000
9.51660156,-82.04744000,-69.02586000
9.51721191,-71.52969000,-69.36201000
9.51782227,-70.52141000,-69.17131000
9.51843262,-77.80025000,-77.08856000
9.51904297,-89.04571000,-81.76863000
9.51965332,-93.55511000,-85.97467000
9.52026367,-100.21550000,-77.53309000
9.52087402,-104.85110000,-77.43772000
9.52148438,-98.82069000,-73.49790000
9.52209473,-96.49713000,-81.09928000
9.52270508,-97.51190000,-73.60141000
9.52331543,-91.10213000,-72.43051000
9.52392578,-88.03352000,-76.76421000
9.52453613,-90.49831000,-80.59831000
9.52514648,-90.85707000,-76.51146000
9.52575684,-85.49763000,-75.61469000
9.52636719,-85.19511000,-78.27901000
9.52697754,-90.41286000,-73.15372000
9.52758789,-97.66702000,-71.96866000
9.52819824,-98.22509000,-76.89481000
9.52880859,-91.12971000,-80.40295000
9.52941895,-93.00254000,-74.36448000
9.53002930,-107.44850000,-73.29845000
9.53063965,-101.49030000,-74.51781000
9.53125000,-95.89729000,-73.97273000
9.53186035,-96.22089000,-72.94138000
9.53247070,-107.39200000,-79.06058000
9.53308105,-104.64950000,-77.31844000
9.53369141,-103.30920000,-73.15347000
9.53430176,-94.63640000,-75.97504000
9.53491211,-90.84123000,-74.07610000
9.53552246,-96.70238000,-71.47180000
9.53613281,-104.09930000,-73.54183000
9.53674316,-89.69638000,-80.27065000
9.53735352,-87.93480000,-74.81075000
9.53796387,-93.42101000,-73.06084000
9.53857422,-92.26604000,-72.13592000
9.53918457,-98.74706000,-72.19852000
9.53979492,-96.81930000,-72.96187000
9.54040527,-94.10523000,-74.67326000
9.54101563,-95.78738000,-77.22316000
9.54162598,-92.07626000,-77.55410000
9.54223633,-90.24461000,-77.68158000
9.54284668,-91.16211000,-87.00967000
9.54345703,-92.58188000,-77.08184000
9.54406738,-90.88157000,-73.49535000
9.54467773,-90.54999000,-79.52471000
9.54528809,-91.37659000,-82.78046000
9.54589844,-91.81552000,-78.50987000
9.54650879,-93.44667000,-78.25565000
9.54711914,-96.54686000,-77.17576000
9.54772949,-92.45286000,-69.51776000
9.54833984,-95.74500000,-69.74676000
9.54895020,-93.54117000,-75.66702000
9.54956055,-88.55468000,-75.73133000
9.55017090,-91.81247000,-73.43087000
9.55078125,-105.28380000,-75.25431000
9.55139160,-93.93512000,-73.15400000
9.55200195,-88.64131000,-73.40535000
9.55261230,-91.45781000,-80.35403000
9.55322266,-94.60721000,-73.61949000
9.55383301,-87.02290000,-70.26584000
9.55444336,-86.86960000,-70.10326000
9.55505371,-89.27679000,-71.61441000
9.55566406,-101.57390000,-68.89330000
9.55627441,-95.79832000,-70.13819000
9.55688477,-98.34360000,-75.09198000
9.55749512,-94.94852000,-84.04860000
9.55810547,-90.85356000,-73.82087000
9.55871582,-89.15905000,-68.33691000
9.55932617,-85.92210000,-73.12360000
9.55993652,-86.02013000,-80.90392000
9.56054688,-92.53678000,-79.10911000
9.56115723,-88.64594000,-76.34367000
9.56176758,-90.05250000,-72.38543000
9.56237793,-95.49577000,-78.80121000
9.56298828,-92.51560000,-79.22431000
9.56359863,-88.76068000,-73.02920000
9.56420898,-90.02389000,-72.53174000
9.56481934,-99.32529000,-78.01649000
9.56542969,-102.77690000,-84.22179000
9.56604004,-97.23655000,-70.64555000
9.56665039,-92.01112000,-68.27720000
9.56726074,-92.89565000,-71.21408000
9.56787109,-99.16183000,-78.11710000
9.56848145,-100.07640000,-77.73351000
9.56909180,-98.06716000,-71.14557000
9.56970215,-100.62130000,-67.41438000
9.57031250,-92.69128000,-71.19023000
9.57092285,-92.17602000,-85.74585000
9.57153320,-96.71001000,-72.27969000
9.57214355,-103.20330000,-69.50375000
9.57275391,-98.35186000,-76.99293000
9.57336426,-103.86860000,-79.83943000
9.57397461,-102.17900000,-73.35857000
9.57458496,-96.91222000,-69.06834000
9.57519531,-93.14075000,-71.74924000
9.57580566,-91.97617000,-72.12534000
9.57641602,-93.20444000,-70.94307000
9.57702637,-89.67121000,-70.75824000
9.57763672,-89.64685000,-71.14078000
9.57824707,-90.15823000,-76.25736000
9.57885742,-91.14735000,-80.31805000
9.57946777,-108.97380000,-81.54877000
9.58007813,-94.73212000,-77.59685000
9.58068848,-96.62614000,-75.96322000
9.58129883,-97.43439000,-79.63358000
9.58190918,-86.72868000,-78.27876000
9.58251953,-81.39687000,-71.93333000
9.58312988,-81.99045000,-71.54202000
9.58374023,-85.27158000,-73.06934000
9.58435059,-88.83389000,-74.87024000
9.58496094,-92.14723000,-76.76197000
9.58557129,-93.81808000,-76.85899000
9.58618164,-90.69185000,-71.61637000
9.58679199,-94.92877000,-78.96836000
9.58740234,-95.69084000,-78.03128000
9.58801270,-96.79283000,-75.35252000
9.58862305,-102.36420000,-71.04181000
9.58923340,-96.25418000,-70.18356000
9.58984375,-93.01318000,-68.73755000
9.59045410,-132.81570000,-68.13712000
9.59106445,-92.07445000,-71.39970000
9.59167480,-89.24862000,-78.68684000
9.59228516,-91.70899000,-79.11559000
9.59289551,-98.31231000,-74.97220000
9.59350586,-101.12580000,-71.55579000
9.59411621,-98.20908000,-69.49957000
9.59472656,-91.46512000,-74.72774000
9.59533691,-93.74508000,-82.43018000
9.59594727,-99.58862000,-75.88548000
9.59655762,-94.26223000,-74.04789000
9.59716797,-95.14616000,-74.91105000
9.59777832,-98.83103000,-71.46533000
9.59838867,-90.74406000,-70.35331000
9.59899902,-95.11864000,-75.90188000
9.59960938,-114.03700000,-70.90245000
9.60021973,-95.33780000,-68.34643000
9.60083008,-91.61419000,-70.55372000
9.60144043,-99.33125000,-72.43667000
9.60205078,-100.54120000,-70.68778000
9.60266113,-98.92594000,-70.25440000
9.60327148,-110.86480000,-72.44147000
9.60388184,-103.57410000,-69.98235000
9.60449219,-107.00820000,-71.00297000
9.60510254,-106.81450000,-74.57994000
9.60571289,-105.59660000,-73.64437000
9.60632324,-93.96244000,-73.09003000
9.60693359,-90.01076000,-74.01624000
9.60754395,-92.33769000,-76.81673000
9.60815430,-92.02168000,-85.62825000
9.60876465,-91.79589000,-86.20131000
9.60937500,-97.59663000,-73.34747000
9.60998535,-94.59409000,-74.93289000
9.61059570,-91.39517000,-79.31644000
9.61120605,-94.18690000,-72.35621000
9.61181641,-97.29218000,-73.13235000
9.61242676,-98.15114000,-71.76854000
9.61303711,-90.39111000,-67.55807000
9.61364746,-90.97856000,-66.86862000
9.61425781,-89.62196000,-70.51141000
9.61486816,-91.38259000,-78.90211000
9.61547852,-96.21268000,-83.31133000
9.61608887,-102.50950000,-73.45522000
9.61669922,-89.87523000,-78.92282000
9.61730957,-85.65906000,-72.56834000
9.61791992,-87.28743000,-70.35543000
9.61853027,-92.94322000,-73.87193000
9.61914063,-100.02630000,-68.69093000
9.61975098,-95.98598000,-67.57719000
9.62036133,-110.90560000,-69.50941000
9.62097168,-91.42506000,-76.21461000
9.62158203,-87.42662000,-75.09965000
9.62219238,-90.01570000,-84.03420000
9.62280273,-97.88109000,-77.12933000
9.62341309,-95.34590000,-80.71902000
9.62402344,-101.01970000,-76.72725000
9.62463379,-97.79257000,-75.18774000
9.62524414,-101.46380000,-71.18658000
9.62585449,-93.98206000,-71.79992000
9.62646484,-93.64677000,-71.11910000
9.62707520,-110.68830000,-74.12967000
9.62768555,-94.49156000,-79.46346000
9.62829590,-95.48425000,-88.85588000
9.62890625,-94.05544000,-86.06581000
9.62951660,-91.73362000,-79.05637000
9.63012695,-87.94734000,-79.52173000
9.63073730,-92.55040000,-75.81944000
9.63134766,-95.47195000,-85.99158000
9.63195801,-94.79282000,-79.44453000
9.63256836,-95.34786000,-87.22398000
9.63317871,-98.21326000,-84.06982000
9.63378906,-93.15696000,-79.03882000
9.63439941,-91.13338000,-78.83097000
9.63500977,-91.13870000,-85.64717000
9.63562012,-95.71783000,-80.40504000
9.63623047,-105.66140000,-74.84489000
9.63684082,-90.64355000,-83.30028000
9.63745117,-83.99392000,-81.02763000
9.63806152,-87.99706000,-79.22332000
9.63867188,-103.70640000,-77.63390000
9.63928223,-99.36633000,-70.11251000
9.63989258,-91.82819000,-68.83714000
9.64050293,-88.73569000,-72.43990000
9.64111328,-89.78246000,-74.19707000
9.64172363,-90.98500000,-88.69391000
9.64233398,-89.22382000,-88.32831000
9.64294434,-88.78014000,-81.95477000
9.64355469,-90.34748000,-75.99137000
9.64416504,-94.11980000,-71.76917000
9.64477539,-91.83404000,-69.34705000
9.64538574,-99.20222000,-67.40032000
9.64599609,-106.14990000,-69.25742000
9.64660645,-97.10671000,-78.64529000
9.64721680,-90.48733000,-71.13786000
9.64782715,-89.31723000,-70.33649000
9.64843750,-87.50820000,-72.21316000
9.64904785,-87.01096000,-76.56977000
9.64965820,-89.06569000,-80.48061000
9.65026855,-89.86546000,-81.26652000
9.65087891,-92.93190000,-74.75330000
9.65148926,-92.47531000,-73.91959000
9.65209961,-90.72814000,-73.71901000
9.65270996,-99.82116000,-73.99258000
9.65332031,-100.38950000,-76.83154000
9.65393066,-98.25764000,-70.53634000
9.65454102,-90.51864000,-70.26640000
9.65515137,-86.31659000,-71.45738000
9.65576172,-85.72705000,-70.36872000
9.65637207,-86.69877000,-70.98182000
9.65698242,-88.55694000,-74.38864000
9.65759277,-89.26865000,-81.38131000
9.65820313,-90.37788000,-70.98332000
9.65881348,-92.33012000,-72.03139000
9.65942383,-92.21862000,-76.37325000
9.66003418,-90.97275000,-72.99574000
9.66064453,-88.81432000,-73.17439000
9.66125488,-89.33762000,-74.33910000
9.66186523,-92.04942000,-69.73717000
9.66247559,-93.48886000,-83.44627000
9.66308594,-99.29950000,-70.20552000
9.66369629,-93.78519000,-71.66564000
9.66430664,-93.93651000,-81.58493000
9.66491699,-102.12360000,-76.11662000
9.66552734,-88.65575000,-75.36069000
9.66613770,-89.24348000,-77.92365000
9.66674805,-95.01448000,-71.04943000
9.66735840,-93.01057000,-73.31793000
9.66796875,-91.33216000,-80.97549000
9.66857910,-94.09313000,-76.20947000
9.66918945,-94.73380000,-75.23526000
9.66979980,-93.11319000,-83.92600000
9.67041016,-97.58812000,-76.88162000
9.67102051,-100.82430000,-77.98441000
9.67163086,-91.62273000,-78.68169000
9.67224121,-96.56137000,-72.89726000
9.67285156,-103.03940000,-88.48151000
9.67346191,-100.61160000,-69.15879000
9.67407227,-92.23526000,-68.60353000
9.67468262,-100.41910000,-77.11198000
9.67529297,-95.96933000,-71.87570000
9.67590332,-92.10483000,-67.25673000
9.67651367,-96.76051000,-66.77863000
9.67712402,-96.51031000,-66.78741000
9.67773438,-92.80453000,-69.28835000
9.67834473,-96.49350000,-75.67343000
9.67895508,-99.32042000,-79.74860000
9.67956543,-91.39324000,-75.71736000
9.68017578,-87.15061000,-72.89431000
9.68078613,-89.28329000,-73.26552000
9.68139648,-97.46883000,-77.64804000
9.68200684,-89.76595000,-81.69162000
9.68261719,-84.48161000,-81.49388000
9.68322754,-88.32947000,-74.78417000
9.68383789,-93.05319000,-71.82760000
9.68444824,-98.81446000,-74.97192000
9.68505859,-101.14850000,-88.66553000
9.68566895,-95.23193000,-72.03530000
9.68627930,-98.96295000,-69.25628000
9.68688965,-95.71811000,-67.13361000
9.68750000,-89.62998000,-65.22472000
9.68811035,-89.44581000,-68.35494000
9.68872070,-92.46304000,-72.09697000
9.68933105,-106.77430000,-70.64302000
9.68994141,-101.38420000,-76.83631000
9.69055176,-110.99160000,-74.64269000
9.69116211,-102.34150000,-75.33804000
9.69177246,-91.35738000,-75.16193000
9.69238281,-88.72597000,-70.05254000
9.69299316,-91.46114000,-70.63727000
9.69360352,-93.71468000,-71.75383000
9.69421387,-90.80917000,-70.97798000
9.69482422,-96.02364000,-74.00336000
9.69543457,-114.41210000,-75.13065000
9.69604492,-103.98090000,-71.97025000
9.69665527,-100.26120000,-71.94456000
9.69726563,-94.43539000,-80.63889000
9.69787598,-90.41159000,-83.17303000
9.69848633,-93.70263000,-83.13193000
9.69909668,-97.31617000,-82.10118000
9.69970703,-95.97442000,-78.35561000
9.70031738,-92.85814000,-85.24977000
9.70092773,-91.39045000,-83.09949000
9.70153809,-93.17509000,-85.26590000
9.70214844,-90.80797000,-72.06119000
9.70275879,-93.52268000,-68.65771000
9.70336914,-96.56006000,-70.52511000
9.70397949,-99.88786000,-78.03245000
9.70458984,-91.81305000,-90.35536000
9.70520020,-91.99971000,-80.85347000
9.70581055,-90.93871000,-78.78726000
9.70642090,-88.32066000,-83.32275000
9.70703125,-91.25224000,-77.77834000
9.70764160,-104.11500000,-77.10646000
9.70825195,-95.98386000,-75.71801000
9.70886230,-104.92160000,-89.20882000
9.70947266,-94.42177000,-79.09248000
9.71008301,-93.47973000,-80.40016000
9.71069336,-90.86432000,-69.66208000
9.71130371,-90.47135000,-69.07587000
9.71191406,-90.68269000,-87.69650000
9.71252441,-87.10640000,-75.54019000
9.71313477,-87.54989000,-75.34634000
9.71374512,-93.97752000,-73.81423000
9.71435547,-104.18130000,-69.53354000
9.71496582,-99.86275000,-70.20845000
9.71557617,-91.88358000,-77.88891000
9.71618652,-89.03832000,-81.56927000
9.71679688,-83.52715000,-72.86877000
9.71740723,-78.93676000,-68.65719000
9.71801758,-80.91228000,-69.03762000
9.71862793,-87.74070000,-72.08943000
9.71923828,-91.26851000,-74.79806000
9.71984863,-90.04747000,-76.66696000
9.72045898,-92.20338000,-80.34832000
9.72106934,-88.57083000,-82.30414000
9.72167969,-86.01976000,-73.86516000
9.72229004,-88.56026000,-71.46287000
9.72290039,-94.82091000,-68.90613000
9.72351074,-97.83003000,-67.43666000
9.72412109,-99.67882000,-67.42682000
9.72473145,-102.56120000,-69.97617000
9.72534180,-92.90395000,-69.54424000
9.72595215,-98.65926000,-69.14948000
9.72656250,-98.50906000,-75.49205000
9.72717285,-100.05860000,-79.89274000
9.72778320,-103.92250000,-75.56037000
9.72839355,-113.27660000,-79.73668000
9.72900391,-94.00066000,-77.28551000
9.72961426,-91.75737000,-69.15257000
9.73022461,-96.92353000,-69.69855000
9.73083496,-100.57120000,-77.39650000
9.73144531,-106.82680000,-71.90996000
9.73205566,-94.55441000,-71.98238000
9.73266602,-97.72706000,-76.19281000
9.73327637,-93.74409000,-74.75958000
9.73388672,-88.44489000,-69.84267000
9.73449707,-86.56950000,-68.55632000
9.73510742,-87.57592000,-71.82297000
9.73571777,-90.46749000,-74.93016000
9.73632813,-104.10240000,-70.97290000
9.73693848,-94.57775000,-70.25738000
9.73754883,-94.31401000,-71.83221000
9.73815918,-91.73091000,-74.56825000
9.73876953,-90.03030000,-74.36719000
9.73937988,-90.15164000,-98.95448000
9.73999023,-91.59326000,-73.64191000
9.74060059,-95.04998000,-73.83682000
9.74121094,-96.98083000,-71.29489000
9.74182129,-91.44725000,-74.82188000
9.74243164,-93.66379000,-83.84286000
9.74304199,-105.94530000,-73.45283000
9.74365234,-93.62922000,-77.21771000
9.74426270,-90.25394000,-76.32790000
9.74487305,-94.30679000,-68.07440000
9.74548340,-91.36118000,-68.80181000
9.74609375,-86.70753000,-74.94793000
9.74670410,-89.95255000,-74.15020000
9.74731445,-94.60333000,-71.51691000
9.74792480,-93.54860000,-79.06921000
9.74853516,-94.38266000,-74.51876000
9.74914551,-90.65215000,-72.84251000
9.74975586,-97.10186000,-72.33399000
9.75036621,-92.08238000,-73.73921000
9.75097656,-92.36365000,-79.61068000
9.75158691,-93.85932000,-78.14726000
9.75219727,-94.69527000,-77.00293000
9.75280762,-99.09118000,-74.69757000
9.75341797,-100.83010000,-78.38848000
9.75402832,-101.41970000,-68.46437000
9.75463867,-95.66917000,-66.90176000
9.75524902,-90.85748000,-71.00040000
9.75585938,-96.24812000,-72.97284000
9.75646973,-101.70600000,-67.22615000
9.75708008,-89.65959000,-69.43186000
9.75769043,-84.61983000,-89.90005000
9.75830078,-87.14886000,-80.67794000
9.75891113,-98.05260000,-71.68381000
9.75952148,-99.26373000,-68.16619000
9.76013184,-101.23060000,-71.18510000
9.76074219,-112.60290000,-69.99919000
9.76135254,-91.78783000,-67.03605000
9.76196289,-91.37848000,-70.55119000
9.76257324,-116.22500000,-73.60927000
9.76318359,-95.34939000,-74.19250000
9.76379395,-92.04790000,-77.07401000
9.76440430,-91.11476000,-68.22356000
9.76501465,-90.84061000,-68.09699000
9.76562500,-94.78797000,-76.25831000
9.76623535,-92.79143000,-70.17233000
9.76684570,-91.26854000,-72.37589000
9.76745605,-94.31767000,-70.86737000
9.76806641,-95.76372000,-70.26794000
9.76867676,-90.49233000,-73.39093000
9.76928711,-84.70573000,-73.41082000
9.76989746,-87.06026000,-79.46969000
9.77050781,-95.62321000,-84.21146000
9.77111816,-97.00175000,-81.64696000
9.77172852,-96.77430000,-75.23816000
9.77233887,-90.06880000,-75.84500000
9.77294922,-91.84177000,-82.63641000
9.77355957,-105.27070000,-71.83958000
9.77416992,-107.12470000,-69.92238000
9.77478027,-100.20120000,-69.91431000
9.77539063,-94.10148000,-68.36870000
9.77600098,-89.84525000,-71.83952000
9.77661133,-97.55257000,-75.66676000
9.77722168,-91.22013000,-68.58053000
9.77783203,-88.28929000,-68.17954000
9.77844238,-90.13313000,-71.15409000
9.77905273,-90.53583000,-70.28263000
9.77966309,-94.95865000,-72.06341000
9.78027344,-101.30280000,-74.84003000
9.78088379,-94.30050000,-78.25751000
9.78149414,-90.26460000,-75.41232000
9.78210449,-96.40063000,-75.96278000
9.78271484,-95.52632000,-73.69406000
9.78332520,-92.56104000,-74.25407000
9.78393555,-91.82062000,-75.57874000
9.78454590,-92.43408000,-75.52901000
9.78515625,-96.05759000,-80.71666000
9.78576660,-97.90295000,-82.46210000
9.78637695,-93.82793000,-79.19164000
9.78698730,-89.76456000,-73.03883000
9.78759766,-88.72794000,-71.32166000
9.78820801,-90.28876000,-69.14320000
9.78881836,-92.17020000,-71.20908000
9.78942871,-96.83345000,-84.53269000
9.79003906,-92.64664000,-72.47198000
9.79064941,-90.63798000,-78.71917000
9.79125977,-90.05990000,-83.16965000
9.79187012,-87.30968000,-76.63056000
9.79248047,-88.13271000,-72.75013000
9.79309082,-95.26595000,-74.06995000
9.79370117,-97.10519000,-81.24406000
9.79431152,-92.46322000,-78.85052000
9.79492188,-92.83782000,-89.10260000
9.79553223,-90.21364000,-76.50865000
9.79614258,-88.58472000,-74.85506000
9.79675293,-88.70294000,-76.67476000
9.79736328,-90.46546000,-83.12109000
9.79797363,-92.31195000,-80.24657000
9.79858398,-103.01740000,-74.30045000
9.79919434,-89.54231000,-70.85532000
9.79980469,-88.24948000,-68.73315000
9.80041504,-97.63500000,-73.77339000
9.80102539,-91.77348000,-71.42924000
9.80163574,-89.70171000,-73.29213000
9.80224609,-94.85303000,-74.73268000
9.80285645,-108.45790000,-69.98728000
9.80346680,-101.46340000,-71.86729000
9.80407715,-93.34061000,-73.59428000
9.80468750,-92.20335000,-80.23995000
9.80529785,-89.51455000,-73.28833000
9.80590820,-93.69148000,-72.13843000
9.80651855,-110.47780000,-67.55231000
9.80712891,-102.91040000,-66.56985000
9.80773926,-95.26778000,-71.63335000
9.80834961,-96.16585000,-75.49045000
9.80895996,-88.74948000,-70.18375000
9.80957031,-86.84905000,-66.85542000
9.81018066,-91.32283000,-68.66077000
9.81079102,-98.28876000,-78.82819000
9.81140137,-90.14629000,-68.81042000
9.81201172,-89.87659000,-67.82531000
9.81262207,-88.55148000,-67.20811000
9.81323242,-88.67409000,-66.21516000
9.81384277,-90.03859000,-67.28549000
9.81445313,-94.39431000,-72.31767000
9.81506348,-96.99986000,-79.84100000
9.81567383,-93.94261000,-82.80339000
9.81628418,-87.86339000,-78.47481000
9.81689453,-75.23021000,-74.21878000
9.81750488,-71.16863000,-71.25003000
9.81811523,-76.15395000,-78.90351000
9.81872559,-92.60886000,-82.71960000
9.81933594,-92.44844000,-82.53123000
9.81994629,-88.31340000,-87.78575000
9.82055664,-86.60835000,-79.43992000
9.82116699,-84.54392000,-73.63783000
9.82177734,-87.72633000,-76.60778000
9.82238770,-93.21052000,-82.14085000
9.82299805,-96.44180000,-76.90557000
9.82360840,-92.00576000,-75.06400000
9.82421875,-92.43738000,-73.73608000
9.82482910,-100.13260000,-76.21526000
9.82543945,-100.36990000,-73.90863000
9.82604980,-91.55443000,-75.01755000
9.82666016,-89.49290000,-72.42338000
9.82727051,-95.69139000,-70.66447000
9.82788086,-92.11121000,-72.36583000
9.82849121,-94.97113000,-72.25896000
9.82910156,-110.00310000,-71.30795000
9.82971191,-106.87700000,-68.61031000
9.83032227,-101.44090000,-70.98946000
9.83093262,-96.63107000,-71.34864000
9.83154297,-97.40869000,-72.12302000
9.83215332,-92.17338000,-76.87572000
9.83276367,-88.75584000,-100.01550000
9.83337402,-88.14147000,-82.14290000
9.83398438,-90.10345000,-78.58366000
9.83459473,-96.30164000,-86.13350000
9.83520508,-93.06596000,-74.71288000
9.83581543,-91.91697000,-74.14616000
9.83642578,-91.10988000,-90.46413000
9.83703613,-88.11476000,-80.58215000
9.83764648,-89.60830000,-80.52026000
9.83825684,-101.54490000,-79.66623000
9.83886719,-93.82740000,-79.65928000
9.83947754,-87.97014000,-74.96732000
9.84008789,-87.72157000,-74.48957000
9.84069824,-98.22604000,-73.06457000
9.84130859,-90.05566000,-73.15933000
9.84191895,-88.20477000,-72.37603000
9.84252930,-87.35666000,-71.30387000
9.84313965,-90.85738000,-73.60442000
9.84375000,-93.34503000,-71.62032000
9.84436035,-88.23914000,-68.64713000
9.84497070,-88.60661000,-70.39132000
9.84558105,-97.02491000,-80.30041000
9.84619141,-91.24762000,-76.62264000
9.84680176,-90.90046000,-78.43003000
9.84741211,-97.08434000,-75.58714000
9.84802246,-93.39232000,-72.11987000
9.84863281,-99.13748000,-74.21443000
9.84924316,-105.07480000,-69.65395000
9.84985352,-97.76898000,-68.68638000
9.85046387,-90.26320000,-72.42677000
9.85107422,-87.85138000,-88.90321000
9.85168457,-91.35171000,-89.50456000
9.85229492,-97.07584000,-79.66286000
9.85290527,-101.37580000,-76.55289000
9.85351563,-98.15619000,-77.96947000
9.85412598,-93.84810000,-94.33456000
9.85473633,-89.27346000,-84.23863000
9.85534668,-91.14273000,-81.73336000
9.85595703,-96.64059000,-82.35017000
9.85656738,-92.34877000,-89.79633000
9.85717773,-98.97787000,-79.14745000
9.85778809,-117.08970000,-78.55032000
9.85839844,-99.16487000,-83.41905000
9.85900879,-90.45104000,-82.72541000
9.85961914,-86.71787000,-70.79903000
9.86022949,-86.55223000,-68.75858000
9.86083984,-98.30774000,-71.57277000
9.86145020,-91.56289000,-80.20555000
9.86206055,-90.04775000,-74.81081000
9.86267090,-92.86298000,-76.12459000
9.86328125,-92.28278000,-80.10558000
9.86389160,-99.09119000,-73.88933000
9.86450195,-97.08601000,-69.06012000
9.86511230,-109.76840000,-68.28207000
9.86572266,-90.09305000,-74.18802000
9.86633301,-86.55013000,-74.09490000
9.86694336,-91.04611000,-77.59535000
9.86755371,-101.07790000,-89.38358000
9.86816406,-102.00420000,-88.25328000
9.86877441,-98.82453000,-83.15833000
9.86938477,-94.11792000,-75.27475000
9.86999512,-99.21196000,-71.85160000
9.87060547,-91.61252000,-72.85030000
9.87121582,-91.18224000,-75.24709000
9.87182617,-95.88700000,-82.87254000
9.87243652,-99.64309000,-81.73962000
9.87304688,-94.25546000,-74.73196000
9.87365723,-90.65173000,-76.91335000
9.87426758,-91.51550000,-85.00781000
9.87487793,-99.27338000,-78.62514000
9.87548828,-93.16802000,-78.15821000
9.87609863,-93.89996000,-70.17905000
9.87670898,-94.42886000,-69.50547000
9.87731934,-92.60270000,-76.17246000
9.87792969,-95.47967000,-96.73965000
9.87854004,-96.04842000,-90.40015000
9.87915039,-98.40733000,-84.15107000
9.87976074,-101.75280000,-70.88055000
9.88037109,-99.05227000,-66.82569000
9.88098145,-108.43070000,-68.72835000
9.88159180,-88.33075000,-71.27999000
9.88220215,-77.12115000,-75.06953000
9.88281250,-75.35268000,-86.17229000
9.88342285,-81.94146000,-78.64727000
9.88403320,-94.33878000,-76.74281000
9.88464355,-92.51357000,-71.66040000
9.88525391,-90.59020000,-77.37978000
9.88586426,-93.62468000,-83.13406000
9.88647461,-93.21900000,-85.29418000
9.88708496,-90.26305000,-82.99976000
9.88769531,-98.80327000,-76.06319000
9.88830566,-95.89260000,-74.03890000
9.88891602,-91.64341000,-81.86325000
9.88952637,-92.36101000,-73.56721000
9.89013672,-98.13811000,-68.35737000
9.89074707,-95.20515000,-75.20802000
9.89135742,-90.83940000,-80.84861000
9.89196777,-88.84480000,-82.76411000
9.89257813,-90.26561000,-77.93910000
9.89318848,-94.16261000,-77.53593000
9.89379883,-99.39841000,-79.06591000
9.89440918,-101.68110000,-78.81973000
9.89501953,-94.13621000,-76.89287000
9.89562988,-96.53412000,-70.11504000
9.89624023,-93.86641000,-67.95029000
9.89685059,-89.66066000,-70.62624000
9.89746094,-96.01810000,-89.14680000
9.89807129,-91.87306000,-83.11728000
9.89868164,-87.45560000,-86.31303000
9.89929199,-87.08332000,-73.48037000
9.89990234,-87.48878000,-68.09264000
9.90051270,-90.30150000,-68.36069000
9.90112305,-91.31493000,-71.97043000
9.90173340,-90.28435000,-66.82992000
9.90234375,-89.08879000,-66.09160000
9.90295410,-87.62585000,-69.70699000
9.90356445,-87.37518000,-71.78145000
9.90417480,-85.36440000,-74.91665000
9.90478516,-84.64304000,-84.79807000
9.90539551,-88.33411000,-80.55936000
9.90600586,-103.31160000,-73.72067000
9.90661621,-97.30076000,-70.66687000
9.90722656,-95.12101000,-71.22094000
9.90783691,-92.93374000,-77.04559000
9.90844727,-95.05293000,-81.11317000
9.90905762,-96.22636000,-74.64008000
9.90966797,-113.34290000,-70.08085000
9.91027832,-93.30598000,-71.60750000
9.91088867,-90.66298000,-74.44452000
9.91149902,-92.09038000,-74.75922000
9.91210938,-94.04300000,-78.84648000
9.91271973,-96.57805000,-72.35335000
9.91333008,-103.37200000,-71.26474000
9.91394043,-93.86705000,-80.31316000
9.91455078,-86.62027000,-77.69891000
9.91516113,-86.85162000,-77.39929000
9.91577148,-90.86938000,-75.72858000
9.91638184,-93.62131000,-71.21269000
9.91699219,-90.43835000,-68.47249000
9.91760254,-87.95699000,-68.84800000
9.91821289,-87.22350000,-69.33727000
9.91882324,-89.38614000,-69.85928000
9.91943359,-103.73850000,-67.87827000
9.92004395,-93.72318000,-66.63284000
9.92065430,-98.83941000,-68.98591000
9.92126465,-89.85809000,-73.31163000
9.92187500,-87.64984000,-74.18726000
9.92248535,-86.06727000,-77.80667000
9.92309570,-87.03842000,-75.44100000
9.92370605,-92.04164000,-76.97992000
9.92431641,-94.05270000,-77.05861000
9.92492676,-96.00890000,-83.16632000
9.92553711,-97.82776000,-85.00325000
9.92614746,-93.13744000,-74.61517000
9.92675781,-93.54554000,-70.43688000
9.92736816,-106.97940000,-67.41399000
9.92797852,-91.82175000,-65.61284000
9.92858887,-92.13512000,-65.29298000
9.92919922,-94.07495000,-67.43850000
9.92980957,-97.37827000,-69.90164000
9.93041992,-87.73880000,-68.07076000
9.93103027,-87.86002000,-67.90152000
9.93164063,-90.43102000,-71.16898000
9.93225098,-87.99961000,-70.45523000
9.93286133,-85.88503000,-70.18056000
9.93347168,-91.13936000,-74.83245000
9.93408203,-94.19212000,-73.08273000
9.93469238,-88.87337000,-72.28818000
9.93530273,-93.00899000,-90.35928000
9.93591309,-101.08840000,-70.29133000
9.93652344,-90.50755000,-68.70770000
9.93713379,-89.10088000,-69.18977000
9.93774414,-90.36581000,-73.36617000
9.93835449,-93.06422000,-72.75328000
9.93896484,-94.28966000,-71.74628000
9.93957520,-104.61130000,-74.15093000
9.94018555,-102.21310000,-76.73980000
9.94079590,-92.16615000,-68.31886000
9.94140625,-90.81694000,-71.14760000
9.94201660,-89.96525000,-77.49453000
9.94262695,-89.90819000,-79.11342000
9.94323730,-98.10111000,-73.16521000
9.94384766,-98.00571000,-70.13163000
9.94445801,-92.55826000,-72.80029000
9.94506836,-95.50557000,-75.04138000
9.94567871,-108.48610000,-72.48520000
9.94628906,-97.23413000,-71.39921000
9.94689941,-88.95309000,-70.37070000
9.94750977,-87.56776000,-73.28674000
9.94812012,-92.56720000,-81.90499000
9.94873047,-95.29019000,-72.58989000
9.94934082,-93.08709000,-67.04169000
9.94995117,-94.56934000,-67.51876000
9.95056152,-87.99170000,-74.08197000
9.95117188,-87.79221000,-79.98112000
9.95178223,-93.22382000,-76.67818000
9.95239258,-102.55850000,-82.14356000
9.95300293,-102.86050000,-73.13422000
9.95361328,-100.41450000,-68.72217000
9.95422363,-97.13765000,-74.35055000
9.95483398,-96.55773000,-75.76798000
9.95544434,-96.53406000,-74.43583000
9.95605469,-102.70740000,-82.23804000
9.95666504,-93.06757000,-78.57261000
9.95727539,-104.87600000,-73.34424000
9.95788574,-92.87083000,-73.31911000
9.95849609,-91.22550000,-74.75188000
9.95910645,-95.03391000,-76.55372000
9.95971680,-90.45287000,-78.68984000
9.96032715,-86.77116000,-92.30914000
9.96093750,-88.80707000,-81.06895000
9.96154785,-92.80677000,-72.70602000
9.96215820,-87.83103000,-74.07136000
9.96276855,-83.55203000,-71.97683000
9.96337891,-85.36166000,-69.76569000
9.96398926,-96.55872000,-70.07590000
9.96459961,-96.29587000,-75.58537000
9.96520996,-96.99471000,-86.13037000
9.96582031,-98.85441000,-75.75878000
9.96643066,-94.32221000,-72.93956000
9.96704102,-91.76842000,-70.94152000
9.96765137,-93.31841000,-69.83474000
9.96826172,-98.78472000,-73.20512000
9.96887207,-96.57999000,-75.65405000
9.96948242,-95.09063000,-70.31355000
9.97009277,-109.90520000,-70.26723000
9.97070313,-99.02665000,-71.45079000
9.97131348,-98.63725000,-72.73241000
9.97192383,-101.19840000,-69.13663000
9.97253418,-93.25896000,-69.08465000
9.97314453,-89.72339000,-71.73055000
9.97375488,-88.43877000,-77.92117000
9.97436523,-88.78040000,-78.32065000
9.97497559,-91.38696000,-75.01327000
9.97558594,-97.90999000,-69.45111000
9.97619629,-104.32700000,-71.15164000
9.97680664,-90.41420000,-73.53600000
9.97741699,-88.39661000,-73.48616000
9.97802734,-88.64742000,-74.47068000
9.97863770,-90.17714000,-73.73000000
9.97924805,-94.25873000,-76.61325000
9.97985840,-96.70065000,-75.79495000
9.98046875,-94.44754000,-76.93481000
9.98107910,-94.77351000,-78.91919000
9.98168945,-89.99362000,-77.80334000
9.98229980,-85.69429000,-79.20227000
9.98291016,-85.74292000,-85.35740000
9.98352051,-85.35017000,-79.55996000
9.98413086,-84.92650000,-71.38657000
9.98474121,-87.74890000,-66.09594000
9.98535156,-92.54875000,-64.98369000
9.98596191,-92.65990000,-67.19748000
9.98657227,-95.68954000,-72.99406000
9.98718262,-91.81510000,-77.51831000
9.98779297,-89.00921000,-68.29050000
9.98840332,-93.20872000,-66.22050000
9.98901367,-111.69580000,-68.70745000
9.98962402,-111.68360000,-70.79002000
9.99023438,-93.03171000,-73.89263000
9.99084473,-91.28307000,-96.44988000
9.99145508,-92.35167000,-77.48483000
9.99206543,-103.28240000,-72.79619000
9.99267578,-95.89275000,-72.32307000
9.99328613,-91.08803000,-74.90142000
9.99389648,-91.19949000,-96.31363000
9.99450684,-97.01923000,-77.73522000
9.99511719,-99.76162000,-79.51027000
9.99572754,-92.22970000,-94.92244000
9.99633789,-91.35051000,-82.17633000
9.99694824,-93.39154000,-79.61729000
9.99755859,-96.16113000,-74.79819000
9.99816895,-90.45567000,-77.57353000
9.99877930,-93.03067000,-78.02748000
9.99938965,-104.66980000,-71.14272000
