Frequency,Channel B,Channel D
(kHz),(dBu),(dBu)

0.00000000,-39.30263000,-10.33894000
0.00061035,-46.59527000,-17.75147000
0.00122070,-60.65395000,-32.74119000
0.00183105,-81.04020000,-56.37926000
0.00244141,-76.91454000,-49.45409000
0.00305176,-79.01727000,-52.83504000
0.00366211,-87.62719000,-76.95631000
0.00427246,-80.22481000,-58.46806000
0.00488281,-78.78825000,-53.78394000
0.00549316,-82.96751000,-58.07234000
0.00610352,-76.61703000,-54.13383000
0.00671387,-79.98700000,-54.39310000
0.00732422,-82.98804000,-53.99367000
0.00793457,-80.74845000,-53.75388000
0.00854492,-83.04919000,-60.21289000
0.00915527,-76.78464000,-56.04010000
0.00976563,-73.23315000,-53.94473000
0.01037598,-75.60957000,-56.11998000
0.01098633,-79.02438000,-54.75289000
0.01159668,-77.48814000,-52.77378000
0.01220703,-75.49286000,-52.66084000
0.01281738,-76.27076000,-53.27377000
0.01342773,-79.76267000,-55.43781000
0.01403809,-80.63251000,-57.55124000
0.01464844,-80.45781000,-60.04597000
0.01525879,-89.09901000,-66.62236000
0.01586914,-87.22293000,-71.09568000
0.01647949,-84.83689000,-61.36910000
0.01708984,-85.10190000,-64.66620000
0.01770020,-84.63828000,-69.76110000
0.01831055,-84.04527000,-62.56723000
0.01892090,-83.00035000,-64.05213000
0.01953125,-77.44523000,-56.96114000
0.02014160,-81.02486000,-56.69907000
0.02075195,-85.40086000,-58.66391000
0.02136230,-82.49841000,-53.57182000
0.02197266,-80.87548000,-52.88341000
0.02258301,-80.97202000,-56.28097000
0.02319336,-82.63152000,-61.48152000
0.02380371,-80.48809000,-55.49786000
0.02441406,-79.30401000,-52.85839000
0.02502441,-80.91927000,-54.84311000
0.02563477,-81.88796000,-56.13773000
0.02624512,-84.43920000,-64.02609000
0.02685547,-75.30373000,-53.11330000
0.02746582,-77.55873000,-53.09763000
0.02807617,-89.32893000,-64.36195000
0.02868652,-41.31953000,-16.92250000
0.02929688,-22.87574000,1.52730200
0.02990723,-16.93263000,7.47269100
0.03051758,-20.04390000,4.36139000
0.03112793,-33.76320000,-9.36658900
0.03173828,-75.51866000,-50.46347000
0.03234863,-83.85182000,-54.29375000
0.03295898,-77.77092000,-57.88589000
0.03356934,-90.69127000,-61.89291000
0.03417969,-86.32758000,-62.23922000
0.03479004,-83.56385000,-57.57086000
0.03540039,-87.53192000,-68.69193000
0.03601074,-84.52156000,-64.90678000
0.03662109,-83.97649000,-62.53734000
0.03723145,-82.58777000,-60.07634000
0.03784180,-82.83409000,-68.64941000
0.03845215,-83.42447000,-71.17520000
0.03906250,-92.18369000,-58.56465000
0.03967285,-80.15735000,-53.88608000
0.04028320,-78.63193000,-56.71835000
0.04089355,-85.98082000,-67.03687000
0.04150391,-82.45363000,-59.07465000
0.04211426,-77.88649000,-54.27292000
0.04272461,-82.91089000,-57.55011000
0.04333496,-83.99395000,-62.61507000
0.04394531,-79.97723000,-58.03865000
0.04455566,-79.67043000,-56.41494000
0.04516602,-81.40582000,-58.66156000
0.04577637,-92.54600000,-76.28529000
0.04638672,-86.79676000,-62.40025000
0.04699707,-83.41729000,-60.30843000
0.04760742,-93.35465000,-66.41412000
0.04821777,-86.41537000,-60.31988000
0.04882813,-65.87630000,-44.84623000
0.04943848,-51.16961000,-29.23043000
0.05004883,-47.28407000,-25.19860000
0.05065918,-52.33334000,-30.10761000
0.05126953,-68.19733000,-45.16348000
0.05187988,-84.84211000,-59.05428000
0.05249023,-94.01562000,-66.04066000
0.05310059,-87.63541000,-58.37251000
0.05371094,-85.02518000,-57.45232000
0.05432129,-84.12994000,-64.09084000
0.05493164,-83.28059000,-63.22490000
0.05554199,-84.03812000,-62.00959000
0.05615234,-84.79840000,-62.95448000
0.05676270,-82.53220000,-59.64567000
0.05737305,-80.13748000,-57.13146000
0.05798340,-81.42664000,-60.51632000
0.05859375,-80.67619000,-62.68963000
0.05920410,-77.87360000,-63.05878000
0.05981445,-80.36586000,-67.99445000
0.06042480,-84.03888000,-66.70462000
0.06103516,-86.85642000,-63.25699000
0.06164551,-95.22111000,-61.14182000
0.06225586,-93.01816000,-63.35861000
0.06286621,-90.12321000,-63.38533000
0.06347656,-89.29832000,-69.24755000
0.06408691,-86.38525000,-79.75027000
0.06469727,-87.57813000,-67.18418000
0.06530762,-86.98701000,-64.30685000
0.06591797,-87.01008000,-66.41948000
0.06652832,-90.43710000,-59.88810000
0.06713867,-91.49799000,-63.90866000
0.06774902,-90.52608000,-73.63860000
0.06835938,-92.68531000,-69.47128000
0.06896973,-88.26332000,-65.54993000
0.06958008,-78.46864000,-55.87748000
0.07019043,-76.44922000,-55.62601000
0.07080078,-82.31952000,-62.50967000
0.07141113,-90.41305000,-65.43429000
0.07202148,-89.96898000,-64.43519000
0.07263184,-91.66401000,-72.48705000
0.07324219,-96.21075000,-73.56072000
0.07385254,-92.36866000,-68.00926000
0.07446289,-89.01249000,-69.07705000
0.07507324,-85.45269000,-66.73852000
0.07568359,-86.80540000,-66.84719000
0.07629395,-94.09443000,-77.57484000
0.07690430,-108.23920000,-70.22676000
0.07751465,-85.25150000,-66.02753000
0.07812500,-81.14732000,-62.34786000
0.07873535,-82.55882000,-62.68165000
0.07934570,-81.32642000,-59.73132000
0.07995605,-79.76580000,-58.39762000
0.08056641,-81.25950000,-65.52934000
0.08117676,-87.75002000,-78.59809000
0.08178711,-94.07639000,-67.71376000
0.08239746,-85.16603000,-63.84510000
0.08300781,-82.60323000,-61.90636000
0.08361816,-80.61402000,-62.07551000
0.08422852,-85.10995000,-67.89939000
0.08483887,-93.88519000,-66.37379000
0.08544922,-83.52829000,-65.10906000
0.08605957,-84.49651000,-66.09825000
0.08666992,-87.95140000,-66.20445000
0.08728027,-88.94389000,-64.90926000
0.08789063,-89.86271000,-64.08418000
0.08850098,-83.33147000,-69.37363000
0.08911133,-76.07809000,-48.84014000
0.08972168,-66.21556000,-39.68073000
0.09033203,-65.55534000,-40.21274000
0.09094238,-74.82500000,-50.70923000
0.09155273,-90.87473000,-68.93204000
0.09216309,-95.71193000,-68.62909000
0.09277344,-94.51832000,-64.45289000
0.09338379,-94.13443000,-65.10870000
0.09399414,-91.96281000,-67.18616000
0.09460449,-93.48443000,-73.84297000
0.09521484,-103.82150000,-69.87378000
0.09582520,-100.07280000,-70.44106000
0.09643555,-90.75491000,-70.20310000
0.09704590,-86.61170000,-72.37408000
0.09765625,-87.09315000,-77.29666000
0.09826660,-89.35522000,-68.16071000
0.09887695,-85.50809000,-63.21826000
0.09948730,-82.45132000,-55.77352000
0.10009766,-75.79309000,-53.93786000
0.10070801,-76.03381000,-62.54718000
0.10131836,-85.06275000,-66.34643000
0.10192871,-86.37331000,-61.82055000
0.10253906,-84.21785000,-65.14108000
0.10314941,-83.68208000,-65.54210000
0.10375977,-85.20210000,-64.04673000
0.10437012,-85.78911000,-69.40940000
0.10498047,-83.71783000,-68.01029000
0.10559082,-84.52960000,-70.75402000
0.10620117,-91.85945000,-75.51426000
0.10681152,-95.62297000,-72.12074000
0.10742188,-85.35338000,-72.93338000
0.10803223,-83.13400000,-75.41777000
0.10864258,-83.49197000,-73.30848000
0.10925293,-84.36417000,-71.89731000
0.10986328,-83.57759000,-61.68178000
0.11047363,-84.84818000,-62.38237000
0.11108398,-90.33891000,-70.10123000
0.11169434,-93.67921000,-77.20432000
0.11230469,-88.29752000,-67.85030000
0.11291504,-93.53426000,-67.40514000
0.11352539,-94.71773000,-65.56194000
0.11413574,-87.17424000,-63.00911000
0.11474609,-85.46980000,-61.96586000
0.11535645,-84.21998000,-64.12817000
0.11596680,-83.88208000,-77.11882000
0.11657715,-87.65255000,-66.92958000
0.11718750,-94.74919000,-69.02227000
0.11779785,-99.71992000,-73.18312000
0.11840820,-93.46124000,-77.48386000
0.11901855,-81.47867000,-58.71469000
0.11962891,-75.21471000,-49.63273000
0.12023926,-75.92133000,-48.78208000
0.12084961,-85.41953000,-56.26373000
0.12145996,-93.22894000,-76.90717000
0.12207031,-88.52943000,-72.34679000
0.12268066,-82.74042000,-71.68679000
0.12329102,-83.97716000,-66.52673000
0.12390137,-87.03918000,-68.66602000
0.12451172,-88.28266000,-73.01017000
0.12512207,-88.03300000,-66.52266000
0.12573242,-88.90308000,-65.63264000
0.12634277,-88.38265000,-65.07410000
0.12695313,-85.99984000,-68.72836000
0.12756348,-83.91220000,-76.29652000
0.12817383,-89.11491000,-74.18770000
0.12878418,-103.82150000,-71.41163000
0.12939453,-85.02162000,-66.85371000
0.13000488,-77.55953000,-59.81348000
0.13061523,-79.38991000,-66.54049000
0.13122559,-88.24210000,-66.04193000
0.13183594,-92.99788000,-65.22099000
0.13244629,-87.84184000,-71.96639000
0.13305664,-87.15104000,-71.86655000
0.13366699,-85.74731000,-68.68292000
0.13427734,-83.93010000,-75.38927000
0.13488770,-85.34386000,-71.38383000
0.13549805,-85.66566000,-74.97902000
0.13610840,-84.05193000,-66.91245000
0.13671875,-87.97308000,-65.62894000
0.13732910,-92.92382000,-69.32029000
0.13793945,-91.10310000,-76.75402000
0.13854980,-90.51407000,-82.76955000
0.13916016,-80.58353000,-65.17501000
0.13977051,-74.26550000,-56.67859000
0.14038086,-78.28851000,-57.77599000
0.14099121,-92.59544000,-69.55630000
0.14160156,-85.20339000,-79.72311000
0.14221191,-89.93504000,-81.46951000
0.14282227,-97.86417000,-70.08665000
0.14343262,-87.42667000,-65.35966000
0.14404297,-85.75247000,-63.33255000
0.14465332,-88.03834000,-67.49760000
0.14526367,-91.25235000,-81.98987000
0.14587402,-98.89464000,-89.36383000
0.14648438,-95.94865000,-77.25156000
0.14709473,-99.95411000,-67.60638000
0.14770508,-89.71412000,-66.44769000
0.14831543,-88.58281000,-73.98712000
0.14892578,-99.32201000,-58.45717000
0.14953613,-77.99984000,-46.56810000
0.15014648,-74.80318000,-44.40163000
0.15075684,-83.25572000,-50.34825000
0.15136719,-104.84470000,-62.81104000
0.15197754,-112.83850000,-72.05991000
0.15258789,-105.39780000,-72.39315000
0.15319824,-94.67734000,-67.47645000
0.15380859,-88.55895000,-74.03197000
0.15441895,-91.56831000,-76.94442000
0.15502930,-107.46500000,-73.47362000
0.15563965,-93.03722000,-70.54108000
0.15625000,-95.53304000,-65.49036000
0.15686035,-93.82680000,-66.22361000
0.15747070,-91.05168000,-65.77040000
0.15808105,-96.46583000,-67.05764000
0.15869141,-106.81690000,-70.95628000
0.15930176,-85.92134000,-61.92504000
0.15991211,-77.40510000,-57.67915000
0.16052246,-78.82874000,-61.24257000
0.16113281,-87.68382000,-68.50867000
0.16174316,-87.31459000,-72.78064000
0.16235352,-88.92612000,-70.01872000
0.16296387,-92.68486000,-67.25359000
0.16357422,-97.11608000,-70.04745000
0.16418457,-94.71928000,-75.71842000
0.16479492,-95.49289000,-71.86716000
0.16540527,-88.94370000,-77.53432000
0.16601563,-87.23402000,-76.83034000
0.16662598,-88.64505000,-73.17144000
0.16723633,-87.69327000,-69.29060000
0.16784668,-85.14746000,-69.98065000
0.16845703,-86.02425000,-86.49075000
0.16906738,-81.33708000,-63.93778000
0.16967773,-74.30806000,-55.65724000
0.17028809,-75.02991000,-54.92843000
0.17089844,-83.97488000,-63.20708000
0.17150879,-88.17874000,-76.30119000
0.17211914,-90.28329000,-73.33104000
0.17272949,-99.07701000,-82.87869000
0.17333984,-93.38246000,-78.46626000
0.17395020,-104.45370000,-76.97417000
0.17456055,-90.04233000,-81.74775000
0.17517090,-91.10907000,-73.29713000
0.17578125,-96.43162000,-68.70581000
0.17639160,-95.08514000,-72.04156000
0.17700195,-93.06710000,-83.36081000
0.17761230,-86.63898000,-79.16454000
0.17822266,-84.31510000,-76.86519000
0.17883301,-87.35199000,-82.40083000
0.17944336,-89.46858000,-59.44286000
0.18005371,-81.18773000,-54.18375000
0.18066406,-87.62737000,-58.90309000
0.18127441,-90.44212000,-70.23357000
0.18188477,-87.20026000,-70.60434000
0.18249512,-87.82729000,-78.12467000
0.18310547,-86.64787000,-68.77618000
0.18371582,-85.57486000,-67.76429000
0.18432617,-85.94528000,-71.35935000
0.18493652,-85.64922000,-67.39287000
0.18554688,-86.02875000,-66.09576000
0.18615723,-91.57830000,-69.27691000
0.18676758,-98.78322000,-72.49994000
0.18737793,-94.71585000,-87.50867000
0.18798828,-92.99959000,-86.77380000
0.18859863,-89.00963000,-69.14648000
0.18920898,-90.74969000,-61.11837000
0.18981934,-86.24023000,-57.28152000
0.19042969,-85.96931000,-60.50049000
0.19104004,-86.48438000,-76.58540000
0.19165039,-91.33144000,-70.29049000
0.19226074,-94.54111000,-70.67659000
0.19287109,-88.32497000,-68.22955000
0.19348145,-82.54516000,-70.32399000
0.19409180,-83.16734000,-74.92383000
0.19470215,-87.61339000,-79.97110000
0.19531250,-89.88972000,-97.01074000
0.19592285,-111.11420000,-92.12741000
0.19653320,-88.22119000,-81.52769000
0.19714355,-87.99308000,-74.32659000
0.19775391,-98.11818000,-73.29530000
0.19836426,-87.47009000,-79.10126000
0.19897461,-88.83811000,-66.47384000
0.19958496,-74.12733000,-58.34776000
0.20019531,-74.24293000,-57.53935000
0.20080566,-84.68645000,-64.51537000
0.20141602,-90.88051000,-72.07693000
0.20202637,-82.24830000,-72.38100000
0.20263672,-80.41193000,-71.56313000
0.20324707,-83.00058000,-71.14700000
0.20385742,-85.91805000,-80.07690000
0.20446777,-88.33729000,-73.20724000
0.20507813,-90.20337000,-68.09634000
0.20568848,-89.77573000,-65.80678000
0.20629883,-88.07030000,-66.63055000
0.20690918,-87.32606000,-73.96743000
0.20751953,-89.14897000,-81.69082000
0.20812988,-92.35409000,-75.31416000
0.20874023,-100.02370000,-76.44403000
0.20935059,-90.93388000,-71.73493000
0.20996094,-78.75259000,-65.24249000
0.21057129,-73.65796000,-65.98482000
0.21118164,-78.96579000,-75.30612000
0.21179199,-97.26348000,-79.06185000
0.21240234,-88.44781000,-77.31375000
0.21301270,-89.02222000,-77.96685000
0.21362305,-97.68533000,-84.07852000
0.21423340,-97.31920000,-79.16259000
0.21484375,-99.97589000,-73.82656000
0.21545410,-93.63092000,-74.09003000
0.21606445,-92.18952000,-75.26582000
0.21667480,-86.60358000,-90.30467000
0.21728516,-83.44720000,-72.96876000
0.21789551,-85.72632000,-69.85847000
0.21850586,-86.16589000,-70.73872000
0.21911621,-86.96827000,-76.89328000
0.21972656,-94.63876000,-61.69948000
0.22033691,-97.56647000,-61.89314000
0.22094727,-96.99954000,-74.52924000
0.22155762,-96.65714000,-76.03706000
0.22216797,-93.54305000,-76.33305000
0.22277832,-93.43465000,-74.41685000
0.22338867,-90.55244000,-74.40181000
0.22399902,-90.98373000,-75.21182000
0.22460938,-87.59407000,-67.88399000
0.22521973,-88.31752000,-66.71740000
0.22583008,-96.93924000,-81.74350000
0.22644043,-108.40440000,-72.42142000
0.22705078,-102.56410000,-77.37695000
0.22766113,-96.29759000,-76.75803000
0.22827148,-93.90047000,-69.62787000
0.22888184,-92.66303000,-68.81130000
0.22949219,-83.67693000,-60.79185000
0.23010254,-79.12569000,-58.39925000
0.23071289,-82.61021000,-62.85151000
0.23132324,-86.83917000,-74.62531000
0.23193359,-88.68169000,-76.43708000
0.23254395,-95.01099000,-66.97857000
0.23315430,-98.03677000,-67.18726000
0.23376465,-94.99721000,-79.93410000
0.23437500,-109.11920000,-77.94279000
0.23498535,-94.33167000,-92.36595000
0.23559570,-104.86950000,-74.12941000
0.23620605,-92.55849000,-73.11377000
0.23681641,-88.66189000,-82.84149000
0.23742676,-88.21052000,-78.70708000
0.23803711,-96.72245000,-75.96815000
0.23864746,-99.21955000,-94.60280000
0.23925781,-83.12046000,-63.42194000
0.23986816,-78.43165000,-56.59275000
0.24047852,-81.50529000,-58.85145000
0.24108887,-88.02324000,-63.93376000
0.24169922,-90.56160000,-64.00565000
0.24230957,-90.21494000,-65.53145000
0.24291992,-87.19669000,-66.99612000
0.24353027,-93.34268000,-70.91628000
0.24414063,-85.98502000,-68.61009000
0.24475098,-84.27159000,-70.10994000
0.24536133,-85.01380000,-68.89168000
0.24597168,-89.41550000,-71.34229000
0.24658203,-88.29848000,-73.09183000
0.24719238,-85.85239000,-77.13355000
0.24780273,-87.00566000,-76.37398000
0.24841309,-90.17444000,-70.03737000
0.24902344,-86.27937000,-68.39194000
0.24963379,-78.72535000,-63.70242000
0.25024414,-77.51555000,-60.13364000
0.25085449,-82.07473000,-62.78995000
0.25146484,-88.76426000,-68.70576000
0.25207520,-86.85925000,-75.36393000
0.25268555,-85.34827000,-84.08820000
0.25329590,-84.90854000,-74.44703000
0.25390625,-84.75442000,-77.49445000
0.25451660,-89.15291000,-75.62640000
0.25512695,-91.83102000,-81.04494000
0.25573730,-92.36707000,-74.47836000
0.25634766,-96.05231000,-71.76139000
0.25695801,-88.46445000,-80.12878000
0.25756836,-87.30609000,-80.30503000
0.25817871,-91.43443000,-79.43613000
0.25878906,-95.22398000,-74.08456000
0.25939941,-79.21736000,-63.53954000
0.26000977,-75.37495000,-58.98320000
0.26062012,-79.34453000,-62.06601000
0.26123047,-88.77042000,-71.17333000
0.26184082,-98.38828000,-81.82869000
0.26245117,-92.57924000,-84.03149000
0.26306152,-90.99026000,-78.80962000
0.26367188,-90.44101000,-76.72868000
0.26428223,-92.15549000,-84.45119000
0.26489258,-91.29424000,-67.95010000
0.26550293,-91.14440000,-65.44171000
0.26611328,-92.42400000,-69.74277000
0.26672363,-90.52026000,-68.31435000
0.26733398,-90.62179000,-73.11681000
0.26794434,-100.74920000,-75.91594000
0.26855469,-94.09722000,-68.78055000
0.26916504,-82.50941000,-59.97641000
0.26977539,-77.16495000,-52.24083000
0.27038574,-78.31763000,-53.14727000
0.27099609,-83.27673000,-61.56597000
0.27160645,-83.71288000,-76.58965000
0.27221680,-83.88381000,-81.35918000
0.27282715,-82.37424000,-73.11841000
0.27343750,-84.69412000,-70.53015000
0.27404785,-100.06150000,-69.80135000
0.27465820,-95.00747000,-75.23744000
0.27526855,-115.66690000,-77.55365000
0.27587891,-110.98370000,-73.44315000
0.27648926,-94.27061000,-69.77444000
0.27709961,-85.14503000,-70.88916000
0.27770996,-84.72645000,-70.67175000
0.27832031,-87.93175000,-70.36938000
0.27893066,-91.06055000,-65.78069000
0.27954102,-83.58223000,-62.11802000
0.28015137,-82.05588000,-62.72518000
0.28076172,-85.69963000,-70.78373000
0.28137207,-90.61446000,-74.34420000
0.28198242,-91.44897000,-74.43820000
0.28259277,-88.37348000,-68.75806000
0.28320313,-84.39327000,-71.15920000
0.28381348,-86.10585000,-82.46514000
0.28442383,-88.34152000,-70.40939000
0.28503418,-85.68979000,-69.88367000
0.28564453,-84.58724000,-72.72620000
0.28625488,-84.77540000,-74.34483000
0.28686523,-87.34637000,-76.83431000
0.28747559,-100.32870000,-79.45514000
0.28808594,-89.71848000,-75.27113000
0.28869629,-92.57060000,-74.75236000
0.28930664,-79.50591000,-69.75911000
0.28991699,-76.63065000,-60.00031000
0.29052734,-84.12395000,-61.00277000
0.29113770,-95.49092000,-67.86096000
0.29174805,-88.73584000,-72.51430000
0.29235840,-94.08151000,-73.57738000
0.29296875,-106.23290000,-78.24969000
0.29357910,-101.04570000,-86.82722000
0.29418945,-102.22860000,-80.99594000
0.29479980,-94.96855000,-72.16012000
0.29541016,-91.72070000,-77.33122000
0.29602051,-92.05967000,-87.52711000
0.29663086,-90.81970000,-74.39223000
0.29724121,-89.94175000,-67.29340000
0.29785156,-87.20809000,-67.22379000
0.29846191,-87.24934000,-69.83017000
0.29907227,-87.63009000,-68.63477000
0.29968262,-91.23952000,-64.96185000
0.30029297,-85.96511000,-69.61272000
0.30090332,-85.99512000,-77.11434000
0.30151367,-94.81958000,-77.18893000
0.30212402,-89.08176000,-71.95495000
0.30273438,-86.62711000,-68.72041000
0.30334473,-88.44200000,-71.11301000
0.30395508,-88.65398000,-70.84418000
0.30456543,-91.67390000,-80.66391000
0.30517578,-90.42323000,-71.59610000
0.30578613,-89.08508000,-76.17303000
0.30639648,-93.86481000,-77.99674000
0.30700684,-91.67834000,-72.68040000
0.30761719,-97.71881000,-75.97044000
0.30822754,-89.23816000,-84.54446000
0.30883789,-90.14075000,-73.69492000
0.30944824,-89.82440000,-63.83422000
0.31005859,-85.88620000,-60.87838000
0.31066895,-95.39447000,-65.40826000
0.31127930,-94.82109000,-72.38685000
0.31188965,-88.09871000,-77.79121000
0.31250000,-85.92189000,-76.21414000
0.31311035,-87.87762000,-81.22835000
0.31372070,-88.54079000,-77.34544000
0.31433105,-87.52394000,-70.42889000
0.31494141,-82.64580000,-65.22460000
0.31555176,-82.86164000,-64.89899000
0.31616211,-87.61264000,-69.49702000
0.31677246,-91.21873000,-72.87357000
0.31738281,-94.23959000,-75.29504000
0.31799316,-94.04193000,-78.06686000
0.31860352,-92.80583000,-73.41692000
0.31921387,-91.72392000,-67.99537000
0.31982422,-110.31270000,-62.03130000
0.32043457,-89.37398000,-63.27265000
0.32104492,-85.82437000,-68.91191000
0.32165527,-90.16261000,-72.89735000
0.32226563,-101.64350000,-76.38290000
0.32287598,-88.72639000,-78.49629000
0.32348633,-85.88715000,-77.38148000
0.32409668,-87.66483000,-72.66715000
0.32470703,-88.49837000,-85.72877000
0.32531738,-105.47640000,-80.71014000
0.32592773,-92.81726000,-81.12128000
0.32653809,-91.03896000,-74.85876000
0.32714844,-90.92754000,-76.34230000
0.32775879,-91.35002000,-76.02612000
0.32836914,-91.01612000,-72.79736000
0.32897949,-82.89682000,-73.00101000
0.32958984,-79.17075000,-68.94781000
0.33020020,-83.42313000,-69.86764000
0.33081055,-91.40881000,-90.66298000
0.33142090,-89.62029000,-71.10464000
0.33203125,-90.04131000,-70.97861000
0.33264160,-94.79501000,-76.32096000
0.33325195,-87.67197000,-79.62304000
0.33386230,-85.80437000,-83.68884000
0.33447266,-86.48133000,-79.23629000
0.33508301,-87.85397000,-72.21883000
0.33569336,-90.90485000,-70.13589000
0.33630371,-93.24124000,-69.95182000
0.33691406,-90.98663000,-70.82247000
0.33752441,-88.35875000,-72.25511000
0.33813477,-92.57102000,-73.13812000
0.33874512,-94.17429000,-75.00223000
0.33935547,-91.13308000,-71.58103000
0.33996582,-83.11026000,-63.43108000
0.34057617,-84.12292000,-64.36874000
0.34118652,-87.24479000,-70.04594000
0.34179688,-87.62245000,-73.70983000
0.34240723,-89.35783000,-80.36288000
0.34301758,-87.61566000,-80.63792000
0.34362793,-89.14488000,-77.70123000
0.34423828,-90.23118000,-75.35108000
0.34484863,-89.55852000,-75.68596000
0.34545898,-89.59399000,-73.21461000
0.34606934,-89.58894000,-77.16363000
0.34667969,-86.01501000,-82.55604000
0.34729004,-83.20247000,-74.38026000
0.34790039,-86.99149000,-71.75577000
0.34851074,-87.87612000,-75.40188000
0.34912109,-83.08572000,-74.33957000
0.34973145,-84.93888000,-67.06279000
0.35034180,-84.59903000,-64.93752000
0.35095215,-91.17718000,-69.04138000
0.35156250,-98.18602000,-70.46647000
0.35217285,-93.98373000,-68.40959000
0.35278320,-92.34770000,-70.14590000
0.35339355,-91.39124000,-74.29086000
0.35400391,-90.58719000,-79.72278000
0.35461426,-95.38413000,-86.52116000
0.35522461,-99.86467000,-75.64465000
0.35583496,-93.96664000,-75.67825000
0.35644531,-95.67239000,-78.88907000
0.35705566,-90.43687000,-76.36267000
0.35766602,-85.71016000,-73.80444000
0.35827637,-84.58923000,-72.23153000
0.35888672,-85.03439000,-70.46208000
0.35949707,-80.70483000,-64.58021000
0.36010742,-81.52713000,-62.86053000
0.36071777,-92.63017000,-67.08121000
0.36132813,-102.26690000,-72.24747000
0.36193848,-96.13219000,-73.96735000
0.36254883,-93.26300000,-76.50653000
0.36315918,-102.55710000,-78.38971000
0.36376953,-100.77870000,-74.75730000
0.36437988,-88.82001000,-73.00079000
0.36499023,-87.61753000,-74.94208000
0.36560059,-90.73884000,-73.86036000
0.36621094,-95.21928000,-80.13902000
0.36682129,-92.61135000,-73.27174000
0.36743164,-88.52919000,-71.73461000
0.36804199,-88.18778000,-72.33927000
0.36865234,-94.31312000,-77.87633000
0.36926270,-91.59809000,-80.28184000
0.36987305,-87.57600000,-77.46971000
0.37048340,-90.20770000,-73.23248000
0.37109375,-95.96851000,-76.40894000
0.37170410,-93.97683000,-75.19579000
0.37231445,-89.99809000,-72.97284000
0.37292480,-95.45136000,-75.05030000
0.37353516,-88.94093000,-73.44997000
0.37414551,-86.16207000,-70.16483000
0.37475586,-90.04760000,-71.48296000
0.37536621,-93.87462000,-73.18536000
0.37597656,-110.51920000,-74.54294000
0.37658691,-86.94841000,-75.59981000
0.37719727,-86.47704000,-77.93377000
0.37780762,-89.81210000,-78.77651000
0.37841797,-90.72624000,-81.10619000
0.37902832,-95.40139000,-75.39101000
0.37963867,-96.64351000,-65.97730000
0.38024902,-104.76330000,-62.75843000
0.38085938,-93.36063000,-63.86853000
0.38146973,-91.91476000,-66.73801000
0.38208008,-93.78967000,-70.82559000
0.38269043,-89.74818000,-73.27090000
0.38330078,-88.24363000,-83.47276000
0.38391113,-90.59325000,-77.31749000
0.38452148,-90.14056000,-74.66910000
0.38513184,-88.54134000,-80.81683000
0.38574219,-88.58783000,-78.91888000
0.38635254,-91.50409000,-77.94196000
0.38696289,-94.62528000,-94.61913000
0.38757324,-92.75601000,-77.58082000
0.38818359,-89.05777000,-73.98717000
0.38879395,-70.20909000,-68.27821000
0.38940430,-61.12191000,-58.50056000
0.39001465,-61.50163000,-55.72630000
0.39062500,-71.99596000,-59.86020000
0.39123535,-97.54073000,-68.79561000
0.39184570,-91.58241000,-75.68925000
0.39245605,-96.61630000,-83.83575000
0.39306641,-100.42930000,-77.95055000
0.39367676,-91.10352000,-76.64777000
0.39428711,-86.50715000,-74.86289000
0.39489746,-87.35078000,-78.87052000
0.39550781,-86.12483000,-73.71697000
0.39611816,-87.05074000,-72.00143000
0.39672852,-93.07204000,-80.77643000
0.39733887,-91.15779000,-80.41026000
0.39794922,-89.29603000,-81.84979000
0.39855957,-92.84450000,-78.56847000
0.39916992,-100.29030000,-68.35239000
0.39978027,-86.59097000,-62.79774000
0.40039063,-82.30621000,-62.58379000
0.40100098,-86.01437000,-66.28427000
0.40161133,-96.27730000,-68.12143000
0.40222168,-94.78877000,-70.63929000
0.40283203,-94.97664000,-84.82941000
0.40344238,-93.70284000,-82.15222000
0.40405273,-88.25734000,-72.11565000
0.40466309,-84.99462000,-74.32950000
0.40527344,-88.81151000,-83.48213000
0.40588379,-93.28166000,-76.08951000
0.40649414,-93.27295000,-71.19758000
0.40710449,-94.83338000,-74.17792000
0.40771484,-87.39827000,-74.58572000
0.40832520,-90.72398000,-72.03345000
0.40893555,-102.29710000,-68.77116000
0.40954590,-92.60604000,-65.22234000
0.41015625,-88.41470000,-64.02149000
0.41076660,-88.76183000,-66.78869000
0.41137695,-95.82257000,-71.97276000
0.41198730,-91.29803000,-77.22803000
0.41259766,-94.32587000,-70.28505000
0.41320801,-92.09393000,-69.23720000
0.41381836,-87.36781000,-73.37110000
0.41442871,-90.16053000,-81.13052000
0.41503906,-95.90475000,-74.14526000
0.41564941,-99.77615000,-69.70721000
0.41625977,-93.20901000,-69.92517000
0.41687012,-89.16023000,-71.09715000
0.41748047,-89.76474000,-79.32063000
0.41809082,-93.68733000,-81.65653000
0.41870117,-91.12192000,-74.00043000
0.41931152,-82.38525000,-78.03762000
0.41992188,-81.21898000,-65.77818000
0.42053223,-88.65566000,-64.14971000
0.42114258,-101.44740000,-67.56485000
0.42175293,-99.45782000,-71.21774000
0.42236328,-99.61689000,-77.72466000
0.42297363,-100.02280000,-75.48322000
0.42358398,-89.23730000,-77.74623000
0.42419434,-87.02252000,-79.49039000
0.42480469,-87.99194000,-73.50518000
0.42541504,-88.03764000,-77.47330000
0.42602539,-87.49446000,-80.70016000
0.42663574,-89.06773000,-80.50287000
0.42724609,-98.38791000,-79.64425000
0.42785645,-106.79950000,-80.99044000
0.42846680,-92.50777000,-74.13338000
0.42907715,-87.85303000,-72.11751000
0.42968750,-92.46181000,-68.28201000
0.43029785,-96.89658000,-68.50217000
0.43090820,-94.26975000,-71.18193000
0.43151855,-95.89096000,-70.90633000
0.43212891,-97.23630000,-72.38382000
0.43273926,-90.66249000,-79.07969000
0.43334961,-93.12237000,-71.69873000
0.43395996,-90.94615000,-71.73826000
0.43457031,-90.89557000,-72.76018000
0.43518066,-100.60460000,-68.90446000
0.43579102,-100.80360000,-67.56867000
0.43640137,-94.53143000,-69.41678000
0.43701172,-90.49529000,-74.34129000
0.43762207,-90.90600000,-87.42828000
0.43823242,-91.98670000,-82.82347000
0.43884277,-86.98081000,-78.92271000
0.43945313,-88.71461000,-70.76833000
0.44006348,-86.96326000,-70.91086000
0.44067383,-89.09702000,-68.65707000
0.44128418,-113.50890000,-69.90243000
0.44189453,-95.68341000,-77.27464000
0.44250488,-97.07443000,-85.49317000
0.44311523,-98.22156000,-73.02448000
0.44372559,-95.21413000,-72.63872000
0.44433594,-89.91110000,-78.26797000
0.44494629,-92.71347000,-88.61580000
0.44555664,-94.37164000,-79.93312000
0.44616699,-88.86888000,-81.29203000
0.44677734,-88.83567000,-70.71579000
0.44738770,-91.90388000,-69.15947000
0.44799805,-102.84970000,-71.20792000
0.44860840,-105.74590000,-73.08899000
0.44921875,-79.83797000,-75.90968000
0.44982910,-75.01128000,-69.62492000
0.45043945,-80.46242000,-66.65687000
0.45104980,-95.57556000,-71.79681000
0.45166016,-97.89899000,-79.10246000
0.45227051,-87.53712000,-80.02872000
0.45288086,-87.59216000,-77.23820000
0.45349121,-90.45763000,-73.81529000
0.45410156,-97.36722000,-68.57653000
0.45471191,-95.51301000,-69.36783000
0.45532227,-91.32356000,-71.73234000
0.45593262,-87.75308000,-72.57417000
0.45654297,-87.73409000,-71.30872000
0.45715332,-86.73900000,-70.21684000
0.45776367,-90.05657000,-75.35451000
0.45837402,-99.15994000,-80.22809000
0.45898438,-93.52345000,-79.66988000
0.45959473,-86.49396000,-77.82439000
0.46020508,-83.69580000,-72.39277000
0.46081543,-86.94527000,-71.12766000
0.46142578,-98.40991000,-74.68667000
0.46203613,-104.82150000,-83.19154000
0.46264648,-88.49636000,-92.45163000
0.46325684,-88.96541000,-80.72351000
0.46386719,-106.56740000,-93.75172000
0.46447754,-96.41101000,-74.55649000
0.46508789,-88.39279000,-70.33348000
0.46569824,-83.55824000,-70.73735000
0.46630859,-86.39610000,-70.87514000
0.46691895,-91.79115000,-71.13885000
0.46752930,-92.39059000,-76.05899000
0.46813965,-97.69089000,-74.72243000
0.46875000,-88.09289000,-71.38480000
0.46936035,-84.28829000,-71.25019000
0.46997070,-86.04473000,-83.31079000
0.47058105,-95.61401000,-88.45651000
0.47119141,-93.22944000,-76.55872000
0.47180176,-94.44927000,-75.52847000
0.47241211,-96.35881000,-81.98708000
0.47302246,-95.19551000,-73.96600000
0.47363281,-91.58047000,-76.09307000
0.47424316,-92.79015000,-84.40584000
0.47485352,-93.72293000,-83.17821000
0.47546387,-91.94245000,-77.71293000
0.47607422,-92.16396000,-78.02950000
0.47668457,-88.66027000,-75.32670000
0.47729492,-91.41984000,-70.03085000
0.47790527,-93.20221000,-71.70463000
0.47851563,-88.89294000,-81.14586000
0.47912598,-93.77336000,-67.31033000
0.47973633,-98.93800000,-64.85383000
0.48034668,-88.70909000,-71.75404000
0.48095703,-87.41692000,-77.50935000
0.48156738,-90.45190000,-82.09254000
0.48217773,-100.80340000,-69.48277000
0.48278809,-99.25539000,-68.06939000
0.48339844,-103.53130000,-74.62034000
0.48400879,-91.80052000,-83.91537000
0.48461914,-86.69323000,-81.14234000
0.48522949,-86.60766000,-79.03314000
0.48583984,-86.10933000,-74.89326000
0.48645020,-87.98911000,-71.28558000
0.48706055,-100.13330000,-67.15839000
0.48767090,-98.88332000,-68.50296000
0.48828125,-93.64142000,-70.08243000
0.48889160,-87.19982000,-68.72170000
0.48950195,-83.22096000,-72.12613000
0.49011230,-81.34591000,-79.83936000
0.49072266,-83.74558000,-80.05097000
0.49133301,-92.16809000,-74.79129000
0.49194336,-103.73240000,-77.34306000
0.49255371,-90.61608000,-81.18835000
0.49316406,-91.18723000,-77.25796000
0.49377441,-98.66647000,-72.45390000
0.49438477,-107.33960000,-74.63351000
0.49499512,-90.48256000,-74.43372000
0.49560547,-88.93036000,-71.91493000
0.49621582,-93.73425000,-73.84718000
0.49682617,-96.71204000,-79.73480000
0.49743652,-91.28911000,-78.45984000
0.49804688,-89.46950000,-73.45125000
0.49865723,-93.54687000,-75.86057000
0.49926758,-92.38144000,-80.31063000
0.49987793,-97.26333000,-78.61739000
0.50048828,-103.63430000,-75.07462000
0.50109863,-90.03646000,-79.64872000
0.50170898,-88.64909000,-74.08375000
0.50231934,-105.36000000,-72.52795000
0.50292969,-92.45291000,-74.67099000
0.50354004,-92.74087000,-85.11481000
0.50415039,-89.92755000,-83.99588000
0.50476074,-89.25012000,-77.91185000
0.50537109,-88.75144000,-72.04340000
0.50598145,-85.37611000,-67.01201000
0.50659180,-85.87169000,-66.21043000
0.50720215,-90.91911000,-69.97115000
0.50781250,-89.64036000,-78.52782000
0.50842285,-91.65724000,-80.49198000
0.50903320,-94.74310000,-86.59181000
0.50964355,-103.06870000,-84.13478000
0.51025391,-83.96931000,-75.42293000
0.51086426,-82.27400000,-68.64095000
0.51147461,-88.01410000,-66.82002000
0.51208496,-96.86039000,-73.77956000
0.51269531,-99.86382000,-81.69365000
0.51330566,-87.35332000,-83.11343000
0.51391602,-84.07388000,-70.20417000
0.51452637,-87.85551000,-69.47786000
0.51513672,-104.31660000,-72.53686000
0.51574707,-89.15264000,-76.24426000
0.51635742,-86.95924000,-75.00552000
0.51696777,-91.20477000,-71.69582000
0.51757813,-95.07618000,-72.33006000
0.51818848,-86.77135000,-72.92509000
0.51879883,-86.55647000,-71.87373000
0.51940918,-91.67245000,-70.13171000
0.52001953,-92.04688000,-74.55939000
0.52062988,-88.42880000,-85.43636000
0.52124023,-87.34442000,-77.14301000
0.52185059,-92.61464000,-71.13314000
0.52246094,-97.39134000,-74.35491000
0.52307129,-95.12170000,-77.08387000
0.52368164,-98.18021000,-79.77541000
0.52429199,-97.33800000,-70.53899000
0.52490234,-93.19500000,-71.69385000
0.52551270,-95.16090000,-86.09599000
0.52612305,-97.59634000,-76.87463000
0.52673340,-104.50270000,-71.96386000
0.52734375,-87.43271000,-70.53319000
0.52795410,-86.24519000,-68.80519000
0.52856445,-89.86392000,-67.50775000
0.52917480,-86.12915000,-71.97635000
0.52978516,-83.82674000,-75.13513000
0.53039551,-81.17372000,-72.18426000
0.53100586,-82.83947000,-71.94584000
0.53161621,-88.49667000,-71.26748000
0.53222656,-91.34456000,-75.54840000
0.53283691,-91.16195000,-78.38445000
0.53344727,-89.56206000,-79.11043000
0.53405762,-87.46281000,-77.78934000
0.53466797,-87.71745000,-79.31789000
0.53527832,-91.81972000,-75.01315000
0.53588867,-98.76710000,-74.98496000
0.53649902,-85.97816000,-78.49827000
0.53710938,-86.41878000,-80.98425000
0.53771973,-94.59487000,-76.59306000
0.53833008,-99.64769000,-71.34578000
0.53894043,-86.69000000,-69.37995000
0.53955078,-82.57114000,-73.67596000
0.54016113,-82.99981000,-82.02403000
0.54077148,-87.03350000,-80.19799000
0.54138184,-94.56535000,-78.65382000
0.54199219,-101.60100000,-73.39244000
0.54260254,-93.55963000,-70.66937000
0.54321289,-90.32408000,-73.17384000
0.54382324,-89.25735000,-72.99348000
0.54443359,-89.63996000,-75.22121000
0.54504395,-86.44113000,-77.44832000
0.54565430,-87.06113000,-73.80131000
0.54626465,-93.72217000,-82.43680000
0.54687500,-90.13097000,-72.13278000
0.54748535,-85.56238000,-69.65955000
0.54809570,-88.54716000,-69.07432000
0.54870605,-101.52250000,-70.38332000
0.54931641,-103.10740000,-76.82586000
0.54992676,-85.78172000,-66.78481000
0.55053711,-85.18221000,-65.60622000
0.55114746,-89.44933000,-71.23764000
0.55175781,-89.99863000,-74.50327000
0.55236816,-94.13095000,-74.70025000
0.55297852,-99.07952000,-76.52045000
0.55358887,-100.51380000,-70.69522000
0.55419922,-93.80685000,-67.96054000
0.55480957,-92.16835000,-68.36229000
0.55541992,-91.84087000,-71.38480000
0.55603027,-91.81591000,-73.33136000
0.55664063,-93.31600000,-79.73124000
0.55725098,-94.39984000,-74.90902000
0.55786133,-93.36697000,-73.28349000
0.55847168,-88.67489000,-74.29614000
0.55908203,-86.78134000,-78.94981000
0.55969238,-87.66366000,-82.93118000
0.56030273,-100.67330000,-73.54621000
0.56091309,-87.46093000,-68.56935000
0.56152344,-84.67145000,-71.58368000
0.56213379,-87.51196000,-100.41570000
0.56274414,-87.20733000,-75.18670000
0.56335449,-85.76567000,-74.85035000
0.56396484,-100.04440000,-75.40028000
0.56457520,-91.17341000,-83.08427000
0.56518555,-92.47353000,-77.47377000
0.56579590,-100.04360000,-72.68019000
0.56640625,-99.34188000,-69.32162000
0.56701660,-103.23940000,-72.98363000
0.56762695,-94.82303000,-76.00365000
0.56823730,-90.84669000,-73.09911000
0.56884766,-94.99649000,-75.69273000
0.56945801,-89.96528000,-70.60332000
0.57006836,-88.88376000,-71.18109000
0.57067871,-92.43462000,-75.88678000
0.57128906,-89.56648000,-80.98786000
0.57189941,-85.95150000,-75.96989000
0.57250977,-86.39610000,-72.96815000
0.57312012,-91.04498000,-70.02665000
0.57373047,-92.71821000,-71.75428000
0.57434082,-97.78236000,-82.70442000
0.57495117,-90.41325000,-81.53960000
0.57556152,-87.67234000,-71.54755000
0.57617188,-92.99374000,-71.27473000
0.57678223,-88.13930000,-72.97412000
0.57739258,-85.01273000,-69.73598000
0.57800293,-98.85334000,-71.25006000
0.57861328,-89.40987000,-81.11546000
0.57922363,-86.41402000,-72.31624000
0.57983398,-86.03394000,-78.54617000
0.58044434,-86.33681000,-81.59251000
0.58105469,-91.71540000,-78.28693000
0.58166504,-103.72680000,-85.20329000
0.58227539,-94.87327000,-75.67687000
0.58288574,-89.48902000,-75.66262000
0.58349609,-97.48155000,-78.51888000
0.58410645,-93.66257000,-71.88956000
0.58471680,-95.49039000,-73.61345000
0.58532715,-91.81774000,-76.37578000
0.58593750,-88.30405000,-79.33135000
0.58654785,-95.59882000,-77.65388000
0.58715820,-101.46140000,-75.69965000
0.58776855,-90.05470000,-77.49377000
0.58837891,-89.72899000,-76.30134000
0.58898926,-83.01713000,-74.41202000
0.58959961,-76.82678000,-76.15924000
0.59020996,-79.38855000,-81.84544000
0.59082031,-95.01354000,-79.47915000
0.59143066,-101.19830000,-72.94916000
0.59204102,-95.19962000,-74.79028000
0.59265137,-110.16250000,-92.31775000
0.59326172,-97.76170000,-76.40634000
0.59387207,-103.42060000,-72.61100000
0.59448242,-101.81320000,-69.68767000
0.59509277,-89.78857000,-70.35320000
0.59570313,-87.09418000,-74.66913000
0.59631348,-92.28877000,-75.32907000
0.59692383,-94.23946000,-76.26019000
0.59753418,-98.23389000,-76.93163000
0.59814453,-91.52716000,-73.98744000
0.59875488,-88.69755000,-73.82633000
0.59936523,-91.09566000,-77.14846000
0.59997559,-92.22995000,-78.25503000
0.60058594,-87.47107000,-75.25246000
0.60119629,-88.78796000,-82.28341000
0.60180664,-95.27268000,-75.47454000
0.60241699,-96.50633000,-68.74247000
0.60302734,-88.22299000,-71.75294000
0.60363770,-85.24818000,-71.09871000
0.60424805,-88.65981000,-71.38593000
0.60485840,-109.55310000,-79.57529000
0.60546875,-94.39902000,-89.21234000
0.60607910,-93.58540000,-88.87912000
0.60668945,-93.05434000,-78.92808000
0.60729980,-87.99861000,-75.08676000
0.60791016,-88.76213000,-77.86607000
0.60852051,-89.69730000,-78.69513000
0.60913086,-90.79018000,-77.78331000
0.60974121,-88.44528000,-83.55149000
0.61035156,-88.37864000,-74.84813000
0.61096191,-95.91632000,-71.66342000
0.61157227,-89.36900000,-74.98210000
0.61218262,-86.09219000,-71.63739000
0.61279297,-90.70091000,-70.93820000
0.61340332,-104.47200000,-80.37704000
0.61401367,-99.36823000,-74.78727000
0.61462402,-102.28090000,-74.41165000
0.61523438,-91.33351000,-76.76048000
0.61584473,-94.87135000,-81.85947000
0.61645508,-99.14015000,-74.67290000
0.61706543,-92.42685000,-78.06695000
0.61767578,-87.40569000,-75.05695000
0.61828613,-85.87917000,-69.98747000
0.61889648,-88.89978000,-73.94471000
0.61950684,-105.14730000,-77.21809000
0.62011719,-93.45143000,-72.86450000
0.62072754,-103.90660000,-70.35397000
0.62133789,-93.33607000,-70.55933000
0.62194824,-88.60717000,-74.11597000
0.62255859,-91.02942000,-80.05138000
0.62316895,-83.69040000,-78.26669000
0.62377930,-73.35018000,-78.72741000
0.62438965,-72.16499000,-74.56756000
0.62500000,-79.56923000,-74.65140000
0.62561035,-89.77039000,-77.10960000
0.62622070,-90.31705000,-73.63644000
0.62683105,-95.07674000,-74.38668000
0.62744141,-91.25023000,-72.32253000
0.62805176,-91.90823000,-69.48407000
0.62866211,-92.48429000,-73.57484000
0.62927246,-76.96381000,-82.36566000
0.62988281,-74.06194000,-77.82619000
0.63049316,-82.20311000,-87.42366000
0.63110352,-94.84804000,-71.23500000
0.63171387,-96.69200000,-68.16257000
0.63232422,-95.27001000,-75.43463000
0.63293457,-93.15520000,-74.78027000
0.63354492,-95.49079000,-72.89820000
0.63415527,-88.50877000,-88.57826000
0.63476563,-90.24071000,-72.02079000
0.63537598,-88.79211000,-70.01199000
0.63598633,-91.06049000,-76.24669000
0.63659668,-96.85866000,-84.17992000
0.63720703,-92.92780000,-76.72208000
0.63781738,-92.32372000,-81.36928000
0.63842773,-96.17097000,-72.13411000
0.63903809,-106.08080000,-67.63449000
0.63964844,-99.92395000,-70.56050000
0.64025879,-90.52425000,-77.35107000
0.64086914,-91.88248000,-70.49300000
0.64147949,-105.60750000,-69.49847000
0.64208984,-94.68392000,-72.68118000
0.64270020,-92.88649000,-83.46175000
0.64331055,-88.17376000,-88.47363000
0.64392090,-86.29984000,-82.01674000
0.64453125,-88.20277000,-75.24285000
0.64514160,-98.24860000,-74.02655000
0.64575195,-96.75484000,-72.33839000
0.64636230,-93.91061000,-72.19522000
0.64697266,-92.94468000,-72.93616000
0.64758301,-93.05119000,-72.67265000
0.64819336,-93.88030000,-78.50913000
0.64880371,-97.37456000,-72.24692000
0.64941406,-90.04635000,-67.65848000
0.65002441,-82.26216000,-72.09291000
0.65063477,-80.99972000,-83.11613000
0.65124512,-83.36784000,-73.88464000
0.65185547,-85.31787000,-74.47772000
0.65246582,-91.61694000,-72.35368000
0.65307617,-103.55960000,-68.96712000
0.65368652,-95.42138000,-69.13544000
0.65429688,-95.13777000,-73.34487000
0.65490723,-94.01013000,-77.98393000
0.65551758,-90.48454000,-70.94820000
0.65612793,-92.38702000,-71.06226000
0.65673828,-98.88619000,-74.93387000
0.65734863,-89.50046000,-75.38866000
0.65795898,-92.50329000,-78.39346000
0.65856934,-99.55803000,-78.16174000
0.65917969,-87.73983000,-73.62700000
0.65979004,-80.66188000,-71.24660000
0.66040039,-82.42912000,-72.67037000
0.66101074,-91.71630000,-96.31609000
0.66162109,-96.25022000,-74.45613000
0.66223145,-94.24339000,-75.97823000
0.66284180,-93.04490000,-77.34872000
0.66345215,-94.62773000,-99.23532000
0.66406250,-92.46368000,-71.78071000
0.66467285,-91.16448000,-70.44853000
0.66528320,-94.90169000,-70.45190000
0.66589355,-92.56397000,-71.53648000
0.66650391,-98.19524000,-74.35065000
0.66711426,-114.36090000,-70.28509000
0.66772461,-102.91420000,-68.95637000
0.66833496,-98.57210000,-71.03944000
0.66894531,-100.33940000,-79.23634000
0.66955566,-91.57054000,-95.98575000
0.67016602,-86.90840000,-78.60771000
0.67077637,-88.03677000,-79.33780000
0.67138672,-89.92134000,-85.50651000
0.67199707,-90.75993000,-76.28732000
0.67260742,-91.53507000,-85.64867000
0.67321777,-89.60358000,-71.52509000
0.67382813,-86.62611000,-74.58068000
0.67443848,-91.80240000,-73.42057000
0.67504883,-100.02250000,-72.21474000
0.67565918,-96.06995000,-75.07142000
0.67626953,-96.49804000,-89.66165000
0.67687988,-92.00362000,-71.89958000
0.67749023,-92.02271000,-70.47993000
0.67810059,-93.17339000,-74.42593000
0.67871094,-97.98994000,-75.71916000
0.67932129,-89.17773000,-70.47908000
0.67993164,-88.95191000,-68.67406000
0.68054199,-95.74164000,-71.63184000
0.68115234,-98.82054000,-82.50828000
0.68176270,-94.29767000,-78.11678000
0.68237305,-94.11984000,-72.67607000
0.68298340,-92.86053000,-78.83724000
0.68359375,-89.55980000,-79.27560000
0.68420410,-92.04036000,-72.42574000
0.68481445,-90.02319000,-70.00921000
0.68542480,-86.91356000,-71.51910000
0.68603516,-88.29037000,-76.34715000
0.68664551,-94.19905000,-96.35037000
0.68725586,-91.89233000,-80.67090000
0.68786621,-88.30949000,-72.36700000
0.68847656,-82.96643000,-72.98772000
0.68908691,-61.89861000,-68.71983000
0.68969727,-55.60887000,-61.88934000
0.69030762,-58.44629000,-66.92033000
0.69091797,-71.27496000,-80.73785000
0.69152832,-87.68217000,-76.93590000
0.69213867,-86.57719000,-75.76016000
0.69274902,-89.65274000,-75.58386000
0.69335938,-98.95080000,-77.36845000
0.69396973,-105.33740000,-82.48018000
0.69458008,-99.36958000,-69.76213000
0.69519043,-91.57181000,-68.41404000
0.69580078,-90.89260000,-67.98604000
0.69641113,-94.03032000,-67.55357000
0.69702148,-101.26490000,-68.22204000
0.69763184,-85.65599000,-70.33459000
0.69824219,-81.82793000,-76.31728000
0.69885254,-87.00789000,-76.50891000
0.69946289,-105.29920000,-74.41474000
0.70007324,-90.47443000,-86.46532000
0.70068359,-85.67744000,-80.33321000
0.70129395,-84.36552000,-74.90366000
0.70190430,-84.78161000,-74.41154000
0.70251465,-87.13383000,-79.33997000
0.70312500,-87.38754000,-78.57520000
0.70373535,-85.96335000,-69.61759000
0.70434570,-86.45058000,-67.81178000
0.70495605,-94.83766000,-70.15309000
0.70556641,-94.96890000,-72.61849000
0.70617676,-87.70490000,-73.38863000
0.70678711,-87.13843000,-78.83371000
0.70739746,-94.57285000,-78.06380000
0.70800781,-95.84970000,-84.14493000
0.70861816,-93.17232000,-70.81496000
0.70922852,-98.19640000,-68.59856000
0.70983887,-96.38859000,-68.84113000
0.71044922,-89.09068000,-68.65640000
0.71105957,-92.49640000,-71.83035000
0.71166992,-94.05217000,-75.50903000
0.71228027,-88.91816000,-77.52991000
0.71289063,-90.27511000,-75.22581000
0.71350098,-92.19644000,-73.45017000
0.71411133,-88.09164000,-82.62354000
0.71472168,-91.12011000,-75.25436000
0.71533203,-92.06036000,-72.26046000
0.71594238,-95.12226000,-75.85494000
0.71655273,-99.77317000,-77.43987000
0.71716309,-88.63689000,-74.58686000
0.71777344,-87.77556000,-81.88389000
0.71838379,-87.15987000,-78.62718000
0.71899414,-84.93881000,-78.62663000
0.71960449,-86.32493000,-83.62026000
0.72021484,-98.19724000,-85.99400000
0.72082520,-88.38371000,-78.56100000
0.72143555,-89.72261000,-75.00643000
0.72204590,-90.67185000,-71.13493000
0.72265625,-89.18649000,-68.50106000
0.72326660,-89.45946000,-69.51531000
0.72387695,-89.27105000,-71.32462000
0.72448730,-88.87233000,-70.44260000
0.72509766,-89.68352000,-70.63420000
0.72570801,-87.02536000,-74.67207000
0.72631836,-85.69721000,-80.46304000
0.72692871,-84.86728000,-71.90382000
0.72753906,-88.47874000,-77.35680000
0.72814941,-101.83030000,-76.47519000
0.72875977,-95.44979000,-72.42107000
0.72937012,-86.95342000,-79.97576000
0.72998047,-85.21849000,-75.24102000
0.73059082,-86.04108000,-72.08253000
0.73120117,-86.29034000,-71.83335000
0.73181152,-90.61578000,-70.20169000
0.73242188,-90.11651000,-71.57878000
0.73303223,-89.85783000,-74.25933000
0.73364258,-92.42110000,-69.97040000
0.73425293,-93.88737000,-70.25611000
0.73486328,-92.91383000,-71.03320000
0.73547363,-93.00004000,-69.33865000
0.73608398,-93.11456000,-68.54784000
0.73669434,-93.48930000,-69.20380000
0.73730469,-94.00471000,-73.42216000
0.73791504,-90.40695000,-85.15184000
0.73852539,-90.63338000,-73.49213000
0.73913574,-92.95383000,-73.32390000
0.73974609,-103.20990000,-80.77118000
0.74035645,-89.69456000,-79.22257000
0.74096680,-90.50348000,-80.89909000
0.74157715,-86.85818000,-75.64066000
0.74218750,-85.62786000,-79.55775000
0.74279785,-85.36951000,-78.55019000
0.74340820,-85.96375000,-73.02995000
0.74401855,-87.09072000,-70.96488000
0.74462891,-90.08369000,-73.71246000
0.74523926,-90.46336000,-80.10197000
0.74584961,-85.79826000,-74.04417000
0.74645996,-85.51140000,-69.78526000
0.74707031,-85.40846000,-67.99857000
0.74768066,-84.40648000,-72.40028000
0.74829102,-85.88332000,-77.03494000
0.74890137,-81.65236000,-71.39609000
0.74951172,-74.06007000,-72.95114000
0.75012207,-73.41409000,-70.67078000
0.75073242,-79.22531000,-70.83703000
0.75134277,-88.27084000,-75.32381000
0.75195313,-91.92421000,-75.42122000
0.75256348,-92.87370000,-76.42831000
0.75317383,-98.79162000,-85.00244000
0.75378418,-90.65414000,-82.71030000
0.75439453,-86.26321000,-82.96313000
0.75500488,-86.68454000,-82.60632000
0.75561523,-90.26880000,-73.14235000
0.75622559,-92.17979000,-72.06845000
0.75683594,-86.66925000,-72.05278000
0.75744629,-89.90715000,-75.69695000
0.75805664,-89.68471000,-96.69305000
0.75866699,-86.85550000,-81.45164000
0.75927734,-96.35107000,-72.14042000
0.75988770,-91.95366000,-73.30965000
0.76049805,-89.54572000,-82.39066000
0.76110840,-87.83814000,-85.47888000
0.76171875,-89.71524000,-75.40318000
0.76232910,-93.64991000,-71.15297000
0.76293945,-88.20512000,-69.83514000
0.76354980,-87.77930000,-72.84928000
0.76416016,-92.19448000,-75.80994000
0.76477051,-110.93800000,-71.37474000
0.76538086,-96.74638000,-71.65371000
0.76599121,-96.20404000,-71.02299000
0.76660156,-104.79010000,-70.27556000
0.76721191,-95.69247000,-71.57807000
0.76782227,-95.22137000,-75.95767000
0.76843262,-96.52074000,-74.09696000
0.76904297,-94.03712000,-72.12360000
0.76965332,-91.78046000,-78.29844000
0.77026367,-91.80070000,-74.71426000
0.77087402,-86.77945000,-74.76968000
0.77148438,-84.54212000,-84.95708000
0.77209473,-87.31299000,-79.97038000
0.77270508,-95.09048000,-76.66222000
0.77331543,-91.94252000,-82.43094000
0.77392578,-83.75073000,-82.31183000
0.77453613,-85.24385000,-79.54260000
0.77514648,-99.60928000,-78.39346000
0.77575684,-96.81980000,-78.28104000
0.77636719,-86.18144000,-76.75301000
0.77697754,-82.02450000,-79.12000000
0.77758789,-83.35973000,-83.12679000
0.77819824,-91.17695000,-76.78812000
0.77880859,-90.14698000,-75.63400000
0.77941895,-87.76466000,-88.21252000
0.78002930,-91.87123000,-86.27025000
0.78063965,-94.05606000,-88.57051000
0.78125000,-94.30045000,-74.08122000
0.78186035,-99.97318000,-73.27439000
0.78247070,-93.92435000,-77.87166000
0.78308105,-89.56008000,-77.49547000
0.78369141,-92.68295000,-80.73209000
0.78430176,-95.26544000,-76.74312000
0.78491211,-91.82804000,-75.63653000
0.78552246,-88.34451000,-71.11308000
0.78613281,-89.85095000,-68.34304000
0.78674316,-91.47553000,-70.82604000
0.78735352,-102.04820000,-74.80177000
0.78796387,-93.56553000,-78.26258000
0.78857422,-92.26439000,-78.90979000
0.78918457,-86.26192000,-74.61400000
0.78979492,-82.31142000,-84.88151000
0.79040527,-84.20697000,-73.47827000
0.79101563,-93.07613000,-75.72249000
0.79162598,-94.97680000,-69.74877000
0.79223633,-93.13221000,-66.54929000
0.79284668,-108.10570000,-73.15645000
0.79345703,-90.01895000,-85.55214000
0.79406738,-89.38876000,-79.23856000
0.79467773,-99.77660000,-75.36131000
0.79528809,-114.87940000,-78.92062000
0.79589844,-87.76139000,-80.81168000
0.79650879,-83.50280000,-74.32330000
0.79711914,-87.20291000,-73.84882000
0.79772949,-101.78010000,-78.24332000
0.79833984,-94.54926000,-72.86155000
0.79895020,-91.58611000,-72.35132000
0.79956055,-93.03253000,-75.87695000
0.80017090,-93.96745000,-74.40875000
0.80078125,-99.50238000,-75.36472000
0.80139160,-93.41058000,-72.98801000
0.80200195,-93.02011000,-75.59653000
0.80261230,-88.72015000,-75.35847000
0.80322266,-89.22081000,-68.28925000
0.80383301,-92.72892000,-70.92675000
0.80444336,-95.92487000,-73.12540000
0.80505371,-93.05795000,-69.00584000
0.80566406,-89.38805000,-69.97131000
0.80627441,-90.44427000,-73.40376000
0.80688477,-94.29445000,-77.62234000
0.80749512,-92.32687000,-76.09889000
0.80810547,-98.22365000,-73.27180000
0.80871582,-91.57123000,-75.61023000
0.80932617,-83.89945000,-76.50208000
0.80993652,-80.82857000,-71.42796000
0.81054688,-79.76894000,-71.90978000
0.81115723,-83.64650000,-79.13367000
0.81176758,-91.90067000,-74.47307000
0.81237793,-95.03906000,-71.12608000
0.81298828,-97.94740000,-69.06590000
0.81359863,-98.84739000,-72.23842000
0.81420898,-96.02000000,-76.07321000
0.81481934,-95.35992000,-91.80439000
0.81542969,-88.12561000,-72.41890000
0.81604004,-87.58763000,-70.91262000
0.81665039,-105.75620000,-73.18124000
0.81726074,-86.09404000,-75.08978000
0.81787109,-84.42992000,-77.39597000
0.81848145,-88.38393000,-84.03667000
0.81909180,-94.33906000,-79.28986000
0.81970215,-88.58176000,-73.91896000
0.82031250,-86.02105000,-75.71465000
0.82092285,-85.22575000,-77.69225000
0.82153320,-88.40735000,-73.84422000
0.82214355,-94.21444000,-72.07083000
0.82275391,-98.87964000,-75.11585000
0.82336426,-91.20922000,-71.41086000
0.82397461,-87.82684000,-69.74526000
0.82458496,-87.13054000,-72.41429000
0.82519531,-91.98803000,-88.59081000
0.82580566,-94.06487000,-74.81699000
0.82641602,-96.79573000,-75.65187000
0.82702637,-101.10500000,-78.15038000
0.82763672,-97.62827000,-76.18611000
0.82824707,-108.19550000,-75.46752000
0.82885742,-89.34373000,-72.55532000
0.82946777,-87.69324000,-79.31787000
0.83007813,-89.91019000,-72.62278000
0.83068848,-90.96642000,-73.73016000
0.83129883,-93.99823000,-80.81374000
0.83190918,-99.86266000,-95.78419000
0.83251953,-89.96475000,-88.09810000
0.83312988,-89.25580000,-78.48373000
0.83374023,-94.77039000,-77.19538000
0.83435059,-93.35979000,-75.39162000
0.83496094,-91.84101000,-83.47629000
0.83557129,-101.08070000,-73.62608000
0.83618164,-94.08261000,-73.48546000
0.83679199,-93.06587000,-77.16792000
0.83740234,-109.99620000,-74.15483000
0.83801270,-95.69504000,-69.07159000
0.83862305,-87.33661000,-75.44386000
0.83923340,-90.17045000,-76.59896000
0.83984375,-82.99110000,-72.95979000
0.84045410,-84.44907000,-73.78858000
0.84106445,-94.22301000,-76.62844000
0.84167480,-91.82494000,-81.14771000
0.84228516,-89.57764000,-69.92941000
0.84289551,-92.28519000,-67.81626000
0.84350586,-93.35628000,-69.34213000
0.84411621,-87.98796000,-71.21712000
0.84472656,-89.59657000,-72.02428000
0.84533691,-92.10159000,-71.73904000
0.84594727,-93.12444000,-69.22443000
0.84655762,-96.29881000,-71.83654000
0.84716797,-103.95080000,-75.28316000
0.84777832,-95.61291000,-72.00878000
0.84838867,-91.01220000,-71.73689000
0.84899902,-93.14999000,-71.23216000
0.84960938,-84.96037000,-78.86826000
0.85021973,-77.38854000,-65.86636000
0.85083008,-80.24094000,-67.58798000
0.85144043,-90.99206000,-85.86482000
0.85205078,-110.94590000,-74.52901000
0.85266113,-106.93080000,-73.10383000
0.85327148,-96.83555000,-71.22529000
0.85388184,-97.76065000,-69.93002000
0.85449219,-91.65272000,-68.83755000
0.85510254,-96.91185000,-74.99651000
0.85571289,-99.00041000,-72.05310000
0.85632324,-90.05571000,-70.15266000
0.85693359,-88.17825000,-78.09074000
0.85754395,-90.44811000,-72.36551000
0.85815430,-94.24099000,-69.78893000
0.85876465,-97.61276000,-69.41901000
0.85937500,-116.07700000,-72.43238000
0.85998535,-93.43387000,-75.15367000
0.86059570,-87.81573000,-70.91504000
0.86120605,-87.74313000,-71.09946000
0.86181641,-97.44969000,-76.99686000
0.86242676,-98.80058000,-74.17445000
0.86303711,-89.91817000,-72.54322000
0.86364746,-90.64647000,-83.10001000
0.86425781,-92.15851000,-76.83208000
0.86486816,-97.33202000,-76.51094000
0.86547852,-97.40065000,-73.92145000
0.86608887,-97.93765000,-71.68793000
0.86669922,-100.61590000,-74.06549000
0.86730957,-95.01000000,-75.33894000
0.86791992,-86.32124000,-73.32513000
0.86853027,-84.12293000,-72.22598000
0.86914063,-86.69098000,-71.86164000
0.86975098,-92.63031000,-70.69065000
0.87036133,-93.27272000,-70.75980000
0.87097168,-91.07343000,-73.55605000
0.87158203,-84.49573000,-75.08723000
0.87219238,-85.06055000,-71.22598000
0.87280273,-91.76794000,-73.26491000
0.87341309,-103.42680000,-75.65493000
0.87402344,-89.15027000,-77.51914000
0.87463379,-87.68185000,-80.72722000
0.87524414,-88.23212000,-77.17245000
0.87585449,-88.04249000,-78.78607000
0.87646484,-85.83070000,-92.85751000
0.87707520,-83.83603000,-76.57506000
0.87768555,-86.17279000,-71.84451000
0.87829590,-90.30872000,-69.71266000
0.87890625,-98.16712000,-69.68184000
0.87951660,-88.65147000,-75.96074000
0.88012695,-91.13428000,-76.81977000
0.88073730,-88.01407000,-73.02341000
0.88134766,-83.58612000,-81.88941000
0.88195801,-85.86205000,-72.97571000
0.88256836,-88.56373000,-72.14637000
0.88317871,-94.65244000,-77.38175000
0.88378906,-97.71893000,-77.42715000
0.88439941,-93.77686000,-70.61345000
0.88500977,-88.20626000,-68.87340000
0.88562012,-92.51283000,-71.96546000
0.88623047,-89.05530000,-74.51642000
0.88684082,-88.10085000,-71.71758000
0.88745117,-91.01266000,-69.94631000
0.88806152,-94.36950000,-70.65706000
0.88867188,-91.73387000,-76.25202000
0.88928223,-82.66316000,-74.92318000
0.88989258,-79.83456000,-71.68216000
0.89050293,-85.32813000,-72.79492000
0.89111328,-99.09992000,-69.89341000
0.89172363,-99.70042000,-67.22868000
0.89233398,-108.25490000,-68.31628000
0.89294434,-94.19495000,-70.05200000
0.89355469,-84.89033000,-74.72720000
0.89416504,-85.20325000,-82.43404000
0.89477539,-90.07987000,-79.57188000
0.89538574,-86.28702000,-77.97723000
0.89599609,-89.52280000,-74.66599000
0.89660645,-102.10650000,-78.47401000
0.89721680,-90.19668000,-82.35249000
0.89782715,-91.95096000,-79.24126000
0.89843750,-86.04749000,-80.44353000
0.89904785,-90.75446000,-78.51202000
0.89965820,-93.60023000,-73.16763000
0.90026855,-87.37680000,-71.36928000
0.90087891,-88.79822000,-69.75092000
0.90148926,-98.23785000,-69.13162000
0.90209961,-87.77582000,-70.84953000
0.90270996,-84.42435000,-70.57305000
0.90332031,-81.93592000,-73.88108000
0.90393066,-82.35579000,-78.76375000
0.90454102,-88.10571000,-74.22129000
0.90515137,-107.54400000,-75.92751000
0.90576172,-91.67129000,-82.52206000
0.90637207,-88.31168000,-76.69295000
0.90698242,-88.25298000,-69.96177000
0.90759277,-86.72020000,-70.68877000
0.90820313,-89.74579000,-73.48153000
0.90881348,-91.09753000,-73.17908000
0.90942383,-89.54704000,-74.40598000
0.91003418,-87.03136000,-80.75224000
0.91064453,-85.74509000,-80.21949000
0.91125488,-89.46456000,-73.99682000
0.91186523,-98.19923000,-71.81358000
0.91247559,-91.86325000,-74.45598000
0.91308594,-92.38780000,-80.17393000
0.91369629,-99.73224000,-79.58510000
0.91430664,-91.36275000,-81.12848000
0.91491699,-90.21638000,-80.35481000
0.91552734,-92.47072000,-73.91256000
0.91613770,-94.38776000,-73.71583000
0.91674805,-90.13800000,-75.56564000
0.91735840,-87.98174000,-76.52813000
0.91796875,-89.23203000,-78.96301000
0.91857910,-90.49287000,-74.50002000
0.91918945,-94.66422000,-74.93278000
0.91979980,-97.53796000,-74.55029000
0.92041016,-101.08440000,-74.69206000
0.92102051,-96.08262000,-79.90855000
0.92163086,-89.40273000,-89.27009000
0.92224121,-87.52315000,-82.27737000
0.92285156,-84.35112000,-82.84526000
0.92346191,-86.68682000,-71.51500000
0.92407227,-84.49736000,-69.29893000
0.92468262,-84.73273000,-75.24847000
0.92529297,-91.81975000,-86.91589000
0.92590332,-89.30273000,-75.07652000
0.92651367,-97.89603000,-71.02843000
0.92712402,-102.32820000,-73.21580000
0.92773438,-94.46928000,-75.37234000
0.92834473,-95.63654000,-70.93852000
0.92895508,-101.08140000,-68.91270000
0.92956543,-80.70255000,-69.11818000
0.93017578,-78.62659000,-74.24233000
0.93078613,-87.63004000,-87.12231000
0.93139648,-102.95670000,-79.71668000
0.93200684,-102.36470000,-78.58539000
0.93261719,-98.57163000,-76.03326000
0.93322754,-101.22900000,-72.85104000
0.93383789,-93.37689000,-82.05576000
0.93444824,-92.32545000,-83.97667000
0.93505859,-96.39291000,-88.50587000
0.93566895,-100.00250000,-82.44172000
0.93627930,-97.31422000,-77.41830000
0.93688965,-111.19760000,-73.76432000
0.93750000,-90.50925000,-88.94973000
0.93811035,-87.44272000,-68.61733000
0.93872070,-88.43179000,-67.72795000
0.93933105,-93.15800000,-73.30531000
0.93994141,-90.82227000,-70.48119000
0.94055176,-89.61956000,-65.97930000
0.94116211,-89.38857000,-65.54643000
0.94177246,-88.18599000,-67.66953000
0.94238281,-92.61517000,-73.48232000
0.94299316,-100.73410000,-91.37093000
0.94360352,-88.99094000,-75.47051000
0.94421387,-88.39366000,-76.30218000
0.94482422,-103.60090000,-83.49372000
0.94543457,-87.20490000,-76.07883000
0.94604492,-85.20071000,-70.04511000
0.94665527,-87.87717000,-71.19586000
0.94726563,-90.11577000,-73.50056000
0.94787598,-88.19431000,-75.75127000
0.94848633,-87.30942000,-74.19271000
0.94909668,-88.67713000,-73.09184000
0.94970703,-81.46794000,-73.99100000
0.95031738,-77.02139000,-71.79384000
0.95092773,-81.11021000,-70.67201000
0.95153809,-89.47177000,-73.34038000
0.95214844,-94.30451000,-91.47368000
0.95275879,-95.05642000,-75.50185000
0.95336914,-97.72017000,-80.88142000
0.95397949,-94.89882000,-77.64899000
0.95458984,-88.22242000,-71.13825000
0.95520020,-86.39639000,-69.69086000
0.95581055,-89.03892000,-75.49702000
0.95642090,-92.76299000,-79.00941000
0.95703125,-88.94443000,-69.69378000
0.95764160,-90.57148000,-70.27202000
0.95825195,-87.94484000,-74.03899000
0.95886230,-88.45798000,-82.86923000
0.95947266,-87.02697000,-71.44505000
0.96008301,-85.29784000,-67.70197000
0.96069336,-94.99139000,-72.55280000
0.96130371,-84.91211000,-77.06978000
0.96191406,-86.22132000,-72.54665000
0.96252441,-90.25467000,-75.31593000
0.96313477,-87.69250000,-78.92081000
0.96374512,-87.96324000,-81.82579000
0.96435547,-100.75540000,-79.21751000
0.96496582,-92.17279000,-71.28920000
0.96557617,-87.42529000,-69.28848000
0.96618652,-89.80040000,-71.38883000
0.96679688,-91.63779000,-78.01492000
0.96740723,-89.76925000,-81.83312000
0.96801758,-92.83759000,-74.69492000
0.96862793,-89.44904000,-69.99603000
0.96923828,-86.99094000,-70.22424000
0.96984863,-91.80931000,-72.32989000
0.97045898,-91.32085000,-71.24102000
0.97106934,-86.01382000,-73.87012000
0.97167969,-91.98704000,-76.80299000
0.97229004,-93.87666000,-69.39509000
0.97290039,-85.29884000,-73.42101000
0.97351074,-84.39708000,-76.60285000
0.97412109,-91.22573000,-74.93743000
0.97473145,-95.73927000,-75.99741000
0.97534180,-91.52579000,-78.00623000
0.97595215,-90.47086000,-74.76044000
0.97656250,-91.32623000,-73.41735000
0.97717285,-92.49649000,-81.56712000
0.97778320,-91.48192000,-77.86302000
0.97839355,-96.19603000,-78.80678000
0.97900391,-93.99352000,-77.86317000
0.97961426,-89.27491000,-78.70081000
0.98022461,-88.53456000,-78.13191000
0.98083496,-92.39539000,-86.99204000
0.98144531,-93.81787000,-72.17528000
0.98205566,-92.59872000,-73.62857000
0.98266602,-96.60654000,-69.35446000
0.98327637,-92.18446000,-67.88680000
0.98388672,-86.72334000,-70.96381000
0.98449707,-86.52790000,-74.25526000
0.98510742,-90.96443000,-71.32025000
0.98571777,-95.06889000,-72.53111000
0.98632813,-96.39053000,-73.35980000
0.98693848,-93.93498000,-72.41782000
0.98754883,-88.99652000,-80.01582000
0.98815918,-88.60922000,-79.13939000
0.98876953,-75.23769000,-70.24257000
0.98937988,-61.79089000,-66.96632000
0.98999023,-58.28341000,-63.04217000
0.99060059,-63.71532000,-65.96721000
0.99121094,-82.52127000,-82.01538000
0.99182129,-90.12221000,-79.66322000
0.99243164,-92.81898000,-81.05872000
0.99304199,-91.46623000,-81.60931000
0.99365234,-97.40007000,-75.93400000
0.99426270,-89.76555000,-73.88334000
0.99487305,-93.22029000,-76.19422000
0.99548340,-91.69762000,-92.47801000
0.99609375,-95.60230000,-87.16834000
0.99670410,-101.42420000,-72.89607000
0.99731445,-105.76600000,-70.62278000
0.99792480,-92.46578000,-71.31495000
0.99853516,-87.29763000,-72.65364000
0.99914551,-89.57651000,-73.89421000
0.99975586,-91.40750000,-78.35878000
1.00036621,-83.40524000,-68.40455000
1.00097656,-87.94143000,-64.99781000
1.00158691,-110.98090000,-68.75645000
1.00219727,-92.99751000,-87.68250000
1.00280762,-92.51182000,-73.31081000
1.00341797,-98.89316000,-70.53246000
1.00402832,-93.87285000,-70.89061000
1.00463867,-100.96720000,-76.10512000
1.00524902,-93.66738000,-66.57613000
1.00585938,-86.72433000,-65.54755000
1.00646973,-86.68053000,-69.49489000
1.00708008,-88.93060000,-73.98137000
1.00769043,-89.53812000,-80.64803000
1.00830078,-87.85323000,-76.04941000
1.00891113,-87.03017000,-78.79880000
1.00952148,-90.84862000,-76.35560000
1.01013184,-89.52406000,-75.68258000
1.01074219,-87.92435000,-77.46481000
1.01135254,-90.49847000,-82.67215000
1.01196289,-96.80709000,-70.41860000
1.01257324,-111.68310000,-69.22350000
1.01318359,-107.97860000,-70.34084000
1.01379395,-94.74221000,-70.95235000
1.01440430,-89.77834000,-75.09431000
1.01501465,-89.05186000,-74.38935000
1.01562500,-87.50940000,-72.85190000
1.01623535,-90.19650000,-76.13615000
1.01684570,-100.21110000,-76.37886000
1.01745605,-96.92299000,-71.75830000
1.01806641,-108.40830000,-75.97727000
1.01867676,-97.16809000,-76.31468000
1.01928711,-91.85120000,-76.15652000
1.01989746,-89.31777000,-74.02423000
1.02050781,-91.81423000,-69.21768000
1.02111816,-92.58643000,-67.39921000
1.02172852,-89.40197000,-69.23166000
1.02233887,-91.67294000,-69.74417000
1.02294922,-102.23880000,-71.25089000
1.02355957,-111.46980000,-84.28574000
1.02416992,-95.92170000,-84.43741000
1.02478027,-93.53795000,-76.77815000
1.02539063,-96.94894000,-72.25221000
1.02600098,-95.84531000,-71.82245000
1.02661133,-92.60603000,-74.35647000
1.02722168,-94.17149000,-78.08720000
1.02783203,-96.35604000,-80.96918000
1.02844238,-87.80222000,-83.30680000
1.02905273,-87.82597000,-75.56734000
1.02966309,-93.57478000,-74.96022000
1.03027344,-93.54929000,-84.65732000
1.03088379,-98.51701000,-76.74994000
1.03149414,-91.28541000,-80.23241000
1.03210449,-89.65201000,-73.87641000
1.03271484,-87.66494000,-72.04287000
1.03332520,-90.76196000,-71.50018000
1.03393555,-103.13010000,-73.24860000
1.03454590,-99.58778000,-79.29709000
1.03515625,-89.11000000,-82.35429000
1.03576660,-85.78411000,-79.56548000
1.03637695,-84.85088000,-75.15565000
1.03698730,-87.95631000,-82.89377000
1.03759766,-97.94067000,-73.21475000
1.03820801,-88.00078000,-70.36528000
1.03881836,-91.44003000,-71.86912000
1.03942871,-97.58916000,-77.50486000
1.04003906,-105.51480000,-74.69903000
1.04064941,-99.14127000,-70.48808000
1.04125977,-94.43245000,-72.34902000
1.04187012,-88.54278000,-72.03188000
1.04248047,-90.95928000,-74.53259000
1.04309082,-98.66421000,-80.01022000
1.04370117,-106.01070000,-76.76321000
1.04431152,-97.32807000,-69.95986000
1.04492188,-98.15156000,-67.65801000
1.04553223,-94.41390000,-68.84438000
1.04614258,-90.67306000,-69.30155000
1.04675293,-93.63867000,-69.55408000
1.04736328,-99.08116000,-69.56120000
1.04797363,-110.76290000,-71.11730000
1.04858398,-91.09122000,-72.42801000
1.04919434,-83.63232000,-73.51928000
1.04980469,-75.88500000,-77.18394000
1.05041504,-76.16761000,-78.66809000
1.05102539,-82.80209000,-84.10184000
1.05163574,-90.34250000,-79.94187000
1.05224609,-98.14339000,-72.19463000
1.05285645,-95.91435000,-71.24274000
1.05346680,-91.06414000,-68.67078000
1.05407715,-90.47754000,-66.44446000
1.05468750,-88.97834000,-70.24263000
1.05529785,-87.24097000,-70.14542000
1.05590820,-88.19848000,-70.40162000
1.05651855,-79.86116000,-70.44741000
1.05712891,-79.01334000,-72.03104000
1.05773926,-82.84012000,-73.52515000
1.05834961,-85.44479000,-71.20017000
1.05895996,-91.03738000,-67.62545000
1.05957031,-105.13470000,-70.81891000
1.06018066,-94.12716000,-80.99244000
1.06079102,-95.44433000,-84.60834000
1.06140137,-98.35991000,-74.18417000
1.06201172,-94.76808000,-73.63031000
1.06262207,-97.00222000,-74.28745000
1.06323242,-91.14203000,-73.08131000
1.06384277,-90.33794000,-83.55643000
1.06445313,-99.71577000,-78.03853000
1.06506348,-88.33634000,-72.68929000
1.06567383,-84.41714000,-74.02528000
1.06628418,-85.23088000,-74.18446000
1.06689453,-90.96053000,-67.83635000
1.06750488,-93.10693000,-64.88723000
1.06811523,-89.67602000,-65.06673000
1.06872559,-92.58414000,-67.61557000
1.06933594,-107.50510000,-68.18605000
1.06994629,-94.36575000,-68.53159000
1.07055664,-93.93533000,-71.26971000
1.07116699,-107.04330000,-72.46115000
1.07177734,-96.90841000,-77.22852000
1.07238770,-93.97284000,-81.11008000
1.07299805,-90.47578000,-79.47290000
1.07360840,-91.84332000,-77.53797000
1.07421875,-92.61800000,-85.19836000
1.07482910,-92.46711000,-78.89803000
1.07543945,-94.24489000,-79.36711000
1.07604980,-94.66974000,-75.56533000
1.07666016,-90.66215000,-82.93662000
1.07727051,-84.17660000,-71.74106000
1.07788086,-82.48289000,-69.18687000
1.07849121,-85.38921000,-68.04532000
1.07910156,-88.07799000,-67.62565000
1.07971191,-89.95988000,-69.94517000
1.08032227,-89.07324000,-81.42226000
1.08093262,-85.83067000,-78.89589000
1.08154297,-90.21416000,-78.48322000
1.08215332,-92.71237000,-71.59326000
1.08276367,-92.38489000,-72.82304000
1.08337402,-92.43211000,-75.21265000
1.08398438,-94.70662000,-77.08241000
1.08459473,-91.57330000,-73.26065000
1.08520508,-94.14465000,-68.70108000
1.08581543,-100.48190000,-68.75821000
1.08642578,-113.50460000,-69.49483000
1.08703613,-102.66350000,-73.02657000
1.08764648,-96.00412000,-77.55281000
1.08825684,-90.21365000,-85.31160000
1.08886719,-86.82600000,-81.55997000
1.08947754,-83.31770000,-78.89809000
1.09008789,-81.50761000,-78.86876000
1.09069824,-85.85490000,-80.75851000
1.09130859,-98.21335000,-81.80760000
1.09191895,-92.31030000,-75.97812000
1.09252930,-87.28125000,-78.42235000
1.09313965,-90.58611000,-70.66985000
1.09375000,-103.41900000,-76.53838000
1.09436035,-99.47061000,-74.19341000
1.09497070,-94.94228000,-71.57896000
1.09558105,-87.10320000,-75.07560000
1.09619141,-85.85039000,-76.25063000
1.09680176,-88.86527000,-69.23694000
1.09741211,-93.04211000,-70.61554000
1.09802246,-91.21449000,-79.66292000
1.09863281,-88.19176000,-76.11653000
1.09924316,-85.27840000,-73.71938000
1.09985352,-84.94614000,-90.72484000
1.10046387,-89.05516000,-72.16103000
1.10107422,-91.28829000,-72.39312000
1.10168457,-87.24890000,-81.20354000
1.10229492,-82.51385000,-75.09016000
1.10290527,-83.56423000,-72.42690000
1.10351563,-89.86290000,-71.81757000
1.10412598,-91.67836000,-72.35107000
1.10473633,-91.27907000,-77.24285000
1.10534668,-89.25616000,-80.08472000
1.10595703,-88.17877000,-74.37190000
1.10656738,-88.94933000,-78.02099000
1.10717773,-89.74789000,-78.94801000
1.10778809,-90.39475000,-81.18740000
1.10839844,-92.54028000,-68.63801000
1.10900879,-89.60451000,-68.37943000
1.10961914,-85.18822000,-69.29515000
1.11022949,-85.28036000,-69.38143000
1.11083984,-86.48483000,-77.32568000
1.11145020,-86.66760000,-72.66052000
1.11206055,-91.36682000,-79.91177000
1.11267090,-112.79620000,-73.01256000
1.11328125,-98.56983000,-75.70741000
1.11389160,-92.17529000,-77.50199000
1.11450195,-92.66483000,-74.31647000
1.11511230,-110.08720000,-86.63579000
1.11572266,-95.64600000,-86.93482000
1.11633301,-88.56497000,-72.57382000
1.11694336,-88.06220000,-71.69574000
1.11755371,-101.23820000,-78.73860000
1.11816406,-90.72369000,-88.77049000
1.11877441,-88.78719000,-75.38468000
1.11938477,-88.35067000,-74.46530000
1.11999512,-86.95129000,-77.59550000
1.12060547,-84.40342000,-83.35248000
1.12121582,-83.30309000,-80.44237000
1.12182617,-87.12561000,-74.05653000
1.12243652,-93.88083000,-77.83858000
1.12304688,-91.31842000,-80.26344000
1.12365723,-95.47142000,-74.79425000
1.12426758,-99.79990000,-77.12920000
1.12487793,-95.30911000,-77.28883000
1.12548828,-92.88369000,-72.97069000
1.12609863,-99.58657000,-75.62511000
1.12670898,-94.47323000,-73.08453000
1.12731934,-87.69885000,-71.83373000
1.12792969,-84.96032000,-79.08040000
1.12854004,-88.77145000,-81.67092000
1.12915039,-91.65505000,-74.47705000
1.12976074,-90.90648000,-74.37941000
1.13037109,-89.55254000,-70.57386000
1.13098145,-92.68335000,-69.17613000
1.13159180,-95.41623000,-75.02505000
1.13220215,-86.74728000,-76.70901000
1.13281250,-84.57932000,-72.96022000
1.13342285,-88.60970000,-77.45200000
1.13403320,-106.34030000,-76.41636000
1.13464355,-100.22670000,-84.04632000
1.13525391,-98.54906000,-77.64327000
1.13586426,-90.56683000,-75.02862000
1.13647461,-86.73802000,-72.79688000
1.13708496,-86.48648000,-71.61848000
1.13769531,-88.82715000,-75.78587000
1.13830566,-88.33543000,-72.20298000
1.13891602,-90.91193000,-75.45445000
1.13952637,-87.65426000,-75.83414000
1.14013672,-88.32375000,-73.59305000
1.14074707,-95.30319000,-73.34748000
1.14135742,-96.77628000,-73.75606000
1.14196777,-87.81673000,-71.26383000
1.14257813,-89.20407000,-68.81359000
1.14318848,-83.85439000,-68.82806000
1.14379883,-85.49552000,-70.18681000
1.14440918,-90.42400000,-73.26949000
1.14501953,-91.31812000,-74.15689000
1.14562988,-91.70068000,-74.26275000
1.14624023,-92.59248000,-77.54605000
1.14685059,-89.35233000,-80.73821000
1.14746094,-86.10561000,-74.68390000
1.14807129,-87.92710000,-76.30656000
1.14868164,-94.53871000,-79.21449000
1.14929199,-84.62976000,-77.86676000
1.14990234,-76.89709000,-71.24568000
1.15051270,-75.75204000,-68.44489000
1.15112305,-83.57307000,-70.85532000
1.15173340,-89.70828000,-77.17624000
1.15234375,-98.19276000,-78.62431000
1.15295410,-93.66139000,-69.13844000
1.15356445,-89.15831000,-71.33174000
1.15417480,-95.49052000,-84.40803000
1.15478516,-95.74960000,-75.23850000
1.15539551,-90.69348000,-67.33572000
1.15600586,-93.22052000,-65.10165000
1.15661621,-92.20493000,-68.18674000
1.15722656,-92.36816000,-73.10139000
1.15783691,-94.83165000,-76.92857000
1.15844727,-95.18955000,-75.94327000
1.15905762,-91.75124000,-77.60526000
1.15966797,-91.26408000,-83.54188000
1.16027832,-114.97380000,-85.43300000
1.16088867,-94.19755000,-81.54521000
1.16149902,-92.47048000,-80.44774000
1.16210938,-88.10953000,-91.63238000
1.16271973,-87.30719000,-77.27779000
1.16333008,-89.20182000,-73.71417000
1.16394043,-85.86012000,-74.71530000
1.16455078,-88.05538000,-85.06791000
1.16516113,-92.95162000,-75.49699000
1.16577148,-86.74292000,-77.29079000
1.16638184,-86.87339000,-78.56415000
1.16699219,-94.98730000,-73.19409000
1.16760254,-99.62166000,-77.12430000
1.16821289,-93.69536000,-86.51578000
1.16882324,-94.66438000,-82.15604000
1.16943359,-88.86246000,-75.36117000
1.17004395,-84.72866000,-73.11055000
1.17065430,-86.81504000,-71.57407000
1.17126465,-91.58432000,-70.76228000
1.17187500,-95.24715000,-71.68739000
1.17248535,-89.91528000,-73.56563000
1.17309570,-92.19284000,-80.88532000
1.17370605,-99.49723000,-78.03701000
1.17431641,-91.20305000,-71.20309000
1.17492676,-90.90183000,-71.77497000
1.17553711,-95.18764000,-81.28682000
1.17614746,-91.98663000,-79.68907000
1.17675781,-83.00204000,-73.83229000
1.17736816,-82.00507000,-73.86211000
1.17797852,-87.06689000,-80.48201000
1.17858887,-90.12169000,-80.35569000
1.17919922,-103.53800000,-76.94634000
1.17980957,-100.81210000,-78.37257000
1.18041992,-98.81926000,-80.63939000
1.18103027,-91.05801000,-103.01860000
1.18164063,-90.12379000,-79.73552000
1.18225098,-89.45049000,-85.53893000
1.18286133,-91.10950000,-78.31812000
1.18347168,-96.92867000,-73.86935000
1.18408203,-91.15998000,-79.52257000
1.18469238,-86.87178000,-81.50880000
1.18530273,-89.69334000,-89.54385000
1.18591309,-93.67888000,-77.85809000
1.18652344,-89.33221000,-74.78744000
1.18713379,-87.79411000,-73.12395000
1.18774414,-87.35650000,-74.67767000
1.18835449,-90.34881000,-71.28356000
1.18896484,-92.32697000,-69.46900000
1.18957520,-102.00980000,-73.07000000
1.19018555,-103.91580000,-75.28420000
1.19079590,-102.46950000,-74.70335000
1.19140625,-98.65634000,-76.88810000
1.19201660,-98.38467000,-86.69060000
1.19262695,-94.27909000,-75.45830000
1.19323730,-88.21130000,-74.71635000
1.19384766,-84.04698000,-81.44157000
1.19445801,-86.66863000,-67.56021000
1.19506836,-91.26880000,-66.15831000
1.19567871,-88.78690000,-71.47522000
1.19628906,-87.58988000,-75.47945000
1.19689941,-85.76877000,-79.34987000
1.19750977,-85.25223000,-72.41247000
1.19812012,-91.78197000,-73.44769000
1.19873047,-94.70190000,-76.87827000
1.19934082,-93.41239000,-72.24883000
1.19995117,-95.71854000,-73.75481000
1.20056152,-97.40324000,-74.28299000
1.20117188,-101.29470000,-73.20752000
1.20178223,-90.49428000,-77.93656000
1.20239258,-89.27578000,-76.71784000
1.20300293,-97.59528000,-88.95084000
1.20361328,-93.53362000,-77.70085000
1.20422363,-92.64864000,-77.84015000
1.20483398,-88.38070000,-78.99593000
1.20544434,-85.32200000,-76.59026000
1.20605469,-86.30344000,-75.86111000
1.20666504,-92.38448000,-75.01649000
1.20727539,-93.25751000,-77.12280000
1.20788574,-93.05233000,-85.07201000
1.20849609,-90.69948000,-80.00329000
1.20910645,-87.30264000,-79.03875000
1.20971680,-86.51253000,-82.75204000
1.21032715,-85.99548000,-73.56828000
1.21093750,-89.38036000,-72.22978000
1.21154785,-95.85278000,-79.73201000
1.21215820,-91.94107000,-84.30360000
1.21276855,-96.20685000,-79.55865000
1.21337891,-95.34442000,-80.27885000
1.21398926,-89.76456000,-77.88060000
1.21459961,-85.39282000,-71.85851000
1.21520996,-83.92326000,-74.46974000
1.21582031,-85.58722000,-75.39893000
1.21643066,-88.50655000,-72.86353000
1.21704102,-88.07122000,-73.88076000
1.21765137,-88.96576000,-77.58784000
1.21826172,-92.68067000,-83.12656000
1.21887207,-93.09587000,-95.97171000
1.21948242,-96.62856000,-73.30701000
1.22009277,-92.23827000,-67.26697000
1.22070313,-93.79245000,-68.77788000
1.22131348,-109.18110000,-75.74088000
1.22192383,-93.12336000,-78.40616000
1.22253418,-92.20928000,-80.12462000
1.22314453,-94.11378000,-79.89259000
1.22375488,-96.18074000,-75.64630000
1.22436523,-92.89674000,-82.19289000
1.22497559,-92.34310000,-80.36915000
1.22558594,-90.78201000,-73.31073000
1.22619629,-102.59560000,-72.29850000
1.22680664,-89.47890000,-75.02025000
1.22741699,-87.54109000,-79.59788000
1.22802734,-85.29730000,-77.29384000
1.22863770,-86.21215000,-85.07651000
1.22924805,-91.98761000,-85.03740000
1.22985840,-94.49737000,-82.21690000
1.23046875,-94.24785000,-78.98260000
1.23107910,-92.58600000,-70.64976000
1.23168945,-87.72054000,-70.93787000
1.23229980,-86.39215000,-73.90181000
1.23291016,-85.49330000,-88.09948000
1.23352051,-87.99364000,-74.28247000
1.23413086,-95.05058000,-73.83414000
1.23474121,-112.46330000,-79.35281000
1.23535156,-106.19860000,-73.34179000
1.23596191,-98.35031000,-76.72427000
1.23657227,-95.24126000,-77.10198000
1.23718262,-92.06534000,-76.00145000
1.23779297,-99.25664000,-72.94650000
1.23840332,-91.29840000,-71.17539000
1.23901367,-90.45703000,-76.50034000
1.23962402,-90.47489000,-79.41660000
1.24023438,-90.80682000,-79.35239000
1.24084473,-87.90802000,-82.24010000
1.24145508,-93.03529000,-72.72314000
1.24206543,-89.49124000,-69.68451000
1.24267578,-88.83622000,-71.02161000
1.24328613,-92.80933000,-69.85650000
1.24389648,-86.75694000,-69.05399000
1.24450684,-89.56546000,-76.77959000
1.24511719,-93.27161000,-76.37527000
1.24572754,-86.92252000,-77.57162000
1.24633789,-83.96010000,-76.11223000
1.24694824,-85.08728000,-72.46539000
1.24755859,-90.64069000,-87.05929000
1.24816895,-92.36358000,-75.97220000
1.24877930,-91.75571000,-73.64552000
1.24938965,-88.00442000,-72.16894000
1.25000000,-84.23951000,-72.81229000
1.25061035,-83.73939000,-70.86366000
1.25122070,-87.37725000,-74.16071000
1.25183105,-93.06981000,-77.77090000
1.25244141,-97.60796000,-71.31087000
1.25305176,-94.88549000,-73.60962000
1.25366211,-96.78375000,-76.10902000
1.25427246,-98.34935000,-72.06829000
1.25488281,-96.21530000,-70.24326000
1.25549316,-100.68230000,-77.31601000
1.25610352,-90.29385000,-67.75928000
1.25671387,-87.06383000,-69.70795000
1.25732422,-86.19172000,-79.34756000
1.25793457,-87.89539000,-78.46272000
1.25854492,-90.79755000,-82.63765000
1.25915527,-88.45162000,-77.76527000
1.25976563,-85.97890000,-72.89752000
1.26037598,-92.23624000,-71.01236000
1.26098633,-94.88564000,-73.76628000
1.26159668,-96.79541000,-74.84669000
1.26220703,-108.70590000,-80.51728000
1.26281738,-98.42706000,-70.62633000
1.26342773,-93.75789000,-70.15730000
1.26403809,-111.17400000,-73.88642000
1.26464844,-97.88481000,-68.86565000
1.26525879,-89.26299000,-70.94069000
1.26586914,-83.85347000,-76.20528000
1.26647949,-86.43173000,-83.96135000
1.26708984,-88.85173000,-82.98270000
1.26770020,-87.84564000,-75.14775000
1.26831055,-91.27995000,-70.71610000
1.26892090,-92.19949000,-69.00210000
1.26953125,-93.30746000,-67.10724000
1.27014160,-95.67108000,-69.68404000
1.27075195,-97.11923000,-76.14813000
1.27136230,-102.63980000,-75.96898000
1.27197266,-92.34454000,-74.50149000
1.27258301,-87.84097000,-72.17469000
1.27319336,-87.48078000,-73.22669000
1.27380371,-85.69887000,-79.80210000
1.27441406,-88.51289000,-81.81400000
1.27502441,-88.39748000,-76.57201000
1.27563477,-87.86426000,-78.54099000
1.27624512,-90.57475000,-80.44700000
1.27685547,-87.91726000,-73.61949000
1.27746582,-85.88896000,-76.42834000
1.27807617,-88.50787000,-80.42517000
1.27868652,-93.02687000,-74.89011000
1.27929688,-90.98712000,-78.25349000
1.27990723,-85.32027000,-75.52131000
1.28051758,-87.70541000,-71.80633000
1.28112793,-90.81316000,-71.30965000
1.28173828,-87.73784000,-71.19992000
1.28234863,-88.99573000,-70.84023000
1.28295898,-103.60080000,-68.89193000
1.28356934,-93.76502000,-73.68239000
1.28417969,-92.78945000,-80.51756000
1.28479004,-95.60390000,-74.45757000
1.28540039,-92.93472000,-83.37515000
1.28601074,-90.35384000,-78.15411000
1.28662109,-92.29359000,-71.48875000
1.28723145,-103.11740000,-77.42670000
1.28784180,-95.25366000,-76.25527000
1.28845215,-89.32540000,-93.12956000
1.28906250,-78.28027000,-70.91831000
1.28967285,-69.93775000,-71.18712000
1.29028320,-69.99340000,-75.73895000
1.29089355,-80.31902000,-76.17519000
1.29150391,-100.93450000,-78.17651000
1.29211426,-86.82675000,-70.85777000
1.29272461,-83.52306000,-72.68744000
1.29333496,-87.41791000,-78.24232000
1.29394531,-87.81823000,-78.74716000
1.29455566,-84.74296000,-82.33102000
1.29516602,-88.04182000,-73.77672000
1.29577637,-104.43860000,-73.86034000
1.29638672,-88.50659000,-78.84896000
1.29699707,-87.25738000,-70.85220000
1.29760742,-89.57276000,-68.95772000
1.29821777,-111.29220000,-76.13535000
1.29882813,-94.61349000,-80.30757000
1.29943848,-96.04042000,-72.47166000
1.30004883,-99.17770000,-79.12321000
1.30065918,-99.38198000,-72.91003000
1.30126953,-89.59349000,-69.22563000
1.30187988,-87.07288000,-74.58511000
1.30249023,-91.70618000,-91.01746000
1.30310059,-91.31239000,-74.12373000
1.30371094,-89.16863000,-70.01206000
1.30432129,-87.54111000,-69.52738000
1.30493164,-87.77405000,-70.49472000
1.30554199,-95.28053000,-79.06798000
1.30615234,-97.76597000,-94.50533000
1.30676270,-97.11006000,-76.02200000
1.30737305,-93.42686000,-70.99963000
1.30798340,-89.01984000,-70.01920000
1.30859375,-85.67229000,-75.01846000
1.30920410,-84.05219000,-73.45699000
1.30981445,-87.43182000,-68.49203000
1.31042480,-93.81440000,-71.63692000
1.31103516,-96.36710000,-72.24863000
1.31164551,-107.54700000,-76.05844000
1.31225586,-92.36482000,-84.30518000
1.31286621,-86.64165000,-72.91207000
1.31347656,-84.97552000,-72.84322000
1.31408691,-88.17175000,-77.26926000
1.31469727,-92.84531000,-80.27788000
1.31530762,-94.89373000,-82.83921000
1.31591797,-93.19843000,-71.40335000
1.31652832,-95.07501000,-69.79192000
1.31713867,-89.56184000,-72.35999000
1.31774902,-87.22356000,-74.91092000
1.31835938,-90.40211000,-77.61178000
1.31896973,-102.06830000,-73.78976000
1.31958008,-91.88734000,-66.70895000
1.32019043,-89.95544000,-65.02223000
1.32080078,-89.74606000,-68.58078000
1.32141113,-86.64611000,-73.07875000
1.32202148,-86.03634000,-71.90051000
1.32263184,-88.12630000,-71.73618000
1.32324219,-88.53061000,-73.40592000
1.32385254,-86.77586000,-72.00665000
1.32446289,-86.41140000,-70.00371000
1.32507324,-89.57931000,-74.46178000
1.32568359,-92.71480000,-70.58851000
1.32629395,-88.50875000,-67.58205000
1.32690430,-87.85210000,-70.62579000
1.32751465,-90.67704000,-83.64886000
1.32812500,-91.92463000,-73.00963000
1.32873535,-102.57320000,-68.28017000
1.32934570,-95.12402000,-72.03139000
1.32995605,-97.89087000,-80.99033000
1.33056641,-94.76462000,-78.97914000
1.33117676,-95.58377000,-70.51488000
1.33178711,-95.80612000,-73.89449000
1.33239746,-92.00423000,-88.77055000
1.33300781,-83.93121000,-77.03755000
1.33361816,-81.24411000,-70.58620000
1.33422852,-83.16251000,-68.07824000
1.33483887,-85.89252000,-68.28540000
1.33544922,-89.48170000,-69.83038000
1.33605957,-89.47838000,-73.22189000
1.33666992,-88.13446000,-69.59584000
1.33728027,-90.85576000,-68.89649000
1.33789063,-96.21601000,-76.36719000
1.33850098,-90.72807000,-80.02837000
1.33911133,-91.72720000,-74.01871000
1.33972168,-96.09395000,-70.21127000
1.34033203,-86.60320000,-68.46281000
1.34094238,-86.65401000,-70.27641000
1.34155273,-95.79405000,-75.58045000
1.34216309,-88.66306000,-79.82935000
1.34277344,-93.21118000,-75.24571000
1.34338379,-90.43384000,-79.88479000
1.34399414,-86.77065000,-81.72799000
1.34460449,-92.00984000,-79.37077000
1.34521484,-93.16001000,-85.18193000
1.34582520,-88.30910000,-88.61703000
1.34643555,-84.32883000,-79.35995000
1.34704590,-81.86957000,-71.13416000
1.34765625,-83.90434000,-72.14431000
1.34826660,-96.06902000,-74.03605000
1.34887695,-88.99949000,-71.42234000
1.34948730,-94.78352000,-70.21306000
1.35009766,-107.02770000,-73.79081000
1.35070801,-93.88341000,-77.37691000
1.35131836,-90.15003000,-74.02379000
1.35192871,-90.56797000,-71.76871000
1.35253906,-89.59354000,-72.62854000
1.35314941,-93.93363000,-73.40553000
1.35375977,-104.49650000,-74.52139000
1.35437012,-91.66454000,-74.06029000
1.35498047,-89.88350000,-74.73735000
1.35559082,-99.72815000,-71.93970000
1.35620117,-104.86350000,-69.02129000
1.35681152,-100.84260000,-71.10168000
1.35742188,-99.14021000,-72.66810000
1.35803223,-94.83387000,-73.11621000
1.35864258,-91.30171000,-72.50336000
1.35925293,-90.08732000,-75.84969000
1.35986328,-94.48320000,-74.03892000
1.36047363,-103.74410000,-78.17572000
1.36108398,-99.80930000,-83.03784000
1.36169434,-98.98721000,-74.99911000
1.36230469,-95.02356000,-76.04559000
1.36291504,-92.39346000,-92.96063000
1.36352539,-93.40326000,-72.93222000
1.36413574,-94.61824000,-71.35899000
1.36474609,-97.86805000,-77.22578000
1.36535645,-102.85550000,-71.55804000
1.36596680,-92.06157000,-70.62883000
1.36657715,-94.15405000,-74.47186000
1.36718750,-97.30753000,-75.27623000
1.36779785,-92.72876000,-77.50264000
1.36840820,-90.90874000,-78.77867000
1.36901855,-91.45730000,-79.57654000
1.36962891,-104.10080000,-73.77455000
1.37023926,-96.71562000,-71.70620000
1.37084961,-96.41540000,-78.42470000
1.37145996,-91.79559000,-78.37233000
1.37207031,-85.12017000,-72.96616000
1.37268066,-84.03456000,-74.21120000
1.37329102,-84.76357000,-88.50371000
1.37390137,-85.21125000,-81.64063000
1.37451172,-89.03433000,-80.61900000
1.37512207,-99.79366000,-78.21587000
1.37573242,-94.31418000,-75.18869000
1.37634277,-91.79857000,-75.58520000
1.37695313,-88.94279000,-78.58867000
1.37756348,-86.28930000,-79.46826000
1.37817383,-85.79938000,-85.60432000
1.37878418,-88.71275000,-78.22417000
1.37939453,-93.29243000,-75.68716000
1.38000488,-98.19498000,-74.83933000
1.38061523,-98.58689000,-74.69083000
1.38122559,-91.59493000,-70.68515000
1.38183594,-90.53361000,-71.52655000
1.38244629,-91.32949000,-72.99049000
1.38305664,-96.30981000,-70.61196000
1.38366699,-96.34875000,-64.81853000
1.38427734,-92.46004000,-65.11696000
1.38488770,-91.62503000,-69.05079000
1.38549805,-85.20253000,-70.82381000
1.38610840,-83.04482000,-70.23917000
1.38671875,-84.67169000,-72.71001000
1.38732910,-92.58114000,-74.53577000
1.38793945,-90.46207000,-69.61054000
1.38854980,-88.16414000,-67.33685000
1.38916016,-88.97130000,-72.70020000
1.38977051,-101.72450000,-71.73547000
1.39038086,-96.54042000,-71.82106000
1.39099121,-95.82751000,-87.75200000
1.39160156,-98.34762000,-73.50903000
1.39221191,-91.68303000,-69.00036000
1.39282227,-88.32884000,-69.38938000
1.39343262,-91.51033000,-78.61201000
1.39404297,-91.63979000,-72.15205000
1.39465332,-92.79495000,-73.58614000
1.39526367,-89.87918000,-78.11052000
1.39587402,-86.94778000,-84.23001000
1.39648438,-91.77536000,-78.84743000
1.39709473,-108.50300000,-78.74940000
1.39770508,-90.94166000,-89.07533000
1.39831543,-86.53825000,-85.86089000
1.39892578,-89.83072000,-80.02328000
1.39953613,-92.08828000,-74.34289000
1.40014648,-99.71291000,-73.16699000
1.40075684,-89.85177000,-77.73145000
1.40136719,-91.53693000,-76.03577000
1.40197754,-87.72828000,-73.45949000
1.40258789,-83.63186000,-77.87587000
1.40319824,-85.96538000,-80.58794000
1.40380859,-90.71198000,-71.80141000
1.40441895,-88.22154000,-69.04124000
1.40502930,-90.54057000,-70.80890000
1.40563965,-96.06575000,-81.80668000
1.40625000,-104.94690000,-82.58093000
1.40686035,-98.05510000,-77.66676000
1.40747070,-97.60646000,-71.86858000
1.40808105,-95.56702000,-75.50126000
1.40869141,-88.76260000,-76.31020000
1.40930176,-86.72498000,-72.16801000
1.40991211,-84.36583000,-72.80143000
1.41052246,-82.31221000,-80.51026000
1.41113281,-85.54249000,-78.27354000
1.41174316,-104.20200000,-76.50267000
1.41235352,-90.96425000,-74.55004000
1.41296387,-92.03375000,-74.21525000
1.41357422,-98.72697000,-73.40333000
1.41418457,-93.32187000,-70.69431000
1.41479492,-92.54082000,-70.26413000
1.41540527,-90.58841000,-74.20234000
1.41601563,-90.37474000,-79.48524000
1.41662598,-89.67293000,-77.32281000
1.41723633,-88.07401000,-73.56288000
1.41784668,-86.95283000,-72.25099000
1.41845703,-89.92511000,-71.04848000
1.41906738,-98.47398000,-71.77063000
1.41967773,-90.74487000,-68.97882000
1.42028809,-84.66815000,-69.68386000
1.42089844,-84.69959000,-85.35802000
1.42150879,-88.15942000,-75.95515000
1.42211914,-92.40886000,-93.20329000
1.42272949,-100.10740000,-71.56544000
1.42333984,-92.75643000,-68.86729000
1.42395020,-87.57581000,-69.35986000
1.42456055,-86.72474000,-73.61421000
1.42517090,-92.56837000,-82.48547000
1.42578125,-97.68063000,-72.48096000
1.42639160,-94.84689000,-72.36251000
1.42700195,-93.87680000,-79.84240000
1.42761230,-91.30811000,-70.70047000
1.42822266,-97.30286000,-66.32865000
1.42883301,-98.63651000,-66.58401000
1.42944336,-88.98350000,-72.08161000
1.43005371,-86.34911000,-83.80630000
1.43066406,-92.27579000,-94.05770000
1.43127441,-96.76054000,-87.57905000
1.43188477,-100.72730000,-86.73738000
1.43249512,-89.34597000,-73.62373000
1.43310547,-86.64064000,-78.06640000
1.43371582,-88.47334000,-77.44190000
1.43432617,-95.71257000,-70.68640000
1.43493652,-103.59070000,-69.08919000
1.43554688,-91.12449000,-68.69736000
1.43615723,-91.05240000,-70.63306000
1.43676758,-95.35157000,-77.58465000
1.43737793,-96.62621000,-72.25488000
1.43798828,-93.43333000,-71.38152000
1.43859863,-92.98251000,-79.34323000
1.43920898,-90.55923000,-78.59707000
1.43981934,-86.28880000,-77.66463000
1.44042969,-84.00293000,-82.55814000
1.44104004,-85.58006000,-84.80076000
1.44165039,-97.38612000,-77.17642000
1.44226074,-90.82107000,-74.67473000
1.44287109,-91.87122000,-68.40340000
1.44348145,-88.24886000,-65.61948000
1.44409180,-87.75063000,-65.32592000
1.44470215,-86.99727000,-68.62885000
1.44531250,-85.16168000,-71.94167000
1.44592285,-83.45689000,-75.12558000
1.44653320,-82.66495000,-84.73787000
1.44714355,-84.07010000,-77.64093000
1.44775391,-84.59294000,-72.52111000
1.44836426,-87.09583000,-76.68413000
1.44897461,-95.66270000,-77.33435000
1.44958496,-94.92516000,-73.49731000
1.45019531,-82.77992000,-75.96669000
1.45080566,-81.41090000,-75.94743000
1.45141602,-88.31326000,-69.09628000
1.45202637,-104.44620000,-67.13362000
1.45263672,-91.71055000,-70.58092000
1.45324707,-96.62299000,-78.24092000
1.45385742,-86.69170000,-79.46222000
1.45446777,-87.67516000,-70.61372000
1.45507813,-94.67978000,-69.71619000
1.45568848,-88.17985000,-76.73135000
1.45629883,-88.91778000,-82.03258000
1.45690918,-97.86734000,-83.63802000
1.45751953,-97.87180000,-81.47762000
1.45812988,-94.70786000,-76.98180000
1.45874023,-92.29140000,-76.41692000
1.45935059,-90.88615000,-78.20092000
1.45996094,-95.83234000,-71.25632000
1.46057129,-100.11440000,-69.15858000
1.46118164,-98.94537000,-73.88322000
1.46179199,-91.27488000,-86.53480000
1.46240234,-90.59401000,-76.91705000
1.46301270,-89.39799000,-80.24306000
1.46362305,-90.74684000,-84.98658000
1.46423340,-98.54391000,-83.33087000
1.46484375,-94.15851000,-79.97828000
1.46545410,-90.33336000,-69.80195000
1.46606445,-89.82285000,-70.31255000
1.46667480,-99.36630000,-82.61055000
1.46728516,-99.32655000,-77.46190000
1.46789551,-91.68682000,-74.80458000
1.46850586,-89.01920000,-75.61417000
1.46911621,-87.98640000,-77.95352000
1.46972656,-86.96357000,-71.62260000
1.47033691,-88.02451000,-70.55360000
1.47094727,-99.33195000,-71.82582000
1.47155762,-87.73220000,-69.19179000
1.47216797,-84.26292000,-68.44099000
1.47277832,-84.55067000,-65.80841000
1.47338867,-86.46758000,-66.10601000
1.47399902,-91.26466000,-68.21572000
1.47460938,-94.65099000,-70.89073000
1.47521973,-92.09666000,-69.48981000
1.47583008,-96.25859000,-67.20302000
1.47644043,-98.48260000,-71.46625000
1.47705078,-90.67119000,-74.82532000
1.47766113,-92.83536000,-70.78345000
1.47827148,-93.68999000,-75.92362000
1.47888184,-93.72636000,-100.91380000
1.47949219,-90.57748000,-76.04980000
1.48010254,-88.12991000,-68.81394000
1.48071289,-89.84286000,-70.80369000
1.48132324,-91.57018000,-79.59821000
1.48193359,-90.10925000,-78.47743000
1.48254395,-98.32100000,-83.42792000
1.48315430,-90.00160000,-77.93818000
1.48376465,-87.82235000,-72.79081000
1.48437500,-95.73975000,-77.72407000
1.48498535,-88.95882000,-74.08726000
1.48559570,-84.83743000,-69.76967000
1.48620605,-87.17217000,-68.62349000
1.48681641,-93.96870000,-68.66992000
1.48742676,-94.06200000,-70.75874000
1.48803711,-92.04162000,-79.46613000
1.48864746,-92.79746000,-73.16898000
1.48925781,-93.71112000,-81.41550000
1.48986816,-91.88379000,-69.51453000
1.49047852,-91.46534000,-70.28587000
1.49108887,-91.54297000,-73.56833000
1.49169922,-91.84793000,-72.02404000
1.49230957,-98.70795000,-74.56466000
1.49291992,-94.40308000,-79.53320000
1.49353027,-87.89752000,-73.72443000
1.49414063,-85.51129000,-70.74960000
1.49475098,-86.60854000,-82.00868000
1.49536133,-92.85951000,-86.87695000
1.49597168,-96.43228000,-79.67313000
1.49658203,-91.34932000,-73.87428000
1.49719238,-90.76160000,-67.20024000
1.49780273,-89.55606000,-71.35127000
1.49841309,-87.82133000,-85.80656000
1.49902344,-90.36922000,-77.32907000
1.49963379,-87.46118000,-73.49248000
1.50024414,-86.50395000,-75.41750000
1.50085449,-91.12685000,-83.91453000
1.50146484,-97.47375000,-75.20621000
1.50207520,-97.47544000,-71.59767000
1.50268555,-89.27278000,-79.17928000
1.50329590,-93.45699000,-80.47393000
1.50390625,-103.11690000,-78.70387000
1.50451660,-96.06885000,-71.71552000
1.50512695,-91.10287000,-68.92465000
1.50573730,-93.57597000,-71.64603000
1.50634766,-110.78090000,-89.04743000
1.50695801,-93.31978000,-74.15861000
1.50756836,-100.30730000,-70.48113000
1.50817871,-101.41920000,-76.25547000
1.50878906,-97.92606000,-75.89159000
1.50939941,-91.93272000,-74.99021000
1.51000977,-95.37482000,-82.51468000
1.51062012,-104.15510000,-74.44369000
1.51123047,-98.12321000,-83.05632000
1.51184082,-97.97401000,-71.61151000
1.51245117,-96.99631000,-71.68091000
1.51306152,-88.73222000,-70.96345000
1.51367188,-88.94382000,-75.97963000
1.51428223,-94.18720000,-78.32403000
1.51489258,-90.13398000,-82.47959000
1.51550293,-88.89278000,-77.88297000
1.51611328,-93.11072000,-75.76654000
1.51672363,-94.31410000,-77.86925000
1.51733398,-106.68370000,-77.53530000
1.51794434,-99.51588000,-79.78274000
1.51855469,-91.71036000,-79.53243000
1.51916504,-87.23771000,-72.23834000
1.51977539,-85.14915000,-70.64526000
1.52038574,-85.61387000,-68.63637000
1.52099609,-87.08152000,-67.12534000
1.52160645,-91.46943000,-72.54664000
1.52221680,-88.95959000,-84.78487000
1.52282715,-89.12238000,-73.56398000
1.52343750,-93.19556000,-69.25645000
1.52404785,-90.35992000,-69.11835000
1.52465820,-88.01572000,-70.59585000
1.52526855,-87.46143000,-75.58424000
1.52587891,-85.13452000,-77.06840000
1.52648926,-87.87325000,-81.68410000
1.52709961,-104.77390000,-77.41493000
1.52770996,-87.47083000,-79.73441000
1.52832031,-84.86443000,-70.47417000
1.52893066,-84.75616000,-66.71307000
1.52954102,-85.00258000,-68.39000000
1.53015137,-88.64502000,-71.13090000
1.53076172,-97.87347000,-73.00131000
1.53137207,-89.20566000,-85.05622000
1.53198242,-86.30634000,-71.68514000
1.53259277,-90.70493000,-76.90485000
1.53320313,-102.27710000,-80.96699000
1.53381348,-90.85818000,-73.97502000
1.53442383,-91.11200000,-71.55896000
1.53503418,-94.02438000,-73.43126000
1.53564453,-93.05952000,-77.24137000
1.53625488,-94.12383000,-79.44814000
1.53686523,-91.89925000,-73.25524000
1.53747559,-100.09290000,-70.35006000
1.53808594,-90.68016000,-76.64108000
1.53869629,-95.55215000,-77.38832000
1.53930664,-96.04926000,-71.97183000
1.53991699,-89.45629000,-72.94105000
1.54052734,-91.85394000,-75.29259000
1.54113770,-96.43613000,-76.51608000
1.54174805,-99.74487000,-75.55895000
1.54235840,-90.40324000,-73.75728000
1.54296875,-90.79506000,-79.56689000
1.54357910,-93.04640000,-83.44696000
1.54418945,-90.88210000,-72.64588000
1.54479980,-87.32118000,-68.83687000
1.54541016,-86.32945000,-71.17703000
1.54602051,-86.02615000,-73.47871000
1.54663086,-83.27087000,-77.20589000
1.54724121,-82.78802000,-77.00136000
1.54785156,-84.85935000,-74.24371000
1.54846191,-85.30360000,-80.86646000
1.54907227,-86.89747000,-89.93718000
1.54968262,-85.03625000,-87.30013000
1.55029297,-82.25633000,-88.84715000
1.55090332,-84.74512000,-73.54576000
1.55151367,-93.81715000,-72.50143000
1.55212402,-98.22213000,-73.76180000
1.55273438,-89.75182000,-74.91412000
1.55334473,-86.45470000,-81.35448000
1.55395508,-89.49990000,-78.95711000
1.55456543,-94.28677000,-75.47751000
1.55517578,-92.54547000,-75.21889000
1.55578613,-92.05133000,-76.54007000
1.55639648,-92.49142000,-80.48045000
1.55700684,-94.37662000,-75.04912000
1.55761719,-102.53150000,-71.92873000
1.55822754,-98.85158000,-78.80717000
1.55883789,-89.11507000,-92.32274000
1.55944824,-85.92947000,-86.31835000
1.56005859,-87.39552000,-79.58990000
1.56066895,-91.89739000,-77.40527000
1.56127930,-92.51378000,-86.65747000
1.56188965,-93.89229000,-76.13884000
1.56250000,-92.15302000,-77.66345000
1.56311035,-91.21844000,-70.43821000
1.56372070,-92.87340000,-66.14721000
1.56433105,-93.28419000,-67.75568000
1.56494141,-91.11358000,-71.16390000
1.56555176,-91.52631000,-69.74765000
1.56616211,-95.12238000,-70.61988000
1.56677246,-102.92680000,-81.65971000
1.56738281,-102.22660000,-69.45585000
1.56799316,-107.33220000,-68.78531000
1.56860352,-93.90297000,-78.51012000
1.56921387,-89.54707000,-74.12654000
1.56982422,-87.33800000,-71.19409000
1.57043457,-86.84895000,-70.33385000
1.57104492,-90.83304000,-70.61259000
1.57165527,-96.73885000,-76.61666000
1.57226563,-91.42665000,-75.38371000
1.57287598,-94.55303000,-72.01907000
1.57348633,-91.49350000,-67.33264000
1.57409668,-85.93535000,-69.66775000
1.57470703,-91.73158000,-75.20987000
1.57531738,-84.52732000,-76.87785000
1.57592773,-83.85851000,-78.68787000
1.57653809,-88.22552000,-81.06332000
1.57714844,-87.43056000,-71.94587000
1.57775879,-88.40935000,-72.01734000
1.57836914,-89.78897000,-76.46671000
1.57897949,-90.06676000,-72.90586000
1.57958984,-92.06420000,-71.18765000
1.58020020,-89.44408000,-72.47985000
1.58081055,-83.61591000,-72.30463000
1.58142090,-82.57122000,-76.84107000
1.58203125,-84.08006000,-81.97870000
1.58264160,-84.70726000,-84.83234000
1.58325195,-84.84857000,-77.75839000
1.58386230,-87.23389000,-72.86885000
1.58447266,-92.77660000,-73.76255000
1.58508301,-92.74520000,-74.79753000
1.58569336,-91.08543000,-76.20210000
1.58630371,-94.54520000,-85.02534000
1.58691406,-95.00258000,-89.51965000
1.58752441,-92.93151000,-91.93935000
1.58813477,-99.70375000,-85.29678000
1.58874512,-89.30638000,-91.98773000
1.58935547,-79.51622000,-96.32137000
1.58996582,-73.89341000,-77.34277000
1.59057617,-76.18665000,-77.51556000
1.59118652,-88.25372000,-85.37762000
1.59179688,-102.73450000,-80.98911000
1.59240723,-92.35420000,-73.59760000
1.59301758,-91.52465000,-69.00670000
1.59362793,-88.44836000,-71.74883000
1.59423828,-82.37360000,-76.25908000
1.59484863,-92.68840000,-75.55772000
1.59545898,-88.97701000,-72.86991000
1.59606934,-90.09399000,-73.20995000
1.59667969,-91.65736000,-73.73954000
1.59729004,-85.55283000,-73.14114000
1.59790039,-83.51851000,-86.29455000
1.59851074,-85.72188000,-73.56719000
1.59912109,-91.76978000,-75.09567000
1.59973145,-91.88415000,-82.54881000
1.60034180,-88.78143000,-75.18731000
1.60095215,-89.28784000,-68.54054000
1.60156250,-95.46378000,-68.91216000
1.60217285,-100.66250000,-71.65147000
1.60278320,-94.63615000,-72.42022000
1.60339355,-88.24731000,-75.39904000
1.60400391,-88.38274000,-82.75722000
1.60461426,-89.66211000,-91.25423000
1.60522461,-90.00667000,-84.42464000
1.60583496,-90.17083000,-72.71881000
1.60644531,-85.07984000,-71.02695000
1.60705566,-81.82236000,-77.83641000
1.60766602,-84.19313000,-78.47879000
1.60827637,-85.69614000,-78.46494000
1.60888672,-85.57027000,-79.28444000
1.60949707,-86.90683000,-77.81590000
1.61010742,-85.54420000,-99.21357000
1.61071777,-86.92516000,-81.07076000
1.61132813,-90.07188000,-89.64653000
1.61193848,-89.73470000,-83.82123000
1.61254883,-96.45496000,-76.72162000
1.61315918,-107.79880000,-73.97437000
1.61376953,-99.25385000,-70.77888000
1.61437988,-90.04213000,-70.09665000
1.61499023,-84.91628000,-72.68706000
1.61560059,-82.14908000,-75.93210000
1.61621094,-82.24049000,-68.15231000
1.61682129,-86.03355000,-66.82027000
1.61743164,-89.28593000,-68.62530000
1.61804199,-89.31019000,-70.41827000
1.61865234,-96.53419000,-71.55827000
1.61926270,-100.79080000,-72.44011000
1.61987305,-92.57419000,-74.70415000
1.62048340,-90.47469000,-81.11678000
1.62109375,-89.40236000,-75.39616000
1.62170410,-87.14040000,-69.94889000
1.62231445,-89.76016000,-70.29384000
1.62292480,-98.58215000,-69.97890000
1.62353516,-90.34917000,-71.71211000
1.62414551,-88.48943000,-81.59570000
1.62475586,-97.52390000,-71.88139000
1.62536621,-92.17625000,-72.20288000
1.62597656,-96.84911000,-74.47390000
1.62658691,-102.48890000,-73.54003000
1.62719727,-87.59704000,-73.88980000
1.62780762,-85.16414000,-92.84554000
1.62841797,-88.23337000,-72.84261000
1.62902832,-87.58000000,-71.33096000
1.62963867,-88.37971000,-76.71393000
1.63024902,-95.29724000,-73.83830000
1.63085938,-99.11910000,-68.97218000
1.63146973,-91.36313000,-71.85574000
1.63208008,-90.05531000,-74.91753000
1.63269043,-91.62635000,-86.59321000
1.63330078,-91.53626000,-77.26424000
1.63391113,-93.76065000,-76.67863000
1.63452148,-95.25197000,-73.48288000
1.63513184,-109.73300000,-75.24518000
1.63574219,-91.72688000,-77.56772000
1.63635254,-85.74419000,-82.57559000
1.63696289,-84.37995000,-78.77283000
1.63757324,-88.02199000,-83.87115000
1.63818359,-92.96699000,-96.90756000
1.63879395,-97.60951000,-82.52650000
1.63940430,-87.02829000,-76.98299000
1.64001465,-83.25169000,-81.95878000
1.64062500,-84.08565000,-79.73754000
1.64123535,-94.38575000,-81.51535000
1.64184570,-91.14287000,-81.81844000
1.64245605,-86.55270000,-77.96896000
1.64306641,-87.38951000,-75.77724000
1.64367676,-88.02532000,-69.72318000
1.64428711,-91.49393000,-70.39901000
1.64489746,-97.94198000,-73.92196000
1.64550781,-87.37732000,-75.21151000
1.64611816,-85.36933000,-83.61110000
1.64672852,-91.95008000,-77.06965000
1.64733887,-102.76650000,-79.55019000
1.64794922,-111.00490000,-84.61279000
1.64855957,-106.68920000,-89.00166000
1.64916992,-102.60210000,-83.52830000
1.64978027,-92.36169000,-75.09388000
1.65039063,-90.72433000,-76.86471000
1.65100098,-96.72652000,-76.50852000
1.65161133,-113.35940000,-72.42543000
1.65222168,-92.05585000,-75.13385000
1.65283203,-85.50003000,-77.58644000
1.65344238,-85.18054000,-74.09059000
1.65405273,-91.73543000,-71.67807000
1.65466309,-94.70471000,-75.91706000
1.65527344,-91.95603000,-82.78319000
1.65588379,-88.25627000,-77.46057000
1.65649414,-93.00101000,-76.10738000
1.65710449,-94.99805000,-72.12208000
1.65771484,-95.28596000,-73.89700000
1.65832520,-98.77827000,-80.88937000
1.65893555,-97.51937000,-83.66246000
1.65954590,-93.89674000,-87.29662000
1.66015625,-96.53291000,-68.49749000
1.66076660,-85.80726000,-66.44061000
1.66137695,-84.04047000,-73.25453000
1.66198730,-85.08079000,-81.23985000
1.66259766,-91.29097000,-79.67809000
1.66320801,-92.75085000,-74.64050000
1.66381836,-93.71629000,-73.39903000
1.66442871,-88.53247000,-75.29494000
1.66503906,-85.02854000,-78.67031000
1.66564941,-86.38298000,-80.15608000
1.66625977,-84.36407000,-75.85043000
1.66687012,-86.55762000,-70.09353000
1.66748047,-88.61978000,-71.03780000
1.66809082,-86.85868000,-73.25633000
1.66870117,-86.59084000,-73.48734000
1.66931152,-87.69505000,-74.10828000
1.66992188,-90.65437000,-72.26627000
1.67053223,-99.69011000,-72.76479000
1.67114258,-100.69550000,-79.87936000
1.67175293,-89.45816000,-86.71268000
1.67236328,-82.75353000,-82.45686000
1.67297363,-82.25713000,-106.67990000
1.67358398,-83.89874000,-77.33511000
1.67419434,-88.55175000,-77.69583000
1.67480469,-89.75204000,-84.14162000
1.67541504,-90.32150000,-70.01178000
1.67602539,-91.67262000,-70.26010000
1.67663574,-98.54302000,-73.23730000
1.67724609,-98.40542000,-67.71790000
1.67785645,-103.82220000,-69.88444000
1.67846680,-87.30524000,-75.55424000
1.67907715,-85.62831000,-73.97821000
1.67968750,-91.44614000,-73.24105000
1.68029785,-97.12621000,-82.73514000
1.68090820,-87.66022000,-80.08809000
1.68151855,-89.12711000,-75.99493000
1.68212891,-92.88571000,-79.78707000
1.68273926,-88.62479000,-81.12644000
1.68334961,-86.70807000,-72.93876000
1.68395996,-92.82822000,-75.91141000
1.68457031,-96.57864000,-80.57121000
1.68518066,-99.76772000,-87.54243000
1.68579102,-97.82082000,-80.70158000
1.68640137,-95.94334000,-72.37593000
1.68701172,-93.81397000,-70.03130000
1.68762207,-91.56799000,-74.41931000
1.68823242,-84.94733000,-75.87447000
1.68884277,-83.58006000,-72.47567000
1.68945313,-81.91949000,-77.60655000
1.69006348,-80.74113000,-82.64445000
1.69067383,-84.58858000,-79.32478000
1.69128418,-92.63773000,-70.40974000
1.69189453,-89.14529000,-68.49024000
1.69250488,-85.70405000,-67.86649000
1.69311523,-83.69857000,-65.59159000
1.69372559,-81.62482000,-68.93600000
1.69433594,-82.87796000,-75.86616000
1.69494629,-91.63952000,-81.28979000
1.69555664,-88.97699000,-71.77567000
1.69616699,-88.88873000,-72.24841000
1.69677734,-91.89610000,-84.21456000
1.69738770,-92.14085000,-76.67842000
1.69799805,-91.08133000,-69.38126000
1.69860840,-88.12170000,-69.98694000
1.69921875,-88.18353000,-73.56172000
1.69982910,-91.77601000,-83.01940000
1.70043945,-98.17961000,-75.58795000
1.70104980,-89.29711000,-73.28553000
1.70166016,-87.63362000,-73.49759000
1.70227051,-88.03879000,-72.35492000
1.70288086,-86.97791000,-70.23759000
1.70349121,-90.73064000,-65.19656000
1.70410156,-91.88930000,-64.39487000
1.70471191,-91.26881000,-70.74563000
1.70532227,-92.49586000,-83.09679000
1.70593262,-111.63410000,-72.12197000
1.70654297,-99.60236000,-70.58461000
1.70715332,-92.53534000,-72.77627000
1.70776367,-87.13245000,-74.91217000
1.70837402,-89.54819000,-70.68545000
1.70898438,-107.69510000,-70.52279000
1.70959473,-87.50446000,-73.92465000
1.71020508,-86.22496000,-71.52568000
1.71081543,-87.91255000,-69.26477000
1.71142578,-95.63713000,-70.47503000
1.71203613,-88.75390000,-72.42036000
1.71264648,-84.31290000,-70.50017000
1.71325684,-82.21091000,-71.87336000
1.71386719,-88.26722000,-72.20518000
1.71447754,-93.05408000,-74.74080000
1.71508789,-86.02206000,-81.57231000
1.71569824,-87.70253000,-90.71133000
1.71630859,-96.14499000,-86.25271000
1.71691895,-91.07436000,-80.13815000
1.71752930,-87.74799000,-75.71014000
1.71813965,-89.38960000,-72.38332000
1.71875000,-88.75195000,-69.44512000
1.71936035,-88.09151000,-71.83625000
1.71997070,-88.37886000,-75.01627000
1.72058105,-93.86544000,-79.60778000
1.72119141,-100.14290000,-76.69658000
1.72180176,-94.56199000,-72.46124000
1.72241211,-91.27915000,-70.08811000
1.72302246,-88.08585000,-70.19054000
1.72363281,-89.40126000,-84.11678000
1.72424316,-92.57896000,-72.05135000
1.72485352,-95.79509000,-72.27485000
1.72546387,-91.56963000,-91.27750000
1.72607422,-88.11234000,-75.84018000
1.72668457,-86.26929000,-80.62677000
1.72729492,-86.60789000,-74.18111000
1.72790527,-91.56503000,-71.84419000
1.72851563,-100.77550000,-78.90074000
1.72912598,-101.38880000,-79.89368000
1.72973633,-93.96596000,-74.02563000
1.73034668,-89.33623000,-77.28861000
1.73095703,-87.40810000,-80.73680000
1.73156738,-86.01703000,-70.51865000
1.73217773,-90.60706000,-70.18307000
1.73278809,-97.50154000,-71.47894000
1.73339844,-104.55790000,-72.17475000
1.73400879,-96.45230000,-77.61771000
1.73461914,-94.11531000,-73.10866000
1.73522949,-102.38820000,-69.47910000
1.73583984,-91.60396000,-70.89896000
1.73645020,-87.12956000,-74.00098000
1.73706055,-87.53106000,-76.85459000
1.73767090,-95.97035000,-75.78868000
1.73828125,-101.69370000,-72.04672000
1.73889160,-102.87580000,-75.31173000
1.73950195,-96.94444000,-82.79030000
1.74011230,-92.44457000,-80.51688000
1.74072266,-107.46190000,-77.89783000
1.74133301,-93.14088000,-73.59976000
1.74194336,-92.48157000,-73.09383000
1.74255371,-94.81929000,-71.38011000
1.74316406,-88.14452000,-69.33852000
1.74377441,-92.49135000,-72.65063000
1.74438477,-94.91188000,-72.40115000
1.74499512,-95.75072000,-72.67890000
1.74560547,-96.05153000,-87.58296000
1.74621582,-90.79993000,-70.71550000
1.74682617,-91.63425000,-75.80908000
1.74743652,-88.66405000,-82.54655000
1.74804688,-91.02122000,-73.79904000
1.74865723,-94.47885000,-70.99301000
1.74926758,-90.71964000,-74.22227000
1.74987793,-90.80978000,-82.38689000
1.75048828,-88.63290000,-74.33536000
1.75109863,-90.59685000,-73.88656000
1.75170898,-104.12060000,-96.44522000
1.75231934,-87.89767000,-77.74194000
1.75292969,-88.31878000,-90.29207000
1.75354004,-91.80952000,-75.29371000
1.75415039,-92.01695000,-77.14602000
1.75476074,-89.01395000,-89.94661000
1.75537109,-89.96643000,-73.44253000
1.75598145,-91.59912000,-67.86149000
1.75659180,-89.82195000,-67.96221000
1.75720215,-92.60200000,-73.77346000
1.75781250,-94.33699000,-75.70894000
1.75842285,-95.77061000,-72.69682000
1.75903320,-104.11380000,-74.69418000
1.75964355,-92.02312000,-78.00285000
1.76025391,-85.46655000,-82.03117000
1.76086426,-82.98735000,-78.29868000
1.76147461,-81.18608000,-73.93849000
1.76208496,-83.68278000,-71.16537000
1.76269531,-96.44925000,-70.86757000
1.76330566,-96.51590000,-72.11777000
1.76391602,-97.73999000,-76.32353000
1.76452637,-93.03925000,-80.31167000
1.76513672,-98.95387000,-77.62213000
1.76574707,-91.01213000,-71.62198000
1.76635742,-85.62288000,-70.02180000
1.76696777,-90.05667000,-71.88953000
1.76757813,-94.06483000,-75.54749000
1.76818848,-91.99182000,-85.42168000
1.76879883,-84.99976000,-92.28974000
1.76940918,-83.71770000,-81.05615000
1.77001953,-89.19923000,-72.82726000
1.77062988,-90.58097000,-77.52824000
1.77124023,-86.39023000,-79.31138000
1.77185059,-89.27612000,-77.20537000
1.77246094,-97.43498000,-80.12045000
1.77307129,-89.31087000,-80.14923000
1.77368164,-93.41182000,-80.50935000
1.77429199,-98.16478000,-76.49516000
1.77490234,-94.93382000,-75.20711000
1.77551270,-98.66776000,-82.33351000
1.77612305,-95.84433000,-83.36378000
1.77673340,-91.58755000,-72.83852000
1.77734375,-87.42052000,-73.04525000
1.77795410,-88.20695000,-76.95940000
1.77856445,-99.59061000,-79.75694000
1.77917480,-90.76621000,-74.93968000
1.77978516,-86.37585000,-66.56996000
1.78039551,-91.10976000,-66.86313000
1.78100586,-97.63969000,-82.77290000
1.78161621,-89.80460000,-73.83762000
1.78222656,-83.46075000,-74.38710000
1.78283691,-81.96697000,-73.89152000
1.78344727,-85.57738000,-70.61800000
1.78405762,-89.65662000,-70.72327000
1.78466797,-93.37405000,-74.91521000
1.78527832,-90.19176000,-77.61351000
1.78588867,-88.17799000,-73.80513000
1.78649902,-90.51413000,-81.00853000
1.78710938,-102.24250000,-79.00441000
1.78771973,-97.11907000,-76.55672000
1.78833008,-89.17302000,-83.73206000
1.78894043,-88.41415000,-79.39142000
1.78955078,-94.73229000,-76.59303000
1.79016113,-84.13020000,-77.21919000
1.79077148,-84.19591000,-75.51827000
1.79138184,-86.05591000,-74.40053000
1.79199219,-83.87760000,-73.85979000
1.79260254,-85.18642000,-72.36501000
1.79321289,-90.04815000,-72.46637000
1.79382324,-90.29460000,-73.50462000
1.79443359,-87.05519000,-74.89905000
1.79504395,-88.11404000,-78.65030000
1.79565430,-99.39154000,-82.47188000
1.79626465,-88.14281000,-80.17160000
1.79687500,-93.01062000,-75.77122000
1.79748535,-109.29440000,-77.89240000
1.79809570,-97.35080000,-76.07021000
1.79870605,-89.23781000,-76.63348000
1.79931641,-89.01794000,-78.86279000
1.79992676,-109.35230000,-82.30041000
1.80053711,-88.29071000,-75.25951000
1.80114746,-86.52801000,-69.87471000
1.80175781,-88.80141000,-69.75348000
1.80236816,-89.08434000,-72.07726000
1.80297852,-88.00333000,-77.03740000
1.80358887,-90.68077000,-76.98263000
1.80419922,-97.29957000,-70.32358000
1.80480957,-102.28630000,-69.91721000
1.80541992,-103.01380000,-71.99915000
1.80603027,-97.89052000,-73.80893000
1.80664063,-89.62727000,-82.25735000
1.80725098,-88.66051000,-77.86096000
1.80786133,-88.23437000,-72.41444000
1.80847168,-88.07269000,-71.90656000
1.80908203,-88.63095000,-76.81067000
1.80969238,-91.33782000,-77.45984000
1.81030273,-93.77864000,-77.50859000
1.81091309,-87.48009000,-76.22376000
1.81152344,-81.61706000,-75.85426000
1.81213379,-82.84834000,-71.18840000
1.81274414,-87.95023000,-69.69300000
1.81335449,-89.34309000,-76.33192000
1.81396484,-102.01310000,-75.17094000
1.81457520,-90.30514000,-77.51761000
1.81518555,-95.26504000,-85.85971000
1.81579590,-107.72920000,-75.48827000
1.81640625,-96.65854000,-74.06001000
1.81701660,-93.69328000,-78.41992000
1.81762695,-91.51865000,-80.14563000
1.81823730,-92.30542000,-78.77770000
1.81884766,-92.59101000,-76.69971000
1.81945801,-88.33770000,-74.63152000
1.82006836,-91.42068000,-72.02477000
1.82067871,-100.22210000,-71.98060000
1.82128906,-91.55429000,-72.45728000
1.82189941,-90.35545000,-70.96811000
1.82250977,-88.98503000,-70.36752000
1.82312012,-89.98421000,-74.88112000
1.82373047,-97.93354000,-97.39983000
1.82434082,-91.86002000,-76.90562000
1.82495117,-95.47595000,-72.38208000
1.82556152,-87.61577000,-73.29756000
1.82617188,-81.13087000,-71.17120000
1.82678223,-82.52100000,-67.52036000
1.82739258,-89.16660000,-66.06816000
1.82800293,-95.71481000,-68.37058000
1.82861328,-99.34175000,-73.68440000
1.82922363,-92.48662000,-72.29129000
1.82983398,-83.18324000,-68.10770000
1.83044434,-82.58538000,-66.69498000
1.83105469,-86.81370000,-66.99310000
1.83166504,-95.73322000,-69.01549000
1.83227539,-93.35791000,-71.93224000
1.83288574,-98.84956000,-72.43864000
1.83349609,-101.39830000,-79.48188000
1.83410645,-95.54453000,-80.70831000
1.83471680,-93.18466000,-77.96886000
1.83532715,-92.86580000,-79.11357000
1.83593750,-110.33390000,-74.18053000
1.83654785,-96.58123000,-69.77870000
1.83715820,-90.13435000,-72.27495000
1.83776855,-89.89218000,-80.25710000
1.83837891,-92.80710000,-90.85396000
1.83898926,-88.35647000,-78.02428000
1.83959961,-84.58257000,-71.43893000
1.84020996,-86.62743000,-75.38474000
1.84082031,-94.01727000,-74.83891000
1.84143066,-94.87979000,-72.69682000
1.84204102,-102.81020000,-73.46111000
1.84265137,-93.84209000,-76.39979000
1.84326172,-96.12473000,-83.30246000
1.84387207,-94.36627000,-78.87128000
1.84448242,-92.11050000,-84.35153000
1.84509277,-93.04221000,-75.15057000
1.84570313,-105.09570000,-76.59000000
1.84631348,-91.42421000,-74.74298000
1.84692383,-89.96438000,-74.86708000
1.84753418,-105.59690000,-80.55099000
1.84814453,-87.71866000,-72.35080000
1.84875488,-83.80998000,-72.60321000
1.84936523,-87.19389000,-74.58601000
1.84997559,-86.79735000,-74.96034000
1.85058594,-85.45365000,-74.16815000
1.85119629,-90.19820000,-70.73504000
1.85180664,-90.74396000,-73.16919000
1.85241699,-93.64719000,-74.45294000
1.85302734,-90.22827000,-78.31085000
1.85363770,-86.59080000,-80.93629000
1.85424805,-87.09397000,-75.65431000
1.85485840,-88.32036000,-92.21095000
1.85546875,-89.41048000,-84.21263000
1.85607910,-96.04981000,-78.98980000
1.85668945,-94.37492000,-68.63040000
1.85729980,-89.82368000,-66.77902000
1.85791016,-97.39694000,-69.59550000
1.85852051,-98.62038000,-71.31691000
1.85913086,-99.07732000,-74.01372000
1.85974121,-90.89622000,-70.39921000
1.86035156,-86.40352000,-73.43954000
1.86096191,-87.79532000,-82.37256000
1.86157227,-92.38513000,-99.15588000
1.86218262,-94.93713000,-83.65616000
1.86279297,-94.21288000,-74.54192000
1.86340332,-91.07903000,-76.03709000
1.86401367,-92.95732000,-82.36453000
1.86462402,-107.19420000,-73.52623000
1.86523438,-94.23573000,-75.81674000
1.86584473,-89.76754000,-78.27834000
1.86645508,-88.87341000,-70.47897000
1.86706543,-95.30345000,-71.96006000
1.86767578,-89.78989000,-82.28206000
1.86828613,-86.69908000,-75.55904000
1.86889648,-88.62473000,-74.37260000
1.86950684,-88.17847000,-80.24848000
1.87011719,-85.61229000,-88.07664000
1.87072754,-88.97538000,-76.19455000
1.87133789,-90.45643000,-71.74776000
1.87194824,-95.00136000,-71.56859000
1.87255859,-95.36960000,-70.67525000
1.87316895,-90.80424000,-70.38551000
1.87377930,-87.11688000,-70.91090000
1.87438965,-90.74805000,-73.03397000
1.87500000,-92.45889000,-76.03598000
1.87561035,-91.20238000,-78.61393000
1.87622070,-93.18910000,-76.99857000
1.87683105,-98.56700000,-73.99744000
1.87744141,-97.90752000,-71.77028000
1.87805176,-97.21831000,-80.41359000
1.87866211,-96.43030000,-75.34893000
1.87927246,-94.28621000,-73.66390000
1.87988281,-93.97235000,-77.46304000
1.88049316,-87.93736000,-74.98589000
1.88110352,-93.78765000,-76.02597000
1.88171387,-95.97714000,-74.26336000
1.88232422,-99.97968000,-73.13403000
1.88293457,-97.26840000,-77.98025000
1.88354492,-89.65900000,-90.94255000
1.88415527,-89.39861000,-87.76855000
1.88476563,-88.37981000,-76.74353000
1.88537598,-89.51134000,-70.89713000
1.88598633,-90.16286000,-70.79659000
1.88659668,-85.47079000,-73.26749000
1.88720703,-81.93742000,-73.49330000
1.88781738,-84.09598000,-70.83478000
1.88842773,-87.29666000,-70.26086000
1.88903809,-82.60853000,-74.64049000
1.88964844,-76.16718000,-70.39845000
1.89025879,-74.38083000,-67.22672000
1.89086914,-77.30859000,-67.43193000
1.89147949,-82.05394000,-77.15686000
1.89208984,-87.58786000,-81.41254000
1.89270020,-91.19056000,-78.59750000
1.89331055,-85.21946000,-70.89917000
1.89392090,-77.36336000,-71.43310000
1.89453125,-76.78707000,-80.61195000
1.89514160,-84.87654000,-95.62112000
1.89575195,-100.90560000,-79.13400000
1.89636230,-100.98510000,-73.77448000
1.89697266,-89.64939000,-74.56867000
1.89758301,-84.32877000,-78.47664000
1.89819336,-85.24194000,-77.44680000
1.89880371,-95.36861000,-73.18726000
1.89941406,-92.13664000,-81.24253000
1.90002441,-87.98648000,-89.24701000
1.90063477,-85.50911000,-70.23568000
1.90124512,-88.67409000,-68.81502000
1.90185547,-91.59949000,-73.46767000
1.90246582,-90.49431000,-97.49732000
1.90307617,-86.70784000,-77.12514000
1.90368652,-89.94762000,-76.98444000
1.90429688,-105.50200000,-88.18625000
1.90490723,-90.71991000,-79.22472000
1.90551758,-89.53308000,-80.71525000
1.90612793,-90.99710000,-77.14303000
1.90673828,-86.73855000,-82.65685000
1.90734863,-85.84141000,-75.54534000
1.90795898,-89.79303000,-72.07610000
1.90856934,-89.47844000,-78.43069000
1.90917969,-85.18073000,-77.23670000
1.90979004,-84.29465000,-74.89822000
1.91040039,-86.92186000,-80.36285000
1.91101074,-92.87385000,-80.20494000
1.91162109,-93.13741000,-85.24270000
1.91223145,-89.21822000,-77.04527000
1.91284180,-91.81342000,-79.18910000
1.91345215,-91.62389000,-84.47253000
1.91406250,-88.43179000,-78.67921000
1.91467285,-85.21491000,-86.34391000
1.91528320,-87.96974000,-75.27977000
1.91589355,-95.86543000,-75.31126000
1.91650391,-89.49873000,-92.31625000
1.91711426,-95.47105000,-75.32261000
1.91772461,-91.93040000,-81.58525000
1.91833496,-94.33407000,-79.65259000
1.91894531,-97.56316000,-74.46578000
1.91955566,-119.97970000,-82.91560000
1.92016602,-88.58982000,-74.32990000
1.92077637,-84.26572000,-73.36493000
1.92138672,-87.22816000,-72.95731000
1.92199707,-93.72277000,-78.42091000
1.92260742,-95.45113000,-85.44975000
1.92321777,-86.86375000,-82.07527000
1.92382813,-94.80811000,-74.28700000
1.92443848,-92.54359000,-67.97865000
1.92504883,-97.68765000,-70.52326000
1.92565918,-91.68656000,-75.81033000
1.92626953,-94.59129000,-77.93750000
1.92687988,-86.69809000,-80.30058000
1.92749023,-84.62886000,-78.08507000
1.92810059,-88.76960000,-75.99604000
1.92871094,-103.03800000,-85.32498000
1.92932129,-94.66470000,-74.26606000
1.92993164,-86.32270000,-74.27988000
1.93054199,-86.31092000,-87.12887000
1.93115234,-90.26286000,-74.10759000
1.93176270,-95.23247000,-76.07151000
1.93237305,-94.37251000,-80.46967000
1.93298340,-90.78430000,-73.13368000
1.93359375,-90.98041000,-76.27015000
1.93420410,-89.69760000,-86.49223000
1.93481445,-91.37009000,-76.58405000
1.93542480,-96.89912000,-80.27293000
1.93603516,-91.21507000,-87.81256000
1.93664551,-77.97263000,-76.21171000
1.93725586,-76.17884000,-70.20255000
1.93786621,-84.90633000,-71.86949000
1.93847656,-95.37426000,-74.49928000
1.93908691,-92.95975000,-72.32598000
1.93969727,-87.61734000,-75.71159000
1.94030762,-87.92454000,-83.86844000
1.94091797,-90.83333000,-77.07312000
1.94152832,-90.55627000,-76.63982000
1.94213867,-88.91586000,-75.82883000
1.94274902,-89.39742000,-72.19724000
1.94335938,-86.43654000,-72.12782000
1.94396973,-86.49909000,-75.67682000
1.94458008,-84.58393000,-70.38552000
1.94519043,-83.85428000,-66.01466000
1.94580078,-85.93903000,-68.14684000
1.94641113,-87.74695000,-70.57275000
1.94702148,-92.89318000,-69.52857000
1.94763184,-109.65300000,-73.35342000
1.94824219,-106.40730000,-88.29169000
1.94885254,-95.16892000,-82.28020000
1.94946289,-89.53099000,-95.50278000
1.95007324,-90.07770000,-78.37006000
1.95068359,-91.07674000,-81.36447000
1.95129395,-96.66553000,-83.00620000
1.95190430,-98.90417000,-82.37267000
1.95251465,-91.14734000,-75.65457000
1.95312500,-89.79860000,-73.12011000
1.95373535,-87.36975000,-78.36728000
1.95434570,-87.63278000,-74.46189000
1.95495605,-88.40892000,-71.67831000
1.95556641,-90.71269000,-68.26144000
1.95617676,-99.99774000,-71.55129000
1.95678711,-90.90218000,-74.58298000
1.95739746,-85.59270000,-75.19473000
1.95800781,-86.37490000,-88.43800000
1.95861816,-86.11279000,-86.75275000
1.95922852,-84.47608000,-77.50632000
1.95983887,-87.05178000,-77.53449000
1.96044922,-92.21172000,-78.02827000
1.96105957,-91.70644000,-71.39301000
1.96166992,-94.57813000,-72.23022000
1.96228027,-92.02725000,-73.63377000
1.96289063,-89.72406000,-76.75423000
1.96350098,-86.95564000,-93.60134000
1.96411133,-87.72956000,-72.79535000
1.96472168,-93.35926000,-70.66890000
1.96533203,-93.88615000,-71.46609000
1.96594238,-92.00134000,-81.74080000
1.96655273,-86.42307000,-71.72805000
1.96716309,-86.24690000,-69.60066000
1.96777344,-93.75732000,-71.07915000
1.96838379,-87.66293000,-71.37973000
1.96899414,-87.45342000,-70.32401000
1.96960449,-85.61364000,-66.78948000
1.97021484,-85.11985000,-68.55406000
1.97082520,-86.95651000,-80.16938000
1.97143555,-89.71281000,-73.58319000
1.97204590,-90.73089000,-70.83110000
1.97265625,-94.97207000,-76.19335000
1.97326660,-91.64008000,-79.57690000
1.97387695,-89.73792000,-84.18694000
1.97448730,-90.96817000,-82.36511000
1.97509766,-94.10018000,-79.91872000
1.97570801,-94.73611000,-81.41377000
1.97631836,-107.38950000,-81.48598000
1.97692871,-94.61766000,-76.29005000
1.97753906,-93.91798000,-81.81400000
1.97814941,-91.46135000,-76.67821000
1.97875977,-89.15137000,-80.73033000
1.97937012,-87.37224000,-86.02189000
1.97998047,-87.10057000,-78.54905000
1.98059082,-88.97649000,-76.05757000
1.98120117,-92.24664000,-77.88284000
1.98181152,-91.13023000,-73.51432000
1.98242188,-89.96464000,-72.04084000
1.98303223,-91.77422000,-74.07837000
1.98364258,-94.30176000,-68.93131000
1.98425293,-97.42825000,-66.69538000
1.98486328,-97.41740000,-71.42091000
1.98547363,-94.45084000,-75.99361000
1.98608398,-105.69730000,-74.19141000
1.98669434,-90.00554000,-81.24255000
1.98730469,-85.42641000,-74.26732000
1.98791504,-93.53430000,-72.40515000
1.98852539,-91.06638000,-82.86021000
1.98913574,-90.56843000,-86.04950000
1.98974609,-83.81407000,-74.72597000
1.99035645,-81.38609000,-75.20343000
1.99096680,-88.43451000,-85.16402000
1.99157715,-95.94156000,-73.92447000
1.99218750,-92.82236000,-70.94646000
1.99279785,-90.33876000,-72.19904000
1.99340820,-82.71574000,-77.07048000
1.99401855,-78.20040000,-73.91438000
1.99462891,-78.76798000,-67.71597000
1.99523926,-88.32817000,-68.54271000
1.99584961,-90.24767000,-73.37544000
1.99645996,-85.01733000,-84.48460000
1.99707031,-82.83727000,-73.53122000
1.99768066,-83.79749000,-68.37497000
1.99829102,-89.89476000,-68.09794000
1.99890137,-93.41582000,-74.84212000
1.99951172,-95.72513000,-76.29594000
2.00012207,-96.32732000,-76.36699000
2.00073242,-88.92521000,-79.16542000
2.00134277,-85.42282000,-74.42138000
2.00195313,-90.16307000,-74.50731000
2.00256348,-98.95512000,-76.34494000
2.00317383,-90.36450000,-74.02400000
2.00378418,-89.31456000,-75.75153000
2.00439453,-93.76099000,-96.69776000
2.00500488,-95.86263000,-77.84051000
2.00561523,-90.22198000,-82.93170000
2.00622559,-88.29489000,-98.24268000
2.00683594,-86.59685000,-86.30508000
2.00744629,-97.59472000,-91.09204000
2.00805664,-91.71929000,-74.86563000
2.00866699,-90.71588000,-71.94146000
2.00927734,-95.49499000,-73.17950000
2.00988770,-98.10406000,-77.58075000
2.01049805,-103.76360000,-79.69006000
2.01110840,-97.35530000,-74.97137000
2.01171875,-98.47292000,-75.56238000
2.01232910,-98.41668000,-78.04175000
2.01293945,-91.02795000,-68.45266000
2.01354980,-94.36430000,-70.29214000
2.01416016,-98.32229000,-81.83218000
2.01477051,-92.62543000,-74.99866000
2.01538086,-92.08630000,-74.32633000
2.01599121,-92.06280000,-75.61601000
2.01660156,-96.66824000,-73.00195000
2.01721191,-103.76920000,-72.54924000
2.01782227,-98.50661000,-76.32662000
2.01843262,-92.72693000,-84.00923000
2.01904297,-86.73542000,-78.01020000
2.01965332,-87.70670000,-74.64998000
2.02026367,-95.52765000,-73.69910000
2.02087402,-111.45530000,-74.94256000
2.02148438,-101.92620000,-78.44801000
2.02209473,-96.56788000,-88.81890000
2.02270508,-105.65730000,-78.73257000
2.02331543,-95.89502000,-78.87856000
2.02392578,-89.81322000,-74.66226000
2.02453613,-87.02988000,-72.18349000
2.02514648,-87.82752000,-71.01409000
2.02575684,-93.83804000,-70.06071000
2.02636719,-97.80682000,-72.78045000
2.02697754,-90.63972000,-70.75476000
2.02758789,-88.53013000,-75.29619000
2.02819824,-89.69138000,-78.73547000
2.02880859,-90.60051000,-75.63031000
2.02941895,-88.09259000,-73.35174000
2.03002930,-87.76653000,-72.79910000
2.03063965,-94.33954000,-72.05842000
2.03125000,-98.95723000,-78.94759000
2.03186035,-88.84778000,-77.85935000
2.03247070,-87.19074000,-73.83614000
2.03308105,-90.43526000,-76.87149000
2.03369141,-92.90666000,-83.35976000
2.03430176,-98.24223000,-78.14597000
2.03491211,-105.05880000,-79.46938000
2.03552246,-96.72020000,-88.56940000
2.03613281,-93.13743000,-81.64085000
2.03674316,-80.65444000,-70.20557000
2.03735352,-80.74911000,-71.78443000
2.03796387,-89.38391000,-75.17001000
2.03857422,-95.66202000,-72.63367000
2.03918457,-102.66790000,-75.02505000
2.03979492,-102.86900000,-73.87200000
2.04040527,-103.26840000,-74.40070000
2.04101563,-102.43320000,-81.81138000
2.04162598,-96.07871000,-81.35118000
2.04223633,-91.03014000,-85.69096000
2.04284668,-93.37753000,-77.30901000
2.04345703,-102.53160000,-103.78150000
2.04406738,-116.69690000,-79.85152000
2.04467773,-99.76399000,-82.07567000
2.04528809,-115.87310000,-85.59686000
2.04589844,-96.33498000,-89.59473000
2.04650879,-95.28769000,-87.35229000
2.04711914,-100.66280000,-75.64217000
2.04772949,-92.78313000,-73.40323000
2.04833984,-85.09071000,-78.64150000
2.04895020,-84.96252000,-74.57053000
2.04956055,-90.83507000,-70.94893000
2.05017090,-88.67450000,-68.35052000
2.05078125,-89.91365000,-67.42564000
2.05139160,-87.26123000,-70.88439000
2.05200195,-86.47551000,-72.32028000
2.05261230,-89.41074000,-68.55923000
2.05322266,-89.29131000,-74.18395000
2.05383301,-86.41704000,-75.35352000
2.05444336,-86.01688000,-81.53203000
2.05505371,-84.88140000,-77.09391000
2.05566406,-87.95192000,-71.85607000
2.05627441,-98.93729000,-71.30109000
2.05688477,-86.95970000,-72.45344000
2.05749512,-88.45724000,-70.22563000
2.05810547,-99.17641000,-68.84503000
2.05871582,-88.73149000,-71.29182000
2.05932617,-94.81073000,-73.59441000
2.05993652,-86.69942000,-79.01530000
2.06054688,-85.54315000,-82.61422000
2.06115723,-92.42175000,-79.74197000
2.06176758,-95.29761000,-85.70357000
2.06237793,-88.04118000,-93.12087000
2.06298828,-85.48801000,-82.00372000
2.06359863,-88.60867000,-79.11917000
2.06420898,-97.55072000,-86.98066000
2.06481934,-97.17068000,-83.60681000
2.06542969,-96.90691000,-93.71914000
2.06604004,-98.37227000,-80.56754000
2.06665039,-95.98804000,-73.57532000
2.06726074,-94.83621000,-74.28838000
2.06787109,-103.37200000,-71.84665000
2.06848145,-100.09780000,-70.03884000
2.06909180,-92.05118000,-72.87943000
2.06970215,-91.58591000,-70.01955000
2.07031250,-96.37699000,-68.94946000
2.07092285,-88.00361000,-89.78950000
2.07153320,-89.65515000,-71.73006000
2.07214355,-98.13512000,-69.38962000
2.07275391,-94.61544000,-67.83366000
2.07336426,-90.81456000,-70.35348000
2.07397461,-94.10976000,-73.73321000
2.07458496,-87.99849000,-72.07796000
2.07519531,-87.55647000,-72.16528000
2.07580566,-92.67097000,-71.55416000
2.07641602,-101.28060000,-77.09702000
2.07702637,-85.21160000,-81.15961000
2.07763672,-81.70483000,-77.08614000
2.07824707,-83.00629000,-74.79420000
2.07885742,-83.67962000,-77.13657000
2.07946777,-85.15267000,-85.38761000
2.08007813,-86.61183000,-75.03684000
2.08068848,-88.28615000,-72.48643000
2.08129883,-89.19270000,-68.92062000
2.08190918,-92.51553000,-69.12145000
2.08251953,-102.69160000,-70.11162000
2.08312988,-94.80647000,-70.98924000
2.08374023,-91.42470000,-74.90474000
2.08435059,-93.54309000,-78.85767000
2.08496094,-98.84171000,-83.36201000
2.08557129,-104.71530000,-80.63950000
2.08618164,-105.97360000,-82.58798000
2.08679199,-94.25521000,-75.60260000
2.08740234,-91.24306000,-77.89342000
2.08801270,-91.62088000,-82.37656000
2.08862305,-90.34808000,-71.88596000
2.08923340,-96.39984000,-71.70277000
2.08984375,-86.73038000,-73.59030000
2.09045410,-86.43996000,-70.84293000
2.09106445,-105.94600000,-69.79253000
2.09167480,-92.21645000,-76.52227000
2.09228516,-89.35398000,-78.45067000
2.09289551,-92.71130000,-79.54100000
2.09350586,-95.60628000,-79.50346000
2.09411621,-86.90919000,-78.36345000
2.09472656,-87.16734000,-74.71861000
2.09533691,-89.75729000,-71.91499000
2.09594727,-86.20220000,-68.75433000
2.09655762,-86.06734000,-70.33696000
2.09716797,-86.62280000,-76.77506000
2.09777832,-83.96890000,-76.27186000
2.09838867,-83.52837000,-72.92487000
2.09899902,-88.22234000,-72.63093000
2.09960938,-97.07810000,-72.36713000
2.10021973,-91.72550000,-69.22707000
2.10083008,-89.56371000,-71.82190000
2.10144043,-95.80558000,-84.12492000
2.10205078,-105.41960000,-71.55248000
2.10266113,-102.14400000,-73.46146000
2.10327148,-109.51190000,-78.71594000
2.10388184,-92.94066000,-75.71331000
2.10449219,-89.31279000,-75.49300000
2.10510254,-88.06856000,-77.40770000
2.10571289,-89.02138000,-82.75269000
2.10632324,-92.94310000,-82.94250000
2.10693359,-92.45029000,-73.41171000
2.10754395,-90.69135000,-68.50154000
2.10815430,-87.30833000,-70.48900000
2.10876465,-90.98121000,-73.01808000
2.10937500,-100.51670000,-73.73611000
2.10998535,-91.33153000,-78.95515000
2.11059570,-89.17665000,-77.34156000
2.11120605,-89.96211000,-81.92650000
2.11181641,-89.84142000,-77.54754000
2.11242676,-89.76495000,-83.08165000
2.11303711,-83.73692000,-82.13911000
2.11364746,-81.08807000,-77.13240000
2.11425781,-84.14811000,-71.66340000
2.11486816,-88.50204000,-69.08241000
2.11547852,-87.38300000,-71.78993000
2.11608887,-84.67987000,-74.66125000
2.11669922,-88.76546000,-80.15881000
2.11730957,-101.64440000,-72.37572000
2.11791992,-95.74982000,-70.77697000
2.11853027,-88.16026000,-76.40479000
2.11914063,-84.17258000,-77.72954000
2.11975098,-85.39962000,-75.45259000
2.12036133,-89.01762000,-77.98499000
2.12097168,-89.59010000,-72.40881000
2.12158203,-86.27979000,-69.88857000
2.12219238,-88.23267000,-69.58222000
2.12280273,-96.30301000,-69.03316000
2.12341309,-93.22262000,-67.15849000
2.12402344,-90.14961000,-66.36554000
2.12463379,-83.56602000,-67.95564000
2.12524414,-84.31451000,-72.70945000
2.12585449,-84.32746000,-85.48614000
2.12646484,-85.81601000,-78.93080000
2.12707520,-90.80930000,-89.40616000
2.12768555,-99.69951000,-82.33697000
2.12829590,-89.41272000,-82.13067000
2.12890625,-89.06625000,-79.94994000
2.12951660,-92.42839000,-76.29665000
2.13012695,-87.82383000,-71.49773000
2.13073730,-92.36269000,-69.11588000
2.13134766,-92.32044000,-72.24313000
2.13195801,-90.13520000,-83.01292000
2.13256836,-94.87543000,-80.77759000
2.13317871,-86.76671000,-85.28892000
2.13378906,-88.75625000,-78.34008000
2.13439941,-86.24178000,-74.44849000
2.13500977,-86.11312000,-70.92773000
2.13562012,-91.33271000,-69.28121000
2.13623047,-92.28766000,-71.13132000
2.13684082,-86.78193000,-73.52861000
2.13745117,-83.37033000,-75.44963000
2.13806152,-84.47612000,-82.88692000
2.13867188,-88.79592000,-78.17548000
2.13928223,-97.15997000,-84.75292000
2.13989258,-103.81270000,-71.70093000
2.14050293,-90.15174000,-70.65875000
2.14111328,-88.24367000,-84.07887000
2.14172363,-91.80676000,-70.94408000
2.14233398,-91.89907000,-70.14075000
2.14294434,-90.49553000,-76.90958000
2.14355469,-92.96643000,-74.26706000
2.14416504,-97.15652000,-79.85732000
2.14477539,-91.99699000,-75.04836000
2.14538574,-87.66061000,-77.76807000
2.14599609,-88.52611000,-84.96255000
2.14660645,-97.73264000,-101.20700000
2.14721680,-96.70473000,-77.62144000
2.14782715,-88.90259000,-77.19915000
2.14843750,-89.22751000,-78.15578000
2.14904785,-97.38517000,-75.00919000
2.14965820,-91.42402000,-74.51251000
2.15026855,-94.88875000,-79.30394000
2.15087891,-94.41783000,-75.24491000
2.15148926,-85.16138000,-69.72845000
2.15209961,-83.42409000,-73.04971000
2.15270996,-86.49129000,-75.83486000
2.15332031,-99.65443000,-84.90498000
2.15393066,-106.04430000,-94.04983000
2.15454102,-103.20130000,-80.68500000
2.15515137,-91.50752000,-96.47374000
2.15576172,-86.20645000,-76.16774000
2.15637207,-88.62725000,-76.69901000
2.15698242,-91.19538000,-69.58250000
2.15759277,-91.46045000,-68.68147000
2.15820313,-90.30457000,-72.54060000
2.15881348,-87.65424000,-80.23712000
2.15942383,-88.66391000,-74.94788000
2.16003418,-109.47650000,-78.25314000
2.16064453,-92.56329000,-79.29355000
2.16125488,-96.80016000,-74.25037000
2.16186523,-102.09830000,-74.87688000
2.16247559,-90.85693000,-78.31240000
2.16308594,-85.66532000,-84.55168000
2.16369629,-89.03546000,-78.28574000
2.16430664,-96.65108000,-73.96009000
2.16491699,-85.81726000,-80.81065000
2.16552734,-87.93639000,-73.83818000
2.16613770,-117.30020000,-76.42327000
2.16674805,-98.27837000,-74.96955000
2.16735840,-100.61710000,-71.44891000
2.16796875,-91.35807000,-73.34501000
2.16857910,-94.72673000,-79.32120000
2.16918945,-90.64373000,-75.38226000
2.16979980,-96.71469000,-78.66628000
2.17041016,-91.33261000,-76.56755000
2.17102051,-94.08250000,-75.66653000
2.17163086,-100.11810000,-81.02909000
2.17224121,-93.95000000,-84.66309000
2.17285156,-97.05151000,-72.80095000
2.17346191,-98.61599000,-66.77434000
2.17407227,-94.16167000,-66.41788000
2.17468262,-95.01053000,-67.33974000
2.17529297,-107.38910000,-69.31905000
2.17590332,-106.71180000,-73.30386000
2.17651367,-92.31673000,-69.47557000
2.17712402,-84.53884000,-67.40731000
2.17773438,-83.90694000,-68.74451000
2.17834473,-88.54077000,-69.94131000
2.17895508,-98.28838000,-69.67052000
2.17956543,-97.80353000,-72.00835000
2.18017578,-91.70860000,-72.08221000
2.18078613,-91.46904000,-72.89956000
2.18139648,-91.67805000,-96.45839000
2.18200684,-93.88676000,-74.90813000
2.18261719,-92.95407000,-71.43768000
2.18322754,-87.43051000,-72.16870000
2.18383789,-83.58588000,-79.55205000
2.18444824,-83.39819000,-85.00978000
2.18505859,-85.01833000,-78.18929000
2.18566895,-86.62784000,-81.47926000
2.18627930,-88.53918000,-79.12152000
2.18688965,-95.33967000,-77.58424000
2.18750000,-95.36388000,-90.35835000
2.18811035,-93.99330000,-73.85299000
2.18872070,-89.38516000,-70.89441000
2.18933105,-81.16234000,-74.37946000
2.18994141,-73.79226000,-89.54696000
2.19055176,-73.07300000,-88.98553000
2.19116211,-80.34336000,-74.04636000
2.19177246,-96.74419000,-68.26631000
2.19238281,-103.68290000,-71.31474000
2.19299316,-96.59507000,-75.53377000
2.19360352,-81.03649000,-73.66840000
2.19421387,-74.35432000,-81.04149000
2.19482422,-77.17244000,-80.41040000
2.19543457,-91.50626000,-76.77245000
2.19604492,-93.62285000,-72.66164000
2.19665527,-90.89450000,-71.93972000
2.19726563,-91.06322000,-70.05042000
2.19787598,-81.23336000,-70.66049000
2.19848633,-79.99279000,-71.06165000
2.19909668,-85.55695000,-71.99162000
2.19970703,-99.64287000,-78.52094000
2.20031738,-105.04460000,-81.66626000
2.20092773,-101.58470000,-81.36873000
2.20153809,-103.67920000,-75.57692000
2.20214844,-89.25310000,-70.91547000
2.20275879,-85.73842000,-69.31136000
2.20336914,-84.61526000,-72.49805000
2.20397949,-86.02737000,-81.97807000
2.20458984,-90.59718000,-72.48193000
2.20520020,-93.96606000,-68.40836000
2.20581055,-92.28923000,-73.75921000
2.20642090,-93.59616000,-79.71638000
2.20703125,-98.12168000,-76.39634000
2.20764160,-95.16098000,-76.99737000
2.20825195,-91.03171000,-73.91692000
2.20886230,-93.98902000,-73.20403000
2.20947266,-94.47359000,-74.10728000
2.21008301,-94.04179000,-70.97923000
2.21069336,-97.55368000,-77.01855000
2.21130371,-96.91496000,-85.70399000
2.21191406,-104.60380000,-76.02704000
2.21252441,-123.64340000,-74.39524000
2.21313477,-104.02520000,-76.99428000
2.21374512,-97.70934000,-81.95764000
2.21435547,-94.17667000,-78.81671000
2.21496582,-96.27766000,-76.00433000
2.21557617,-92.97517000,-75.08835000
2.21618652,-91.45161000,-68.03998000
2.21679688,-94.97389000,-65.32861000
2.21740723,-105.71170000,-66.33067000
2.21801758,-95.72228000,-71.83053000
2.21862793,-91.94909000,-83.45219000
2.21923828,-90.99251000,-78.15443000
2.21984863,-95.28305000,-74.78109000
2.22045898,-105.31650000,-73.68527000
2.22106934,-102.97680000,-67.22202000
2.22167969,-96.25558000,-65.97562000
2.22229004,-91.50888000,-70.52848000
2.22290039,-88.05268000,-75.82795000
2.22351074,-88.29097000,-69.06299000
2.22412109,-92.83829000,-67.36431000
2.22473145,-100.26310000,-68.68343000
2.22534180,-92.14803000,-74.37491000
2.22595215,-89.62663000,-91.37807000
2.22656250,-93.90630000,-86.17596000
2.22717285,-98.15105000,-79.12932000
2.22778320,-94.03700000,-76.93140000
2.22839355,-88.04051000,-72.69254000
2.22900391,-81.66754000,-68.45326000
2.22961426,-81.06549000,-67.49727000
2.23022461,-86.08954000,-68.77003000
2.23083496,-85.29823000,-70.54163000
2.23144531,-85.38409000,-73.42635000
2.23205566,-89.98631000,-81.29482000
2.23266602,-92.91924000,-80.40707000
2.23327637,-87.86152000,-70.42370000
2.23388672,-85.90428000,-70.06250000
2.23449707,-89.56794000,-76.30199000
2.23510742,-114.31600000,-75.95918000
2.23571777,-90.87775000,-71.30162000
2.23632813,-95.70457000,-69.43499000
2.23693848,-90.16179000,-74.90689000
2.23754883,-87.27240000,-79.69460000
2.23815918,-86.59619000,-78.44196000
2.23876953,-85.20400000,-76.86780000
2.23937988,-86.26259000,-74.41726000
2.23999023,-89.32239000,-71.52398000
2.24060059,-94.11602000,-70.31568000
2.24121094,-89.30245000,-71.18945000
2.24182129,-85.62422000,-76.11940000
2.24243164,-84.45931000,-74.31441000
2.24304199,-84.12513000,-76.56236000
2.24365234,-85.58774000,-73.80340000
2.24426270,-90.04910000,-75.17085000
2.24487305,-91.07686000,-70.27305000
2.24548340,-89.51321000,-74.54808000
2.24609375,-97.59045000,-78.81958000
2.24670410,-92.03491000,-83.61113000
2.24731445,-89.77315000,-72.10105000
2.24792480,-91.33895000,-68.14998000
2.24853516,-93.05443000,-68.89471000
2.24914551,-102.53730000,-72.75526000
2.24975586,-89.32964000,-75.95013000
2.25036621,-87.91637000,-71.66135000
2.25097656,-95.55370000,-69.09431000
2.25158691,-98.13849000,-72.15101000
2.25219727,-91.13965000,-77.15554000
2.25280762,-97.77840000,-78.85031000
2.25341797,-90.76755000,-77.71890000
2.25402832,-88.91313000,-75.84161000
2.25463867,-94.93013000,-75.96864000
2.25524902,-93.21210000,-92.68079000
2.25585938,-90.41241000,-76.55888000
2.25646973,-88.52082000,-76.73949000
2.25708008,-87.82166000,-85.54306000
2.25769043,-87.52051000,-82.68378000
2.25830078,-93.90690000,-74.81345000
2.25891113,-95.55795000,-75.75914000
2.25952148,-106.85710000,-75.28189000
2.26013184,-94.80698000,-76.45998000
2.26074219,-85.94270000,-73.16255000
2.26135254,-85.29110000,-72.62226000
2.26196289,-94.72482000,-75.88509000
2.26257324,-86.64737000,-77.38395000
2.26318359,-91.64863000,-77.43607000
2.26379395,-102.05140000,-79.55252000
2.26440430,-100.40450000,-77.28191000
2.26501465,-94.71796000,-79.85754000
2.26562500,-88.02773000,-75.58020000
2.26623535,-86.61711000,-84.34778000
2.26684570,-87.79992000,-78.57632000
2.26745605,-88.06904000,-82.99407000
2.26806641,-86.98959000,-76.87407000
2.26867676,-86.67606000,-70.41714000
2.26928711,-87.35058000,-73.06158000
2.26989746,-84.68627000,-92.92105000
2.27050781,-86.04362000,-78.75768000
2.27111816,-95.24084000,-75.39432000
2.27172852,-96.34462000,-86.19660000
2.27233887,-99.56670000,-79.97327000
2.27294922,-97.24178000,-86.03016000
2.27355957,-93.34262000,-80.64339000
2.27416992,-88.29380000,-82.54910000
2.27478027,-91.46011000,-78.81877000
2.27539063,-109.82220000,-77.85816000
2.27600098,-101.55580000,-74.15042000
2.27661133,-87.51438000,-72.83624000
2.27722168,-83.78447000,-71.05603000
2.27783203,-84.37179000,-69.37943000
2.27844238,-91.27878000,-73.00774000
2.27905273,-87.60606000,-77.70621000
2.27966309,-84.00560000,-75.57670000
2.28027344,-88.18431000,-80.04076000
2.28088379,-91.79684000,-74.03922000
2.28149414,-92.78360000,-71.88953000
2.28210449,-92.39086000,-74.82095000
2.28271484,-89.23624000,-71.67538000
2.28332520,-87.94259000,-71.03339000
2.28393555,-92.76468000,-74.85897000
2.28454590,-99.69247000,-83.37769000
2.28515625,-88.70615000,-78.05050000
2.28576660,-84.74632000,-72.02361000
2.28637695,-88.07487000,-71.68264000
2.28698730,-101.25100000,-74.20561000
2.28759766,-91.20447000,-75.84956000
2.28820801,-89.60030000,-74.01834000
2.28881836,-88.86311000,-72.10663000
2.28942871,-90.13614000,-72.96831000
2.29003906,-87.90585000,-74.12059000
2.29064941,-87.30893000,-73.20026000
2.29125977,-95.24494000,-70.13951000
2.29187012,-95.09091000,-76.12204000
2.29248047,-91.41296000,-76.13520000
2.29309082,-100.65720000,-74.89128000
2.29370117,-90.42046000,-82.30753000
2.29431152,-82.33802000,-70.87986000
2.29492188,-82.64775000,-66.25729000
2.29553223,-88.16082000,-65.57295000
2.29614258,-91.42348000,-71.77605000
2.29675293,-90.46233000,-70.03139000
2.29736328,-97.49394000,-69.21939000
2.29797363,-89.99098000,-83.35591000
2.29858398,-92.60303000,-68.70431000
2.29919434,-97.38122000,-66.83495000
2.29980469,-96.58227000,-70.46418000
2.30041504,-102.69000000,-83.30354000
2.30102539,-100.52800000,-76.75340000
2.30163574,-92.82420000,-73.96223000
2.30224609,-97.32629000,-75.21516000
2.30285645,-90.21588000,-76.73435000
2.30346680,-84.56078000,-72.99787000
2.30407715,-84.20899000,-71.53639000
2.30468750,-86.64777000,-69.76367000
2.30529785,-87.88335000,-72.07281000
2.30590820,-92.81132000,-77.08884000
2.30651855,-99.25285000,-73.34795000
2.30712891,-90.48260000,-70.02738000
2.30773926,-88.27167000,-71.95422000
2.30834961,-90.90024000,-76.39954000
2.30895996,-91.30070000,-80.03857000
2.30957031,-93.24666000,-75.71435000
2.31018066,-92.17010000,-76.91020000
2.31079102,-100.79600000,-86.63420000
2.31140137,-97.84245000,-77.75290000
2.31201172,-93.97269000,-72.21358000
2.31262207,-90.13061000,-79.53233000
2.31323242,-86.17856000,-80.93713000
2.31384277,-85.79385000,-74.67358000
2.31445313,-87.76328000,-90.49362000
2.31506348,-89.22990000,-76.03690000
2.31567383,-90.15569000,-77.31352000
2.31628418,-92.72812000,-87.47170000
2.31689453,-93.57731000,-84.72034000
2.31750488,-89.67484000,-78.67006000
2.31811523,-90.16315000,-78.37518000
2.31872559,-95.07755000,-71.57423000
2.31933594,-102.48090000,-73.20969000
2.31994629,-98.04925000,-88.33176000
2.32055664,-94.80446000,-79.89959000
2.32116699,-93.56248000,-82.35744000
2.32177734,-89.47079000,-74.27942000
2.32238770,-92.31935000,-70.00789000
2.32299805,-98.41747000,-67.98873000
2.32360840,-91.08906000,-74.97282000
2.32421875,-89.15375000,-78.22900000
2.32482910,-90.69314000,-71.05588000
2.32543945,-90.46312000,-74.44181000
2.32604980,-88.54793000,-74.20117000
2.32666016,-89.50333000,-73.46413000
2.32727051,-90.01764000,-80.87142000
2.32788086,-90.52991000,-71.14853000
2.32849121,-96.96365000,-71.03661000
2.32910156,-89.16983000,-73.87070000
2.32971191,-87.48282000,-71.82258000
2.33032227,-90.70931000,-73.78555000
2.33093262,-92.39198000,-79.37392000
2.33154297,-91.20129000,-83.84972000
2.33215332,-88.25090000,-79.69395000
2.33276367,-85.86630000,-70.12182000
2.33337402,-90.64640000,-68.27036000
2.33398438,-100.62700000,-72.26363000
2.33459473,-95.38484000,-76.65167000
2.33520508,-89.74832000,-80.64069000
2.33581543,-95.38351000,-79.85849000
2.33642578,-110.65510000,-74.69721000
2.33703613,-93.70062000,-76.82648000
2.33764648,-90.92596000,-74.42660000
2.33825684,-96.66297000,-76.30342000
2.33886719,-103.30740000,-75.33229000
2.33947754,-95.17883000,-70.51369000
2.34008789,-96.79660000,-71.21357000
2.34069824,-93.83811000,-80.23342000
2.34130859,-90.09700000,-73.43041000
2.34191895,-90.05087000,-73.30623000
2.34252930,-101.99780000,-77.27695000
2.34313965,-93.61668000,-81.14800000
2.34375000,-88.94824000,-84.37283000
2.34436035,-88.45522000,-83.24325000
2.34497070,-97.07642000,-77.23113000
2.34558105,-94.18643000,-71.22173000
2.34619141,-93.90488000,-74.30967000
2.34680176,-96.46976000,-77.94689000
2.34741211,-109.66260000,-70.60474000
2.34802246,-89.89842000,-74.05507000
2.34863281,-82.55035000,-77.29762000
2.34924316,-84.39662000,-72.69816000
2.34985352,-96.16507000,-75.59812000
2.35046387,-86.04674000,-76.31001000
2.35107422,-83.27782000,-73.65819000
2.35168457,-80.67844000,-74.19165000
2.35229492,-81.52742000,-96.97548000
2.35290527,-89.17247000,-68.90997000
2.35351563,-89.17480000,-67.57191000
2.35412598,-86.84654000,-72.53236000
2.35473633,-91.62017000,-74.18551000
2.35534668,-89.39554000,-70.19315000
2.35595703,-89.32123000,-75.67738000
2.35656738,-96.00549000,-85.10873000
2.35717773,-96.70632000,-84.70275000
2.35778809,-90.66351000,-75.46048000
2.35839844,-90.32339000,-81.78455000
2.35900879,-94.99722000,-76.85462000
2.35961914,-90.96469000,-70.09811000
2.36022949,-88.99666000,-68.54383000
2.36083984,-94.47704000,-67.98872000
2.36145020,-102.09770000,-69.40840000
2.36206055,-92.26563000,-78.11282000
2.36267090,-93.10337000,-81.40033000
2.36328125,-94.15002000,-74.23641000
2.36389160,-96.43208000,-73.28168000
2.36450195,-101.51500000,-71.82062000
2.36511230,-91.58703000,-69.15176000
2.36572266,-89.29722000,-69.36069000
2.36633301,-93.11050000,-70.84403000
2.36694336,-96.51784000,-77.92623000
2.36755371,-101.66270000,-74.94495000
2.36816406,-95.23871000,-78.62972000
2.36877441,-91.95706000,-75.27364000
2.36938477,-92.02432000,-80.92538000
2.36999512,-90.04645000,-77.22215000
2.37060547,-88.07680000,-74.46758000
2.37121582,-88.65042000,-74.97760000
2.37182617,-95.14397000,-75.82345000
2.37243652,-100.24590000,-83.43352000
2.37304688,-93.88474000,-77.40038000
2.37365723,-96.09778000,-78.07532000
2.37426758,-97.12463000,-88.52947000
2.37487793,-92.03873000,-81.77231000
2.37548828,-86.09241000,-80.41866000
2.37609863,-83.08944000,-75.95065000
2.37670898,-86.66203000,-70.58981000
2.37731934,-84.39476000,-71.37141000
2.37792969,-81.46786000,-80.46530000
2.37854004,-85.91834000,-82.64641000
2.37915039,-89.47990000,-80.30521000
2.37976074,-89.39983000,-72.16132000
2.38037109,-93.31082000,-71.36221000
2.38098145,-94.60817000,-70.13148000
2.38159180,-92.27426000,-70.98961000
2.38220215,-85.76123000,-71.90240000
2.38281250,-83.94039000,-72.54119000
2.38342285,-86.21413000,-73.64319000
2.38403320,-90.62398000,-75.36623000
2.38464355,-91.12252000,-79.50883000
2.38525391,-87.51701000,-74.40891000
2.38586426,-88.52924000,-80.38794000
2.38647461,-95.53799000,-80.37022000
2.38708496,-91.43590000,-77.05259000
2.38769531,-86.13799000,-82.86584000
2.38830566,-85.97268000,-85.96973000
2.38891602,-88.42667000,-78.02929000
2.38952637,-89.68024000,-72.74415000
2.39013672,-85.20857000,-80.17605000
2.39074707,-85.21857000,-79.78638000
2.39135742,-87.65300000,-80.42636000
2.39196777,-89.62358000,-71.49615000
2.39257813,-110.08440000,-74.61727000
2.39318848,-92.71208000,-76.73722000
2.39379883,-85.60363000,-75.69249000
2.39440918,-80.58445000,-73.00124000
2.39501953,-81.81313000,-69.54377000
2.39562988,-96.47849000,-74.50614000
2.39624023,-93.58467000,-76.14552000
2.39685059,-94.83040000,-78.46261000
2.39746094,-91.28658000,-89.44080000
2.39807129,-95.07594000,-76.10389000
2.39868164,-91.95575000,-72.66049000
2.39929199,-90.75868000,-71.15968000
2.39990234,-89.79788000,-73.32375000
2.40051270,-88.48153000,-90.46172000
2.40112305,-90.33477000,-77.44779000
2.40173340,-95.16653000,-69.34811000
2.40234375,-99.63908000,-68.72820000
2.40295410,-103.30910000,-74.93469000
2.40356445,-92.08579000,-77.81895000
2.40417480,-92.92523000,-69.86849000
2.40478516,-89.04675000,-72.07622000
2.40539551,-88.65833000,-75.54398000
2.40600586,-90.60950000,-72.54219000
2.40661621,-89.03491000,-78.27074000
2.40722656,-89.26292000,-69.10405000
2.40783691,-95.19725000,-69.16269000
2.40844727,-85.90088000,-75.71941000
2.40905762,-82.89290000,-75.99039000
2.40966797,-88.39191000,-71.57726000
2.41027832,-96.67397000,-69.47276000
2.41088867,-91.45013000,-69.25165000
2.41149902,-94.98923000,-71.46223000
2.41210938,-98.90587000,-72.05096000
2.41271973,-93.39491000,-70.85802000
2.41333008,-89.32986000,-75.13944000
2.41394043,-91.95027000,-74.06470000
2.41455078,-92.66503000,-71.63073000
2.41516113,-91.00320000,-77.20341000
2.41577148,-98.24700000,-83.48349000
2.41638184,-97.51862000,-77.36172000
2.41699219,-98.10345000,-78.97421000
2.41760254,-94.61361000,-81.46877000
2.41821289,-95.74813000,-76.94345000
2.41882324,-89.26980000,-79.02841000
2.41943359,-85.89629000,-75.37851000
2.42004395,-89.32952000,-79.99923000
2.42065430,-100.89680000,-86.64043000
2.42126465,-90.07600000,-86.14041000
2.42187500,-89.57231000,-72.25823000
2.42248535,-86.77863000,-69.37260000
2.42309570,-84.35266000,-72.63969000
2.42370605,-82.36162000,-91.32870000
2.42431641,-81.24811000,-79.05849000
2.42492676,-81.05704000,-79.64637000
2.42553711,-80.83336000,-76.63759000
2.42614746,-84.15183000,-76.10960000
2.42675781,-85.52734000,-78.86891000
2.42736816,-88.45971000,-85.25848000
2.42797852,-89.21066000,-72.63667000
2.42858887,-88.92991000,-70.44007000
2.42919922,-114.87500000,-73.91809000
2.42980957,-95.17826000,-74.85136000
2.43041992,-92.24821000,-71.15862000
2.43103027,-98.29077000,-71.51234000
2.43164063,-95.81776000,-69.09881000
2.43225098,-92.33601000,-67.68133000
2.43286133,-93.23396000,-67.43960000
2.43347168,-90.02404000,-72.82404000
2.43408203,-84.95111000,-71.00131000
2.43469238,-85.08073000,-67.45708000
2.43530273,-89.56050000,-72.85841000
2.43591309,-96.87000000,-79.36086000
2.43652344,-90.79667000,-76.54073000
2.43713379,-85.06573000,-73.79948000
2.43774414,-85.41039000,-75.93040000
2.43835449,-91.74783000,-83.05217000
2.43896484,-100.63770000,-71.89247000
2.43957520,-95.26117000,-69.30628000
2.44018555,-103.99840000,-69.15644000
2.44079590,-92.42767000,-73.80753000
2.44140625,-92.68050000,-75.60461000
2.44201660,-112.32590000,-79.69133000
2.44262695,-98.15495000,-77.65037000
2.44323730,-99.30279000,-72.72987000
2.44384766,-100.20420000,-75.78270000
2.44445801,-101.98180000,-75.81909000
2.44506836,-92.79435000,-76.89334000
2.44567871,-94.72147000,-89.78904000
2.44628906,-105.22250000,-69.98649000
2.44689941,-106.23030000,-69.17855000
2.44750977,-93.92490000,-73.02782000
2.44812012,-94.33470000,-73.39111000
2.44873047,-93.97829000,-73.08339000
2.44934082,-90.03799000,-74.45043000
2.44995117,-88.08441000,-80.91225000
2.45056152,-90.68612000,-74.27946000
2.45117188,-99.79339000,-73.75784000
2.45178223,-92.78128000,-88.96355000
2.45239258,-92.93748000,-72.25948000
2.45300293,-86.99405000,-72.06338000
2.45361328,-85.95216000,-83.86181000
2.45422363,-87.38489000,-77.83915000
2.45483398,-94.45061000,-76.96249000
2.45544434,-91.80627000,-78.68578000
2.45605469,-90.59724000,-79.78333000
2.45666504,-92.14286000,-74.05496000
2.45727539,-92.27396000,-72.76906000
2.45788574,-99.19152000,-71.15479000
2.45849609,-103.73960000,-68.63121000
2.45910645,-97.66389000,-69.62296000
2.45971680,-94.28008000,-69.76377000
2.46032715,-87.10887000,-70.24202000
2.46093750,-87.66277000,-79.73428000
2.46154785,-87.65144000,-73.08890000
2.46215820,-87.50638000,-71.22105000
2.46276855,-89.51775000,-73.56789000
2.46337891,-95.18638000,-67.60406000
2.46398926,-91.84061000,-65.30476000
2.46459961,-89.64668000,-73.90571000
2.46520996,-93.23640000,-73.56370000
2.46582031,-94.18727000,-80.35541000
2.46643066,-93.89935000,-73.92493000
2.46704102,-93.48889000,-76.42738000
2.46765137,-88.52798000,-77.57698000
2.46826172,-94.61865000,-103.63990000
2.46887207,-93.14305000,-73.39408000
2.46948242,-91.98085000,-73.76237000
2.47009277,-89.14395000,-81.86461000
2.47070313,-91.17505000,-73.63942000
2.47131348,-102.35090000,-76.83385000
2.47192383,-99.88303000,-83.88390000
2.47253418,-101.32350000,-76.78840000
2.47314453,-89.96555000,-80.78416000
2.47375488,-91.22018000,-75.67000000
2.47436523,-96.98701000,-74.18544000
2.47497559,-88.15606000,-80.44353000
2.47558594,-91.23757000,-74.41460000
2.47619629,-94.00311000,-77.13765000
2.47680664,-87.61296000,-74.61913000
2.47741699,-87.48085000,-68.90260000
2.47802734,-92.85740000,-67.76688000
2.47863770,-95.42537000,-71.30279000
2.47924805,-92.80051000,-80.83336000
2.47985840,-93.66944000,-79.15282000
2.48046875,-90.69584000,-86.07185000
2.48107910,-86.78549000,-80.51498000
2.48168945,-88.05978000,-76.43616000
2.48229980,-91.07769000,-80.02936000
2.48291016,-89.57307000,-77.35694000
2.48352051,-90.26965000,-76.82526000
2.48413086,-82.91158000,-75.30002000
2.48474121,-81.01566000,-79.92474000
2.48535156,-83.64297000,-97.00951000
2.48596191,-88.10322000,-103.48260000
2.48657227,-90.40452000,-77.21138000
2.48718262,-91.13536000,-75.72879000
2.48779297,-94.08801000,-77.55666000
2.48840332,-99.01028000,-80.56639000
2.48901367,-91.53786000,-81.19757000
2.48962402,-85.09263000,-79.43107000
2.49023438,-75.58618000,-74.37419000
2.49084473,-77.36907000,-72.69530000
2.49145508,-92.68610000,-81.16596000
2.49206543,-93.83025000,-80.76241000
2.49267578,-93.77884000,-75.68908000
2.49328613,-93.03381000,-76.14320000
2.49389648,-78.79134000,-73.39053000
2.49450684,-73.94374000,-71.59734000
2.49511719,-79.71181000,-77.21902000
2.49572754,-97.17970000,-97.72788000
2.49633789,-87.27612000,-81.82297000
2.49694824,-87.70549000,-77.86862000
2.49755859,-85.21651000,-90.65810000
2.49816895,-85.67593000,-80.22271000
2.49877930,-90.80940000,-81.69249000
2.49938965,-93.84476000,-80.01384000
2.50000000,-93.21983000,-75.19049000
2.50061035,-90.93271000,-74.13580000
2.50122070,-89.95902000,-77.26468000
2.50183105,-84.74796000,-77.42458000
2.50244141,-84.73934000,-81.61828000
2.50305176,-88.41605000,-85.34297000
2.50366211,-87.17741000,-81.80085000
2.50427246,-86.61496000,-88.38154000
2.50488281,-93.29684000,-77.62380000
2.50549316,-98.54011000,-75.57966000
2.50610352,-93.06812000,-71.16266000
2.50671387,-103.05090000,-71.87631000
2.50732422,-90.76523000,-70.03707000
2.50793457,-91.07320000,-70.28571000
2.50854492,-91.28104000,-76.63247000
2.50915527,-92.36728000,-95.06555000
2.50976563,-90.02650000,-77.78169000
2.51037598,-85.49766000,-74.86253000
2.51098633,-82.84834000,-70.97533000
2.51159668,-84.94236000,-70.41405000
2.51220703,-86.12865000,-73.08900000
2.51281738,-82.61975000,-85.36479000
2.51342773,-84.38255000,-74.47927000
2.51403809,-89.18634000,-73.98345000
2.51464844,-90.89128000,-75.83597000
2.51525879,-94.38362000,-70.28579000
2.51586914,-92.18173000,-66.57975000
2.51647949,-87.77103000,-66.92030000
2.51708984,-86.19834000,-80.40573000
2.51770020,-88.25494000,-70.41666000
2.51831055,-88.00773000,-73.35923000
2.51892090,-90.47074000,-84.09387000
2.51953125,-99.69395000,-76.06105000
2.52014160,-85.79132000,-81.70193000
2.52075195,-86.81679000,-85.69537000
2.52136230,-87.73697000,-76.71233000
2.52197266,-87.76727000,-77.26737000
2.52258301,-94.30145000,-78.28274000
2.52319336,-88.35124000,-73.04743000
2.52380371,-86.67255000,-70.22071000
2.52441406,-87.56662000,-67.81940000
2.52502441,-93.97577000,-68.17659000
2.52563477,-98.53631000,-76.52020000
2.52624512,-89.60799000,-84.25098000
2.52685547,-86.85840000,-79.45128000
2.52746582,-89.49841000,-77.54485000
2.52807617,-92.65735000,-73.74554000
2.52868652,-92.81009000,-73.43156000
2.52929688,-95.89977000,-75.84407000
2.52990723,-97.86063000,-93.82941000
2.53051758,-93.31436000,-73.81155000
2.53112793,-87.39525000,-71.78046000
2.53173828,-83.44861000,-72.65604000
2.53234863,-87.12897000,-78.41597000
2.53295898,-104.07850000,-88.24909000
2.53356934,-94.80004000,-75.42547000
2.53417969,-91.69865000,-69.70750000
2.53479004,-87.29861000,-72.47977000
2.53540039,-89.89274000,-78.26019000
2.53601074,-99.88929000,-75.58780000
2.53662109,-91.54915000,-73.56789000
2.53723145,-90.21796000,-72.82585000
2.53784180,-94.87021000,-72.74097000
2.53845215,-87.97375000,-79.70117000
2.53906250,-88.68359000,-75.12248000
2.53967285,-88.23129000,-71.40341000
2.54028320,-87.26672000,-71.70731000
2.54089355,-91.50336000,-75.18007000
2.54150391,-100.32420000,-75.32023000
2.54211426,-93.00243000,-71.60673000
2.54272461,-95.44891000,-71.54788000
2.54333496,-101.45160000,-75.68320000
2.54394531,-89.97361000,-76.87740000
2.54455566,-88.79720000,-75.51749000
2.54516602,-90.27005000,-72.88474000
2.54577637,-90.44795000,-72.89462000
2.54638672,-87.02832000,-71.82221000
2.54699707,-86.81741000,-71.44315000
2.54760742,-90.88973000,-77.18171000
2.54821777,-86.86904000,-82.59398000
2.54882813,-83.83432000,-79.60017000
2.54943848,-83.21028000,-72.53757000
2.55004883,-81.77009000,-68.56150000
2.55065918,-83.30552000,-68.85863000
2.55126953,-90.48643000,-70.86171000
2.55187988,-107.69340000,-75.20164000
2.55249023,-107.00300000,-84.35933000
2.55310059,-94.72534000,-77.17156000
2.55371094,-90.75671000,-79.40693000
2.55432129,-90.56807000,-79.65623000
2.55493164,-92.54082000,-74.99383000
2.55554199,-89.27402000,-71.64107000
2.55615234,-93.19604000,-71.11343000
2.55676270,-96.98569000,-70.31816000
2.55737305,-91.21059000,-74.29681000
2.55798340,-96.48322000,-74.84828000
2.55859375,-107.12110000,-76.38220000
2.55920410,-97.73418000,-82.96268000
2.55981445,-87.81053000,-74.81229000
2.56042480,-87.81038000,-68.53082000
2.56103516,-88.71085000,-68.50956000
2.56164551,-89.44251000,-78.10102000
2.56225586,-89.98780000,-80.07539000
2.56286621,-92.85367000,-82.25841000
2.56347656,-90.10757000,-69.46478000
2.56408691,-86.48975000,-70.47007000
2.56469727,-83.64845000,-69.36735000
2.56530762,-84.44141000,-70.33948000
2.56591797,-93.25847000,-81.11829000
2.56652832,-94.16622000,-74.25547000
2.56713867,-88.75965000,-73.50033000
2.56774902,-92.61824000,-72.57767000
2.56835938,-94.20410000,-72.21658000
2.56896973,-89.22917000,-97.12924000
2.56958008,-91.54740000,-71.62415000
2.57019043,-92.17114000,-73.16876000
2.57080078,-95.29544000,-88.53517000
2.57141113,-92.10522000,-76.97781000
2.57202148,-89.56499000,-72.90318000
2.57263184,-87.64396000,-78.07761000
2.57324219,-82.59666000,-96.75338000
2.57385254,-82.27421000,-78.00296000
2.57446289,-88.84654000,-73.53117000
2.57507324,-104.60750000,-76.41908000
2.57568359,-89.81403000,-78.79977000
2.57629395,-86.22739000,-74.42766000
2.57690430,-91.75243000,-77.43520000
2.57751465,-91.32748000,-92.10744000
2.57812500,-85.69193000,-74.27954000
2.57873535,-86.98136000,-69.00376000
2.57934570,-88.50289000,-71.95716000
2.57995605,-88.84433000,-96.50291000
2.58056641,-88.80420000,-72.24808000
2.58117676,-86.71365000,-70.87148000
2.58178711,-85.36134000,-76.44677000
2.58239746,-90.37077000,-77.87274000
2.58300781,-85.72829000,-74.53305000
2.58361816,-84.92240000,-74.96005000
2.58422852,-87.19589000,-74.25874000
2.58483887,-95.08461000,-73.54718000
2.58544922,-93.95186000,-74.75935000
2.58605957,-91.96613000,-70.85818000
2.58666992,-99.09859000,-70.69078000
2.58728027,-95.50089000,-73.56774000
2.58789063,-90.10754000,-72.95918000
2.58850098,-96.18886000,-71.31382000
2.58911133,-90.24136000,-71.36508000
2.58972168,-84.53902000,-71.89431000
2.59033203,-81.73872000,-84.33905000
2.59094238,-85.50459000,-71.92692000
2.59155273,-99.98328000,-66.78655000
2.59216309,-94.44070000,-64.31001000
2.59277344,-90.51655000,-64.68433000
2.59338379,-88.58411000,-68.93376000
2.59399414,-88.78265000,-73.49696000
2.59460449,-92.08764000,-73.94762000
2.59521484,-104.84170000,-70.92904000
2.59582520,-107.60380000,-68.35427000
2.59643555,-104.74170000,-71.57752000
2.59704590,-95.33543000,-94.93617000
2.59765625,-92.98344000,-79.89301000
2.59826660,-93.41325000,-80.09139000
2.59887695,-94.34758000,-74.85509000
2.59948730,-89.62737000,-75.10501000
2.60009766,-93.10387000,-84.16924000
2.60070801,-93.81963000,-86.28167000
2.60131836,-94.80071000,-78.27836000
2.60192871,-92.58103000,-74.83593000
2.60253906,-89.62070000,-75.19579000
2.60314941,-84.91730000,-74.21022000
2.60375977,-84.15201000,-71.33231000
2.60437012,-86.86618000,-71.98577000
2.60498047,-91.08357000,-73.72382000
2.60559082,-90.70679000,-75.24986000
2.60620117,-92.61982000,-73.28748000
2.60681152,-94.51622000,-71.32111000
2.60742188,-90.67597000,-73.23154000
2.60803223,-92.52036000,-79.05884000
2.60864258,-95.56761000,-81.15051000
2.60925293,-95.72755000,-78.19965000
2.60986328,-93.53684000,-81.42987000
2.61047363,-91.22855000,-82.62866000
2.61108398,-89.87021000,-76.27321000
2.61169434,-93.86003000,-77.34602000
2.61230469,-89.86614000,-74.54698000
2.61291504,-84.42112000,-71.13832000
2.61352539,-85.55109000,-70.25163000
2.61413574,-93.62099000,-71.52760000
2.61474609,-93.27144000,-72.92374000
2.61535645,-95.34354000,-76.66173000
2.61596680,-98.90359000,-74.91397000
2.61657715,-97.61394000,-70.84625000
2.61718750,-91.39763000,-72.55080000
2.61779785,-86.47584000,-72.54323000
2.61840820,-83.53339000,-83.70940000
2.61901855,-85.75065000,-79.46141000
2.61962891,-92.59346000,-80.62506000
2.62023926,-89.41077000,-76.05188000
2.62084961,-87.87592000,-71.88844000
2.62145996,-92.32384000,-77.73860000
2.62207031,-97.15430000,-68.29651000
2.62268066,-94.68555000,-69.38805000
2.62329102,-88.86047000,-71.03415000
2.62390137,-88.26629000,-71.67207000
2.62451172,-91.16089000,-77.32748000
2.62512207,-91.59508000,-81.30058000
2.62573242,-91.61961000,-87.05623000
2.62634277,-95.00131000,-72.93142000
2.62695313,-99.61868000,-70.33732000
2.62756348,-96.52314000,-69.55178000
2.62817383,-94.10704000,-67.56053000
2.62878418,-95.77233000,-69.04315000
2.62939453,-101.69900000,-73.55314000
2.63000488,-88.26882000,-80.00233000
2.63061523,-83.36559000,-78.34609000
2.63122559,-83.89098000,-80.27557000
2.63183594,-85.85791000,-74.99223000
2.63244629,-86.59524000,-76.93122000
2.63305664,-88.69785000,-76.18604000
2.63366699,-87.26799000,-74.13630000
2.63427734,-85.78900000,-77.32787000
2.63488770,-87.56919000,-81.16333000
2.63549805,-91.94942000,-77.91312000
2.63610840,-95.46021000,-96.86401000
2.63671875,-89.38580000,-76.80376000
2.63732910,-89.90102000,-69.18044000
2.63793945,-93.65080000,-68.79296000
2.63854980,-91.10873000,-75.61290000
2.63916016,-90.96526000,-89.07154000
2.63977051,-90.44875000,-75.38107000
2.64038086,-91.13944000,-77.08836000
2.64099121,-90.32922000,-76.98419000
2.64160156,-89.58504000,-68.32771000
2.64221191,-93.98587000,-68.29115000
2.64282227,-95.01395000,-71.14440000
2.64343262,-88.60165000,-69.08729000
2.64404297,-89.96975000,-71.92197000
2.64465332,-102.89800000,-75.20564000
2.64526367,-94.23238000,-80.61676000
2.64587402,-96.09003000,-80.03001000
2.64648438,-109.77170000,-80.03007000
2.64709473,-102.51830000,-79.82838000
2.64770508,-98.66417000,-75.05257000
2.64831543,-84.91779000,-74.48946000
2.64892578,-80.00488000,-72.32207000
2.64953613,-85.60468000,-69.23165000
2.65014648,-92.06555000,-76.04665000
2.65075684,-86.14175000,-77.62837000
2.65136719,-87.39655000,-75.01928000
2.65197754,-96.26228000,-77.01414000
2.65258789,-93.56596000,-72.43707000
2.65319824,-86.25597000,-72.69025000
2.65380859,-85.19241000,-78.73048000
2.65441895,-91.94975000,-76.54844000
2.65502930,-101.95020000,-74.50454000
2.65563965,-100.45820000,-81.89612000
2.65625000,-94.05035000,-77.81182000
2.65686035,-88.07006000,-76.94109000
2.65747070,-86.27887000,-79.41087000
2.65808105,-92.12888000,-81.13553000
2.65869141,-90.47864000,-82.43056000
2.65930176,-86.21781000,-78.96810000
2.65991211,-88.48697000,-69.21668000
2.66052246,-103.87510000,-69.81155000
2.66113281,-90.17051000,-78.56116000
2.66174316,-96.43788000,-87.84610000
2.66235352,-92.90594000,-83.74977000
2.66296387,-87.06453000,-90.12137000
2.66357422,-88.06966000,-83.54221000
2.66418457,-93.27610000,-81.16891000
2.66479492,-91.74046000,-90.01816000
2.66540527,-93.42229000,-73.65803000
2.66601563,-96.01960000,-69.02698000
2.66662598,-95.06435000,-75.19093000
2.66723633,-93.05797000,-75.68854000
2.66784668,-90.71793000,-68.57848000
2.66845703,-91.60823000,-68.71936000
2.66906738,-92.21629000,-82.79789000
2.66967773,-87.17953000,-73.34576000
2.67028809,-87.96542000,-73.77721000
2.67089844,-88.25225000,-74.18192000
2.67150879,-91.42899000,-72.45103000
2.67211914,-90.13589000,-71.18634000
2.67272949,-85.81359000,-74.31397000
2.67333984,-92.68225000,-74.95369000
2.67395020,-87.77559000,-71.28990000
2.67456055,-84.91829000,-73.79234000
2.67517090,-88.43433000,-86.20579000
2.67578125,-92.48794000,-82.91576000
2.67639160,-93.30962000,-83.52673000
2.67700195,-101.21160000,-81.83488000
2.67761230,-88.44691000,-80.00275000
2.67822266,-87.24495000,-74.47163000
2.67883301,-88.36834000,-75.67010000
2.67944336,-89.70929000,-70.57952000
2.68005371,-93.59361000,-73.78526000
2.68066406,-93.04364000,-86.36140000
2.68127441,-89.07022000,-88.51048000
2.68188477,-89.13509000,-84.67062000
2.68249512,-93.37418000,-86.79626000
2.68310547,-100.91510000,-78.03792000
2.68371582,-101.41030000,-73.13983000
2.68432617,-92.44270000,-72.38335000
2.68493652,-85.39291000,-74.75768000
2.68554688,-84.97072000,-77.77593000
2.68615723,-95.27136000,-85.74927000
2.68676758,-93.33350000,-77.35274000
2.68737793,-94.22601000,-77.81991000
2.68798828,-90.45493000,-78.51463000
2.68859863,-83.43850000,-80.34856000
2.68920898,-81.83633000,-83.13804000
2.68981934,-82.32464000,-73.90889000
2.69042969,-84.54186000,-67.04827000
2.69104004,-88.66338000,-65.59384000
2.69165039,-90.75594000,-70.65579000
2.69226074,-92.99405000,-72.60056000
2.69287109,-97.10217000,-74.07208000
2.69348145,-99.60217000,-76.08609000
2.69409180,-98.06876000,-75.09565000
2.69470215,-91.33203000,-100.94940000
2.69531250,-91.76794000,-74.54230000
2.69592285,-104.05370000,-70.70498000
2.69653320,-90.78101000,-66.37271000
2.69714355,-97.26265000,-69.05697000
2.69775391,-97.93661000,-77.08215000
2.69836426,-88.81284000,-71.42680000
2.69897461,-82.31364000,-72.44607000
2.69958496,-83.19450000,-71.24049000
2.70019531,-91.16277000,-68.53384000
2.70080566,-102.31030000,-71.19485000
2.70141602,-99.17535000,-80.00434000
2.70202637,-99.35317000,-82.52151000
2.70263672,-105.05560000,-88.66141000
2.70324707,-99.66690000,-88.51637000
2.70385742,-94.02210000,-79.69781000
2.70446777,-91.86893000,-70.87058000
2.70507813,-93.34614000,-69.52032000
2.70568848,-93.11692000,-72.31670000
2.70629883,-100.43800000,-74.64085000
2.70690918,-99.22771000,-74.37245000
2.70751953,-94.69284000,-74.47081000
2.70812988,-98.52848000,-77.70257000
2.70874023,-98.80967000,-87.24590000
2.70935059,-92.27067000,-82.63771000
2.70996094,-95.84866000,-78.08157000
2.71057129,-98.38805000,-82.04300000
2.71118164,-89.83171000,-82.53696000
2.71179199,-88.10909000,-73.40501000
2.71240234,-91.89836000,-69.58265000
2.71301270,-88.34157000,-68.44096000
2.71362305,-85.57435000,-70.49784000
2.71423340,-90.92284000,-78.82064000
2.71484375,-91.18427000,-91.53527000
2.71545410,-87.16922000,-75.30705000
2.71606445,-87.26651000,-69.18349000
2.71667480,-87.16620000,-71.47825000
2.71728516,-87.40082000,-82.15091000
2.71789551,-91.45019000,-86.36688000
2.71850586,-96.87888000,-81.71593000
2.71911621,-97.35541000,-77.48050000
2.71972656,-89.25880000,-78.26648000
2.72033691,-88.12763000,-82.83489000
2.72094727,-93.69554000,-80.81281000
2.72155762,-96.71571000,-80.16893000
2.72216797,-93.68059000,-72.23166000
2.72277832,-94.18278000,-71.85518000
2.72338867,-92.63416000,-73.34789000
2.72399902,-91.60277000,-86.72756000
2.72460938,-92.77841000,-80.52168000
2.72521973,-88.06329000,-80.25537000
2.72583008,-85.10870000,-73.40551000
2.72644043,-84.93211000,-72.52477000
2.72705078,-91.21980000,-77.84349000
2.72766113,-91.70122000,-84.76277000
2.72827148,-85.49968000,-77.56005000
2.72888184,-84.29185000,-73.45822000
2.72949219,-86.05986000,-70.04932000
2.73010254,-86.77977000,-73.80070000
2.73071289,-88.96822000,-75.04114000
2.73132324,-93.73938000,-71.44736000
2.73193359,-88.54504000,-72.89260000
2.73254395,-89.99602000,-70.46271000
2.73315430,-85.46565000,-74.90062000
2.73376465,-76.13952000,-76.66354000
2.73437500,-74.86468000,-72.23635000
2.73498535,-83.54186000,-72.63352000
2.73559570,-98.62071000,-74.07703000
2.73620605,-88.81635000,-79.16333000
2.73681641,-92.13838000,-81.23798000
2.73742676,-102.67880000,-73.11823000
2.73803711,-106.31080000,-73.70225000
2.73864746,-95.21498000,-75.07886000
2.73925781,-94.72675000,-80.17175000
2.73986816,-95.27037000,-78.58283000
2.74047852,-93.08450000,-81.24774000
2.74108887,-100.86420000,-81.68379000
2.74169922,-98.63486000,-77.41033000
2.74230957,-95.88124000,-76.84057000
2.74291992,-90.51775000,-76.92245000
2.74353027,-87.59406000,-76.93627000
2.74414063,-90.32022000,-77.87635000
2.74475098,-91.28967000,-84.67884000
2.74536133,-85.30628000,-96.06820000
2.74597168,-83.47453000,-82.05869000
2.74658203,-88.15773000,-75.44833000
2.74719238,-104.23500000,-72.26540000
2.74780273,-97.17415000,-76.30435000
2.74841309,-91.69441000,-78.08546000
2.74902344,-83.21046000,-79.16341000
2.74963379,-84.46511000,-76.72215000
2.75024414,-89.92728000,-70.03802000
2.75085449,-91.39619000,-71.05214000
2.75146484,-87.06196000,-75.93520000
2.75207520,-87.80847000,-80.04348000
2.75268555,-94.83301000,-87.34531000
2.75329590,-86.65363000,-75.14245000
2.75390625,-88.53938000,-78.97778000
2.75451660,-91.58398000,-85.42535000
2.75512695,-97.92323000,-74.03224000
2.75573730,-95.51466000,-70.96839000
2.75634766,-98.47701000,-72.54781000
2.75695801,-93.34502000,-75.88762000
2.75756836,-94.74255000,-77.05017000
2.75817871,-99.24698000,-79.08727000
2.75878906,-89.97752000,-75.61560000
2.75939941,-87.66953000,-70.18365000
2.76000977,-88.73558000,-68.34425000
2.76062012,-88.47619000,-69.75016000
2.76123047,-92.43660000,-70.70055000
2.76184082,-88.64593000,-70.31121000
2.76245117,-98.86917000,-77.87593000
2.76306152,-90.66943000,-80.58324000
2.76367188,-87.28728000,-77.67242000
2.76428223,-84.86930000,-68.56597000
2.76489258,-84.65443000,-70.20405000
2.76550293,-87.54633000,-66.35899000
2.76611328,-94.35696000,-64.96846000
2.76672363,-93.43253000,-69.43808000
2.76733398,-92.75513000,-94.08292000
2.76794434,-97.68226000,-72.23579000
2.76855469,-106.72360000,-70.37819000
2.76916504,-102.24120000,-73.86394000
2.76977539,-91.59938000,-72.22289000
2.77038574,-86.82718000,-75.45311000
2.77099609,-91.44777000,-76.86482000
2.77160645,-118.76610000,-70.64715000
2.77221680,-93.47714000,-70.11892000
2.77282715,-91.61472000,-72.77366000
2.77343750,-92.16979000,-94.50055000
2.77404785,-87.89117000,-74.32532000
2.77465820,-103.95650000,-76.74527000
2.77526855,-91.94503000,-76.60033000
2.77587891,-97.58416000,-84.39925000
2.77648926,-96.37473000,-81.73709000
2.77709961,-89.01153000,-71.37631000
2.77770996,-90.71225000,-69.63172000
2.77832031,-112.82450000,-75.71712000
2.77893066,-88.97572000,-71.43484000
2.77954102,-86.59793000,-68.59476000
2.78015137,-98.09921000,-77.06409000
2.78076172,-94.77818000,-75.78951000
2.78137207,-96.21482000,-73.71391000
2.78198242,-98.28075000,-79.43457000
2.78259277,-92.53676000,-94.92732000
2.78320313,-100.11560000,-78.84008000
2.78381348,-88.26878000,-74.24371000
2.78442383,-97.14612000,-73.60398000
2.78503418,-95.46355000,-75.70016000
2.78564453,-114.59690000,-105.22930000
2.78625488,-86.29886000,-74.17533000
2.78686523,-84.15902000,-69.55009000
2.78747559,-89.41501000,-73.54022000
2.78808594,-89.73734000,-76.24196000
2.78869629,-86.42638000,-72.16907000
2.78930664,-93.14604000,-71.31755000
2.78991699,-80.20809000,-70.70322000
2.79052734,-75.44501000,-71.59515000
2.79113770,-80.52787000,-76.96478000
2.79174805,-119.31170000,-79.82207000
2.79235840,-93.26605000,-71.96616000
2.79296875,-86.60919000,-77.53493000
2.79357910,-83.07333000,-73.50276000
2.79418945,-79.99287000,-73.42739000
2.79479980,-79.10446000,-71.01825000
2.79541016,-87.28417000,-77.95789000
2.79602051,-99.91355000,-85.93690000
2.79663086,-91.55196000,-73.38220000
2.79724121,-93.90701000,-66.05811000
2.79785156,-93.46965000,-65.86678000
2.79846191,-87.77769000,-72.00779000
2.79907227,-84.56268000,-75.93538000
2.79968262,-89.19305000,-74.60542000
2.80029297,-88.44855000,-76.93246000
2.80090332,-86.86224000,-77.40325000
2.80151367,-100.80880000,-69.15326000
2.80212402,-98.76097000,-67.95490000
2.80273438,-91.41725000,-72.68208000
2.80334473,-87.08241000,-76.84895000
2.80395508,-87.91051000,-76.44988000
2.80456543,-94.33967000,-82.05827000
2.80517578,-92.29433000,-83.92152000
2.80578613,-86.84258000,-78.83879000
2.80639648,-86.99048000,-75.04218000
2.80700684,-86.29836000,-72.78024000
2.80761719,-88.15575000,-71.17259000
2.80822754,-93.82664000,-68.68037000
2.80883789,-102.25420000,-66.56717000
2.80944824,-96.18542000,-69.94256000
2.81005859,-97.33395000,-83.89034000
2.81066895,-108.03150000,-77.79857000
2.81127930,-93.07765000,-90.14400000
2.81188965,-87.96825000,-78.23299000
2.81250000,-90.46490000,-78.06855000
2.81311035,-104.65160000,-70.67834000
2.81372070,-88.58035000,-74.79077000
2.81433105,-86.76019000,-71.53255000
2.81494141,-88.48380000,-72.70550000
2.81555176,-86.58818000,-79.93671000
2.81616211,-90.65403000,-82.71378000
2.81677246,-95.18803000,-78.72260000
2.81738281,-89.96502000,-74.86488000
2.81799316,-86.70444000,-68.01210000
2.81860352,-91.69550000,-70.82101000
2.81921387,-89.61372000,-79.20589000
2.81982422,-86.82762000,-88.88222000
2.82043457,-87.93678000,-78.82066000
2.82104492,-87.71171000,-79.32919000
2.82165527,-85.62221000,-80.48560000
2.82226563,-84.36959000,-74.49708000
2.82287598,-84.37863000,-69.73787000
2.82348633,-82.85519000,-69.25115000
2.82409668,-86.14872000,-77.24984000
2.82470703,-94.74803000,-84.67886000
2.82531738,-91.23633000,-82.98940000
2.82592773,-94.62305000,-69.18221000
2.82653809,-97.89826000,-64.99416000
2.82714844,-90.87479000,-64.25191000
2.82775879,-85.77512000,-69.00292000
2.82836914,-86.74676000,-76.46452000
2.82897949,-94.91518000,-72.16041000
2.82958984,-93.09788000,-69.36837000
2.83020020,-88.19584000,-66.74139000
2.83081055,-85.51312000,-67.24203000
2.83142090,-90.03356000,-71.82961000
2.83203125,-91.27496000,-75.50786000
2.83264160,-87.34330000,-82.42453000
2.83325195,-85.02529000,-88.01498000
2.83386230,-83.74606000,-73.18367000
2.83447266,-84.91233000,-71.71213000
2.83508301,-88.63178000,-78.41187000
2.83569336,-88.10118000,-77.11378000
2.83630371,-83.13643000,-71.02886000
2.83691406,-83.54268000,-69.56743000
2.83752441,-87.62840000,-71.69892000
2.83813477,-91.35857000,-79.78161000
2.83874512,-88.86176000,-83.95250000
2.83935547,-87.64458000,-72.96541000
2.83996582,-96.42279000,-69.38026000
2.84057617,-98.57463000,-70.17239000
2.84118652,-94.17931000,-74.16728000
2.84179688,-97.18560000,-73.59576000
2.84240723,-97.21803000,-71.98589000
2.84301758,-90.04357000,-76.89419000
2.84362793,-88.70621000,-74.90300000
2.84423828,-90.38576000,-71.30617000
2.84484863,-91.80269000,-75.92302000
2.84545898,-93.47801000,-79.63197000
2.84606934,-89.40449000,-76.23202000
2.84667969,-88.55080000,-77.92453000
2.84729004,-86.82568000,-75.95233000
2.84790039,-88.66725000,-69.70441000
2.84851074,-89.23997000,-73.62902000
2.84912109,-84.86014000,-77.68243000
2.84973145,-85.97806000,-70.41103000
2.85034180,-89.41189000,-70.76852000
2.85095215,-90.06731000,-76.35453000
2.85156250,-88.48637000,-73.05408000
2.85217285,-90.24300000,-74.64491000
2.85278320,-98.87291000,-74.69638000
2.85339355,-98.00780000,-74.01177000
2.85400391,-97.86666000,-77.31314000
2.85461426,-98.93792000,-77.32677000
2.85522461,-94.18189000,-73.10939000
2.85583496,-89.11760000,-72.30635000
2.85644531,-87.27779000,-75.91499000
2.85705566,-95.15199000,-72.20911000
2.85766602,-88.20525000,-94.06907000
2.85827637,-88.41319000,-72.37212000
2.85888672,-95.89538000,-71.11722000
2.85949707,-90.99686000,-69.92437000
2.86010742,-87.06528000,-70.98935000
2.86071777,-88.96648000,-76.74744000
2.86132813,-89.81155000,-84.22549000
2.86193848,-87.31232000,-75.04478000
2.86254883,-86.11945000,-72.46097000
2.86315918,-86.20441000,-76.28056000
2.86376953,-97.00331000,-73.40215000
2.86437988,-88.41350000,-78.75182000
2.86499023,-85.22293000,-85.14690000
2.86560059,-92.77207000,-75.71941000
2.86621094,-101.75940000,-81.75861000
2.86682129,-95.34177000,-76.55493000
2.86743164,-94.85534000,-81.83833000
2.86804199,-94.24023000,-75.98550000
2.86865234,-93.48120000,-76.76602000
2.86926270,-93.10236000,-86.84010000
2.86987305,-83.88483000,-79.09178000
2.87048340,-81.98251000,-83.31491000
2.87109375,-83.64419000,-79.33176000
2.87170410,-84.66316000,-81.47256000
2.87231445,-87.41844000,-75.93813000
2.87292480,-88.42902000,-68.57059000
2.87353516,-83.82935000,-68.32822000
2.87414551,-85.17052000,-73.16846000
2.87475586,-93.47958000,-71.98141000
2.87536621,-98.56503000,-68.28684000
2.87597656,-90.99227000,-73.88063000
2.87658691,-85.83369000,-76.08282000
2.87719727,-86.84517000,-72.21494000
2.87780762,-91.79253000,-66.83968000
2.87841797,-92.22755000,-65.81929000
2.87902832,-87.88046000,-67.43517000
2.87963867,-91.50005000,-71.70214000
2.88024902,-96.74340000,-75.97737000
2.88085938,-97.03482000,-68.76812000
2.88146973,-97.35195000,-71.97370000
2.88208008,-92.78029000,-80.31116000
2.88269043,-96.79928000,-84.32637000
2.88330078,-94.22395000,-76.27927000
2.88391113,-94.59793000,-77.22784000
2.88452148,-89.19323000,-80.83634000
2.88513184,-84.83840000,-95.05759000
2.88574219,-83.88219000,-85.75950000
2.88635254,-84.79222000,-78.32765000
2.88696289,-90.23152000,-78.18963000
2.88757324,-103.49450000,-78.28501000
2.88818359,-91.57597000,-77.60854000
2.88879395,-86.48563000,-71.92746000
2.88940430,-89.33229000,-72.28168000
2.89001465,-93.56688000,-88.44630000
2.89062500,-85.84933000,-72.31020000
2.89123535,-87.70241000,-75.51102000
2.89184570,-92.77373000,-74.48774000
2.89245605,-91.75285000,-68.48109000
2.89306641,-93.23860000,-69.28864000
2.89367676,-92.83653000,-69.92188000
2.89428711,-90.31007000,-70.73812000
2.89489746,-102.01430000,-71.78647000
2.89550781,-100.35740000,-70.06086000
2.89611816,-97.41344000,-71.41303000
2.89672852,-94.93910000,-70.85826000
2.89733887,-88.72293000,-69.56303000
2.89794922,-87.91397000,-70.61816000
2.89855957,-86.96626000,-75.44970000
2.89916992,-86.66363000,-79.01131000
2.89978027,-87.49330000,-73.54787000
2.90039063,-87.02796000,-76.73878000
2.90100098,-91.40710000,-78.05945000
2.90161133,-94.19907000,-77.18749000
2.90222168,-91.21207000,-75.50146000
2.90283203,-98.23221000,-77.68417000
2.90344238,-92.17896000,-72.21680000
2.90405273,-90.87482000,-77.82865000
2.90466309,-88.23685000,-80.65248000
2.90527344,-97.25582000,-80.59399000
2.90588379,-95.09515000,-86.54691000
2.90649414,-88.14815000,-86.45741000
2.90710449,-85.37772000,-78.32543000
2.90771484,-88.22128000,-78.73462000
2.90832520,-99.86479000,-71.27695000
2.90893555,-96.44058000,-65.99433000
2.90954590,-108.60880000,-64.94643000
2.91015625,-93.18299000,-68.01451000
2.91076660,-89.87263000,-70.62961000
2.91137695,-87.04263000,-70.72653000
2.91198730,-90.79866000,-71.66661000
2.91259766,-88.69350000,-76.88378000
2.91320801,-80.11710000,-82.89273000
2.91381836,-83.56590000,-82.38574000
2.91442871,-93.69577000,-72.18326000
2.91503906,-91.25829000,-69.38159000
2.91564941,-91.38585000,-75.56772000
2.91625977,-99.42390000,-77.89552000
2.91687012,-95.01929000,-72.28170000
2.91748047,-99.19862000,-75.10123000
2.91809082,-100.93320000,-76.17751000
2.91870117,-91.51407000,-80.86351000
2.91931152,-88.31308000,-71.07005000
2.91992188,-91.91164000,-75.31522000
2.92053223,-94.54156000,-86.37756000
2.92114258,-100.44820000,-78.00847000
2.92175293,-98.19838000,-78.16226000
2.92236328,-99.05836000,-78.85884000
2.92297363,-94.40347000,-76.64274000
2.92358398,-89.86768000,-73.72398000
2.92419434,-86.31903000,-75.64571000
2.92480469,-86.16252000,-83.34153000
2.92541504,-90.71179000,-73.21876000
2.92602539,-92.14347000,-75.00832000
2.92663574,-93.78330000,-78.04366000
2.92724609,-88.35071000,-86.41525000
2.92785645,-89.58797000,-77.18050000
2.92846680,-91.49449000,-75.56990000
2.92907715,-88.76262000,-70.79549000
2.92968750,-91.58412000,-68.47961000
2.93029785,-96.30082000,-68.40448000
2.93090820,-92.49577000,-72.88530000
2.93151855,-94.46028000,-89.99412000
2.93212891,-122.47430000,-78.02972000
2.93273926,-94.89412000,-76.22294000
2.93334961,-91.47981000,-77.39526000
2.93395996,-96.13602000,-73.66074000
2.93457031,-89.72906000,-72.29832000
2.93518066,-88.81061000,-69.41135000
2.93579102,-85.28781000,-71.12961000
2.93640137,-86.34520000,-77.99762000
2.93701172,-91.86543000,-76.61655000
2.93762207,-101.76040000,-70.52733000
2.93823242,-95.74699000,-71.61775000
2.93884277,-92.83594000,-72.41065000
2.93945313,-94.65878000,-70.40930000
2.94006348,-100.07530000,-74.25349000
2.94067383,-91.42754000,-70.15504000
2.94128418,-87.88272000,-68.87048000
2.94189453,-95.67833000,-72.65294000
2.94250488,-84.12206000,-76.97985000
2.94311523,-80.44374000,-72.30613000
2.94372559,-83.82484000,-72.97878000
2.94433594,-91.74049000,-76.78546000
2.94494629,-97.28176000,-81.36615000
2.94555664,-93.28162000,-74.76837000
2.94616699,-89.34605000,-73.27512000
2.94677734,-89.49486000,-76.15121000
2.94738770,-100.71470000,-83.83065000
2.94799805,-100.35540000,-76.77537000
2.94860840,-84.57923000,-69.43121000
2.94921875,-78.97818000,-71.73080000
2.94982910,-82.29587000,-77.68324000
2.95043945,-92.70492000,-67.94666000
2.95104980,-93.93177000,-71.62254000
2.95166016,-89.85268000,-79.38627000
2.95227051,-88.20441000,-79.00893000
2.95288086,-94.14471000,-73.65565000
2.95349121,-102.45200000,-71.43449000
2.95410156,-100.72400000,-75.45322000
2.95471191,-99.23290000,-73.99819000
2.95532227,-92.06317000,-70.41412000
2.95593262,-103.33280000,-72.85609000
2.95654297,-88.80745000,-79.57530000
2.95715332,-85.16341000,-72.95935000
2.95776367,-87.96841000,-74.38596000
2.95837402,-92.85902000,-84.29917000
2.95898438,-94.39886000,-90.65849000
2.95959473,-87.19476000,-75.22519000
2.96020508,-83.75943000,-74.43188000
2.96081543,-85.60759000,-77.61221000
2.96142578,-86.96544000,-78.12778000
2.96203613,-86.57626000,-82.20081000
2.96264648,-93.18008000,-84.65620000
2.96325684,-102.86830000,-74.15247000
2.96386719,-103.56350000,-72.44771000
2.96447754,-96.04109000,-71.66837000
2.96508789,-86.97964000,-71.05470000
2.96569824,-86.66432000,-79.51334000
2.96630859,-89.77288000,-81.55570000
2.96691895,-87.91968000,-89.14777000
2.96752930,-90.23831000,-77.91976000
2.96813965,-102.60590000,-73.14198000
2.96875000,-104.19220000,-70.74088000
2.96936035,-103.48960000,-75.78644000
2.96997070,-91.86455000,-78.26102000
2.97058105,-87.06056000,-77.17632000
2.97119141,-89.56419000,-75.11015000
2.97180176,-95.11606000,-78.55224000
2.97241211,-89.29958000,-81.16272000
2.97302246,-84.14137000,-77.31091000
2.97363281,-92.98820000,-70.80420000
2.97424316,-85.87940000,-69.37331000
2.97485352,-88.30415000,-76.90908000
2.97546387,-99.36108000,-71.40073000
2.97607422,-87.28836000,-69.47681000
2.97668457,-84.38515000,-70.91373000
2.97729492,-85.67192000,-70.30398000
2.97790527,-101.14540000,-69.02480000
2.97851563,-89.55838000,-69.79709000
2.97912598,-96.54375000,-72.07533000
2.97973633,-95.07112000,-74.67558000
2.98034668,-94.21769000,-82.98069000
2.98095703,-98.30276000,-76.69100000
2.98156738,-93.50354000,-75.15855000
2.98217773,-96.37762000,-79.04087000
2.98278809,-91.38834000,-76.12585000
2.98339844,-90.08732000,-73.91135000
2.98400879,-93.51808000,-71.97865000
2.98461914,-93.52881000,-75.53369000
2.98522949,-91.56009000,-80.84061000
2.98583984,-94.18098000,-75.91377000
2.98645020,-109.90710000,-83.26599000
2.98706055,-102.47030000,-71.64960000
2.98767090,-92.99511000,-70.88387000
2.98828125,-90.86304000,-74.91601000
2.98889160,-105.54820000,-76.23357000
2.98950195,-89.68042000,-78.37012000
2.99011230,-106.69120000,-85.51018000
2.99072266,-91.29968000,-74.34724000
2.99133301,-96.83304000,-71.17865000
2.99194336,-94.81909000,-73.17670000
2.99255371,-103.17820000,-77.43102000
2.99316406,-96.05453000,-82.31473000
2.99377441,-90.86981000,-75.33318000
2.99438477,-87.98056000,-72.56090000
2.99499512,-87.41141000,-72.92259000
2.99560547,-93.57296000,-73.29741000
2.99621582,-94.41449000,-94.64766000
2.99682617,-90.64436000,-79.37621000
2.99743652,-85.92131000,-81.60435000
2.99804688,-84.85252000,-72.68269000
2.99865723,-103.36260000,-74.66124000
2.99926758,-86.62818000,-86.83856000
2.99987793,-88.17827000,-71.75819000
3.00048828,-90.74162000,-67.59503000
3.00109863,-85.37797000,-67.81367000
3.00170898,-84.51672000,-73.09640000
3.00231934,-88.50364000,-83.29494000
3.00292969,-96.10712000,-78.67245000
3.00354004,-87.60628000,-72.99527000
3.00415039,-87.92370000,-72.84585000
3.00476074,-111.06380000,-79.29436000
3.00537109,-91.38353000,-80.66494000
3.00598145,-91.97874000,-71.56776000
3.00659180,-89.46784000,-72.45067000
3.00720215,-84.39269000,-74.20285000
3.00781250,-86.92191000,-77.24049000
3.00842285,-87.53156000,-72.93185000
3.00903320,-87.52420000,-73.70611000
3.00964355,-93.36845000,-73.47916000
3.01025391,-88.68209000,-71.69051000
3.01086426,-90.58336000,-71.33235000
3.01147461,-95.91058000,-70.06064000
3.01208496,-103.05930000,-77.08038000
3.01269531,-96.53261000,-92.04018000
3.01330566,-91.14620000,-84.54390000
3.01391602,-92.32590000,-79.61935000
3.01452637,-96.30141000,-77.27348000
3.01513672,-95.84241000,-98.39095000
3.01574707,-95.22856000,-75.23710000
3.01635742,-89.93524000,-85.36087000
3.01696777,-96.80247000,-77.62158000
3.01757813,-93.35728000,-78.09246000
3.01818848,-88.43248000,-75.62059000
3.01879883,-90.45325000,-75.20148000
3.01940918,-89.30752000,-77.07333000
3.02001953,-87.70686000,-76.08569000
3.02062988,-97.33453000,-75.27019000
3.02124023,-94.07651000,-81.19817000
3.02185059,-90.74146000,-85.70169000
3.02246094,-88.79485000,-74.18726000
3.02307129,-89.50075000,-75.26702000
3.02368164,-92.81190000,-76.28375000
3.02429199,-87.11499000,-74.58891000
3.02490234,-85.42627000,-74.53642000
3.02551270,-86.39581000,-74.20403000
3.02612305,-86.12105000,-70.62338000
3.02673340,-85.51505000,-72.83240000
3.02734375,-86.72575000,-78.66920000
3.02795410,-92.90679000,-71.69397000
3.02856445,-93.77517000,-69.12830000
3.02917480,-91.93376000,-72.17034000
3.02978516,-96.96239000,-72.82111000
3.03039551,-105.51290000,-73.20770000
3.03100586,-97.57389000,-75.86791000
3.03161621,-91.69120000,-88.33917000
3.03222656,-91.34914000,-73.84144000
3.03283691,-101.43870000,-74.20541000
3.03344727,-79.70725000,-82.86507000
3.03405762,-71.03903000,-74.60620000
3.03466797,-72.67085000,-70.83826000
3.03527832,-86.72115000,-83.34945000
3.03588867,-91.88969000,-69.92181000
3.03649902,-95.09292000,-69.28129000
3.03710938,-112.60410000,-73.54124000
3.03771973,-96.69460000,-76.46014000
3.03833008,-90.36996000,-75.90137000
3.03894043,-90.02917000,-73.54012000
3.03955078,-91.69130000,-74.35487000
3.04016113,-90.11816000,-75.21123000
3.04077148,-84.03671000,-81.21269000
3.04138184,-82.33922000,-81.89712000
3.04199219,-86.26878000,-70.84860000
3.04260254,-94.38943000,-68.22520000
3.04321289,-92.93871000,-71.45792000
3.04382324,-86.71592000,-76.76092000
3.04443359,-86.52680000,-73.17921000
3.04504395,-89.90047000,-69.57853000
3.04565430,-85.25023000,-72.80455000
3.04626465,-84.28183000,-82.30099000
3.04687500,-83.04906000,-72.71822000
3.04748535,-83.94028000,-64.86157000
3.04809570,-86.12360000,-66.09406000
3.04870605,-79.82491000,-77.04340000
3.04931641,-76.94131000,-68.86186000
3.04992676,-81.63815000,-71.72681000
3.05053711,-88.19640000,-76.51454000
3.05114746,-89.85488000,-78.21204000
3.05175781,-95.27800000,-76.40959000
3.05236816,-95.63195000,-75.44318000
3.05297852,-89.40080000,-71.94109000
3.05358887,-86.12718000,-73.56891000
3.05419922,-88.52752000,-79.28011000
3.05480957,-93.94319000,-72.10065000
3.05541992,-101.81770000,-73.25329000
3.05603027,-91.13417000,-72.41508000
3.05664063,-87.57893000,-72.91528000
3.05725098,-86.04026000,-81.02005000
3.05786133,-84.56127000,-74.37893000
3.05847168,-87.95646000,-72.67063000
3.05908203,-89.29214000,-80.72211000
3.05969238,-86.24461000,-76.04562000
3.06030273,-91.44647000,-88.02657000
3.06091309,-93.19518000,-78.99993000
3.06152344,-89.28282000,-76.19054000
3.06213379,-90.93513000,-70.24604000
3.06274414,-99.96238000,-72.83697000
3.06335449,-92.33122000,-74.90077000
3.06396484,-88.06401000,-71.22473000
3.06457520,-85.52757000,-72.36706000
3.06518555,-86.81863000,-73.54276000
3.06579590,-91.17577000,-75.12588000
3.06640625,-87.27913000,-74.99635000
3.06701660,-90.58917000,-72.62117000
3.06762695,-101.01220000,-68.53049000
3.06823730,-101.24230000,-67.00215000
3.06884766,-91.43833000,-70.84656000
3.06945801,-90.32253000,-93.34277000
3.07006836,-91.39606000,-79.79244000
3.07067871,-88.30670000,-70.68799000
3.07128906,-88.96203000,-72.87624000
3.07189941,-100.42190000,-78.90387000
3.07250977,-95.01955000,-71.25584000
3.07312012,-82.93520000,-70.87071000
3.07373047,-78.31100000,-78.51057000
3.07434082,-82.21783000,-73.84931000
3.07495117,-94.08614000,-69.34845000
3.07556152,-96.02487000,-69.04085000
3.07617188,-93.14971000,-68.79670000
3.07678223,-90.85664000,-70.02669000
3.07739258,-89.32168000,-72.69563000
3.07800293,-91.76849000,-73.53418000
3.07861328,-96.55400000,-75.18366000
3.07922363,-91.33026000,-80.98377000
3.07983398,-87.18562000,-71.32447000
3.08044434,-86.71136000,-73.06314000
3.08105469,-90.76353000,-73.41595000
3.08166504,-98.65010000,-73.04261000
3.08227539,-93.26755000,-75.59992000
3.08288574,-92.02706000,-89.52264000
3.08349609,-90.89040000,-72.57695000
3.08410645,-91.08435000,-68.72343000
3.08471680,-91.57177000,-71.88467000
3.08532715,-87.02733000,-77.79922000
3.08593750,-84.64481000,-68.60490000
3.08654785,-85.32767000,-69.25604000
3.08715820,-87.06731000,-74.88587000
3.08776855,-91.92924000,-79.32720000
3.08837891,-99.19671000,-72.89861000
3.08898926,-90.46703000,-76.13000000
3.08959961,-86.71269000,-79.42903000
3.09020996,-84.98554000,-75.10062000
3.09082031,-82.26932000,-84.65821000
3.09143066,-89.44325000,-77.07071000
3.09204102,-100.87340000,-72.58138000
3.09265137,-97.78764000,-75.30997000
3.09326172,-92.57639000,-80.28868000
3.09387207,-90.17281000,-78.90081000
3.09448242,-85.46608000,-86.60507000
3.09509277,-85.57414000,-75.39748000
3.09570313,-88.88181000,-70.99071000
3.09631348,-86.38050000,-77.00925000
3.09692383,-92.64615000,-77.28543000
3.09753418,-88.56071000,-71.49194000
3.09814453,-92.61670000,-71.77242000
3.09875488,-81.51092000,-71.74430000
3.09936523,-77.27142000,-67.32012000
3.09997559,-85.77687000,-71.17500000
3.10058594,-84.41566000,-82.60291000
3.10119629,-82.73882000,-86.82888000
3.10180664,-85.44067000,-77.86986000
3.10241699,-94.00856000,-70.40914000
3.10302734,-98.73099000,-70.10674000
3.10363770,-101.38030000,-78.64673000
3.10424805,-98.18417000,-74.87589000
3.10485840,-89.02504000,-76.43372000
3.10546875,-88.82877000,-87.64191000
3.10607910,-96.69707000,-90.88664000
3.10668945,-89.02287000,-72.08610000
3.10729980,-88.34099000,-67.74306000
3.10791016,-88.05596000,-71.05383000
3.10852051,-89.60280000,-72.45520000
3.10913086,-96.42271000,-72.09912000
3.10974121,-105.66660000,-78.57066000
3.11035156,-102.97440000,-89.27747000
3.11096191,-92.49542000,-86.47649000
3.11157227,-88.33602000,-78.76360000
3.11218262,-97.18513000,-80.65477000
3.11279297,-88.96805000,-72.11339000
3.11340332,-87.15709000,-74.29408000
3.11401367,-93.27208000,-82.97791000
3.11462402,-90.74672000,-72.40304000
3.11523438,-88.12444000,-68.73611000
3.11584473,-88.07011000,-71.08530000
3.11645508,-90.25066000,-80.08378000
3.11706543,-90.97431000,-77.20605000
3.11767578,-100.96350000,-86.13181000
3.11828613,-90.51414000,-80.03545000
3.11889648,-86.91040000,-82.15805000
3.11950684,-88.94728000,-75.24078000
3.12011719,-98.85773000,-72.86968000
3.12072754,-100.94940000,-69.98486000
3.12133789,-90.09250000,-71.28818000
3.12194824,-92.59738000,-82.92656000
3.12255859,-93.23816000,-70.79464000
3.12316895,-91.03771000,-72.71916000
3.12377930,-91.89358000,-88.95537000
3.12438965,-93.01255000,-78.91431000
3.12500000,-93.85460000,-70.58759000
3.12561035,-98.24231000,-69.91968000
3.12622070,-104.06720000,-74.05801000
3.12683105,-92.16579000,-72.43307000
3.12744141,-94.35866000,-73.53255000
3.12805176,-99.81720000,-73.10123000
3.12866211,-91.75392000,-72.98673000
3.12927246,-93.31474000,-82.48494000
3.12988281,-108.74440000,-73.73372000
3.13049316,-88.93465000,-73.51321000
3.13110352,-86.31740000,-76.62698000
3.13171387,-91.29492000,-71.67899000
3.13232422,-100.86550000,-70.47722000
3.13293457,-92.45271000,-83.96702000
3.13354492,-88.81964000,-70.67042000
3.13415527,-84.63467000,-71.02757000
3.13476563,-86.37017000,-79.05250000
3.13537598,-86.05954000,-73.09802000
3.13598633,-87.93496000,-68.01283000
3.13659668,-89.32588000,-69.62640000
3.13720703,-86.87350000,-70.24055000
3.13781738,-88.48296000,-70.77206000
3.13842773,-94.84724000,-74.19009000
3.13903809,-99.98665000,-78.62714000
3.13964844,-100.47830000,-83.79980000
3.14025879,-106.69800000,-70.70882000
3.14086914,-108.34820000,-68.95116000
3.14147949,-92.94316000,-72.62124000
3.14208984,-89.19101000,-84.70444000
3.14270020,-90.93800000,-74.15525000
3.14331055,-94.09774000,-71.25096000
3.14392090,-101.15530000,-68.32870000
3.14453125,-95.78673000,-67.58745000
3.14514160,-87.42593000,-69.70582000
3.14575195,-85.89928000,-78.07047000
3.14636230,-87.75673000,-78.73916000
3.14697266,-91.54255000,-91.98195000
3.14758301,-105.42830000,-81.81419000
3.14819336,-87.08340000,-73.05046000
3.14880371,-82.31945000,-72.02443000
3.14941406,-81.68465000,-81.08620000
3.15002441,-85.22704000,-70.44745000
3.15063477,-92.04932000,-66.70358000
3.15124512,-95.71572000,-67.11128000
3.15185547,-95.39566000,-68.50253000
3.15246582,-92.05593000,-70.32273000
3.15307617,-89.69342000,-77.87215000
3.15368652,-94.62123000,-71.64517000
3.15429688,-91.16470000,-70.04373000
3.15490723,-88.20496000,-74.57058000
3.15551758,-96.04695000,-75.35067000
3.15612793,-93.91077000,-81.71325000
3.15673828,-90.31593000,-83.17639000
3.15734863,-91.35581000,-81.54182000
3.15795898,-94.30917000,-79.62882000
3.15856934,-92.69037000,-74.16586000
3.15917969,-97.30736000,-76.20184000
3.15979004,-86.39970000,-75.71498000
3.16040039,-84.26146000,-71.91057000
3.16101074,-84.96373000,-74.09738000
3.16162109,-85.55199000,-74.05598000
3.16223145,-88.16913000,-74.96221000
3.16284180,-95.25936000,-72.18706000
3.16345215,-86.84123000,-76.88010000
3.16406250,-88.47232000,-80.71206000
3.16467285,-110.73900000,-80.31745000
3.16528320,-88.74240000,-79.94639000
3.16589355,-88.53713000,-85.46649000
3.16650391,-99.24908000,-77.50430000
3.16711426,-96.30543000,-73.54883000
3.16772461,-93.63175000,-78.16755000
3.16833496,-93.40845000,-81.83959000
3.16894531,-91.43225000,-72.84727000
3.16955566,-86.38184000,-70.83087000
3.17016602,-89.74293000,-70.70237000
3.17077637,-98.41755000,-72.22241000
3.17138672,-94.16695000,-75.41055000
3.17199707,-88.98689000,-78.81958000
3.17260742,-92.03300000,-78.00516000
3.17321777,-85.57063000,-81.08566000
3.17382813,-81.72630000,-76.42337000
3.17443848,-83.66136000,-73.27796000
3.17504883,-86.07804000,-70.06020000
3.17565918,-87.46482000,-72.30025000
3.17626953,-88.39604000,-83.73898000
3.17687988,-90.31856000,-75.20142000
3.17749023,-89.28008000,-76.24960000
3.17810059,-86.74651000,-78.49499000
3.17871094,-87.72247000,-75.02144000
3.17932129,-91.32857000,-73.01035000
3.17993164,-93.56965000,-70.79156000
3.18054199,-96.72909000,-68.44175000
3.18115234,-88.73450000,-67.58633000
3.18176270,-86.64436000,-69.17436000
3.18237305,-89.06857000,-71.28982000
3.18298340,-90.14717000,-74.21848000
3.18359375,-92.36642000,-77.60036000
3.18420410,-98.96396000,-72.52276000
3.18481445,-98.29672000,-70.85052000
3.18542480,-91.27693000,-77.81728000
3.18603516,-90.49249000,-79.51656000
3.18664551,-93.65510000,-75.42544000
3.18725586,-86.70282000,-78.42187000
3.18786621,-83.43947000,-78.64768000
3.18847656,-85.08614000,-75.07585000
3.18908691,-90.83187000,-75.48626000
3.18969727,-94.25349000,-75.35846000
3.19030762,-94.18667000,-71.40301000
3.19091797,-97.14715000,-72.92120000
3.19152832,-95.11465000,-74.25809000
3.19213867,-107.49380000,-76.14389000
3.19274902,-99.24014000,-80.07470000
3.19335938,-94.85036000,-75.25079000
3.19396973,-92.97379000,-74.68873000
3.19458008,-89.75567000,-77.27721000
3.19519043,-87.22949000,-74.72968000
3.19580078,-91.53382000,-95.40549000
3.19641113,-103.50860000,-74.99167000
3.19702148,-100.34130000,-70.23220000
3.19763184,-90.72299000,-70.25419000
3.19824219,-82.60346000,-72.72155000
3.19885254,-82.50527000,-71.83623000
3.19946289,-92.71822000,-68.26231000
3.20007324,-97.60731000,-67.25188000
3.20068359,-97.05100000,-67.10919000
3.20129395,-84.37878000,-67.64336000
3.20190430,-82.86493000,-67.54466000
3.20251465,-86.16059000,-68.21049000
3.20312500,-90.64796000,-72.18154000
3.20373535,-93.54379000,-75.73021000
3.20434570,-107.63420000,-77.62607000
3.20495605,-100.90320000,-79.20165000
3.20556641,-93.44696000,-79.26093000
3.20617676,-91.20259000,-72.94661000
3.20678711,-104.88750000,-70.25082000
3.20739746,-90.68160000,-75.89671000
3.20800781,-90.38033000,-70.40677000
3.20861816,-98.86043000,-70.94034000
3.20922852,-92.46632000,-72.85504000
3.20983887,-90.78304000,-74.47149000
3.21044922,-92.97759000,-76.99049000
3.21105957,-91.51664000,-73.51981000
3.21166992,-102.72610000,-73.07703000
3.21228027,-93.36040000,-73.13371000
3.21289063,-95.34415000,-70.51524000
3.21350098,-90.49982000,-72.42798000
3.21411133,-113.84710000,-77.31483000
3.21472168,-87.86362000,-73.66187000
3.21533203,-86.16952000,-75.36481000
3.21594238,-93.26470000,-73.24413000
3.21655273,-99.21472000,-72.63737000
3.21716309,-91.83868000,-74.77480000
3.21777344,-94.49080000,-75.32009000
3.21838379,-100.78640000,-79.02869000
3.21899414,-92.86646000,-80.53476000
3.21960449,-94.99483000,-71.05803000
3.22021484,-99.29145000,-72.03029000
3.22082520,-98.94966000,-76.07734000
3.22143555,-89.21825000,-75.91695000
3.22204590,-87.40871000,-79.92726000
3.22265625,-89.40357000,-79.72749000
3.22326660,-99.31854000,-76.25287000
3.22387695,-87.61070000,-69.33888000
3.22448730,-84.58965000,-72.81692000
3.22509766,-85.66068000,-71.71140000
3.22570801,-88.88972000,-74.25211000
3.22631836,-95.31039000,-76.55254000
3.22692871,-99.76970000,-77.31379000
3.22753906,-93.48969000,-76.54207000
3.22814941,-89.45716000,-69.90900000
3.22875977,-96.43966000,-68.46694000
3.22937012,-101.88880000,-70.80915000
3.22998047,-99.69643000,-76.24220000
3.23059082,-93.51845000,-102.19010000
3.23120117,-94.83669000,-76.67377000
3.23181152,-92.60597000,-72.91574000
3.23242188,-92.17220000,-77.04757000
3.23303223,-88.43390000,-74.15547000
3.23364258,-91.11267000,-75.73057000
3.23425293,-96.28816000,-80.57793000
3.23486328,-88.59747000,-77.80619000
3.23547363,-85.87330000,-75.83968000
3.23608398,-86.35150000,-74.23756000
3.23669434,-90.65779000,-78.61871000
3.23730469,-96.91865000,-81.60083000
3.23791504,-92.31865000,-78.44482000
3.23852539,-86.37814000,-83.03021000
3.23913574,-89.33101000,-75.56635000
3.23974609,-106.50570000,-70.75472000
3.24035645,-89.63817000,-72.30934000
3.24096680,-89.05613000,-73.76891000
3.24157715,-88.04541000,-76.41650000
3.24218750,-89.68224000,-78.89455000
3.24279785,-96.78896000,-79.07201000
3.24340820,-101.99600000,-78.25475000
3.24401855,-90.51251000,-80.26154000
3.24462891,-89.05693000,-76.72395000
3.24523926,-94.26720000,-78.65189000
3.24584961,-96.33636000,-76.77587000
3.24645996,-100.16110000,-71.14517000
3.24707031,-98.52009000,-70.92253000
3.24768066,-92.75519000,-75.98181000
3.24829102,-80.29807000,-76.84505000
3.24890137,-71.09853000,-65.90617000
3.24951172,-70.37921000,-66.06425000
3.25012207,-78.84486000,-70.90007000
3.25073242,-97.33110000,-72.72906000
3.25134277,-98.05065000,-82.39958000
3.25195313,-90.73640000,-87.63715000
3.25256348,-85.92607000,-82.65479000
3.25317383,-86.22491000,-78.62431000
3.25378418,-90.12822000,-70.75078000
3.25439453,-92.88553000,-70.92462000
3.25500488,-97.72880000,-90.89835000
3.25561523,-99.14581000,-71.54109000
3.25622559,-92.58968000,-67.50546000
3.25683594,-74.25296000,-66.32838000
3.25744629,-68.09406000,-64.69520000
3.25805664,-71.37734000,-66.10562000
3.25866699,-87.86147000,-74.89426000
3.25927734,-86.23610000,-78.30959000
3.25988770,-87.06296000,-74.11389000
3.26049805,-89.87156000,-73.05063000
3.26110840,-91.75667000,-74.72413000
3.26171875,-94.85576000,-73.28142000
3.26232910,-95.45337000,-72.52260000
3.26293945,-91.37332000,-73.07764000
3.26354980,-97.05399000,-71.85644000
3.26416016,-99.03178000,-73.25543000
3.26477051,-86.88579000,-78.37264000
3.26538086,-81.93801000,-69.62762000
3.26599121,-83.45628000,-69.17594000
3.26660156,-89.69505000,-71.24454000
3.26721191,-90.12531000,-69.44866000
3.26782227,-87.06808000,-65.70624000
3.26843262,-88.62016000,-66.87824000
3.26904297,-88.84724000,-72.12420000
3.26965332,-85.55691000,-73.48354000
3.27026367,-83.41682000,-72.43806000
3.27087402,-85.35536000,-75.09767000
3.27148438,-92.75071000,-77.67601000
3.27209473,-95.18578000,-79.47303000
3.27270508,-89.94540000,-75.83968000
3.27331543,-82.59966000,-72.99559000
3.27392578,-77.67493000,-74.60031000
3.27453613,-80.80441000,-76.91653000
3.27514648,-86.18344000,-76.97925000
3.27575684,-89.12860000,-79.42254000
3.27636719,-101.67770000,-76.53477000
3.27697754,-92.04240000,-75.58817000
3.27758789,-87.71081000,-73.74097000
3.27819824,-95.63669000,-74.49812000
3.27880859,-89.86549000,-79.17381000
3.27941895,-90.15619000,-79.09740000
3.28002930,-93.97527000,-81.34357000
3.28063965,-92.23908000,-83.13137000
3.28125000,-92.42113000,-75.96562000
3.28186035,-98.30887000,-75.10527000
3.28247070,-89.81335000,-71.43382000
3.28308105,-87.04111000,-69.81390000
3.28369141,-84.48582000,-73.08731000
3.28430176,-86.00168000,-88.59991000
3.28491211,-87.95341000,-76.45340000
3.28552246,-85.66033000,-71.68640000
3.28613281,-92.28024000,-73.28067000
3.28674316,-98.72815000,-72.69737000
3.28735352,-91.77057000,-68.26841000
3.28796387,-90.82744000,-74.34726000
3.28857422,-97.06470000,-71.96725000
3.28918457,-88.69202000,-69.27110000
3.28979492,-88.71257000,-68.94734000
3.29040527,-85.47569000,-70.96529000
3.29101563,-82.51285000,-82.79269000
3.29162598,-85.36722000,-71.81681000
3.29223633,-94.76625000,-67.82833000
3.29284668,-90.81042000,-67.65981000
3.29345703,-86.60530000,-70.07322000
3.29406738,-85.99059000,-86.18453000
3.29467773,-85.24457000,-74.50466000
3.29528809,-93.86545000,-69.56401000
3.29589844,-93.20006000,-69.82079000
3.29650879,-88.96078000,-75.82684000
3.29711914,-84.21005000,-85.45866000
3.29772949,-84.48291000,-77.74457000
3.29833984,-92.83318000,-73.21142000
3.29895020,-87.48562000,-75.92387000
3.29956055,-86.16119000,-80.34386000
3.30017090,-90.93961000,-74.98380000
3.30078125,-102.94900000,-74.02741000
3.30139160,-95.40047000,-86.40858000
3.30200195,-90.89425000,-75.78117000
3.30261230,-93.72820000,-101.17880000
3.30322266,-100.02060000,-71.91393000
3.30383301,-86.32753000,-72.12198000
3.30444336,-83.56035000,-77.19824000
3.30505371,-87.38597000,-73.15891000
3.30566406,-91.33369000,-74.95681000
3.30627441,-96.91452000,-69.68675000
3.30688477,-93.11408000,-71.94034000
3.30749512,-88.12473000,-74.66265000
3.30810547,-85.69075000,-69.99671000
3.30871582,-85.00581000,-72.10761000
3.30932617,-93.00906000,-77.59091000
3.30993652,-90.67432000,-76.74639000
3.31054688,-87.27283000,-75.89573000
3.31115723,-91.81900000,-72.88367000
3.31176758,-88.07784000,-69.66827000
3.31237793,-83.75271000,-69.46674000
3.31298828,-84.93211000,-75.39735000
3.31359863,-93.03532000,-88.12077000
3.31420898,-99.79604000,-85.48361000
3.31481934,-97.25051000,-75.19690000
3.31542969,-95.51197000,-79.10468000
3.31604004,-90.76591000,-78.16513000
3.31665039,-94.86916000,-70.39006000
3.31726074,-92.69446000,-69.85139000
3.31787109,-86.43643000,-72.45028000
3.31848145,-87.85545000,-78.31858000
3.31909180,-110.21740000,-80.99702000
3.31970215,-88.17085000,-73.83968000
3.32031250,-87.34962000,-67.44324000
3.32092285,-90.03870000,-68.87084000
3.32153320,-110.12880000,-76.11053000
3.32214355,-88.51282000,-70.77277000
3.32275391,-87.20535000,-71.44164000
3.32336426,-91.79717000,-70.36347000
3.32397461,-92.06951000,-76.75146000
3.32458496,-90.71219000,-84.61743000
3.32519531,-90.81439000,-84.88562000
3.32580566,-101.64180000,-78.77926000
3.32641602,-97.59071000,-77.13490000
3.32702637,-97.63169000,-80.22671000
3.32763672,-88.80074000,-74.05400000
3.32824707,-88.88951000,-74.65984000
3.32885742,-100.58370000,-72.86798000
3.32946777,-95.81345000,-71.95390000
3.33007813,-88.88039000,-74.73619000
3.33068848,-87.54571000,-75.25346000
3.33129883,-90.18858000,-76.10748000
3.33190918,-93.30395000,-73.87648000
3.33251953,-86.20568000,-72.46731000
3.33312988,-92.53325000,-73.97042000
3.33374023,-78.35374000,-85.14283000
3.33435059,-73.40672000,-73.42117000
3.33496094,-77.12384000,-73.49581000
3.33557129,-89.59250000,-78.97724000
3.33618164,-106.52850000,-74.17085000
3.33679199,-96.80474000,-72.19978000
3.33740234,-97.53849000,-74.75855000
3.33801270,-97.18581000,-74.68462000
3.33862305,-88.68191000,-71.50983000
3.33923340,-88.51863000,-71.76036000
3.33984375,-89.84448000,-73.32449000
3.34045410,-88.12913000,-76.61737000
3.34106445,-87.57690000,-77.07606000
3.34167480,-91.50211000,-80.64955000
3.34228516,-92.03350000,-84.55690000
3.34289551,-90.90165000,-80.37316000
3.34350586,-92.63309000,-76.44755000
3.34411621,-95.91893000,-75.10764000
3.34472656,-92.59734000,-71.30950000
3.34533691,-89.36349000,-71.62630000
3.34594727,-93.43901000,-70.32664000
3.34655762,-99.16856000,-68.02089000
3.34716797,-103.27130000,-68.68829000
3.34777832,-91.68896000,-70.45669000
3.34838867,-86.79203000,-70.46667000
3.34899902,-80.20201000,-68.45229000
3.34960938,-79.15794000,-68.68629000
3.35021973,-84.09157000,-71.13708000
3.35083008,-84.55269000,-70.25819000
3.35144043,-81.88382000,-67.44131000
3.35205078,-84.07947000,-68.71691000
3.35266113,-90.67993000,-69.88817000
3.35327148,-94.53277000,-72.65791000
3.35388184,-96.91215000,-93.52278000
3.35449219,-94.35735000,-75.86606000
3.35510254,-88.03226000,-72.63619000
3.35571289,-83.95972000,-74.71384000
3.35632324,-85.14901000,-84.47404000
3.35693359,-89.14364000,-74.70219000
3.35754395,-87.71422000,-67.95930000
3.35815430,-87.08681000,-64.66634000
3.35876465,-87.57738000,-65.21974000
3.35937500,-90.28927000,-69.01210000
3.35998535,-94.53090000,-75.25319000
3.36059570,-105.90350000,-77.41457000
3.36120605,-90.63412000,-78.66019000
3.36181641,-89.43343000,-87.11995000
3.36242676,-90.21548000,-76.13940000
3.36303711,-90.01853000,-75.00522000
3.36364746,-99.03000000,-75.65568000
3.36425781,-95.33400000,-76.53245000
3.36486816,-89.57938000,-77.13418000
3.36547852,-86.08182000,-82.91924000
3.36608887,-84.13288000,-83.00246000
3.36669922,-86.56731000,-83.71094000
3.36730957,-94.21128000,-74.68607000
3.36791992,-115.18120000,-78.08020000
3.36853027,-99.37532000,-73.52756000
3.36914063,-88.47977000,-68.34924000
3.36975098,-88.94370000,-69.62980000
3.37036133,-92.83469000,-73.94502000
3.37097168,-95.11440000,-81.88018000
3.37158203,-95.81320000,-75.66762000
3.37219238,-99.25790000,-73.45621000
3.37280273,-110.93860000,-80.81671000
3.37341309,-84.07202000,-73.52925000
3.37402344,-78.95970000,-72.27509000
3.37463379,-83.56190000,-77.83553000
3.37524414,-93.33942000,-88.58428000
3.37585449,-92.01823000,-83.67862000
3.37646484,-95.41826000,-93.80836000
3.37707520,-91.96922000,-81.31990000
3.37768555,-88.93781000,-80.47878000
3.37829590,-93.37332000,-70.51102000
3.37890625,-96.26596000,-70.56859000
3.37951660,-101.90430000,-78.86237000
3.38012695,-88.83191000,-80.55251000
3.38073730,-87.37567000,-78.71212000
3.38134766,-89.24773000,-67.99144000
3.38195801,-92.54520000,-65.76086000
3.38256836,-89.39591000,-71.79623000
3.38317871,-91.33431000,-75.35714000
3.38378906,-98.97320000,-71.36789000
3.38439941,-103.03400000,-74.24041000
3.38500977,-100.92430000,-78.97495000
3.38562012,-94.52110000,-70.39114000
3.38623047,-90.12596000,-67.80482000
3.38684082,-91.32262000,-69.37991000
3.38745117,-95.11404000,-70.68557000
3.38806152,-93.27496000,-69.52130000
3.38867188,-89.67812000,-68.93699000
3.38928223,-90.42072000,-69.18723000
3.38989258,-86.38417000,-71.33109000
3.39050293,-81.74149000,-77.90500000
3.39111328,-85.82996000,-77.35307000
3.39172363,-102.64780000,-78.25441000
3.39233398,-99.58083000,-80.62290000
3.39294434,-89.40308000,-76.83700000
3.39355469,-81.88025000,-79.03730000
3.39416504,-85.80545000,-87.53722000
3.39477539,-93.64548000,-73.92525000
3.39538574,-90.86516000,-73.05259000
3.39599609,-97.05638000,-72.06013000
3.39660645,-90.66730000,-69.63499000
3.39721680,-88.04992000,-70.37404000
3.39782715,-86.46568000,-72.15202000
3.39843750,-88.08757000,-73.46606000
3.39904785,-83.55206000,-71.66336000
3.39965820,-84.58890000,-79.83504000
3.40026855,-95.88836000,-74.20459000
3.40087891,-91.04050000,-76.06093000
3.40148926,-96.41646000,-80.74776000
3.40209961,-88.81499000,-76.56956000
3.40270996,-86.61137000,-76.99162000
3.40332031,-85.66185000,-71.62077000
3.40393066,-85.92372000,-71.24985000
3.40454102,-93.98400000,-78.00393000
3.40515137,-95.37823000,-77.46311000
3.40576172,-88.47572000,-73.75954000
3.40637207,-90.23672000,-73.49088000
3.40698242,-94.30432000,-73.31432000
3.40759277,-101.41460000,-81.72721000
3.40820313,-94.53943000,-97.38454000
3.40881348,-90.91966000,-85.81699000
3.40942383,-98.14399000,-75.47247000
3.41003418,-99.87305000,-68.60866000
3.41064453,-89.92212000,-66.28707000
3.41125488,-90.30249000,-68.01003000
3.41186523,-91.49280000,-69.71188000
3.41247559,-97.68689000,-69.86917000
3.41308594,-88.19717000,-71.72742000
3.41369629,-88.48626000,-73.54043000
3.41430664,-94.25166000,-72.03989000
3.41491699,-91.08154000,-72.38618000
3.41552734,-101.90520000,-79.64849000
3.41613770,-91.54726000,-76.33443000
3.41674805,-90.02029000,-73.87900000
3.41735840,-95.98399000,-71.43560000
3.41796875,-92.18790000,-79.44090000
3.41857910,-91.84017000,-83.14377000
3.41918945,-91.00259000,-73.38279000
3.41979980,-91.47977000,-67.68068000
3.42041016,-93.14261000,-65.89730000
3.42102051,-88.36211000,-66.21230000
3.42163086,-87.33405000,-69.80258000
3.42224121,-91.15569000,-88.63525000
3.42285156,-93.92633000,-75.71204000
3.42346191,-88.36427000,-75.52458000
3.42407227,-85.10398000,-82.91405000
3.42468262,-84.30695000,-85.65788000
3.42529297,-85.90424000,-73.71375000
3.42590332,-90.04714000,-70.02493000
3.42651367,-92.95531000,-70.49598000
3.42712402,-92.13645000,-71.94749000
3.42773438,-92.67799000,-75.90880000
3.42834473,-89.18235000,-84.57276000
3.42895508,-88.22160000,-75.61246000
3.42956543,-88.71273000,-78.59714000
3.43017578,-93.21603000,-81.47472000
3.43078613,-93.43537000,-79.39150000
3.43139648,-86.78587000,-71.31412000
3.43200684,-88.20848000,-71.78619000
3.43261719,-89.32885000,-80.16936000
3.43322754,-88.88042000,-78.57014000
3.43383789,-89.08836000,-83.97856000
3.43444824,-87.89990000,-79.76214000
3.43505859,-88.34199000,-76.85763000
3.43566895,-88.79823000,-87.09354000
3.43627930,-91.66222000,-76.58416000
3.43688965,-92.73022000,-75.21252000
3.43750000,-87.75232000,-74.44789000
3.43811035,-90.50996000,-73.17636000
3.43872070,-86.31463000,-75.06667000
3.43933105,-89.88531000,-75.34953000
3.43994141,-101.22520000,-82.15908000
3.44055176,-107.79750000,-68.38660000
3.44116211,-106.15120000,-68.87939000
3.44177246,-96.95812000,-77.77738000
3.44238281,-93.44369000,-82.52374000
3.44299316,-96.78237000,-74.90609000
3.44360352,-95.15236000,-74.00292000
3.44421387,-95.27833000,-76.54539000
3.44482422,-105.79210000,-92.73243000
3.44543457,-95.63745000,-76.57419000
3.44604492,-95.22828000,-78.55538000
3.44665527,-92.39002000,-80.61063000
3.44726563,-92.85514000,-82.03766000
3.44787598,-91.78429000,-78.02328000
3.44848633,-93.67581000,-73.62348000
3.44909668,-96.82758000,-86.81584000
3.44970703,-96.52505000,-74.59264000
3.45031738,-88.75149000,-73.03487000
3.45092773,-96.49327000,-72.07353000
3.45153809,-96.51989000,-75.80965000
3.45214844,-97.56843000,-93.43014000
3.45275879,-91.10665000,-77.58663000
3.45336914,-83.70014000,-74.95030000
3.45397949,-87.69756000,-82.58411000
3.45458984,-109.80740000,-87.98336000
3.45520020,-100.53220000,-72.46216000
3.45581055,-99.43140000,-68.37776000
3.45642090,-109.09910000,-71.23473000
3.45703125,-93.48389000,-77.14156000
3.45764160,-92.61916000,-71.31847000
3.45825195,-100.21910000,-70.82285000
3.45886230,-103.82830000,-72.86163000
3.45947266,-99.18401000,-73.66576000
3.46008301,-95.70548000,-76.34264000
3.46069336,-102.33210000,-77.99280000
3.46130371,-95.22514000,-72.94418000
3.46191406,-97.65637000,-71.96307000
3.46252441,-93.64899000,-71.50386000
3.46313477,-89.89073000,-70.57364000
3.46374512,-89.91168000,-68.41630000
3.46435547,-87.81757000,-69.73237000
3.46496582,-83.41946000,-72.76460000
3.46557617,-82.32709000,-78.73087000
3.46618652,-86.64258000,-81.79908000
3.46679688,-99.67996000,-75.86833000
3.46740723,-90.46333000,-78.34227000
3.46801758,-85.61133000,-78.89651000
3.46862793,-84.42329000,-70.76253000
3.46923828,-87.42259000,-74.80830000
3.46984863,-94.03934000,-79.29500000
3.47045898,-97.46930000,-71.47139000
3.47106934,-88.38393000,-71.14738000
3.47167969,-89.40197000,-72.32713000
3.47229004,-96.22589000,-74.20480000
3.47290039,-97.60789000,-77.61096000
3.47351074,-88.31108000,-77.07761000
3.47412109,-86.08573000,-79.54637000
3.47473145,-85.48174000,-76.25903000
3.47534180,-84.58926000,-72.06247000
3.47595215,-84.73293000,-69.19101000
3.47656250,-87.49094000,-70.11218000
3.47717285,-97.08009000,-81.19853000
3.47778320,-99.94221000,-80.78381000
3.47839355,-94.51422000,-79.31802000
3.47900391,-91.49632000,-73.53261000
3.47961426,-96.55377000,-75.56458000
3.48022461,-94.57595000,-73.33673000
3.48083496,-93.54324000,-72.10921000
3.48144531,-105.54880000,-77.27340000
3.48205566,-89.21424000,-84.12593000
3.48266602,-87.67383000,-76.01905000
3.48327637,-86.38398000,-73.59338000
3.48388672,-85.66110000,-75.01888000
3.48449707,-89.23606000,-79.87341000
3.48510742,-99.21176000,-72.89350000
3.48571777,-99.43932000,-73.74412000
3.48632813,-89.67729000,-77.24433000
3.48693848,-89.71109000,-86.15372000
3.48754883,-92.60759000,-81.28191000
3.48815918,-90.13459000,-81.45967000
3.48876953,-93.03674000,-93.41187000
3.48937988,-114.98530000,-77.54384000
3.48999023,-94.39297000,-73.61112000
3.49060059,-84.80956000,-75.84453000
3.49121094,-86.44577000,-102.79580000
3.49182129,-100.84230000,-79.41426000
3.49243164,-90.61015000,-71.89317000
3.49304199,-86.40237000,-69.19070000
3.49365234,-85.98409000,-77.80916000
3.49426270,-87.03062000,-72.96758000
3.49487305,-90.84019000,-68.40068000
3.49548340,-99.23866000,-68.00969000
3.49609375,-95.07620000,-70.85386000
3.49670410,-90.32093000,-75.30772000
3.49731445,-114.26970000,-76.75675000
3.49792480,-93.79219000,-81.68430000
3.49853516,-90.16895000,-79.61854000
3.49914551,-89.79600000,-81.81847000
3.49975586,-92.86423000,-75.64699000
3.50036621,-89.17397000,-75.87752000
3.50097656,-84.26223000,-71.66573000
3.50158691,-82.01318000,-69.67587000
3.50219727,-86.87732000,-74.37505000
3.50280762,-85.79742000,-77.80242000
3.50341797,-83.07565000,-71.65674000
3.50402832,-82.43376000,-71.59062000
3.50463867,-88.12752000,-75.80819000
3.50524902,-92.23378000,-68.78423000
3.50585938,-90.12914000,-66.45814000
3.50646973,-89.42008000,-71.40913000
3.50708008,-89.85999000,-79.02521000
3.50769043,-95.50580000,-76.18691000
3.50830078,-88.81239000,-77.05858000
3.50891113,-86.45972000,-76.96679000
3.50952148,-89.74281000,-72.85804000
3.51013184,-92.58399000,-72.51964000
3.51074219,-90.29324000,-77.20373000
3.51135254,-92.54735000,-88.81250000
3.51196289,-104.72270000,-78.01669000
3.51257324,-81.11027000,-80.11626000
3.51318359,-71.53509000,-72.46223000
3.51379395,-70.56634000,-77.85623000
3.51440430,-78.16051000,-82.77393000
3.51501465,-88.22567000,-76.54898000
3.51562500,-88.88367000,-78.78505000
3.51623535,-90.08629000,-72.47804000
3.51684570,-96.90044000,-69.59951000
3.51745605,-100.04840000,-77.32634000
3.51806641,-91.98516000,-79.65713000
3.51867676,-88.78333000,-80.76170000
3.51928711,-86.26549000,-75.39626000
3.51989746,-86.48485000,-72.17262000
3.52050781,-89.29665000,-76.13423000
3.52111816,-88.79288000,-71.64539000
3.52172852,-86.27700000,-67.59782000
3.52233887,-87.98755000,-70.03589000
3.52294922,-89.82025000,-68.86212000
3.52355957,-87.15422000,-67.18123000
3.52416992,-89.52013000,-70.96590000
3.52478027,-87.62005000,-78.34058000
3.52539063,-85.39979000,-80.36378000
3.52600098,-88.83617000,-74.13434000
3.52661133,-91.19946000,-75.65221000
3.52722168,-94.71474000,-80.39490000
3.52783203,-102.26720000,-69.02466000
3.52844238,-101.06800000,-67.56851000
3.52905273,-90.88570000,-71.13766000
3.52966309,-90.39941000,-80.34267000
3.53027344,-92.52292000,-77.28182000
3.53088379,-90.76494000,-79.54755000
3.53149414,-94.73624000,-81.08073000
3.53210449,-99.81445000,-76.31847000
3.53271484,-92.15720000,-76.40281000
3.53332520,-95.80162000,-76.43008000
3.53393555,-92.86704000,-76.66360000
3.53454590,-88.64284000,-73.03618000
3.53515625,-87.73764000,-70.99186000
3.53576660,-94.69875000,-74.70593000
3.53637695,-94.87064000,-72.57270000
3.53698730,-94.64117000,-68.28690000
3.53759766,-95.04569000,-71.48236000
3.53820801,-87.10125000,-80.24936000
3.53881836,-86.19072000,-83.55113000
3.53942871,-92.34727000,-76.38015000
3.54003906,-95.36859000,-71.26253000
3.54064941,-87.93450000,-71.75784000
3.54125977,-84.87697000,-73.23966000
3.54187012,-85.68539000,-74.35176000
3.54248047,-86.08446000,-75.30827000
3.54309082,-81.27396000,-75.90649000
3.54370117,-81.69392000,-70.47090000
3.54431152,-88.89695000,-70.74118000
3.54492188,-96.44994000,-71.93781000
3.54553223,-91.77803000,-71.64960000
3.54614258,-95.80550000,-72.58202000
3.54675293,-93.86533000,-74.55965000
3.54736328,-88.54249000,-75.57027000
3.54797363,-85.84494000,-80.65862000
3.54858398,-85.72615000,-81.34074000
3.54919434,-90.54870000,-73.08466000
3.54980469,-100.32120000,-75.37901000
3.55041504,-98.46429000,-83.30357000
3.55102539,-103.19350000,-87.48189000
3.55163574,-112.73490000,-74.72495000
3.55224609,-103.33390000,-71.74078000
3.55285645,-95.61121000,-74.17715000
3.55346680,-86.03809000,-76.88812000
3.55407715,-84.80197000,-75.24281000
3.55468750,-85.97836000,-76.41354000
3.55529785,-91.18840000,-86.14472000
3.55590820,-92.26123000,-74.93700000
3.55651855,-93.06030000,-77.40215000
3.55712891,-94.12642000,-81.58370000
3.55773926,-92.53664000,-72.17559000
3.55834961,-94.95583000,-69.67784000
3.55895996,-90.48263000,-71.33358000
3.55957031,-88.66044000,-71.11327000
3.56018066,-91.49927000,-70.61578000
3.56079102,-95.58633000,-69.51372000
3.56140137,-89.73026000,-72.20046000
3.56201172,-88.61411000,-74.73396000
3.56262207,-95.35895000,-77.59799000
3.56323242,-98.72475000,-74.89433000
3.56384277,-92.71082000,-71.57851000
3.56445313,-92.00985000,-70.46262000
3.56506348,-93.34970000,-72.06662000
3.56567383,-94.60995000,-80.29362000
3.56628418,-92.29787000,-83.92241000
3.56689453,-99.64149000,-85.53155000
3.56750488,-98.11249000,-75.26639000
3.56811523,-95.12836000,-69.48777000
3.56872559,-97.92271000,-67.90908000
3.56933594,-95.10975000,-68.76163000
3.56994629,-97.09682000,-71.46433000
3.57055664,-101.30380000,-75.51746000
3.57116699,-101.61780000,-83.23166000
3.57177734,-97.79619000,-70.82169000
3.57238770,-88.13397000,-69.01891000
3.57299805,-88.01418000,-77.39236000
3.57360840,-78.57600000,-71.00865000
3.57421875,-74.21686000,-69.99511000
3.57482910,-81.13016000,-74.92239000
3.57543945,-88.60477000,-73.94118000
3.57604980,-94.08510000,-71.80373000
3.57666016,-98.73086000,-72.61578000
3.57727051,-95.66006000,-73.83414000
3.57788086,-102.15480000,-75.01325000
3.57849121,-98.28558000,-80.60135000
3.57910156,-101.40270000,-86.04140000
3.57971191,-92.13649000,-80.31897000
3.58032227,-92.24536000,-77.05351000
3.58093262,-96.70483000,-75.06599000
3.58154297,-91.85201000,-74.90721000
3.58215332,-97.06653000,-84.75119000
3.58276367,-100.87380000,-74.26045000
3.58337402,-104.11190000,-74.03224000
3.58398438,-93.24952000,-75.56984000
3.58459473,-95.40558000,-74.89326000
3.58520508,-97.16325000,-69.93222000
3.58581543,-96.83384000,-71.57558000
3.58642578,-97.82814000,-82.45423000
3.58703613,-87.98114000,-72.54166000
3.58764648,-90.34440000,-74.98868000
3.58825684,-95.92873000,-73.20937000
3.58886719,-104.22020000,-71.32710000
3.58947754,-90.00098000,-74.04678000
3.59008789,-85.28233000,-76.00484000
3.59069824,-84.74080000,-82.48630000
3.59130859,-87.82101000,-80.62583000
3.59191895,-97.22594000,-75.17494000
3.59252930,-98.07839000,-78.89240000
3.59313965,-92.62285000,-88.11734000
3.59375000,-99.15962000,-80.24483000
3.59436035,-88.66062000,-74.04227000
3.59497070,-84.32107000,-71.59541000
3.59558105,-85.84315000,-74.24299000
3.59619141,-90.06341000,-77.03961000
3.59680176,-90.37982000,-70.28716000
3.59741211,-95.10733000,-71.39590000
3.59802246,-91.33467000,-82.45703000
3.59863281,-85.84403000,-74.36240000
3.59924316,-80.34565000,-69.02734000
3.59985352,-80.90114000,-73.76842000
3.60046387,-89.04084000,-79.65974000
3.60107422,-89.93142000,-72.40758000
3.60168457,-83.54035000,-79.26910000
3.60229492,-82.60648000,-71.76383000
3.60290527,-87.59559000,-76.95486000
3.60351563,-83.56509000,-73.20705000
3.60412598,-82.53090000,-71.18843000
3.60473633,-85.85078000,-77.30891000
3.60534668,-89.96201000,-80.86850000
3.60595703,-98.03871000,-74.69238000
3.60656738,-96.00623000,-72.16309000
3.60717773,-96.08119000,-74.23134000
3.60778809,-110.24560000,-73.02235000
3.60839844,-110.86710000,-72.17249000
3.60900879,-108.92490000,-70.09142000
3.60961914,-101.06150000,-71.02902000
3.61022949,-102.30930000,-70.88704000
3.61083984,-95.29212000,-74.39954000
3.61145020,-102.23060000,-80.20531000
3.61206055,-104.61390000,-72.32877000
3.61267090,-99.17844000,-73.34374000
3.61328125,-84.45782000,-70.03565000
3.61389160,-82.22276000,-71.00541000
3.61450195,-86.31863000,-72.27539000
3.61511230,-83.76840000,-71.87186000
3.61572266,-84.21970000,-73.88444000
3.61633301,-89.42760000,-71.18998000
3.61694336,-87.65495000,-70.17924000
3.61755371,-83.35511000,-70.67190000
3.61816406,-86.06098000,-72.49238000
3.61877441,-102.99430000,-74.55224000
3.61938477,-92.54845000,-81.13756000
3.61999512,-88.99998000,-75.18259000
3.62060547,-89.64862000,-70.96421000
3.62121582,-90.49709000,-77.56223000
3.62182617,-89.45461000,-79.04630000
3.62243652,-87.54536000,-74.06960000
3.62304688,-88.54497000,-75.60468000
3.62365723,-114.82400000,-81.62286000
3.62426758,-92.83036000,-71.02457000
3.62487793,-105.28150000,-75.82800000
3.62548828,-89.13297000,-79.01992000
3.62609863,-86.83891000,-79.67751000
3.62670898,-88.63555000,-75.61688000
3.62731934,-93.85239000,-70.75402000
3.62792969,-100.83500000,-68.77183000
3.62854004,-109.81360000,-68.51215000
3.62915039,-94.31105000,-68.62357000
3.62976074,-92.68226000,-68.82270000
3.63037109,-99.93328000,-69.86794000
3.63098145,-100.82760000,-69.82793000
3.63159180,-113.94330000,-72.17439000
3.63220215,-89.23570000,-70.70011000
3.63281250,-83.82369000,-70.54697000
3.63342285,-81.11751000,-74.21050000
3.63403320,-83.22641000,-74.91216000
3.63464355,-92.69409000,-68.85663000
3.63525391,-89.88114000,-67.77016000
3.63586426,-88.23646000,-70.23374000
3.63647461,-97.26622000,-75.95298000
3.63708496,-94.13818000,-82.90862000
3.63769531,-92.68498000,-85.23213000
3.63830566,-100.16240000,-76.18920000
3.63891602,-92.10720000,-72.83110000
3.63952637,-101.13550000,-75.01170000
3.64013672,-91.37708000,-75.02020000
3.64074707,-88.88741000,-70.24672000
3.64135742,-90.21302000,-69.68488000
3.64196777,-88.23928000,-69.74720000
3.64257813,-85.69545000,-69.30315000
3.64318848,-85.27386000,-73.84562000
3.64379883,-89.43172000,-73.69627000
3.64440918,-90.81020000,-69.03584000
3.64501953,-92.51627000,-69.67549000
3.64562988,-98.73246000,-69.26180000
3.64624023,-100.21850000,-69.61868000
3.64685059,-93.84728000,-72.65057000
3.64746094,-95.16882000,-83.59570000
3.64807129,-94.75648000,-83.63503000
3.64868164,-88.67728000,-77.83150000
3.64929199,-83.40726000,-77.29367000
3.64990234,-86.88736000,-81.54298000
3.65051270,-92.34414000,-72.41421000
3.65112305,-87.64828000,-72.48685000
3.65173340,-87.31731000,-74.97530000
3.65234375,-92.72949000,-88.58513000
3.65295410,-87.82775000,-69.42496000
3.65356445,-85.04305000,-69.59169000
3.65417480,-85.99274000,-80.61462000
3.65478516,-97.44332000,-89.66890000
3.65539551,-92.48000000,-74.32818000
3.65600586,-92.38170000,-71.91597000
3.65661621,-101.68300000,-67.46809000
3.65722656,-95.83427000,-66.81647000
3.65783691,-93.38604000,-68.79449000
3.65844727,-98.49876000,-70.18475000
3.65905762,-93.04587000,-68.54990000
3.65966797,-90.22054000,-68.72171000
3.66027832,-95.05881000,-74.64912000
3.66088867,-103.82040000,-91.81334000
3.66149902,-98.72827000,-88.56750000
3.66210938,-93.62349000,-81.37135000
3.66271973,-87.94363000,-79.43119000
3.66333008,-84.80122000,-72.91316000
3.66394043,-84.58466000,-69.73328000
3.66455078,-90.07545000,-75.84125000
3.66516113,-94.11050000,-75.01623000
3.66577148,-96.77361000,-86.73346000
3.66638184,-95.78561000,-79.76021000
3.66699219,-94.68204000,-77.34537000
3.66760254,-105.34480000,-80.37880000
3.66821289,-92.13848000,-76.86390000
3.66882324,-89.36275000,-76.95695000
3.66943359,-87.41157000,-90.47105000
3.67004395,-84.83840000,-75.53110000
3.67065430,-86.93651000,-73.10273000
3.67126465,-97.96111000,-79.11852000
3.67187500,-93.29430000,-74.68103000
3.67248535,-87.26807000,-70.58466000
3.67309570,-81.42316000,-70.53826000
3.67370605,-76.05505000,-73.32999000
3.67431641,-77.83865000,-76.43991000
3.67492676,-88.42871000,-72.80768000
3.67553711,-99.32098000,-75.90572000
3.67614746,-103.22990000,-78.92406000
3.67675781,-90.05180000,-86.24202000
3.67736816,-88.29185000,-86.49609000
3.67797852,-86.83665000,-83.45473000
3.67858887,-85.59964000,-72.39331000
3.67919922,-88.78940000,-68.62180000
3.67980957,-92.94723000,-68.60326000
3.68041992,-94.32227000,-69.75968000
3.68103027,-95.94890000,-69.15438000
3.68164063,-99.29078000,-70.26959000
3.68225098,-105.80750000,-72.57130000
3.68286133,-89.89189000,-76.08520000
3.68347168,-85.27328000,-82.35938000
3.68408203,-87.74451000,-89.30284000
3.68469238,-91.90124000,-77.13037000
3.68530273,-84.66258000,-75.76933000
3.68591309,-83.87930000,-73.47307000
3.68652344,-87.42783000,-75.15016000
3.68713379,-91.34515000,-73.81454000
3.68774414,-90.04502000,-76.00035000
3.68835449,-90.41170000,-72.20340000
3.68896484,-91.52119000,-70.45865000
3.68957520,-88.50464000,-79.44536000
3.69018555,-84.34151000,-72.81918000
3.69079590,-81.54280000,-73.93979000
3.69140625,-83.45503000,-74.14939000
3.69201660,-89.13371000,-72.29682000
3.69262695,-89.76655000,-84.75089000
3.69323730,-89.03519000,-79.06789000
3.69384766,-91.08338000,-80.96416000
3.69445801,-88.16193000,-84.49599000
3.69506836,-86.97104000,-78.56789000
3.69567871,-92.94801000,-81.35028000
3.69628906,-96.05439000,-77.17940000
3.69689941,-91.56572000,-71.41808000
3.69750977,-93.91106000,-71.51589000
3.69812012,-91.57034000,-73.37053000
3.69873047,-81.49887000,-76.36942000
3.69934082,-77.84441000,-74.80963000
3.69995117,-80.34268000,-70.81630000
3.70056152,-88.98135000,-72.81119000
3.70117188,-94.02592000,-78.79273000
3.70178223,-92.49376000,-76.89798000
3.70239258,-93.17986000,-76.56266000
3.70300293,-94.60982000,-76.75191000
3.70361328,-85.50172000,-75.86156000
3.70422363,-84.54815000,-79.12313000
3.70483398,-90.99332000,-77.10769000
3.70544434,-113.75990000,-72.13913000
3.70605469,-93.28148000,-73.01022000
3.70666504,-86.79771000,-77.28474000
3.70727539,-84.17470000,-73.00423000
3.70788574,-83.82018000,-72.81095000
3.70849609,-83.97388000,-73.77532000
3.70910645,-83.60655000,-73.30645000
3.70971680,-85.54602000,-70.18616000
3.71032715,-95.07538000,-70.34586000
3.71093750,-95.64529000,-78.60837000
3.71154785,-100.08380000,-73.55418000
3.71215820,-91.60677000,-69.08787000
3.71276855,-88.38261000,-71.13155000
3.71337891,-86.22165000,-80.76039000
3.71398926,-87.61343000,-77.50989000
3.71459961,-91.08613000,-72.94627000
3.71520996,-95.58556000,-78.72771000
3.71582031,-100.59560000,-79.65250000
3.71643066,-99.27382000,-86.95193000
3.71704102,-102.72470000,-100.62240000
3.71765137,-99.70294000,-73.96967000
3.71826172,-95.58395000,-72.87552000
3.71887207,-85.50542000,-85.08831000
3.71948242,-86.85189000,-78.86214000
3.72009277,-93.90855000,-83.50455000
3.72070313,-88.63822000,-72.52634000
3.72131348,-92.16318000,-70.55627000
3.72192383,-92.29613000,-66.92303000
3.72253418,-89.06200000,-68.70648000
3.72314453,-84.26543000,-82.97367000
3.72375488,-81.11246000,-81.90163000
3.72436523,-86.86664000,-102.88160000
3.72497559,-93.16941000,-77.19094000
3.72558594,-89.90296000,-78.04845000
3.72619629,-89.19289000,-80.58792000
3.72680664,-86.62810000,-77.45244000
3.72741699,-86.55389000,-77.60152000
3.72802734,-84.73319000,-83.03809000
3.72863770,-84.30908000,-78.11474000
3.72924805,-87.87960000,-69.51080000
3.72985840,-95.05924000,-69.51043000
3.73046875,-93.26109000,-78.13215000
3.73107910,-91.19882000,-87.30338000
3.73168945,-90.69371000,-95.40591000
3.73229980,-97.88708000,-81.84250000
3.73291016,-84.58253000,-73.72726000
3.73352051,-83.17088000,-68.00742000
3.73413086,-86.47774000,-67.60864000
3.73474121,-86.00300000,-69.62991000
3.73535156,-88.96789000,-71.17562000
3.73596191,-90.03139000,-75.27539000
3.73657227,-86.83883000,-73.90110000
3.73718262,-84.67775000,-71.72947000
3.73779297,-85.02647000,-75.55087000
3.73840332,-89.35029000,-73.38663000
3.73901367,-92.87719000,-69.69380000
3.73962402,-97.09220000,-68.69318000
3.74023438,-102.26800000,-73.85856000
3.74084473,-107.66760000,-79.23648000
3.74145508,-98.27702000,-73.51487000
3.74206543,-93.37119000,-68.92175000
3.74267578,-90.04114000,-72.33488000
3.74328613,-85.98408000,-83.10844000
3.74389648,-84.58855000,-78.09305000
3.74450684,-87.42018000,-87.89410000
3.74511719,-92.05397000,-78.10128000
3.74572754,-91.53728000,-84.96281000
3.74633789,-95.88492000,-79.17561000
3.74694824,-91.93974000,-81.57991000
3.74755859,-88.19938000,-79.27425000
3.74816895,-85.86977000,-80.04497000
3.74877930,-79.52437000,-75.77897000
3.74938965,-75.59989000,-73.01335000
3.75000000,-78.94604000,-74.97796000
3.75061035,-99.30176000,-74.25262000
3.75122070,-88.76418000,-77.88327000
3.75183105,-87.79979000,-79.23846000
3.75244141,-97.01667000,-78.22543000
3.75305176,-88.00764000,-76.65577000
3.75366211,-83.75945000,-76.19429000
3.75427246,-83.40962000,-74.44757000
3.75488281,-84.78168000,-69.21295000
3.75549316,-88.04142000,-68.27505000
3.75610352,-94.30950000,-85.31619000
3.75671387,-94.76248000,-70.45107000
3.75732422,-104.96130000,-68.63303000
3.75793457,-90.98923000,-69.17637000
3.75854492,-86.17296000,-73.49614000
3.75915527,-85.29448000,-82.91585000
3.75976563,-88.81512000,-85.72287000
3.76037598,-101.60770000,-76.32661000
3.76098633,-99.10641000,-80.35854000
3.76159668,-92.39285000,-75.41122000
3.76220703,-89.53978000,-73.70591000
3.76281738,-88.87096000,-78.08424000
3.76342773,-87.95299000,-74.58276000
3.76403809,-92.93616000,-68.86362000
3.76464844,-89.39213000,-71.31461000
3.76525879,-87.44524000,-83.96324000
3.76586914,-84.91385000,-94.62905000
3.76647949,-83.17307000,-97.57027000
3.76708984,-84.67040000,-83.07107000
3.76770020,-87.00616000,-85.28967000
3.76831055,-84.95195000,-75.00760000
3.76892090,-83.93691000,-71.55709000
3.76953125,-86.93527000,-72.94322000
3.77014160,-89.81475000,-79.19301000
3.77075195,-88.72632000,-74.30922000
3.77136230,-88.47176000,-73.76690000
3.77197266,-95.26149000,-75.53952000
3.77258301,-99.35929000,-73.41912000
3.77319336,-85.14880000,-73.24390000
3.77380371,-78.02806000,-70.36655000
3.77441406,-79.16132000,-68.31105000
3.77502441,-89.05367000,-69.70367000
3.77563477,-89.13618000,-71.78769000
3.77624512,-88.84555000,-75.38912000
3.77685547,-93.43483000,-77.69507000
3.77746582,-100.84130000,-78.83969000
3.77807617,-97.47290000,-71.01749000
3.77868652,-91.04270000,-72.92392000
3.77929688,-88.76378000,-90.08235000
3.77990723,-87.47352000,-75.75868000
3.78051758,-91.35352000,-75.78603000
3.78112793,-90.88145000,-73.84335000
3.78173828,-90.81921000,-71.23345000
3.78234863,-93.11035000,-67.62902000
3.78295898,-91.36775000,-74.53079000
3.78356934,-86.17812000,-83.05260000
3.78417969,-85.24567000,-80.15243000
3.78479004,-87.07214000,-78.83147000
3.78540039,-88.03452000,-81.12056000
3.78601074,-88.88299000,-81.93595000
3.78662109,-91.27782000,-76.84694000
3.78723145,-86.25186000,-72.22079000
3.78784180,-88.22385000,-76.07675000
3.78845215,-89.23645000,-84.95670000
3.78906250,-87.37672000,-89.60908000
3.78967285,-86.84815000,-95.32843000
3.79028320,-89.99193000,-84.24255000
3.79089355,-83.92609000,-72.68537000
3.79150391,-86.39124000,-70.72961000
3.79211426,-94.96761000,-74.73735000
3.79272461,-91.04726000,-82.08275000
3.79333496,-92.50436000,-73.34178000
3.79394531,-94.79857000,-73.17694000
3.79455566,-89.64513000,-76.86885000
3.79516602,-95.76019000,-73.68503000
3.79577637,-92.15430000,-74.49338000
3.79638672,-90.36147000,-78.90746000
3.79699707,-94.17062000,-74.23177000
3.79760742,-91.79968000,-72.10641000
3.79821777,-80.33294000,-67.32967000
3.79882813,-73.36440000,-66.48699000
3.79943848,-70.35958000,-71.59554000
3.80004883,-73.95283000,-87.37614000
3.80065918,-86.10199000,-74.70681000
3.80126953,-96.06592000,-72.20338000
3.80187988,-93.04472000,-72.27838000
3.80249023,-87.73116000,-71.79387000
3.80310059,-85.18594000,-73.52885000
3.80371094,-87.72240000,-78.36602000
3.80432129,-95.14023000,-79.10041000
3.80493164,-88.11830000,-71.07520000
3.80554199,-89.23881000,-71.41397000
3.80615234,-96.03076000,-83.83679000
3.80676270,-96.38045000,-77.23071000
3.80737305,-96.75578000,-76.70770000
3.80798340,-97.19662000,-87.91806000
3.80859375,-90.00378000,-79.38203000
3.80920410,-85.81279000,-71.11369000
3.80981445,-92.97576000,-72.51009000
3.81042480,-91.29673000,-74.36613000
3.81103516,-87.75929000,-70.57980000
3.81164551,-89.52195000,-73.53696000
3.81225586,-89.63655000,-74.87647000
3.81286621,-82.97162000,-76.98370000
3.81347656,-76.64217000,-94.91134000
3.81408691,-78.05437000,-72.05873000
3.81469727,-89.42954000,-69.50901000
3.81530762,-97.01289000,-72.43053000
3.81591797,-91.69380000,-76.96230000
3.81652832,-93.79134000,-83.58578000
3.81713867,-90.11299000,-77.77083000
3.81774902,-85.17066000,-76.84989000
3.81835938,-101.09540000,-75.36150000
3.81896973,-85.44806000,-70.83392000
3.81958008,-83.65697000,-68.71315000
3.82019043,-83.08617000,-72.95065000
3.82080078,-80.39443000,-76.45837000
3.82141113,-81.17696000,-67.03751000
3.82202148,-92.12810000,-71.18942000
3.82263184,-96.20374000,-73.62345000
3.82324219,-90.12706000,-68.96075000
3.82385254,-82.12889000,-73.67896000
3.82446289,-80.90848000,-87.42831000
3.82507324,-85.69144000,-81.77718000
3.82568359,-90.25336000,-74.72009000
3.82629395,-84.97661000,-68.15675000
3.82690430,-83.47157000,-72.49298000
3.82751465,-89.47221000,-84.84420000
3.82812500,-101.75450000,-83.24036000
3.82873535,-93.24254000,-74.79119000
3.82934570,-90.27177000,-69.57597000
3.82995605,-87.54444000,-70.00053000
3.83056641,-86.36288000,-67.51889000
3.83117676,-86.64183000,-69.78590000
3.83178711,-88.50776000,-81.26418000
3.83239746,-89.38899000,-71.13124000
3.83300781,-81.91623000,-69.57514000
3.83361816,-80.12218000,-74.94780000
3.83422852,-87.04852000,-83.98123000
3.83483887,-92.47176000,-73.19037000
3.83544922,-93.22395000,-69.98163000
3.83605957,-88.70459000,-69.43526000
3.83666992,-86.31456000,-69.38806000
3.83728027,-87.70138000,-70.68734000
3.83789063,-87.91843000,-77.81827000
3.83850098,-88.65698000,-79.08299000
3.83911133,-86.04053000,-79.56519000
3.83972168,-84.35874000,-73.65226000
3.84033203,-85.12986000,-70.78756000
3.84094238,-88.41880000,-70.58720000
3.84155273,-99.05521000,-78.11655000
3.84216309,-98.96083000,-74.24551000
3.84277344,-93.29529000,-73.00319000
3.84338379,-87.78116000,-78.04597000
3.84399414,-85.95218000,-77.81227000
3.84460449,-90.35134000,-74.15383000
3.84521484,-97.15997000,-75.17157000
3.84582520,-89.14708000,-78.85149000
3.84643555,-87.70871000,-72.20014000
3.84704590,-91.44164000,-74.45963000
3.84765625,-89.98949000,-85.20957000
3.84826660,-91.25229000,-77.14271000
3.84887695,-83.71716000,-76.48452000
3.84948730,-76.97320000,-69.73835000
3.85009766,-79.91866000,-76.47721000
3.85070801,-86.89703000,-76.61936000
3.85131836,-86.56007000,-80.98273000
3.85192871,-89.48598000,-75.92357000
3.85253906,-94.60849000,-74.73677000
3.85314941,-89.48817000,-79.78004000
3.85375977,-95.27991000,-73.52247000
3.85437012,-90.32912000,-71.72466000
3.85498047,-89.79496000,-72.70283000
3.85559082,-88.99821000,-74.18392000
3.85620117,-92.07684000,-75.46456000
3.85681152,-90.29343000,-73.86493000
3.85742188,-87.46867000,-72.27518000
3.85803223,-86.54609000,-71.95136000
3.85864258,-84.72585000,-71.95848000
3.85925293,-85.07384000,-72.27741000
3.85986328,-91.28452000,-73.08064000
3.86047363,-95.86444000,-71.49947000
3.86108398,-90.84270000,-83.48740000
3.86169434,-88.51136000,-78.41720000
3.86230469,-96.76925000,-96.43921000
3.86291504,-97.71262000,-76.53288000
3.86352539,-88.48843000,-71.27473000
3.86413574,-84.32018000,-74.47440000
3.86474609,-85.51548000,-79.55627000
3.86535645,-90.37090000,-92.32115000
3.86596680,-88.82523000,-76.51908000
3.86657715,-89.36604000,-70.71358000
3.86718750,-92.25803000,-73.99217000
3.86779785,-90.89763000,-83.29732000
3.86840820,-91.12807000,-79.91463000
3.86901855,-89.18610000,-74.93053000
3.86962891,-88.17321000,-69.22380000
3.87023926,-96.40517000,-68.94296000
3.87084961,-101.70570000,-70.27802000
3.87145996,-94.67446000,-69.16078000
3.87207031,-89.93594000,-75.68789000
3.87268066,-97.45241000,-78.04152000
3.87329102,-80.12394000,-75.28864000
3.87390137,-70.92214000,-65.85429000
3.87451172,-71.68990000,-68.78272000
3.87512207,-82.08321000,-74.86025000
3.87573242,-87.73297000,-69.42428000
3.87634277,-84.51232000,-77.91405000
3.87695313,-83.75037000,-76.94177000
3.87756348,-83.99254000,-77.73952000
3.87817383,-86.44438000,-71.97884000
3.87878418,-96.42735000,-70.24874000
3.87939453,-89.19720000,-75.60966000
3.88000488,-91.34457000,-77.30544000
3.88061523,-95.78788000,-74.91062000
3.88122559,-95.97496000,-73.29092000
3.88183594,-90.28992000,-83.32152000
3.88244629,-89.71745000,-83.38550000
3.88305664,-90.05611000,-81.33574000
3.88366699,-86.54384000,-76.42694000
3.88427734,-88.84229000,-73.91207000
3.88488770,-93.87538000,-77.02054000
3.88549805,-91.39021000,-84.40235000
3.88610840,-93.21150000,-75.32603000
3.88671875,-90.25803000,-78.31451000
3.88732910,-90.67776000,-72.36570000
3.88793945,-100.58690000,-72.47029000
3.88854980,-102.72220000,-77.12611000
3.88916016,-91.69781000,-76.08443000
3.88977051,-87.34862000,-67.99161000
3.89038086,-90.02541000,-68.99616000
3.89099121,-92.93248000,-73.51610000
3.89160156,-90.60730000,-79.58962000
3.89221191,-90.47050000,-74.05730000
3.89282227,-94.03259000,-71.98515000
3.89343262,-90.66380000,-76.71701000
3.89404297,-92.27113000,-74.87745000
3.89465332,-102.30820000,-75.60135000
3.89526367,-92.39883000,-77.77065000
3.89587402,-96.42809000,-87.90175000
3.89648438,-85.54565000,-72.79426000
3.89709473,-88.91900000,-71.53300000
3.89770508,-92.13785000,-76.67478000
3.89831543,-82.57448000,-73.90539000
3.89892578,-76.38052000,-67.61918000
3.89953613,-73.82211000,-65.36674000
3.90014648,-78.30695000,-69.64391000
3.90075684,-87.94545000,-73.96680000
3.90136719,-92.61752000,-75.34377000
3.90197754,-89.20318000,-74.77376000
3.90258789,-88.09258000,-77.22660000
3.90319824,-92.11865000,-78.61727000
3.90380859,-80.15463000,-69.43442000
3.90441895,-80.88388000,-65.15774000
3.90502930,-86.81220000,-68.94582000
3.90563965,-86.53896000,-77.45950000
3.90625000,-86.27794000,-69.00865000
3.90686035,-90.28484000,-71.51256000
3.90747070,-92.22131000,-75.62347000
3.90808105,-90.02819000,-79.77669000
3.90869141,-95.70602000,-90.72240000
3.90930176,-104.77430000,-77.26191000
3.90991211,-89.09627000,-79.90034000
3.91052246,-92.09728000,-95.66418000
3.91113281,-92.85384000,-83.28581000
3.91174316,-97.93423000,-88.33716000
3.91235352,-95.73177000,-79.11264000
3.91296387,-80.65052000,-73.42680000
3.91357422,-74.97408000,-68.38716000
3.91418457,-76.74101000,-67.71111000
3.91479492,-85.72800000,-69.73993000
3.91540527,-95.29331000,-74.69286000
3.91601563,-94.23413000,-83.26546000
3.91662598,-84.61511000,-80.21597000
3.91723633,-82.79450000,-77.28284000
3.91784668,-84.04877000,-79.78697000
3.91845703,-87.37003000,-75.55000000
3.91906738,-75.83450000,-89.77406000
3.91967773,-76.59259000,-77.01146000
3.92028809,-84.39265000,-73.51135000
3.92089844,-88.52863000,-69.84299000
3.92150879,-84.54044000,-69.53401000
3.92211914,-84.84882000,-75.40895000
3.92272949,-88.56790000,-95.49547000
3.92333984,-89.53130000,-74.26891000
3.92395020,-87.51979000,-68.14584000
3.92456055,-90.20105000,-67.10606000
3.92517090,-94.31688000,-70.66657000
3.92578125,-96.55526000,-73.18295000
3.92639160,-85.54343000,-70.45472000
3.92700195,-83.75672000,-72.30038000
3.92761230,-86.34647000,-72.92563000
3.92822266,-89.14979000,-71.75527000
3.92883301,-102.26930000,-71.39897000
3.92944336,-92.15256000,-86.37587000
3.93005371,-90.44524000,-79.63970000
3.93066406,-104.33920000,-81.32743000
3.93127441,-96.36426000,-74.14304000
3.93188477,-87.84320000,-73.97167000
3.93249512,-88.16312000,-73.86363000
3.93310547,-82.44363000,-72.45872000
3.93371582,-87.77757000,-69.65583000
3.93432617,-87.92741000,-69.73734000
3.93493652,-85.18744000,-73.36923000
3.93554688,-85.63920000,-76.35824000
3.93615723,-84.61045000,-88.79160000
3.93676758,-84.40942000,-78.21494000
3.93737793,-86.47079000,-74.76131000
3.93798828,-88.62950000,-78.95752000
3.93859863,-91.25187000,-72.53130000
3.93920898,-101.90720000,-68.94416000
3.93981934,-89.17336000,-73.51115000
3.94042969,-93.76158000,-73.09692000
3.94104004,-93.25644000,-71.30696000
3.94165039,-86.72887000,-78.96714000
3.94226074,-89.76056000,-74.23610000
3.94287109,-87.93705000,-75.53720000
3.94348145,-91.38450000,-74.68706000
3.94409180,-96.71986000,-77.73643000
3.94470215,-92.08237000,-82.90126000
3.94531250,-87.27696000,-82.50661000
3.94592285,-87.45833000,-78.80938000
3.94653320,-88.94700000,-75.92284000
3.94714355,-89.61175000,-73.98097000
3.94775391,-94.12838000,-71.43654000
3.94836426,-96.93137000,-74.07694000
3.94897461,-79.19641000,-74.53128000
3.94958496,-73.98573000,-70.40953000
3.95019531,-79.64717000,-75.85665000
3.95080566,-102.49890000,-79.54053000
3.95141602,-98.15883000,-69.28897000
3.95202637,-96.62362000,-68.45729000
3.95263672,-95.79932000,-74.35484000
3.95324707,-87.38876000,-70.70255000
3.95385742,-90.77549000,-67.70750000
3.95446777,-94.28119000,-69.60767000
3.95507813,-88.62712000,-76.21262000
3.95568848,-88.19853000,-74.80195000
3.95629883,-87.38754000,-69.78904000
3.95690918,-88.06522000,-68.24986000
3.95751953,-90.64391000,-70.56730000
3.95812988,-91.25336000,-75.97901000
3.95874023,-87.63228000,-77.23589000
3.95935059,-88.75462000,-74.45143000
3.95996094,-95.53218000,-83.56628000
3.96057129,-98.11965000,-77.41441000
3.96118164,-101.90080000,-76.55119000
3.96179199,-95.55682000,-77.78606000
3.96240234,-101.38120000,-76.16718000
3.96301270,-86.66309000,-76.19876000
3.96362305,-79.58180000,-81.38416000
3.96423340,-79.41537000,-75.33990000
3.96484375,-88.93950000,-69.34068000
3.96545410,-85.14054000,-66.93759000
3.96606445,-84.51097000,-70.04292000
3.96667480,-97.38318000,-77.09605000
3.96728516,-103.73160000,-78.03949000
3.96789551,-92.15503000,-76.43050000
3.96850586,-86.27527000,-88.99409000
3.96911621,-85.41574000,-71.14964000
3.96972656,-92.33715000,-68.65697000
3.97033691,-90.47415000,-72.17109000
3.97094727,-86.35410000,-82.31580000
3.97155762,-90.60008000,-83.08026000
3.97216797,-92.10791000,-81.75388000
3.97277832,-93.02658000,-92.86096000
3.97338867,-89.41309000,-73.88827000
3.97399902,-83.07007000,-70.94520000
3.97460938,-81.96983000,-71.28474000
3.97521973,-83.50869000,-78.05609000
3.97583008,-87.51721000,-77.45415000
3.97644043,-98.88232000,-70.08072000
3.97705078,-96.80170000,-69.53592000
3.97766113,-89.69836000,-68.75273000
3.97827148,-86.40046000,-66.87537000
3.97888184,-87.33545000,-68.81364000
3.97949219,-93.90402000,-73.58562000
3.98010254,-100.51040000,-75.65163000
3.98071289,-93.42167000,-76.43693000
3.98132324,-89.14410000,-70.81216000
3.98193359,-90.14652000,-70.65135000
3.98254395,-88.61630000,-75.21455000
3.98315430,-87.50835000,-86.02936000
3.98376465,-93.01543000,-73.45569000
3.98437500,-111.78550000,-68.70263000
3.98498535,-92.82787000,-69.58201000
3.98559570,-85.19453000,-74.82306000
3.98620605,-86.08929000,-70.71510000
3.98681641,-93.76956000,-66.50577000
3.98742676,-93.12153000,-66.14925000
3.98803711,-90.15425000,-66.02013000
3.98864746,-89.94927000,-66.96229000
3.98925781,-88.79974000,-72.73071000
3.98986816,-90.50793000,-70.27282000
3.99047852,-85.06566000,-74.69244000
3.99108887,-81.71520000,-78.51077000
3.99169922,-95.27109000,-72.14148000
3.99230957,-90.79866000,-71.58742000
3.99291992,-84.80793000,-71.80347000
3.99353027,-79.94261000,-73.52948000
3.99414063,-84.73061000,-81.10187000
3.99475098,-84.53336000,-104.71330000
3.99536133,-85.15228000,-79.65379000
3.99597168,-89.02768000,-74.62252000
3.99658203,-86.38033000,-76.78645000
3.99719238,-87.99928000,-73.87743000
3.99780273,-88.33925000,-70.83226000
3.99841309,-77.32578000,-68.95695000
3.99902344,-75.40294000,-67.48447000
3.99963379,-78.04219000,-70.88422000
4.00024414,-84.97865000,-75.12594000
4.00085449,-87.33761000,-74.93997000
4.00146484,-87.22322000,-94.62025000
4.00207520,-97.41014000,-74.95409000
4.00268555,-88.81570000,-71.48763000
4.00329590,-86.40553000,-67.73609000
4.00390625,-87.17636000,-72.26857000
4.00451660,-90.82756000,-74.20293000
4.00512695,-99.49737000,-84.07425000
4.00573730,-93.39493000,-73.57370000
4.00634766,-95.48608000,-71.75288000
4.00695801,-95.96626000,-73.78089000
4.00756836,-88.82709000,-85.28795000
4.00817871,-89.35014000,-74.88922000
4.00878906,-95.68004000,-67.92625000
4.00939941,-83.00185000,-70.19596000
4.01000977,-82.56087000,-75.54485000
4.01062012,-93.56200000,-70.64503000
4.01123047,-91.09100000,-72.11612000
4.01184082,-85.35942000,-80.94351000
4.01245117,-85.53120000,-79.40659000
4.01306152,-93.77964000,-78.96033000
4.01367188,-83.81873000,-70.61186000
4.01428223,-89.32931000,-72.71373000
4.01489258,-95.76694000,-74.03425000
4.01550293,-99.60678000,-73.14484000
4.01611328,-99.99086000,-77.31538000
4.01672363,-88.30367000,-89.66229000
4.01733398,-84.15847000,-81.28814000
4.01794434,-84.81979000,-76.16747000
4.01855469,-86.03693000,-75.11717000
4.01916504,-78.42657000,-73.48476000
4.01977539,-80.53020000,-74.04024000
4.02038574,-84.34563000,-71.84300000
4.02099609,-88.28927000,-70.51169000
4.02160645,-92.32071000,-69.99238000
4.02221680,-97.69870000,-72.23773000
4.02282715,-90.74249000,-81.04629000
4.02343750,-80.79103000,-74.05704000
4.02404785,-81.64233000,-70.32458000
4.02465820,-96.86355000,-71.52999000
4.02526855,-110.06560000,-71.49068000
4.02587891,-97.29516000,-71.89894000
4.02648926,-92.00886000,-81.45351000
4.02709961,-99.58057000,-90.40416000
4.02770996,-91.07564000,-76.05154000
4.02832031,-88.50143000,-70.73875000
4.02893066,-88.51439000,-72.88698000
4.02954102,-89.47385000,-79.21812000
4.03015137,-92.32024000,-79.11476000
4.03076172,-91.82979000,-80.93878000
4.03137207,-93.15768000,-74.92653000
4.03198242,-92.64395000,-72.86012000
4.03259277,-87.47738000,-77.53876000
4.03320313,-84.99974000,-76.17917000
4.03381348,-82.76266000,-72.96739000
4.03442383,-83.19495000,-72.76284000
4.03503418,-86.20447000,-71.21951000
4.03564453,-86.75175000,-74.00704000
4.03625488,-86.02534000,-81.39474000
4.03686523,-88.06943000,-75.37413000
4.03747559,-88.18374000,-87.62897000
4.03808594,-84.05659000,-73.48019000
4.03869629,-82.56744000,-68.10654000
4.03930664,-85.85130000,-73.85928000
4.03991699,-85.61898000,-72.44687000
4.04052734,-84.34517000,-68.41745000
4.04113770,-87.60840000,-69.83295000
4.04174805,-90.48378000,-73.02271000
4.04235840,-86.47301000,-79.95676000
4.04296875,-87.72579000,-75.84122000
4.04357910,-93.00233000,-75.35606000
4.04418945,-89.20910000,-75.26986000
4.04479980,-87.88575000,-71.86807000
4.04541016,-87.72586000,-75.17957000
4.04602051,-86.79114000,-77.88884000
4.04663086,-89.04883000,-76.25117000
4.04724121,-114.34000000,-80.28957000
4.04785156,-89.18842000,-80.80254000
4.04846191,-84.21222000,-76.31052000
4.04907227,-77.25545000,-74.46033000
4.04968262,-74.91054000,-69.43786000
4.05029297,-80.17915000,-66.39288000
4.05090332,-93.77324000,-68.67133000
4.05151367,-89.41528000,-68.64265000
4.05212402,-90.31276000,-70.12987000
4.05273438,-82.42819000,-81.41458000
4.05334473,-69.12355000,-67.87181000
4.05395508,-66.85990000,-64.05921000
4.05456543,-74.04728000,-65.82701000
4.05517578,-91.97578000,-69.65453000
4.05578613,-97.21301000,-78.01273000
4.05639648,-98.41225000,-86.86121000
4.05700684,-91.31268000,-74.40089000
4.05761719,-87.62051000,-69.70648000
4.05822754,-86.59077000,-67.75991000
4.05883789,-92.13997000,-69.90863000
4.05944824,-95.64248000,-80.11478000
4.06005859,-89.58108000,-79.67378000
4.06066895,-89.88510000,-72.92698000
4.06127930,-88.01200000,-77.15499000
4.06188965,-92.81465000,-74.05568000
4.06250000,-98.37151000,-72.35311000
4.06311035,-97.75105000,-71.21322000
4.06372070,-89.84997000,-69.00641000
4.06433105,-90.48619000,-73.19786000
4.06494141,-89.21581000,-78.26653000
4.06555176,-83.64282000,-74.59866000
4.06616211,-85.45619000,-70.61196000
4.06677246,-101.20190000,-70.37807000
4.06738281,-89.56958000,-76.72451000
4.06799316,-98.42879000,-83.50275000
4.06860352,-91.28448000,-78.25938000
4.06921387,-84.77380000,-72.41233000
4.06982422,-83.78696000,-75.87925000
4.07043457,-85.87272000,-81.25261000
4.07104492,-90.31479000,-72.84300000
4.07165527,-94.94541000,-69.63380000
4.07226563,-93.67735000,-68.86267000
4.07287598,-89.94191000,-68.65262000
4.07348633,-82.39040000,-70.73960000
4.07409668,-78.67145000,-78.24899000
4.07470703,-82.95119000,-82.45990000
4.07531738,-87.64055000,-77.42266000
4.07592773,-85.00473000,-76.02228000
4.07653809,-89.18466000,-79.50951000
4.07714844,-105.66300000,-83.77789000
4.07775879,-89.64245000,-69.54306000
4.07836914,-91.14188000,-65.91520000
4.07897949,-95.67749000,-68.78396000
4.07958984,-88.05591000,-77.56387000
4.08020020,-90.28047000,-81.27979000
4.08081055,-88.76255000,-88.07571000
4.08142090,-85.04601000,-74.74026000
4.08203125,-86.90715000,-70.06833000
4.08264160,-87.97042000,-68.83668000
4.08325195,-74.11641000,-67.94397000
4.08386230,-71.19160000,-68.08746000
4.08447266,-78.35574000,-70.93204000
4.08508301,-91.38322000,-72.27302000
4.08569336,-85.71437000,-73.10211000
4.08630371,-88.65051000,-76.27965000
4.08691406,-87.42298000,-75.89253000
4.08752441,-90.23967000,-72.84708000
4.08813477,-109.90820000,-77.14928000
4.08874512,-96.75989000,-73.72466000
4.08935547,-93.25110000,-75.72511000
4.08996582,-88.49869000,-88.49700000
4.09057617,-102.80860000,-72.01523000
4.09118652,-88.33438000,-70.02809000
4.09179688,-89.88982000,-71.10688000
4.09240723,-91.49939000,-71.92565000
4.09301758,-97.24404000,-74.20241000
4.09362793,-99.26021000,-71.18417000
4.09423828,-98.95972000,-71.48040000
4.09484863,-95.37192000,-84.19717000
4.09545898,-89.38132000,-80.17941000
4.09606934,-91.27496000,-74.48069000
4.09667969,-92.11177000,-73.30575000
4.09729004,-86.99978000,-72.14670000
4.09790039,-85.00649000,-70.51965000
4.09851074,-76.74801000,-65.92148000
4.09912109,-69.25502000,-62.07494000
4.09973145,-68.10627000,-62.24348000
4.10034180,-72.38915000,-66.15237000
4.10095215,-77.02119000,-71.85891000
4.10156250,-81.27189000,-77.46277000
4.10217285,-88.42326000,-70.95170000
4.10278320,-88.36122000,-69.70416000
4.10339355,-87.42253000,-74.28815000
4.10400391,-89.61159000,-83.27122000
4.10461426,-91.63773000,-75.38805000
4.10522461,-87.51678000,-68.14232000
4.10583496,-86.87237000,-67.50192000
4.10644531,-96.78339000,-74.42536000
4.10705566,-93.08002000,-93.65511000
4.10766602,-90.66583000,-95.27951000
4.10827637,-86.60308000,-99.22639000
4.10888672,-87.89902000,-84.40627000
4.10949707,-96.22139000,-85.76392000
4.11010742,-92.67014000,-80.07385000
4.11071777,-93.41451000,-73.94813000
4.11132813,-96.44875000,-72.07706000
4.11193848,-92.91012000,-69.95540000
4.11254883,-79.71675000,-75.29819000
4.11315918,-60.12375000,-66.12929000
4.11376953,-55.14953000,-60.96680000
4.11437988,-59.53134000,-67.76019000
4.11499023,-74.80564000,-74.90089000
4.11560059,-88.68047000,-70.99589000
4.11621094,-91.57320000,-72.45914000
4.11682129,-85.92358000,-71.51784000
4.11743164,-86.34408000,-75.49339000
4.11804199,-88.63629000,-71.22390000
4.11865234,-85.81888000,-66.05868000
4.11926270,-86.62273000,-68.37149000
4.11987305,-86.09618000,-73.35939000
4.12048340,-83.70625000,-73.44838000
4.12109375,-86.67485000,-72.95749000
4.12170410,-88.98891000,-81.25624000
4.12231445,-90.74956000,-75.09610000
4.12292480,-109.34650000,-71.73761000
4.12353516,-80.85428000,-73.44035000
4.12414551,-76.38651000,-71.05811000
4.12475586,-78.28471000,-68.21488000
4.12536621,-80.92907000,-71.94420000
4.12597656,-81.97151000,-81.18237000
4.12658691,-87.50972000,-70.74208000
4.12719727,-93.20004000,-71.76841000
4.12780762,-97.11089000,-82.55673000
4.12841797,-91.02653000,-83.64518000
4.12902832,-86.19483000,-78.09015000
4.12963867,-85.88446000,-90.14128000
4.13024902,-89.23664000,-76.85338000
4.13085938,-94.34579000,-79.57864000
4.13146973,-93.68824000,-72.00468000
4.13208008,-89.81755000,-70.82823000
4.13269043,-93.05852000,-71.39072000
4.13330078,-91.12029000,-76.00412000
4.13391113,-95.40285000,-71.71372000
4.13452148,-102.18480000,-72.30450000
4.13513184,-95.39482000,-76.76600000
4.13574219,-96.11815000,-76.26740000
4.13635254,-91.27245000,-78.33208000
4.13696289,-90.38835000,-83.23035000
4.13757324,-90.87874000,-81.63258000
4.13818359,-90.44310000,-83.50296000
4.13879395,-89.40045000,-78.92210000
4.13940430,-85.16957000,-73.54817000
4.14001465,-84.25371000,-72.64822000
4.14062500,-91.93039000,-77.35810000
4.14123535,-90.38737000,-82.68394000
4.14184570,-88.27998000,-77.35122000
4.14245605,-88.92200000,-76.93660000
4.14306641,-78.29999000,-70.02090000
4.14367676,-71.11055000,-68.01012000
4.14428711,-73.52567000,-70.88510000
4.14489746,-85.29304000,-71.86222000
4.14550781,-90.56823000,-70.05278000
4.14611816,-98.91330000,-71.82482000
4.14672852,-92.90605000,-74.31728000
4.14733887,-86.09122000,-70.99773000
4.14794922,-84.56734000,-68.33098000
4.14855957,-104.68800000,-66.91521000
4.14916992,-78.48284000,-66.12659000
4.14978027,-76.25770000,-69.93745000
4.15039063,-82.84076000,-82.58806000
4.15100098,-87.58511000,-85.57867000
4.15161133,-87.39749000,-81.86340000
4.15222168,-85.91772000,-82.39610000
4.15283203,-86.97610000,-71.20983000
4.15344238,-87.92178000,-70.41602000
4.15405273,-87.33952000,-69.02396000
4.15466309,-88.62385000,-72.05968000
4.15527344,-86.61790000,-84.14368000
4.15588379,-86.83693000,-89.90100000
4.15649414,-87.48104000,-77.47626000
4.15710449,-93.30437000,-72.61829000
4.15771484,-91.64323000,-71.70646000
4.15832520,-85.09462000,-74.70081000
4.15893555,-82.19598000,-79.86147000
4.15954590,-81.92567000,-74.18265000
4.16015625,-84.10503000,-73.03904000
4.16076660,-85.21143000,-79.21344000
4.16137695,-84.92428000,-77.13240000
4.16198730,-90.56416000,-76.89264000
4.16259766,-92.58038000,-88.20456000
4.16320801,-87.86103000,-79.64901000
4.16381836,-87.77805000,-72.55791000
4.16442871,-88.57780000,-71.95374000
4.16503906,-96.13594000,-74.90540000
4.16564941,-84.88366000,-75.00633000
4.16625977,-92.42806000,-75.80691000
4.16687012,-89.37049000,-85.27706000
4.16748047,-95.20844000,-81.75052000
4.16809082,-95.30425000,-74.43420000
4.16870117,-99.70729000,-70.76662000
4.16931152,-100.08140000,-70.99766000
4.16992188,-90.07560000,-66.85849000
4.17053223,-87.40594000,-65.53006000
4.17114258,-97.62901000,-68.78623000
4.17175293,-90.31150000,-81.55692000
4.17236328,-83.86468000,-73.54371000
4.17297363,-73.02029000,-79.21871000
4.17358398,-66.75281000,-70.73045000
4.17419434,-68.05133000,-73.57975000
4.17480469,-77.79185000,-72.62447000
4.17541504,-90.95245000,-71.09079000
4.17602539,-98.58733000,-70.14484000
4.17663574,-101.98550000,-69.61940000
4.17724609,-100.75280000,-72.71813000
4.17785645,-95.46881000,-73.34763000
4.17846680,-87.77979000,-71.77026000
4.17907715,-82.84790000,-73.45588000
4.17968750,-81.35432000,-76.26265000
4.18029785,-82.20236000,-78.09379000
4.18090820,-88.93264000,-74.87346000
4.18151855,-92.53229000,-74.88641000
4.18212891,-88.39840000,-77.00915000
4.18273926,-86.67943000,-83.49928000
4.18334961,-92.02783000,-88.83247000
4.18395996,-102.32010000,-84.64651000
4.18457031,-95.26665000,-80.87479000
4.18518066,-85.35575000,-79.69659000
4.18579102,-78.82119000,-73.70399000
4.18640137,-79.18253000,-71.01526000
4.18701172,-83.81432000,-71.94343000
4.18762207,-86.16077000,-71.97453000
4.18823242,-89.61227000,-71.36263000
4.18884277,-90.59006000,-73.08400000
4.18945313,-82.24620000,-72.05529000
4.19006348,-82.81717000,-67.73490000
4.19067383,-86.51118000,-67.16386000
4.19128418,-87.02692000,-70.55713000
4.19189453,-94.42231000,-75.88538000
4.19250488,-97.05170000,-72.02893000
4.19311523,-90.41206000,-71.60905000
4.19372559,-86.01128000,-72.97906000
4.19433594,-87.49141000,-74.64404000
4.19494629,-98.38306000,-71.60653000
4.19555664,-92.67247000,-70.68223000
4.19616699,-85.77114000,-73.79422000
4.19677734,-85.17177000,-74.09187000
4.19738770,-93.69042000,-79.57330000
4.19799805,-87.67953000,-79.90538000
4.19860840,-83.30293000,-91.57406000
4.19921875,-80.80215000,-77.27454000
4.19982910,-76.63318000,-71.89519000
4.20043945,-82.48505000,-70.32628000
4.20104980,-102.23830000,-70.93929000
4.20166016,-104.26770000,-71.32001000
4.20227051,-92.73334000,-71.27440000
4.20288086,-85.59695000,-72.46215000
4.20349121,-80.12664000,-75.73999000
4.20410156,-81.16022000,-75.88980000
4.20471191,-87.47237000,-83.85716000
4.20532227,-89.45095000,-82.94670000
4.20593262,-92.31716000,-78.92549000
4.20654297,-87.48608000,-70.87547000
4.20715332,-86.83566000,-69.14555000
4.20776367,-86.96433000,-71.69834000
4.20837402,-92.37766000,-78.86665000
4.20898438,-92.27257000,-83.74466000
4.20959473,-84.50890000,-71.58191000
4.21020508,-83.52433000,-68.91231000
4.21081543,-86.04804000,-70.00095000
4.21142578,-96.16461000,-70.49973000
4.21203613,-96.39493000,-72.55088000
4.21264648,-89.12662000,-76.10442000
4.21325684,-80.36037000,-76.90295000
4.21386719,-76.77831000,-69.57058000
4.21447754,-80.24139000,-66.45762000
4.21508789,-86.53996000,-69.56689000
4.21569824,-94.90701000,-73.93775000
4.21630859,-96.41002000,-72.90988000
4.21691895,-88.91566000,-78.59051000
4.21752930,-92.15084000,-71.47035000
4.21813965,-110.70050000,-66.98773000
4.21875000,-98.13091000,-72.89021000
4.21936035,-90.62103000,-81.31381000
4.21997070,-89.89235000,-74.75043000
4.22058105,-91.40723000,-82.63325000
4.22119141,-90.41641000,-86.09963000
4.22180176,-90.43079000,-84.54563000
4.22241211,-90.92381000,-80.03288000
4.22302246,-86.44901000,-76.95163000
4.22363281,-87.14980000,-82.91543000
4.22424316,-99.49007000,-71.30294000
4.22485352,-88.55786000,-70.33438000
4.22546387,-94.75528000,-81.50726000
4.22607422,-108.76640000,-75.28609000
4.22668457,-93.79310000,-70.74386000
4.22729492,-90.30769000,-74.20683000
4.22790527,-95.92143000,-89.38622000
4.22851563,-97.58324000,-82.44996000
4.22912598,-93.23457000,-72.37761000
4.22973633,-89.61150000,-71.12784000
4.23034668,-90.96381000,-87.74632000
4.23095703,-93.95036000,-74.73871000
4.23156738,-91.15569000,-79.54377000
4.23217773,-86.26278000,-79.05113000
4.23278809,-89.80434000,-71.31786000
4.23339844,-73.61075000,-69.73586000
4.23400879,-71.83379000,-68.06311000
4.23461914,-79.24912000,-68.31155000
4.23522949,-96.73357000,-71.46593000
4.23583984,-97.11045000,-80.26639000
4.23645020,-99.12137000,-76.17410000
4.23706055,-111.73840000,-71.58138000
4.23767090,-89.16195000,-70.30477000
4.23828125,-86.33354000,-69.82523000
4.23889160,-87.25829000,-71.56646000
4.23950195,-85.88893000,-72.34447000
4.24011230,-87.63663000,-67.99655000
4.24072266,-90.79950000,-66.54675000
4.24133301,-90.64190000,-72.24328000
4.24194336,-99.84523000,-75.33756000
4.24255371,-100.69660000,-67.96872000
4.24316406,-92.01942000,-66.48264000
4.24377441,-90.56110000,-71.75819000
4.24438477,-95.52647000,-74.80561000
4.24499512,-102.27800000,-68.10920000
4.24560547,-97.46960000,-74.48206000
4.24621582,-88.30603000,-88.45723000
4.24682617,-88.72394000,-81.92040000
4.24743652,-96.55896000,-71.60900000
4.24804688,-89.86121000,-67.58346000
4.24865723,-77.10416000,-66.76311000
4.24926758,-65.79731000,-60.27559000
4.24987793,-64.40452000,-59.37099000
4.25048828,-72.54697000,-71.82543000
4.25109863,-95.53529000,-76.79183000
4.25170898,-95.80367000,-73.87534000
4.25231934,-92.17467000,-68.14520000
4.25292969,-86.15294000,-71.26746000
4.25354004,-80.66090000,-71.44002000
4.25415039,-78.68432000,-69.93719000
4.25476074,-80.91606000,-70.98428000
4.25537109,-87.98736000,-75.99825000
4.25598145,-88.76454000,-79.58965000
4.25659180,-86.60183000,-81.77395000
4.25720215,-91.31454000,-91.08171000
4.25781250,-89.68952000,-75.38631000
4.25842285,-97.28999000,-71.39291000
4.25903320,-99.13097000,-71.70393000
4.25964355,-94.44907000,-72.42821000
4.26025391,-93.26387000,-72.36077000
4.26086426,-94.59335000,-84.22256000
4.26147461,-100.19850000,-71.82454000
4.26208496,-98.72987000,-68.49036000
4.26269531,-97.42499000,-72.20895000
4.26330566,-87.60125000,-83.80003000
4.26391602,-81.35848000,-82.15839000
4.26452637,-83.17448000,-83.90560000
4.26513672,-84.65931000,-75.50670000
4.26574707,-83.61786000,-68.91368000
4.26635742,-84.97141000,-69.92735000
4.26696777,-88.71800000,-72.21872000
4.26757813,-89.67815000,-71.16267000
4.26818848,-88.28057000,-74.09121000
4.26879883,-91.25319000,-84.51236000
4.26940918,-96.47366000,-81.75095000
4.27001953,-93.39024000,-77.37000000
4.27062988,-92.13655000,-80.95422000
4.27124023,-95.44685000,-74.07448000
4.27185059,-103.84230000,-76.51460000
4.27246094,-97.58190000,-81.38622000
4.27307129,-102.12780000,-76.72214000
4.27368164,-87.00687000,-74.56343000
4.27429199,-83.37433000,-74.04445000
4.27490234,-86.14024000,-73.27898000
4.27551270,-94.43996000,-68.97361000
4.27612305,-91.61246000,-69.88206000
4.27673340,-91.89431000,-79.72987000
4.27734375,-94.53458000,-70.58181000
4.27795410,-89.70124000,-72.40671000
4.27856445,-85.20745000,-72.08159000
4.27917480,-88.43469000,-70.35466000
4.27978516,-93.35197000,-72.81554000
4.28039551,-90.35875000,-78.67596000
4.28100586,-92.58633000,-82.56734000
4.28161621,-98.67671000,-82.25403000
4.28222656,-100.29670000,-72.68672000
4.28283691,-100.86660000,-68.34525000
4.28344727,-92.68297000,-67.30223000
4.28405762,-89.07451000,-70.39035000
4.28466797,-91.61872000,-88.29848000
4.28527832,-87.50745000,-75.11613000
4.28588867,-86.91245000,-71.75278000
4.28649902,-103.15420000,-72.35243000
4.28710938,-92.07070000,-78.23772000
4.28771973,-95.10109000,-85.96169000
4.28833008,-111.63450000,-77.69617000
4.28894043,-98.61537000,-74.20411000
4.28955078,-93.04282000,-74.04048000
4.29016113,-89.55231000,-71.74319000
4.29077148,-81.25294000,-75.61166000
4.29138184,-82.87942000,-80.94346000
4.29199219,-95.46988000,-74.26255000
4.29260254,-88.65388000,-69.79334000
4.29321289,-72.91419000,-66.17769000
4.29382324,-67.70544000,-64.63113000
4.29443359,-70.93339000,-67.62075000
4.29504395,-83.87044000,-75.55548000
4.29565430,-98.39830000,-69.93402000
4.29626465,-99.82152000,-66.00359000
4.29687500,-88.20113000,-67.75443000
4.29748535,-85.54179000,-71.00344000
4.29809570,-87.16708000,-75.14088000
4.29870605,-85.17846000,-77.38767000
4.29931641,-79.80138000,-73.55046000
4.29992676,-78.81677000,-73.27213000
4.30053711,-81.04788000,-73.22272000
4.30114746,-76.54146000,-72.14395000
4.30175781,-78.81719000,-74.90942000
4.30236816,-88.49029000,-84.78322000
4.30297852,-111.98700000,-81.25428000
4.30358887,-95.03844000,-81.92169000
4.30419922,-94.10625000,-75.37124000
4.30480957,-88.69829000,-74.72819000
4.30541992,-93.03295000,-73.86881000
4.30603027,-94.19129000,-71.98612000
4.30664063,-94.65672000,-77.81929000
4.30725098,-104.91060000,-80.19711000
4.30786133,-98.14131000,-80.60457000
4.30847168,-95.97360000,-92.69189000
4.30908203,-100.62600000,-81.03944000
4.30969238,-91.15566000,-90.81116000
4.31030273,-91.14507000,-82.29218000
4.31091309,-97.64149000,-83.09548000
4.31152344,-96.73568000,-74.92694000
4.31213379,-95.98617000,-73.75858000
4.31274414,-86.44814000,-79.48665000
4.31335449,-76.99930000,-80.25041000
4.31396484,-74.49940000,-92.91095000
4.31457520,-80.95486000,-72.24811000
4.31518555,-90.58867000,-72.83023000
4.31579590,-97.46856000,-79.22710000
4.31640625,-90.01794000,-73.71931000
4.31701660,-85.27435000,-71.10477000
4.31762695,-89.21452000,-69.49660000
4.31823730,-93.28686000,-78.67933000
4.31884766,-87.27678000,-80.07615000
4.31945801,-83.09132000,-83.39489000
4.32006836,-85.20613000,-75.51436000
4.32067871,-93.04317000,-72.06002000
4.32128906,-89.94418000,-72.77123000
4.32189941,-100.73230000,-75.85062000
4.32250977,-88.94372000,-74.36124000
4.32312012,-78.10486000,-74.61693000
4.32373047,-72.20563000,-74.98097000
4.32434082,-73.82140000,-74.66853000
4.32495117,-82.74939000,-72.09924000
4.32556152,-92.09848000,-71.83146000
4.32617188,-87.99389000,-79.55594000
4.32678223,-88.83792000,-82.21816000
4.32739258,-105.60550000,-83.77534000
4.32800293,-96.48036000,-74.16800000
4.32861328,-92.55792000,-74.64023000
4.32922363,-99.95180000,-84.61480000
4.32983398,-92.99277000,-86.60545000
4.33044434,-94.19498000,-75.09622000
4.33105469,-89.31969000,-73.48603000
4.33166504,-87.43317000,-77.31464000
4.33227539,-93.84953000,-81.12469000
4.33288574,-95.29387000,-80.71439000
4.33349609,-98.42325000,-72.46599000
4.33410645,-95.85573000,-73.44701000
4.33471680,-100.84180000,-81.78120000
4.33532715,-98.03595000,-72.67132000
4.33593750,-93.85497000,-74.41495000
4.33654785,-107.09730000,-79.40930000
4.33715820,-99.81796000,-81.26364000
4.33776855,-102.24020000,-75.61964000
4.33837891,-92.01061000,-68.23907000
4.33898926,-91.21248000,-66.35367000
4.33959961,-91.94243000,-66.52322000
4.34020996,-90.22271000,-68.89167000
4.34082031,-89.51080000,-81.60175000
4.34143066,-89.91121000,-84.80404000
4.34204102,-87.92751000,-79.77299000
4.34265137,-84.68220000,-82.98660000
4.34326172,-82.91206000,-72.63258000
4.34387207,-86.18610000,-70.32932000
4.34448242,-96.75929000,-70.96808000
4.34509277,-88.33415000,-77.24200000
4.34570313,-90.27905000,-79.54766000
4.34631348,-91.79772000,-78.80540000
4.34692383,-91.41290000,-76.28467000
4.34753418,-90.35461000,-71.46030000
4.34814453,-89.96170000,-70.67517000
4.34875488,-83.03039000,-67.23500000
4.34936523,-73.73272000,-63.08541000
4.34997559,-72.96313000,-63.86856000
4.35058594,-81.96901000,-66.09389000
4.35119629,-90.83452000,-73.48747000
4.35180664,-90.26955000,-81.56968000
4.35241699,-111.39130000,-89.28712000
4.35302734,-70.77113000,-72.24924000
4.35363770,-62.02995000,-67.30824000
4.35424805,-62.82827000,-70.92210000
4.35485840,-73.44220000,-77.17975000
4.35546875,-98.93004000,-77.43289000
4.35607910,-97.00848000,-76.60538000
4.35668945,-98.05797000,-76.11006000
4.35729980,-95.58539000,-87.23405000
4.35791016,-88.50426000,-80.40096000
4.35852051,-85.19345000,-77.52666000
4.35913086,-85.56789000,-79.66533000
4.35974121,-91.84207000,-85.32140000
4.36035156,-104.11740000,-83.83549000
4.36096191,-97.76990000,-76.52652000
4.36157227,-88.53568000,-80.01189000
4.36218262,-85.19496000,-84.64799000
4.36279297,-83.08199000,-84.01134000
4.36340332,-82.46600000,-78.59557000
4.36401367,-83.94233000,-72.89606000
4.36462402,-87.03447000,-69.74427000
4.36523438,-95.99593000,-66.23557000
4.36584473,-89.10896000,-65.69810000
4.36645508,-94.02836000,-69.89755000
4.36706543,-87.59952000,-76.08613000
4.36767578,-82.91397000,-86.19129000
4.36828613,-83.97964000,-75.79926000
4.36889648,-84.78793000,-71.97181000
4.36950684,-84.49625000,-75.39315000
4.37011719,-92.71696000,-88.13454000
4.37072754,-98.26965000,-89.98721000
4.37133789,-91.57747000,-81.82140000
4.37194824,-87.61287000,-75.08084000
4.37255859,-88.04956000,-73.63647000
4.37316895,-82.99466000,-75.64009000
4.37377930,-75.33940000,-77.00771000
4.37438965,-74.01827000,-82.23447000
4.37500000,-82.39539000,-71.03542000
4.37561035,-88.54417000,-66.87209000
4.37622070,-86.43905000,-69.00470000
4.37683105,-85.68953000,-76.17878000
4.37744141,-83.19283000,-72.13621000
4.37805176,-85.16636000,-73.15280000
4.37866211,-88.42786000,-76.97170000
4.37927246,-86.38698000,-84.04079000
4.37988281,-86.12379000,-81.27568000
4.38049316,-90.80074000,-79.47404000
4.38110352,-90.65632000,-71.86520000
4.38171387,-93.36200000,-68.77803000
4.38232422,-89.96585000,-68.31046000
4.38293457,-75.02705000,-69.29307000
4.38354492,-65.82548000,-70.37660000
4.38415527,-65.28396000,-69.65433000
4.38476563,-73.49444000,-68.31456000
4.38537598,-89.32097000,-67.98385000
4.38598633,-94.83546000,-73.35100000
4.38659668,-88.48079000,-83.01251000
4.38720703,-87.35655000,-74.84694000
4.38781738,-90.01084000,-73.82330000
4.38842773,-89.46913000,-71.21146000
4.38903809,-89.25266000,-67.37920000
4.38964844,-93.22831000,-67.83477000
4.39025879,-96.12548000,-69.08998000
4.39086914,-85.71953000,-70.79021000
4.39147949,-87.57491000,-69.98819000
4.39208984,-100.93300000,-71.22021000
4.39270020,-98.19332000,-73.30449000
4.39331055,-93.43632000,-71.65849000
4.39392090,-92.78853000,-73.76664000
4.39453125,-90.18964000,-88.02139000
4.39514160,-86.52943000,-76.09221000
4.39575195,-85.90933000,-68.28513000
4.39636230,-90.81672000,-67.11697000
4.39697266,-85.59539000,-72.75262000
4.39758301,-85.76883000,-81.71166000
4.39819336,-84.08641000,-81.98899000
4.39880371,-74.93472000,-72.45610000
4.39941406,-68.43123000,-63.07540000
4.40002441,-69.08523000,-63.22782000
4.40063477,-79.07915000,-74.62822000
4.40124512,-86.77097000,-76.00433000
4.40185547,-85.20056000,-72.96126000
4.40246582,-82.64587000,-71.47852000
4.40307617,-79.30286000,-73.77318000
4.40368652,-81.72395000,-88.96267000
4.40429688,-95.17375000,-82.75182000
4.40490723,-96.51160000,-76.69403000
4.40551758,-88.12019000,-76.00509000
4.40612793,-86.23169000,-85.52812000
4.40673828,-86.85645000,-72.43561000
4.40734863,-99.64606000,-73.12093000
4.40795898,-91.30562000,-74.57776000
4.40856934,-93.48151000,-73.64742000
4.40917969,-96.21937000,-78.30070000
4.40979004,-98.46379000,-71.13422000
4.41040039,-97.89775000,-70.59569000
4.41101074,-93.06667000,-80.15767000
4.41162109,-91.16954000,-83.60426000
4.41223145,-96.51276000,-79.04337000
4.41284180,-63.13929000,-72.33156000
4.41345215,-51.10451000,-57.68754000
4.41406250,-49.26833000,-55.59197000
4.41467285,-56.65285000,-63.19049000
4.41528320,-78.86893000,-79.84029000
4.41589355,-99.41177000,-77.66975000
4.41650391,-89.49911000,-72.96857000
4.41711426,-83.74225000,-69.89100000
4.41772461,-84.85741000,-71.31710000
4.41833496,-90.67120000,-76.14111000
4.41894531,-93.32832000,-78.88065000
4.41955566,-92.05651000,-75.56501000
4.42016602,-92.55134000,-67.16864000
4.42077637,-89.30978000,-68.86295000
4.42138672,-85.84701000,-85.58472000
4.42199707,-83.84689000,-72.56705000
4.42260742,-87.96040000,-70.55789000
4.42321777,-107.34260000,-70.25466000
4.42382813,-93.92976000,-72.40489000
4.42443848,-94.69697000,-77.08575000
4.42504883,-97.29359000,-81.56799000
4.42565918,-91.92702000,-75.58058000
4.42626953,-92.17133000,-72.23512000
4.42687988,-100.98440000,-71.92495000
4.42749023,-91.35128000,-74.20020000
4.42810059,-90.78194000,-76.02171000
4.42871094,-96.62758000,-85.46597000
4.42932129,-95.20311000,-80.80464000
4.42993164,-90.03714000,-77.81946000
4.43054199,-83.75865000,-73.52982000
4.43115234,-85.55179000,-74.75694000
4.43176270,-93.46445000,-83.80527000
4.43237305,-98.94187000,-79.43779000
4.43298340,-88.25642000,-78.48728000
4.43359375,-83.80313000,-74.57719000
4.43420410,-83.94975000,-81.52110000
4.43481445,-86.86291000,-76.70795000
4.43542480,-87.00776000,-81.47698000
4.43603516,-94.45979000,-76.82275000
4.43664551,-90.85448000,-82.37051000
4.43725586,-90.98205000,-75.97282000
4.43786621,-99.29443000,-69.32376000
4.43847656,-90.78561000,-69.61200000
4.43908691,-91.70004000,-73.91025000
4.43969727,-88.42691000,-77.45020000
4.44030762,-94.70036000,-74.12846000
4.44091797,-91.95396000,-77.66707000
4.44152832,-86.51257000,-78.07411000
4.44213867,-89.72394000,-71.38344000
4.44274902,-80.71425000,-76.59135000
4.44335938,-68.18716000,-75.80796000
4.44396973,-65.38772000,-68.07994000
4.44458008,-71.20598000,-67.07069000
4.44519043,-84.74135000,-72.08479000
4.44580078,-89.20055000,-82.77267000
4.44641113,-103.25430000,-75.32195000
4.44702148,-96.34683000,-70.83379000
4.44763184,-96.70665000,-77.66909000
4.44824219,-94.83562000,-82.49974000
4.44885254,-83.82928000,-71.31496000
4.44946289,-77.60873000,-68.23297000
4.45007324,-79.68791000,-72.12060000
4.45068359,-97.91045000,-90.89941000
4.45129395,-88.14925000,-71.03632000
4.45190430,-92.60238000,-72.03439000
4.45251465,-89.78020000,-82.19803000
4.45312500,-86.74454000,-88.39497000
4.45373535,-84.40820000,-87.94877000
4.45434570,-85.05743000,-77.72564000
4.45495605,-90.88968000,-71.75315000
4.45556641,-101.43480000,-69.91498000
4.45617676,-104.77280000,-72.46213000
4.45678711,-103.97280000,-72.48618000
4.45739746,-96.95621000,-71.84193000
4.45800781,-95.40863000,-82.11400000
4.45861816,-105.93280000,-82.05862000
4.45922852,-95.33350000,-83.03366000
4.45983887,-95.96083000,-73.59669000
4.46044922,-98.64786000,-70.32588000
4.46105957,-94.62538000,-69.33104000
4.46166992,-94.36226000,-75.18736000
4.46228027,-94.08708000,-73.39839000
4.46289063,-97.19193000,-83.98824000
4.46350098,-89.16953000,-72.97227000
4.46411133,-97.04716000,-69.42674000
4.46472168,-86.83448000,-76.25733000
4.46533203,-85.28075000,-73.50406000
4.46594238,-87.81361000,-74.87794000
4.46655273,-91.57632000,-80.20264000
4.46716309,-91.61651000,-74.20790000
4.46777344,-88.20660000,-72.32507000
4.46838379,-89.00672000,-71.29406000
4.46899414,-93.45994000,-72.66856000
4.46960449,-97.02647000,-75.32558000
4.47021484,-95.30995000,-74.77078000
4.47082520,-99.57131000,-71.49981000
4.47143555,-94.26520000,-71.66922000
4.47204590,-93.42004000,-74.77057000
4.47265625,-86.05699000,-70.82519000
4.47326660,-66.80494000,-70.18184000
4.47387695,-62.46046000,-68.76873000
4.47448730,-68.48326000,-72.35298000
4.47509766,-86.05388000,-82.10747000
4.47570801,-89.61005000,-75.64155000
4.47631836,-90.13905000,-70.60148000
4.47692871,-85.39833000,-73.75862000
4.47753906,-81.04939000,-78.77158000
4.47814941,-79.48609000,-77.72161000
4.47875977,-83.74818000,-75.88663000
4.47937012,-92.87364000,-75.36836000
4.47998047,-94.86584000,-75.74254000
4.48059082,-95.87469000,-93.16734000
4.48120117,-97.26871000,-78.76357000
4.48181152,-102.79260000,-80.06725000
4.48242188,-104.76450000,-82.23449000
4.48303223,-87.24323000,-77.04612000
4.48364258,-82.49121000,-80.81435000
4.48425293,-84.07441000,-71.30882000
4.48486328,-85.14457000,-69.87791000
4.48547363,-82.77773000,-72.28217000
4.48608398,-84.47216000,-89.13911000
4.48669434,-89.00552000,-75.79547000
4.48730469,-85.87162000,-81.88572000
4.48791504,-86.05269000,-74.60042000
4.48852539,-88.98814000,-68.64207000
4.48913574,-83.17733000,-73.57536000
4.48974609,-80.45998000,-82.49261000
4.49035645,-81.71727000,-77.33907000
4.49096680,-87.48744000,-78.73086000
4.49157715,-88.12456000,-74.10148000
4.49218750,-90.61151000,-77.45202000
4.49279785,-97.12104000,-79.74635000
4.49340820,-94.06384000,-73.69420000
4.49401855,-84.76859000,-71.72961000
4.49462891,-82.89467000,-69.28023000
4.49523926,-84.13624000,-70.07572000
4.49584961,-85.53349000,-74.28765000
4.49645996,-83.96571000,-74.09791000
4.49707031,-84.39345000,-79.59925000
4.49768066,-86.06285000,-80.01974000
4.49829102,-84.60960000,-69.93623000
4.49890137,-86.10600000,-68.01240000
4.49951172,-78.80149000,-69.98598000
4.50012207,-80.91084000,-72.18390000
4.50073242,-92.62985000,-80.20436000
4.50134277,-92.48226000,-82.85046000
4.50195313,-87.98994000,-70.70350000
4.50256348,-87.84547000,-68.52174000
4.50317383,-82.11488000,-76.00313000
4.50378418,-73.32137000,-78.72139000
4.50439453,-76.56463000,-69.45142000
4.50500488,-89.59716000,-70.23723000
4.50561523,-92.64406000,-78.04516000
4.50622559,-90.29594000,-85.73345000
4.50683594,-90.68257000,-76.92258000
4.50744629,-89.75237000,-75.56505000
4.50805664,-91.08412000,-82.55930000
4.50866699,-94.50191000,-73.20408000
4.50927734,-90.48386000,-67.88708000
4.50988770,-92.34573000,-69.82172000
4.51049805,-91.29468000,-78.34412000
4.51110840,-90.42481000,-73.83017000
4.51171875,-87.53194000,-68.96772000
4.51232910,-90.18780000,-68.72858000
4.51293945,-87.47549000,-75.72419000
4.51354980,-76.61536000,-74.97456000
4.51416016,-75.62558000,-69.05758000
4.51477051,-82.71231000,-68.00716000
4.51538086,-94.36180000,-68.65005000
4.51599121,-92.71157000,-74.63049000
4.51660156,-86.59084000,-88.13954000
4.51721191,-90.55630000,-85.16873000
4.51782227,-104.48510000,-74.62504000
4.51843262,-94.61916000,-70.69823000
4.51904297,-86.97949000,-70.30559000
4.51965332,-85.78744000,-73.55339000
4.52026367,-91.86723000,-81.39626000
4.52087402,-94.09791000,-81.41516000
4.52148438,-105.45220000,-75.40564000
4.52209473,-99.75295000,-69.52357000
4.52270508,-108.90350000,-68.97469000
4.52331543,-107.15210000,-69.04726000
4.52392578,-95.41195000,-69.58569000
4.52453613,-92.64443000,-74.97811000
4.52514648,-90.68555000,-79.19166000
4.52575684,-99.46394000,-80.78574000
4.52636719,-86.81139000,-83.12990000
4.52697754,-83.36834000,-75.81374000
4.52758789,-86.46240000,-88.78365000
4.52819824,-88.53753000,-72.42975000
4.52880859,-88.56322000,-73.75244000
4.52941895,-87.76253000,-82.39745000
4.53002930,-91.09546000,-81.67324000
4.53063965,-91.01924000,-80.68282000
4.53125000,-87.95096000,-85.50090000
4.53186035,-85.27194000,-75.86212000
4.53247070,-86.06500000,-79.50575000
4.53308105,-80.64764000,-75.04315000
4.53369141,-69.88704000,-72.40660000
4.53430176,-71.08720000,-80.67607000
4.53491211,-82.82993000,-81.39152000
4.53552246,-90.24227000,-84.01634000
4.53613281,-90.65929000,-80.65132000
4.53674316,-94.74068000,-76.25291000
4.53735352,-89.55899000,-77.89969000
4.53796387,-84.53315000,-89.37689000
4.53857422,-85.24612000,-76.67950000
4.53918457,-92.57072000,-68.06828000
4.53979492,-103.28500000,-67.89245000
4.54040527,-92.39701000,-71.23061000
4.54101563,-90.28950000,-72.27676000
4.54162598,-89.34037000,-73.07746000
4.54223633,-89.30775000,-77.14130000
4.54284668,-90.04620000,-80.91779000
4.54345703,-86.56963000,-80.32858000
4.54406738,-84.46655000,-69.49638000
4.54467773,-86.10510000,-71.61655000
4.54528809,-89.05785000,-85.20111000
4.54589844,-92.52587000,-88.37994000
4.54650879,-98.76450000,-76.27281000
4.54711914,-98.18016000,-72.33485000
4.54772949,-98.56599000,-71.87884000
4.54833984,-94.25639000,-69.09280000
4.54895020,-88.85515000,-67.75437000
4.54956055,-76.64947000,-67.33566000
4.55017090,-77.03263000,-67.90934000
4.55078125,-88.33565000,-70.43085000
4.55139160,-92.25816000,-68.78082000
4.55200195,-92.72800000,-67.53695000
4.55261230,-94.08841000,-71.92254000
4.55322266,-97.58994000,-78.50608000
4.55383301,-93.32803000,-74.28741000
4.55444336,-92.41074000,-75.19465000
4.55505371,-94.71681000,-79.63084000
4.55566406,-93.94371000,-80.21346000
4.55627441,-92.18964000,-80.91225000
4.55688477,-90.81719000,-86.28529000
4.55749512,-89.10175000,-79.70367000
4.55810547,-87.30202000,-85.28807000
4.55871582,-90.94246000,-81.80854000
4.55932617,-90.03570000,-76.03554000
4.55993652,-98.02951000,-77.01583000
4.56054688,-98.75520000,-77.83875000
4.56115723,-94.46204000,-71.03852000
4.56176758,-96.36354000,-72.65086000
4.56237793,-112.26530000,-70.90530000
4.56298828,-89.33440000,-70.32840000
4.56359863,-80.51048000,-74.91705000
4.56420898,-81.70352000,-80.46539000
4.56481934,-94.48065000,-73.35056000
4.56542969,-89.18895000,-73.07237000
4.56604004,-85.38551000,-79.34572000
4.56665039,-88.94371000,-78.01854000
4.56726074,-85.67447000,-74.82555000
4.56787109,-84.91354000,-81.50360000
4.56848145,-96.32305000,-79.19128000
4.56909180,-90.24774000,-77.74273000
4.56970215,-84.92165000,-82.72020000
4.57031250,-85.50862000,-81.65581000
4.57092285,-89.24773000,-82.07648000
4.57153320,-91.53385000,-76.48003000
4.57214355,-94.65204000,-74.61021000
4.57275391,-94.37808000,-78.47043000
4.57336426,-94.98418000,-89.44520000
4.57397461,-85.51445000,-81.17870000
4.57458496,-84.46034000,-75.19390000
4.57519531,-87.65164000,-80.37404000
4.57580566,-93.28880000,-75.32542000
4.57641602,-96.07162000,-70.43256000
4.57702637,-89.68754000,-71.52219000
4.57763672,-88.77161000,-76.23694000
4.57824707,-89.45739000,-67.76100000
4.57885742,-93.09928000,-68.67141000
4.57946777,-96.65627000,-74.89880000
4.58007813,-94.22647000,-79.09254000
4.58068848,-91.68998000,-75.30936000
4.58129883,-92.88397000,-77.68983000
4.58190918,-91.04163000,-78.03723000
4.58251953,-87.62245000,-77.89072000
4.58312988,-87.53414000,-75.11161000
4.58374023,-87.91528000,-72.70953000
4.58435059,-87.32997000,-71.89323000
4.58496094,-85.84617000,-70.40614000
4.58557129,-83.81253000,-72.76154000
4.58618164,-85.59418000,-70.44293000
4.58679199,-90.11989000,-66.38045000
4.58740234,-91.86296000,-72.68385000
4.58801270,-89.98084000,-78.06171000
4.58862305,-87.17912000,-76.99334000
4.58923340,-86.79238000,-75.48302000
4.58984375,-86.45753000,-74.94865000
4.59045410,-91.91922000,-87.72198000
4.59106445,-88.04736000,-69.37086000
4.59167480,-87.28177000,-68.68741000
4.59228516,-91.77947000,-75.15307000
4.59289551,-82.47684000,-98.56387000
4.59350586,-72.47681000,-69.02902000
4.59411621,-71.29732000,-64.12807000
4.59472656,-79.05159000,-67.43367000
4.59533691,-92.57470000,-71.61806000
4.59594727,-95.62793000,-71.18010000
4.59655762,-101.41290000,-71.10172000
4.59716797,-92.16870000,-75.21311000
4.59777832,-89.71488000,-80.07266000
4.59838867,-84.38506000,-73.17641000
4.59899902,-80.55523000,-68.39281000
4.59960938,-81.15575000,-68.48087000
4.60021973,-89.96960000,-70.18339000
4.60083008,-80.30899000,-70.33864000
4.60144043,-79.01921000,-73.15063000
4.60205078,-87.61595000,-73.02693000
4.60266113,-100.62810000,-74.05870000
4.60327148,-88.21670000,-76.55418000
4.60388184,-85.73587000,-77.82764000
4.60449219,-85.80222000,-83.58985000
4.60510254,-86.39272000,-79.59543000
4.60571289,-86.55499000,-74.81717000
4.60632324,-89.14915000,-70.71801000
4.60693359,-92.00436000,-69.48730000
4.60754395,-91.47322000,-76.26383000
4.60815430,-88.71349000,-77.30692000
4.60876465,-89.00239000,-71.85939000
4.60937500,-94.46333000,-73.67888000
4.60998535,-89.44434000,-75.80391000
4.61059570,-87.14075000,-73.79121000
4.61120605,-92.05779000,-68.08032000
4.61181641,-86.56155000,-66.89467000
4.61242676,-82.49184000,-69.91599000
4.61303711,-86.30734000,-73.85025000
4.61364746,-78.58852000,-70.93294000
4.61425781,-77.17240000,-69.85530000
4.61486816,-84.06841000,-70.32852000
4.61547852,-93.14818000,-70.26057000
4.61608887,-88.84639000,-72.90260000
4.61669922,-93.72352000,-76.73245000
4.61730957,-107.18370000,-71.97694000
4.61791992,-97.62813000,-73.37740000
4.61853027,-92.46947000,-74.55260000
4.61914063,-88.29427000,-73.12955000
4.61975098,-91.45256000,-69.57699000
4.62036133,-92.07359000,-67.53421000
4.62097168,-93.41401000,-70.83217000
4.62158203,-96.42464000,-77.60909000
4.62219238,-92.28515000,-71.15456000
4.62280273,-92.71910000,-70.21101000
4.62341309,-80.39934000,-70.81778000
4.62402344,-77.00347000,-71.78025000
4.62463379,-84.10532000,-72.39124000
4.62524414,-96.83873000,-75.36082000
4.62585449,-110.45340000,-79.33318000
4.62646484,-96.15933000,-73.46638000
4.62707520,-91.17603000,-80.98599000
4.62768555,-92.36827000,-72.93865000
4.62829590,-98.52776000,-73.53014000
4.62890625,-107.84920000,-79.76782000
4.62951660,-97.52079000,-83.85776000
4.63012695,-98.57021000,-78.88886000
4.63073730,-90.59366000,-75.65813000
4.63134766,-84.08517000,-80.02025000
4.63195801,-87.45352000,-73.33204000
4.63256836,-93.90583000,-73.64840000
4.63317871,-89.81604000,-70.96790000
4.63378906,-85.38026000,-69.99031000
4.63439941,-88.07377000,-70.45661000
4.63500977,-98.90076000,-67.90953000
4.63562012,-92.23973000,-68.21759000
4.63623047,-92.50943000,-72.98013000
4.63684082,-98.42558000,-70.54221000
4.63745117,-87.13144000,-69.33590000
4.63806152,-86.33502000,-71.66636000
4.63867188,-87.09698000,-72.28301000
4.63928223,-86.94904000,-73.16090000
4.63989258,-86.55382000,-74.62784000
4.64050293,-86.16736000,-77.82093000
4.64111328,-90.88265000,-77.57699000
4.64172363,-101.00450000,-78.45667000
4.64233398,-103.20140000,-83.85009000
4.64294434,-91.68048000,-80.47278000
4.64355469,-85.57029000,-81.93473000
4.64416504,-86.86623000,-77.08405000
4.64477539,-92.64551000,-75.49323000
4.64538574,-100.84840000,-90.19135000
4.64599609,-92.94040000,-73.56322000
4.64660645,-85.95826000,-76.86217000
4.64721680,-88.69128000,-86.43105000
4.64782715,-91.59793000,-77.86620000
4.64843750,-94.86465000,-76.29170000
4.64904785,-89.25500000,-80.22811000
4.64965820,-83.24110000,-73.74242000
4.65026855,-89.15593000,-73.46673000
4.65087891,-88.11896000,-79.26237000
4.65148926,-88.59602000,-81.30784000
4.65209961,-93.66871000,-79.56538000
4.65270996,-81.89003000,-79.69827000
4.65332031,-68.84983000,-87.89176000
4.65393066,-64.22227000,-75.06141000
4.65454102,-68.20059000,-72.21045000
4.65515137,-84.03656000,-87.16536000
4.65576172,-90.62735000,-79.68720000
4.65637207,-88.35387000,-77.65708000
4.65698242,-91.44173000,-73.40414000
4.65759277,-87.68151000,-75.82574000
4.65820313,-82.30214000,-76.54981000
4.65881348,-83.61283000,-78.93919000
4.65942383,-88.36117000,-79.68993000
4.66003418,-89.74715000,-71.79868000
4.66064453,-87.34915000,-71.68294000
4.66125488,-87.77618000,-73.71604000
4.66186523,-89.25404000,-74.33739000
4.66247559,-88.95947000,-92.27982000
4.66308594,-95.73007000,-79.93954000
4.66369629,-94.54321000,-75.98098000
4.66430664,-86.69311000,-73.42786000
4.66491699,-85.07012000,-72.25546000
4.66552734,-86.83324000,-68.39529000
4.66613770,-91.62400000,-66.27779000
4.66674805,-87.00557000,-67.53140000
4.66735840,-91.77283000,-69.88805000
4.66796875,-105.08760000,-73.60734000
4.66857910,-92.99934000,-75.45193000
4.66918945,-91.66689000,-79.00512000
4.66979980,-92.53800000,-82.63335000
4.67041016,-92.35551000,-75.48184000
4.67102051,-99.66956000,-69.62576000
4.67163086,-96.10572000,-70.08261000
4.67224121,-91.61224000,-74.36611000
4.67285156,-87.76974000,-73.61981000
4.67346191,-86.94600000,-71.74260000
4.67407227,-84.75591000,-72.12210000
4.67468262,-87.69134000,-81.01462000
4.67529297,-96.83463000,-77.28028000
4.67590332,-87.61077000,-75.26335000
4.67651367,-84.86481000,-81.18222000
4.67712402,-86.28597000,-72.38991000
4.67773438,-90.04070000,-67.05862000
4.67834473,-91.35525000,-68.20854000
4.67895508,-93.76214000,-81.09816000
4.67956543,-93.68740000,-78.54255000
4.68017578,-88.39508000,-77.90332000
4.68078613,-95.77936000,-81.20279000
4.68139648,-93.90318000,-85.17013000
4.68200684,-97.72037000,-84.57091000
4.68261719,-100.73340000,-76.06461000
4.68322754,-75.25605000,-67.84905000
4.68383789,-68.08517000,-65.10275000
4.68444824,-70.60625000,-68.16313000
4.68505859,-83.50365000,-76.13778000
4.68566895,-95.12788000,-80.58761000
4.68627930,-91.03402000,-99.33246000
4.68688965,-91.17378000,-76.79900000
4.68750000,-88.73779000,-77.68511000
4.68811035,-88.43098000,-92.13643000
4.68872070,-92.29104000,-78.98907000
4.68933105,-97.65230000,-72.69988000
4.68994141,-94.83211000,-73.23241000
4.69055176,-88.20121000,-71.06434000
4.69116211,-86.63742000,-70.45744000
4.69177246,-91.44379000,-71.33115000
4.69238281,-92.97588000,-72.62477000
4.69299316,-97.59404000,-72.26703000
4.69360352,-95.72264000,-69.49095000
4.69421387,-93.17761000,-69.56136000
4.69482422,-92.21259000,-77.38105000
4.69543457,-88.98923000,-83.25136000
4.69604492,-90.82518000,-78.82533000
4.69665527,-95.43240000,-81.17844000
4.69726563,-88.42110000,-76.71366000
4.69787598,-87.89691000,-69.70990000
4.69848633,-89.33530000,-68.89884000
4.69909668,-82.34055000,-70.36523000
4.69970703,-76.09315000,-69.70029000
4.70031738,-78.42981000,-84.18858000
4.70092773,-92.03345000,-71.21943000
4.70153809,-89.98538000,-71.48195000
4.70214844,-90.47464000,-71.04736000
4.70275879,-89.07525000,-72.40414000
4.70336914,-89.64894000,-75.58949000
4.70397949,-90.87287000,-77.32967000
4.70458984,-93.12743000,-75.46642000
4.70520020,-96.83834000,-74.48119000
4.70581055,-94.12212000,-72.92207000
4.70642090,-94.63299000,-69.66971000
4.70703125,-93.27124000,-68.85361000
4.70764160,-93.57625000,-68.54447000
4.70825195,-92.72298000,-69.60330000
4.70886230,-96.90057000,-73.01810000
4.70947266,-93.53680000,-80.87470000
4.71008301,-86.93103000,-89.52110000
4.71069336,-87.03419000,-91.41438000
4.71130371,-87.67570000,-82.16071000
4.71191406,-88.14186000,-73.15932000
4.71252441,-82.83566000,-76.63249000
4.71313477,-60.83773000,-66.40977000
4.71374512,-52.39458000,-58.26706000
4.71435547,-53.19261000,-59.45164000
4.71496582,-63.46890000,-70.11681000
4.71557617,-83.37637000,-70.30272000
4.71618652,-87.46567000,-77.30798000
4.71679688,-88.21242000,-83.99170000
4.71740723,-89.76936000,-82.98286000
4.71801758,-100.09820000,-78.12232000
4.71862793,-88.94273000,-71.59737000
4.71923828,-88.47983000,-73.02516000
4.71984863,-88.70004000,-80.66800000
4.72045898,-85.66726000,-77.48201000
4.72106934,-84.13864000,-74.33120000
4.72167969,-86.38194000,-70.90762000
4.72229004,-87.66834000,-75.90334000
4.72290039,-90.49699000,-79.60152000
4.72351074,-96.78338000,-76.20073000
4.72412109,-87.11407000,-76.33415000
4.72473145,-89.36513000,-75.09219000
4.72534180,-99.61719000,-71.14486000
4.72595215,-89.36725000,-89.48671000
4.72656250,-85.12832000,-69.70930000
4.72717285,-99.92095000,-70.34825000
4.72778320,-87.46410000,-80.71559000
4.72839355,-87.33806000,-73.50924000
4.72900391,-85.70541000,-71.43916000
4.72961426,-85.78940000,-75.37779000
4.73022461,-94.85767000,-78.96391000
4.73083496,-90.94848000,-80.81573000
4.73144531,-87.35892000,-75.94135000
4.73205566,-86.01360000,-73.87887000
4.73266602,-86.42437000,-77.98872000
4.73327637,-92.67358000,-89.40673000
4.73388672,-95.02519000,-76.40610000
4.73449707,-94.06287000,-77.89780000
4.73510742,-94.15285000,-77.44410000
4.73571777,-99.24789000,-72.09756000
4.73632813,-96.90469000,-71.91840000
4.73693848,-87.20036000,-74.49348000
4.73754883,-86.26651000,-69.45573000
4.73815918,-88.79395000,-67.71178000
4.73876953,-90.69691000,-69.05221000
4.73937988,-91.16515000,-70.82829000
4.73999023,-88.25088000,-68.78587000
4.74060059,-89.94337000,-72.31016000
4.74121094,-88.63879000,-73.20256000
4.74182129,-88.42241000,-70.47530000
4.74243164,-95.37627000,-76.51699000
4.74304199,-81.37286000,-96.86867000
4.74365234,-70.25521000,-75.32275000
4.74426270,-69.36694000,-72.89216000
4.74487305,-77.80913000,-81.57552000
4.74548340,-94.29697000,-77.81583000
4.74609375,-94.28154000,-78.30355000
4.74670410,-106.22240000,-80.65475000
4.74731445,-92.34238000,-71.90514000
4.74792480,-90.00957000,-74.27728000
4.74853516,-91.35028000,-75.84915000
4.74914551,-86.23017000,-85.49218000
4.74975586,-83.50150000,-78.33810000
4.75036621,-83.68279000,-75.03200000
4.75097656,-83.01756000,-76.52123000
4.75158691,-83.98212000,-74.59396000
4.75219727,-86.40527000,-71.15617000
4.75280762,-100.04420000,-71.89162000
4.75341797,-88.45621000,-72.28108000
4.75402832,-88.39825000,-75.68953000
4.75463867,-89.59404000,-72.58718000
4.75524902,-98.76677000,-69.50391000
4.75585938,-91.21399000,-70.44105000
4.75646973,-95.87846000,-76.22411000
4.75708008,-97.51859000,-78.42676000
4.75769043,-99.67992000,-85.69146000
4.75830078,-109.71580000,-73.23020000
4.75891113,-98.18672000,-68.97079000
4.75952148,-89.66383000,-73.05750000
4.76013184,-87.18727000,-75.26966000
4.76074219,-88.63404000,-69.90627000
4.76135254,-92.05421000,-68.23630000
4.76196289,-92.15140000,-70.88055000
4.76257324,-92.76413000,-75.23124000
4.76318359,-89.42842000,-80.26315000
4.76379395,-87.93916000,-75.46620000
4.76440430,-87.50222000,-70.43065000
4.76501465,-86.35881000,-73.61648000
4.76562500,-87.58894000,-80.80161000
4.76623535,-92.73151000,-79.70925000
4.76684570,-87.63732000,-75.92029000
4.76745605,-88.45824000,-75.12368000
4.76806641,-98.12215000,-71.22325000
4.76867676,-92.49107000,-70.32030000
4.76928711,-90.22867000,-73.04272000
4.76989746,-90.20512000,-82.32639000
4.77050781,-92.12315000,-82.86961000
4.77111816,-93.29483000,-75.85672000
4.77172852,-96.73328000,-72.32288000
4.77233887,-85.46742000,-75.87278000
4.77294922,-81.87206000,-78.06224000
4.77355957,-67.86318000,-65.30710000
4.77416992,-64.80389000,-62.40269000
4.77478027,-70.69040000,-68.27320000
4.77539063,-82.90142000,-76.23716000
4.77600098,-88.00110000,-73.52773000
4.77661133,-100.24310000,-72.65868000
4.77722168,-91.46571000,-70.44908000
4.77783203,-85.42546000,-75.04344000
4.77844238,-84.02374000,-74.71531000
4.77905273,-85.95593000,-81.02500000
4.77966309,-89.09015000,-76.83663000
4.78027344,-87.01691000,-73.95684000
4.78088379,-87.94022000,-75.92578000
4.78149414,-88.12544000,-77.19763000
4.78210449,-83.74576000,-76.51585000
4.78271484,-83.19499000,-74.01868000
4.78332520,-87.36700000,-80.90413000
4.78393555,-89.58891000,-72.95222000
4.78454590,-89.71535000,-70.83548000
4.78515625,-90.14720000,-72.25829000
4.78576660,-89.26823000,-71.69009000
4.78637695,-90.42628000,-68.06922000
4.78698730,-91.20590000,-70.00388000
4.78759766,-91.53062000,-83.33983000
4.78820801,-95.63980000,-71.52800000
4.78881836,-99.21807000,-73.00329000
4.78942871,-91.74737000,-82.04506000
4.79003906,-94.53680000,-74.08581000
4.79064941,-97.36444000,-72.96307000
4.79125977,-88.97112000,-71.58556000
4.79187012,-98.48306000,-71.84767000
4.79248047,-91.81655000,-75.16843000
4.79309082,-84.40228000,-76.25409000
4.79370117,-82.11887000,-76.41885000
4.79431152,-83.66196000,-74.65465000
4.79492188,-85.72025000,-70.00739000
4.79553223,-86.98066000,-70.42338000
4.79614258,-90.90755000,-70.04750000
4.79675293,-95.69683000,-67.75590000
4.79736328,-102.23300000,-70.56167000
4.79797363,-94.83392000,-82.69592000
4.79858398,-97.59062000,-75.86340000
4.79919434,-85.25264000,-71.97370000
4.79980469,-80.04675000,-72.19463000
4.80041504,-84.57837000,-76.18545000
4.80102539,-92.00738000,-76.62608000
4.80163574,-83.01425000,-71.49725000
4.80224609,-82.16589000,-70.78265000
4.80285645,-87.03098000,-74.71361000
4.80346680,-80.19652000,-68.33978000
4.80407715,-75.24446000,-65.52586000
4.80468750,-80.60223000,-69.57107000
4.80529785,-91.87061000,-83.01137000
4.80590820,-91.55081000,-74.43380000
4.80651855,-88.73514000,-78.06731000
4.80712891,-86.92855000,-80.30554000
4.80773926,-89.30563000,-85.10504000
4.80834961,-100.08650000,-72.62685000
4.80895996,-92.08022000,-73.15947000
4.80957031,-88.23471000,-77.50764000
4.81018066,-89.29208000,-74.42793000
4.81079102,-91.19843000,-73.81081000
4.81140137,-93.34144000,-69.28064000
4.81201172,-92.77782000,-68.67059000
4.81262207,-95.80328000,-77.18995000
4.81323242,-94.05807000,-72.66777000
4.81384277,-87.29859000,-69.79999000
4.81445313,-90.28046000,-71.80536000
4.81506348,-94.46944000,-79.62442000
4.81567383,-93.25764000,-80.36049000
4.81628418,-114.60870000,-78.76118000
4.81689453,-94.92913000,-74.37724000
4.81750488,-89.32518000,-78.55946000
4.81811523,-88.40511000,-75.72118000
4.81872559,-86.03233000,-72.45886000
4.81933594,-85.18802000,-71.91101000
4.81994629,-88.82217000,-71.70552000
4.82055664,-90.76326000,-76.90257000
4.82116699,-91.44886000,-72.48267000
4.82177734,-91.01960000,-69.87245000
4.82238770,-86.74359000,-77.61829000
4.82299805,-85.26585000,-78.76952000
4.82360840,-88.02326000,-79.00676000
4.82421875,-97.90359000,-91.41226000
4.82482910,-91.08231000,-76.46289000
4.82543945,-96.78303000,-66.50500000
4.82604980,-82.16198000,-65.77010000
4.82666016,-76.12987000,-69.31226000
4.82727051,-78.99803000,-70.43545000
4.82788086,-89.17915000,-86.66008000
4.82849121,-99.86856000,-69.53499000
4.82910156,-92.34479000,-71.76307000
4.82971191,-88.66899000,-76.44167000
4.83032227,-90.54640000,-68.72957000
4.83093262,-91.33470000,-70.90981000
4.83154297,-89.80296000,-79.81725000
4.83215332,-89.15267000,-77.44037000
4.83276367,-88.88690000,-78.95675000
4.83337402,-79.32101000,-77.43111000
4.83398438,-74.94829000,-76.50394000
4.83459473,-78.28705000,-80.60989000
4.83520508,-86.47879000,-77.39669000
4.83581543,-96.00677000,-75.84187000
4.83642578,-98.83160000,-71.06152000
4.83703613,-102.34700000,-68.49089000
4.83764648,-100.39890000,-69.61909000
4.83825684,-102.58440000,-74.54745000
4.83886719,-99.33526000,-81.23353000
4.83947754,-87.00771000,-83.15720000
4.84008789,-85.37673000,-75.44041000
4.84069824,-88.72803000,-75.78070000
4.84130859,-97.36485000,-71.69817000
4.84191895,-89.79413000,-74.81933000
4.84252930,-90.13612000,-81.87630000
4.84313965,-98.71310000,-75.31074000
4.84375000,-104.23310000,-72.86338000
4.84436035,-117.16420000,-73.89355000
4.84497070,-102.07010000,-77.08221000
4.84558105,-93.78459000,-79.79068000
4.84619141,-87.02243000,-72.12710000
4.84680176,-85.19687000,-73.01306000
4.84741211,-88.67255000,-70.01982000
4.84802246,-89.43027000,-71.30786000
4.84863281,-89.17212000,-81.08613000
4.84924316,-90.39809000,-83.82285000
4.84985352,-87.20802000,-71.83318000
4.85046387,-88.96205000,-67.75959000
4.85107422,-94.82632000,-70.90091000
4.85168457,-91.09761000,-77.76844000
4.85229492,-86.37334000,-74.91408000
4.85290527,-89.31932000,-71.57463000
4.85351563,-103.68210000,-72.58662000
4.85412598,-93.71745000,-72.52116000
4.85473633,-101.67820000,-72.85072000
4.85534668,-94.66829000,-73.74652000
4.85595703,-101.64510000,-76.42824000
4.85656738,-90.42718000,-85.60030000
4.85717773,-87.34020000,-85.49713000
4.85778809,-91.74590000,-72.80079000
4.85839844,-102.51020000,-70.79030000
4.85900879,-90.72076000,-74.22433000
4.85961914,-86.78848000,-71.69526000
4.86022949,-87.01778000,-73.98459000
4.86083984,-92.82890000,-103.77810000
4.86145020,-91.60198000,-77.34681000
4.86206055,-90.28790000,-73.45397000
4.86267090,-89.37873000,-74.40770000
4.86328125,-86.38652000,-76.47928000
4.86389160,-85.16193000,-72.60229000
4.86450195,-84.24570000,-72.05405000
4.86511230,-88.68445000,-84.94514000
4.86572266,-89.84338000,-77.80801000
4.86633301,-89.14502000,-79.85173000
4.86694336,-101.11270000,-76.66557000
4.86755371,-98.37236000,-72.77778000
4.86816406,-98.03824000,-75.17139000
4.86877441,-93.34010000,-79.17830000
4.86938477,-93.07164000,-68.83909000
4.86999512,-91.83310000,-67.84221000
4.87060547,-93.44826000,-69.47847000
4.87121582,-91.12853000,-72.70922000
4.87182617,-89.11664000,-71.04386000
4.87243652,-86.74492000,-72.85465000
4.87304688,-85.61459000,-73.77371000
4.87365723,-86.67577000,-72.44669000
4.87426758,-89.45483000,-70.72890000
4.87487793,-112.65300000,-73.91414000
4.87548828,-90.13867000,-79.36432000
4.87609863,-90.44228000,-75.93183000
4.87670898,-94.46359000,-75.50813000
4.87731934,-95.82806000,-79.13094000
4.87792969,-93.57217000,-81.08506000
4.87854004,-93.84520000,-76.28410000
4.87915039,-93.10159000,-71.90040000
4.87976074,-84.22119000,-70.80244000
4.88037109,-84.74862000,-84.98969000
4.88098145,-90.36727000,-77.67867000
4.88159180,-99.86459000,-70.85149000
4.88220215,-95.90636000,-69.04706000
4.88281250,-89.00592000,-71.74836000
4.88342285,-88.47176000,-78.21643000
4.88403320,-87.83781000,-76.47581000
4.88464355,-87.41481000,-76.23866000
4.88525391,-88.44611000,-82.46720000
4.88586426,-89.08486000,-78.13693000
4.88647461,-87.67937000,-70.85918000
4.88708496,-90.16391000,-67.54460000
4.88769531,-98.16556000,-67.27330000
4.88830566,-105.45980000,-68.07950000
4.88891602,-94.71623000,-71.48893000
4.88952637,-100.66910000,-71.30427000
4.89013672,-94.33128000,-75.06334000
4.89074707,-84.77866000,-81.49148000
4.89135742,-82.68009000,-80.43756000
4.89196777,-86.67766000,-80.26039000
4.89257813,-95.59325000,-77.89550000
4.89318848,-91.48681000,-75.62447000
4.89379883,-84.07635000,-76.18456000
4.89440918,-86.03491000,-80.81445000
4.89501953,-92.10243000,-72.12328000
4.89562988,-87.22766000,-76.99118000
4.89624023,-86.06873000,-87.15231000
4.89685059,-91.66457000,-75.72964000
4.89746094,-90.82931000,-75.58331000
4.89807129,-89.34845000,-84.02045000
4.89868164,-98.49725000,-81.40742000
4.89929199,-85.74237000,-76.25361000
4.89990234,-82.07278000,-79.58384000
4.90051270,-90.57461000,-83.68559000
4.90112305,-82.75322000,-93.91893000
4.90173340,-84.01435000,-79.66685000
4.90234375,-91.83939000,-90.25151000
4.90295410,-97.35676000,-72.68658000
4.90356445,-99.89668000,-72.47054000
4.90417480,-96.34802000,-73.74868000
4.90478516,-92.97093000,-73.50542000
4.90539551,-89.66075000,-75.16008000
4.90600586,-89.73053000,-75.72642000
4.90661621,-96.95432000,-70.63014000
4.90722656,-94.29948000,-69.30851000
4.90783691,-90.94707000,-73.79615000
4.90844727,-91.59379000,-85.15954000
4.90905762,-94.45889000,-87.51138000
4.90966797,-93.51182000,-90.02757000
4.91027832,-91.83562000,-83.62141000
4.91088867,-89.99284000,-83.49902000
4.91149902,-91.71092000,-86.91646000
4.91210938,-89.09135000,-90.47748000
4.91271973,-84.46320000,-81.30811000
4.91333008,-80.81291000,-78.34537000
4.91394043,-79.99368000,-73.54681000
4.91455078,-86.37371000,-79.28788000
4.91516113,-91.89465000,-75.92530000
4.91577148,-87.07787000,-70.57070000
4.91638184,-85.76076000,-73.86422000
4.91699219,-88.40450000,-86.56142000
4.91760254,-91.32727000,-74.93095000
4.91821289,-89.00177000,-79.54288000
4.91882324,-91.20137000,-85.89828000
4.91943359,-89.85400000,-72.54140000
4.92004395,-86.40945000,-69.39989000
4.92065430,-85.40917000,-74.20897000
4.92126465,-85.17440000,-71.36346000
4.92187500,-86.74159000,-66.92427000
4.92248535,-92.09031000,-69.41351000
4.92309570,-86.31296000,-82.42697000
4.92370605,-82.67914000,-93.25609000
4.92431641,-87.91534000,-79.64536000
4.92492676,-91.07533000,-73.96154000
4.92553711,-91.08394000,-74.67170000
4.92614746,-92.33167000,-73.24914000
4.92675781,-94.68530000,-74.53680000
4.92736816,-88.70235000,-85.96908000
4.92797852,-85.67608000,-71.01978000
4.92858887,-86.34251000,-71.60330000
4.92919922,-88.86810000,-78.24978000
4.92980957,-86.46195000,-90.92075000
4.93041992,-84.48413000,-78.08884000
4.93103027,-89.00944000,-72.46021000
4.93164063,-95.15169000,-72.12762000
4.93225098,-87.19405000,-74.75993000
4.93286133,-94.39960000,-93.07384000
4.93347168,-97.19960000,-72.46176000
4.93408203,-93.17253000,-71.72559000
4.93469238,-93.05670000,-81.64691000
4.93530273,-91.73667000,-81.84006000
4.93591309,-100.12820000,-87.31606000
4.93652344,-92.61543000,-73.22989000
4.93713379,-94.03793000,-73.41141000
4.93774414,-94.47496000,-84.24884000
4.93835449,-89.99794000,-77.46801000
4.93896484,-98.98185000,-75.82867000
4.93957520,-102.99070000,-96.52556000
4.94018555,-105.57020000,-82.38269000
4.94079590,-93.98571000,-71.48492000
4.94140625,-92.88898000,-69.24628000
4.94201660,-94.60818000,-74.73744000
4.94262695,-93.08699000,-76.91125000
4.94323730,-87.14407000,-75.16257000
4.94384766,-87.60418000,-73.78094000
4.94445801,-92.90710000,-75.52867000
4.94506836,-91.74055000,-75.07911000
4.94567871,-87.80550000,-73.69205000
4.94628906,-85.94415000,-84.88548000
4.94689941,-91.48958000,-79.94792000
4.94750977,-96.67947000,-76.99809000
4.94812012,-85.50353000,-80.89247000
4.94873047,-83.06351000,-76.13242000
4.94934082,-86.16317000,-73.53719000
4.94995117,-91.71067000,-81.61421000
4.95056152,-89.71096000,-71.68105000
4.95117188,-85.05270000,-77.09186000
4.95178223,-84.78946000,-79.05106000
4.95239258,-87.33492000,-72.60007000
4.95300293,-89.31899000,-71.36655000
4.95361328,-84.84847000,-71.94467000
4.95422363,-81.19946000,-68.93508000
4.95483398,-97.06454000,-67.06982000
4.95544434,-86.56365000,-66.50674000
4.95605469,-88.23329000,-69.06355000
4.95666504,-94.23517000,-73.62155000
4.95727539,-97.10244000,-80.12337000
4.95788574,-94.17754000,-75.45391000
4.95849609,-105.01450000,-70.21193000
4.95910645,-94.59876000,-71.10466000
4.95971680,-88.04729000,-82.56326000
4.96032715,-88.87619000,-75.65141000
4.96093750,-103.87990000,-74.43574000
4.96154785,-94.68068000,-76.85929000
4.96215820,-93.26710000,-85.83187000
4.96276855,-89.74141000,-81.80925000
4.96337891,-93.61017000,-81.88312000
4.96398926,-90.30648000,-81.15276000
4.96459961,-84.48570000,-75.82157000
4.96520996,-88.81738000,-76.19232000
4.96582031,-97.03437000,-79.86185000
4.96643066,-106.55850000,-83.99037000
4.96704102,-94.03938000,-77.94493000
4.96765137,-90.83030000,-76.50227000
4.96826172,-90.96790000,-77.16336000
4.96887207,-93.01392000,-80.71101000
4.96948242,-90.69856000,-81.92738000
4.97009277,-89.01140000,-74.41320000
4.97070313,-92.74257000,-72.29491000
4.97131348,-98.24683000,-77.06914000
4.97192383,-113.01650000,-77.66946000
4.97253418,-101.55360000,-86.42531000
4.97314453,-95.87096000,-84.77046000
4.97375488,-88.78434000,-77.69728000
4.97436523,-88.39772000,-77.68272000
4.97497559,-95.01477000,-77.08512000
4.97558594,-94.83212000,-87.29271000
4.97619629,-88.23139000,-81.02589000
4.97680664,-87.37911000,-78.87218000
4.97741699,-93.01657000,-81.29054000
4.97802734,-102.48890000,-77.57988000
4.97863770,-98.43502000,-71.25610000
4.97924805,-96.00281000,-70.87005000
4.97985840,-107.85600000,-93.73455000
4.98046875,-90.86607000,-72.35776000
4.98107910,-87.04688000,-72.92548000
4.98168945,-87.74871000,-73.38515000
4.98229980,-88.88467000,-71.38657000
4.98291016,-88.81005000,-74.78028000
4.98352051,-84.11070000,-76.04921000
4.98413086,-80.41945000,-70.42628000
4.98474121,-87.20565000,-73.15555000
4.98535156,-100.91940000,-75.94370000
4.98596191,-93.83372000,-74.94735000
4.98657227,-95.26833000,-70.85957000
4.98718262,-95.64583000,-69.79813000
4.98779297,-89.88884000,-79.30728000
4.98840332,-93.91511000,-79.14990000
4.98901367,-103.53510000,-74.66673000
4.98962402,-103.94390000,-69.75129000
4.99023438,-98.85041000,-70.45734000
4.99084473,-103.19520000,-73.25576000
4.99145508,-91.93825000,-69.80720000
4.99206543,-93.33272000,-70.60693000
4.99267578,-95.78857000,-80.53149000
4.99328613,-89.21671000,-91.29899000
4.99389648,-89.31284000,-86.33752000
4.99450684,-94.57592000,-83.44818000
4.99511719,-95.27399000,-106.14870000
4.99572754,-93.03085000,-78.91380000
4.99633789,-92.87480000,-72.92355000
4.99694824,-87.49838000,-73.47114000
4.99755859,-83.41402000,-80.03189000
4.99816895,-85.19234000,-78.52080000
4.99877930,-89.12426000,-77.10858000
4.99938965,-89.02691000,-83.34235000
5.00000000,-96.07980000,-76.52843000
5.00061035,-88.19816000,-74.22367000
5.00122070,-82.85028000,-75.65233000
5.00183105,-86.34973000,-73.99941000
5.00244141,-99.60498000,-72.32211000
5.00305176,-89.15323000,-70.57181000
5.00366211,-86.38068000,-70.85354000
5.00427246,-86.91009000,-80.68505000
5.00488281,-91.41785000,-72.55589000
5.00549316,-96.53797000,-76.53710000
5.00610352,-95.15140000,-88.14986000
5.00671387,-86.60448000,-84.67506000
5.00732422,-88.83711000,-77.44529000
5.00793457,-95.58546000,-78.59016000
5.00854492,-93.53171000,-76.45772000
5.00915527,-92.95490000,-72.44208000
5.00976563,-94.36510000,-71.47620000
5.01037598,-97.34958000,-73.74834000
5.01098633,-98.40336000,-74.64780000
5.01159668,-97.08594000,-75.09406000
5.01220703,-98.41865000,-72.60041000
5.01281738,-87.13912000,-72.95303000
5.01342773,-69.29228000,-76.20442000
5.01403809,-63.54576000,-67.42024000
5.01464844,-67.07835000,-71.27372000
5.01525879,-81.17981000,-78.10607000
5.01586914,-89.32336000,-80.31864000
5.01647949,-90.74620000,-72.81656000
5.01708984,-90.01004000,-78.36282000
5.01770020,-88.41285000,-81.73615000
5.01831055,-89.40627000,-76.58646000
5.01892090,-95.59139000,-73.05104000
5.01953125,-99.16304000,-69.44772000
5.02014160,-100.64200000,-68.47194000
5.02075195,-105.32140000,-69.96720000
5.02136230,-93.57616000,-70.11224000
5.02197266,-98.62634000,-74.74483000
5.02258301,-92.66626000,-75.24670000
5.02319336,-92.20444000,-72.22686000
5.02380371,-99.64334000,-74.87634000
5.02441406,-88.40752000,-73.61795000
5.02502441,-88.10257000,-75.78167000
5.02563477,-88.52807000,-76.13023000
5.02624512,-84.85046000,-80.52974000
5.02685547,-84.96146000,-79.03499000
5.02746582,-105.73400000,-72.22881000
5.02807617,-87.04774000,-74.05910000
5.02868652,-87.30969000,-74.85760000
5.02929688,-87.24877000,-70.08868000
5.02990723,-90.53210000,-70.77898000
5.03051758,-98.16459000,-72.73959000
5.03112793,-92.00807000,-72.12017000
5.03173828,-90.73364000,-72.02312000
5.03234863,-102.89930000,-72.95976000
5.03295898,-88.95702000,-77.88011000
5.03356934,-86.25227000,-75.78692000
5.03417969,-87.30838000,-75.07440000
5.03479004,-88.08147000,-80.39270000
5.03540039,-86.87262000,-80.82000000
5.03601074,-86.42754000,-83.38222000
5.03662109,-85.45792000,-83.93544000
5.03723145,-87.31808000,-78.96736000
5.03784180,-91.27746000,-74.30330000
5.03845215,-88.48697000,-69.42929000
5.03906250,-85.61906000,-67.85111000
5.03967285,-85.50035000,-68.87482000
5.04028320,-88.07491000,-72.30251000
5.04089355,-90.55076000,-74.67808000
5.04150391,-90.15833000,-77.78831000
5.04211426,-93.21670000,-72.65131000
5.04272461,-97.52087000,-73.41977000
5.04333496,-89.56086000,-76.01922000
5.04394531,-79.43696000,-70.40224000
5.04455566,-81.33965000,-66.01768000
5.04516602,-93.40099000,-65.48636000
5.04577637,-110.39760000,-67.85030000
5.04638672,-102.60380000,-72.81358000
5.04699707,-98.69952000,-76.94208000
5.04760742,-101.57020000,-85.15179000
5.04821777,-98.78839000,-85.50961000
5.04882813,-93.61780000,-75.34152000
5.04943848,-90.55554000,-68.96183000
5.05004883,-90.33967000,-70.20104000
5.05065918,-90.43660000,-73.60543000
5.05126953,-96.89462000,-76.64177000
5.05187988,-96.52641000,-73.96362000
5.05249023,-88.74581000,-71.59009000
5.05310059,-89.01241000,-75.92786000
5.05371094,-93.24556000,-71.89236000
5.05432129,-85.55830000,-72.60048000
5.05493164,-86.40411000,-79.71800000
5.05554199,-91.77965000,-94.62002000
5.05615234,-93.21502000,-83.12202000
5.05676270,-91.73270000,-88.22524000
5.05737305,-89.09244000,-77.78883000
5.05798340,-91.90569000,-90.34911000
5.05859375,-109.29920000,-79.99711000
5.05920410,-107.15190000,-79.14577000
5.05981445,-112.02830000,-76.46960000
5.06042480,-90.08368000,-84.58673000
5.06103516,-84.00399000,-74.91406000
5.06164551,-86.44705000,-73.75430000
5.06225586,-94.72159000,-78.51082000
5.06286621,-88.66138000,-74.03008000
5.06347656,-85.26372000,-82.00726000
5.06408691,-84.99046000,-75.24334000
5.06469727,-87.71651000,-83.35908000
5.06530762,-92.19545000,-74.25014000
5.06591797,-90.00236000,-75.19149000
5.06652832,-86.75164000,-73.27452000
5.06713867,-84.42186000,-71.05138000
5.06774902,-89.31688000,-83.70799000
5.06835938,-97.50881000,-76.67759000
5.06896973,-94.17236000,-72.60429000
5.06958008,-89.37572000,-74.61671000
5.07019043,-88.90627000,-79.81175000
5.07080078,-95.74752000,-74.32925000
5.07141113,-101.47610000,-69.07924000
5.07202148,-94.68803000,-66.25468000
5.07263184,-93.46626000,-68.75793000
5.07324219,-85.37556000,-79.86070000
5.07385254,-75.94718000,-80.23705000
5.07446289,-77.94170000,-74.25036000
5.07507324,-100.10410000,-77.47234000
5.07568359,-88.32935000,-80.26790000
5.07629395,-90.14569000,-80.91595000
5.07690430,-88.97838000,-80.53136000
5.07751465,-88.57056000,-79.78639000
5.07812500,-90.22203000,-77.03683000
5.07873535,-93.15169000,-72.95039000
5.07934570,-105.31020000,-69.87393000
5.07995605,-106.94950000,-72.52030000
5.08056641,-99.71999000,-70.93791000
5.08117676,-98.04912000,-68.68035000
5.08178711,-102.84950000,-72.16908000
5.08239746,-96.07237000,-69.39492000
5.08300781,-96.62552000,-71.11436000
5.08361816,-95.76118000,-80.30129000
5.08422852,-89.69804000,-76.58640000
5.08483887,-83.75195000,-74.96642000
5.08544922,-84.25984000,-78.06091000
5.08605957,-91.13097000,-87.34145000
5.08666992,-96.99928000,-72.49104000
5.08728027,-100.85140000,-70.17045000
5.08789063,-96.66269000,-74.13545000
5.08850098,-89.02760000,-76.31485000
5.08911133,-88.43175000,-69.54144000
5.08972168,-89.01460000,-67.56536000
5.09033203,-87.77957000,-70.24565000
5.09094238,-88.66051000,-70.77740000
5.09155273,-92.17363000,-74.70794000
5.09216309,-92.90999000,-81.54852000
5.09277344,-96.30946000,-74.56609000
5.09338379,-92.30457000,-73.52128000
5.09399414,-90.72044000,-79.49106000
5.09460449,-88.45597000,-91.54964000
5.09521484,-87.36661000,-82.61921000
5.09582520,-87.84057000,-73.87077000
5.09643555,-88.27404000,-72.59703000
5.09704590,-89.48296000,-75.05209000
5.09765625,-94.61548000,-74.21592000
5.09826660,-89.34353000,-78.12103000
5.09887695,-85.04345000,-83.13644000
5.09948730,-85.31920000,-74.94138000
5.10009766,-83.90504000,-72.49755000
5.10070801,-88.61176000,-74.80084000
5.10131836,-104.84240000,-74.33943000
5.10192871,-92.84591000,-75.23767000
5.10253906,-87.98283000,-75.31731000
5.10314941,-86.97659000,-78.49415000
5.10375977,-101.47640000,-79.61777000
5.10437012,-90.10803000,-71.53200000
5.10498047,-89.94069000,-70.99865000
5.10559082,-87.82086000,-78.89883000
5.10620117,-90.19022000,-79.54224000
5.10681152,-90.07107000,-76.82530000
5.10742188,-86.83089000,-75.46823000
5.10803223,-87.00355000,-77.51009000
5.10864258,-89.25892000,-78.87708000
5.10925293,-87.61620000,-82.21088000
5.10986328,-89.45691000,-80.58411000
5.11047363,-85.69561000,-79.21612000
5.11108398,-85.76176000,-77.96603000
5.11169434,-96.82777000,-75.89444000
5.11230469,-97.93791000,-74.25324000
5.11291504,-90.99160000,-76.62865000
5.11352539,-86.46847000,-83.99566000
5.11413574,-86.44680000,-80.60073000
5.11474609,-90.13172000,-72.64388000
5.11535645,-97.61237000,-70.71820000
5.11596680,-96.03505000,-69.08034000
5.11657715,-90.40435000,-70.58974000
5.11718750,-91.25423000,-74.50324000
5.11779785,-94.82195000,-79.57210000
5.11840820,-105.80460000,-82.93365000
5.11901855,-89.97116000,-81.35249000
5.11962891,-87.34515000,-92.64610000
5.12023926,-86.28450000,-85.56067000
5.12084961,-89.91006000,-75.58734000
5.12145996,-97.35084000,-70.85999000
5.12207031,-86.90350000,-69.29999000
5.12268066,-86.23555000,-73.00642000
5.12329102,-88.02419000,-87.69115000
5.12390137,-96.70150000,-71.83939000
5.12451172,-92.64883000,-66.93188000
5.12512207,-88.28012000,-67.30161000
5.12573242,-96.48911000,-71.27604000
5.12634277,-86.57910000,-76.43636000
5.12695313,-80.91312000,-75.28152000
5.12756348,-83.61716000,-70.03284000
5.12817383,-92.02184000,-69.27888000
5.12878418,-94.57593000,-71.21411000
5.12939453,-104.15040000,-75.17031000
5.13000488,-100.69180000,-81.86398000
5.13061523,-98.07147000,-91.67740000
5.13122559,-91.88293000,-78.32175000
5.13183594,-91.45821000,-74.10353000
5.13244629,-86.84441000,-76.51728000
5.13305664,-84.73793000,-78.84837000
5.13366699,-83.75177000,-69.88061000
5.13427734,-85.73093000,-68.04633000
5.13488770,-94.45838000,-66.88806000
5.13549805,-94.38159000,-67.38226000
5.13610840,-101.10500000,-73.13911000
5.13671875,-105.29920000,-75.02446000
5.13732910,-97.80838000,-73.46452000
5.13793945,-93.79068000,-78.29568000
5.13854980,-90.36645000,-80.09660000
5.13916016,-86.24306000,-75.36874000
5.13977051,-87.56082000,-73.19241000
5.14038086,-98.39516000,-72.63226000
5.14099121,-99.84386000,-75.64774000
5.14160156,-96.26753000,-77.23070000
5.14221191,-98.66640000,-76.57197000
5.14282227,-102.03720000,-77.24151000
5.14343262,-95.86592000,-73.39957000
5.14404297,-88.42981000,-72.85850000
5.14465332,-88.11043000,-79.75348000
5.14526367,-93.75183000,-80.47965000
5.14587402,-93.26715000,-92.47222000
5.14648438,-96.55493000,-76.23763000
5.14709473,-98.01773000,-80.53719000
5.14770508,-91.93523000,-73.88761000
5.14831543,-86.84467000,-78.12486000
5.14892578,-87.87713000,-84.73547000
5.14953613,-94.99370000,-79.01249000
5.15014648,-94.60683000,-76.86938000
5.15075684,-106.97310000,-72.39938000
5.15136719,-101.13790000,-70.79972000
5.15197754,-99.91565000,-75.46848000
5.15258789,-91.74501000,-77.04906000
5.15319824,-90.84153000,-77.20117000
5.15380859,-86.13577000,-70.98592000
5.15441895,-86.67757000,-68.51375000
5.15502930,-89.71257000,-72.01611000
5.15563965,-90.76025000,-75.05434000
5.15625000,-93.57926000,-80.27260000
5.15686035,-93.43478000,-75.99643000
5.15747070,-91.85738000,-72.24387000
5.15808105,-90.98812000,-70.86135000
5.15869141,-91.34082000,-71.42219000
5.15930176,-91.97946000,-74.57747000
5.15991211,-96.25958000,-74.08326000
5.16052246,-94.25819000,-68.48316000
5.16113281,-90.11392000,-66.63222000
5.16174316,-90.23281000,-67.67520000
5.16235352,-102.38890000,-70.96204000
5.16296387,-90.98019000,-69.29903000
5.16357422,-92.93925000,-66.61084000
5.16418457,-99.86031000,-67.75613000
5.16479492,-94.52905000,-74.07780000
5.16540527,-94.31889000,-84.52075000
5.16601563,-93.93782000,-76.57142000
5.16662598,-90.39913000,-80.48390000
5.16723633,-88.53332000,-71.98109000
5.16784668,-93.31912000,-70.44215000
5.16845703,-96.53349000,-72.04843000
5.16906738,-90.85285000,-77.94199000
5.16967773,-90.09850000,-72.44742000
5.17028809,-106.61790000,-67.03551000
5.17089844,-92.37814000,-72.86028000
5.17150879,-90.13210000,-77.15337000
5.17211914,-95.27724000,-80.73116000
5.17272949,-102.38870000,-77.93150000
5.17333984,-92.49356000,-70.25283000
5.17395020,-106.31310000,-69.65249000
5.17456055,-88.20613000,-70.79646000
5.17517090,-85.52400000,-72.39931000
5.17578125,-87.51807000,-78.25243000
5.17639160,-96.73837000,-86.88816000
5.17700195,-95.31880000,-82.19603000
5.17761230,-94.68938000,-77.03720000
5.17822266,-104.07650000,-86.97400000
5.17883301,-93.55460000,-83.93027000
5.17944336,-93.82104000,-83.15499000
5.18005371,-108.20560000,-79.42667000
5.18066406,-93.48637000,-74.86674000
5.18127441,-98.10573000,-72.53890000
5.18188477,-101.37690000,-75.70103000
5.18249512,-94.10656000,-82.32407000
5.18310547,-94.17766000,-80.97572000
5.18371582,-92.29150000,-80.35808000
5.18432617,-87.80448000,-80.00606000
5.18493652,-95.10144000,-74.02202000
5.18554688,-94.71049000,-72.37549000
5.18615723,-89.77011000,-78.90836000
5.18676758,-89.81337000,-83.93495000
5.18737793,-87.30389000,-80.67015000
5.18798828,-88.41451000,-72.60018000
5.18859863,-97.61993000,-70.81487000
5.18920898,-93.24774000,-70.45522000
5.18981934,-93.41788000,-71.27000000
5.19042969,-97.69225000,-70.35798000
5.19104004,-97.42661000,-69.96358000
5.19165039,-103.04510000,-72.82275000
5.19226074,-111.02790000,-74.97735000
5.19287109,-89.74707000,-83.02647000
5.19348145,-88.25962000,-91.37574000
5.19409180,-97.50355000,-82.99171000
5.19470215,-90.07433000,-78.35950000
5.19531250,-91.28787000,-75.38400000
5.19592285,-95.64151000,-72.60209000
5.19653320,-95.04739000,-73.44921000
5.19714355,-85.84492000,-77.33719000
5.19775391,-88.29787000,-79.75545000
5.19836426,-97.20567000,-94.18358000
5.19897461,-98.52005000,-80.03030000
5.19958496,-90.90730000,-73.60750000
5.20019531,-90.69485000,-74.16501000
5.20080566,-89.95350000,-74.11047000
5.20141602,-83.59078000,-73.20800000
5.20202637,-84.08737000,-91.07495000
5.20263672,-87.27895000,-79.64159000
5.20324707,-91.03899000,-77.72250000
5.20385742,-101.34700000,-74.36464000
5.20446777,-88.55544000,-75.91999000
5.20507813,-87.92385000,-80.79803000
5.20568848,-88.30153000,-81.09832000
5.20629883,-84.28864000,-76.85227000
5.20690918,-82.78377000,-77.97926000
5.20751953,-86.93907000,-76.08360000
5.20812988,-99.30596000,-75.56630000
5.20874023,-94.98558000,-73.83844000
5.20935059,-94.50418000,-70.72020000
5.20996094,-97.52418000,-71.54718000
5.21057129,-87.87926000,-69.80491000
5.21118164,-87.24150000,-67.32677000
5.21179199,-87.70543000,-66.39046000
5.21240234,-87.54971000,-67.65005000
5.21301270,-89.66515000,-72.40013000
5.21362305,-102.55090000,-77.27757000
5.21423340,-93.73887000,-74.27314000
5.21484375,-88.93777000,-70.75546000
5.21545410,-90.43771000,-69.97604000
5.21606445,-94.90677000,-76.94278000
5.21667480,-92.61385000,-76.28915000
5.21728516,-90.72795000,-71.78812000
5.21789551,-92.16721000,-72.85370000
5.21850586,-89.93114000,-75.69963000
5.21911621,-88.84980000,-78.15275000
5.21972656,-91.05068000,-69.99879000
5.22033691,-94.20934000,-68.17329000
5.22094727,-90.99316000,-70.57732000
5.22155762,-87.92421000,-71.26172000
5.22216797,-86.95612000,-69.74647000
5.22277832,-92.25075000,-70.30749000
5.22338867,-96.80423000,-73.31763000
5.22399902,-90.26656000,-75.51679000
5.22460938,-89.31571000,-73.03957000
5.22521973,-90.49118000,-79.35273000
5.22583008,-90.83452000,-77.43681000
5.22644043,-93.20271000,-72.77217000
5.22705078,-94.15794000,-70.88436000
5.22766113,-98.79971000,-70.80684000
5.22827148,-100.83390000,-75.76366000
5.22888184,-97.86774000,-89.19296000
5.22949219,-92.54852000,-77.41720000
5.23010254,-94.38078000,-77.26683000
5.23071289,-89.40922000,-83.00930000
5.23132324,-92.35253000,-74.23390000
5.23193359,-94.78137000,-68.47760000
5.23254395,-92.36192000,-68.57562000
5.23315430,-92.01766000,-70.54131000
5.23376465,-91.66031000,-71.32159000
5.23437500,-93.97333000,-70.74303000
5.23498535,-102.00010000,-69.84714000
5.23559570,-93.26371000,-68.86735000
5.23620605,-90.77525000,-70.36226000
5.23681641,-92.69920000,-73.91727000
5.23742676,-97.55031000,-72.81876000
5.23803711,-91.09101000,-68.80544000
5.23864746,-89.96457000,-68.05826000
5.23925781,-89.61188000,-71.65553000
5.23986816,-85.62283000,-71.30754000
5.24047852,-82.67823000,-67.08169000
5.24108887,-83.50254000,-66.91785000
5.24169922,-87.32505000,-69.14251000
5.24230957,-89.65656000,-73.19538000
5.24291992,-89.98008000,-80.67677000
5.24353027,-93.96783000,-68.69753000
5.24414063,-95.07951000,-69.57956000
5.24475098,-97.38632000,-77.99710000
5.24536133,-98.59585000,-67.65520000
5.24597168,-91.03783000,-66.71227000
5.24658203,-92.89006000,-70.68201000
5.24719238,-93.75351000,-73.11073000
5.24780273,-92.99165000,-77.88335000
5.24841309,-96.07402000,-81.58637000
5.24902344,-86.22414000,-76.68494000
5.24963379,-83.47443000,-76.84058000
5.25024414,-84.72359000,-73.11279000
5.25085449,-90.88637000,-69.90544000
5.25146484,-87.65205000,-69.97216000
5.25207520,-84.92720000,-73.30598000
5.25268555,-85.87381000,-84.17645000
5.25329590,-88.79556000,-81.79787000
5.25390625,-88.96522000,-71.81155000
5.25451660,-90.65613000,-67.78723000
5.25512695,-89.22043000,-69.67429000
5.25573730,-89.25027000,-71.97755000
5.25634766,-89.72810000,-71.36441000
5.25695801,-92.12704000,-70.55190000
5.25756836,-94.15760000,-78.86614000
5.25817871,-101.02150000,-72.07083000
5.25878906,-95.71987000,-69.23616000
5.25939941,-94.10709000,-68.57249000
5.26000977,-89.57177000,-72.00600000
5.26062012,-88.90266000,-73.96172000
5.26123047,-92.91687000,-70.89417000
5.26184082,-91.52866000,-69.90039000
5.26245117,-87.03093000,-71.14771000
5.26306152,-88.78709000,-72.70278000
5.26367188,-90.24405000,-72.13500000
5.26428223,-87.30923000,-69.95316000
5.26489258,-88.26895000,-69.68129000
5.26550293,-109.63130000,-74.34252000
5.26611328,-94.33892000,-83.44765000
5.26672363,-101.71050000,-80.92824000
5.26733398,-91.63184000,-75.23860000
5.26794434,-94.11635000,-71.61267000
5.26855469,-97.20454000,-72.87436000
5.26916504,-92.01952000,-77.09737000
5.26977539,-85.71550000,-79.17719000
5.27038574,-88.00290000,-69.53703000
5.27099609,-92.65828000,-72.98748000
5.27160645,-99.84043000,-75.56412000
5.27221680,-98.71820000,-75.00252000
5.27282715,-92.32276000,-75.64225000
5.27343750,-87.89001000,-79.25745000
5.27404785,-87.47321000,-79.98529000
5.27465820,-89.79667000,-79.07010000
5.27526855,-89.51576000,-72.76360000
5.27587891,-92.46191000,-75.59424000
5.27648926,-94.68123000,-74.86110000
5.27709961,-95.43687000,-75.98364000
5.27770996,-93.59689000,-70.80859000
5.27832031,-94.14723000,-74.71404000
5.27893066,-92.67440000,-87.85693000
5.27954102,-94.05155000,-89.86342000
5.28015137,-97.91673000,-80.82656000
5.28076172,-92.67747000,-72.77673000
5.28137207,-92.30553000,-71.44303000
5.28198242,-90.13414000,-75.10901000
5.28259277,-90.76131000,-81.35398000
5.28320313,-90.53519000,-74.79919000
5.28381348,-86.06303000,-74.02686000
5.28442383,-82.46451000,-72.72753000
5.28503418,-84.81834000,-73.77982000
5.28564453,-90.56550000,-73.15429000
5.28625488,-92.81899000,-69.81159000
5.28686523,-90.36212000,-69.36067000
5.28747559,-93.61861000,-70.49165000
5.28808594,-90.48582000,-72.47585000
5.28869629,-96.32681000,-74.99564000
5.28930664,-89.94861000,-71.54277000
5.28991699,-88.18551000,-76.38097000
5.29052734,-89.35939000,-81.63364000
5.29113770,-93.27152000,-72.35419000
5.29174805,-97.06448000,-71.52154000
5.29235840,-91.48445000,-72.66644000
5.29296875,-90.16646000,-70.95900000
5.29357910,-95.77538000,-77.02133000
5.29418945,-89.40583000,-72.80441000
5.29479980,-87.04301000,-68.78801000
5.29541016,-84.69833000,-68.34468000
5.29602051,-88.26295000,-67.60144000
5.29663086,-92.02177000,-68.71398000
5.29724121,-90.53416000,-77.21450000
5.29785156,-98.33113000,-74.27319000
5.29846191,-94.86700000,-70.55809000
5.29907227,-92.61362000,-79.29939000
5.29968262,-87.45262000,-82.67348000
5.30029297,-86.55686000,-84.96720000
5.30090332,-101.17150000,-81.53062000
5.30151367,-87.22939000,-75.21366000
5.30212402,-85.39934000,-71.60957000
5.30273438,-85.37460000,-72.00822000
5.30334473,-83.71165000,-76.41360000
5.30395508,-81.76591000,-81.32407000
5.30456543,-84.21723000,-91.12520000
5.30517578,-92.34859000,-73.96295000
5.30578613,-87.61868000,-71.60640000
5.30639648,-85.82535000,-73.40241000
5.30700684,-90.84586000,-74.73499000
5.30761719,-95.83345000,-73.42469000
5.30822754,-92.14647000,-76.29527000
5.30883789,-92.36581000,-70.32752000
5.30944824,-91.91187000,-69.88380000
5.31005859,-92.66649000,-72.90084000
5.31066895,-98.38998000,-74.92734000
5.31127930,-92.24596000,-71.44783000
5.31188965,-86.72565000,-72.32686000
5.31250000,-90.66991000,-75.32474000
5.31311035,-79.89079000,-72.93733000
5.31372070,-67.01774000,-73.63113000
5.31433105,-64.35014000,-70.04890000
5.31494141,-71.35708000,-78.19650000
5.31555176,-98.42110000,-70.22338000
5.31616211,-88.00546000,-76.78655000
5.31677246,-88.46910000,-80.04546000
5.31738281,-92.81221000,-74.18793000
5.31799316,-98.55948000,-79.05023000
5.31860352,-90.80234000,-74.68205000
5.31921387,-95.01642000,-67.13432000
5.31982422,-103.84750000,-67.71299000
5.32043457,-95.07797000,-68.49158000
5.32104492,-91.40710000,-69.83924000
5.32165527,-91.44272000,-76.20736000
5.32226563,-89.11601000,-75.17560000
5.32287598,-89.99763000,-72.08713000
5.32348633,-91.19197000,-75.28500000
5.32409668,-90.59396000,-77.27264000
5.32470703,-89.89826000,-72.38166000
5.32531738,-96.79187000,-69.40347000
5.32592773,-92.63108000,-71.80196000
5.32653809,-85.94670000,-78.25095000
5.32714844,-86.42873000,-81.04767000
5.32775879,-94.19685000,-81.82838000
5.32836914,-90.13684000,-79.34975000
5.32897949,-87.60489000,-76.73324000
5.32958984,-94.53238000,-79.02792000
5.33020020,-93.14548000,-76.83217000
5.33081055,-94.45758000,-73.81692000
5.33142090,-95.79149000,-73.99934000
5.33203125,-98.90106000,-76.84132000
5.33264160,-90.49313000,-78.36005000
5.33325195,-88.14494000,-75.31549000
5.33386230,-93.32076000,-74.87490000
5.33447266,-106.90440000,-79.40087000
5.33508301,-93.81239000,-100.88970000
5.33569336,-87.75666000,-82.64436000
5.33630371,-89.72572000,-79.51791000
5.33691406,-91.38000000,-74.97498000
5.33752441,-87.98476000,-79.85215000
5.33813477,-91.70955000,-70.53050000
5.33874512,-90.43835000,-72.87698000
5.33935547,-85.44651000,-81.19342000
5.33996582,-85.35922000,-78.80502000
5.34057617,-86.59148000,-87.42389000
5.34118652,-86.96045000,-71.00238000
5.34179688,-86.70580000,-66.58649000
5.34240723,-86.93343000,-68.06959000
5.34301758,-85.87112000,-77.51355000
5.34362793,-82.34154000,-71.88019000
5.34423828,-79.30029000,-71.80741000
5.34484863,-83.28497000,-71.70161000
5.34545898,-90.62215000,-69.39578000
5.34606934,-97.42114000,-74.62118000
5.34667969,-92.85670000,-85.79456000
5.34729004,-88.24601000,-76.17810000
5.34790039,-91.75067000,-74.67149000
5.34851074,-92.16219000,-75.63786000
5.34912109,-87.33758000,-75.88200000
5.34973145,-85.98953000,-76.97311000
5.35034180,-87.66682000,-79.32534000
5.35095215,-85.79240000,-75.29347000
5.35156250,-85.57618000,-75.27892000
5.35217285,-91.24625000,-75.32139000
5.35278320,-100.83140000,-75.17101000
5.35339355,-88.17859000,-75.14297000
5.35400391,-85.00725000,-73.34449000
5.35461426,-87.85455000,-73.80095000
5.35522461,-94.09110000,-76.49555000
5.35583496,-103.44520000,-80.37097000
5.35644531,-98.11475000,-73.71892000
5.35705566,-97.46649000,-70.07075000
5.35766602,-100.80710000,-74.86996000
5.35827637,-102.24540000,-78.71010000
5.35888672,-97.47628000,-74.26256000
5.35949707,-98.34164000,-70.18501000
5.36010742,-99.20596000,-73.76346000
5.36071777,-98.61909000,-78.66336000
5.36132813,-94.69360000,-72.64740000
5.36193848,-91.92720000,-69.46013000
5.36254883,-90.63680000,-72.21944000
5.36315918,-93.65741000,-78.08114000
5.36376953,-102.11300000,-74.57734000
5.36437988,-99.53803000,-76.87352000
5.36499023,-94.07623000,-76.21371000
5.36560059,-89.15450000,-72.55989000
5.36621094,-90.97726000,-70.62890000
5.36682129,-90.14970000,-70.41375000
5.36743164,-92.35088000,-72.13267000
5.36804199,-105.37980000,-72.65695000
5.36865234,-97.80074000,-78.54123000
5.36926270,-103.21810000,-70.56039000
5.36987305,-101.87550000,-74.52343000
5.37048340,-97.27371000,-76.10589000
5.37109375,-90.96862000,-70.67740000
5.37170410,-89.94133000,-68.12596000
5.37231445,-104.95530000,-69.34661000
5.37292480,-90.89669000,-70.54013000
5.37353516,-83.36478000,-68.28191000
5.37414551,-77.78640000,-70.32250000
5.37475586,-80.68810000,-82.03154000
5.37536621,-83.72926000,-68.99371000
5.37597656,-80.86133000,-65.01290000
5.37658691,-85.30046000,-64.50931000
5.37719727,-98.89597000,-64.22540000
5.37780762,-91.24722000,-68.14060000
5.37841797,-89.68260000,-73.26234000
5.37902832,-86.82553000,-77.94799000
5.37963867,-88.13911000,-74.24651000
5.38024902,-91.92892000,-72.06108000
5.38085938,-89.87343000,-70.17756000
5.38146973,-86.36357000,-68.15591000
5.38208008,-87.33689000,-69.68016000
5.38269043,-88.42301000,-74.83423000
5.38330078,-88.05363000,-83.63599000
5.38391113,-91.52036000,-89.05890000
5.38452148,-91.06444000,-83.21855000
5.38513184,-87.87398000,-74.07695000
5.38574219,-87.63921000,-72.89237000
5.38635254,-89.48203000,-77.62549000
5.38696289,-95.36652000,-83.21160000
5.38757324,-101.10050000,-72.30979000
5.38818359,-97.54955000,-69.19863000
5.38879395,-93.30365000,-67.69280000
5.38940430,-100.36370000,-70.14266000
5.39001465,-97.20466000,-77.24410000
5.39062500,-91.84075000,-73.80830000
5.39123535,-86.83930000,-72.02275000
5.39184570,-85.22963000,-77.50481000
5.39245605,-88.68802000,-88.88824000
5.39306641,-98.21502000,-80.42383000
5.39367676,-94.74635000,-74.30475000
5.39428711,-87.22026000,-73.39782000
5.39489746,-87.36179000,-73.26065000
5.39550781,-93.17886000,-67.84395000
5.39611816,-94.97654000,-65.82183000
5.39672852,-97.53052000,-67.40052000
5.39733887,-88.67770000,-73.68411000
5.39794922,-87.58398000,-96.53008000
5.39855957,-88.23020000,-77.97430000
5.39916992,-86.73283000,-75.56279000
5.39978027,-85.16155000,-75.67814000
5.40039063,-86.47435000,-78.35232000
5.40100098,-93.54653000,-69.68377000
5.40161133,-98.03071000,-68.85493000
5.40222168,-104.75810000,-70.25305000
5.40283203,-92.74223000,-78.68025000
5.40344238,-97.08942000,-77.96050000
5.40405273,-90.93951000,-71.02449000
5.40466309,-90.45479000,-72.93132000
5.40527344,-94.17306000,-77.06237000
5.40588379,-88.32725000,-83.38675000
5.40649414,-88.59986000,-78.47764000
5.40710449,-90.40598000,-76.61517000
5.40771484,-87.77338000,-85.12115000
5.40832520,-89.04871000,-80.76232000
5.40893555,-96.41890000,-75.55111000
5.40954590,-94.41749000,-75.23576000
5.41015625,-90.98666000,-74.57144000
5.41076660,-95.59523000,-75.43903000
5.41137695,-103.74250000,-78.23215000
5.41198730,-105.67940000,-73.22185000
5.41259766,-90.58594000,-71.96527000
5.41320801,-86.79391000,-76.85677000
5.41381836,-86.20560000,-85.05627000
5.41442871,-84.04961000,-72.46111000
5.41503906,-92.42136000,-69.19745000
5.41564941,-131.91600000,-68.67599000
5.41625977,-101.38730000,-68.48299000
5.41687012,-97.65385000,-73.36166000
5.41748047,-94.94736000,-73.59658000
5.41809082,-92.34900000,-68.72170000
5.41870117,-99.89806000,-69.70974000
5.41931152,-91.06404000,-71.69975000
5.41992188,-100.24310000,-79.16049000
5.42053223,-94.74425000,-73.77977000
5.42114258,-87.81940000,-67.07080000
5.42175293,-90.18375000,-68.42887000
5.42236328,-108.82750000,-72.83356000
5.42297363,-94.40400000,-72.42822000
5.42358398,-94.05820000,-71.88408000
5.42419434,-98.68079000,-71.32643000
5.42480469,-90.17607000,-69.94814000
5.42541504,-87.41123000,-70.36214000
5.42602539,-83.31660000,-75.28422000
5.42663574,-78.70599000,-70.77317000
5.42724609,-79.58187000,-70.64574000
5.42785645,-87.46039000,-74.74159000
5.42846680,-86.56425000,-81.64666000
5.42907715,-85.43573000,-74.57609000
5.42968750,-90.06360000,-69.02502000
5.43029785,-90.07209000,-71.27142000
5.43090820,-90.74287000,-73.47607000
5.43151855,-95.82355000,-73.51112000
5.43212891,-98.13844000,-86.79329000
5.43273926,-94.05156000,-73.38681000
5.43334961,-103.06130000,-71.56049000
5.43395996,-87.86559000,-75.82112000
5.43457031,-90.78036000,-78.56159000
5.43518066,-87.21520000,-77.54350000
5.43579102,-88.33572000,-74.71951000
5.43640137,-96.49911000,-81.48670000
5.43701172,-101.37670000,-71.23540000
5.43762207,-103.18490000,-73.12929000
5.43823242,-96.54526000,-89.41205000
5.43884277,-96.21365000,-81.27762000
5.43945313,-93.27431000,-80.30395000
5.44006348,-93.10699000,-91.17473000
5.44067383,-87.39284000,-73.96249000
5.44128418,-86.81100000,-71.07877000
5.44189453,-95.33901000,-71.55238000
5.44250488,-99.05975000,-74.69716000
5.44311523,-101.24320000,-75.35941000
5.44372559,-93.42563000,-71.00581000
5.44433594,-91.16215000,-69.09183000
5.44494629,-87.26704000,-69.29681000
5.44555664,-88.16661000,-71.88770000
5.44616699,-90.76992000,-76.82564000
5.44677734,-94.03538000,-73.32938000
5.44738770,-94.54507000,-73.27491000
5.44799805,-106.29530000,-72.18170000
5.44860840,-92.53758000,-74.60195000
5.44921875,-87.02466000,-81.08171000
5.44982910,-84.48883000,-92.35982000
5.45043945,-89.35913000,-78.55196000
5.45104980,-90.16151000,-81.70775000
5.45166016,-88.86964000,-100.25440000
5.45227051,-84.60560000,-83.65685000
5.45288086,-86.64226000,-79.39690000
5.45349121,-96.37332000,-82.82878000
5.45410156,-93.81149000,-74.39330000
5.45471191,-87.61680000,-77.04025000
5.45532227,-94.27505000,-78.74297000
5.45593262,-90.43388000,-72.64767000
5.45654297,-85.41722000,-73.97951000
5.45715332,-85.93853000,-90.99563000
5.45776367,-92.42883000,-77.79464000
5.45837402,-91.73196000,-75.77165000
5.45898438,-88.63673000,-84.41611000
5.45959473,-88.96432000,-75.83397000
5.46020508,-88.20328000,-74.88995000
5.46081543,-87.17770000,-74.66753000
5.46142578,-86.73999000,-76.00708000
5.46203613,-91.63596000,-81.17553000
5.46264648,-104.35310000,-76.62729000
5.46325684,-102.98320000,-83.28964000
5.46386719,-92.14840000,-78.03893000
5.46447754,-91.60204000,-76.33958000
5.46508789,-92.02442000,-79.68689000
5.46569824,-91.04974000,-75.24409000
5.46630859,-92.14400000,-73.94681000
5.46691895,-95.22128000,-73.59460000
5.46752930,-92.40271000,-70.32491000
5.46813965,-92.97574000,-68.06457000
5.46875000,-106.13990000,-68.44870000
5.46936035,-95.60090000,-75.76772000
5.46997070,-90.18418000,-70.30925000
5.47058105,-88.30818000,-69.65405000
5.47119141,-91.13385000,-76.01331000
5.47180176,-95.05470000,-76.51294000
5.47241211,-88.11816000,-71.56922000
5.47302246,-91.81004000,-74.23254000
5.47363281,-102.29640000,-80.56297000
5.47424316,-90.07272000,-70.44302000
5.47485352,-90.85144000,-70.34374000
5.47546387,-88.19316000,-89.48105000
5.47607422,-83.13486000,-74.54945000
5.47668457,-88.55774000,-76.28249000
5.47729492,-93.93735000,-72.17863000
5.47790527,-85.88101000,-72.37395000
5.47851563,-87.78462000,-78.23262000
5.47912598,-94.02244000,-72.41892000
5.47973633,-97.08289000,-73.61945000
5.48034668,-93.36928000,-80.30202000
5.48095703,-88.38609000,-86.22498000
5.48156738,-89.74406000,-88.79414000
5.48217773,-94.00430000,-79.08385000
5.48278809,-104.68950000,-84.04901000
5.48339844,-91.14194000,-77.48521000
5.48400879,-90.91156000,-73.99419000
5.48461914,-91.23819000,-72.53230000
5.48522949,-90.26978000,-70.80291000
5.48583984,-87.26538000,-72.74255000
5.48645020,-84.11584000,-78.62248000
5.48706055,-86.69389000,-80.36933000
5.48767090,-102.57210000,-78.71685000
5.48828125,-98.91675000,-80.68309000
5.48889160,-97.89391000,-78.30721000
5.48950195,-88.72440000,-77.26504000
5.49011230,-86.70386000,-76.71133000
5.49072266,-91.69139000,-74.24681000
5.49133301,-94.08679000,-87.81813000
5.49194336,-88.44829000,-78.29531000
5.49255371,-85.33679000,-86.70394000
5.49316406,-81.41803000,-82.63551000
5.49377441,-83.06177000,-69.57320000
5.49438477,-90.11192000,-68.23319000
5.49499512,-95.52356000,-75.59846000
5.49560547,-101.68770000,-71.80858000
5.49621582,-91.91422000,-70.59357000
5.49682617,-86.14730000,-71.09575000
5.49743652,-85.23523000,-82.50633000
5.49804688,-91.78447000,-77.03976000
5.49865723,-102.77540000,-107.69920000
5.49926758,-98.51907000,-73.84869000
5.49987793,-89.60366000,-68.75754000
5.50048828,-102.75690000,-67.94297000
5.50109863,-83.68926000,-72.99460000
5.50170898,-81.25172000,-74.48213000
5.50231934,-87.17322000,-69.27525000
5.50292969,-95.01083000,-66.05424000
5.50354004,-91.83040000,-65.54862000
5.50415039,-92.56517000,-67.45411000
5.50476074,-96.59348000,-69.33333000
5.50537109,-94.91700000,-68.57552000
5.50598145,-95.68405000,-67.23260000
5.50659180,-93.53357000,-71.47588000
5.50720215,-90.20509000,-88.98665000
5.50781250,-87.54239000,-78.67161000
5.50842285,-87.73407000,-79.76687000
5.50903320,-88.95436000,-75.61569000
5.50964355,-85.55370000,-74.13810000
5.51025391,-84.56920000,-73.54394000
5.51086426,-80.95131000,-81.21902000
5.51147461,-81.07056000,-78.89525000
5.51208496,-87.17993000,-79.43795000
5.51269531,-90.45442000,-69.38783000
5.51330566,-88.83350000,-69.20258000
5.51391602,-86.13143000,-70.05148000
5.51452637,-84.51783000,-73.41596000
5.51513672,-86.44582000,-88.79839000
5.51574707,-87.34846000,-91.49467000
5.51635742,-92.18675000,-74.74037000
5.51696777,-93.65999000,-75.62417000
5.51757813,-96.94291000,-75.31055000
5.51818848,-97.74316000,-80.15301000
5.51879883,-92.91664000,-77.23018000
5.51940918,-92.11991000,-69.98100000
5.52001953,-97.00825000,-69.15434000
5.52062988,-101.50250000,-75.97771000
5.52124023,-88.21310000,-76.29320000
5.52185059,-84.93745000,-74.36320000
5.52246094,-86.58952000,-85.49831000
5.52307129,-98.69530000,-76.21622000
5.52368164,-93.05553000,-81.28223000
5.52429199,-93.68764000,-87.01631000
5.52490234,-100.71310000,-79.08723000
5.52551270,-86.94859000,-74.47812000
5.52612305,-88.07549000,-83.18533000
5.52673340,-99.61354000,-81.04760000
5.52734375,-95.28095000,-78.76862000
5.52795410,-104.24810000,-84.45645000
5.52856445,-97.39075000,-91.39790000
5.52917480,-90.21613000,-74.52561000
5.52978516,-87.18555000,-67.11323000
5.53039551,-91.09035000,-68.15240000
5.53100586,-93.93596000,-81.74887000
5.53161621,-91.75960000,-111.23020000
5.53222656,-95.02817000,-81.18529000
5.53283691,-98.35632000,-79.01324000
5.53344727,-98.22035000,-73.72373000
5.53405762,-87.23543000,-73.80127000
5.53466797,-87.46423000,-69.33614000
5.53527832,-87.83540000,-71.36855000
5.53588867,-88.69538000,-82.41362000
5.53649902,-88.00134000,-82.50207000
5.53710938,-84.83957000,-76.02204000
5.53771973,-84.09901000,-72.58314000
5.53833008,-87.94638000,-71.59792000
5.53894043,-104.77390000,-69.78515000
5.53955078,-92.55920000,-68.71805000
5.54016113,-92.99361000,-71.68309000
5.54077148,-91.43937000,-91.57759000
5.54138184,-90.30518000,-71.67249000
5.54199219,-87.90089000,-70.77734000
5.54260254,-87.83832000,-77.13098000
5.54321289,-89.68349000,-71.37634000
5.54382324,-90.63132000,-75.35866000
5.54443359,-87.71860000,-76.62196000
5.54504395,-84.65227000,-71.22242000
5.54565430,-86.11256000,-72.69313000
5.54626465,-93.81544000,-80.58081000
5.54687500,-101.87640000,-76.51816000
5.54748535,-107.90520000,-71.76494000
5.54809570,-109.97430000,-72.98563000
5.54870605,-95.41640000,-73.68673000
5.54931641,-92.96540000,-71.17843000
5.54992676,-92.86343000,-70.10863000
5.55053711,-87.82608000,-70.47180000
5.55114746,-83.10803000,-72.91660000
5.55175781,-84.85344000,-79.50099000
5.55236816,-89.98669000,-79.40516000
5.55297852,-90.52893000,-73.81366000
5.55358887,-83.19932000,-71.31566000
5.55419922,-78.61293000,-70.07671000
5.55480957,-81.92300000,-70.86752000
5.55541992,-93.27573000,-73.58958000
5.55603027,-97.45084000,-70.77493000
5.55664063,-89.61676000,-74.14338000
5.55725098,-86.47774000,-85.35378000
5.55786133,-88.54590000,-73.53833000
5.55847168,-94.70540000,-70.98600000
5.55908203,-90.30812000,-72.35374000
5.55969238,-92.72727000,-75.52534000
5.56030273,-93.67397000,-79.26582000
5.56091309,-91.11067000,-79.29917000
5.56152344,-96.07646000,-86.63659000
5.56213379,-98.84969000,-87.19316000
5.56274414,-92.49974000,-85.96282000
5.56335449,-92.66974000,-73.07079000
5.56396484,-91.05310000,-70.50915000
5.56457520,-84.71126000,-70.60367000
5.56518555,-84.19432000,-71.87071000
5.56579590,-89.53941000,-73.77124000
5.56640625,-96.31105000,-76.52264000
5.56701660,-87.16003000,-80.52993000
5.56762695,-91.70158000,-85.83045000
5.56823730,-98.11900000,-83.30444000
5.56884766,-95.19530000,-77.87301000
5.56945801,-94.51943000,-76.47662000
5.57006836,-97.11603000,-75.01674000
5.57067871,-90.72620000,-75.18896000
5.57128906,-88.86429000,-76.92908000
5.57189941,-92.89668000,-78.45081000
5.57250977,-93.67234000,-76.91737000
5.57312012,-91.60617000,-76.87183000
5.57373047,-97.80915000,-72.33250000
5.57434082,-88.24730000,-67.97514000
5.57495117,-82.64972000,-69.51636000
5.57556152,-80.59090000,-73.55007000
5.57617188,-80.83778000,-78.84152000
5.57678223,-87.37341000,-86.70387000
5.57739258,-85.47294000,-83.19503000
5.57800293,-85.90527000,-75.93688000
5.57861328,-83.14589000,-74.15919000
5.57922363,-81.33875000,-73.60500000
5.57983398,-83.37656000,-72.49841000
5.58044434,-81.93932000,-71.13169000
5.58105469,-81.64040000,-69.89369000
5.58166504,-84.28417000,-75.94382000
5.58227539,-89.32395000,-78.24981000
5.58288574,-103.60160000,-82.77413000
5.58349609,-100.84310000,-87.27283000
5.58410645,-88.95958000,-87.55984000
5.58471680,-88.43761000,-84.71523000
5.58532715,-94.59919000,-83.11829000
5.58593750,-87.40862000,-71.66929000
5.58654785,-87.91279000,-69.38740000
5.58715820,-92.42621000,-68.10467000
5.58776855,-92.89793000,-67.90079000
5.58837891,-91.00998000,-69.55724000
5.58898926,-90.71923000,-71.37335000
5.58959961,-94.15215000,-73.64349000
5.59020996,-87.06783000,-74.94337000
5.59082031,-91.53430000,-76.07240000
5.59143066,-96.35548000,-93.58286000
5.59204102,-92.94809000,-76.48959000
5.59265137,-90.89867000,-76.14163000
5.59326172,-94.85329000,-80.59335000
5.59387207,-89.43193000,-87.04726000
5.59448242,-84.57236000,-77.26212000
5.59509277,-83.77223000,-70.33932000
5.59570313,-85.03912000,-68.90703000
5.59631348,-85.45276000,-72.27181000
5.59692383,-85.72241000,-80.72349000
5.59753418,-86.84169000,-77.84003000
5.59814453,-94.41074000,-74.15829000
5.59875488,-95.48770000,-72.36282000
5.59936523,-99.43290000,-74.26757000
5.59997559,-90.29858000,-72.26587000
5.60058594,-93.47726000,-72.87514000
5.60119629,-88.75581000,-76.26619000
5.60180664,-86.61198000,-75.70529000
5.60241699,-96.41224000,-73.86275000
5.60302734,-105.36020000,-76.64214000
5.60363770,-99.77441000,-72.74841000
5.60424805,-88.72295000,-71.39200000
5.60485840,-86.69167000,-76.45242000
5.60546875,-90.21997000,-90.19126000
5.60607910,-99.84321000,-89.59342000
5.60668945,-101.50040000,-77.83568000
5.60729980,-91.71803000,-76.65816000
5.60791016,-87.29859000,-90.33866000
5.60852051,-86.98508000,-78.36798000
5.60913086,-92.27240000,-77.39427000
5.60974121,-92.99342000,-69.13711000
5.61035156,-100.93880000,-67.91531000
5.61096191,-90.63015000,-71.13591000
5.61157227,-95.74799000,-76.57397000
5.61218262,-88.61553000,-83.94402000
5.61279297,-87.49073000,-72.69852000
5.61340332,-74.85979000,-69.33343000
5.61401367,-66.52803000,-69.36732000
5.61462402,-67.39766000,-72.20949000
5.61523438,-78.27809000,-71.32405000
5.61584473,-90.94906000,-72.02122000
5.61645508,-86.78886000,-81.39459000
5.61706543,-88.87498000,-87.42244000
5.61767578,-100.09160000,-74.35735000
5.61828613,-89.83875000,-72.81462000
5.61889648,-90.96745000,-75.70848000
5.61950684,-93.19936000,-77.33301000
5.62011719,-126.08150000,-72.48396000
5.62072754,-98.73074000,-73.05769000
5.62133789,-101.66930000,-87.89425000
5.62194824,-96.46961000,-76.09458000
5.62255859,-99.42139000,-78.23259000
5.62316895,-89.22280000,-78.44962000
5.62377930,-92.59784000,-80.00329000
5.62438965,-95.41215000,-79.14917000
5.62500000,-92.44609000,-88.71184000
5.62561035,-89.03745000,-80.94957000
5.62622070,-91.62854000,-75.74811000
5.62683105,-91.76247000,-74.00360000
5.62744141,-95.40767000,-77.77526000
5.62805176,-92.43622000,-74.96606000
5.62866211,-85.71655000,-86.52791000
5.62927246,-83.50147000,-81.80676000
5.62988281,-85.88958000,-83.77486000
5.63049316,-95.47609000,-86.17494000
5.63110352,-87.27475000,-72.30836000
5.63171387,-82.77782000,-67.77782000
5.63232422,-82.92487000,-68.14186000
5.63293457,-87.25931000,-71.03728000
5.63354492,-99.65812000,-78.52934000
5.63415527,-110.55940000,-77.22260000
5.63476563,-102.08220000,-76.81229000
5.63537598,-90.02309000,-82.87685000
5.63598633,-88.57458000,-74.55572000
5.63659668,-93.03308000,-74.28493000
5.63720703,-93.04948000,-76.53532000
5.63781738,-90.93131000,-74.75198000
5.63842773,-102.83530000,-72.65376000
5.63903809,-94.41207000,-71.01321000
5.63964844,-94.11750000,-67.37185000
5.64025879,-90.29764000,-66.35692000
5.64086914,-85.40542000,-70.86411000
5.64147949,-85.03490000,-76.67826000
5.64208984,-86.63370000,-75.10751000
5.64270020,-86.08178000,-74.80820000
5.64331055,-86.50737000,-75.16853000
5.64392090,-84.85070000,-74.54453000
5.64453125,-85.11285000,-71.07840000
5.64514160,-93.02082000,-69.38018000
5.64575195,-91.55315000,-69.94849000
5.64636230,-88.48167000,-73.75775000
5.64697266,-90.62517000,-75.10177000
5.64758301,-91.80695000,-74.58668000
5.64819336,-90.71927000,-89.25117000
5.64880371,-91.81041000,-72.74921000
5.64941406,-89.88031000,-72.13948000
5.65002441,-88.50989000,-73.38576000
5.65063477,-94.73380000,-81.23196000
5.65124512,-103.84160000,-79.26482000
5.65185547,-95.26637000,-75.32225000
5.65246582,-93.87132000,-86.69194000
5.65307617,-88.30138000,-77.32183000
5.65368652,-88.21353000,-76.29076000
5.65429688,-93.93688000,-82.14161000
5.65490723,-94.56847000,-85.35767000
5.65551758,-94.19292000,-75.05251000
5.65612793,-89.81223000,-70.81016000
5.65673828,-93.47573000,-73.58424000
5.65734863,-92.51014000,-72.03338000
5.65795898,-85.37186000,-71.17059000
5.65856934,-89.28905000,-76.21535000
5.65917969,-91.68532000,-81.61174000
5.65979004,-91.47012000,-74.02665000
5.66040039,-98.78479000,-74.56554000
5.66101074,-90.79433000,-72.63615000
5.66162109,-86.66051000,-74.81244000
5.66223145,-89.29284000,-87.53533000
5.66284180,-93.01201000,-84.31573000
5.66345215,-94.23981000,-81.46854000
5.66406250,-101.31850000,-73.68167000
5.66467285,-97.96327000,-71.16299000
5.66528320,-95.67504000,-71.62892000
5.66589355,-115.95550000,-73.17155000
5.66650391,-98.42876000,-79.80115000
5.66711426,-90.76026000,-73.93671000
5.66772461,-87.52318000,-69.56041000
5.66833496,-84.47026000,-72.50872000
5.66894531,-84.01779000,-74.78799000
5.66955566,-86.68114000,-72.38574000
5.67016602,-87.85899000,-78.66302000
5.67077637,-91.29383000,-76.53519000
5.67138672,-91.80396000,-79.44869000
5.67199707,-103.57320000,-91.67224000
5.67260742,-98.46062000,-73.74343000
5.67321777,-95.73386000,-70.34972000
5.67382813,-80.16770000,-75.01906000
5.67443848,-79.12078000,-78.19981000
5.67504883,-83.73780000,-68.23774000
5.67565918,-81.01073000,-67.05409000
5.67626953,-82.51987000,-70.32887000
5.67687988,-94.64203000,-72.47343000
5.67749023,-87.96394000,-79.80524000
5.67810059,-88.56549000,-71.54698000
5.67871094,-91.36299000,-70.04179000
5.67932129,-88.28325000,-68.78627000
5.67993164,-86.10266000,-70.33472000
5.68054199,-93.30637000,-72.95546000
5.68115234,-96.16774000,-73.37683000
5.68176270,-91.04376000,-79.07172000
5.68237305,-89.97880000,-71.76454000
5.68298340,-89.70428000,-76.18700000
5.68359375,-100.11400000,-73.64730000
5.68420410,-86.37817000,-69.31426000
5.68481445,-84.59934000,-70.71854000
5.68542480,-87.58966000,-71.83139000
5.68603516,-86.77911000,-72.37695000
5.68664551,-85.36763000,-73.40254000
5.68725586,-86.04732000,-73.17921000
5.68786621,-87.30137000,-76.84882000
5.68847656,-86.64977000,-82.01747000
5.68908691,-87.50686000,-74.11323000
5.68969727,-90.45137000,-73.15446000
5.69030762,-100.36290000,-75.50243000
5.69091797,-97.89542000,-77.10763000
5.69152832,-94.47560000,-74.15628000
5.69213867,-85.03032000,-75.78788000
5.69274902,-85.28285000,-78.47845000
5.69335938,-85.98904000,-77.48071000
5.69396973,-87.77077000,-82.53232000
5.69458008,-100.24410000,-75.83812000
5.69519043,-86.15816000,-87.42771000
5.69580078,-86.52603000,-75.13029000
5.69641113,-90.20540000,-74.73434000
5.69702148,-95.48196000,-80.39932000
5.69763184,-97.30811000,-83.45104000
5.69824219,-89.41374000,-82.04639000
5.69885254,-82.88228000,-78.43512000
5.69946289,-85.96040000,-74.63592000
5.70007324,-88.90266000,-72.04758000
5.70068359,-91.68448000,-69.92495000
5.70129395,-93.65236000,-69.11820000
5.70190430,-91.63553000,-74.52798000
5.70251465,-98.37054000,-73.96577000
5.70312500,-100.74700000,-71.86473000
5.70373535,-87.10814000,-70.51406000
5.70434570,-82.86011000,-71.84416000
5.70495605,-82.83043000,-77.93302000
5.70556641,-86.99149000,-76.74577000
5.70617676,-95.20735000,-77.39629000
5.70678711,-98.79634000,-82.18464000
5.70739746,-95.69904000,-75.77618000
5.70800781,-102.69710000,-84.34003000
5.70861816,-94.51534000,-76.00758000
5.70922852,-101.95320000,-79.43131000
5.70983887,-88.20464000,-77.50342000
5.71044922,-85.66805000,-84.93834000
5.71105957,-94.64784000,-78.35808000
5.71166992,-103.73420000,-74.08589000
5.71228027,-95.03633000,-72.13638000
5.71289063,-97.07013000,-73.04318000
5.71350098,-86.80388000,-80.02876000
5.71411133,-80.68757000,-88.43143000
5.71472168,-84.00426000,-77.20684000
5.71533203,-89.63504000,-72.38936000
5.71594238,-91.25298000,-76.88435000
5.71655273,-96.82536000,-80.49050000
5.71716309,-87.25681000,-79.75609000
5.71777344,-86.33093000,-75.57637000
5.71838379,-87.65239000,-73.08158000
5.71899414,-90.12881000,-81.87332000
5.71960449,-99.45973000,-67.72961000
5.72021484,-95.27779000,-67.49990000
5.72082520,-89.35123000,-69.82317000
5.72143555,-87.82432000,-70.97153000
5.72204590,-88.73418000,-70.29956000
5.72265625,-92.06085000,-68.49676000
5.72326660,-89.83575000,-67.54830000
5.72387695,-84.02256000,-66.77126000
5.72448730,-82.92397000,-70.48537000
5.72509766,-87.80601000,-87.58602000
5.72570801,-89.64153000,-84.66142000
5.72631836,-82.33680000,-80.07173000
5.72692871,-80.59337000,-73.30101000
5.72753906,-86.99358000,-76.06889000
5.72814941,-96.93409000,-81.75487000
5.72875977,-96.22804000,-72.36427000
5.72937012,-96.76804000,-75.91027000
5.72998047,-93.29681000,-86.44510000
5.73059082,-87.96271000,-82.39461000
5.73120117,-86.28620000,-68.24554000
5.73181152,-84.14615000,-65.97650000
5.73242188,-83.79692000,-67.22207000
5.73303223,-86.19492000,-66.73611000
5.73364258,-85.63058000,-67.96334000
5.73425293,-82.92054000,-70.79694000
5.73486328,-84.51012000,-77.36160000
5.73547363,-85.72907000,-76.67918000
5.73608398,-88.13161000,-73.56049000
5.73669434,-103.60610000,-72.30429000
5.73730469,-104.53750000,-72.82602000
5.73791504,-99.20503000,-68.03335000
5.73852539,-95.94809000,-71.90300000
5.73913574,-95.01616000,-85.87341000
5.73974609,-95.28000000,-82.49896000
5.74035645,-94.64999000,-84.34625000
5.74096680,-91.49338000,-76.98091000
5.74157715,-91.51717000,-77.93775000
5.74218750,-105.30120000,-74.98667000
5.74279785,-90.60111000,-71.74538000
5.74340820,-89.46329000,-72.59805000
5.74401855,-96.83525000,-73.44440000
5.74462891,-99.76006000,-71.09192000
5.74523926,-92.07492000,-69.09616000
5.74584961,-93.27487000,-71.08450000
5.74645996,-102.28150000,-71.47174000
5.74707031,-101.62290000,-72.37930000
5.74768066,-100.26240000,-79.27100000
5.74829102,-93.14061000,-72.13707000
5.74890137,-90.85645000,-67.25689000
5.74951172,-88.60719000,-67.25450000
5.75012207,-86.46702000,-68.43015000
5.75073242,-88.80368000,-70.62856000
5.75134277,-91.98111000,-79.64568000
5.75195313,-90.09174000,-79.23276000
5.75256348,-87.20087000,-75.46480000
5.75317383,-85.37887000,-81.62311000
5.75378418,-90.81471000,-76.20675000
5.75439453,-102.76480000,-72.16027000
5.75500488,-97.67287000,-76.37123000
5.75561523,-98.17680000,-75.14192000
5.75622559,-94.15961000,-74.41935000
5.75683594,-86.65623000,-84.42960000
5.75744629,-82.92609000,-75.86295000
5.75805664,-83.22473000,-80.13958000
5.75866699,-86.02390000,-76.33485000
5.75927734,-90.39191000,-79.48526000
5.75988770,-100.64670000,-77.44945000
5.76049805,-96.06210000,-77.13082000
5.76110840,-93.68890000,-71.39354000
5.76171875,-90.58682000,-68.53239000
5.76232910,-92.45084000,-71.14783000
5.76293945,-92.25194000,-77.20075000
5.76354980,-89.33018000,-77.51509000
5.76416016,-83.53934000,-81.37638000
5.76477051,-83.82138000,-78.70673000
5.76538086,-88.57510000,-72.90032000
5.76599121,-95.89751000,-78.12659000
5.76660156,-104.03820000,-72.87747000
5.76721191,-91.98635000,-68.91667000
5.76782227,-91.44028000,-70.21748000
5.76843262,-104.43230000,-71.28930000
5.76904297,-97.72137000,-72.91000000
5.76965332,-95.96779000,-69.35759000
5.77026367,-94.42986000,-72.98763000
5.77087402,-94.53284000,-88.86386000
5.77148438,-87.82276000,-77.36357000
5.77209473,-89.04977000,-79.32487000
5.77270508,-91.40456000,-76.27621000
5.77331543,-89.80150000,-74.39264000
5.77392578,-88.24220000,-72.41785000
5.77453613,-88.06984000,-72.75824000
5.77514648,-87.80627000,-72.77997000
5.77575684,-85.12181000,-67.69858000
5.77636719,-89.44922000,-64.09644000
5.77697754,-96.46909000,-65.17953000
5.77758789,-95.93527000,-70.55999000
5.77819824,-93.96400000,-78.88200000
5.77880859,-91.90910000,-74.76079000
5.77941895,-104.43420000,-74.80719000
5.78002930,-89.98643000,-82.16899000
5.78063965,-87.11791000,-88.42435000
5.78125000,-90.44778000,-75.00272000
5.78186035,-95.11497000,-69.34905000
5.78247070,-94.07745000,-68.10276000
5.78308105,-86.26724000,-67.01352000
5.78369141,-85.71967000,-66.56255000
5.78430176,-90.39415000,-68.05157000
5.78491211,-93.61195000,-72.92863000
5.78552246,-93.82750000,-79.33236000
5.78613281,-91.24344000,-74.24907000
5.78674316,-88.28141000,-75.96393000
5.78735352,-96.53683000,-81.39674000
5.78796387,-93.60600000,-87.94296000
5.78857422,-98.31337000,-73.95145000
5.78918457,-100.14480000,-68.02766000
5.78979492,-96.94423000,-67.74927000
5.79040527,-115.07360000,-70.26204000
5.79101563,-94.39484000,-75.78955000
5.79162598,-92.87152000,-73.96077000
5.79223633,-89.49776000,-77.29153000
5.79284668,-83.10497000,-75.25008000
5.79345703,-81.07054000,-70.67226000
5.79406738,-85.87747000,-68.85561000
5.79467773,-92.87792000,-71.88515000
5.79528809,-91.91235000,-80.21507000
5.79589844,-90.54291000,-78.36382000
5.79650879,-91.37028000,-72.76162000
5.79711914,-84.37598000,-71.63882000
5.79772949,-81.86230000,-74.01542000
5.79833984,-88.12241000,-80.31723000
5.79895020,-95.30641000,-78.72085000
5.79956055,-91.23483000,-107.72200000
5.80017090,-100.44690000,-75.31101000
5.80078125,-93.17236000,-73.90979000
5.80139160,-81.81169000,-73.39064000
5.80200195,-82.43732000,-78.64874000
5.80261230,-102.59860000,-72.66548000
5.80322266,-86.22147000,-70.20138000
5.80383301,-85.85132000,-75.85004000
5.80444336,-87.13264000,-81.03225000
5.80505371,-87.08493000,-76.84152000
5.80566406,-88.58495000,-75.43523000
5.80627441,-88.20540000,-75.93314000
5.80688477,-87.94888000,-84.54996000
5.80749512,-91.19249000,-79.39291000
5.80810547,-107.00960000,-76.28747000
5.80871582,-94.69303000,-80.98362000
5.80932617,-90.99524000,-79.68721000
5.80993652,-91.16509000,-74.72089000
5.81054688,-80.13094000,-74.24686000
5.81115723,-75.43861000,-71.07953000
5.81176758,-78.85125000,-73.38614000
5.81237793,-92.11091000,-82.78293000
5.81298828,-123.35780000,-84.89053000
5.81359863,-90.67099000,-82.68615000
5.81420898,-81.56047000,-77.02008000
5.81481934,-82.62756000,-76.36060000
5.81542969,-88.16695000,-70.55220000
5.81604004,-89.22054000,-70.23615000
5.81665039,-90.43282000,-74.33202000
5.81726074,-95.83621000,-81.25746000
5.81787109,-90.42598000,-72.53261000
5.81848145,-90.63271000,-73.11631000
5.81909180,-90.29476000,-77.18491000
5.81970215,-89.27200000,-80.37000000
5.82031250,-92.98576000,-79.01954000
5.82092285,-94.97327000,-77.38867000
5.82153320,-92.85515000,-72.30101000
5.82214355,-88.70993000,-80.19043000
5.82275391,-92.28543000,-76.93368000
5.82336426,-97.28392000,-69.72285000
5.82397461,-92.16515000,-74.01479000
5.82458496,-93.16173000,-75.93036000
5.82519531,-104.22460000,-71.26530000
5.82580566,-94.23898000,-72.34564000
5.82641602,-105.87090000,-73.04778000
5.82702637,-96.60522000,-77.30688000
5.82763672,-93.80351000,-74.69353000
5.82824707,-94.61564000,-72.62549000
5.82885742,-105.01470000,-70.65039000
5.82946777,-97.10048000,-68.71997000
5.83007813,-102.38500000,-68.50233000
5.83068848,-92.42613000,-69.95273000
5.83129883,-90.99092000,-72.66951000
5.83190918,-88.15475000,-74.85411000
5.83251953,-88.98793000,-69.92871000
5.83312988,-88.97964000,-70.42297000
5.83374023,-88.88162000,-71.03671000
5.83435059,-96.01867000,-69.36272000
5.83496094,-96.76978000,-73.70662000
5.83557129,-101.74630000,-79.13237000
5.83618164,-90.40752000,-72.78152000
5.83679199,-88.44941000,-70.52715000
5.83740234,-92.54926000,-73.21474000
5.83801270,-98.71944000,-79.07065000
5.83862305,-88.14252000,-83.62186000
5.83923340,-92.01541000,-75.89923000
5.83984375,-90.99582000,-78.77166000
5.84045410,-87.46339000,-70.01852000
5.84106445,-87.81959000,-67.73785000
5.84167480,-92.02536000,-68.02190000
5.84228516,-98.71185000,-70.69263000
5.84289551,-96.81413000,-70.12727000
5.84350586,-92.48604000,-72.12135000
5.84411621,-93.62296000,-81.73041000
5.84472656,-111.04530000,-72.91329000
5.84533691,-105.10000000,-70.43238000
5.84594727,-99.35399000,-77.09978000
5.84655762,-105.83390000,-84.02049000
5.84716797,-95.99863000,-72.48112000
5.84777832,-92.16193000,-70.13741000
5.84838867,-98.87074000,-75.22025000
5.84899902,-91.50147000,-82.52605000
5.84960938,-89.70795000,-78.03995000
5.85021973,-92.70733000,-76.85710000
5.85083008,-93.38070000,-71.27646000
5.85144043,-86.89746000,-73.02451000
5.85205078,-85.91026000,-84.24992000
5.85266113,-89.46488000,-78.22957000
5.85327148,-94.38977000,-74.75747000
5.85388184,-81.99273000,-75.34301000
5.85449219,-78.55819000,-78.20491000
5.85510254,-82.86929000,-75.82761000
5.85571289,-98.48183000,-83.87856000
5.85632324,-99.70027000,-82.07234000
5.85693359,-96.53001000,-79.34247000
5.85754395,-94.66076000,-73.68900000
5.85815430,-95.11872000,-70.87536000
5.85876465,-89.71813000,-72.63116000
5.85937500,-92.63836000,-74.46584000
5.85998535,-100.13360000,-75.35840000
5.86059570,-97.88535000,-74.69476000
5.86120605,-93.21713000,-72.90844000
5.86181641,-110.43980000,-73.76001000
5.86242676,-91.22662000,-75.96639000
5.86303711,-91.15966000,-73.06953000
5.86364746,-100.70770000,-71.86995000
5.86425781,-99.32959000,-74.16085000
5.86486816,-102.87000000,-72.81178000
5.86547852,-89.58147000,-76.75935000
5.86608887,-86.36550000,-80.88645000
5.86669922,-89.40697000,-78.99744000
5.86730957,-92.06689000,-71.73048000
5.86791992,-90.75253000,-73.75421000
5.86853027,-95.13708000,-75.71965000
5.86914063,-94.30923000,-71.11100000
5.86975098,-94.14825000,-72.85791000
5.87036133,-95.00286000,-75.84491000
5.87097168,-94.88084000,-73.32875000
5.87158203,-90.45058000,-72.63900000
5.87219238,-91.23949000,-81.32076000
5.87280273,-96.09260000,-74.58576000
5.87341309,-95.73989000,-73.53170000
5.87402344,-90.86590000,-85.32767000
5.87463379,-87.79639000,-79.45593000
5.87524414,-97.67679000,-75.24329000
5.87585449,-85.50548000,-78.43581000
5.87646484,-82.47852000,-76.40669000
5.87707520,-84.49615000,-67.61594000
5.87768555,-90.96494000,-67.47277000
5.87829590,-95.47224000,-70.78286000
5.87890625,-92.76839000,-71.52639000
5.87951660,-88.95116000,-69.82236000
5.88012695,-92.31515000,-73.08612000
5.88073730,-93.11392000,-87.98015000
5.88134766,-91.17332000,-78.91763000
5.88195801,-91.91647000,-76.32560000
5.88256836,-97.91953000,-73.66975000
5.88317871,-93.68948000,-81.58479000
5.88378906,-82.49583000,-73.40940000
5.88439941,-79.07489000,-71.73308000
5.88500977,-82.27234000,-90.57780000
5.88562012,-89.45301000,-75.51368000
5.88623047,-96.66510000,-71.11275000
5.88684082,-102.13880000,-68.97710000
5.88745117,-89.27186000,-69.56081000
5.88806152,-88.41089000,-74.91725000
5.88867188,-94.32694000,-80.56111000
5.88928223,-97.59384000,-75.80688000
5.88989258,-96.00868000,-77.75764000
5.89050293,-98.67410000,-83.01669000
5.89111328,-89.90152000,-82.54002000
5.89172363,-88.28809000,-84.20628000
5.89233398,-91.74370000,-73.73069000
5.89294434,-86.07732000,-69.53310000
5.89355469,-88.74114000,-72.65588000
5.89416504,-100.90150000,-75.93527000
5.89477539,-98.86562000,-73.77460000
5.89538574,-102.20030000,-72.14917000
5.89599609,-94.98041000,-76.19305000
5.89660645,-92.55898000,-81.02646000
5.89721680,-88.23882000,-80.11051000
5.89782715,-88.76437000,-77.02563000
5.89843750,-92.99434000,-74.50990000
5.89904785,-94.83234000,-78.29845000
5.89965820,-88.39006000,-82.59508000
5.90026855,-94.24910000,-73.55669000
5.90087891,-89.39353000,-73.15083000
5.90148926,-86.00047000,-72.99574000
5.90209961,-96.54915000,-73.05675000
5.90270996,-95.34454000,-72.09865000
5.90332031,-98.34216000,-69.34748000
5.90393066,-92.76410000,-69.92076000
5.90454102,-89.90726000,-76.55460000
5.90515137,-98.17153000,-77.16306000
5.90576172,-102.69300000,-75.22271000
5.90637207,-97.75603000,-86.00018000
5.90698242,-91.71881000,-76.79451000
5.90759277,-89.09174000,-77.55139000
5.90820313,-88.73119000,-70.73940000
5.90881348,-92.70221000,-66.32905000
5.90942383,-91.90365000,-68.76184000
5.91003418,-89.71881000,-67.53517000
5.91064453,-94.89612000,-66.12436000
5.91125488,-91.65719000,-68.58848000
5.91186523,-90.01292000,-72.94068000
5.91247559,-91.61327000,-76.46611000
5.91308594,-90.23209000,-97.55630000
5.91369629,-73.50388000,-72.86918000
5.91430664,-67.09398000,-67.13708000
5.91491699,-70.20670000,-68.39529000
5.91552734,-89.19444000,-76.25794000
5.91613770,-88.35204000,-80.38412000
5.91674805,-96.16081000,-76.92294000
5.91735840,-105.70260000,-71.06785000
5.91796875,-98.32455000,-69.62691000
5.91857910,-117.25220000,-70.26847000
5.91918945,-106.87400000,-77.03841000
5.91979980,-93.89998000,-70.72779000
5.92041016,-91.63712000,-68.04881000
5.92102051,-89.78355000,-71.31297000
5.92163086,-89.45332000,-75.39346000
5.92224121,-92.08279000,-77.55988000
5.92285156,-94.57034000,-81.48858000
5.92346191,-92.76717000,-81.61343000
5.92407227,-90.26375000,-72.74368000
5.92468262,-93.19000000,-75.18993000
5.92529297,-92.69084000,-78.04408000
5.92590332,-87.97823000,-72.42513000
5.92651367,-90.43288000,-71.77946000
5.92712402,-92.79316000,-71.40389000
5.92773438,-86.16563000,-70.52951000
5.92834473,-83.59196000,-75.11740000
5.92895508,-84.35024000,-76.72256000
5.92956543,-92.96127000,-70.35854000
5.93017578,-97.21676000,-69.98701000
5.93078613,-93.43756000,-71.70754000
5.93139648,-93.19167000,-73.41721000
5.93200684,-89.83372000,-77.38997000
5.93261719,-91.24055000,-77.37590000
5.93322754,-104.43790000,-76.28033000
5.93383789,-92.82864000,-72.33342000
5.93444824,-87.68098000,-72.37702000
5.93505859,-87.14175000,-79.93597000
5.93566895,-92.79311000,-76.83114000
5.93627930,-98.67860000,-84.57577000
5.93688965,-91.60480000,-80.30777000
5.93750000,-89.36504000,-82.78574000
5.93811035,-93.22208000,-80.03320000
5.93872070,-112.68610000,-72.10165000
5.93933105,-91.92651000,-71.58930000
5.93994141,-88.21327000,-72.42045000
5.94055176,-87.17564000,-73.38254000
5.94116211,-89.93377000,-77.81046000
5.94177246,-90.56011000,-80.66885000
5.94238281,-86.03233000,-74.33028000
5.94299316,-88.05947000,-86.76075000
5.94360352,-93.38591000,-70.33597000
5.94421387,-109.82790000,-66.93833000
5.94482422,-93.07111000,-70.14639000
5.94543457,-91.00949000,-74.14496000
5.94604492,-101.53760000,-74.49987000
5.94665527,-91.80370000,-68.64362000
5.94726563,-88.71759000,-66.91525000
5.94787598,-92.07943000,-67.95827000
5.94848633,-91.47022000,-69.98184000
5.94909668,-98.64915000,-83.82224000
5.94970703,-89.80106000,-70.22581000
5.95031738,-84.28506000,-70.52679000
5.95092773,-84.35568000,-70.63645000
5.95153809,-87.72889000,-69.07663000
5.95214844,-91.29169000,-69.68787000
5.95275879,-99.36034000,-68.47047000
5.95336914,-90.43880000,-73.88254000
5.95397949,-89.36561000,-84.58430000
5.95458984,-102.28340000,-88.79604000
5.95520020,-100.98810000,-84.45689000
5.95581055,-102.90660000,-84.76468000
5.95642090,-95.63498000,-81.73044000
5.95703125,-88.04554000,-86.67281000
5.95764160,-87.60547000,-84.27773000
5.95825195,-89.06048000,-75.79179000
5.95886230,-95.07442000,-69.61620000
5.95947266,-92.58722000,-71.13667000
5.96008301,-91.11485000,-78.99046000
5.96069336,-95.46441000,-86.26511000
5.96130371,-94.16624000,-90.41931000
5.96191406,-92.74518000,-75.69714000
5.96252441,-109.12290000,-77.37359000
5.96313477,-95.32314000,-78.17838000
5.96374512,-90.79327000,-77.97231000
5.96435547,-89.38167000,-84.72411000
5.96496582,-89.83331000,-73.71095000
5.96557617,-94.12137000,-77.26075000
5.96618652,-97.65991000,-88.75633000
5.96679688,-98.92511000,-84.84885000
5.96740723,-96.77245000,-77.90132000
5.96801758,-93.53607000,-73.26836000
5.96862793,-96.94169000,-73.64415000
5.96923828,-94.62967000,-74.94891000
5.96984863,-90.23026000,-71.46377000
5.97045898,-89.97865000,-70.08779000
5.97106934,-89.32425000,-69.11464000
5.97167969,-90.13422000,-71.48241000
5.97229004,-93.33382000,-78.27595000
5.97290039,-95.87516000,-74.61703000
5.97351074,-87.69423000,-72.96192000
5.97412109,-79.44125000,-81.90698000
5.97473145,-78.14848000,-79.52953000
5.97534180,-82.87612000,-72.07020000
5.97595215,-88.50140000,-71.84451000
5.97656250,-100.31120000,-70.14373000
5.97717285,-92.29193000,-70.51509000
5.97778320,-87.70395000,-76.68829000
5.97839355,-87.35362000,-75.33624000
5.97900391,-87.52872000,-78.51509000
5.97961426,-88.94997000,-77.07648000
5.98022461,-89.31715000,-81.50873000
5.98083496,-89.32316000,-74.19478000
5.98144531,-94.65099000,-84.15033000
5.98205566,-113.40420000,-78.98466000
5.98266602,-96.88232000,-94.24220000
5.98327637,-93.44745000,-83.60287000
5.98388672,-100.15750000,-79.35611000
5.98449707,-96.64588000,-75.31196000
5.98510742,-98.52235000,-81.00806000
5.98571777,-100.70040000,-76.10367000
5.98632813,-94.17566000,-73.43112000
5.98693848,-89.61520000,-75.92570000
5.98754883,-88.93082000,-78.50002000
5.98815918,-89.44973000,-71.17294000
5.98876953,-92.03244000,-69.13384000
5.98937988,-89.27122000,-70.90463000
5.98999023,-89.04244000,-71.47783000
5.99060059,-93.47047000,-73.66736000
5.99121094,-97.12439000,-78.33768000
5.99182129,-93.27972000,-72.31896000
5.99243164,-99.63390000,-69.64583000
5.99304199,-95.01003000,-72.30486000
5.99365234,-92.02943000,-72.67430000
5.99426270,-101.92420000,-71.49570000
5.99487305,-97.10123000,-76.62035000
5.99548340,-91.91082000,-76.52197000
5.99609375,-91.86975000,-74.10513000
5.99670410,-95.39154000,-81.75721000
5.99731445,-94.16986000,-84.50394000
5.99792480,-89.49558000,-73.33208000
5.99853516,-91.89708000,-67.94361000
5.99914551,-96.54262000,-69.25630000
5.99975586,-90.78175000,-72.25664000
6.00036621,-92.82373000,-69.65219000
6.00097656,-88.60104000,-71.43451000
6.00158691,-85.69466000,-73.15704000
6.00219727,-85.60336000,-77.55896000
6.00280762,-89.24737000,-77.89421000
6.00341797,-87.13234000,-70.51276000
6.00402832,-86.12747000,-71.80016000
6.00463867,-89.26135000,-74.32557000
6.00524902,-88.50522000,-69.66012000
6.00585938,-86.02774000,-68.80498000
6.00646973,-88.96773000,-73.51528000
6.00708008,-91.09393000,-76.56307000
6.00769043,-89.65860000,-76.07771000
6.00830078,-91.25758000,-92.88544000
6.00891113,-89.42504000,-70.65783000
6.00952148,-87.14252000,-67.72694000
6.01013184,-85.97516000,-75.29095000
6.01074219,-85.07946000,-79.69046000
6.01135254,-89.82689000,-82.04150000
6.01196289,-90.98051000,-74.79887000
6.01257324,-86.56808000,-70.85966000
6.01318359,-85.81403000,-73.10764000
6.01379395,-86.39583000,-84.24680000
6.01440430,-80.89207000,-81.75040000
6.01501465,-84.65644000,-92.39525000
6.01562500,-95.51234000,-80.33542000
6.01623535,-95.78740000,-75.93813000
6.01684570,-90.84735000,-77.26659000
6.01745605,-90.26518000,-76.46957000
6.01806641,-93.02166000,-72.45631000
6.01867676,-95.10014000,-75.48711000
6.01928711,-96.58332000,-78.96511000
6.01989746,-93.47481000,-77.23003000
6.02050781,-98.13577000,-74.36903000
6.02111816,-90.21806000,-80.62408000
6.02172852,-94.26178000,-82.83884000
6.02233887,-93.16547000,-74.52296000
6.02294922,-93.02867000,-71.92994000
6.02355957,-100.93640000,-73.45869000
6.02416992,-100.97020000,-74.47622000
6.02478027,-100.33010000,-75.50246000
6.02539063,-92.91664000,-73.17732000
6.02600098,-90.44379000,-73.01786000
6.02661133,-84.44199000,-71.17784000
6.02722168,-81.91689000,-73.43572000
6.02783203,-88.61032000,-83.08174000
6.02844238,-100.48760000,-74.42213000
6.02905273,-91.84119000,-73.32803000
6.02966309,-89.67271000,-83.33437000
6.03027344,-91.82812000,-75.65352000
6.03088379,-85.36834000,-70.56465000
6.03149414,-84.65995000,-70.40655000
6.03210449,-89.67040000,-69.87518000
6.03271484,-94.77373000,-71.06170000
6.03332520,-98.56573000,-74.88776000
6.03393555,-92.31271000,-88.48022000
6.03454590,-87.01400000,-73.68496000
6.03515625,-88.00864000,-72.67485000
6.03576660,-87.28160000,-75.71544000
6.03637695,-89.42123000,-77.99621000
6.03698730,-95.54694000,-75.76913000
6.03759766,-89.41183000,-77.21702000
6.03820801,-90.97039000,-77.42171000
6.03881836,-91.21162000,-71.40673000
6.03942871,-87.90005000,-70.41445000
6.04003906,-87.33994000,-70.56985000
6.04064941,-89.13474000,-73.30769000
6.04125977,-89.06673000,-81.25111000
6.04187012,-89.91265000,-74.36082000
6.04248047,-91.97167000,-67.33162000
6.04309082,-91.05956000,-66.39928000
6.04370117,-91.94733000,-70.72654000
6.04431152,-99.33694000,-77.64710000
6.04492188,-88.13347000,-81.41019000
6.04553223,-87.10824000,-82.50714000
6.04614258,-92.15382000,-89.73274000
6.04675293,-104.48340000,-86.24001000
6.04736328,-92.02614000,-78.96855000
6.04797363,-91.76004000,-73.93719000
6.04858398,-95.77440000,-76.34471000
6.04919434,-99.18521000,-81.97375000
6.04980469,-99.05843000,-99.22077000
6.05041504,-88.44052000,-76.90593000
6.05102539,-88.40130000,-72.04699000
6.05163574,-90.49295000,-82.18840000
6.05224609,-86.79989000,-78.54552000
6.05285645,-96.48099000,-78.01128000
6.05346680,-94.37613000,-79.04974000
6.05407715,-97.44838000,-71.05180000
6.05468750,-94.58363000,-69.41212000
6.05529785,-103.51730000,-70.73853000
6.05590820,-92.57050000,-71.43731000
6.05651855,-93.18802000,-73.46714000
6.05712891,-87.59929000,-80.40442000
6.05773926,-85.74245000,-73.71342000
6.05834961,-90.30381000,-73.10452000
6.05895996,-113.93280000,-70.92978000
6.05957031,-93.84220000,-75.35060000
6.06018066,-94.30809000,-89.64508000
6.06079102,-94.38847000,-87.61914000
6.06140137,-87.41656000,-77.04017000
6.06201172,-89.90647000,-71.19196000
6.06262207,-96.57200000,-68.77855000
6.06323242,-93.74672000,-70.46960000
6.06384277,-87.95477000,-79.95152000
6.06445313,-88.00467000,-79.90266000
6.06506348,-92.45803000,-78.51987000
6.06567383,-94.17319000,-80.54459000
6.06628418,-91.59312000,-77.07967000
6.06689453,-89.58846000,-78.88762000
6.06750488,-91.68446000,-81.30448000
6.06811523,-88.55294000,-79.86566000
6.06872559,-99.36298000,-85.06674000
6.06933594,-98.74902000,-90.36099000
6.06994629,-104.09150000,-79.01183000
6.07055664,-91.65115000,-71.83069000
6.07116699,-86.35435000,-73.79743000
6.07177734,-85.33296000,-77.27473000
6.07238770,-85.38883000,-80.09525000
6.07299805,-85.03257000,-73.44241000
6.07360840,-89.76494000,-70.64725000
6.07421875,-89.11427000,-70.24211000
6.07482910,-86.30585000,-73.85805000
6.07543945,-85.79491000,-86.15655000
6.07604980,-84.02772000,-82.12320000
6.07666016,-85.62572000,-85.06453000
6.07727051,-90.67766000,-77.08892000
6.07788086,-88.19749000,-74.45824000
6.07849121,-91.27433000,-76.41132000
6.07910156,-94.10690000,-90.96309000
6.07971191,-88.29927000,-70.04013000
6.08032227,-91.98370000,-69.68076000
6.08093262,-93.85665000,-74.10011000
6.08154297,-92.34119000,-80.27442000
6.08215332,-94.42970000,-99.30283000
6.08276367,-98.11906000,-82.50657000
6.08337402,-89.99959000,-87.01982000
6.08398438,-85.40524000,-79.44621000
6.08459473,-87.69290000,-84.84956000
6.08520508,-91.28310000,-76.51060000
6.08581543,-90.09164000,-74.67486000
6.08642578,-89.28384000,-92.65090000
6.08703613,-91.66351000,-78.99033000
6.08764648,-92.88139000,-82.79733000
6.08825684,-99.91385000,-84.80045000
6.08886719,-96.20319000,-76.99100000
6.08947754,-96.92555000,-72.95076000
6.09008789,-111.03890000,-73.89339000
6.09069824,-92.73080000,-74.03432000
6.09130859,-90.67618000,-77.62384000
6.09191895,-88.62749000,-72.55203000
6.09252930,-90.11906000,-67.85939000
6.09313965,-89.31336000,-71.56837000
6.09375000,-84.76549000,-77.38560000
6.09436035,-86.52098000,-79.77335000
6.09497070,-93.83190000,-74.10986000
6.09558105,-101.30780000,-75.70901000
6.09619141,-107.46050000,-82.10089000
6.09680176,-96.70960000,-75.12050000
6.09741211,-85.26368000,-79.37173000
6.09802246,-82.11836000,-76.10706000
6.09863281,-85.22648000,-73.22385000
6.09924316,-96.52446000,-75.66464000
6.09985352,-90.00725000,-70.13381000
6.10046387,-85.52659000,-71.91859000
6.10107422,-83.57648000,-78.54189000
6.10168457,-80.39962000,-76.67506000
6.10229492,-82.17204000,-79.91776000
6.10290527,-88.73128000,-88.69627000
6.10351563,-91.29309000,-75.88258000
6.10412598,-101.61030000,-67.84108000
6.10473633,-108.93460000,-71.34779000
6.10534668,-97.67048000,-79.42812000
6.10595703,-98.45474000,-71.36237000
6.10656738,-91.66633000,-72.40828000
6.10717773,-88.41467000,-78.38655000
6.10778809,-91.31540000,-74.36715000
6.10839844,-104.98110000,-68.14874000
6.10900879,-95.59570000,-66.11651000
6.10961914,-93.47012000,-69.38982000
6.11022949,-96.44469000,-77.62344000
6.11083984,-80.59333000,-74.04837000
6.11145020,-78.25743000,-67.00626000
6.11206055,-86.45984000,-68.30580000
6.11267090,-88.63987000,-79.27027000
6.11328125,-88.46948000,-80.76859000
6.11389160,-84.19343000,-76.14205000
6.11450195,-81.16096000,-74.34412000
6.11511230,-89.22187000,-73.89192000
6.11572266,-91.76643000,-80.72356000
6.11633301,-101.09550000,-75.86333000
6.11694336,-87.64396000,-71.35041000
6.11755371,-85.43098000,-71.35390000
6.11816406,-90.10693000,-73.42362000
6.11877441,-96.33626000,-78.26857000
6.11938477,-89.27412000,-78.24624000
6.11999512,-92.32220000,-76.82794000
6.12060547,-91.12016000,-71.31139000
6.12121582,-89.52149000,-69.98714000
6.12182617,-91.58013000,-67.09975000
6.12243652,-93.28564000,-65.82131000
6.12304688,-97.53109000,-68.92060000
6.12365723,-92.60468000,-72.83047000
6.12426758,-88.01932000,-72.60486000
6.12487793,-85.83271000,-73.39319000
6.12548828,-92.03596000,-74.46767000
6.12609863,-96.46065000,-71.73048000
6.12670898,-91.62517000,-69.62726000
6.12731934,-91.32301000,-69.26367000
6.12792969,-98.84822000,-67.63098000
6.12854004,-90.94311000,-70.28481000
6.12915039,-85.09462000,-74.72888000
6.12976074,-85.97554000,-74.01357000
6.13037109,-87.67053000,-73.22697000
6.13098145,-87.19819000,-78.46297000
6.13159180,-86.69064000,-83.44554000
6.13220215,-85.26053000,-81.25900000
6.13281250,-85.75578000,-82.61183000
6.13342285,-91.63896000,-79.09225000
6.13403320,-85.71709000,-74.14661000
6.13464355,-83.25821000,-88.02551000
6.13525391,-84.37794000,-78.32014000
6.13586426,-86.28587000,-76.20543000
6.13647461,-86.71100000,-73.72694000
6.13708496,-86.89706000,-73.82691000
6.13769531,-89.63551000,-82.11197000
6.13830566,-102.80640000,-84.37852000
6.13891602,-95.75623000,-78.48882000
6.13952637,-93.33523000,-76.92715000
6.14013672,-89.92927000,-76.36819000
6.14074707,-109.56090000,-83.52704000
6.14135742,-93.30962000,-86.75308000
6.14196777,-89.73411000,-76.35481000
6.14257813,-88.03316000,-73.08176000
6.14318848,-88.05272000,-77.78052000
6.14379883,-91.83157000,-76.49809000
6.14440918,-96.88988000,-72.60349000
6.14501953,-88.77884000,-70.55946000
6.14562988,-98.97952000,-75.64838000
6.14624023,-93.00508000,-79.05161000
6.14685059,-95.51060000,-87.40143000
6.14746094,-95.60304000,-75.09248000
6.14807129,-87.12138000,-76.17937000
6.14868164,-84.49223000,-76.68948000
6.14929199,-85.15595000,-70.10434000
6.14990234,-87.15308000,-71.25549000
6.15051270,-87.81032000,-73.00839000
6.15112305,-89.43967000,-74.21947000
6.15173340,-95.56061000,-71.65458000
6.15234375,-96.34265000,-68.49289000
6.15295410,-103.11560000,-73.73241000
6.15356445,-92.98984000,-85.41984000
6.15417480,-85.79179000,-77.31264000
6.15478516,-82.70789000,-72.06664000
6.15539551,-88.96571000,-74.31080000
6.15600586,-89.09460000,-89.71154000
6.15661621,-92.58130000,-74.46431000
6.15722656,-87.19604000,-74.79253000
6.15783691,-82.01062000,-77.18423000
6.15844727,-84.38950000,-81.82225000
6.15905762,-95.02525000,-81.10143000
6.15966797,-88.58690000,-77.31271000
6.16027832,-88.42683000,-92.06090000
6.16088867,-92.42092000,-80.00401000
6.16149902,-90.15434000,-83.44189000
6.16210938,-88.72966000,-78.78054000
6.16271973,-85.71908000,-77.79314000
6.16333008,-84.15513000,-70.50191000
6.16394043,-86.33126000,-67.59734000
6.16455078,-89.76166000,-69.10996000
6.16516113,-94.04720000,-72.68309000
6.16577148,-99.91898000,-76.07346000
6.16638184,-95.98260000,-74.70616000
6.16699219,-91.48731000,-73.48092000
6.16760254,-89.73087000,-72.77917000
6.16821289,-94.00809000,-67.48685000
6.16882324,-94.76820000,-66.94417000
6.16943359,-107.76830000,-72.07716000
6.17004395,-96.13158000,-76.68195000
6.17065430,-103.24400000,-73.18487000
6.17126465,-95.27495000,-72.63327000
6.17187500,-105.70060000,-71.87560000
6.17248535,-92.63155000,-74.13010000
6.17309570,-105.73060000,-76.48618000
6.17370605,-96.05155000,-78.58128000
6.17431641,-93.15001000,-76.21602000
6.17492676,-88.83302000,-87.82779000
6.17553711,-89.48437000,-89.35701000
6.17614746,-91.58554000,-96.44653000
6.17675781,-94.39381000,-78.68531000
6.17736816,-89.64706000,-75.73097000
6.17797852,-88.25905000,-81.91792000
6.17858887,-98.07972000,-77.97425000
6.17919922,-94.92134000,-76.43649000
6.17980957,-92.29506000,-73.30977000
6.18041992,-89.99060000,-70.81559000
6.18103027,-90.25899000,-68.13303000
6.18164063,-95.48123000,-70.40268000
6.18225098,-92.40286000,-76.49918000
6.18286133,-89.69395000,-80.09548000
6.18347168,-93.19760000,-70.51485000
6.18408203,-89.31052000,-72.04018000
6.18469238,-89.63935000,-94.97136000
6.18530273,-96.36792000,-84.67427000
6.18591309,-93.89796000,-81.51551000
6.18652344,-90.39110000,-79.99829000
6.18713379,-93.53586000,-79.76085000
6.18774414,-93.18156000,-78.78607000
6.18835449,-90.07912000,-88.63998000
6.18896484,-88.47868000,-79.28170000
6.18957520,-95.21231000,-74.34261000
6.19018555,-92.88312000,-72.95944000
6.19079590,-86.49219000,-71.68694000
6.19140625,-87.42275000,-70.29928000
6.19201660,-91.46892000,-71.50583000
6.19262695,-95.30518000,-72.74178000
6.19323730,-100.38420000,-76.78491000
6.19384766,-99.32476000,-77.98181000
6.19445801,-93.00637000,-70.82869000
6.19506836,-98.98335000,-70.57585000
6.19567871,-90.84240000,-71.88536000
6.19628906,-88.61266000,-71.60310000
6.19689941,-85.34445000,-70.81306000
6.19750977,-85.60358000,-70.88155000
6.19812012,-92.66434000,-72.10994000
6.19873047,-92.80969000,-84.08611000
6.19934082,-87.85248000,-76.74812000
6.19995117,-90.62740000,-74.93439000
6.20056152,-95.16563000,-72.18629000
6.20117188,-91.16355000,-71.55576000
6.20178223,-87.91708000,-76.89577000
6.20239258,-102.39110000,-82.62968000
6.20300293,-89.74741000,-72.46851000
6.20361328,-93.80878000,-70.91231000
6.20422363,-103.74310000,-71.69592000
6.20483398,-99.44244000,-75.69696000
6.20544434,-94.04289000,-81.49850000
6.20605469,-88.38932000,-75.97286000
6.20666504,-87.32228000,-71.72366000
6.20727539,-88.92679000,-74.42605000
6.20788574,-94.61479000,-86.96680000
6.20849609,-118.86160000,-80.33001000
6.20910645,-98.99269000,-72.99445000
6.20971680,-93.72860000,-71.77886000
6.21032715,-93.79044000,-76.63062000
6.21093750,-103.61660000,-74.37482000
6.21154785,-100.87140000,-71.43081000
6.21215820,-96.12721000,-74.93150000
6.21276855,-97.33382000,-77.20824000
6.21337891,-84.47693000,-74.66411000
6.21398926,-70.44118000,-74.97731000
6.21459961,-67.63137000,-79.65684000
6.21520996,-74.61911000,-77.98491000
6.21582031,-92.28384000,-68.94528000
6.21643066,-90.92266000,-71.00062000
6.21704102,-88.79615000,-82.31854000
6.21765137,-88.57483000,-70.50668000
6.21826172,-91.82802000,-70.31279000
6.21887207,-93.03490000,-75.98584000
6.21948242,-100.84660000,-79.52778000
6.22009277,-113.99210000,-70.86161000
6.22070313,-104.32750000,-75.93439000
6.22131348,-110.72320000,-74.39895000
6.22192383,-102.57470000,-71.02503000
6.22253418,-100.80790000,-71.52374000
6.22314453,-92.81154000,-74.89275000
6.22375488,-91.80728000,-72.93727000
6.22436523,-94.86996000,-69.62943000
6.22497559,-93.19210000,-67.09184000
6.22558594,-89.92073000,-67.35069000
6.22619629,-95.83084000,-71.04700000
6.22680664,-89.48437000,-73.22303000
6.22741699,-84.23131000,-69.71850000
6.22802734,-89.94423000,-70.15669000
6.22863770,-100.00150000,-72.62068000
6.22924805,-91.60922000,-72.46938000
6.22985840,-85.63255000,-70.75026000
6.23046875,-83.59413000,-75.19721000
6.23107910,-86.24196000,-72.63197000
6.23168945,-100.62220000,-67.95487000
6.23229980,-89.12593000,-69.59034000
6.23291016,-89.23316000,-73.30689000
6.23352051,-91.73582000,-69.49706000
6.23413086,-97.31160000,-72.17088000
6.23474121,-97.07008000,-75.87439000
6.23535156,-91.93561000,-76.25535000
6.23596191,-89.09310000,-77.46166000
6.23657227,-90.26447000,-74.13396000
6.23718262,-92.15479000,-76.57101000
6.23779297,-92.94290000,-81.65000000
6.23840332,-88.16942000,-84.01468000
6.23901367,-85.44946000,-77.29321000
6.23962402,-86.54021000,-76.44677000
6.24023438,-94.51814000,-75.54060000
6.24084473,-93.97194000,-75.42140000
6.24145508,-90.80307000,-74.80029000
6.24206543,-89.24702000,-76.41076000
6.24267578,-84.66939000,-73.19078000
6.24328613,-84.08355000,-90.34119000
6.24389648,-85.53234000,-74.10256000
6.24450684,-86.96581000,-72.98690000
6.24511719,-100.23470000,-76.21203000
6.24572754,-92.46622000,-78.48091000
6.24633789,-96.67182000,-80.18426000
6.24694824,-90.67300000,-76.00195000
6.24755859,-87.72090000,-78.45338000
6.24816895,-91.15569000,-86.07398000
6.24877930,-90.01396000,-75.55024000
6.24938965,-90.52847000,-75.37862000
6.25000000,-81.12778000,-80.36270000
6.25061035,-76.49484000,-74.69743000
6.25122070,-81.16467000,-75.80886000
6.25183105,-90.97706000,-78.70915000
6.25244141,-98.09609000,-71.54591000
6.25305176,-100.85970000,-72.78560000
6.25366211,-93.84365000,-79.80419000
6.25427246,-95.38917000,-80.55359000
6.25488281,-95.29080000,-75.60798000
6.25549316,-96.87789000,-76.22477000
6.25610352,-101.85890000,-75.21959000
6.25671387,-92.15752000,-87.68976000
6.25732422,-87.57836000,-71.00272000
6.25793457,-92.86666000,-68.91284000
6.25854492,-94.12083000,-69.26116000
6.25915527,-87.06010000,-68.09202000
6.25976563,-88.81863000,-65.82188000
6.26037598,-91.74470000,-65.76267000
6.26098633,-92.13619000,-67.44490000
6.26159668,-93.61311000,-69.55165000
6.26220703,-93.32337000,-89.08452000
6.26281738,-107.84860000,-73.21268000
6.26342773,-111.62030000,-76.05807000
6.26403809,-101.42610000,-74.76488000
6.26464844,-95.30939000,-78.00168000
6.26525879,-95.43503000,-79.04117000
6.26586914,-101.84240000,-75.53566000
6.26647949,-95.57579000,-87.01595000
6.26708984,-96.69602000,-72.20216000
6.26770020,-92.28237000,-74.42124000
6.26831055,-94.28493000,-88.77495000
6.26892090,-96.61945000,-72.76698000
6.26953125,-89.10365000,-68.72600000
6.27014160,-89.25682000,-69.63332000
6.27075195,-90.16709000,-72.29817000
6.27136230,-87.55389000,-73.78188000
6.27197266,-91.31741000,-74.90244000
6.27258301,-94.76476000,-71.57430000
6.27319336,-89.56862000,-70.92157000
6.27380371,-83.32574000,-73.48294000
6.27441406,-79.71303000,-73.44370000
6.27502441,-81.67325000,-71.38372000
6.27563477,-87.77618000,-72.25333000
6.27624512,-96.86687000,-75.20820000
6.27685547,-95.63168000,-74.15958000
6.27746582,-100.99170000,-71.03674000
6.27807617,-98.52545000,-69.88390000
6.27868652,-100.65480000,-68.03633000
6.27929688,-89.29874000,-67.71073000
6.27990723,-86.91733000,-70.25168000
6.28051758,-86.24968000,-71.74924000
6.28112793,-84.09845000,-74.86703000
6.28173828,-86.46259000,-83.98402000
6.28234863,-90.27420000,-73.88736000
6.28295898,-91.12997000,-68.83115000
6.28356934,-93.01502000,-70.48949000
6.28417969,-97.39622000,-75.77164000
6.28479004,-89.73840000,-73.75665000
6.28540039,-88.73138000,-72.37369000
6.28601074,-92.48273000,-73.78288000
6.28662109,-91.25545000,-71.55237000
6.28723145,-105.64600000,-74.11444000
6.28784180,-90.17783000,-73.03979000
6.28845215,-86.72346000,-71.87230000
6.28906250,-91.43863000,-73.22786000
6.28967285,-92.78745000,-78.67144000
6.29028320,-88.62059000,-75.76758000
6.29089355,-89.53667000,-78.65070000
6.29150391,-95.12458000,-82.42547000
6.29211426,-115.58590000,-82.35927000
6.29272461,-94.73860000,-71.49291000
6.29333496,-90.69989000,-69.91309000
6.29394531,-96.49230000,-72.85579000
6.29455566,-114.81750000,-80.88023000
6.29516602,-90.85559000,-77.82284000
6.29577637,-90.20942000,-70.23643000
6.29638672,-99.11122000,-69.83552000
6.29699707,-94.69838000,-76.22509000
6.29760742,-89.47015000,-68.66006000
6.29821777,-89.69011000,-74.76740000
6.29882813,-87.41386000,-79.73230000
6.29943848,-86.89201000,-72.39737000
6.30004883,-91.05473000,-69.36217000
6.30065918,-94.42735000,-70.68662000
6.30126953,-90.78904000,-69.00999000
6.30187988,-90.46889000,-68.91260000
6.30249023,-94.42063000,-70.23933000
6.30310059,-95.12344000,-70.24548000
6.30371094,-89.70239000,-74.89589000
6.30432129,-85.66497000,-76.25269000
6.30493164,-85.86417000,-75.34715000
6.30554199,-87.83279000,-72.77184000
6.30615234,-87.92157000,-73.54106000
6.30676270,-87.18581000,-78.63150000
6.30737305,-89.97409000,-81.38521000
6.30798340,-96.66846000,-83.22630000
6.30859375,-106.81500000,-81.45973000
6.30920410,-99.63540000,-76.62892000
6.30981445,-92.20485000,-78.75346000
6.31042480,-85.69867000,-72.57535000
6.31103516,-85.84243000,-71.54070000
6.31164551,-90.87840000,-72.71169000
6.31225586,-91.11028000,-74.08424000
6.31286621,-92.80292000,-74.33282000
6.31347656,-93.55826000,-74.00661000
6.31408691,-82.11616000,-75.76354000
6.31469727,-80.50748000,-79.67953000
6.31530762,-86.87083000,-73.75787000
6.31591797,-90.25620000,-67.91707000
6.31652832,-92.03609000,-65.93253000
6.31713867,-89.57901000,-67.91324000
6.31774902,-88.05932000,-76.70071000
6.31835938,-92.64549000,-77.56172000
6.31896973,-106.94470000,-73.49265000
6.31958008,-96.96362000,-72.25265000
6.32019043,-90.96056000,-71.50836000
6.32080078,-91.85828000,-80.54996000
6.32141113,-91.04280000,-77.36604000
6.32202148,-92.31004000,-75.07705000
6.32263184,-95.60146000,-84.49299000
6.32324219,-92.18100000,-79.33707000
6.32385254,-91.82643000,-73.63863000
6.32446289,-89.29768000,-71.21961000
6.32507324,-85.31204000,-80.41019000
6.32568359,-84.87024000,-67.21810000
6.32629395,-92.04684000,-68.43522000
6.32690430,-86.08469000,-75.85107000
6.32751465,-81.63452000,-73.86477000
6.32812500,-84.65752000,-70.45425000
6.32873535,-90.90727000,-71.57323000
6.32934570,-96.01650000,-80.10146000
6.32995605,-92.32675000,-72.09607000
6.33056641,-96.94815000,-70.80199000
6.33117676,-99.50394000,-78.58545000
6.33178711,-98.09546000,-81.68420000
6.33239746,-91.04567000,-80.45432000
6.33300781,-94.32690000,-91.34845000
6.33361816,-91.41930000,-73.59753000
6.33422852,-85.36061000,-71.20772000
6.33483887,-87.10211000,-77.30019000
6.33544922,-93.41908000,-87.15102000
6.33605957,-87.28226000,-72.34841000
6.33666992,-86.74812000,-69.28012000
6.33728027,-91.58063000,-76.39301000
6.33789063,-99.01105000,-95.51533000
6.33850098,-90.17342000,-97.26740000
6.33911133,-87.91934000,-83.46803000
6.33972168,-91.62155000,-79.33006000
6.34033203,-95.60667000,-81.38454000
6.34094238,-95.82332000,-72.95724000
6.34155273,-86.87537000,-72.35500000
6.34216309,-86.76373000,-74.09766000
6.34277344,-102.04850000,-75.24346000
6.34338379,-89.82270000,-79.43070000
6.34399414,-92.22742000,-75.70699000
6.34460449,-93.14638000,-74.40144000
6.34521484,-89.61591000,-73.04581000
6.34582520,-101.44590000,-68.75583000
6.34643555,-88.99113000,-69.41144000
6.34704590,-85.09147000,-74.67714000
6.34765625,-86.37020000,-79.30103000
6.34826660,-89.92630000,-91.93642000
6.34887695,-97.75546000,-85.27859000
6.34948730,-95.15137000,-82.39712000
6.35009766,-90.64063000,-75.64354000
6.35070801,-97.77061000,-77.21120000
6.35131836,-89.94637000,-85.87917000
6.35192871,-88.38239000,-72.48444000
6.35253906,-89.01907000,-69.55228000
6.35314941,-87.63207000,-73.70809000
6.35375977,-88.81947000,-79.55482000
6.35437012,-87.44164000,-70.39647000
6.35498047,-88.80208000,-70.40603000
6.35559082,-88.57664000,-73.77417000
6.35620117,-95.88403000,-73.08265000
6.35681152,-97.46087000,-72.96326000
6.35742188,-95.39597000,-75.64099000
6.35803223,-108.74880000,-73.75491000
6.35864258,-94.24864000,-71.81624000
6.35925293,-90.19736000,-69.50485000
6.35986328,-93.16964000,-68.50404000
6.36047363,-88.94972000,-72.39359000
6.36108398,-88.06622000,-77.41822000
6.36169434,-89.16896000,-75.58475000
6.36230469,-94.57490000,-76.07549000
6.36291504,-92.45708000,-77.67709000
6.36352539,-110.48470000,-68.00748000
6.36413574,-94.75130000,-73.69855000
6.36474609,-90.01235000,-77.33920000
6.36535645,-88.27338000,-68.33588000
6.36596680,-90.39658000,-66.74072000
6.36657715,-93.47267000,-73.52113000
6.36718750,-98.82057000,-91.74813000
6.36779785,-106.09410000,-76.02777000
6.36840820,-91.92361000,-69.44847000
6.36901855,-87.89844000,-74.74583000
6.36962891,-90.84421000,-79.93311000
6.37023926,-91.78967000,-72.87938000
6.37084961,-95.86014000,-70.79383000
6.37145996,-107.92700000,-72.12327000
6.37207031,-99.35043000,-73.51425000
6.37268066,-102.18880000,-80.05288000
6.37329102,-94.56047000,-81.77654000
6.37390137,-88.30521000,-83.36688000
6.37451172,-89.87563000,-79.33433000
6.37512207,-94.89007000,-79.50818000
6.37573242,-87.92433000,-77.26717000
6.37634277,-86.63079000,-73.44579000
6.37695313,-86.70760000,-76.01965000
6.37756348,-89.90111000,-69.57028000
6.37817383,-92.12781000,-68.18498000
6.37878418,-88.75887000,-74.44463000
6.37939453,-86.44111000,-70.51936000
6.38000488,-88.55655000,-68.19170000
6.38061523,-92.00683000,-69.50533000
6.38122559,-93.59702000,-72.85742000
6.38183594,-93.16807000,-80.24207000
6.38244629,-86.80081000,-80.27985000
6.38305664,-88.93224000,-73.96527000
6.38366699,-92.10545000,-96.69903000
6.38427734,-91.17813000,-73.52699000
6.38488770,-94.94446000,-73.11028000
6.38549805,-89.50835000,-71.03189000
6.38610840,-88.94620000,-74.67242000
6.38671875,-89.37347000,-81.15119000
6.38732910,-91.15960000,-75.77821000
6.38793945,-100.94550000,-74.38206000
6.38854980,-95.79261000,-73.59518000
6.38916016,-89.81561000,-80.56261000
6.38977051,-93.35290000,-76.08854000
6.39038086,-97.95528000,-76.13201000
6.39099121,-97.64664000,-82.01509000
6.39160156,-93.05280000,-74.70767000
6.39221191,-90.75455000,-76.83264000
6.39282227,-88.07698000,-78.92025000
6.39343262,-80.95778000,-71.55267000
6.39404297,-78.80532000,-70.72901000
6.39465332,-81.63026000,-77.06908000
6.39526367,-86.26557000,-70.97533000
6.39587402,-91.21838000,-70.03603000
6.39648438,-93.69347000,-74.92992000
6.39709473,-85.93441000,-71.94198000
6.39770508,-82.47832000,-73.85608000
6.39831543,-85.43141000,-80.97206000
6.39892578,-90.43099000,-75.59449000
6.39953613,-83.71952000,-75.25014000
6.40014648,-81.64061000,-77.62772000
6.40075684,-85.18277000,-91.30708000
6.40136719,-85.87090000,-78.00237000
6.40197754,-83.52287000,-74.18803000
6.40258789,-92.33878000,-71.75375000
6.40319824,-95.41984000,-70.27682000
6.40380859,-99.14349000,-71.22791000
6.40441895,-97.10672000,-72.90739000
6.40502930,-89.35091000,-76.33247000
6.40563965,-90.18265000,-85.04065000
6.40625000,-98.06349000,-83.95408000
6.40686035,-95.22736000,-76.95068000
6.40747070,-96.00137000,-76.50590000
6.40808105,-99.16240000,-76.28539000
6.40869141,-100.59700000,-74.96716000
6.40930176,-99.86337000,-72.13138000
6.40991211,-95.53580000,-69.95621000
6.41052246,-86.26163000,-71.73666000
6.41113281,-80.70281000,-76.29752000
6.41174316,-79.97522000,-76.25021000
6.41235352,-86.91107000,-72.76054000
6.41296387,-101.04330000,-71.46088000
6.41357422,-88.84170000,-80.15865000
6.41418457,-82.12209000,-76.43297000
6.41479492,-81.72823000,-73.31713000
6.41540527,-88.86320000,-71.77359000
6.41601563,-97.20178000,-74.27997000
6.41662598,-92.99870000,-83.82767000
6.41723633,-93.26465000,-72.78195000
6.41784668,-93.10683000,-77.10790000
6.41845703,-95.71944000,-81.32722000
6.41906738,-97.23975000,-74.15829000
6.41967773,-99.20848000,-73.82430000
6.42028809,-96.01991000,-77.59676000
6.42089844,-90.94189000,-79.00802000
6.42150879,-89.69910000,-85.10133000
6.42211914,-88.17017000,-70.95134000
6.42272949,-88.72334000,-69.96806000
6.42333984,-89.03505000,-76.61909000
6.42395020,-91.21255000,-78.65057000
6.42456055,-91.22438000,-78.37035000
6.42517090,-96.12583000,-83.28721000
6.42578125,-99.17259000,-74.15765000
6.42639160,-101.06790000,-68.76855000
6.42700195,-94.43455000,-67.74656000
6.42761230,-86.29510000,-70.12160000
6.42822266,-86.20271000,-71.49821000
6.42883301,-88.63687000,-77.33372000
6.42944336,-85.14090000,-76.84686000
6.43005371,-87.09128000,-74.85576000
6.43066406,-93.31795000,-79.69734000
6.43127441,-93.43642000,-73.19673000
6.43188477,-92.11921000,-71.28242000
6.43249512,-100.52730000,-69.16239000
6.43310547,-102.47350000,-75.14619000
6.43371582,-93.65390000,-83.04025000
6.43432617,-87.48508000,-75.96825000
6.43493652,-91.51743000,-68.54938000
6.43554688,-94.17505000,-67.12415000
6.43615723,-89.73969000,-72.72674000
6.43676758,-87.55717000,-91.64618000
6.43737793,-88.90536000,-78.59235000
6.43798828,-98.31960000,-87.41691000
6.43859863,-98.50150000,-74.02002000
6.43920898,-95.95834000,-76.06187000
6.43981934,-93.27400000,-75.26810000
6.44042969,-89.28207000,-70.90106000
6.44104004,-90.13322000,-70.34976000
6.44165039,-88.17528000,-72.74403000
6.44226074,-85.76725000,-75.09287000
6.44287109,-86.14131000,-71.86721000
6.44348145,-87.42146000,-71.80692000
6.44409180,-89.79251000,-83.94717000
6.44470215,-88.34044000,-81.11209000
6.44531250,-87.82647000,-83.33307000
6.44592285,-93.30766000,-79.16399000
6.44653320,-91.93436000,-82.50484000
6.44714355,-92.52273000,-75.34621000
6.44775391,-106.69790000,-70.69629000
6.44836426,-95.56815000,-72.92725000
6.44897461,-94.58107000,-80.02464000
6.44958496,-96.49940000,-90.79772000
6.45019531,-100.08600000,-81.91267000
6.45080566,-88.31721000,-75.73834000
6.45141602,-88.91793000,-72.08464000
6.45202637,-89.97730000,-71.58323000
6.45263672,-89.77340000,-82.13821000
6.45324707,-96.58049000,-72.80573000
6.45385742,-93.75275000,-71.40172000
6.45446777,-85.34390000,-78.07614000
6.45507813,-84.37623000,-83.54402000
6.45568848,-87.75458000,-75.76068000
6.45629883,-93.18229000,-77.24771000
6.45690918,-92.33566000,-83.54556000
6.45751953,-94.98805000,-93.80837000
6.45812988,-85.84301000,-81.83231000
6.45874023,-89.54774000,-86.98038000
6.45935059,-91.59741000,-82.01379000
6.45996094,-85.49664000,-85.34572000
6.46057129,-88.48924000,-79.19140000
6.46118164,-108.25640000,-72.04360000
6.46179199,-102.74550000,-72.44544000
6.46240234,-90.00510000,-73.74281000
6.46301270,-85.91827000,-79.01515000
6.46362305,-86.23051000,-75.67508000
6.46423340,-89.73275000,-78.11651000
6.46484375,-103.88590000,-78.68596000
6.46545410,-96.88689000,-74.58084000
6.46606445,-90.48512000,-72.88795000
6.46667480,-89.11314000,-76.81632000
6.46728516,-88.61182000,-79.57637000
6.46789551,-88.88779000,-76.22133000
6.46850586,-87.20345000,-74.90605000
6.46911621,-86.50812000,-71.35604000
6.46972656,-93.62611000,-68.73509000
6.47033691,-96.52933000,-69.98257000
6.47094727,-98.76250000,-73.07108000
6.47155762,-97.83569000,-74.24754000
6.47216797,-106.25570000,-73.82048000
6.47277832,-100.01570000,-70.70226000
6.47338867,-90.80051000,-72.18578000
6.47399902,-91.53820000,-77.95461000
6.47460938,-87.12851000,-82.26805000
6.47521973,-92.32594000,-71.39816000
6.47583008,-86.54740000,-70.20850000
6.47644043,-85.71445000,-76.90445000
6.47705078,-88.48046000,-76.13621000
6.47766113,-89.13245000,-74.25548000
6.47827148,-100.28860000,-79.22150000
6.47888184,-92.10300000,-80.78808000
6.47949219,-90.75075000,-74.32700000
6.48010254,-93.46417000,-75.23315000
6.48071289,-111.16950000,-79.59224000
6.48132324,-91.52409000,-81.46277000
6.48193359,-97.82128000,-78.23648000
6.48254395,-86.78419000,-74.40271000
6.48315430,-83.22677000,-78.36493000
6.48376465,-85.17784000,-72.78226000
6.48437500,-84.34433000,-75.15944000
6.48498535,-83.63769000,-75.24400000
6.48559570,-87.22504000,-84.97321000
6.48620605,-89.41704000,-82.55560000
6.48681641,-87.37683000,-78.22663000
6.48742676,-84.27852000,-78.43899000
6.48803711,-84.49836000,-84.51302000
6.48864746,-87.69298000,-76.40474000
6.48925781,-88.43060000,-80.49385000
6.48986816,-88.38805000,-78.81489000
6.49047852,-94.89562000,-77.71163000
6.49108887,-98.14327000,-76.29454000
6.49169922,-105.40040000,-78.11720000
6.49230957,-97.49911000,-75.28841000
6.49291992,-91.69128000,-73.73158000
6.49353027,-85.48399000,-83.63910000
6.49414063,-85.17618000,-77.56357000
6.49475098,-91.08426000,-73.69244000
6.49536133,-93.55891000,-75.63424000
6.49597168,-102.02710000,-74.10606000
6.49658203,-102.86390000,-72.72041000
6.49719238,-89.18395000,-85.50880000
6.49780273,-84.93069000,-79.03548000
6.49841309,-88.78341000,-77.13661000
6.49902344,-88.63733000,-77.12213000
6.49963379,-86.45005000,-71.29563000
6.50024414,-85.43308000,-69.85181000
6.50085449,-90.13254000,-70.07420000
6.50146484,-90.91803000,-79.73907000
6.50207520,-88.19218000,-72.38410000
6.50268555,-93.74825000,-74.41220000
6.50329590,-95.47851000,-88.29700000
6.50390625,-91.86923000,-72.40096000
6.50451660,-90.45493000,-71.05196000
6.50512695,-93.11134000,-73.72325000
6.50573730,-97.80854000,-69.25366000
6.50634766,-92.77473000,-67.68750000
6.50695801,-93.30028000,-72.35040000
6.50756836,-96.55850000,-77.56702000
6.50817871,-88.31841000,-69.63944000
6.50878906,-85.60873000,-72.20761000
6.50939941,-91.49316000,-75.75846000
6.51000977,-100.33870000,-78.00469000
6.51062012,-106.35630000,-74.14222000
6.51123047,-101.80810000,-71.50268000
6.51184082,-102.04090000,-69.87923000
6.51245117,-95.67204000,-69.27065000
6.51306152,-98.67259000,-69.98494000
6.51367188,-78.98045000,-71.83448000
6.51428223,-69.11375000,-86.98272000
6.51489258,-68.51289000,-71.66290000
6.51550293,-77.46250000,-71.15724000
6.51611328,-94.87609000,-74.87534000
6.51672363,-90.01532000,-74.97601000
6.51733398,-91.99230000,-75.61633000
6.51794434,-92.88564000,-77.47148000
6.51855469,-95.65025000,-70.83981000
6.51916504,-98.49355000,-68.24561000
6.51977539,-90.55486000,-70.94123000
6.52038574,-89.70641000,-74.03111000
6.52099609,-91.15871000,-73.68449000
6.52160645,-88.49057000,-72.19306000
6.52221680,-82.62427000,-71.44170000
6.52282715,-82.41614000,-70.51633000
6.52343750,-91.24875000,-72.02934000
6.52404785,-91.35299000,-77.50572000
6.52465820,-87.92026000,-82.33382000
6.52526855,-97.82619000,-80.13942000
6.52587891,-87.58015000,-72.01596000
6.52648926,-84.30885000,-73.97991000
6.52709961,-84.29333000,-84.17592000
6.52770996,-93.03032000,-78.38069000
6.52832031,-90.59834000,-73.13182000
6.52893066,-88.02623000,-71.25440000
6.52954102,-86.87473000,-70.58650000
6.53015137,-87.36319000,-74.75159000
6.53076172,-92.06166000,-85.99025000
6.53137207,-97.19559000,-79.37474000
6.53198242,-86.68835000,-83.40497000
6.53259277,-86.79683000,-77.70667000
6.53320313,-91.11244000,-73.65318000
6.53381348,-96.62311000,-75.41618000
6.53442383,-87.26334000,-77.04567000
6.53503418,-83.44158000,-80.67008000
6.53564453,-85.19713000,-86.27480000
6.53625488,-101.44210000,-95.54642000
6.53686523,-90.02374000,-80.61401000
6.53747559,-88.45956000,-74.36395000
6.53808594,-90.81490000,-81.47304000
6.53869629,-92.56262000,-73.44746000
6.53930664,-97.11311000,-74.22210000
6.53991699,-93.73130000,-71.49133000
6.54052734,-92.84684000,-70.60159000
6.54113770,-104.73080000,-77.16218000
6.54174805,-95.37267000,-90.57529000
6.54235840,-97.20979000,-76.61761000
6.54296875,-95.33453000,-78.03780000
6.54357910,-89.63057000,-86.69124000
6.54418945,-86.18823000,-76.28538000
6.54479980,-87.90977000,-68.47686000
6.54541016,-90.97343000,-67.38570000
6.54602051,-94.30129000,-74.37135000
6.54663086,-94.82361000,-72.94642000
6.54724121,-91.05865000,-72.46936000
6.54785156,-96.43776000,-81.02089000
6.54846191,-96.99249000,-93.54826000
6.54907227,-89.13243000,-77.40188000
6.54968262,-89.33328000,-74.26942000
6.55029297,-92.04098000,-104.08400000
6.55090332,-104.44590000,-77.81889000
6.55151367,-97.39069000,-81.62668000
6.55212402,-95.26600000,-85.84697000
6.55273438,-94.44975000,-74.87825000
6.55334473,-96.67558000,-68.62234000
6.55395508,-87.73483000,-69.13580000
6.55456543,-84.63822000,-78.32454000
6.55517578,-86.23147000,-82.42435000
6.55578613,-88.74986000,-74.61389000
6.55639648,-89.21954000,-75.03235000
6.55700684,-88.58936000,-81.19566000
6.55761719,-86.45438000,-71.32176000
6.55822754,-84.14902000,-72.16100000
6.55883789,-85.85454000,-71.59059000
6.55944824,-93.81638000,-71.65953000
6.56005859,-96.80913000,-77.53460000
6.56066895,-87.09240000,-83.04143000
6.56127930,-88.78036000,-75.17173000
6.56188965,-95.33950000,-71.43968000
6.56250000,-88.12262000,-70.54744000
6.56311035,-94.27705000,-70.18658000
6.56372070,-99.44263000,-70.62589000
6.56433105,-92.96540000,-71.13335000
6.56494141,-97.41177000,-69.19298000
6.56555176,-92.75246000,-68.22222000
6.56616211,-100.09630000,-70.62020000
6.56677246,-98.80668000,-74.52335000
6.56738281,-99.52409000,-75.47971000
6.56799316,-100.18230000,-71.06750000
6.56860352,-90.57682000,-72.69883000
6.56921387,-90.69958000,-77.41624000
6.56982422,-97.14059000,-80.47654000
6.57043457,-89.61262000,-85.19890000
6.57104492,-88.36653000,-78.78667000
6.57165527,-91.29890000,-71.87667000
6.57226563,-95.51755000,-68.66084000
6.57287598,-96.24541000,-70.58303000
6.57348633,-93.01936000,-73.45478000
6.57409668,-86.01228000,-73.77654000
6.57470703,-80.07680000,-76.71546000
6.57531738,-84.52101000,-78.86471000
6.57592773,-94.93443000,-75.71368000
6.57653809,-93.61011000,-71.57698000
6.57714844,-91.91740000,-69.63228000
6.57775879,-98.16557000,-71.75946000
6.57836914,-94.52030000,-80.83759000
6.57897949,-93.57048000,-74.05878000
6.57958984,-95.14262000,-70.34011000
6.58020020,-88.39149000,-70.38614000
6.58081055,-88.44926000,-72.74348000
6.58142090,-93.11658000,-74.50655000
6.58203125,-93.77419000,-74.12212000
6.58264160,-89.41319000,-72.47832000
6.58325195,-87.76704000,-72.96699000
6.58386230,-86.48007000,-83.62514000
6.58447266,-85.63049000,-74.27863000
6.58508301,-85.93542000,-80.95494000
6.58569336,-87.95546000,-95.39247000
6.58630371,-93.13403000,-80.02098000
6.58691406,-95.41840000,-75.69868000
6.58752441,-106.53060000,-73.80855000
6.58813477,-93.52555000,-76.37603000
6.58874512,-89.81004000,-82.28268000
6.58935547,-91.44424000,-83.05149000
6.58996582,-87.70641000,-74.81143000
6.59057617,-86.57449000,-73.64979000
6.59118652,-91.99141000,-74.90117000
6.59179688,-97.17999000,-75.27045000
6.59240723,-91.28564000,-72.40166000
6.59301758,-87.46373000,-71.75229000
6.59362793,-86.18993000,-74.44948000
6.59423828,-89.65466000,-74.10706000
6.59484863,-97.20270000,-72.21917000
6.59545898,-103.89190000,-76.91606000
6.59606934,-98.37709000,-80.92511000
6.59667969,-89.51130000,-73.70734000
6.59729004,-84.20067000,-69.49074000
6.59790039,-81.86958000,-68.83519000
6.59851074,-85.80247000,-71.18581000
6.59912109,-90.42289000,-78.33124000
6.59973145,-84.69895000,-73.50129000
6.60034180,-84.98251000,-72.66043000
6.60095215,-101.69520000,-87.68008000
6.60156250,-87.40333000,-81.25818000
6.60217285,-85.60077000,-79.34554000
6.60278320,-90.60661000,-78.89578000
6.60339355,-94.16293000,-72.97720000
6.60400391,-95.63541000,-70.36960000
6.60461426,-95.52856000,-79.85292000
6.60522461,-88.90675000,-81.55618000
6.60583496,-85.26112000,-72.96014000
6.60644531,-84.59164000,-70.28516000
6.60705566,-87.47858000,-70.76798000
6.60766602,-98.05747000,-73.69715000
6.60827637,-99.90788000,-77.85348000
6.60888672,-89.61302000,-74.40219000
6.60949707,-83.23293000,-75.40508000
6.61010742,-82.37735000,-75.85516000
6.61071777,-84.71278000,-77.51679000
6.61132813,-85.56668000,-73.41001000
6.61193848,-84.63060000,-76.16232000
6.61254883,-88.15459000,-76.90572000
6.61315918,-93.20612000,-83.72958000
6.61376953,-84.40933000,-76.69381000
6.61437988,-79.56436000,-76.37075000
6.61499023,-81.42682000,-74.63979000
6.61560059,-96.36552000,-75.38573000
6.61621094,-91.89079000,-72.34885000
6.61682129,-85.16395000,-68.38027000
6.61743164,-86.83282000,-70.37225000
6.61804199,-92.57753000,-71.50636000
6.61865234,-86.60120000,-72.37315000
6.61926270,-85.82672000,-69.67014000
6.61987305,-90.37286000,-68.19328000
6.62048340,-101.76520000,-71.18001000
6.62109375,-95.43054000,-85.12531000
6.62170410,-91.32153000,-78.31367000
6.62231445,-91.64839000,-71.72796000
6.62292480,-91.15277000,-69.07104000
6.62353516,-97.28799000,-69.25521000
6.62414551,-88.14606000,-69.52695000
6.62475586,-82.20627000,-67.64268000
6.62536621,-86.57225000,-70.22730000
6.62597656,-88.79806000,-73.89816000
6.62658691,-81.07319000,-69.53736000
6.62719727,-78.47980000,-68.62516000
6.62780762,-82.06544000,-70.91997000
6.62841797,-95.40317000,-75.07179000
6.62902832,-97.58000000,-75.79408000
6.62963867,-90.67112000,-74.88605000
6.63024902,-89.42805000,-75.01528000
6.63085938,-93.87552000,-76.59248000
6.63146973,-100.44170000,-79.68360000
6.63208008,-91.25520000,-80.79774000
6.63269043,-92.58968000,-77.90504000
6.63330078,-98.23475000,-83.37650000
6.63391113,-94.53246000,-71.62207000
6.63452148,-91.39298000,-70.53002000
6.63513184,-110.98140000,-80.25377000
6.63574219,-95.03072000,-77.85394000
6.63635254,-94.24533000,-75.46134000
6.63696289,-93.53783000,-76.22393000
6.63757324,-87.02293000,-76.52319000
6.63818359,-87.16000000,-71.45699000
6.63879395,-89.88865000,-69.11154000
6.63940430,-89.36690000,-69.25351000
6.64001465,-87.81501000,-73.16920000
6.64062500,-90.42297000,-80.28510000
6.64123535,-91.70846000,-74.22917000
6.64184570,-87.11007000,-72.17800000
6.64245605,-86.72016000,-72.36407000
6.64306641,-87.41089000,-75.41646000
6.64367676,-85.53558000,-77.63876000
6.64428711,-84.82997000,-75.27346000
6.64489746,-85.73431000,-73.30818000
6.64550781,-86.85858000,-71.16690000
6.64611816,-90.43266000,-68.78630000
6.64672852,-94.04195000,-70.41048000
6.64733887,-93.45809000,-69.57805000
6.64794922,-109.04160000,-73.66081000
6.64855957,-100.08670000,-77.06413000
6.64916992,-115.40580000,-81.38919000
6.64978027,-98.92444000,-73.84049000
6.65039063,-93.49142000,-73.43382000
6.65100098,-96.89178000,-80.72450000
6.65161133,-94.46918000,-77.84577000
6.65222168,-93.54568000,-68.05930000
6.65283203,-95.53304000,-67.79768000
6.65344238,-93.69740000,-76.88947000
6.65405273,-94.66132000,-80.08324000
6.65466309,-92.88272000,-72.56789000
6.65527344,-91.81763000,-70.96368000
6.65588379,-95.64133000,-70.59585000
6.65649414,-96.48317000,-70.18713000
6.65710449,-90.51636000,-71.24566000
6.65771484,-87.48744000,-68.58072000
6.65832520,-90.82248000,-68.38106000
6.65893555,-94.22241000,-73.51951000
6.65954590,-90.18653000,-87.41293000
6.66015625,-88.55022000,-77.39821000
6.66076660,-90.54448000,-69.90656000
6.66137695,-93.91613000,-68.14358000
6.66198730,-104.10020000,-72.45685000
6.66259766,-94.73640000,-79.08156000
6.66320801,-88.78264000,-81.15792000
6.66381836,-88.45430000,-81.39358000
6.66442871,-87.47036000,-79.61862000
6.66503906,-87.65265000,-74.33392000
6.66564941,-93.56523000,-76.13217000
6.66625977,-103.63150000,-86.46695000
6.66687012,-106.82310000,-79.33971000
6.66748047,-122.47750000,-69.77353000
6.66809082,-100.05250000,-68.85784000
6.66870117,-91.45047000,-76.92926000
6.66931152,-89.83764000,-81.69277000
6.66992188,-92.91322000,-73.41955000
6.67053223,-95.27650000,-71.59432000
6.67114258,-100.28530000,-76.85342000
6.67175293,-94.97860000,-79.19501000
6.67236328,-92.35013000,-78.50589000
6.67297363,-95.35860000,-71.46936000
6.67358398,-92.34233000,-69.58835000
6.67419434,-86.08551000,-70.41984000
6.67480469,-87.51453000,-72.77592000
6.67541504,-100.25690000,-74.83922000
6.67602539,-87.64687000,-87.59826000
6.67663574,-91.92262000,-76.43732000
6.67724609,-97.57127000,-70.84100000
6.67785645,-97.14280000,-74.47381000
6.67846680,-92.60667000,-87.75934000
6.67907715,-90.41551000,-79.45208000
6.67968750,-91.32539000,-74.63681000
6.68029785,-90.99418000,-70.86299000
6.68090820,-93.39182000,-69.22589000
6.68151855,-95.96263000,-72.66096000
6.68212891,-95.09190000,-69.75738000
6.68273926,-87.64518000,-71.60262000
6.68334961,-85.40935000,-78.89547000
6.68395996,-90.43147000,-68.74365000
6.68457031,-97.51550000,-68.48077000
6.68518066,-96.71185000,-71.48877000
6.68579102,-91.99072000,-72.55814000
6.68640137,-87.21671000,-70.96693000
6.68701172,-85.01274000,-71.85182000
6.68762207,-86.77960000,-74.91036000
6.68823242,-89.17168000,-76.60492000
6.68884277,-100.99810000,-81.42513000
6.68945313,-91.78851000,-80.93405000
6.69006348,-88.48059000,-74.06141000
6.69067383,-90.09924000,-72.77345000
6.69128418,-92.26658000,-73.30001000
6.69189453,-92.67409000,-77.19179000
6.69250488,-87.40402000,-76.92302000
6.69311523,-85.32891000,-77.18499000
6.69372559,-82.77947000,-71.00472000
6.69433594,-83.91685000,-71.74537000
6.69494629,-86.15701000,-78.89462000
6.69555664,-86.74318000,-75.12120000
6.69616699,-90.99683000,-70.40981000
6.69677734,-96.06934000,-71.49623000
6.69738770,-84.69291000,-79.70737000
6.69799805,-79.67722000,-81.04155000
6.69860840,-81.99832000,-84.36618000
6.69921875,-87.40714000,-82.82179000
6.69982910,-90.28621000,-83.40295000
6.70043945,-93.20141000,-78.37882000
6.70104980,-86.93147000,-79.58784000
6.70166016,-79.98481000,-75.17740000
6.70227051,-80.20710000,-73.13290000
6.70288086,-91.93275000,-76.07191000
6.70349121,-90.81181000,-78.21054000
6.70410156,-90.57382000,-75.87631000
6.70471191,-96.26641000,-75.19402000
6.70532227,-97.12894000,-79.73706000
6.70593262,-91.04526000,-77.69495000
6.70654297,-87.70006000,-74.66738000
6.70715332,-85.16527000,-87.27541000
6.70776367,-85.96142000,-76.07911000
6.70837402,-92.78131000,-71.28009000
6.70898438,-92.76504000,-70.31742000
6.70959473,-90.28922000,-70.45264000
6.71020508,-87.64900000,-74.30528000
6.71081543,-87.28374000,-73.35212000
6.71142578,-88.36877000,-72.37055000
6.71203613,-86.87532000,-79.39670000
6.71264648,-89.52987000,-74.58810000
6.71325684,-89.39633000,-67.75175000
6.71386719,-89.22779000,-65.98040000
6.71447754,-94.84900000,-66.14139000
6.71508789,-87.10468000,-69.92639000
6.71569824,-94.21731000,-69.43132000
6.71630859,-92.72800000,-67.98154000
6.71691895,-94.64944000,-71.73831000
6.71752930,-97.05296000,-75.43713000
6.71813965,-95.35466000,-79.11684000
6.71875000,-89.92462000,-77.88436000
6.71936035,-89.83502000,-85.09319000
6.71997070,-87.73472000,-75.82365000
6.72058105,-86.92081000,-73.07175000
6.72119141,-92.73194000,-72.48183000
6.72180176,-92.42596000,-69.70519000
6.72241211,-88.48593000,-71.60484000
6.72302246,-90.15664000,-76.42056000
6.72363281,-91.47916000,-87.08720000
6.72424316,-92.39992000,-87.05669000
6.72485352,-94.14700000,-83.46600000
6.72546387,-86.60912000,-82.99451000
6.72607422,-86.71786000,-76.01221000
6.72668457,-95.06386000,-68.80256000
6.72729492,-100.98920000,-67.21078000
6.72790527,-100.33800000,-69.04504000
6.72851563,-94.47232000,-75.15763000
6.72912598,-88.23135000,-74.16186000
6.72973633,-87.18076000,-69.50677000
6.73034668,-95.45020000,-69.50961000
6.73095703,-93.19008000,-68.79607000
6.73156738,-89.65991000,-73.11507000
6.73217773,-91.48853000,-87.83279000
6.73278809,-95.15331000,-98.70507000
6.73339844,-103.42470000,-75.82713000
6.73400879,-92.28886000,-73.82859000
6.73461914,-89.12726000,-83.43880000
6.73522949,-90.05551000,-76.31684000
6.73583984,-92.97998000,-73.41647000
6.73645020,-93.53576000,-76.56554000
6.73706055,-97.90124000,-80.20110000
6.73767090,-91.05258000,-82.09774000
6.73828125,-93.64362000,-83.69544000
6.73889160,-99.35947000,-77.24238000
6.73950195,-92.91200000,-71.16587000
6.74011230,-89.68282000,-69.22852000
6.74072266,-87.19852000,-68.93014000
6.74133301,-86.46126000,-69.85175000
6.74194336,-88.45139000,-69.51128000
6.74255371,-88.14762000,-71.10343000
6.74316406,-89.70268000,-72.12452000
6.74377441,-91.52549000,-74.82715000
6.74438477,-93.47977000,-76.06516000
6.74499512,-90.87694000,-78.44867000
6.74560547,-87.14675000,-86.15631000
6.74621582,-84.02170000,-87.89705000
6.74682617,-87.10963000,-75.07481000
6.74743652,-90.96396000,-72.30005000
6.74804688,-90.99471000,-75.02316000
6.74865723,-110.38030000,-83.07678000
6.74926758,-90.52472000,-86.09084000
6.74987793,-87.68019000,-76.16811000
6.75048828,-87.38194000,-73.01498000
6.75109863,-87.84146000,-79.21902000
6.75170898,-89.60725000,-90.43361000
6.75231934,-94.64584000,-84.65697000
6.75292969,-98.40041000,-82.17007000
6.75354004,-85.88113000,-81.92087000
6.75415039,-81.58142000,-75.32239000
6.75476074,-81.77665000,-75.05807000
6.75537109,-86.47694000,-88.50842000
6.75598145,-91.18286000,-80.68280000
6.75659180,-93.53700000,-82.86598000
6.75720215,-96.06754000,-93.95184000
6.75781250,-89.19682000,-83.71761000
6.75842285,-81.69266000,-71.71989000
6.75903320,-83.82248000,-67.61389000
6.75964355,-89.04813000,-68.63837000
6.76025391,-90.02682000,-71.74046000
6.76086426,-89.39101000,-74.78726000
6.76147461,-92.32192000,-79.00231000
6.76208496,-88.71098000,-73.75204000
6.76269531,-87.48287000,-70.79910000
6.76330566,-97.71671000,-77.29112000
6.76391602,-94.23489000,-74.46017000
6.76452637,-100.07150000,-75.25452000
6.76513672,-103.96520000,-75.08600000
6.76574707,-93.17893000,-72.13019000
6.76635742,-91.15981000,-72.44460000
6.76696777,-87.81337000,-73.52650000
6.76757813,-91.98506000,-73.93247000
6.76818848,-91.58395000,-73.04118000
6.76879883,-93.55793000,-76.45357000
6.76940918,-119.38480000,-73.53497000
6.77001953,-97.10294000,-70.83352000
6.77062988,-93.59230000,-84.34695000
6.77124023,-87.70018000,-81.32877000
6.77185059,-89.05205000,-97.91364000
6.77246094,-94.85088000,-75.11959000
6.77307129,-94.48663000,-71.47578000
6.77368164,-94.95190000,-74.25629000
6.77429199,-95.14670000,-77.28835000
6.77490234,-88.80496000,-71.90547000
6.77551270,-80.66776000,-76.74892000
6.77612305,-79.31534000,-80.57074000
6.77673340,-86.61027000,-76.68417000
6.77734375,-90.64388000,-76.03151000
6.77795410,-89.65390000,-79.78418000
6.77856445,-91.17509000,-81.82477000
6.77917480,-97.40253000,-75.89632000
6.77978516,-98.80855000,-73.31793000
6.78039551,-100.21250000,-66.75046000
6.78100586,-104.53910000,-66.50081000
6.78161621,-97.90311000,-70.72388000
6.78222656,-94.93013000,-74.10661000
6.78283691,-92.48447000,-78.07718000
6.78344727,-89.65240000,-90.75280000
6.78405762,-86.76088000,-78.91857000
6.78466797,-92.59196000,-88.06955000
6.78527832,-98.26047000,-79.10111000
6.78588867,-104.28660000,-78.81879000
6.78649902,-100.10820000,-72.41284000
6.78710938,-99.25597000,-68.10502000
6.78771973,-89.73157000,-69.90186000
6.78833008,-88.06314000,-81.15452000
6.78894043,-93.38654000,-89.39887000
6.78955078,-95.70847000,-72.57374000
6.79016113,-94.91726000,-68.82844000
6.79077148,-90.92516000,-68.23145000
6.79138184,-90.86502000,-68.33983000
6.79199219,-93.70136000,-69.44364000
6.79260254,-99.82410000,-74.12590000
6.79321289,-105.90010000,-77.06304000
6.79382324,-89.80194000,-73.35382000
6.79443359,-87.40883000,-74.11349000
6.79504395,-89.71778000,-71.31911000
6.79565430,-95.79140000,-70.77276000
6.79626465,-95.74455000,-69.69234000
6.79687500,-90.89996000,-68.36942000
6.79748535,-92.91823000,-71.24660000
6.79809570,-89.94897000,-79.38127000
6.79870605,-93.79250000,-79.38345000
6.79931641,-87.60039000,-71.62446000
6.79992676,-86.67403000,-73.25128000
6.80053711,-89.67442000,-74.62706000
6.80114746,-89.04201000,-77.51469000
6.80175781,-84.22830000,-93.54694000
6.80236816,-85.79228000,-81.42784000
6.80297852,-92.09970000,-81.38246000
6.80358887,-95.61618000,-79.16717000
6.80419922,-94.61814000,-73.91259000
6.80480957,-89.58336000,-74.27333000
6.80541992,-93.75996000,-87.71980000
6.80603027,-102.31890000,-74.97629000
6.80664063,-92.75569000,-70.19419000
6.80725098,-95.02331000,-72.96329000
6.80786133,-90.75089000,-73.00784000
6.80847168,-93.54660000,-74.82943000
6.80908203,-95.79906000,-88.39163000
6.80969238,-96.62778000,-79.20430000
6.81030273,-100.48810000,-73.07272000
6.81091309,-91.85654000,-74.94988000
6.81152344,-91.78557000,-74.05431000
6.81213379,-89.11653000,-74.33829000
6.81274414,-86.67548000,-81.19999000
6.81335449,-85.73390000,-76.93967000
6.81396484,-77.05002000,-71.89438000
6.81457520,-69.99821000,-68.56378000
6.81518555,-71.92059000,-67.30847000
6.81579590,-83.75617000,-70.92848000
6.81640625,-86.29245000,-73.54747000
6.81701660,-86.72920000,-72.18611000
6.81762695,-91.42945000,-71.48211000
6.81823730,-99.79842000,-72.64597000
6.81884766,-102.06020000,-76.35651000
6.81945801,-96.67161000,-80.01275000
6.82006836,-106.39730000,-84.08647000
6.82067871,-98.72559000,-73.82567000
6.82128906,-96.77225000,-72.22770000
6.82189941,-99.95540000,-72.45261000
6.82250977,-88.19527000,-73.59939000
6.82312012,-86.44006000,-78.21555000
6.82373047,-91.02635000,-76.86629000
6.82434082,-87.49291000,-85.51319000
6.82495117,-87.17075000,-70.61363000
6.82556152,-98.53481000,-71.42473000
6.82617188,-106.56540000,-78.76897000
6.82678223,-89.00291000,-72.86637000
6.82739258,-82.70908000,-68.27027000
6.82800293,-88.75587000,-72.78214000
6.82861328,-96.79506000,-81.93036000
6.82922363,-90.57355000,-77.61595000
6.82983398,-92.40775000,-77.18896000
6.83044434,-89.17572000,-71.67008000
6.83105469,-90.70370000,-76.38960000
6.83166504,-92.39894000,-76.46043000
6.83227539,-96.88317000,-72.35353000
6.83288574,-96.60686000,-73.77025000
6.83349609,-97.80465000,-80.23613000
6.83410645,-94.58709000,-72.27824000
6.83471680,-92.78847000,-67.98011000
6.83532715,-87.31177000,-70.46508000
6.83593750,-86.03207000,-74.29139000
6.83654785,-88.48112000,-74.22605000
6.83715820,-98.78999000,-73.75354000
6.83776855,-95.25682000,-77.34924000
6.83837891,-85.38985000,-77.37073000
6.83898926,-85.43546000,-77.41010000
6.83959961,-94.94777000,-73.62169000
6.84020996,-90.56339000,-76.73731000
6.84082031,-94.36329000,-90.04528000
6.84143066,-100.76380000,-74.04728000
6.84204102,-97.95655000,-74.67425000
6.84265137,-99.94527000,-77.98190000
6.84326172,-105.71350000,-83.34755000
6.84387207,-98.11532000,-71.96235000
6.84448242,-92.10086000,-71.58047000
6.84509277,-87.87550000,-70.14655000
6.84570313,-89.20293000,-71.34488000
6.84631348,-90.02515000,-75.22009000
6.84692383,-88.70690000,-74.99870000
6.84753418,-93.85090000,-70.50854000
6.84814453,-92.00597000,-71.04524000
6.84875488,-88.66652000,-74.93977000
6.84936523,-90.39981000,-83.78368000
6.84997559,-96.70277000,-89.00631000
6.85058594,-99.94249000,-88.53036000
6.85119629,-95.34088000,-80.73517000
6.85180664,-92.32925000,-77.23724000
6.85241699,-86.52754000,-72.78043000
6.85302734,-90.09959000,-74.75035000
6.85363770,-91.22504000,-75.07870000
6.85424805,-88.67654000,-92.66306000
6.85485840,-91.05355000,-74.79375000
6.85546875,-98.99432000,-71.93446000
6.85607910,-97.23032000,-70.29703000
6.85668945,-88.06578000,-70.32372000
6.85729980,-85.78268000,-75.59517000
6.85791016,-89.04906000,-72.23204000
6.85852051,-89.00036000,-67.07431000
6.85913086,-85.01367000,-68.95778000
6.85974121,-84.36084000,-78.45027000
6.86035156,-84.45019000,-79.39859000
6.86096191,-87.11626000,-78.07835000
6.86157227,-92.31086000,-83.72066000
6.86218262,-100.55750000,-79.32562000
6.86279297,-102.95830000,-75.96254000
6.86340332,-88.91779000,-74.68887000
6.86401367,-84.38419000,-76.03079000
6.86462402,-84.71750000,-73.23515000
6.86523438,-88.18053000,-74.78098000
6.86584473,-90.69775000,-72.58506000
6.86645508,-92.68719000,-74.57762000
6.86706543,-89.53680000,-72.05701000
6.86767578,-87.81869000,-64.03694000
6.86828613,-92.41199000,-65.50481000
6.86889648,-94.91321000,-77.88383000
6.86950684,-102.36820000,-79.32969000
6.87011719,-88.80634000,-90.32642000
6.87072754,-89.37067000,-87.18504000
6.87133789,-94.59878000,-84.14381000
6.87194824,-110.23640000,-77.35070000
6.87255859,-92.68134000,-70.38150000
6.87316895,-93.57731000,-68.90971000
6.87377930,-101.82640000,-67.46167000
6.87438965,-87.37299000,-65.49601000
6.87500000,-85.68180000,-66.01758000
6.87561035,-91.63052000,-66.47983000
6.87622070,-85.91515000,-68.93260000
6.87683105,-86.13947000,-76.37731000
6.87744141,-90.13770000,-81.46378000
6.87805176,-90.20614000,-81.93280000
6.87866211,-92.07010000,-75.14222000
6.87927246,-94.48004000,-69.97686000
6.87988281,-102.09280000,-70.46765000
6.88049316,-95.97976000,-75.49258000
6.88110352,-96.27518000,-77.74410000
6.88171387,-104.46010000,-75.15316000
6.88232422,-104.39680000,-77.91490000
6.88293457,-100.26150000,-75.22228000
6.88354492,-101.23620000,-75.86250000
6.88415527,-105.44400000,-76.34991000
6.88476563,-88.51248000,-68.28944000
6.88537598,-84.16991000,-65.62743000
6.88598633,-87.54749000,-66.54317000
6.88659668,-90.47829000,-74.74113000
6.88720703,-88.59711000,-73.35603000
6.88781738,-95.65841000,-69.36041000
6.88842773,-87.34299000,-73.41907000
6.88903809,-85.37808000,-75.43670000
6.88964844,-89.70574000,-70.40399000
6.89025879,-99.28380000,-74.95600000
6.89086914,-95.62959000,-89.06305000
6.89147949,-88.46432000,-77.74379000
6.89208984,-89.05762000,-82.85464000
6.89270020,-89.83429000,-83.75802000
6.89331055,-87.49641000,-78.25912000
6.89392090,-91.76958000,-81.46852000
6.89453125,-112.23790000,-84.35266000
6.89514160,-100.91920000,-78.27918000
6.89575195,-94.28002000,-71.55213000
6.89636230,-91.44700000,-68.23989000
6.89697266,-89.17507000,-68.27144000
6.89758301,-87.31148000,-71.25955000
6.89819336,-91.82494000,-75.46088000
6.89880371,-89.86985000,-74.99548000
6.89941406,-98.68120000,-76.98402000
6.90002441,-88.32715000,-76.33743000
6.90063477,-95.02734000,-77.70766000
6.90124512,-90.99684000,-75.88484000
6.90185547,-85.94028000,-78.66922000
6.90246582,-96.18288000,-74.17186000
6.90307617,-90.71588000,-86.45708000
6.90368652,-89.39520000,-75.15942000
6.90429688,-91.06612000,-71.54088000
6.90490723,-92.88006000,-69.20495000
6.90551758,-99.25067000,-78.10292000
6.90612793,-90.93069000,-72.96600000
6.90673828,-86.31381000,-69.39251000
6.90734863,-91.40799000,-75.19923000
6.90795898,-88.45245000,-72.11823000
6.90856934,-89.07925000,-70.94681000
6.90917969,-93.14552000,-68.38657000
6.90979004,-95.27530000,-69.84470000
6.91040039,-97.47353000,-84.36084000
6.91101074,-88.19014000,-85.39395000
6.91162109,-86.13246000,-92.76851000
6.91223145,-86.18944000,-87.92648000
6.91284180,-90.16557000,-85.69493000
6.91345215,-96.76487000,-73.48981000
6.91406250,-96.91490000,-70.67272000
6.91467285,-93.45956000,-77.14863000
6.91528320,-106.20020000,-79.42199000
6.91589355,-100.08790000,-83.72797000
6.91650391,-89.22130000,-72.13960000
6.91711426,-86.12697000,-67.43598000
6.91772461,-93.24475000,-69.35387000
6.91833496,-101.51090000,-77.89756000
6.91894531,-101.59000000,-83.91929000
6.91955566,-97.42593000,-78.20380000
6.92016602,-96.16799000,-87.91108000
6.92077637,-96.61024000,-82.78130000
6.92138672,-88.09799000,-75.93235000
6.92199707,-83.66716000,-69.85700000
6.92260742,-86.31863000,-68.57812000
6.92321777,-98.08429000,-74.00124000
6.92382813,-92.55183000,-74.04057000
6.92443848,-85.94852000,-69.41724000
6.92504883,-81.83293000,-72.54152000
6.92565918,-81.01672000,-70.37149000
6.92626953,-84.57927000,-66.60088000
6.92687988,-86.75820000,-66.39827000
6.92749023,-80.30448000,-70.11913000
6.92810059,-85.01479000,-84.27163000
6.92871094,-92.37592000,-75.10138000
6.92932129,-95.88703000,-73.48725000
6.92993164,-93.46480000,-73.65723000
6.93054199,-84.70198000,-69.93480000
6.93115234,-85.36717000,-67.77312000
6.93176270,-99.10244000,-68.32520000
6.93237305,-94.78418000,-71.21171000
6.93298340,-91.41212000,-77.04167000
6.93359375,-94.45691000,-80.61508000
6.93420410,-93.96236000,-76.54793000
6.93481445,-88.79094000,-80.54450000
6.93542480,-89.80630000,-83.64679000
6.93603516,-86.91544000,-78.94151000
6.93664551,-86.20981000,-74.35873000
6.93725586,-86.10254000,-72.28371000
6.93786621,-83.16326000,-72.21341000
6.93847656,-84.58206000,-73.51032000
6.93908691,-88.05003000,-84.17728000
6.93969727,-88.21294000,-76.00092000
6.94030762,-85.19700000,-69.99537000
6.94091797,-85.31102000,-68.74286000
6.94152832,-90.40031000,-69.19784000
6.94213867,-92.58437000,-71.59349000
6.94274902,-90.19192000,-78.66098000
6.94335938,-88.46062000,-71.86555000
6.94396973,-88.91429000,-70.43825000
6.94458008,-95.48033000,-69.60607000
6.94519043,-96.71815000,-68.23418000
6.94580078,-87.57703000,-70.39267000
6.94641113,-83.69893000,-75.65081000
6.94702148,-84.95208000,-78.58056000
6.94763184,-92.16050000,-78.78748000
6.94824219,-95.16109000,-81.65002000
6.94885254,-91.10110000,-78.57424000
6.94946289,-93.04765000,-71.14445000
6.95007324,-96.31303000,-71.89127000
6.95068359,-88.11226000,-86.20193000
6.95129395,-90.15047000,-72.06821000
6.95190430,-96.41270000,-68.68193000
6.95251465,-88.94791000,-76.62601000
6.95312500,-87.44177000,-77.43232000
6.95373535,-85.57895000,-86.70956000
6.95434570,-86.55361000,-79.45511000
6.95495605,-93.10541000,-76.71029000
6.95556641,-96.93356000,-76.52827000
6.95617676,-88.16440000,-79.88395000
6.95678711,-85.92711000,-84.53108000
6.95739746,-88.44807000,-76.50285000
6.95800781,-100.16110000,-75.23853000
6.95861816,-95.51997000,-75.08203000
6.95922852,-90.47765000,-69.64480000
6.95983887,-91.65909000,-66.15039000
6.96044922,-101.29720000,-66.68317000
6.96105957,-95.87479000,-76.48748000
6.96166992,-102.37480000,-72.82537000
6.96228027,-92.78947000,-73.25363000
6.96289063,-90.50462000,-74.42214000
6.96350098,-91.52754000,-76.46642000
6.96411133,-95.50981000,-81.21673000
6.96472168,-98.48767000,-80.88008000
6.96533203,-99.25591000,-77.19764000
6.96594238,-87.16179000,-80.12547000
6.96655273,-85.13625000,-80.24262000
6.96716309,-90.09549000,-86.45012000
6.96777344,-95.00232000,-81.52132000
6.96838379,-92.04631000,-71.71970000
6.96899414,-103.32410000,-69.09113000
6.96960449,-93.20226000,-71.72239000
6.97021484,-91.32178000,-74.37341000
6.97082520,-102.61060000,-74.34377000
6.97143555,-98.77917000,-68.24520000
6.97204590,-96.81053000,-70.64390000
6.97265625,-90.13645000,-86.38242000
6.97326660,-85.47813000,-76.18642000
6.97387695,-85.05851000,-77.59470000
6.97448730,-85.65730000,-72.19377000
6.97509766,-87.18179000,-71.44075000
6.97570801,-93.40761000,-76.88983000
6.97631836,-92.91656000,-79.90123000
6.97692871,-84.61687000,-81.35495000
6.97753906,-85.31528000,-72.27356000
6.97814941,-94.24809000,-69.64331000
6.97875977,-93.41806000,-76.19305000
6.97937012,-93.54348000,-79.06885000
6.97998047,-101.75140000,-75.99062000
6.98059082,-116.35920000,-72.43642000
6.98120117,-95.41638000,-70.11842000
6.98181152,-94.15187000,-70.70572000
6.98242188,-92.93899000,-74.03880000
6.98303223,-97.54360000,-76.65066000
6.98364258,-91.31942000,-76.97635000
6.98425293,-86.96857000,-88.40369000
6.98486328,-83.42517000,-76.53348000
6.98547363,-81.55533000,-75.24413000
6.98608398,-85.50923000,-74.32007000
6.98669434,-95.96976000,-77.49919000
6.98730469,-91.38294000,-91.47025000
6.98791504,-85.83562000,-76.33389000
6.98852539,-84.29733000,-79.31458000
6.98913574,-86.58826000,-77.47050000
6.98974609,-91.53636000,-74.19662000
6.99035645,-96.00842000,-75.37891000
6.99096680,-102.48030000,-73.50981000
6.99157715,-102.31580000,-75.12875000
6.99218750,-95.94003000,-80.03494000
6.99279785,-89.71710000,-75.00831000
6.99340820,-91.77826000,-80.60403000
6.99401855,-96.07192000,-78.34322000
6.99462891,-91.61450000,-85.88924000
6.99523926,-90.78822000,-77.91946000
6.99584961,-98.58862000,-75.69428000
6.99645996,-89.85947000,-79.25517000
6.99707031,-92.31487000,-75.31011000
6.99768066,-75.82979000,-71.95667000
6.99829102,-74.46512000,-78.44495000
6.99890137,-83.31093000,-82.82634000
6.99951172,-95.77075000,-75.39408000
7.00012207,-86.72322000,-69.75549000
7.00073242,-82.98802000,-76.61595000
7.00134277,-86.58553000,-72.07550000
7.00195313,-82.54317000,-68.91511000
7.00256348,-86.16647000,-71.22795000
7.00317383,-93.08819000,-74.12646000
7.00378418,-87.62360000,-68.56813000
7.00439453,-88.45710000,-67.88805000
7.00500488,-92.12981000,-75.23326000
7.00561523,-93.69676000,-75.05164000
7.00622559,-86.33881000,-73.13000000
7.00683594,-86.60880000,-71.14938000
7.00744629,-101.09380000,-69.60143000
7.00805664,-92.42634000,-70.50610000
7.00866699,-90.42458000,-71.05470000
7.00927734,-97.95229000,-77.72189000
7.00988770,-95.47089000,-73.84634000
7.01049805,-93.54292000,-74.00870000
7.01110840,-96.31206000,-71.21459000
7.01171875,-95.00045000,-66.15646000
7.01232910,-95.19723000,-66.28183000
7.01293945,-90.27325000,-68.39891000
7.01354980,-91.99523000,-69.34669000
7.01416016,-87.19077000,-71.61122000
7.01477051,-83.26333000,-77.52091000
7.01538086,-85.76362000,-83.64930000
7.01599121,-90.92038000,-73.77129000
7.01660156,-91.31415000,-70.35068000
7.01721191,-90.79111000,-71.59621000
7.01782227,-88.80716000,-71.05690000
7.01843262,-85.90695000,-70.35996000
7.01904297,-87.76291000,-72.75331000
7.01965332,-101.86460000,-78.11912000
7.02026367,-89.21380000,-77.83093000
7.02087402,-92.79219000,-76.98464000
7.02148438,-94.77837000,-86.34856000
7.02209473,-88.27164000,-82.03243000
7.02270508,-93.32420000,-82.42285000
7.02331543,-106.38620000,-71.90403000
7.02392578,-87.61089000,-71.06187000
7.02453613,-81.61757000,-67.37484000
7.02514648,-81.95308000,-69.68939000
7.02575684,-84.73622000,-80.82269000
7.02636719,-90.44958000,-80.09218000
7.02697754,-91.21931000,-77.90366000
7.02758789,-87.01286000,-73.28693000
7.02819824,-91.20706000,-72.78767000
7.02880859,-95.24368000,-78.96574000
7.02941895,-94.67921000,-78.24036000
7.03002930,-89.76753000,-73.79247000
7.03063965,-89.84639000,-74.51009000
7.03125000,-89.92780000,-81.23123000
7.03186035,-90.39440000,-91.46230000
7.03247070,-87.26608000,-81.19218000
7.03308105,-91.11355000,-73.54928000
7.03369141,-95.66453000,-75.42442000
7.03430176,-91.41449000,-75.76791000
7.03491211,-86.45290000,-71.53780000
7.03552246,-85.48054000,-74.71614000
7.03613281,-86.88445000,-73.37852000
7.03674316,-87.31729000,-74.77174000
7.03735352,-93.57220000,-77.56181000
7.03796387,-99.20511000,-72.35143000
7.03857422,-98.74305000,-77.73352000
7.03918457,-96.84002000,-95.00282000
7.03979492,-101.36190000,-72.83388000
7.04040527,-92.80112000,-66.62991000
7.04101563,-89.19257000,-67.93790000
7.04162598,-89.02448000,-82.39955000
7.04223633,-91.24892000,-73.39031000
7.04284668,-91.45043000,-80.02145000
7.04345703,-92.29085000,-70.21574000
7.04406738,-91.69053000,-71.30441000
7.04467773,-100.13560000,-84.12278000
7.04528809,-107.93560000,-83.29289000
7.04589844,-93.59612000,-77.80858000
7.04650879,-89.42960000,-80.53577000
7.04711914,-92.26177000,-88.46483000
7.04772949,-95.36063000,-83.03017000
7.04833984,-87.08084000,-81.41748000
7.04895020,-88.15529000,-76.68652000
7.04956055,-90.51804000,-84.73853000
7.05017090,-98.76167000,-73.35537000
7.05078125,-103.46610000,-69.65808000
7.05139160,-102.38850000,-72.00822000
7.05200195,-97.69478000,-76.25802000
7.05261230,-100.08430000,-68.60349000
7.05322266,-94.24310000,-66.77335000
7.05383301,-92.34550000,-68.35741000
7.05444336,-89.78764000,-72.93253000
7.05505371,-94.26532000,-71.61790000
7.05566406,-95.72021000,-69.11704000
7.05627441,-92.45510000,-69.25770000
7.05688477,-97.87279000,-72.59418000
7.05749512,-91.66920000,-74.17050000
7.05810547,-83.24971000,-76.34294000
7.05871582,-84.25727000,-79.36060000
7.05932617,-89.60240000,-76.22295000
7.05993652,-90.83556000,-76.27944000
7.06054688,-92.08730000,-75.84060000
7.06115723,-88.45566000,-72.76978000
7.06176758,-85.30990000,-73.75711000
7.06237793,-86.52381000,-78.51286000
7.06298828,-92.08516000,-76.86710000
7.06359863,-89.40234000,-73.06166000
7.06420898,-97.78723000,-73.16499000
7.06481934,-95.29072000,-74.55862000
7.06542969,-98.84322000,-70.87029000
7.06604004,-96.61327000,-70.23108000
7.06665039,-103.50020000,-72.64694000
7.06726074,-88.21013000,-74.26822000
7.06787109,-86.41529000,-74.39468000
7.06848145,-90.90533000,-72.66647000
7.06909180,-91.19701000,-71.99410000
7.06970215,-95.20008000,-72.66835000
7.07031250,-95.85487000,-91.92004000
7.07092285,-87.05389000,-74.44007000
7.07153320,-87.72399000,-78.28925000
7.07214355,-96.17393000,-82.23373000
7.07275391,-103.37420000,-76.53626000
7.07336426,-92.68440000,-70.92791000
7.07397461,-86.78387000,-67.40264000
7.07458496,-89.64749000,-67.88681000
7.07519531,-97.64904000,-73.68461000
7.07580566,-86.19236000,-81.87981000
7.07641602,-84.39301000,-75.49969000
7.07702637,-86.72764000,-77.89944000
7.07763672,-86.86897000,-89.63905000
7.07824707,-83.41782000,-74.90221000
7.07885742,-82.23191000,-72.41864000
7.07946777,-81.84578000,-72.91756000
7.08007813,-84.12466000,-68.35761000
7.08068848,-90.20817000,-72.82469000
7.08129883,-89.51402000,-94.98068000
7.08190918,-99.11682000,-85.82916000
7.08251953,-92.65953000,-77.08844000
7.08312988,-90.57742000,-74.99751000
7.08374023,-94.28071000,-76.39958000
7.08435059,-88.06108000,-76.31956000
7.08496094,-83.25032000,-70.82948000
7.08557129,-84.64697000,-73.04976000
7.08618164,-87.66588000,-81.77990000
7.08679199,-95.97869000,-78.12814000
7.08740234,-90.44730000,-78.12782000
7.08801270,-88.54702000,-75.13780000
7.08862305,-91.22542000,-73.80427000
7.08923340,-90.43034000,-73.23846000
7.08984375,-93.67239000,-77.46045000
7.09045410,-98.34258000,-71.62019000
7.09106445,-93.64294000,-70.94861000
7.09167480,-92.06985000,-73.68705000
7.09228516,-89.19540000,-84.83148000
7.09289551,-86.25976000,-78.48477000
7.09350586,-87.97696000,-79.05282000
7.09411621,-105.79630000,-78.80619000
7.09472656,-93.47340000,-76.92764000
7.09533691,-95.03345000,-83.03648000
7.09594727,-97.85628000,-74.50827000
7.09655762,-94.40425000,-71.97567000
7.09716797,-90.20493000,-73.46090000
7.09777832,-80.08023000,-74.66682000
7.09838867,-79.60696000,-74.81898000
7.09899902,-83.47955000,-78.87778000
7.09960938,-89.28336000,-79.83200000
7.10021973,-96.55315000,-76.12027000
7.10083008,-91.24026000,-72.18069000
7.10144043,-101.49370000,-72.40141000
7.10205078,-89.04707000,-77.72069000
7.10266113,-94.24397000,-77.81291000
7.10327148,-87.86108000,-88.82938000
7.10388184,-82.44200000,-94.53372000
7.10449219,-84.66218000,-79.70845000
7.10510254,-102.27260000,-84.53943000
7.10571289,-104.20780000,-76.38727000
7.10632324,-90.65986000,-78.47569000
7.10693359,-87.16785000,-81.70198000
7.10754395,-90.35249000,-76.71020000
7.10815430,-92.78125000,-73.98789000
7.10876465,-89.55300000,-78.69242000
7.10937500,-87.44102000,-87.72646000
7.10998535,-95.91515000,-79.53484000
7.11059570,-94.99756000,-78.41357000
7.11120605,-95.61679000,-76.45297000
7.11181641,-99.20355000,-73.83612000
7.11242676,-102.83790000,-77.99680000
7.11303711,-106.30670000,-88.87642000
7.11364746,-88.35816000,-72.03840000
7.11425781,-76.18089000,-71.14442000
7.11486816,-72.49284000,-72.34168000
7.11547852,-76.51999000,-70.61794000
7.11608887,-83.96531000,-73.79989000
7.11669922,-89.02495000,-73.12566000
7.11730957,-111.86850000,-71.19238000
7.11791992,-103.35510000,-76.40833000
7.11853027,-107.04520000,-80.61744000
7.11914063,-93.91536000,-79.05141000
7.11975098,-87.74101000,-72.23492000
7.12036133,-90.67275000,-67.40871000
7.12097168,-96.64458000,-68.76244000
7.12158203,-94.88713000,-71.28487000
7.12219238,-95.97182000,-71.77022000
7.12280273,-96.68068000,-73.43326000
7.12341309,-88.79213000,-70.66536000
7.12402344,-87.16034000,-73.49767000
7.12463379,-82.16734000,-77.45132000
7.12524414,-81.74101000,-87.23489000
7.12585449,-86.62131000,-77.70984000
7.12646484,-94.19016000,-71.11291000
7.12707520,-84.30213000,-69.27077000
7.12768555,-82.45964000,-71.00984000
7.12829590,-88.49297000,-80.20894000
7.12890625,-107.44150000,-79.90176000
7.12951660,-100.27530000,-84.45273000
7.13012695,-109.81160000,-77.29155000
7.13073730,-94.37928000,-70.17078000
7.13134766,-90.28988000,-71.09428000
7.13195801,-90.23302000,-77.56909000
7.13256836,-87.00285000,-70.55497000
7.13317871,-86.04758000,-68.61755000
7.13378906,-89.73628000,-71.96806000
7.13439941,-99.21745000,-76.89398000
7.13500977,-92.14268000,-81.44363000
7.13562012,-96.98903000,-78.62063000
7.13623047,-87.67605000,-70.87528000
7.13684082,-89.35774000,-69.59946000
7.13745117,-88.72231000,-73.74269000
7.13806152,-88.83432000,-85.37040000
7.13867188,-96.76323000,-79.31537000
7.13928223,-116.66550000,-85.62553000
7.13989258,-99.21257000,-77.74637000
7.14050293,-96.49706000,-74.97064000
7.14111328,-104.18340000,-77.14545000
7.14172363,-92.13012000,-77.24082000
7.14233398,-94.50278000,-72.49622000
7.14294434,-93.02127000,-70.03976000
7.14355469,-88.35301000,-73.74718000
7.14416504,-86.55067000,-74.57420000
7.14477539,-85.33789000,-68.46523000
7.14538574,-87.43256000,-72.10510000
7.14599609,-92.98505000,-86.30818000
7.14660645,-96.25208000,-84.42641000
7.14721680,-89.82452000,-77.11997000
7.14782715,-89.08870000,-72.79436000
7.14843750,-95.76321000,-77.15982000
7.14904785,-97.68734000,-86.43443000
7.14965820,-89.26736000,-75.40165000
7.15026855,-92.13757000,-75.78198000
7.15087891,-96.13781000,-77.67340000
7.15148926,-105.11030000,-80.10605000
7.15209961,-92.37189000,-76.52364000
7.15270996,-86.82498000,-75.92808000
7.15332031,-86.86658000,-73.53234000
7.15393066,-93.11150000,-70.39775000
7.15454102,-96.78039000,-70.06158000
7.15515137,-94.76127000,-73.73364000
7.15576172,-91.54291000,-73.24629000
7.15637207,-91.39415000,-69.82917000
7.15698242,-91.81206000,-75.02947000
7.15759277,-88.02177000,-77.99079000
7.15820313,-87.82742000,-88.10600000
7.15881348,-92.19700000,-73.63158000
7.15942383,-95.00108000,-69.71005000
7.16003418,-118.67590000,-72.12254000
7.16064453,-93.25352000,-75.03249000
7.16125488,-99.53932000,-73.11398000
7.16186523,-95.13023000,-69.73257000
7.16247559,-97.67994000,-68.38454000
7.16308594,-104.00880000,-68.36806000
7.16369629,-94.72482000,-68.66037000
7.16430664,-105.77470000,-70.88734000
7.16491699,-91.61040000,-75.66723000
7.16552734,-92.77562000,-80.27213000
7.16613770,-91.99459000,-78.01965000
7.16674805,-88.77647000,-75.00594000
7.16735840,-91.76442000,-76.32779000
7.16796875,-103.04490000,-73.71030000
7.16857910,-100.60040000,-70.86083000
7.16918945,-93.29064000,-72.06358000
7.16979980,-91.73649000,-75.63375000
7.17041016,-89.16440000,-81.42125000
7.17102051,-89.58449000,-85.25912000
7.17163086,-98.96710000,-90.73653000
7.17224121,-98.57018000,-84.40858000
7.17285156,-94.67732000,-80.10056000
7.17346191,-92.83850000,-73.30622000
7.17407227,-90.93501000,-69.79279000
7.17468262,-99.34309000,-68.98414000
7.17529297,-88.64571000,-70.50108000
7.17590332,-91.85721000,-69.57050000
7.17651367,-102.90800000,-69.93886000
7.17712402,-91.29296000,-73.49615000
7.17773438,-87.42667000,-76.35429000
7.17834473,-89.32004000,-77.56557000
7.17895508,-89.58732000,-75.49622000
7.17956543,-89.94818000,-74.12830000
7.18017578,-88.10151000,-74.01374000
7.18078613,-87.42787000,-70.87214000
7.18139648,-87.80369000,-76.55767000
7.18200684,-88.73921000,-79.39014000
7.18261719,-95.43732000,-80.09935000
7.18322754,-98.68633000,-83.86895000
7.18383789,-89.75796000,-80.04913000
7.18444824,-89.53185000,-84.92252000
7.18505859,-95.97180000,-90.72746000
7.18566895,-95.53838000,-78.52499000
7.18627930,-96.04485000,-71.03429000
7.18688965,-96.00520000,-73.97133000
7.18750000,-88.86886000,-75.07650000
7.18811035,-91.18408000,-77.74239000
7.18872070,-99.49935000,-77.40472000
7.18933105,-94.64542000,-73.15755000
7.18994141,-88.78425000,-71.60434000
7.19055176,-88.30241000,-71.05790000
7.19116211,-87.50162000,-72.01166000
7.19177246,-87.85394000,-75.23193000
7.19238281,-93.94707000,-81.47868000
7.19299316,-97.23240000,-78.24298000
7.19360352,-86.81825000,-78.66236000
7.19421387,-83.22371000,-78.17458000
7.19482422,-84.62162000,-69.51576000
7.19543457,-92.73273000,-70.43478000
7.19604492,-88.03341000,-76.55927000
7.19665527,-94.09657000,-78.09660000
7.19726563,-84.27155000,-81.83698000
7.19787598,-77.10017000,-69.12265000
7.19848633,-78.42278000,-69.76151000
7.19909668,-87.26192000,-78.79739000
7.19970703,-94.42590000,-76.19669000
7.20031738,-95.33527000,-76.66161000
7.20092773,-92.73914000,-70.98956000
7.20153809,-95.11169000,-69.30238000
7.20214844,-105.99410000,-69.55544000
7.20275879,-94.62029000,-68.80663000
7.20336914,-99.83890000,-69.11774000
7.20397949,-97.23662000,-73.26677000
7.20458984,-95.97369000,-82.47188000
7.20520020,-95.28532000,-72.39877000
7.20581055,-98.12371000,-70.69112000
7.20642090,-91.28510000,-76.97101000
7.20703125,-88.51927000,-79.71024000
7.20764160,-88.93123000,-72.62540000
7.20825195,-87.01058000,-69.77706000
7.20886230,-87.41771000,-69.79030000
7.20947266,-91.04031000,-73.90679000
7.21008301,-95.67026000,-81.79282000
7.21069336,-97.11156000,-98.79263000
7.21130371,-92.78053000,-84.16466000
7.21191406,-94.12910000,-80.88049000
7.21252441,-91.39761000,-74.65520000
7.21313477,-102.92790000,-79.92873000
7.21374512,-95.14256000,-76.07042000
7.21435547,-87.97576000,-74.05974000
7.21496582,-87.79606000,-73.15520000
7.21557617,-104.41240000,-77.81963000
7.21618652,-92.53694000,-87.57793000
7.21679688,-97.45226000,-73.90344000
7.21740723,-102.50500000,-68.42277000
7.21801758,-100.65560000,-68.49915000
7.21862793,-116.31240000,-71.67945000
7.21923828,-90.80750000,-81.75508000
7.21984863,-95.79609000,-79.30196000
7.22045898,-95.70705000,-74.00425000
7.22106934,-104.44970000,-72.09983000
7.22167969,-96.24958000,-72.07631000
7.22229004,-103.30430000,-72.43112000
7.22290039,-104.31880000,-82.06433000
7.22351074,-94.87474000,-76.10014000
7.22412109,-86.33244000,-77.63251000
7.22473145,-82.86071000,-84.39080000
7.22534180,-87.47184000,-79.85353000
7.22595215,-107.56880000,-89.85822000
7.22656250,-108.86220000,-70.81257000
7.22717285,-89.55927000,-67.43012000
7.22778320,-82.33292000,-68.00342000
7.22839355,-84.09277000,-68.16303000
7.22900391,-85.31610000,-68.06741000
7.22961426,-88.06612000,-70.95573000
7.23022461,-93.96335000,-78.68599000
7.23083496,-85.33405000,-73.67766000
7.23144531,-86.66576000,-75.38312000
7.23205566,-88.52245000,-68.72237000
7.23266602,-88.87555000,-67.80828000
7.23327637,-94.25765000,-70.05466000
7.23388672,-90.07271000,-72.52873000
7.23449707,-87.26685000,-73.99490000
7.23510742,-86.76009000,-82.70196000
7.23571777,-86.29599000,-73.64201000
7.23632813,-87.23488000,-71.72479000
7.23693848,-87.56479000,-75.93559000
7.23754883,-88.87856000,-75.13872000
7.23815918,-93.50691000,-72.57744000
7.23876953,-93.65392000,-73.62579000
7.23937988,-100.42560000,-72.94221000
7.23999023,-93.27791000,-70.26276000
7.24060059,-90.66761000,-71.52582000
7.24121094,-89.97215000,-80.46718000
7.24182129,-92.46697000,-79.82663000
7.24243164,-99.15364000,-88.02577000
7.24304199,-92.12162000,-79.13479000
7.24365234,-89.87369000,-70.89404000
7.24426270,-87.09383000,-66.76392000
7.24487305,-85.80992000,-70.29659000
7.24548340,-86.05022000,-80.50482000
7.24609375,-88.87917000,-80.86079000
7.24670410,-87.89778000,-79.06534000
7.24731445,-89.59602000,-76.89074000
7.24792480,-94.45029000,-84.28905000
7.24853516,-92.74339000,-72.79070000
7.24914551,-97.91852000,-73.26781000
7.24975586,-100.35000000,-76.74132000
7.25036621,-90.36198000,-82.99944000
7.25097656,-87.17696000,-77.93573000
7.25158691,-97.62115000,-74.13645000
7.25219727,-94.71094000,-70.42651000
7.25280762,-115.62580000,-71.20690000
7.25341797,-88.75063000,-85.32032000
7.25402832,-83.45959000,-74.75621000
7.25463867,-83.34064000,-70.81535000
7.25524902,-86.56109000,-71.87199000
7.25585938,-93.01903000,-72.22519000
7.25646973,-90.10472000,-79.40070000
7.25708008,-85.53979000,-70.53530000
7.25769043,-85.46710000,-69.32046000
7.25830078,-92.84122000,-76.33908000
7.25891113,-95.18231000,-77.58900000
7.25952148,-90.41359000,-78.12919000
7.26013184,-94.74725000,-71.70436000
7.26074219,-99.50696000,-74.95363000
7.26135254,-96.53284000,-87.74039000
7.26196289,-94.15275000,-77.98022000
7.26257324,-96.48353000,-77.46478000
7.26318359,-98.05024000,-79.74725000
7.26379395,-89.74232000,-81.21291000
7.26440430,-87.19123000,-100.62410000
7.26501465,-88.11654000,-80.22948000
7.26562500,-90.18386000,-83.34100000
7.26623535,-87.63213000,-78.74465000
7.26684570,-87.03920000,-77.37840000
7.26745605,-105.07400000,-74.16964000
7.26806641,-86.38017000,-76.45280000
7.26867676,-84.83351000,-82.68645000
7.26928711,-88.81517000,-86.28394000
7.26989746,-93.78194000,-82.47690000
7.27050781,-98.87109000,-79.56631000
7.27111816,-92.56524000,-72.08412000
7.27172852,-94.00173000,-70.57812000
7.27233887,-99.76569000,-71.04973000
7.27294922,-88.85632000,-74.44533000
7.27355957,-88.36895000,-77.07500000
7.27416992,-88.74075000,-69.68095000
7.27478027,-87.57448000,-67.47482000
7.27539063,-90.54779000,-67.82254000
7.27600098,-93.55424000,-69.17751000
7.27661133,-92.01674000,-70.75147000
7.27722168,-90.76668000,-77.21397000
7.27783203,-94.25475000,-74.08897000
7.27844238,-101.51950000,-70.83778000
7.27905273,-94.29961000,-74.22472000
7.27966309,-94.55437000,-83.46867000
7.28027344,-96.85606000,-78.67255000
7.28088379,-93.47459000,-75.28984000
7.28149414,-87.02977000,-71.42793000
7.28210449,-83.80664000,-69.22847000
7.28271484,-84.18542000,-73.46226000
7.28332520,-86.42890000,-76.79375000
7.28393555,-89.33750000,-77.11252000
7.28454590,-93.53267000,-85.93797000
7.28515625,-97.56215000,-73.68411000
7.28576660,-90.92866000,-73.93563000
7.28637695,-87.56835000,-85.25658000
7.28698730,-84.59637000,-81.90764000
7.28759766,-83.97411000,-71.74456000
7.28820801,-88.02547000,-68.70760000
7.28881836,-92.22826000,-72.36994000
7.28942871,-92.67642000,-71.54826000
7.29003906,-98.16444000,-70.38895000
7.29064941,-91.60912000,-72.65456000
7.29125977,-87.76358000,-69.91356000
7.29187012,-86.50586000,-71.36549000
7.29248047,-84.83559000,-73.79079000
7.29309082,-87.77248000,-72.19716000
7.29370117,-102.16230000,-69.70537000
7.29431152,-88.06992000,-70.43178000
7.29492188,-86.29472000,-75.29429000
7.29553223,-87.68086000,-74.30091000
7.29614258,-90.42091000,-72.88367000
7.29675293,-95.97630000,-72.33017000
7.29736328,-77.22381000,-79.79308000
7.29797363,-70.44632000,-86.93846000
7.29858398,-73.54930000,-77.09975000
7.29919434,-94.64680000,-70.09505000
7.29980469,-87.26108000,-71.59143000
7.30041504,-88.23604000,-82.56483000
7.30102539,-94.96995000,-77.36189000
7.30163574,-82.92920000,-82.52564000
7.30224609,-82.31320000,-71.45058000
7.30285645,-84.95198000,-69.01250000
7.30346680,-95.61980000,-71.90707000
7.30407715,-90.21715000,-69.53255000
7.30468750,-86.02677000,-70.83670000
7.30529785,-89.73789000,-76.91647000
7.30590820,-92.67304000,-87.01058000
7.30651855,-89.86835000,-75.18720000
7.30712891,-86.23321000,-76.11235000
7.30773926,-88.59489000,-74.62636000
7.30834961,-91.79834000,-69.60813000
7.30895996,-91.24897000,-74.12471000
7.30957031,-88.70800000,-76.22237000
7.31018066,-92.21030000,-73.34489000
7.31079102,-92.79954000,-72.37937000
7.31140137,-91.30634000,-72.65765000
7.31201172,-107.03120000,-71.94383000
7.31262207,-98.91407000,-69.77733000
7.31323242,-97.26391000,-70.22888000
7.31384277,-93.83678000,-72.90200000
7.31445313,-85.42873000,-76.09605000
7.31506348,-84.88412000,-72.69950000
7.31567383,-91.99481000,-81.24144000
7.31628418,-95.39008000,-76.04890000
7.31689453,-94.65575000,-78.56759000
7.31750488,-92.37543000,-78.31398000
7.31811523,-92.40838000,-81.94539000
7.31872559,-91.78453000,-79.90847000
7.31933594,-87.56339000,-77.97032000
7.31994629,-87.70684000,-73.62107000
7.32055664,-92.01554000,-72.44231000
7.32116699,-95.18550000,-68.27032000
7.32177734,-92.84235000,-70.36128000
7.32238770,-91.21971000,-80.19974000
7.32299805,-101.74970000,-85.22527000
7.32360840,-92.82825000,-70.89871000
7.32421875,-88.87238000,-68.62304000
7.32482910,-86.17526000,-70.61526000
7.32543945,-87.06569000,-74.49480000
7.32604980,-98.94268000,-77.74199000
7.32666016,-85.22475000,-79.80384000
7.32727051,-83.68439000,-73.16552000
7.32788086,-83.58303000,-72.06750000
7.32849121,-85.55849000,-82.32269000
7.32910156,-93.27445000,-77.04903000
7.32971191,-86.94579000,-69.19254000
7.33032227,-86.49385000,-67.16794000
7.33093262,-90.55243000,-66.63535000
7.33154297,-92.55748000,-67.41351000
7.33215332,-89.71803000,-67.59977000
7.33276367,-89.72469000,-68.84142000
7.33337402,-91.37819000,-71.49777000
7.33398438,-93.26629000,-83.35428000
7.33459473,-91.64975000,-67.72899000
7.33520508,-92.55360000,-67.85176000
7.33581543,-98.99141000,-72.37000000
7.33642578,-98.28228000,-75.12431000
7.33703613,-97.70659000,-72.24052000
7.33764648,-95.95712000,-72.00655000
7.33825684,-95.05561000,-81.36844000
7.33886719,-89.99657000,-75.17629000
7.33947754,-84.90952000,-70.83642000
7.34008789,-84.59801000,-70.57896000
7.34069824,-91.09009000,-74.55284000
7.34130859,-106.40580000,-78.21530000
7.34191895,-107.68150000,-72.69714000
7.34252930,-113.20500000,-72.91077000
7.34313965,-93.76514000,-76.59053000
7.34375000,-85.79137000,-78.12439000
7.34436035,-86.65582000,-76.66319000
7.34497070,-92.84067000,-73.71449000
7.34558105,-90.66699000,-71.53802000
7.34619141,-92.63946000,-69.09798000
7.34680176,-94.37518000,-69.12811000
7.34741211,-98.84132000,-73.73972000
7.34802246,-98.56922000,-72.95409000
7.34863281,-90.70138000,-68.87878000
7.34924316,-91.83086000,-69.87383000
7.34985352,-95.24769000,-73.37512000
7.35046387,-95.36256000,-72.60046000
7.35107422,-109.28330000,-70.15582000
7.35168457,-92.82670000,-70.54253000
7.35229492,-88.46886000,-70.95966000
7.35290527,-92.55753000,-70.68932000
7.35351563,-98.21830000,-75.86414000
7.35412598,-92.84348000,-77.06578000
7.35473633,-87.33865000,-74.69924000
7.35534668,-84.68324000,-74.57210000
7.35595703,-87.36568000,-74.14423000
7.35656738,-90.28229000,-68.31178000
7.35717773,-89.66073000,-68.60526000
7.35778809,-95.59880000,-71.86385000
7.35839844,-93.70555000,-72.02576000
7.35900879,-88.48568000,-76.68237000
7.35961914,-90.09253000,-79.78539000
7.36022949,-91.85329000,-73.28154000
7.36083984,-84.67835000,-65.53401000
7.36145020,-82.34328000,-65.88777000
7.36206055,-86.89201000,-74.22578000
7.36267090,-99.64863000,-81.39900000
7.36328125,-108.33490000,-73.64348000
7.36389160,-90.51942000,-71.80875000
7.36450195,-85.08919000,-78.47265000
7.36511230,-86.64275000,-76.32725000
7.36572266,-88.38894000,-75.73189000
7.36633301,-86.16616000,-94.49044000
7.36694336,-84.98636000,-80.87001000
7.36755371,-86.77014000,-73.85126000
7.36816406,-86.44148000,-72.79195000
7.36877441,-88.82351000,-76.14616000
7.36938477,-98.77716000,-72.12087000
7.36999512,-90.60312000,-81.31775000
7.37060547,-86.90659000,-76.17309000
7.37121582,-85.78979000,-75.97205000
7.37182617,-90.91987000,-100.71980000
7.37243652,-99.44062000,-82.26773000
7.37304688,-97.44850000,-70.14842000
7.37365723,-97.74231000,-65.77275000
7.37426758,-94.63217000,-68.53971000
7.37487793,-87.76992000,-74.07918000
7.37548828,-87.91312000,-80.91788000
7.37609863,-93.08991000,-78.17348000
7.37670898,-95.44930000,-72.30841000
7.37731934,-93.56512000,-70.85771000
7.37792969,-97.45055000,-69.89016000
7.37854004,-95.07823000,-72.36836000
7.37915039,-89.44252000,-76.15033000
7.37976074,-91.97250000,-78.20909000
7.38037109,-93.60278000,-73.33009000
7.38098145,-98.17513000,-69.99223000
7.38159180,-88.42854000,-72.22986000
7.38220215,-86.65977000,-85.15881000
7.38281250,-86.16775000,-69.49438000
7.38342285,-85.97050000,-66.60415000
7.38403320,-88.71077000,-70.08243000
7.38464355,-87.67422000,-82.92030000
7.38525391,-84.44633000,-75.57162000
7.38586426,-85.65788000,-77.81172000
7.38647461,-86.39805000,-71.75745000
7.38708496,-84.10121000,-69.99330000
7.38769531,-86.06801000,-72.03412000
7.38830566,-90.24318000,-82.14127000
7.38891602,-86.90443000,-80.32101000
7.38952637,-91.85255000,-79.26219000
7.39013672,-101.09500000,-71.48469000
7.39074707,-90.70014000,-72.73475000
7.39135742,-88.75375000,-81.59734000
7.39196777,-88.49232000,-79.78950000
7.39257813,-88.19551000,-84.59648000
7.39318848,-96.17772000,-72.02399000
7.39379883,-99.54935000,-68.85179000
7.39440918,-100.26040000,-71.86044000
7.39501953,-108.49300000,-73.07585000
7.39562988,-93.83014000,-71.85603000
7.39624023,-92.90284000,-72.95480000
7.39685059,-92.56966000,-74.75029000
7.39746094,-83.28947000,-79.51768000
7.39807129,-78.14441000,-78.76855000
7.39868164,-81.49102000,-71.15422000
7.39929199,-92.80690000,-66.75751000
7.39990234,-101.94870000,-66.73028000
7.40051270,-91.36975000,-71.38010000
7.40112305,-91.62613000,-75.19367000
7.40173340,-91.35352000,-74.74101000
7.40234375,-86.65727000,-73.55913000
7.40295410,-87.55826000,-71.73666000
7.40356445,-86.95343000,-72.88339000
7.40417480,-89.26627000,-76.80379000
7.40478516,-88.61496000,-71.92699000
7.40539551,-90.07106000,-70.56446000
7.40600586,-92.71957000,-77.37086000
7.40661621,-97.16048000,-80.19904000
7.40722656,-88.31293000,-77.31360000
7.40783691,-88.82851000,-74.95497000
7.40844727,-88.79005000,-70.35881000
7.40905762,-87.23299000,-71.14108000
7.40966797,-85.93745000,-79.36451000
7.41027832,-88.01183000,-83.64013000
7.41088867,-99.60300000,-75.44135000
7.41149902,-90.16045000,-73.20322000
7.41210938,-88.77190000,-80.18521000
7.41271973,-92.71705000,-81.99420000
7.41333008,-94.89178000,-86.20353000
7.41394043,-80.61749000,-85.31884000
7.41455078,-73.35266000,-86.88454000
7.41516113,-73.80444000,-76.27374000
7.41577148,-82.49269000,-71.33216000
7.41638184,-88.58983000,-73.22410000
7.41699219,-88.78159000,-76.96543000
7.41760254,-96.38398000,-73.71544000
7.41821289,-92.48371000,-73.08152000
7.41882324,-87.55334000,-76.30164000
7.41943359,-90.68268000,-79.19808000
7.42004395,-87.59438000,-77.96527000
7.42065430,-83.62323000,-74.38032000
7.42126465,-86.50266000,-73.93470000
7.42187500,-94.04056000,-91.71342000
7.42248535,-91.08895000,-72.17055000
7.42309570,-90.19454000,-72.78068000
7.42370605,-95.74733000,-78.06459000
7.42431641,-89.40156000,-79.18649000
7.42492676,-81.45158000,-84.76390000
7.42553711,-85.49660000,-80.19448000
7.42614746,-99.61371000,-85.49437000
7.42675781,-87.33749000,-74.09915000
7.42736816,-82.91698000,-69.85286000
7.42797852,-81.18760000,-75.29572000
7.42858887,-85.40375000,-69.87481000
7.42919922,-90.43019000,-75.05983000
7.42980957,-91.40064000,-73.10355000
7.43041992,-86.91582000,-71.36836000
7.43103027,-88.34222000,-86.13351000
7.43164063,-90.27042000,-74.44923000
7.43225098,-89.13977000,-71.14709000
7.43286133,-89.04074000,-74.45189000
7.43347168,-93.21033000,-81.72062000
7.43408203,-94.06245000,-72.92962000
7.43469238,-90.02636000,-69.92056000
7.43530273,-87.45362000,-75.19855000
7.43591309,-88.65833000,-82.45955000
7.43652344,-99.08356000,-76.62646000
7.43713379,-102.62620000,-70.39796000
7.43774414,-95.31526000,-68.12595000
7.43835449,-98.20930000,-73.64620000
7.43896484,-89.90852000,-82.40239000
7.43957520,-90.07733000,-82.58040000
7.44018555,-97.47494000,-81.35754000
7.44079590,-87.55470000,-79.47250000
7.44140625,-85.34464000,-73.88268000
7.44201660,-86.31075000,-77.57887000
7.44262695,-86.09239000,-75.44053000
7.44323730,-88.61455000,-79.45126000
7.44384766,-101.74590000,-71.07658000
7.44445801,-88.65108000,-72.81928000
7.44506836,-87.98830000,-85.68493000
7.44567871,-94.57923000,-75.66930000
7.44628906,-92.56470000,-70.94673000
7.44689941,-90.07630000,-71.63028000
7.44750977,-88.05518000,-72.34431000
7.44812012,-87.99660000,-69.34407000
7.44873047,-86.51707000,-71.34879000
7.44934082,-85.69630000,-71.64546000
7.44995117,-96.38754000,-70.91628000
7.45056152,-90.43683000,-73.76917000
7.45117188,-101.57350000,-75.68473000
7.45178223,-90.79682000,-72.58253000
7.45239258,-89.93443000,-70.32760000
7.45300293,-93.14724000,-70.14067000
7.45361328,-108.48980000,-71.59380000
7.45422363,-91.69058000,-74.03913000
7.45483398,-86.64666000,-76.89351000
7.45544434,-84.48987000,-77.65673000
7.45605469,-88.64852000,-96.42117000
7.45666504,-100.09040000,-81.41808000
7.45727539,-95.53490000,-85.47046000
7.45788574,-93.39866000,-77.65852000
7.45849609,-99.91359000,-76.35680000
7.45910645,-103.01020000,-70.48595000
7.45971680,-94.15108000,-71.93513000
7.46032715,-90.29112000,-75.98790000
7.46093750,-96.91663000,-75.79885000
7.46154785,-93.20697000,-74.79347000
7.46215820,-87.94417000,-78.96828000
7.46276855,-92.39474000,-88.71516000
7.46337891,-91.31094000,-77.77230000
7.46398926,-91.69341000,-76.10379000
7.46459961,-91.24120000,-75.39095000
7.46520996,-91.33810000,-73.24214000
7.46582031,-98.58005000,-70.38398000
7.46643066,-92.77104000,-67.78945000
7.46704102,-89.48302000,-68.10189000
7.46765137,-91.02087000,-70.47530000
7.46826172,-92.18339000,-70.80858000
7.46887207,-86.34400000,-72.19090000
7.46948242,-85.21336000,-76.45699000
7.47009277,-87.29158000,-75.09511000
7.47070313,-90.54383000,-74.03001000
7.47131348,-97.14351000,-71.24190000
7.47192383,-100.81660000,-70.58550000
7.47253418,-96.36847000,-71.05811000
7.47314453,-91.22896000,-71.64146000
7.47375488,-89.40308000,-85.38206000
7.47436523,-92.66211000,-76.61973000
7.47497559,-87.18367000,-79.42676000
7.47558594,-88.37437000,-76.66894000
7.47619629,-87.95044000,-72.44251000
7.47680664,-89.50882000,-79.11252000
7.47741699,-97.44628000,-78.03210000
7.47802734,-89.72180000,-71.50578000
7.47863770,-87.66994000,-73.33298000
7.47924805,-85.53857000,-73.76366000
7.47985840,-86.37172000,-74.55502000
7.48046875,-87.65341000,-74.00050000
7.48107910,-89.45785000,-70.06485000
7.48168945,-89.79616000,-70.17439000
7.48229980,-91.52557000,-74.97139000
7.48291016,-93.92128000,-86.50394000
7.48352051,-92.67276000,-71.83817000
7.48413086,-86.42188000,-68.56801000
7.48474121,-86.44981000,-68.99509000
7.48535156,-89.55019000,-69.94923000
7.48596191,-92.68311000,-68.12730000
7.48657227,-93.79020000,-67.99300000
7.48718262,-95.15919000,-72.12070000
7.48779297,-96.07442000,-80.84969000
7.48840332,-91.49171000,-85.51500000
7.48901367,-91.12520000,-74.67531000
7.48962402,-90.95651000,-74.12968000
7.49023438,-92.33158000,-76.32845000
7.49084473,-89.42572000,-78.08963000
7.49145508,-85.83580000,-77.37316000
7.49206543,-87.24225000,-68.39929000
7.49267578,-97.02155000,-70.48195000
7.49328613,-92.04832000,-75.34473000
7.49389648,-89.19476000,-74.31969000
7.49450684,-88.88084000,-72.05046000
7.49511719,-87.03360000,-73.16169000
7.49572754,-83.99201000,-80.59135000
7.49633789,-88.36000000,-77.66003000
7.49694824,-88.37436000,-73.18874000
7.49755859,-77.33482000,-74.21803000
7.49816895,-74.88801000,-81.73447000
7.49877930,-79.56095000,-77.08734000
7.49938965,-88.72205000,-72.68121000
7.50000000,-85.69820000,-77.95928000
7.50061035,-87.22534000,-75.31316000
7.50122070,-97.57068000,-76.42432000
7.50183105,-95.57664000,-71.20600000
7.50244141,-88.08836000,-69.49516000
7.50305176,-86.30856000,-73.16905000
7.50366211,-91.06431000,-81.11427000
7.50427246,-104.38630000,-75.26437000
7.50488281,-97.79050000,-74.14678000
7.50549316,-95.66573000,-71.10986000
7.50610352,-97.39003000,-73.56960000
7.50671387,-95.43774000,-75.78525000
7.50732422,-95.42876000,-78.26484000
7.50793457,-102.54880000,-84.01638000
7.50854492,-93.46144000,-76.17210000
7.50915527,-93.54801000,-72.75884000
7.50976563,-89.56798000,-74.26116000
7.51037598,-86.56854000,-72.25150000
7.51098633,-86.25159000,-70.15173000
7.51159668,-85.56334000,-75.52978000
7.51220703,-86.34968000,-77.78368000
7.51281738,-89.68579000,-71.99657000
7.51342773,-97.97866000,-71.34692000
7.51403809,-91.10622000,-80.98502000
7.51464844,-84.79272000,-82.42813000
7.51525879,-86.50051000,-88.76599000
7.51586914,-88.62910000,-79.22420000
7.51647949,-88.23129000,-71.26921000
7.51708984,-90.08644000,-67.55195000
7.51770020,-110.21390000,-69.38515000
7.51831055,-91.86044000,-87.57793000
7.51892090,-90.47474000,-76.03233000
7.51953125,-92.43208000,-70.65646000
7.52014160,-92.29955000,-70.23688000
7.52075195,-93.88474000,-72.41298000
7.52136230,-101.25510000,-71.88472000
7.52197266,-93.22881000,-70.14175000
7.52258301,-101.33260000,-70.10030000
7.52319336,-95.72750000,-71.14531000
7.52380371,-92.84024000,-69.73907000
7.52441406,-93.07537000,-70.75045000
7.52502441,-95.21202000,-75.42942000
7.52563477,-102.23880000,-71.73351000
7.52624512,-91.88651000,-75.46732000
7.52685547,-87.09594000,-79.52481000
7.52746582,-81.69081000,-79.90665000
7.52807617,-85.36086000,-81.52434000
7.52868652,-99.03065000,-78.52141000
7.52929688,-89.43973000,-78.14355000
7.52990723,-88.96011000,-78.53532000
7.53051758,-94.15834000,-75.97369000
7.53112793,-99.04842000,-77.42931000
7.53173828,-94.14226000,-76.57474000
7.53234863,-104.25720000,-76.81856000
7.53295898,-88.51527000,-78.75079000
7.53356934,-82.92831000,-71.50623000
7.53417969,-82.67777000,-71.42252000
7.53479004,-87.26640000,-72.94582000
7.53540039,-100.23420000,-69.35370000
7.53601074,-92.30038000,-74.10498000
7.53662109,-90.39787000,-87.77051000
7.53723145,-91.96271000,-73.76403000
7.53784180,-88.04887000,-69.25803000
7.53845215,-101.89110000,-71.27017000
7.53906250,-97.28648000,-78.16750000
7.53967285,-106.85830000,-77.71298000
7.54028320,-110.40050000,-89.78996000
7.54089355,-94.07833000,-76.53664000
7.54150391,-88.73642000,-81.32453000
7.54211426,-88.67558000,-91.09005000
7.54272461,-89.41949000,-77.97777000
7.54333496,-89.25104000,-71.81769000
7.54394531,-86.82298000,-75.79562000
7.54455566,-85.51500000,-88.29189000
7.54516602,-89.98513000,-82.73944000
7.54577637,-106.08160000,-85.67020000
7.54638672,-91.32793000,-76.15865000
7.54699707,-89.37068000,-73.87918000
7.54760742,-91.98552000,-72.56944000
7.54821777,-98.69572000,-72.98560000
7.54882813,-96.61681000,-93.49110000
7.54943848,-96.15051000,-74.30806000
7.55004883,-100.86410000,-70.50958000
7.55065918,-97.84375000,-71.95125000
7.55126953,-96.78171000,-70.68584000
7.55187988,-96.68736000,-70.88282000
7.55249023,-90.94936000,-80.91258000
7.55310059,-90.93730000,-77.77950000
7.55371094,-94.15371000,-73.06925000
7.55432129,-84.87717000,-74.89230000
7.55493164,-83.21328000,-73.16728000
7.55554199,-87.06026000,-74.52513000
7.55615234,-97.26868000,-74.75911000
7.55676270,-94.77870000,-73.24728000
7.55737305,-95.83188000,-80.05757000
7.55798340,-99.17535000,-87.49200000
7.55859375,-90.38853000,-73.66370000
7.55920410,-90.93425000,-70.73374000
7.55981445,-91.60081000,-75.76546000
7.56042480,-97.51059000,-76.71999000
7.56103516,-92.31503000,-76.58097000
7.56164551,-91.21671000,-76.44680000
7.56225586,-96.08252000,-77.00331000
7.56286621,-99.11716000,-74.70233000
7.56347656,-98.19231000,-75.25562000
7.56408691,-91.50728000,-78.85165000
7.56469727,-84.99935000,-73.12204000
7.56530762,-85.81697000,-70.88814000
7.56591797,-89.08970000,-73.40281000
7.56652832,-93.78089000,-74.81699000
7.56713867,-95.04150000,-72.48706000
7.56774902,-92.47624000,-73.65647000
7.56835938,-97.88070000,-75.57734000
7.56896973,-102.18460000,-71.72355000
7.56958008,-98.78561000,-74.63578000
7.57019043,-98.96040000,-74.50892000
7.57080078,-91.39598000,-75.48769000
7.57141113,-95.30517000,-75.10346000
7.57202148,-91.75765000,-76.94525000
7.57263184,-92.97762000,-98.99548000
7.57324219,-96.30640000,-82.39381000
7.57385254,-92.38719000,-87.31728000
7.57446289,-94.79974000,-77.34975000
7.57507324,-90.09235000,-74.16653000
7.57568359,-84.69511000,-76.69628000
7.57629395,-88.80000000,-70.71553000
7.57690430,-91.43719000,-70.92132000
7.57751465,-84.58922000,-72.02132000
7.57812500,-87.30320000,-71.51064000
7.57873535,-92.13589000,-70.29448000
7.57934570,-89.45612000,-69.78883000
7.57995605,-90.22295000,-70.75967000
7.58056641,-97.23706000,-67.01974000
7.58117676,-92.22144000,-67.65908000
7.58178711,-91.55556000,-72.62428000
7.58239746,-98.43247000,-79.35998000
7.58300781,-97.17933000,-70.76560000
7.58361816,-87.00950000,-69.79012000
7.58422852,-86.16032000,-72.07760000
7.58483887,-89.13449000,-73.92177000
7.58544922,-88.13116000,-82.01816000
7.58605957,-86.36921000,-77.78636000
7.58666992,-87.60585000,-81.37321000
7.58728027,-95.51830000,-79.37711000
7.58789063,-104.27670000,-78.73275000
7.58850098,-93.29268000,-83.56296000
7.58911133,-89.23179000,-75.96468000
7.58972168,-85.62538000,-72.46860000
7.59033203,-85.79784000,-70.31287000
7.59094238,-91.92308000,-70.00899000
7.59155273,-96.06414000,-69.90151000
7.59216309,-91.00612000,-71.57523000
7.59277344,-87.57351000,-72.80820000
7.59338379,-95.68613000,-71.60245000
7.59399414,-104.19470000,-75.12640000
7.59460449,-92.66252000,-80.66507000
7.59521484,-89.88286000,-78.13982000
7.59582520,-91.61622000,-77.79199000
7.59643555,-87.10152000,-83.87404000
7.59704590,-91.17580000,-73.50592000
7.59765625,-75.57534000,-77.32841000
7.59826660,-71.68544000,-84.04977000
7.59887695,-78.03423000,-78.17632000
7.59948730,-99.09280000,-81.74626000
7.60009766,-95.04872000,-75.06455000
7.60070801,-90.66264000,-74.53902000
7.60131836,-81.80222000,-74.11845000
7.60192871,-76.94784000,-72.27489000
7.60253906,-79.23736000,-73.80073000
7.60314941,-84.81221000,-75.13404000
7.60375977,-85.00250000,-72.52074000
7.60437012,-88.84129000,-74.23820000
7.60498047,-108.42500000,-81.13051000
7.60559082,-90.53738000,-79.72029000
7.60620117,-86.09747000,-70.29473000
7.60681152,-88.00050000,-69.71933000
7.60742188,-96.24503000,-72.23017000
7.60803223,-94.00966000,-74.60210000
7.60864258,-91.52925000,-71.42293000
7.60925293,-95.60936000,-69.75970000
7.60986328,-89.79073000,-74.61774000
7.61047363,-89.47591000,-85.82615000
7.61108398,-86.83700000,-74.61726000
7.61169434,-87.86271000,-76.13065000
7.61230469,-89.08182000,-85.11749000
7.61291504,-98.46081000,-81.48894000
7.61352539,-90.64470000,-80.11855000
7.61413574,-87.39246000,-73.01832000
7.61474609,-83.62624000,-69.13954000
7.61535645,-84.10290000,-66.86121000
7.61596680,-87.58794000,-66.91428000
7.61657715,-89.90720000,-68.91532000
7.61718750,-90.50441000,-72.13258000
7.61779785,-89.02299000,-78.65107000
7.61840820,-88.69722000,-74.36809000
7.61901855,-88.02613000,-71.75095000
7.61962891,-89.80523000,-73.65264000
7.62023926,-94.36512000,-72.51334000
7.62084961,-93.39558000,-83.41872000
7.62145996,-89.12536000,-96.46386000
7.62207031,-85.23701000,-85.37508000
7.62268066,-87.63541000,-80.29510000
7.62329102,-108.53530000,-74.05335000
7.62390137,-95.98331000,-79.15883000
7.62451172,-94.95151000,-74.28155000
7.62512207,-99.75982000,-69.48770000
7.62573242,-93.74588000,-71.20933000
7.62634277,-96.73164000,-72.03618000
7.62695313,-105.39840000,-71.56916000
7.62756348,-99.45421000,-71.76949000
7.62817383,-92.43272000,-70.48029000
7.62878418,-98.60207000,-69.86409000
7.62939453,-98.17438000,-69.96136000
7.63000488,-100.41750000,-68.59176000
7.63061523,-101.76730000,-68.62830000
7.63122559,-95.68799000,-72.89115000
7.63183594,-100.46710000,-81.78249000
7.63244629,-89.77775000,-103.04640000
7.63305664,-91.59671000,-94.24440000
7.63366699,-101.90200000,-80.59332000
7.63427734,-100.36050000,-77.87522000
7.63488770,-97.08877000,-87.26183000
7.63549805,-107.94190000,-73.83757000
7.63610840,-95.08865000,-70.83667000
7.63671875,-89.35276000,-73.88709000
7.63732910,-86.02263000,-83.67851000
7.63793945,-87.77998000,-76.95226000
7.63854980,-94.29724000,-88.47466000
7.63916016,-96.29642000,-86.83564000
7.63977051,-93.10082000,-75.71820000
7.64038086,-90.48870000,-83.97702000
7.64099121,-92.16867000,-73.98488000
7.64160156,-91.01534000,-69.63599000
7.64221191,-88.42141000,-71.03431000
7.64282227,-88.98583000,-77.30593000
7.64343262,-88.78971000,-78.47366000
7.64404297,-88.14624000,-71.22533000
7.64465332,-90.52644000,-76.37700000
7.64526367,-92.60825000,-79.84315000
7.64587402,-97.39133000,-72.80109000
7.64648438,-113.77360000,-70.67265000
7.64709473,-99.70195000,-72.84667000
7.64770508,-92.99278000,-75.01804000
7.64831543,-88.64673000,-74.11931000
7.64892578,-88.35369000,-74.30708000
7.64953613,-89.18548000,-70.46509000
7.65014648,-92.78842000,-72.13681000
7.65075684,-97.09900000,-78.07914000
7.65136719,-96.30029000,-74.33383000
7.65197754,-99.56586000,-71.79503000
7.65258789,-95.95974000,-76.23697000
7.65319824,-94.71218000,-74.41941000
7.65380859,-93.81390000,-74.31421000
7.65441895,-93.31577000,-81.77388000
7.65502930,-89.21185000,-89.68661000
7.65563965,-91.64937000,-73.15028000
7.65625000,-95.78594000,-69.08017000
7.65686035,-86.61850000,-67.11983000
7.65747070,-84.29498000,-70.54100000
7.65808105,-80.20743000,-81.36807000
7.65869141,-80.38383000,-75.86869000
7.65930176,-87.97600000,-75.45472000
7.65991211,-93.96863000,-78.80637000
7.66052246,-89.01794000,-80.38388000
7.66113281,-97.79984000,-80.33940000
7.66174316,-91.82163000,-71.94116000
7.66235352,-104.82920000,-72.74294000
7.66296387,-90.90729000,-82.98764000
7.66357422,-90.58238000,-73.39101000
7.66418457,-94.23911000,-70.74155000
7.66479492,-86.08859000,-73.91779000
7.66540527,-83.75275000,-80.53216000
7.66601563,-82.44678000,-85.13826000
7.66662598,-84.84061000,-75.99464000
7.66723633,-90.85831000,-75.39713000
7.66784668,-92.98171000,-78.29286000
7.66845703,-84.83011000,-80.31281000
7.66906738,-84.33546000,-73.07999000
7.66967773,-86.90253000,-68.28484000
7.67028809,-84.90903000,-65.44531000
7.67089844,-85.74724000,-69.67813000
7.67150879,-95.53557000,-75.69669000
7.67211914,-92.82952000,-79.56002000
7.67272949,-85.45494000,-70.14430000
7.67333984,-82.48502000,-67.13856000
7.67395020,-83.86700000,-67.73991000
7.67456055,-87.61440000,-69.88609000
7.67517090,-88.41462000,-69.04750000
7.67578125,-86.56163000,-70.08652000
7.67639160,-87.80515000,-71.27551000
7.67700195,-89.09094000,-74.15948000
7.67761230,-87.78144000,-79.44985000
7.67822266,-89.15323000,-76.00803000
7.67883301,-89.52595000,-79.84158000
7.67944336,-94.51591000,-78.66423000
7.68005371,-102.85140000,-77.71489000
7.68066406,-87.56920000,-88.61358000
7.68127441,-84.19862000,-76.50104000
7.68188477,-85.78056000,-75.81925000
7.68249512,-86.55540000,-76.45680000
7.68310547,-89.27235000,-75.06560000
7.68371582,-92.32490000,-73.94286000
7.68432617,-93.75928000,-71.24088000
7.68493652,-94.06667000,-75.22999000
7.68554688,-90.83561000,-84.54197000
7.68615723,-89.77318000,-81.33172000
7.68676758,-93.46878000,-75.14864000
7.68737793,-94.16106000,-73.17588000
7.68798828,-91.39548000,-75.29748000
7.68859863,-98.64845000,-74.76234000
7.68920898,-89.53332000,-73.81236000
7.68981934,-92.04536000,-69.95067000
7.69042969,-102.03720000,-70.28040000
7.69104004,-95.24045000,-75.29250000
7.69165039,-91.64928000,-77.46268000
7.69226074,-90.01884000,-71.98254000
7.69287109,-90.03876000,-68.26496000
7.69348145,-96.56030000,-67.28081000
7.69409180,-89.08002000,-66.24661000
7.69470215,-94.62223000,-67.59818000
7.69531250,-88.70198000,-76.00846000
7.69592285,-88.91789000,-83.47385000
7.69653320,-99.18443000,-76.54305000
7.69714355,-88.37612000,-70.85873000
7.69775391,-85.63208000,-78.01157000
7.69836426,-82.39956000,-78.81597000
7.69897461,-87.24255000,-72.07323000
7.69958496,-110.52400000,-68.39186000
7.70019531,-96.51115000,-67.96146000
7.70080566,-90.73943000,-74.95030000
7.70141602,-85.58082000,-79.56155000
7.70202637,-85.67527000,-75.03539000
7.70263672,-92.97601000,-75.15876000
7.70324707,-94.70428000,-76.52193000
7.70385742,-96.27316000,-73.42786000
7.70446777,-92.85263000,-72.30122000
7.70507813,-90.11338000,-75.81285000
7.70568848,-96.83959000,-79.07719000
7.70629883,-95.81001000,-77.38776000
7.70690918,-95.74848000,-83.25600000
7.70751953,-101.14840000,-88.68158000
7.70812988,-100.49240000,-79.05301000
7.70874023,-95.54642000,-88.05388000
7.70935059,-95.92468000,-74.69014000
7.70996094,-94.53775000,-79.41819000
7.71057129,-94.56982000,-76.55151000
7.71118164,-89.04514000,-77.45831000
7.71179199,-87.04263000,-85.73559000
7.71240234,-84.13408000,-75.78366000
7.71301270,-84.27756000,-67.39061000
7.71362305,-91.56902000,-68.89104000
7.71423340,-81.64224000,-75.06429000
7.71484375,-74.32027000,-71.31087000
7.71545410,-75.24931000,-68.71009000
7.71606445,-83.73132000,-68.88353000
7.71667480,-91.45016000,-71.10273000
7.71728516,-95.30875000,-75.28497000
7.71789551,-87.39605000,-77.52602000
7.71850586,-85.91216000,-76.73354000
7.71911621,-90.61095000,-85.32854000
7.71972656,-98.18763000,-73.91333000
7.72033691,-92.72633000,-76.74348000
7.72094727,-89.93668000,-72.99439000
7.72155762,-89.86797000,-71.82868000
7.72216797,-86.59508000,-76.56918000
7.72277832,-92.03941000,-74.62155000
7.72338867,-100.11000000,-71.98547000
7.72399902,-90.22874000,-79.16540000
7.72460938,-78.31958000,-70.41708000
7.72521973,-76.62085000,-66.78378000
7.72583008,-87.79129000,-70.17264000
7.72644043,-87.74761000,-79.51997000
7.72705078,-84.10958000,-81.77982000
7.72766113,-85.61036000,-73.52342000
7.72827148,-89.34295000,-70.96747000
7.72888184,-84.87847000,-75.66219000
7.72949219,-85.30142000,-80.43945000
7.73010254,-89.15480000,-77.98925000
7.73071289,-93.94981000,-73.10146000
7.73132324,-90.71400000,-69.63037000
7.73193359,-91.24511000,-70.16723000
7.73254395,-96.73862000,-76.96069000
7.73315430,-96.50532000,-86.46794000
7.73376465,-91.42934000,-82.54092000
7.73437500,-87.77539000,-83.04215000
7.73498535,-88.84032000,-81.88332000
7.73559570,-86.32979000,-71.03407000
7.73620605,-88.91203000,-68.22131000
7.73681641,-97.52458000,-71.84171000
7.73742676,-89.70471000,-90.04350000
7.73803711,-95.59671000,-81.45073000
7.73864746,-89.59488000,-85.81364000
7.73925781,-91.69099000,-79.12279000
7.73986816,-95.14496000,-80.13794000
7.74047852,-101.44410000,-73.52174000
7.74108887,-93.26977000,-82.46293000
7.74169922,-101.59330000,-78.41618000
7.74230957,-101.43500000,-77.03592000
7.74291992,-91.00232000,-72.43745000
7.74353027,-91.95451000,-69.98243000
7.74414063,-103.31090000,-69.58583000
7.74475098,-98.52480000,-72.77030000
7.74536133,-96.04860000,-75.53931000
7.74597168,-99.97987000,-76.35587000
7.74658203,-96.17186000,-82.25488000
7.74719238,-91.08392000,-84.24036000
7.74780273,-86.98639000,-73.75018000
7.74841309,-87.42558000,-79.41034000
7.74902344,-86.66058000,-77.52559000
7.74963379,-89.83475000,-71.53261000
7.75024414,-90.61105000,-72.63046000
7.75085449,-87.22703000,-75.94238000
7.75146484,-88.70258000,-74.68221000
7.75207520,-102.64420000,-77.77429000
7.75268555,-94.14944000,-72.06471000
7.75329590,-93.62690000,-76.22980000
7.75390625,-88.05563000,-87.54393000
7.75451660,-87.96848000,-83.61061000
7.75512695,-90.01125000,-83.07631000
7.75573730,-98.28719000,-88.37303000
7.75634766,-97.13975000,-75.52708000
7.75695801,-92.32780000,-72.05183000
7.75756836,-96.67220000,-78.22252000
7.75817871,-92.29224000,-76.99403000
7.75878906,-87.68803000,-89.39954000
7.75939941,-88.95744000,-75.70703000
7.76000977,-88.81364000,-71.84718000
7.76062012,-88.69289000,-73.06557000
7.76123047,-91.24838000,-76.85777000
7.76184082,-94.89877000,-69.70959000
7.76245117,-95.04105000,-73.86472000
7.76306152,-96.59325000,-80.72920000
7.76367188,-94.58159000,-74.56462000
7.76428223,-92.91588000,-76.60017000
7.76489258,-90.70412000,-88.19501000
7.76550293,-91.08557000,-82.31744000
7.76611328,-96.96794000,-83.48253000
7.76672363,-93.10861000,-76.81380000
7.76733398,-93.53604000,-75.53157000
7.76794434,-100.61520000,-78.32600000
7.76855469,-88.12102000,-74.57027000
7.76916504,-86.61288000,-71.82519000
7.76977539,-93.39255000,-72.21137000
7.77038574,-99.77408000,-75.66954000
7.77099609,-92.70285000,-75.79887000
7.77160645,-100.34220000,-77.68363000
7.77221680,-97.80194000,-80.71289000
7.77282715,-101.44400000,-75.27037000
7.77343750,-95.24045000,-82.14394000
7.77404785,-93.72037000,-74.32098000
7.77465820,-89.66168000,-75.98515000
7.77526855,-89.37778000,-77.24877000
7.77587891,-98.29408000,-75.97997000
7.77648926,-100.13770000,-72.73871000
7.77709961,-92.68462000,-68.60002000
7.77770996,-86.93964000,-72.58418000
7.77832031,-88.12585000,-73.70207000
7.77893066,-96.11783000,-75.95937000
7.77954102,-89.32514000,-73.30489000
7.78015137,-87.49855000,-77.74120000
7.78076172,-88.45391000,-73.17854000
7.78137207,-86.59692000,-69.16435000
7.78198242,-93.85685000,-68.72890000
7.78259277,-91.38477000,-71.81172000
7.78320313,-107.41700000,-81.03165000
7.78381348,-93.45120000,-80.32845000
7.78442383,-88.76023000,-75.70916000
7.78503418,-84.54346000,-73.66819000
7.78564453,-82.22729000,-81.17141000
7.78625488,-84.77660000,-70.12125000
7.78686523,-91.23076000,-67.87790000
7.78747559,-95.05851000,-72.80161000
7.78808594,-93.73363000,-88.85776000
7.78869629,-93.52886000,-81.31566000
7.78930664,-107.51630000,-80.46025000
7.78991699,-91.48971000,-79.73241000
7.79052734,-90.39475000,-72.17721000
7.79113770,-92.87663000,-72.45043000
7.79174805,-88.79210000,-76.04641000
7.79235840,-89.69138000,-91.06926000
7.79296875,-100.42110000,-77.62383000
7.79357910,-88.16812000,-73.49622000
7.79418945,-89.29369000,-74.15110000
7.79479980,-96.78714000,-82.95066000
7.79541016,-95.95023000,-86.80817000
7.79602051,-89.01852000,-75.42349000
7.79663086,-82.68299000,-76.21674000
7.79724121,-82.08793000,-79.68597000
7.79785156,-84.85411000,-79.20239000
7.79846191,-85.13329000,-84.85253000
7.79907227,-90.31310000,-83.15782000
7.79968262,-96.10241000,-81.56060000
7.80029297,-91.72233000,-88.26265000
7.80090332,-88.47992000,-83.34556000
7.80151367,-92.06744000,-84.45515000
7.80212402,-92.03876000,-73.78648000
7.80273438,-99.89499000,-73.43079000
7.80334473,-111.22510000,-80.08235000
7.80395508,-101.27340000,-79.36272000
7.80456543,-91.84105000,-73.58965000
7.80517578,-89.61414000,-69.40160000
7.80578613,-107.07760000,-68.19788000
7.80639648,-86.86947000,-69.29864000
7.80700684,-90.61250000,-73.26181000
7.80761719,-90.45060000,-75.61320000
7.80822754,-89.70924000,-81.51517000
7.80883789,-94.79385000,-86.76437000
7.80944824,-90.48784000,-78.35571000
7.81005859,-100.37160000,-72.75548000
7.81066895,-93.11298000,-74.55214000
7.81127930,-90.94992000,-79.57903000
7.81188965,-99.89429000,-78.75244000
7.81250000,-96.77492000,-75.13811000
7.81311035,-102.56900000,-76.70777000
7.81372070,-98.58659000,-79.88905000
7.81433105,-91.48209000,-73.71187000
7.81494141,-87.78011000,-76.66267000
7.81555176,-88.16128000,-80.71809000
7.81616211,-88.32722000,-70.75452000
7.81677246,-86.57277000,-72.55421000
7.81738281,-93.15747000,-73.11156000
7.81799316,-89.84859000,-72.17942000
7.81860352,-88.62639000,-74.87222000
7.81921387,-89.29340000,-75.62068000
7.81982422,-89.66827000,-71.86143000
7.82043457,-93.51854000,-71.79275000
7.82104492,-89.94910000,-73.36629000
7.82165527,-88.65777000,-91.78416000
7.82226563,-98.83493000,-73.14111000
7.82287598,-95.80849000,-70.40622000
7.82348633,-90.68471000,-76.63710000
7.82409668,-92.30148000,-77.80766000
7.82470703,-88.49496000,-75.18692000
7.82531738,-85.29393000,-68.99825000
7.82592773,-94.32031000,-68.42652000
7.82653809,-88.67364000,-69.67392000
7.82714844,-84.27513000,-72.34267000
7.82775879,-82.65527000,-72.11530000
7.82836914,-87.16620000,-69.46677000
7.82897949,-89.86967000,-68.37500000
7.82958984,-87.89865000,-75.24870000
7.83020020,-94.71410000,-83.14740000
7.83081055,-103.68560000,-73.37019000
7.83142090,-95.19545000,-69.65248000
7.83203125,-90.22639000,-70.54030000
7.83264160,-88.81545000,-72.99461000
7.83325195,-86.70159000,-75.92451000
7.83386230,-83.92918000,-72.71338000
7.83447266,-84.92659000,-69.24939000
7.83508301,-90.80046000,-71.66298000
7.83569336,-97.46964000,-80.59406000
7.83630371,-87.87826000,-75.45826000
7.83691406,-85.37354000,-73.60049000
7.83752441,-71.47166000,-72.36844000
7.83813477,-70.03696000,-78.33747000
7.83874512,-77.44648000,-72.38641000
7.83935547,-88.82145000,-70.42308000
7.83996582,-88.95415000,-73.11339000
7.84057617,-89.58680000,-89.32473000
7.84118652,-99.63020000,-74.59644000
7.84179688,-90.90298000,-76.30403000
7.84240723,-86.68517000,-85.91510000
7.84301758,-87.27267000,-80.24394000
7.84362793,-88.87181000,-80.55542000
7.84423828,-90.19923000,-72.88052000
7.84484863,-90.63974000,-83.97281000
7.84545898,-90.71793000,-72.87573000
7.84606934,-91.69209000,-73.33013000
7.84667969,-91.62573000,-74.11289000
7.84729004,-98.25490000,-78.68849000
7.84790039,-89.82567000,-84.87061000
7.84851074,-83.18045000,-76.25650000
7.84912109,-82.86832000,-76.44658000
7.84973145,-88.23792000,-84.30478000
7.85034180,-104.94790000,-80.74622000
7.85095215,-87.53541000,-75.29988000
7.85156250,-86.37273000,-74.57467000
7.85217285,-89.29469000,-75.29940000
7.85278320,-90.85880000,-82.56735000
7.85339355,-94.84831000,-81.00131000
7.85400391,-101.71220000,-73.66236000
7.85461426,-94.46481000,-77.58957000
7.85522461,-89.22729000,-77.34767000
7.85583496,-85.03616000,-80.88821000
7.85644531,-84.67917000,-85.94905000
7.85705566,-87.68838000,-80.71191000
7.85766602,-89.85913000,-77.36386000
7.85827637,-97.53973000,-83.74901000
7.85888672,-91.64912000,-76.66520000
7.85949707,-89.37309000,-79.92531000
7.86010742,-89.23172000,-82.42095000
7.86071777,-87.97281000,-73.73958000
7.86132813,-93.58488000,-71.43401000
7.86193848,-95.58422000,-72.69527000
7.86254883,-94.04212000,-77.67354000
7.86315918,-95.24141000,-78.84894000
7.86376953,-90.02094000,-79.18488000
7.86437988,-103.73320000,-72.29607000
7.86499023,-93.82923000,-69.50042000
7.86560059,-95.04001000,-76.09752000
7.86621094,-98.60854000,-69.77979000
7.86682129,-98.39604000,-70.55244000
7.86743164,-90.11862000,-73.08229000
7.86804199,-97.37942000,-77.92781000
7.86865234,-91.09744000,-78.13474000
7.86926270,-91.95514000,-83.00607000
7.86987305,-89.02657000,-77.74629000
7.87048340,-87.45084000,-79.11179000
7.87109375,-93.98218000,-74.98496000
7.87170410,-95.52834000,-78.32677000
7.87231445,-92.59074000,-83.97612000
7.87292480,-89.08014000,-93.21005000
7.87353516,-88.81509000,-79.04832000
7.87414551,-88.20716000,-81.89636000
7.87475586,-84.12610000,-76.92005000
7.87536621,-84.59110000,-71.86743000
7.87597656,-88.16490000,-75.90679000
7.87658691,-90.29672000,-71.38927000
7.87719727,-89.97138000,-69.78410000
7.87780762,-89.66050000,-73.28246000
7.87841797,-92.88744000,-74.68111000
7.87902832,-99.48132000,-72.25668000
7.87963867,-91.49706000,-70.18939000
7.88024902,-87.22626000,-69.13329000
7.88085938,-88.40631000,-68.74976000
7.88146973,-87.89696000,-70.59013000
7.88208008,-85.52168000,-75.52872000
7.88269043,-87.85958000,-70.51479000
7.88330078,-94.00672000,-74.61755000
7.88391113,-90.66736000,-73.54803000
7.88452148,-89.03633000,-73.29402000
7.88513184,-96.84655000,-73.72502000
7.88574219,-95.24895000,-73.43015000
7.88635254,-95.52543000,-93.38913000
7.88696289,-98.22549000,-74.19458000
7.88757324,-96.67480000,-72.21404000
7.88818359,-91.99680000,-74.48524000
7.88879395,-94.06567000,-78.70065000
7.88940430,-96.76875000,-91.59107000
7.89001465,-97.42667000,-82.50114000
7.89062500,-92.65788000,-76.57935000
7.89123535,-91.76319000,-72.44864000
7.89184570,-93.68028000,-73.21184000
7.89245605,-85.39426000,-73.54906000
7.89306641,-88.67592000,-78.17664000
7.89367676,-95.06808000,-77.33033000
7.89428711,-85.98156000,-73.43358000
7.89489746,-88.41592000,-79.08025000
7.89550781,-97.16576000,-73.52678000
7.89611816,-87.28467000,-70.05540000
7.89672852,-91.09961000,-72.15438000
7.89733887,-87.08409000,-79.21004000
7.89794922,-84.58703000,-82.93522000
7.89855957,-81.24950000,-77.06790000
7.89916992,-90.58015000,-68.89619000
7.89978027,-87.51128000,-70.62259000
7.90039063,-83.31021000,-73.51917000
7.90100098,-84.99525000,-74.42387000
7.90161133,-82.57932000,-81.28313000
7.90222168,-79.31400000,-76.14239000
7.90283203,-83.28264000,-79.54631000
7.90344238,-93.93517000,-70.73487000
7.90405273,-103.73680000,-75.38022000
7.90466309,-94.81383000,-90.88631000
7.90527344,-102.81410000,-92.68965000
7.90588379,-96.32373000,-75.94872000
7.90649414,-95.00561000,-69.10806000
7.90710449,-95.68489000,-71.35331000
7.90771484,-98.24889000,-74.14389000
7.90832520,-93.11671000,-70.67574000
7.90893555,-92.36869000,-78.03193000
7.90954590,-94.10435000,-77.86747000
7.91015625,-108.17760000,-80.53957000
7.91076660,-97.68815000,-70.96587000
7.91137695,-92.83649000,-69.23072000
7.91198730,-92.24442000,-72.92261000
7.91259766,-90.63879000,-88.61806000
7.91320801,-94.57909000,-72.21287000
7.91381836,-89.51215000,-74.63062000
7.91442871,-90.48428000,-82.91824000
7.91503906,-91.35776000,-88.28384000
7.91564941,-86.00890000,-77.53982000
7.91625977,-87.99596000,-77.41179000
7.91687012,-89.64148000,-89.10904000
7.91748047,-88.91159000,-93.38119000
7.91809082,-89.57279000,-76.66987000
7.91870117,-87.98726000,-73.91547000
7.91931152,-87.20047000,-76.35241000
7.91992188,-86.70065000,-71.37969000
7.92053223,-84.98252000,-72.87665000
7.92114258,-86.78066000,-78.50045000
7.92175293,-94.06761000,-81.59211000
7.92236328,-94.54726000,-83.07677000
7.92297363,-89.81327000,-73.07259000
7.92358398,-89.30881000,-69.63367000
7.92419434,-94.90312000,-72.29100000
7.92480469,-87.23668000,-87.41730000
7.92541504,-84.69762000,-85.46811000
7.92602539,-96.53983000,-79.88648000
7.92663574,-90.86891000,-73.91127000
7.92724609,-89.52134000,-75.71542000
7.92785645,-95.11474000,-84.56219000
7.92846680,-86.99043000,-72.60674000
7.92907715,-87.61750000,-71.41408000
7.92968750,-109.51720000,-74.85558000
7.93029785,-89.39266000,-72.06676000
7.93090820,-88.46532000,-76.63329000
7.93151855,-98.17670000,-72.04258000
7.93212891,-109.36400000,-74.61938000
7.93273926,-100.98650000,-77.25036000
7.93334961,-93.22549000,-76.87154000
7.93395996,-92.67142000,-78.41882000
7.93457031,-88.86806000,-71.23039000
7.93518066,-85.50063000,-70.19622000
7.93579102,-92.45937000,-71.35812000
7.93640137,-92.58047000,-71.58797000
7.93701172,-91.01646000,-72.23856000
7.93762207,-92.16956000,-74.19106000
7.93823242,-90.53432000,-70.64101000
7.93884277,-89.93183000,-66.61174000
7.93945313,-89.48829000,-66.00190000
7.94006348,-89.38654000,-68.54412000
7.94067383,-88.72543000,-71.64491000
7.94128418,-90.74022000,-72.87947000
7.94189453,-91.18454000,-74.35509000
7.94250488,-96.79509000,-79.36583000
7.94311523,-95.36217000,-86.67906000
7.94372559,-92.17010000,-73.36679000
7.94433594,-102.15720000,-69.45126000
7.94494629,-90.50116000,-69.71603000
7.94555664,-89.45633000,-71.04203000
7.94616699,-95.63858000,-70.71126000
7.94677734,-88.72894000,-71.54199000
7.94738770,-86.20129000,-82.73693000
7.94799805,-92.46339000,-77.61710000
7.94860840,-96.48254000,-76.58064000
7.94921875,-105.03200000,-70.52344000
7.94982910,-92.00668000,-74.76384000
7.95043945,-89.12895000,-81.78017000
7.95104980,-97.28405000,-80.44707000
7.95166016,-89.05518000,-87.30072000
7.95227051,-90.55931000,-82.09154000
7.95288086,-91.66718000,-79.37823000
7.95349121,-91.08049000,-76.52583000
7.95410156,-90.00092000,-74.50908000
7.95471191,-88.55801000,-76.20366000
7.95532227,-94.98047000,-75.76458000
7.95593262,-93.75949000,-72.29048000
7.95654297,-96.28025000,-71.43735000
7.95715332,-94.99957000,-72.01613000
7.95776367,-84.29849000,-75.26017000
7.95837402,-86.55318000,-99.52552000
7.95898438,-92.37662000,-87.66209000
7.95959473,-92.05009000,-83.36369000
7.96020508,-91.35151000,-76.81033000
7.96081543,-85.37862000,-75.90982000
7.96142578,-87.35809000,-96.01876000
7.96203613,-90.52738000,-69.96997000
7.96264648,-92.51929000,-66.74873000
7.96325684,-96.02315000,-70.11937000
7.96386719,-93.21492000,-89.12137000
7.96447754,-91.79517000,-78.53781000
7.96508789,-89.50886000,-73.19574000
7.96569824,-95.52055000,-77.07593000
7.96630859,-91.23830000,-80.73087000
7.96691895,-90.91248000,-78.52036000
7.96752930,-97.68256000,-75.64726000
7.96813965,-107.83310000,-69.70841000
7.96875000,-94.98119000,-68.67540000
7.96936035,-97.20390000,-71.49878000
7.96997070,-89.76573000,-74.98185000
7.97058105,-82.79900000,-82.13036000
7.97119141,-83.10863000,-74.04925000
7.97180176,-88.90607000,-75.33567000
7.97241211,-95.62657000,-85.38249000
7.97302246,-87.62122000,-84.43394000
7.97363281,-80.78748000,-79.79594000
7.97424316,-81.25612000,-83.35026000
7.97485352,-85.79925000,-73.32407000
7.97546387,-88.12958000,-69.80481000
7.97607422,-98.84850000,-72.03764000
7.97668457,-100.01240000,-74.72012000
7.97729492,-95.56784000,-72.40039000
7.97790527,-101.17050000,-71.72231000
7.97851563,-90.99722000,-79.12818000
7.97912598,-89.87046000,-73.74061000
7.97973633,-95.33385000,-71.01907000
7.98034668,-97.28789000,-74.73422000
7.98095703,-87.68446000,-84.75307000
7.98156738,-83.19142000,-76.98354000
7.98217773,-84.90024000,-72.96349000
7.98278809,-91.00443000,-72.91023000
7.98339844,-98.70378000,-74.86636000
7.98400879,-94.48865000,-78.69208000
7.98461914,-92.55019000,-81.85844000
7.98522949,-84.57081000,-81.53299000
7.98583984,-85.74715000,-78.57082000
7.98645020,-90.20915000,-72.89998000
7.98706055,-97.57755000,-73.52326000
7.98767090,-88.83416000,-84.62101000
7.98828125,-88.00145000,-82.36518000
7.98889160,-96.40579000,-94.52676000
7.98950195,-96.47208000,-81.66505000
7.99011230,-89.65974000,-82.52895000
7.99072266,-91.69987000,-78.50986000
7.99133301,-91.73966000,-73.79897000
7.99194336,-87.29007000,-76.65940000
7.99255371,-89.13078000,-83.06557000
7.99316406,-94.61926000,-84.94312000
7.99377441,-83.65747000,-75.92555000
7.99438477,-82.46317000,-72.18237000
7.99499512,-85.56225000,-74.27776000
7.99560547,-86.97526000,-74.25632000
7.99621582,-87.93800000,-71.81785000
7.99682617,-89.55132000,-74.64669000
7.99743652,-87.03349000,-75.54465000
7.99804688,-106.38080000,-84.59457000
7.99865723,-93.40016000,-77.05550000
7.99926758,-88.55727000,-87.60133000
7.99987793,-93.54262000,-80.57034000
8.00048828,-95.12971000,-76.15312000
8.00109863,-86.61473000,-70.54974000
8.00170898,-84.02032000,-67.68225000
8.00231934,-84.95479000,-71.29066000
8.00292969,-88.18927000,-76.91723000
8.00354004,-90.36200000,-74.97028000
8.00415039,-95.15825000,-71.44087000
8.00476074,-104.08590000,-73.53852000
8.00537109,-109.02290000,-79.10659000
8.00598145,-96.50390000,-75.36768000
8.00659180,-94.98993000,-77.10464000
8.00720215,-97.68513000,-77.88688000
8.00781250,-101.01560000,-84.84963000
8.00842285,-101.87870000,-71.21593000
8.00903320,-90.57354000,-70.93370000
8.00964355,-96.40797000,-82.11182000
8.01025391,-88.77517000,-79.54804000
8.01086426,-90.35741000,-80.37520000
8.01147461,-96.46984000,-86.78448000
8.01208496,-89.34203000,-76.83009000
8.01269531,-85.98293000,-74.88226000
8.01330566,-89.67297000,-74.18074000
8.01391602,-93.92852000,-73.27242000
8.01452637,-82.87994000,-75.60191000
8.01513672,-77.28267000,-80.22880000
8.01574707,-81.38989000,-90.04276000
8.01635742,-89.78019000,-77.36644000
8.01696777,-102.99190000,-71.54970000
8.01757813,-85.17899000,-70.21706000
8.01818848,-83.75525000,-69.51919000
8.01879883,-90.43437000,-73.02930000
8.01940918,-92.04102000,-77.52428000
8.02001953,-88.70482000,-74.34958000
8.02062988,-90.94241000,-75.15961000
8.02124023,-95.74998000,-72.42891000
8.02185059,-90.57687000,-77.27003000
8.02246094,-88.73199000,-85.86514000
8.02307129,-90.91370000,-71.30813000
8.02368164,-91.04346000,-75.58591000
8.02429199,-90.42950000,-77.56095000
8.02490234,-84.21655000,-72.23778000
8.02551270,-86.47656000,-75.19427000
8.02612305,-95.35271000,-83.04386000
8.02673340,-102.10450000,-90.92229000
8.02734375,-84.01923000,-87.92726000
8.02795410,-80.75218000,-88.74147000
8.02856445,-86.85241000,-74.44752000
8.02917480,-94.55458000,-74.76057000
8.02978516,-89.22478000,-70.78427000
8.03039551,-98.27104000,-69.51181000
8.03100586,-100.08030000,-75.13918000
8.03161621,-91.36644000,-85.97863000
8.03222656,-87.02223000,-78.05270000
8.03283691,-89.04605000,-76.46728000
8.03344727,-88.63525000,-74.02553000
8.03405762,-95.13902000,-82.42122000
8.03466797,-94.57337000,-77.97451000
8.03527832,-96.35375000,-74.99445000
8.03588867,-101.41970000,-73.21255000
8.03649902,-104.46820000,-71.33624000
8.03710938,-95.16453000,-70.91470000
8.03771973,-84.96624000,-75.30885000
8.03833008,-86.15958000,-85.64240000
8.03894043,-98.77121000,-87.13095000
8.03955078,-96.34367000,-79.77579000
8.04016113,-90.61642000,-78.09968000
8.04077148,-90.12253000,-73.61200000
8.04138184,-89.21975000,-70.35583000
8.04199219,-91.29660000,-73.91406000
8.04260254,-94.40212000,-74.16271000
8.04321289,-89.77174000,-71.20845000
8.04382324,-88.03735000,-69.67125000
8.04443359,-88.91185000,-70.42386000
8.04504395,-92.99316000,-72.83143000
8.04565430,-96.14605000,-72.29151000
8.04626465,-102.83550000,-70.17153000
8.04687500,-91.48772000,-70.35410000
8.04748535,-84.08694000,-76.37798000
8.04809570,-84.12437000,-81.25331000
8.04870605,-92.12408000,-78.34967000
8.04931641,-92.81906000,-74.07619000
8.04992676,-89.21302000,-72.03691000
8.05053711,-92.76836000,-76.67488000
8.05114746,-97.45110000,-75.51489000
8.05175781,-92.09283000,-74.88966000
8.05236816,-91.74113000,-78.68184000
8.05297852,-93.05154000,-86.39795000
8.05358887,-93.52110000,-74.53062000
8.05419922,-88.77847000,-83.76837000
8.05480957,-94.77685000,-77.69759000
8.05541992,-103.57770000,-79.23843000
8.05603027,-97.60658000,-73.81297000
8.05664063,-99.86191000,-69.19521000
8.05725098,-97.49779000,-70.85587000
8.05786133,-94.63342000,-73.11017000
8.05847168,-96.93237000,-73.82430000
8.05908203,-94.94815000,-84.16088000
8.05969238,-99.95933000,-76.62210000
8.06030273,-96.16534000,-74.39558000
8.06091309,-91.94718000,-74.09122000
8.06152344,-95.51003000,-74.90199000
8.06213379,-98.41422000,-88.40916000
8.06274414,-86.22661000,-69.48060000
8.06335449,-82.96384000,-68.21828000
8.06396484,-86.94942000,-72.39835000
8.06457520,-102.02610000,-73.38769000
8.06518555,-100.43890000,-72.76852000
8.06579590,-97.93698000,-74.35664000
8.06640625,-95.03918000,-73.11082000
8.06701660,-94.56221000,-78.42665000
8.06762695,-90.62845000,-89.66575000
8.06823730,-88.23333000,-75.42831000
8.06884766,-86.07288000,-71.60621000
8.06945801,-90.88428000,-73.10409000
8.07006836,-93.27309000,-69.90239000
8.07067871,-88.09425000,-71.61128000
8.07128906,-92.26361000,-69.73155000
8.07189941,-90.76430000,-68.22906000
8.07250977,-92.19504000,-74.62968000
8.07312012,-95.45157000,-74.75681000
8.07373047,-92.97531000,-69.10328000
8.07434082,-98.96744000,-70.80503000
8.07495117,-95.76765000,-73.02257000
8.07556152,-93.17464000,-73.17832000
8.07617188,-100.68010000,-78.48355000
8.07678223,-88.82436000,-77.44803000
8.07739258,-79.94453000,-74.62615000
8.07800293,-76.71004000,-75.49453000
8.07861328,-80.56303000,-74.10556000
8.07922363,-87.54698000,-76.23422000
8.07983398,-87.26874000,-75.57270000
8.08044434,-87.84541000,-81.44638000
8.08105469,-92.17992000,-93.31550000
8.08166504,-86.27161000,-75.73036000
8.08227539,-92.30222000,-72.35888000
8.08288574,-95.27333000,-72.85634000
8.08349609,-90.32149000,-72.65365000
8.08410645,-89.16541000,-75.08573000
8.08471680,-94.83817000,-77.21226000
8.08532715,-90.33340000,-74.66329000
8.08593750,-88.40799000,-78.28573000
8.08654785,-89.68167000,-82.33057000
8.08715820,-95.96042000,-75.79333000
8.08776855,-96.09077000,-73.81170000
8.08837891,-87.25627000,-73.80529000
8.08898926,-90.59547000,-75.86320000
8.08959961,-94.38919000,-81.20750000
8.09020996,-88.83740000,-75.44160000
8.09082031,-95.86942000,-72.46844000
8.09143066,-93.33785000,-72.09725000
8.09204102,-89.24430000,-71.10480000
8.09265137,-89.46797000,-74.49558000
8.09326172,-93.18370000,-89.56894000
8.09387207,-95.04236000,-83.73562000
8.09448242,-94.21046000,-82.58942000
8.09509277,-98.09804000,-72.84166000
8.09570313,-94.94880000,-72.66180000
8.09631348,-92.53578000,-79.93245000
8.09692383,-90.79898000,-79.57442000
8.09753418,-83.91349000,-73.22095000
8.09814453,-80.18005000,-70.02180000
8.09875488,-85.70454000,-73.33653000
8.09936523,-94.91668000,-84.72065000
8.09997559,-88.34395000,-78.55193000
8.10058594,-85.94740000,-70.20890000
8.10119629,-88.31886000,-69.19002000
8.10180664,-95.71614000,-71.91466000
8.10241699,-93.02843000,-78.50615000
8.10302734,-94.12522000,-93.54844000
8.10363770,-98.64388000,-80.80130000
8.10424805,-95.22645000,-73.41142000
8.10485840,-93.80741000,-70.67352000
8.10546875,-99.37009000,-72.61008000
8.10607910,-93.30309000,-85.06323000
8.10668945,-90.42286000,-75.52376000
8.10729980,-92.29553000,-72.30301000
8.10791016,-89.70138000,-70.32543000
8.10852051,-89.54590000,-69.84565000
8.10913086,-87.83318000,-73.63703000
8.10974121,-87.97959000,-93.48605000
8.11035156,-94.33960000,-72.52528000
8.11096191,-98.00203000,-71.35545000
8.11157227,-88.66180000,-74.71557000
8.11218262,-86.28112000,-75.38194000
8.11279297,-91.52979000,-74.01406000
8.11340332,-93.85359000,-75.04274000
8.11401367,-87.15430000,-74.45048000
8.11462402,-87.76970000,-73.98026000
8.11523438,-93.02319000,-74.42136000
8.11584473,-93.83755000,-71.66341000
8.11645508,-103.58560000,-75.03988000
8.11706543,-89.68782000,-84.42949000
8.11767578,-88.39893000,-78.01134000
8.11828613,-94.92085000,-73.40278000
8.11889648,-97.90347000,-71.28650000
8.11950684,-90.87546000,-72.62911000
8.12011719,-83.80714000,-71.84599000
8.12072754,-83.06335000,-74.09934000
8.12133789,-87.11575000,-75.06116000
8.12194824,-98.50903000,-82.13887000
8.12255859,-98.69292000,-84.80994000
8.12316895,-95.70554000,-84.75810000
8.12377930,-94.94408000,-75.05946000
8.12438965,-87.50556000,-67.03012000
8.12500000,-88.65038000,-67.54836000
8.12561035,-95.55681000,-76.66597000
8.12622070,-96.73019000,-77.80787000
8.12683105,-88.50142000,-72.53312000
8.12744141,-80.94083000,-76.11929000
8.12805176,-80.32619000,-95.16422000
8.12866211,-86.82858000,-77.05008000
8.12927246,-94.74929000,-75.36962000
8.12988281,-92.12102000,-74.38298000
8.13049316,-94.18358000,-75.87585000
8.13110352,-93.29239000,-74.65282000
8.13171387,-93.44785000,-71.98410000
8.13232422,-98.49046000,-81.20872000
8.13293457,-91.99207000,-82.28916000
8.13354492,-88.03314000,-77.51687000
8.13415527,-86.71121000,-84.70527000
8.13476563,-91.01093000,-74.93114000
8.13537598,-97.53743000,-70.71254000
8.13598633,-97.88416000,-73.20137000
8.13659668,-89.10048000,-75.29134000
8.13720703,-69.73876000,-70.53189000
8.13781738,-62.96658000,-64.51928000
8.13842773,-65.16470000,-65.70055000
8.13903809,-76.43482000,-71.86790000
8.13964844,-87.95552000,-87.72911000
8.14025879,-86.96380000,-72.07491000
8.14086914,-97.08137000,-67.11172000
8.14147949,-92.64050000,-65.82941000
8.14208984,-88.68042000,-68.95842000
8.14270020,-88.46930000,-88.38836000
8.14331055,-89.36972000,-78.79720000
8.14392090,-86.00625000,-82.84586000
8.14453125,-83.52034000,-81.21390000
8.14514160,-84.28751000,-78.50166000
8.14575195,-86.79532000,-82.37299000
8.14636230,-88.92780000,-71.86947000
8.14697266,-89.97060000,-69.00330000
8.14758301,-85.64165000,-71.99797000
8.14819336,-84.12655000,-75.84323000
8.14880371,-88.22865000,-72.16359000
8.14941406,-87.87041000,-72.33629000
8.15002441,-85.00700000,-77.03034000
8.15063477,-83.52565000,-91.16879000
8.15124512,-87.84089000,-77.60101000
8.15185547,-93.04541000,-74.19585000
8.15246582,-98.62033000,-77.20485000
8.15307617,-100.35550000,-77.30152000
8.15368652,-91.75159000,-82.16840000
8.15429688,-91.44032000,-74.99113000
8.15490723,-99.55051000,-68.21049000
8.15551758,-91.39709000,-70.12007000
8.15612793,-87.55859000,-80.80322000
8.15673828,-91.65165000,-74.57419000
8.15734863,-94.80263000,-69.30628000
8.15795898,-95.40620000,-68.11870000
8.15856934,-86.41589000,-71.85345000
8.15917969,-86.81258000,-72.98802000
8.15979004,-96.56113000,-75.31724000
8.16040039,-98.66867000,-74.14633000
8.16101074,-93.65187000,-76.99219000
8.16162109,-90.93866000,-86.52889000
8.16223145,-88.21999000,-106.86940000
8.16284180,-85.89282000,-72.58114000
8.16345215,-87.02263000,-72.28181000
8.16406250,-84.30843000,-79.80248000
8.16467285,-88.01255000,-81.54301000
8.16528320,-86.80412000,-72.36529000
8.16589355,-86.18875000,-72.81604000
8.16650391,-88.92567000,-73.57737000
8.16711426,-93.30120000,-71.67773000
8.16772461,-105.12520000,-74.80470000
8.16833496,-95.10043000,-73.46404000
8.16894531,-96.21925000,-72.43182000
8.16955566,-100.28140000,-70.47036000
8.17016602,-109.57050000,-67.12727000
8.17077637,-101.40150000,-68.05431000
8.17138672,-93.44125000,-75.92716000
8.17199707,-89.10921000,-81.36646000
8.17260742,-89.43333000,-71.37641000
8.17321777,-90.94254000,-67.20663000
8.17382813,-94.30625000,-69.29223000
8.17443848,-96.07072000,-74.55591000
8.17504883,-93.14238000,-77.24687000
8.17565918,-92.47441000,-75.61320000
8.17626953,-90.97625000,-66.66592000
8.17687988,-88.22655000,-65.56323000
8.17749023,-88.12135000,-70.70131000
8.17810059,-88.44261000,-76.08647000
8.17871094,-89.91220000,-72.36609000
8.17932129,-105.21970000,-72.39630000
8.17993164,-90.96470000,-71.16985000
8.18054199,-88.66463000,-71.53510000
8.18115234,-87.96386000,-75.10385000
8.18176270,-90.92952000,-76.07688000
8.18237305,-100.50690000,-73.21576000
8.18298340,-93.32097000,-72.37287000
8.18359375,-92.50006000,-75.65804000
8.18420410,-91.02570000,-79.53619000
8.18481445,-95.02380000,-72.51227000
8.18542480,-95.67693000,-72.02959000
8.18603516,-91.53058000,-76.94943000
8.18664551,-92.41931000,-93.37186000
8.18725586,-91.94020000,-96.69896000
8.18786621,-92.67635000,-78.62154000
8.18847656,-92.13774000,-75.55568000
8.18908691,-91.93686000,-72.46456000
8.18969727,-87.58385000,-70.87920000
8.19030762,-82.83224000,-74.77437000
8.19091797,-82.66051000,-77.56200000
8.19152832,-87.28283000,-77.36754000
8.19213867,-94.01653000,-73.03783000
8.19274902,-93.44174000,-73.27036000
8.19335938,-88.31872000,-76.43679000
8.19396973,-87.94356000,-72.62339000
8.19458008,-88.83973000,-73.67735000
8.19519043,-87.97421000,-78.30194000
8.19580078,-88.76317000,-75.26792000
8.19641113,-90.98833000,-75.71672000
8.19702148,-85.07984000,-82.22079000
8.19763184,-78.52276000,-73.45809000
8.19824219,-80.19752000,-75.46387000
8.19885254,-87.82497000,-80.55511000
8.19946289,-97.32151000,-81.85958000
8.20007324,-95.65690000,-81.52760000
8.20068359,-96.95687000,-76.16661000
8.20129395,-87.32179000,-72.93716000
8.20190430,-83.01220000,-69.80863000
8.20251465,-82.95541000,-70.19681000
8.20312500,-88.73395000,-72.46572000
8.20373535,-92.62730000,-78.80548000
8.20434570,-89.07357000,-83.11031000
8.20495605,-87.29348000,-71.66282000
8.20556641,-85.41351000,-69.32519000
8.20617676,-86.43020000,-70.25630000
8.20678711,-88.98267000,-72.32660000
8.20739746,-90.33510000,-77.25658000
8.20800781,-97.49458000,-71.17397000
8.20861816,-94.42561000,-69.11305000
8.20922852,-94.22200000,-70.74269000
8.20983887,-102.98360000,-73.97582000
8.21044922,-104.61650000,-76.23209000
8.21105957,-94.31277000,-76.90021000
8.21166992,-98.80706000,-85.02895000
8.21228027,-96.99168000,-76.51687000
8.21289063,-92.33308000,-75.96349000
8.21350098,-90.95734000,-77.06595000
8.21411133,-88.97720000,-83.73663000
8.21472168,-84.94857000,-71.89350000
8.21533203,-81.60290000,-66.70258000
8.21594238,-84.67323000,-66.05958000
8.21655273,-95.69545000,-69.34073000
8.21716309,-90.37080000,-83.94378000
8.21777344,-88.26351000,-84.36733000
8.21838379,-90.36217000,-76.08990000
8.21899414,-97.87012000,-70.03280000
8.21960449,-93.59444000,-68.79129000
8.22021484,-89.73315000,-70.20026000
8.22082520,-90.43716000,-82.08698000
8.22143555,-91.98112000,-77.06135000
8.22204590,-93.18572000,-83.21158000
8.22265625,-105.77870000,-76.87577000
8.22326660,-88.03333000,-88.06802000
8.22387695,-86.91253000,-70.29366000
8.22448730,-92.25921000,-75.73573000
8.22509766,-99.65915000,-73.40036000
8.22570801,-97.23647000,-74.23379000
8.22631836,-101.44440000,-91.82746000
8.22692871,-96.95594000,-79.67160000
8.22753906,-96.50735000,-71.92015000
8.22814941,-86.62434000,-75.12291000
8.22875977,-88.68619000,-78.94574000
8.22937012,-95.60049000,-72.91393000
8.22998047,-89.60117000,-73.19036000
8.23059082,-90.20557000,-80.26134000
8.23120117,-92.27637000,-75.79527000
8.23181152,-92.60063000,-73.11256000
8.23242188,-94.08568000,-69.77456000
8.23303223,-96.77597000,-70.33395000
8.23364258,-95.90631000,-74.07288000
8.23425293,-99.84464000,-74.90668000
8.23486328,-98.83624000,-70.10046000
8.23547363,-90.75035000,-70.49889000
8.23608398,-87.74834000,-72.76561000
8.23669434,-85.03555000,-78.21173000
8.23730469,-85.29121000,-70.61140000
8.23791504,-86.00922000,-69.10880000
8.23852539,-83.90400000,-69.26917000
8.23913574,-85.16879000,-71.93530000
8.23974609,-89.31488000,-73.26021000
8.24035645,-91.48270000,-75.21883000
8.24096680,-94.81793000,-74.70707000
8.24157715,-95.92507000,-72.47206000
8.24218750,-97.54279000,-71.06659000
8.24279785,-98.25542000,-77.12043000
8.24340820,-101.24500000,-75.32090000
8.24401855,-91.85594000,-82.64080000
8.24462891,-88.11944000,-83.63904000
8.24523926,-97.54805000,-79.68108000
8.24584961,-93.28602000,-79.88474000
8.24645996,-91.39685000,-83.34828000
8.24707031,-91.91939000,-95.13145000
8.24768066,-93.17215000,-79.63187000
8.24829102,-90.51366000,-75.44429000
8.24890137,-85.15514000,-74.39085000
8.24951172,-84.56702000,-78.86280000
8.25012207,-87.12722000,-80.23792000
8.25073242,-89.43084000,-90.84354000
8.25134277,-90.01316000,-74.41773000
8.25195313,-89.72343000,-74.85513000
8.25256348,-91.20007000,-85.43465000
8.25317383,-88.82614000,-76.49094000
8.25378418,-85.06733000,-80.16427000
8.25439453,-84.52237000,-101.71350000
8.25500488,-92.53195000,-76.00284000
8.25561523,-91.15052000,-70.93937000
8.25622559,-92.49030000,-73.46348000
8.25683594,-91.02124000,-72.15447000
8.25744629,-87.55156000,-68.06300000
8.25805664,-82.23847000,-66.68120000
8.25866699,-86.19869000,-68.80895000
8.25927734,-85.77811000,-78.77367000
8.25988770,-88.98998000,-85.84671000
8.26049805,-88.69775000,-76.96539000
8.26110840,-89.39732000,-73.66200000
8.26171875,-89.21927000,-75.06430000
8.26232910,-89.41000000,-76.52734000
8.26293945,-96.38405000,-79.94685000
8.26354980,-98.76351000,-72.94006000
8.26416016,-98.60466000,-70.96919000
8.26477051,-95.21954000,-78.74072000
8.26538086,-87.22431000,-76.47418000
8.26599121,-86.30126000,-76.09410000
8.26660156,-88.77625000,-86.34859000
8.26721191,-97.36349000,-76.27104000
8.26782227,-101.73480000,-74.11982000
8.26843262,-95.32925000,-72.38424000
8.26904297,-106.05740000,-68.27083000
8.26965332,-96.84090000,-72.17065000
8.27026367,-90.60689000,-83.71053000
8.27087402,-84.78967000,-76.33138000
8.27148438,-87.21870000,-74.17613000
8.27209473,-102.70380000,-74.66475000
8.27270508,-88.86575000,-76.71647000
8.27331543,-81.18704000,-78.76881000
8.27392578,-79.60488000,-82.57302000
8.27453613,-84.66118000,-77.70053000
8.27514648,-93.79929000,-75.14492000
8.27575684,-97.80083000,-76.60859000
8.27636719,-88.24959000,-80.76372000
8.27697754,-85.34618000,-83.02848000
8.27758789,-86.60458000,-81.74793000
8.27819824,-87.71751000,-73.34496000
8.27880859,-89.66966000,-76.96294000
8.27941895,-91.69739000,-70.21329000
8.28002930,-104.51970000,-70.71517000
8.28063965,-98.62263000,-74.97677000
8.28125000,-90.88993000,-85.43089000
8.28186035,-90.24042000,-81.98039000
8.28247070,-94.45800000,-74.30869000
8.28308105,-94.31838000,-71.81355000
8.28369141,-94.71999000,-73.19762000
8.28430176,-95.77092000,-76.40075000
8.28491211,-89.66000000,-79.46853000
8.28552246,-85.70308000,-72.08546000
8.28613281,-90.01183000,-70.83975000
8.28674316,-101.33540000,-74.28963000
8.28735352,-94.96989000,-78.98640000
8.28796387,-90.32249000,-81.80905000
8.28857422,-90.98194000,-82.51913000
8.28918457,-91.65775000,-72.89659000
8.28979492,-89.99184000,-72.00337000
8.29040527,-90.39018000,-73.34464000
8.29101563,-89.75338000,-75.25754000
8.29162598,-90.32924000,-72.66806000
8.29223633,-96.21762000,-74.82772000
8.29284668,-87.93491000,-81.55411000
8.29345703,-88.24874000,-74.26968000
8.29406738,-89.09776000,-74.90201000
8.29467773,-92.56662000,-81.10878000
8.29528809,-92.38670000,-70.82913000
8.29589844,-89.83752000,-67.81832000
8.29650879,-97.94342000,-67.67957000
8.29711914,-96.08254000,-71.10485000
8.29772949,-84.40669000,-82.28717000
8.29833984,-80.21925000,-76.35354000
8.29895020,-84.98953000,-75.04554000
8.29956055,-89.21287000,-82.06441000
8.30017090,-85.92841000,-80.21552000
8.30078125,-89.10964000,-76.49218000
8.30139160,-107.67460000,-77.17903000
8.30200195,-87.73896000,-76.89907000
8.30261230,-86.69080000,-73.56770000
8.30322266,-106.03080000,-71.70132000
8.30383301,-87.58604000,-74.17407000
8.30444336,-85.27792000,-72.22155000
8.30505371,-89.42575000,-71.16527000
8.30566406,-96.97964000,-74.03894000
8.30627441,-87.74822000,-83.85539000
8.30688477,-91.76653000,-73.47428000
8.30749512,-92.93088000,-71.25400000
8.30810547,-93.07425000,-73.15181000
8.30871582,-92.44080000,-74.52472000
8.30932617,-98.39738000,-71.10507000
8.30993652,-95.11789000,-75.01735000
8.31054688,-87.45453000,-76.97038000
8.31115723,-88.40202000,-71.09069000
8.31176758,-94.75104000,-72.21974000
8.31237793,-100.22730000,-73.27766000
8.31298828,-101.52190000,-70.22018000
8.31359863,-97.61320000,-69.27091000
8.31420898,-92.27060000,-71.88737000
8.31481934,-78.64130000,-85.48392000
8.31542969,-76.68024000,-77.17918000
8.31604004,-83.51057000,-72.19106000
8.31665039,-99.47968000,-70.75665000
8.31726074,-91.32439000,-73.95090000
8.31787109,-84.26793000,-80.63971000
8.31848145,-89.05576000,-77.13972000
8.31909180,-93.48109000,-74.75847000
8.31970215,-85.61320000,-73.12908000
8.32031250,-84.44856000,-73.96186000
8.32092285,-87.19623000,-68.45290000
8.32153320,-93.94685000,-72.03081000
8.32214355,-98.59078000,-73.02052000
8.32275391,-102.88290000,-69.57617000
8.32336426,-94.81795000,-72.18597000
8.32397461,-95.64433000,-79.88443000
8.32458496,-98.52069000,-74.91767000
8.32519531,-94.50858000,-75.79417000
8.32580566,-91.05117000,-77.26158000
8.32641602,-90.61658000,-72.96130000
8.32702637,-93.72662000,-70.53925000
8.32763672,-98.38299000,-68.75864000
8.32824707,-90.36603000,-71.06124000
8.32885742,-92.51616000,-75.60092000
8.32946777,-91.92783000,-78.05186000
8.33007813,-92.21562000,-81.51900000
8.33068848,-103.25670000,-81.03989000
8.33129883,-90.73845000,-89.08369000
8.33190918,-87.32710000,-78.09138000
8.33251953,-90.92675000,-71.00249000
8.33312988,-94.84059000,-71.40614000
8.33374023,-91.24440000,-78.46199000
8.33435059,-90.52211000,-75.07368000
8.33496094,-88.37555000,-73.28751000
8.33557129,-87.00331000,-78.20356000
8.33618164,-88.54904000,-75.04866000
8.33679199,-89.95068000,-73.90318000
8.33740234,-100.84380000,-83.14006000
8.33801270,-88.53780000,-75.51749000
8.33862305,-86.90163000,-80.84655000
8.33923340,-96.41022000,-83.19957000
8.33984375,-93.52738000,-81.72812000
8.34045410,-93.40603000,-80.55388000
8.34106445,-89.17522000,-82.86888000
8.34167480,-89.02320000,-71.27419000
8.34228516,-90.83665000,-68.27679000
8.34289551,-97.88464000,-69.62022000
8.34350586,-91.32064000,-72.48890000
8.34411621,-87.41737000,-71.63760000
8.34472656,-93.85831000,-74.12219000
8.34533691,-98.03550000,-83.41974000
8.34594727,-94.65214000,-79.59406000
8.34655762,-88.13435000,-72.20576000
8.34716797,-87.25418000,-69.28998000
8.34777832,-90.78938000,-72.82366000
8.34838867,-97.33395000,-79.13618000
8.34899902,-85.56107000,-73.55514000
8.34960938,-83.87408000,-71.28384000
8.35021973,-88.09525000,-75.24911000
8.35083008,-93.04897000,-73.45412000
8.35144043,-92.64429000,-76.00970000
8.35205078,-93.88295000,-81.64939000
8.35266113,-87.88341000,-87.29286000
8.35327148,-87.57958000,-88.92155000
8.35388184,-91.60884000,-91.06805000
8.35449219,-93.63348000,-76.69997000
8.35510254,-106.26130000,-72.03211000
8.35571289,-103.40950000,-80.36401000
8.35632324,-90.99782000,-74.36147000
8.35693359,-85.04169000,-69.77378000
8.35754395,-85.16801000,-69.39772000
8.35815430,-89.52499000,-70.07364000
8.35876465,-87.39496000,-74.87532000
8.35937500,-90.18491000,-90.61797000
8.35998535,-102.75580000,-86.19740000
8.36059570,-90.75975000,-79.61421000
8.36120605,-95.74677000,-75.78255000
8.36181641,-91.43375000,-72.83601000
8.36242676,-91.04338000,-74.96428000
8.36303711,-100.52190000,-74.72881000
8.36364746,-93.82579000,-73.81023000
8.36425781,-87.67680000,-86.49696000
8.36486816,-82.67155000,-73.53650000
8.36547852,-82.21772000,-71.67836000
8.36608887,-84.81965000,-73.60847000
8.36669922,-89.71823000,-72.88174000
8.36730957,-94.09145000,-69.93968000
8.36791992,-90.49888000,-67.19901000
8.36853027,-91.66565000,-68.28083000
8.36914063,-98.07217000,-72.96545000
8.36975098,-91.89629000,-81.49486000
8.37036133,-85.25848000,-82.77818000
8.37097168,-85.73578000,-92.67015000
8.37158203,-89.65891000,-78.24447000
8.37219238,-96.01464000,-72.58591000
8.37280273,-104.34560000,-70.63569000
8.37341309,-97.38937000,-70.54517000
8.37402344,-96.56365000,-73.64857000
8.37463379,-95.35005000,-94.24575000
8.37524414,-95.75519000,-75.57275000
8.37585449,-102.71700000,-72.05145000
8.37646484,-91.62924000,-70.45512000
8.37707520,-95.51091000,-69.15141000
8.37768555,-88.55704000,-70.19447000
8.37829590,-83.53117000,-68.20210000
8.37890625,-86.22853000,-69.13284000
8.37951660,-93.52283000,-71.15646000
8.38012695,-96.81842000,-70.06335000
8.38073730,-94.80142000,-73.33209000
8.38134766,-92.41409000,-90.04785000
8.38195801,-92.35755000,-77.14001000
8.38256836,-92.78793000,-73.07108000
8.38317871,-92.13557000,-72.45042000
8.38378906,-92.75626000,-74.44318000
8.38439941,-91.64777000,-72.33066000
8.38500977,-88.10870000,-71.18845000
8.38562012,-88.97928000,-72.84631000
8.38623047,-97.34503000,-75.94582000
8.38684082,-85.87450000,-73.37732000
8.38745117,-86.62281000,-72.08083000
8.38806152,-89.93747000,-74.12857000
8.38867188,-90.66483000,-74.29295000
8.38928223,-89.39464000,-76.85771000
8.38989258,-88.04915000,-79.93860000
8.39050293,-88.04050000,-78.71097000
8.39111328,-87.24283000,-77.58732000
8.39172363,-94.67828000,-76.85609000
8.39233398,-89.67595000,-79.85262000
8.39294434,-84.11324000,-77.67193000
8.39355469,-86.91596000,-78.71245000
8.39416504,-93.42403000,-77.41821000
8.39477539,-88.38507000,-76.66113000
8.39538574,-88.49964000,-82.97197000
8.39599609,-98.34293000,-75.33155000
8.39660645,-92.50598000,-72.70415000
8.39721680,-94.15178000,-73.14749000
8.39782715,-89.12914000,-74.61638000
8.39843750,-83.41180000,-74.70683000
8.39904785,-87.33253000,-70.03684000
8.39965820,-95.70816000,-69.70495000
8.40026855,-89.36538000,-77.70658000
8.40087891,-90.78580000,-80.15793000
8.40148926,-93.18552000,-79.27779000
8.40209961,-90.41725000,-76.33324000
8.40270996,-97.29351000,-70.30840000
8.40332031,-93.61019000,-68.36820000
8.40393066,-94.75473000,-69.32018000
8.40454102,-91.56142000,-72.15418000
8.40515137,-93.44154000,-75.43663000
8.40576172,-95.28549000,-73.66894000
8.40637207,-93.70927000,-78.08812000
8.40698242,-92.68333000,-85.55289000
8.40759277,-90.15042000,-74.29670000
8.40820313,-88.85346000,-70.85504000
8.40881348,-92.40042000,-72.14838000
8.40942383,-91.67143000,-79.08230000
8.41003418,-89.97855000,-79.10489000
8.41064453,-84.85206000,-81.07678000
8.41125488,-86.55104000,-83.36301000
8.41186523,-87.57020000,-75.96764000
8.41247559,-88.90219000,-71.81552000
8.41308594,-88.14942000,-72.28534000
8.41369629,-85.78461000,-76.11926000
8.41430664,-87.12434000,-70.41954000
8.41491699,-88.38387000,-69.56839000
8.41552734,-85.35125000,-79.16531000
8.41613770,-86.70935000,-73.59369000
8.41674805,-87.17236000,-70.02676000
8.41735840,-84.73001000,-66.94690000
8.41796875,-84.89997000,-66.26060000
8.41857910,-89.33841000,-68.50776000
8.41918945,-95.01733000,-76.38211000
8.41979980,-93.31038000,-84.35326000
8.42041016,-98.90417000,-79.60658000
8.42102051,-97.21848000,-73.04781000
8.42163086,-94.70651000,-74.51558000
8.42224121,-91.41923000,-82.76195000
8.42285156,-88.20160000,-78.77878000
8.42346191,-87.86345000,-84.58851000
8.42407227,-88.11813000,-76.82796000
8.42468262,-88.12367000,-76.16252000
8.42529297,-95.81927000,-72.92168000
8.42590332,-100.90260000,-76.27674000
8.42651367,-93.38545000,-94.73941000
8.42712402,-85.20633000,-91.93620000
8.42773438,-79.79753000,-81.04916000
8.42834473,-81.07667000,-79.57991000
8.42895508,-93.99774000,-80.65036000
8.42956543,-86.70583000,-79.75506000
8.43017578,-87.00826000,-72.04620000
8.43078613,-93.07928000,-72.50317000
8.43139648,-92.53228000,-82.02576000
8.43200684,-91.04317000,-78.04943000
8.43261719,-109.26050000,-70.97697000
8.43322754,-92.75610000,-77.46651000
8.43383789,-97.85785000,-86.15347000
8.43444824,-94.96101000,-80.69724000
8.43505859,-96.15334000,-78.45537000
8.43566895,-88.27541000,-70.04561000
8.43627930,-91.14850000,-69.81408000
8.43688965,-87.07065000,-79.29401000
8.43750000,-73.21690000,-72.02422000
8.43811035,-68.93902000,-71.30616000
8.43872070,-74.03374000,-72.14814000
8.43933105,-90.97429000,-69.88059000
8.43994141,-88.78117000,-70.67102000
8.44055176,-87.67516000,-83.72882000
8.44116211,-87.64085000,-77.45827000
8.44177246,-87.73268000,-79.83829000
8.44238281,-94.20811000,-78.97933000
8.44299316,-94.82950000,-88.82038000
8.44360352,-90.24433000,-81.02724000
8.44421387,-91.95543000,-80.96284000
8.44482422,-92.94411000,-74.03989000
8.44543457,-91.89799000,-75.32474000
8.44604492,-93.31719000,-76.35331000
8.44665527,-90.86600000,-77.77936000
8.44726563,-93.94435000,-76.90755000
8.44787598,-91.49007000,-79.64990000
8.44848633,-88.71227000,-80.74815000
8.44909668,-85.84224000,-74.08444000
8.44970703,-88.68469000,-68.39584000
8.45031738,-106.28150000,-67.88784000
8.45092773,-95.00350000,-71.07124000
8.45153809,-92.17940000,-73.62388000
8.45214844,-101.14340000,-70.10345000
8.45275879,-92.71294000,-68.88453000
8.45336914,-87.70005000,-81.47676000
8.45397949,-87.91615000,-78.78716000
8.45458984,-92.10374000,-74.73425000
8.45520020,-93.81053000,-71.67829000
8.45581055,-89.90913000,-72.91901000
8.45642090,-88.65633000,-73.55821000
8.45703125,-85.48813000,-73.48244000
8.45764160,-83.27766000,-69.40551000
8.45825195,-85.54002000,-71.27372000
8.45886230,-92.85013000,-76.33142000
8.45947266,-97.00514000,-69.10495000
8.46008301,-91.53324000,-69.95259000
8.46069336,-91.33416000,-71.52927000
8.46130371,-89.35857000,-71.07694000
8.46191406,-92.39999000,-69.93302000
8.46252441,-96.79763000,-71.20554000
8.46313477,-96.58044000,-71.40814000
8.46374512,-86.02896000,-72.35149000
8.46435547,-82.52545000,-73.45063000
8.46496582,-82.40783000,-72.82910000
8.46557617,-82.45972000,-73.17718000
8.46618652,-83.12193000,-73.54861000
8.46679688,-81.62083000,-73.00108000
8.46740723,-79.97260000,-71.71425000
8.46801758,-81.33694000,-71.33192000
8.46862793,-89.97018000,-82.42715000
8.46923828,-92.31666000,-74.83788000
8.46984863,-89.62099000,-76.88905000
8.47045898,-94.40401000,-75.06135000
8.47106934,-102.55000000,-78.03672000
8.47167969,-100.31710000,-80.81232000
8.47229004,-100.53990000,-76.32925000
8.47290039,-103.07300000,-70.28906000
8.47351074,-94.50294000,-69.39332000
8.47412109,-98.56772000,-75.51623000
8.47473145,-87.53655000,-74.56506000
8.47534180,-87.88368000,-71.90380000
8.47595215,-91.32185000,-73.01682000
8.47656250,-87.60114000,-76.44571000
8.47717285,-84.15974000,-77.93234000
8.47778320,-83.90408000,-70.35902000
8.47839355,-88.59809000,-69.26794000
8.47900391,-90.87718000,-71.23685000
8.47961426,-93.96394000,-71.76964000
8.48022461,-91.51967000,-70.58677000
8.48083496,-88.36031000,-75.25571000
8.48144531,-91.67290000,-75.92354000
8.48205566,-104.37070000,-71.95174000
8.48266602,-101.85260000,-75.71459000
8.48327637,-92.99142000,-86.46210000
8.48388672,-94.38536000,-82.58511000
8.48449707,-99.89458000,-78.52166000
8.48510742,-97.55077000,-74.91243000
8.48571777,-91.08098000,-76.19978000
8.48632813,-94.70020000,-78.89030000
8.48693848,-113.42680000,-86.32692000
8.48754883,-95.74901000,-80.48518000
8.48815918,-92.86005000,-78.97521000
8.48876953,-104.91780000,-79.31387000
8.48937988,-92.69905000,-75.75204000
8.48999023,-95.65190000,-77.64147000
8.49060059,-97.86160000,-77.68736000
8.49121094,-98.24370000,-69.55869000
8.49182129,-104.55030000,-68.55037000
8.49243164,-89.67973000,-70.20248000
8.49304199,-87.46231000,-74.42647000
8.49365234,-89.59580000,-76.95679000
8.49426270,-89.89133000,-73.31213000
8.49487305,-93.15423000,-70.48667000
8.49548340,-92.17353000,-71.57301000
8.49609375,-85.94936000,-70.86553000
8.49670410,-89.86169000,-78.87987000
8.49731445,-85.30616000,-76.82707000
8.49792480,-81.65298000,-82.12305000
8.49853516,-81.33083000,-72.30266000
8.49914551,-79.15952000,-69.14684000
8.49975586,-82.44239000,-73.14203000
8.50036621,-94.35524000,-87.46716000
8.50097656,-86.38660000,-76.84757000
8.50158691,-99.67110000,-72.21603000
8.50219727,-91.43201000,-74.35039000
8.50280762,-93.56412000,-74.98586000
8.50341797,-93.30422000,-72.36749000
8.50402832,-90.15984000,-73.07230000
8.50463867,-87.01015000,-69.39349000
8.50524902,-84.38232000,-67.96718000
8.50585938,-95.67795000,-71.89718000
8.50646973,-89.49783000,-78.94610000
8.50708008,-86.89201000,-71.65902000
8.50769043,-92.53440000,-73.86111000
8.50830078,-101.40440000,-80.64079000
8.50891113,-97.27774000,-80.03570000
8.50952148,-111.90740000,-81.22102000
8.51013184,-97.57133000,-80.56192000
8.51074219,-99.40645000,-82.63892000
8.51135254,-92.18563000,-80.37857000
8.51196289,-93.14607000,-75.58771000
8.51257324,-99.81001000,-76.04564000
8.51318359,-88.64388000,-70.90820000
8.51379395,-88.01873000,-68.18837000
8.51440430,-92.83113000,-73.04373000
8.51501465,-92.01514000,-80.57095000
8.51562500,-97.58119000,-81.51443000
8.51623535,-93.26208000,-75.37720000
8.51684570,-85.27988000,-66.67386000
8.51745605,-86.42429000,-67.17265000
8.51806641,-92.89720000,-71.26001000
8.51867676,-96.90491000,-72.48470000
8.51928711,-107.21520000,-77.65948000
8.51989746,-103.06320000,-79.02103000
8.52050781,-91.35037000,-72.10290000
8.52111816,-88.66292000,-68.24958000
8.52172852,-91.48973000,-68.95718000
8.52233887,-97.51466000,-73.99960000
8.52294922,-103.08310000,-70.00622000
8.52355957,-99.34311000,-67.99284000
8.52416992,-111.19750000,-82.56589000
8.52478027,-95.29944000,-72.53661000
8.52539063,-90.74739000,-74.09291000
8.52600098,-89.08347000,-79.74068000
8.52661133,-92.48955000,-86.61816000
8.52722168,-99.42366000,-83.97050000
8.52783203,-87.94608000,-77.24706000
8.52844238,-87.08947000,-72.59528000
8.52905273,-91.14819000,-73.70552000
8.52966309,-99.11973000,-72.15024000
8.53027344,-94.97967000,-70.58916000
8.53088379,-92.97433000,-70.53164000
8.53149414,-91.20822000,-72.64545000
8.53210449,-91.08231000,-77.17536000
8.53271484,-97.53947000,-78.56828000
8.53332520,-102.16100000,-83.38655000
8.53393555,-96.79773000,-77.43475000
8.53454590,-99.68003000,-71.15117000
8.53515625,-107.40540000,-73.62402000
8.53576660,-94.39419000,-90.82574000
8.53637695,-96.85591000,-75.74725000
8.53698730,-92.05731000,-71.80545000
8.53759766,-88.39038000,-72.31563000
8.53820801,-87.19949000,-78.78967000
8.53881836,-90.26089000,-80.75965000
8.53942871,-92.52808000,-72.56208000
8.54003906,-92.32192000,-74.02776000
8.54064941,-96.98754000,-75.87495000
8.54125977,-106.62650000,-77.18440000
8.54187012,-97.46870000,-75.98872000
8.54248047,-96.64681000,-79.01833000
8.54309082,-99.78616000,-82.00423000
8.54370117,-88.52480000,-77.81062000
8.54431152,-86.96310000,-80.32024000
8.54492188,-87.03339000,-81.69299000
8.54553223,-85.64571000,-71.41631000
8.54614258,-86.23550000,-71.02767000
8.54675293,-89.97156000,-73.05783000
8.54736328,-99.23431000,-73.09114000
8.54797363,-112.80390000,-70.17009000
8.54858398,-101.25150000,-68.12612000
8.54919434,-96.90491000,-70.61280000
8.54980469,-93.31346000,-73.10555000
8.55041504,-87.53541000,-79.32136000
8.55102539,-87.85781000,-75.82480000
8.55163574,-91.88380000,-69.41685000
8.55224609,-96.73176000,-69.85783000
8.55285645,-101.67390000,-79.37209000
8.55346680,-93.70564000,-84.58068000
8.55407715,-91.91406000,-74.19257000
8.55468750,-109.64380000,-68.57601000
8.55529785,-89.02614000,-70.34384000
8.55590820,-88.95988000,-77.31989000
8.55651855,-93.66656000,-71.96135000
8.55712891,-94.72522000,-71.87469000
8.55773926,-91.04535000,-84.88285000
8.55834961,-88.24217000,-82.78487000
8.55895996,-89.68538000,-89.69430000
8.55957031,-94.07332000,-75.78581000
8.56018066,-91.14764000,-71.90382000
8.56079102,-87.67765000,-74.17123000
8.56140137,-81.43248000,-88.01070000
8.56201172,-82.72488000,-76.55831000
8.56262207,-86.38480000,-75.62677000
8.56323242,-84.38823000,-75.99503000
8.56384277,-87.32607000,-75.57372000
8.56445313,-89.65312000,-76.64519000
8.56506348,-88.07613000,-76.48026000
8.56567383,-87.85603000,-76.00900000
8.56628418,-88.13682000,-78.77931000
8.56689453,-91.47844000,-73.42249000
8.56750488,-94.99207000,-71.10610000
8.56811523,-100.69000000,-76.81503000
8.56872559,-90.22347000,-77.42215000
8.56933594,-90.01895000,-80.28058000
8.56994629,-97.30891000,-82.42802000
8.57055664,-110.09370000,-76.69402000
8.57116699,-94.06599000,-76.53648000
8.57177734,-89.09743000,-77.98606000
8.57238770,-88.53943000,-75.71095000
8.57299805,-87.42128000,-82.00584000
8.57360840,-88.17490000,-74.47495000
8.57421875,-94.51123000,-72.39562000
8.57482910,-99.15462000,-70.73077000
8.57543945,-86.84315000,-68.17545000
8.57604980,-84.52318000,-70.87601000
8.57666016,-86.05824000,-72.19794000
8.57727051,-89.64987000,-67.75644000
8.57788086,-90.65916000,-65.19790000
8.57849121,-88.19416000,-67.62364000
8.57910156,-87.18238000,-72.72227000
8.57971191,-89.68875000,-70.38856000
8.58032227,-97.01312000,-67.83145000
8.58093262,-94.15954000,-73.71040000
8.58154297,-87.49057000,-84.71243000
8.58215332,-81.34499000,-77.19273000
8.58276367,-81.30820000,-70.63007000
8.58337402,-88.16782000,-67.32484000
8.58398438,-91.38009000,-70.69646000
8.58459473,-88.63318000,-82.93266000
8.58520508,-93.70861000,-77.87704000
8.58581543,-90.66438000,-78.77357000
8.58642578,-86.63971000,-80.87167000
8.58703613,-84.27762000,-83.04147000
8.58764648,-84.68268000,-72.25645000
8.58825684,-88.91539000,-70.56096000
8.58886719,-93.74799000,-71.76163000
8.58947754,-94.34293000,-73.60278000
8.59008789,-102.29940000,-68.74017000
8.59069824,-98.15025000,-70.54216000
8.59130859,-93.28957000,-72.65577000
8.59191895,-92.34341000,-74.51266000
8.59252930,-87.80414000,-80.62397000
8.59313965,-84.07784000,-85.85173000
8.59375000,-84.22554000,-78.16382000
8.59436035,-85.93784000,-71.62416000
8.59497070,-88.06068000,-70.15875000
8.59558105,-91.43661000,-73.81175000
8.59619141,-90.13173000,-73.59402000
8.59680176,-88.25908000,-71.99754000
8.59741211,-88.37511000,-74.10280000
8.59802246,-88.07822000,-77.90192000
8.59863281,-91.00243000,-114.83650000
8.59924316,-102.56270000,-78.81857000
8.59985352,-93.31250000,-77.12439000
8.60046387,-93.32874000,-69.30328000
8.60107422,-92.95792000,-70.12429000
8.60168457,-90.58376000,-72.33931000
8.60229492,-92.77412000,-73.15339000
8.60290527,-90.16801000,-76.22163000
8.60351563,-85.04556000,-72.54558000
8.60412598,-86.12774000,-71.37587000
8.60473633,-93.87506000,-73.12016000
8.60534668,-88.81255000,-74.37785000
8.60595703,-85.70331000,-83.40179000
8.60656738,-88.62578000,-73.18477000
8.60717773,-94.45930000,-69.67270000
8.60778809,-98.39545000,-72.24529000
8.60839844,-89.64728000,-78.53848000
8.60900879,-90.24521000,-81.27129000
8.60961914,-110.37430000,-79.24784000
8.61022949,-88.47077000,-77.92426000
8.61083984,-86.29567000,-83.62956000
8.61145020,-88.86111000,-75.87558000
8.61206055,-92.92575000,-72.17747000
8.61267090,-93.55590000,-74.03565000
8.61328125,-100.07030000,-76.41463000
8.61389160,-93.38433000,-71.11661000
8.61450195,-103.69000000,-68.20515000
8.61511230,-85.07011000,-71.12260000
8.61572266,-83.36089000,-79.93328000
8.61633301,-86.90309000,-75.38354000
8.61694336,-81.10946000,-77.37359000
8.61755371,-83.69252000,-97.99638000
8.61816406,-91.01734000,-76.42800000
8.61877441,-96.40403000,-79.69024000
8.61938477,-87.93171000,-79.74226000
8.61999512,-92.59991000,-74.53762000
8.62060547,-108.21000000,-75.97856000
8.62121582,-97.80148000,-75.86790000
8.62182617,-92.23136000,-78.55647000
8.62243652,-91.26241000,-80.24094000
8.62304688,-96.39001000,-80.11887000
8.62365723,-89.62424000,-81.68320000
8.62426758,-81.65750000,-74.07923000
8.62487793,-83.09869000,-77.90646000
8.62548828,-88.29131000,-70.72295000
8.62609863,-91.81238000,-72.22731000
8.62670898,-96.66840000,-75.28771000
8.62731934,-90.60570000,-73.64637000
8.62792969,-88.99857000,-75.74862000
8.62854004,-88.72261000,-78.11213000
8.62915039,-85.94904000,-73.91097000
8.62976074,-86.30026000,-74.94429000
8.63037109,-92.59942000,-80.48329000
8.63098145,-95.41790000,-73.99003000
8.63159180,-95.07982000,-81.53970000
8.63220215,-100.01560000,-69.04974000
8.63281250,-90.14240000,-70.16310000
8.63342285,-93.48748000,-78.78081000
8.63403320,-99.49601000,-74.71770000
8.63464355,-94.18736000,-68.57692000
8.63525391,-96.14247000,-69.34188000
8.63586426,-88.68921000,-79.06409000
8.63647461,-84.97108000,-76.29967000
8.63708496,-90.89839000,-73.06210000
8.63769531,-98.50768000,-72.41974000
8.63830566,-91.90939000,-79.90923000
8.63891602,-94.68169000,-74.54588000
8.63952637,-95.08988000,-69.32297000
8.64013672,-94.56406000,-70.25121000
8.64074707,-88.23161000,-75.80315000
8.64135742,-89.49210000,-76.80949000
8.64196777,-90.62572000,-75.51840000
8.64257813,-90.63350000,-75.27042000
8.64318848,-94.55850000,-76.57813000
8.64379883,-107.85860000,-72.50322000
8.64440918,-98.12279000,-75.59222000
8.64501953,-87.79292000,-76.63042000
8.64562988,-81.26319000,-89.38427000
8.64624023,-83.53224000,-76.05445000
8.64685059,-87.65326000,-74.99452000
8.64746094,-88.09800000,-97.96132000
8.64807129,-93.48137000,-77.91380000
8.64868164,-84.88045000,-79.91458000
8.64929199,-79.50729000,-91.12061000
8.64990234,-84.08904000,-74.13854000
8.65051270,-93.66584000,-73.14716000
8.65112305,-91.60561000,-76.52208000
8.65173340,-97.19131000,-77.51136000
8.65234375,-99.89880000,-76.92486000
8.65295410,-89.80670000,-83.71809000
8.65356445,-89.17633000,-74.83968000
8.65417480,-88.38935000,-71.03734000
8.65478516,-89.39658000,-71.75845000
8.65539551,-94.42519000,-71.80952000
8.65600586,-98.55503000,-71.50377000
8.65661621,-98.85008000,-71.45496000
8.65722656,-98.84986000,-71.90028000
8.65783691,-91.25699000,-70.34473000
8.65844727,-93.07724000,-72.81487000
8.65905762,-93.01695000,-100.32280000
8.65966797,-95.74303000,-74.68041000
8.66027832,-98.50121000,-73.22031000
8.66088867,-88.65417000,-80.29889000
8.66149902,-87.29598000,-81.24371000
8.66210938,-98.27112000,-73.36163000
8.66271973,-91.18599000,-76.85419000
8.66333008,-94.20663000,-77.53519000
8.66394043,-96.31145000,-73.98158000
8.66455078,-91.15445000,-84.01511000
8.66516113,-90.07278000,-96.59790000
8.66577148,-86.17333000,-77.67162000
8.66638184,-81.92125000,-81.62286000
8.66699219,-80.88967000,-78.05733000
8.66760254,-84.89331000,-86.96919000
8.66821289,-96.22556000,-93.88084000
8.66882324,-92.37736000,-77.72218000
8.66943359,-89.57341000,-75.50875000
8.67004395,-88.58857000,-72.90196000
8.67065430,-87.78579000,-70.58054000
8.67126465,-90.10972000,-66.96925000
8.67187500,-92.82948000,-66.85728000
8.67248535,-103.10380000,-76.99914000
8.67309570,-94.24760000,-73.30190000
8.67370605,-89.23840000,-73.02928000
8.67431641,-87.08096000,-82.51087000
8.67492676,-91.59324000,-79.48409000
8.67553711,-92.70953000,-79.15920000
8.67614746,-96.74561000,-75.11340000
8.67675781,-89.56562000,-83.97168000
8.67736816,-79.46577000,-72.37593000
8.67797852,-78.95090000,-69.74874000
8.67858887,-88.15341000,-78.49712000
8.67919922,-96.64465000,-85.03239000
8.67980957,-99.47587000,-80.13286000
8.68041992,-97.21367000,-72.27518000
8.68103027,-93.06622000,-80.38769000
8.68164063,-90.99723000,-75.96989000
8.68225098,-86.19376000,-76.82986000
8.68286133,-87.22327000,-83.97789000
8.68347168,-87.18683000,-71.55923000
8.68408203,-90.60096000,-69.33931000
8.68469238,-96.36786000,-72.08694000
8.68530273,-88.47736000,-74.76707000
8.68591309,-87.61689000,-75.05498000
8.68652344,-89.10826000,-69.92773000
8.68713379,-92.55621000,-70.41396000
8.68774414,-87.64693000,-72.05311000
8.68835449,-92.23239000,-75.60738000
8.68896484,-94.04624000,-81.93706000
8.68957520,-94.15752000,-71.37217000
8.69018555,-101.38490000,-69.93076000
8.69079590,-98.54926000,-77.65446000
8.69140625,-101.08010000,-76.77642000
8.69201660,-100.21990000,-71.57783000
8.69262695,-88.33176000,-76.25698000
8.69323730,-87.60284000,-74.31699000
8.69384766,-90.74896000,-72.09703000
8.69445801,-92.84668000,-75.44926000
8.69506836,-88.15125000,-83.60414000
8.69567871,-91.69288000,-72.54454000
8.69628906,-94.12690000,-69.46677000
8.69689941,-87.05313000,-76.80600000
8.69750977,-87.65730000,-77.22245000
8.69812012,-86.08435000,-72.03947000
8.69873047,-83.06426000,-73.90684000
8.69934082,-82.97830000,-72.85911000
8.69995117,-86.90096000,-71.54781000
8.70056152,-97.08580000,-75.30838000
8.70117188,-89.21576000,-74.06762000
8.70178223,-87.94334000,-72.22105000
8.70239258,-90.20786000,-74.57227000
8.70300293,-92.34414000,-72.44642000
8.70361328,-94.54872000,-70.89594000
8.70422363,-93.65891000,-71.63824000
8.70483398,-90.07767000,-71.54678000
8.70544434,-93.87140000,-77.20705000
8.70605469,-99.69386000,-77.40033000
8.70666504,-93.13796000,-71.99342000
8.70727539,-94.51255000,-69.10849000
8.70788574,-95.12321000,-68.79597000
8.70849609,-86.61517000,-71.68514000
8.70910645,-81.02060000,-82.04420000
8.70971680,-80.49338000,-79.10718000
8.71032715,-84.56597000,-81.64310000
8.71093750,-87.97188000,-82.75130000
8.71154785,-89.71820000,-78.07201000
8.71215820,-89.80492000,-80.71240000
8.71276855,-86.77059000,-79.51428000
8.71337891,-84.99375000,-79.88551000
8.71398926,-87.62753000,-78.14120000
8.71459961,-95.27347000,-74.76182000
8.71520996,-94.53787000,-73.82782000
8.71582031,-92.72661000,-71.63155000
8.71643066,-92.69870000,-73.02946000
8.71704102,-87.25892000,-75.89804000
8.71765137,-90.84853000,-75.44875000
8.71826172,-103.70300000,-71.62961000
8.71887207,-95.87218000,-69.65987000
8.71948242,-99.06040000,-72.19039000
8.72009277,-97.52757000,-74.05481000
8.72070313,-96.09120000,-75.19087000
8.72131348,-91.95602000,-73.54966000
8.72192383,-87.72284000,-74.50664000
8.72253418,-91.64980000,-87.31126000
8.72314453,-93.08389000,-78.62204000
8.72375488,-91.95244000,-70.64899000
8.72436523,-88.45152000,-68.61127000
8.72497559,-86.68401000,-71.53105000
8.72558594,-92.50380000,-77.18037000
8.72619629,-93.12257000,-78.65493000
8.72680664,-89.40719000,-75.23592000
8.72741699,-90.42946000,-75.87021000
8.72802734,-85.91682000,-76.40008000
8.72863770,-87.25107000,-76.38519000
8.72924805,-95.66820000,-82.38551000
8.72985840,-86.30327000,-69.11544000
8.73046875,-86.09801000,-67.21812000
8.73107910,-88.90428000,-72.18119000
8.73168945,-90.28840000,-75.29282000
8.73229980,-93.23088000,-75.19484000
8.73291016,-88.25429000,-80.57182000
8.73352051,-87.90780000,-80.89636000
8.73413086,-94.41552000,-73.28880000
8.73474121,-104.03940000,-74.83013000
8.73535156,-91.74461000,-79.36207000
8.73596191,-88.87196000,-88.95087000
8.73657227,-89.23454000,-80.48778000
8.73718262,-85.65599000,-76.41637000
8.73779297,-79.19444000,-77.50072000
8.73840332,-79.80119000,-75.50235000
8.73901367,-89.27323000,-78.69232000
8.73962402,-100.18000000,-80.17007000
8.74023438,-91.58482000,-76.71674000
8.74084473,-90.58389000,-82.05904000
8.74145508,-88.48782000,-85.09094000
8.74206543,-88.46068000,-74.06515000
8.74267578,-93.64386000,-71.77813000
8.74328613,-97.12838000,-77.80068000
8.74389648,-94.40498000,-76.01192000
8.74450684,-99.03612000,-71.71342000
8.74511719,-95.57883000,-75.79585000
8.74572754,-100.49150000,-82.75400000
8.74633789,-92.79720000,-72.60440000
8.74694824,-86.11317000,-74.61195000
8.74755859,-84.68025000,-73.27951000
8.74816895,-86.89666000,-76.52077000
8.74877930,-89.66943000,-70.79691000
8.74938965,-89.83693000,-69.50683000
8.75000000,-88.99346000,-69.36103000
8.75061035,-88.13178000,-69.90237000
8.75122070,-91.10111000,-76.26675000
8.75183105,-96.93976000,-98.99751000
8.75244141,-105.06530000,-79.88140000
8.75305176,-93.63636000,-73.19272000
8.75366211,-88.73402000,-74.15410000
8.75427246,-91.09969000,-75.15862000
8.75488281,-97.47908000,-79.31891000
8.75549316,-91.19383000,-85.48717000
8.75610352,-89.73183000,-87.29318000
8.75671387,-92.70138000,-80.46579000
8.75732422,-90.84383000,-78.81870000
8.75793457,-88.20426000,-78.13393000
8.75854492,-86.00456000,-82.52170000
8.75915527,-89.06377000,-69.18536000
8.75976563,-107.90080000,-67.39641000
8.76037598,-94.96255000,-72.65604000
8.76098633,-88.25829000,-79.44174000
8.76159668,-93.07349000,-83.14378000
8.76220703,-89.43481000,-82.81924000
8.76281738,-91.17729000,-80.25490000
8.76342773,-95.49141000,-84.25643000
8.76403809,-86.27179000,-70.92732000
8.76464844,-86.17039000,-68.31283000
8.76525879,-88.63438000,-69.15160000
8.76586914,-90.14935000,-68.82070000
8.76647949,-90.23393000,-68.90918000
8.76708984,-93.94356000,-72.97998000
8.76770020,-89.83817000,-73.52696000
8.76831055,-86.80698000,-70.78635000
8.76892090,-92.88379000,-75.21021000
8.76953125,-91.28308000,-74.99014000
8.77014160,-86.82507000,-73.46198000
8.77075195,-85.99827000,-96.87905000
8.77136230,-89.84981000,-77.02016000
8.77197266,-94.68337000,-79.30162000
8.77258301,-96.64394000,-87.52353000
8.77319336,-105.15370000,-79.99976000
8.77380371,-92.47802000,-73.89572000
8.77441406,-88.84831000,-80.02991000
8.77502441,-91.20593000,-73.68539000
8.77563477,-97.80945000,-72.21135000
8.77624512,-97.27228000,-79.03973000
8.77685547,-102.40410000,-75.01671000
8.77746582,-87.30988000,-75.19627000
8.77807617,-85.87840000,-73.76289000
8.77868652,-90.15672000,-73.48524000
8.77929688,-108.61600000,-75.96979000
8.77990723,-90.76717000,-77.57690000
8.78051758,-90.36263000,-80.02590000
8.78112793,-88.36853000,-76.69118000
8.78173828,-84.40369000,-85.89008000
8.78234863,-87.75978000,-76.22746000
8.78295898,-97.68715000,-84.64051000
8.78356934,-90.53905000,-71.21576000
8.78417969,-92.40640000,-69.92590000
8.78479004,-101.76660000,-71.87596000
8.78540039,-95.62992000,-70.49425000
8.78601074,-95.44274000,-74.52556000
8.78662109,-92.30115000,-74.65713000
8.78723145,-98.27551000,-68.34315000
8.78784180,-97.06734000,-71.40559000
8.78845215,-95.10117000,-91.20016000
8.78906250,-90.61292000,-71.51405000
8.78967285,-96.57070000,-68.63596000
8.79028320,-91.72530000,-75.35776000
8.79089355,-90.99130000,-76.97598000
8.79150391,-95.30045000,-72.08644000
8.79211426,-90.41942000,-72.24023000
8.79272461,-91.82730000,-84.37350000
8.79333496,-98.51673000,-74.99799000
8.79394531,-98.76828000,-76.66056000
8.79455566,-98.31959000,-84.01748000
8.79516602,-93.25746000,-75.81838000
8.79577637,-87.24936000,-76.63676000
8.79638672,-82.13049000,-85.99724000
8.79699707,-81.26186000,-84.56404000
8.79760742,-84.36903000,-86.09467000
8.79821777,-85.43784000,-80.12875000
8.79882813,-88.43655000,-73.12749000
8.79943848,-97.26012000,-73.94188000
8.80004883,-102.63160000,-73.02608000
8.80065918,-94.41148000,-70.18080000
8.80126953,-91.27873000,-71.95962000
8.80187988,-89.56071000,-73.97150000
8.80249023,-85.11818000,-74.69825000
8.80310059,-84.13811000,-69.92085000
8.80371094,-85.59167000,-66.71037000
8.80432129,-88.63128000,-70.12364000
8.80493164,-99.51901000,-76.70924000
8.80554199,-100.00380000,-72.79418000
8.80615234,-92.31798000,-74.46725000
8.80676270,-102.50770000,-73.27996000
8.80737305,-100.08440000,-77.29971000
8.80798340,-103.00750000,-72.13507000
8.80859375,-95.81467000,-71.82441000
8.80920410,-89.66485000,-74.72943000
8.80981445,-84.88136000,-77.70369000
8.81042480,-86.89548000,-73.20293000
8.81103516,-88.51550000,-73.37167000
8.81164551,-86.23590000,-72.90726000
8.81225586,-86.13869000,-76.69109000
8.81286621,-91.69240000,-74.11648000
8.81347656,-97.62290000,-73.85509000
8.81408691,-105.70000000,-82.88483000
8.81469727,-93.97783000,-80.64017000
8.81530762,-85.60531000,-83.52286000
8.81591797,-86.22658000,-72.53519000
8.81652832,-91.61987000,-75.27075000
8.81713867,-91.86484000,-82.32614000
8.81774902,-87.54996000,-79.75325000
8.81835938,-88.72064000,-76.85244000
8.81896973,-89.42984000,-75.41521000
8.81958008,-87.95048000,-71.22617000
8.82019043,-91.26781000,-75.65670000
8.82080078,-106.45310000,-79.01201000
8.82141113,-91.98869000,-81.43005000
8.82202148,-92.29546000,-73.63624000
8.82263184,-92.87839000,-74.70445000
8.82324219,-89.43401000,-84.57481000
8.82385254,-92.07388000,-84.10933000
8.82446289,-94.26429000,-96.21911000
8.82507324,-90.70396000,-74.63741000
8.82568359,-91.39169000,-70.66740000
8.82629395,-95.13948000,-74.89125000
8.82690430,-89.47560000,-73.98883000
8.82751465,-87.39282000,-68.13170000
8.82812500,-90.30205000,-70.71682000
8.82873535,-91.45028000,-72.06335000
8.82934570,-92.05251000,-70.57712000
8.82995605,-86.96961000,-77.60722000
8.83056641,-89.77692000,-76.27534000
8.83117676,-97.56850000,-70.96039000
8.83178711,-95.84445000,-67.56583000
8.83239746,-92.88651000,-69.24201000
8.83300781,-94.71529000,-71.98019000
8.83361816,-86.57793000,-70.71084000
8.83422852,-81.98024000,-72.15281000
8.83483887,-84.61048000,-77.44280000
8.83544922,-97.78836000,-80.09660000
8.83605957,-96.93717000,-68.76513000
8.83666992,-101.55250000,-68.07048000
8.83728027,-95.76747000,-76.82651000
8.83789063,-92.63824000,-82.36473000
8.83850098,-90.51225000,-88.73620000
8.83911133,-94.82230000,-73.88727000
8.83972168,-92.36017000,-71.68974000
8.84033203,-85.41234000,-69.23377000
8.84094238,-83.39924000,-70.52828000
8.84155273,-86.78586000,-84.10186000
8.84216309,-105.71550000,-75.65331000
8.84277344,-94.14642000,-84.16096000
8.84338379,-93.64072000,-73.63671000
8.84399414,-90.44453000,-70.34946000
8.84460449,-88.17868000,-69.21624000
8.84521484,-89.36601000,-72.99996000
8.84582520,-96.45741000,-88.03699000
8.84643555,-93.36682000,-77.60652000
8.84704590,-94.27951000,-80.47810000
8.84765625,-99.79340000,-72.86150000
8.84826660,-97.13919000,-66.28500000
8.84887695,-91.56338000,-66.51141000
8.84948730,-88.99258000,-70.98889000
8.85009766,-89.46509000,-69.02229000
8.85070801,-88.32616000,-70.29235000
8.85131836,-87.94893000,-80.33672000
8.85192871,-92.48648000,-78.76085000
8.85253906,-96.22634000,-71.42842000
8.85314941,-92.90681000,-72.13019000
8.85375977,-91.35442000,-75.58000000
8.85437012,-94.92041000,-75.76991000
8.85498047,-88.58476000,-77.78348000
8.85559082,-87.65151000,-77.99278000
8.85620117,-101.69940000,-72.94432000
8.85681152,-93.56425000,-71.01954000
8.85742188,-89.68945000,-72.75373000
8.85803223,-93.86288000,-73.04507000
8.85864258,-96.19676000,-74.23512000
8.85925293,-90.91119000,-80.19542000
8.85986328,-87.86028000,-78.55215000
8.86047363,-88.69122000,-88.56714000
8.86108398,-89.54739000,-82.31470000
8.86169434,-91.50961000,-83.83671000
8.86230469,-91.63029000,-73.95545000
8.86291504,-90.60767000,-69.08029000
8.86352539,-97.22396000,-70.57250000
8.86413574,-105.60290000,-72.95516000
8.86474609,-97.75555000,-72.57303000
8.86535645,-94.12381000,-73.40068000
8.86596680,-89.39978000,-70.50273000
8.86657715,-92.34051000,-68.36092000
8.86718750,-98.25927000,-74.30747000
8.86779785,-97.13004000,-76.76986000
8.86840820,-91.37521000,-73.00571000
8.86901855,-93.19647000,-68.77593000
8.86962891,-99.96873000,-68.53660000
8.87023926,-92.75183000,-67.76984000
8.87084961,-90.28604000,-69.28691000
8.87145996,-90.49959000,-72.87971000
8.87207031,-91.04802000,-73.72704000
8.87268066,-94.88342000,-74.10815000
8.87329102,-102.64280000,-73.26115000
8.87390137,-109.04730000,-73.69395000
8.87451172,-92.16620000,-75.00686000
8.87512207,-88.95850000,-71.23457000
8.87573242,-90.61599000,-74.02386000
8.87634277,-83.17265000,-79.96072000
8.87695313,-85.28927000,-77.29556000
8.87756348,-97.75287000,-74.63744000
8.87817383,-87.00290000,-80.08090000
8.87878418,-90.19065000,-89.00460000
8.87939453,-96.23895000,-77.01562000
8.88000488,-93.96873000,-70.47894000
8.88061523,-88.67819000,-68.26875000
8.88122559,-87.57707000,-68.83920000
8.88183594,-86.15951000,-71.35240000
8.88244629,-86.19324000,-72.01260000
8.88305664,-88.01940000,-75.97025000
8.88366699,-90.45533000,-76.85312000
8.88427734,-95.93190000,-79.26246000
8.88488770,-94.22020000,-71.59625000
8.88549805,-91.66948000,-69.77567000
8.88610840,-93.63741000,-69.91853000
8.88671875,-93.07769000,-69.42981000
8.88732910,-92.94922000,-73.87091000
8.88793945,-95.92726000,-80.34830000
8.88854980,-86.69155000,-78.19917000
8.88916016,-87.34073000,-76.19180000
8.88977051,-96.55901000,-72.08495000
8.89038086,-101.28380000,-68.59032000
8.89099121,-102.78220000,-68.56071000
8.89160156,-100.59710000,-74.62402000
8.89221191,-91.60286000,-85.50169000
8.89282227,-89.21089000,-74.58731000
8.89343262,-94.11198000,-68.73041000
8.89404297,-98.28867000,-67.18936000
8.89465332,-87.32727000,-67.26279000
8.89526367,-84.33073000,-71.47031000
8.89587402,-84.85706000,-74.49620000
8.89648438,-85.70819000,-75.41426000
8.89709473,-85.24258000,-82.65149000
8.89770508,-87.32706000,-80.63895000
8.89831543,-97.87057000,-79.96947000
8.89892578,-92.59322000,-76.59924000
8.89953613,-90.62634000,-67.74993000
8.90014648,-89.70946000,-68.25601000
8.90075684,-100.59130000,-81.22762000
8.90136719,-93.91250000,-76.43663000
8.90197754,-89.99775000,-69.52525000
8.90258789,-89.27155000,-68.92032000
8.90319824,-88.53721000,-72.54948000
8.90380859,-88.29633000,-70.54175000
8.90441895,-86.13903000,-69.51971000
8.90502930,-89.61032000,-73.85019000
8.90563965,-97.30412000,-78.20828000
8.90625000,-91.99474000,-71.55145000
8.90686035,-94.11363000,-69.24427000
8.90747070,-109.42900000,-79.26957000
8.90808105,-99.58984000,-76.88103000
8.90869141,-103.54790000,-73.59954000
8.90930176,-108.47840000,-73.01490000
8.90991211,-93.61650000,-69.31079000
8.91052246,-90.98021000,-66.75691000
8.91113281,-97.12302000,-66.08501000
8.91174316,-105.58130000,-67.83412000
8.91235352,-98.94946000,-71.45316000
8.91296387,-102.49130000,-73.42818000
8.91357422,-102.60100000,-96.11634000
8.91418457,-94.22194000,-70.33367000
8.91479492,-102.94550000,-69.55067000
8.91540527,-83.08959000,-81.07144000
8.91601563,-82.67425000,-92.09537000
8.91662598,-89.77467000,-71.15340000
8.91723633,-84.71287000,-66.23653000
8.91784668,-79.94126000,-68.35583000
8.91845703,-76.38278000,-88.40230000
8.91906738,-77.02798000,-70.40976000
8.91967773,-81.81286000,-68.73131000
8.92028809,-89.49924000,-71.54778000
8.92089844,-91.61076000,-71.52370000
8.92150879,-88.08173000,-78.78555000
8.92211914,-102.15730000,-72.40513000
8.92272949,-92.44498000,-69.60511000
8.92333984,-91.39420000,-71.67908000
8.92395020,-99.09237000,-75.92586000
8.92456055,-94.95362000,-80.34184000
8.92517090,-100.47150000,-81.92728000
8.92578125,-95.05054000,-75.53135000
8.92639160,-95.85222000,-80.67072000
8.92700195,-104.40050000,-82.10725000
8.92761230,-90.26001000,-71.02917000
8.92822266,-84.17381000,-68.18127000
8.92883301,-84.50584000,-70.77453000
8.92944336,-92.01918000,-77.05250000
8.93005371,-105.87930000,-75.73870000
8.93066406,-99.84104000,-70.50066000
8.93127441,-94.57942000,-72.80869000
8.93188477,-91.86346000,-75.03167000
8.93249512,-89.76073000,-69.60355000
8.93310547,-92.37703000,-70.91528000
8.93371582,-87.59564000,-70.64959000
8.93432617,-92.36512000,-71.60100000
8.93493652,-99.09586000,-80.78154000
8.93554688,-91.22874000,-75.59510000
8.93615723,-88.10307000,-70.31796000
8.93676758,-85.57533000,-70.16475000
8.93737793,-85.94665000,-71.84702000
8.93798828,-83.45567000,-80.46388000
8.93859863,-79.47846000,-75.04773000
8.93920898,-73.67367000,-75.36348000
8.93981934,-73.66828000,-75.86808000
8.94042969,-80.61423000,-78.80999000
8.94104004,-88.29616000,-75.58520000
8.94165039,-89.66541000,-74.30461000
8.94226074,-91.36613000,-81.92178000
8.94287109,-91.20548000,-82.31815000
8.94348145,-89.80960000,-71.11072000
8.94409180,-89.52908000,-69.56413000
8.94470215,-91.69219000,-72.12460000
8.94531250,-97.63914000,-71.51218000
8.94592285,-92.47405000,-75.24500000
8.94653320,-89.38083000,-84.77042000
8.94714355,-90.49392000,-74.27357000
8.94775391,-93.09144000,-72.70522000
8.94836426,-89.95238000,-82.19521000
8.94897461,-84.27934000,-72.64013000
8.94958496,-85.45647000,-70.63897000
8.95019531,-91.95610000,-76.07205000
8.95080566,-96.90975000,-83.83362000
8.95141602,-101.96210000,-80.31387000
8.95202637,-93.68188000,-71.24944000
8.95263672,-91.42043000,-67.65717000
8.95324707,-104.83910000,-69.82237000
8.95385742,-88.11813000,-80.61599000
8.95446777,-84.96559000,-80.95283000
8.95507813,-87.54902000,-79.14888000
8.95568848,-94.23288000,-88.45049000
8.95629883,-90.44527000,-76.92967000
8.95690918,-94.79243000,-73.51897000
8.95751953,-93.62764000,-74.01641000
8.95812988,-88.19659000,-71.42799000
8.95874023,-92.20607000,-70.69035000
8.95935059,-89.64944000,-68.87279000
8.95996094,-80.24293000,-70.59013000
8.96057129,-76.44194000,-78.10863000
8.96118164,-82.75979000,-69.16344000
8.96179199,-85.92233000,-66.50419000
8.96240234,-92.93800000,-67.21770000
8.96301270,-98.65352000,-70.08784000
8.96362305,-90.76374000,-72.07266000
8.96423340,-90.29909000,-73.64063000
8.96484375,-95.76062000,-82.30397000
8.96545410,-92.36940000,-73.35883000
8.96606445,-99.33440000,-70.64767000
8.96667480,-104.25770000,-72.63879000
8.96728516,-97.22986000,-75.31953000
8.96789551,-93.67629000,-70.55399000
8.96850586,-98.57189000,-68.92924000
8.96911621,-93.89770000,-71.51388000
8.96972656,-92.63725000,-74.47157000
8.97033691,-98.72926000,-69.00069000
8.97094727,-92.17480000,-65.79861000
8.97155762,-91.83505000,-67.60043000
8.97216797,-97.07521000,-75.72826000
8.97277832,-105.56610000,-74.25459000
8.97338867,-92.72485000,-75.16176000
8.97399902,-94.73769000,-83.82124000
8.97460938,-88.16768000,-76.65381000
8.97521973,-88.48543000,-78.50841000
8.97583008,-99.80186000,-74.63033000
8.97644043,-92.22038000,-76.48274000
8.97705078,-86.60832000,-86.47456000
8.97766113,-80.89963000,-71.20948000
8.97827148,-82.42020000,-70.12836000
8.97888184,-90.30112000,-75.69887000
8.97949219,-92.97998000,-88.19678000
8.98010254,-89.38712000,-75.96412000
8.98071289,-82.88760000,-69.59382000
8.98132324,-76.11195000,-73.31773000
8.98193359,-77.35551000,-70.81221000
8.98254395,-87.39874000,-77.56131000
8.98315430,-101.45820000,-78.61497000
8.98376465,-88.49979000,-74.97379000
8.98437500,-92.64923000,-71.37562000
8.98498535,-86.91329000,-68.02911000
8.98559570,-86.47819000,-70.85997000
8.98620605,-88.41050000,-75.52494000
8.98681641,-93.26500000,-75.75266000
8.98742676,-107.11050000,-79.19942000
8.98803711,-95.80730000,-80.33146000
8.98864746,-91.31550000,-81.65492000
8.98925781,-97.32982000,-85.97243000
8.98986816,-106.24720000,-76.39743000
8.99047852,-96.58790000,-83.67493000
8.99108887,-99.58586000,-74.02071000
8.99169922,-106.62860000,-73.48936000
8.99230957,-94.57375000,-73.14978000
8.99291992,-87.64954000,-87.50145000
8.99353027,-86.48083000,-76.46019000
8.99414063,-90.95132000,-70.33093000
8.99475098,-94.69098000,-67.62463000
8.99536133,-89.93988000,-68.74010000
8.99597168,-92.40932000,-70.24799000
8.99658203,-95.37965000,-69.64781000
8.99719238,-91.81759000,-69.45657000
8.99780273,-90.87332000,-73.71780000
8.99841309,-95.05313000,-82.00828000
8.99902344,-92.70816000,-83.56197000
8.99963379,-89.48697000,-81.94650000
9.00024414,-90.90637000,-77.93147000
9.00085449,-91.65222000,-80.66308000
9.00146484,-86.02562000,-78.54356000
9.00207520,-75.91649000,-76.27867000
9.00268555,-74.38138000,-68.94947000
9.00329590,-81.05118000,-69.16556000
9.00390625,-92.32591000,-73.24556000
9.00451660,-92.14294000,-86.62563000
9.00512695,-95.90587000,-79.02197000
9.00573730,-93.88306000,-80.53185000
9.00634766,-95.10237000,-75.55536000
9.00695801,-92.20948000,-66.81740000
9.00756836,-93.48355000,-63.95636000
9.00817871,-100.72220000,-67.59981000
9.00878906,-91.80925000,-75.01049000
9.00939941,-91.52775000,-75.19916000
9.01000977,-92.92871000,-68.03928000
9.01062012,-90.59052000,-66.19888000
9.01123047,-93.97697000,-69.97035000
9.01184082,-93.58140000,-71.02586000
9.01245117,-95.65430000,-72.49680000
9.01306152,-96.29265000,-80.50600000
9.01367188,-94.21352000,-90.13942000
9.01428223,-90.54635000,-73.04308000
9.01489258,-89.30460000,-68.99878000
9.01550293,-86.53716000,-69.11986000
9.01611328,-86.57101000,-69.43347000
9.01672363,-85.86063000,-68.34846000
9.01733398,-83.99022000,-69.67567000
9.01794434,-88.05710000,-73.80290000
9.01855469,-85.84121000,-74.26667000
9.01916504,-85.45050000,-72.08743000
9.01977539,-89.39418000,-74.16661000
9.02038574,-94.59606000,-76.99340000
9.02099609,-89.40186000,-72.02153000
9.02160645,-92.00548000,-69.51023000
9.02221680,-93.53217000,-69.74395000
9.02282715,-82.35329000,-71.93240000
9.02343750,-78.77316000,-72.18573000
9.02404785,-83.01456000,-73.09467000
9.02465820,-86.72356000,-70.75935000
9.02526855,-86.91029000,-68.76079000
9.02587891,-89.32297000,-71.58167000
9.02648926,-92.85497000,-80.71697000
9.02709961,-89.54359000,-81.79129000
9.02770996,-85.03108000,-88.80555000
9.02832031,-87.37109000,-78.47222000
9.02893066,-103.15410000,-84.84801000
9.02954102,-92.50270000,-72.93408000
9.03015137,-88.79526000,-76.07904000
9.03076172,-88.06204000,-79.58511000
9.03137207,-89.00111000,-73.05487000
9.03198242,-97.54452000,-75.68740000
9.03259277,-90.10736000,-79.88110000
9.03320313,-93.47012000,-80.67199000
9.03381348,-93.72237000,-84.88486000
9.03442383,-95.05927000,-81.24815000
9.03503418,-91.94386000,-71.04446000
9.03564453,-88.88366000,-67.80999000
9.03625488,-86.84264000,-70.50795000
9.03686523,-89.86134000,-77.83156000
9.03747559,-92.03221000,-88.47701000
9.03808594,-84.28555000,-84.34677000
9.03869629,-85.48465000,-87.70108000
9.03930664,-87.64050000,-80.79110000
9.03991699,-94.53735000,-72.98579000
9.04052734,-92.13235000,-75.16528000
9.04113770,-88.06628000,-82.43723000
9.04174805,-92.96246000,-78.18205000
9.04235840,-90.47769000,-70.82166000
9.04296875,-85.17775000,-67.67423000
9.04357910,-90.09212000,-73.98698000
9.04418945,-84.11235000,-74.64975000
9.04479980,-79.94260000,-94.40285000
9.04541016,-87.92554000,-77.12682000
9.04602051,-125.01430000,-78.95150000
9.04663086,-100.83940000,-84.40331000
9.04724121,-94.18777000,-75.95430000
9.04785156,-93.13534000,-71.35444000
9.04846191,-96.79234000,-73.11585000
9.04907227,-95.11051000,-73.38959000
9.04968262,-94.50223000,-77.89560000
9.05029297,-94.27863000,-81.88612000
9.05090332,-94.29254000,-75.03539000
9.05151367,-92.13108000,-74.35571000
9.05212402,-89.65511000,-79.23955000
9.05273438,-88.07778000,-97.77777000
9.05334473,-87.38626000,-78.38418000
9.05395508,-85.80346000,-76.41979000
9.05456543,-86.04042000,-76.63728000
9.05517578,-87.58706000,-75.22159000
9.05578613,-86.53085000,-80.08401000
9.05639648,-88.95088000,-94.75241000
9.05700684,-108.86610000,-87.03146000
9.05761719,-100.86800000,-74.04295000
9.05822754,-103.65360000,-68.06420000
9.05883789,-102.19270000,-64.93178000
9.05944824,-98.28019000,-64.05101000
9.06005859,-96.57961000,-66.44418000
9.06066895,-102.27470000,-68.87798000
9.06127930,-94.02460000,-68.87009000
9.06188965,-97.54358000,-72.49594000
9.06250000,-93.64381000,-80.75214000
9.06311035,-98.19891000,-80.27888000
9.06372070,-92.66138000,-74.06571000
9.06433105,-92.59612000,-75.64619000
9.06494141,-84.40665000,-70.07461000
9.06555176,-78.36320000,-67.51530000
9.06616211,-79.22433000,-70.33633000
9.06677246,-85.96590000,-79.29126000
9.06738281,-94.66907000,-82.13070000
9.06799316,-98.17786000,-87.96704000
9.06860352,-95.15364000,-79.80006000
9.06921387,-86.68471000,-69.41985000
9.06982422,-85.49351000,-66.79095000
9.07043457,-89.99861000,-70.94070000
9.07104492,-90.35016000,-76.21034000
9.07165527,-85.15881000,-73.64272000
9.07226563,-87.56186000,-74.32542000
9.07287598,-91.31853000,-71.52483000
9.07348633,-107.89910000,-75.14100000
9.07409668,-107.57500000,-88.26608000
9.07470703,-97.31520000,-75.27522000
9.07531738,-90.42843000,-71.35028000
9.07592773,-89.23415000,-73.77705000
9.07653809,-97.32560000,-78.22083000
9.07714844,-98.92047000,-84.79823000
9.07775879,-96.87344000,-81.26581000
9.07836914,-93.33365000,-73.47478000
9.07897949,-87.13004000,-73.54498000
9.07958984,-86.53630000,-74.52249000
9.08020020,-85.47078000,-74.33572000
9.08081055,-86.38733000,-79.44231000
9.08142090,-91.78766000,-74.64352000
9.08203125,-94.43999000,-68.22717000
9.08264160,-96.11980000,-70.31233000
9.08325195,-95.13911000,-80.74294000
9.08386230,-84.13123000,-80.81462000
9.08447266,-82.82559000,-84.52643000
9.08508301,-89.28154000,-80.48904000
9.08569336,-88.23135000,-77.38116000
9.08630371,-81.50455000,-85.95338000
9.08691406,-81.76968000,-103.94680000
9.08752441,-86.00063000,-78.92646000
9.08813477,-99.16168000,-77.29093000
9.08874512,-88.18947000,-80.41331000
9.08935547,-84.84840000,-80.15832000
9.08996582,-85.25021000,-80.69404000
9.09057617,-85.41375000,-76.92430000
9.09118652,-86.20638000,-79.95699000
9.09179688,-91.93640000,-76.84362000
9.09240723,-100.66990000,-69.86443000
9.09301758,-88.08083000,-69.52785000
9.09362793,-85.85934000,-67.03437000
9.09423828,-86.67120000,-69.32960000
9.09484863,-89.71248000,-71.64639000
9.09545898,-99.59103000,-69.77153000
9.09606934,-94.92385000,-74.98731000
9.09667969,-89.68423000,-77.61178000
9.09729004,-88.86546000,-74.56380000
9.09790039,-91.63156000,-73.37198000
9.09851074,-98.54690000,-70.07677000
9.09912109,-104.59780000,-68.24866000
9.09973145,-109.75280000,-71.45647000
9.10034180,-96.37199000,-74.55964000
9.10095215,-93.16962000,-85.78996000
9.10156250,-106.36800000,-82.17789000
9.10217285,-89.85228000,-73.29770000
9.10278320,-87.42721000,-72.12521000
9.10339355,-91.76843000,-79.03275000
9.10400391,-93.88190000,-81.82452000
9.10461426,-88.14831000,-75.16179000
9.10522461,-87.40444000,-73.55501000
9.10583496,-89.95158000,-74.72339000
9.10644531,-97.36550000,-75.58549000
9.10705566,-91.31374000,-73.63127000
9.10766602,-89.51140000,-73.50650000
9.10827637,-95.28297000,-70.53365000
9.10888672,-95.20197000,-69.15877000
9.10949707,-92.10468000,-78.74213000
9.11010742,-85.97971000,-72.42172000
9.11071777,-86.02092000,-73.76138000
9.11132813,-94.69913000,-72.76578000
9.11193848,-96.80573000,-70.32865000
9.11254883,-96.85670000,-75.75936000
9.11315918,-89.29782000,-82.14659000
9.11376953,-86.86553000,-79.16273000
9.11437988,-87.48618000,-71.24146000
9.11499023,-90.07947000,-68.73565000
9.11560059,-93.49789000,-72.73467000
9.11621094,-92.28864000,-78.92978000
9.11682129,-84.95500000,-76.70879000
9.11743164,-81.97964000,-83.35149000
9.11804199,-85.64061000,-80.54000000
9.11865234,-97.14902000,-73.65375000
9.11926270,-92.91091000,-77.19051000
9.11987305,-89.55190000,-76.55051000
9.12048340,-93.58177000,-73.60696000
9.12109375,-91.07599000,-83.78546000
9.12170410,-88.18045000,-80.85620000
9.12231445,-88.02391000,-77.73766000
9.12292480,-92.90276000,-69.25737000
9.12353516,-96.37213000,-67.00581000
9.12414551,-94.94828000,-72.92437000
9.12475586,-90.31934000,-84.06345000
9.12536621,-94.14691000,-74.49373000
9.12597656,-90.52016000,-73.02380000
9.12658691,-90.93631000,-76.02705000
9.12719727,-93.25954000,-76.21280000
9.12780762,-89.85038000,-74.59528000
9.12841797,-86.36993000,-80.22122000
9.12902832,-88.91197000,-95.20317000
9.12963867,-98.24687000,-76.77095000
9.13024902,-96.40321000,-68.61723000
9.13085938,-93.69045000,-70.26611000
9.13146973,-91.36717000,-76.44546000
9.13208008,-88.96419000,-72.99857000
9.13269043,-90.53307000,-76.63363000
9.13330078,-113.97690000,-74.94345000
9.13391113,-97.04390000,-78.97689000
9.13452148,-102.29370000,-79.87258000
9.13513184,-92.61598000,-74.43705000
9.13574219,-89.73492000,-82.16767000
9.13635254,-95.43024000,-79.21636000
9.13696289,-92.18381000,-86.87667000
9.13757324,-89.67691000,-88.62032000
9.13818359,-92.78261000,-75.96091000
9.13879395,-106.06950000,-68.77322000
9.13940430,-98.84767000,-71.57049000
9.14001465,-98.18245000,-81.86137000
9.14062500,-104.80820000,-74.07941000
9.14123535,-96.13087000,-74.72938000
9.14184570,-99.19755000,-80.29753000
9.14245605,-101.05240000,-78.87200000
9.14306641,-100.23820000,-78.19052000
9.14367676,-91.93776000,-86.66823000
9.14428711,-86.96713000,-78.03455000
9.14489746,-87.74932000,-71.94192000
9.14550781,-89.61809000,-69.88311000
9.14611816,-93.81429000,-77.57996000
9.14672852,-98.16512000,-76.33292000
9.14733887,-96.97604000,-76.21674000
9.14794922,-101.96300000,-73.87309000
9.14855957,-94.47684000,-74.34488000
9.14916992,-96.19725000,-77.67805000
9.14978027,-99.61801000,-73.38525000
9.15039063,-92.72197000,-104.20820000
9.15100098,-92.18220000,-84.70900000
9.15161133,-88.78334000,-75.98186000
9.15222168,-86.45410000,-72.19861000
9.15283203,-87.98790000,-77.53796000
9.15344238,-93.67577000,-76.79052000
9.15405273,-101.08490000,-73.94749000
9.15466309,-91.31215000,-75.79882000
9.15527344,-87.10954000,-82.15153000
9.15588379,-85.29817000,-78.40082000
9.15649414,-85.28482000,-78.14955000
9.15710449,-84.93181000,-72.09380000
9.15771484,-86.34836000,-72.20432000
9.15832520,-87.89608000,-70.37483000
9.15893555,-87.46716000,-67.37240000
9.15954590,-88.36806000,-71.20328000
9.16015625,-87.84663000,-75.80353000
9.16076660,-88.42271000,-75.54311000
9.16137695,-93.10991000,-77.45646000
9.16198730,-93.19604000,-77.46679000
9.16259766,-89.63654000,-81.74998000
9.16320801,-96.27744000,-82.36745000
9.16381836,-96.53651000,-79.52632000
9.16442871,-93.60065000,-71.77521000
9.16503906,-91.16057000,-73.76001000
9.16564941,-89.15340000,-77.28236000
9.16625977,-91.02959000,-77.61614000
9.16687012,-91.62327000,-74.57227000
9.16748047,-89.15733000,-78.37483000
9.16809082,-86.15828000,-93.05447000
9.16870117,-86.64278000,-88.60416000
9.16931152,-98.30209000,-79.95901000
9.16992188,-94.15190000,-74.93601000
9.17053223,-90.85105000,-76.30177000
9.17114258,-102.14540000,-71.86342000
9.17175293,-96.00224000,-69.10603000
9.17236328,-94.42165000,-73.12112000
9.17297363,-93.80092000,-79.22888000
9.17358398,-89.89037000,-71.17921000
9.17419434,-86.75064000,-73.20448000
9.17480469,-87.26550000,-79.87523000
9.17541504,-88.95240000,-88.27350000
9.17602539,-92.14008000,-76.23839000
9.17663574,-92.31361000,-72.57510000
9.17724609,-99.85050000,-75.05444000
9.17785645,-85.53048000,-71.83893000
9.17846680,-89.20501000,-69.24052000
9.17907715,-91.73361000,-70.72369000
9.17968750,-84.24928000,-76.53116000
9.18029785,-83.73120000,-79.79259000
9.18090820,-85.11906000,-80.73165000
9.18151855,-85.08477000,-72.66760000
9.18212891,-83.12435000,-74.86730000
9.18273926,-83.26832000,-82.05057000
9.18334961,-85.65585000,-81.62953000
9.18395996,-88.25138000,-78.42988000
9.18457031,-94.94949000,-92.38995000
9.18518066,-87.95747000,-74.07874000
9.18579102,-85.71727000,-68.57451000
9.18640137,-89.99506000,-69.67274000
9.18701172,-90.02419000,-75.11426000
9.18762207,-88.95818000,-77.02756000
9.18823242,-91.36108000,-77.91823000
9.18884277,-93.05954000,-75.60587000
9.18945313,-89.72435000,-74.21442000
9.19006348,-94.72064000,-73.25089000
9.19067383,-99.83967000,-77.63498000
9.19128418,-100.72850000,-75.98193000
9.19189453,-97.05275000,-80.05838000
9.19250488,-92.22838000,-73.14729000
9.19311523,-90.60349000,-76.66679000
9.19372559,-87.90800000,-74.01358000
9.19433594,-92.18036000,-68.26830000
9.19494629,-97.19955000,-67.70204000
9.19555664,-89.46122000,-70.34741000
9.19616699,-85.85217000,-78.15102000
9.19677734,-85.05603000,-81.20564000
9.19738770,-86.64220000,-78.04925000
9.19799805,-90.18174000,-82.71500000
9.19860840,-92.79013000,-83.74019000
9.19921875,-89.36226000,-77.08833000
9.19982910,-90.01443000,-69.01569000
9.20043945,-90.43642000,-67.39732000
9.20104980,-90.87566000,-69.14886000
9.20166016,-98.25703000,-73.05971000
9.20227051,-92.08005000,-78.04060000
9.20288086,-84.69173000,-77.81369000
9.20349121,-82.64840000,-71.51183000
9.20410156,-87.89428000,-69.36093000
9.20471191,-92.16833000,-66.97307000
9.20532227,-86.01366000,-68.07441000
9.20593262,-89.94598000,-75.73076000
9.20654297,-104.74340000,-77.88881000
9.20715332,-91.31278000,-78.30238000
9.20776367,-91.87847000,-78.33418000
9.20837402,-94.53721000,-74.61995000
9.20898438,-94.86152000,-77.01365000
9.20959473,-93.58286000,-81.31680000
9.21020508,-94.28677000,-70.46790000
9.21081543,-94.24477000,-67.18089000
9.21142578,-87.25504000,-69.26926000
9.21203613,-83.70327000,-71.13623000
9.21264648,-89.11648000,-76.83513000
9.21325684,-90.54608000,-75.82749000
9.21386719,-84.01810000,-76.96576000
9.21447754,-85.49512000,-82.65517000
9.21508789,-86.33198000,-73.99085000
9.21569824,-86.51241000,-72.00370000
9.21630859,-88.17149000,-76.95962000
9.21691895,-76.09893000,-74.03822000
9.21752930,-72.93632000,-70.99660000
9.21813965,-80.63724000,-73.21687000
9.21875000,-85.63295000,-79.21362000
9.21936035,-88.09888000,-74.67287000
9.21997070,-85.60339000,-68.92258000
9.22058105,-84.64772000,-67.58157000
9.22119141,-90.26239000,-72.04984000
9.22180176,-90.33022000,-81.06244000
9.22241211,-87.75357000,-81.00023000
9.22302246,-89.30172000,-78.60955000
9.22363281,-90.50579000,-76.78387000
9.22424316,-96.74920000,-73.62624000
9.22485352,-96.03501000,-72.19262000
9.22546387,-88.63875000,-72.25372000
9.22607422,-95.97406000,-69.30082000
9.22668457,-94.40148000,-68.75352000
9.22729492,-93.77125000,-73.21627000
9.22790527,-90.24139000,-89.39773000
9.22851563,-90.41365000,-77.19408000
9.22912598,-102.52400000,-74.46113000
9.22973633,-104.01100000,-76.78483000
9.23034668,-95.79979000,-78.67099000
9.23095703,-88.97498000,-84.37554000
9.23156738,-88.02052000,-73.95928000
9.23217773,-89.92553000,-68.80205000
9.23278809,-93.00601000,-70.60664000
9.23339844,-88.60084000,-77.21050000
9.23400879,-94.27773000,-89.50306000
9.23461914,-94.68414000,-78.13364000
9.23522949,-94.97122000,-81.87280000
9.23583984,-93.65882000,-79.30101000
9.23645020,-88.53374000,-80.79845000
9.23706055,-87.62889000,-74.92362000
9.23767090,-97.34341000,-81.85591000
9.23828125,-92.14929000,-76.73226000
9.23889160,-89.35569000,-75.37193000
9.23950195,-86.88985000,-81.81724000
9.24011230,-89.21482000,-89.71419000
9.24072266,-94.46867000,-87.50973000
9.24133301,-103.34180000,-86.28368000
9.24194336,-94.03526000,-83.20019000
9.24255371,-91.69418000,-75.24870000
9.24316406,-84.60926000,-81.19910000
9.24377441,-86.39007000,-76.88319000
9.24438477,-93.67374000,-76.27178000
9.24499512,-90.58475000,-76.17510000
9.24560547,-92.21406000,-71.58513000
9.24621582,-99.04929000,-70.93419000
9.24682617,-95.17297000,-70.85122000
9.24743652,-92.42829000,-72.38171000
9.24804688,-89.89297000,-76.23318000
9.24865723,-84.33113000,-79.80398000
9.24926758,-81.81151000,-74.61786000
9.24987793,-85.77766000,-71.91219000
9.25048828,-92.69901000,-76.18899000
9.25109863,-96.29594000,-78.79562000
9.25170898,-93.71477000,-74.21664000
9.25231934,-94.55125000,-74.00625000
9.25292969,-90.82231000,-74.44530000
9.25354004,-96.07864000,-74.55683000
9.25415039,-89.71126000,-76.77851000
9.25476074,-87.35317000,-82.09576000
9.25537109,-96.26647000,-71.10918000
9.25598145,-96.97527000,-72.58748000
9.25659180,-100.51180000,-97.34959000
9.25720215,-102.16140000,-78.26157000
9.25781250,-98.22160000,-74.16177000
9.25842285,-98.99005000,-70.07282000
9.25903320,-94.74931000,-69.60641000
9.25964355,-86.36002000,-70.89574000
9.26025391,-83.20348000,-70.22910000
9.26086426,-86.72418000,-69.99732000
9.26147461,-95.18555000,-75.12053000
9.26208496,-91.91735000,-82.27818000
9.26269531,-97.62674000,-74.30415000
9.26330566,-86.73669000,-76.21154000
9.26391602,-81.83624000,-84.50725000
9.26452637,-83.42157000,-80.65606000
9.26513672,-85.77316000,-73.21893000
9.26574707,-86.23132000,-71.48230000
9.26635742,-88.37524000,-72.17970000
9.26696777,-91.00437000,-74.63774000
9.26757813,-95.92432000,-71.26344000
9.26818848,-95.90717000,-70.75121000
9.26879883,-91.66668000,-70.17561000
9.26940918,-88.81938000,-71.02620000
9.27001953,-97.89952000,-71.93140000
9.27062988,-89.24040000,-70.55354000
9.27124023,-91.71075000,-71.60086000
9.27185059,-90.63837000,-80.27988000
9.27246094,-87.70775000,-75.93421000
9.27307129,-87.79061000,-77.81064000
9.27368164,-92.66753000,-80.36522000
9.27429199,-100.39150000,-76.24375000
9.27490234,-92.12402000,-87.03719000
9.27551270,-91.17088000,-85.14237000
9.27612305,-89.18167000,-77.75271000
9.27673340,-88.24954000,-74.00719000
9.27734375,-90.48919000,-75.20531000
9.27795410,-91.03081000,-75.61343000
9.27856445,-93.14598000,-73.65299000
9.27917480,-91.23271000,-85.42258000
9.27978516,-117.18130000,-72.52227000
9.28039551,-90.33837000,-76.68538000
9.28100586,-91.30036000,-76.68282000
9.28161621,-111.82620000,-73.88837000
9.28222656,-95.47372000,-75.21509000
9.28283691,-94.11569000,-74.45387000
9.28344727,-102.92450000,-73.48669000
9.28405762,-91.05607000,-77.43793000
9.28466797,-88.38948000,-75.84922000
9.28527832,-88.89098000,-69.93871000
9.28588867,-87.58238000,-72.34936000
9.28649902,-87.33059000,-88.30702000
9.28710938,-86.81538000,-85.89243000
9.28771973,-83.91563000,-72.47471000
9.28833008,-84.21172000,-69.21002000
9.28894043,-87.05820000,-73.84970000
9.28955078,-88.60564000,-85.17921000
9.29016113,-88.80559000,-77.68188000
9.29077148,-91.90929000,-82.31395000
9.29138184,-102.77280000,-80.17518000
9.29199219,-91.60569000,-74.43073000
9.29260254,-96.19580000,-75.80244000
9.29321289,-102.49490000,-74.01189000
9.29382324,-90.54676000,-72.87972000
9.29443359,-90.83497000,-75.19759000
9.29504395,-100.36290000,-70.15359000
9.29565430,-110.47190000,-68.80269000
9.29626465,-99.72078000,-69.42681000
9.29687500,-97.35895000,-70.53901000
9.29748535,-113.32780000,-72.40722000
9.29809570,-94.58632000,-73.12856000
9.29870605,-89.13004000,-67.57827000
9.29931641,-93.92708000,-65.64539000
9.29992676,-92.43582000,-67.94141000
9.30053711,-89.26060000,-72.34661000
9.30114746,-88.52966000,-76.07043000
9.30175781,-90.44717000,-73.30449000
9.30236816,-94.19508000,-70.40907000
9.30297852,-93.69450000,-74.31313000
9.30358887,-100.83920000,-75.52632000
9.30419922,-102.86170000,-71.71484000
9.30480957,-97.44356000,-72.28763000
9.30541992,-102.27130000,-71.24516000
9.30603027,-99.55064000,-70.74363000
9.30664063,-101.73590000,-74.96770000
9.30725098,-95.00637000,-74.31271000
9.30786133,-90.88789000,-67.91635000
9.30847168,-85.94472000,-65.66812000
9.30908203,-86.00160000,-67.12638000
9.30969238,-90.23438000,-75.02817000
9.31030273,-89.98160000,-81.82985000
9.31091309,-91.64571000,-75.24126000
9.31152344,-91.52336000,-79.07475000
9.31213379,-88.27595000,-76.03015000
9.31274414,-88.47070000,-77.62890000
9.31335449,-91.20282000,-77.59086000
9.31396484,-85.61436000,-71.85028000
9.31457520,-88.47065000,-72.10198000
9.31518555,-111.46230000,-67.67361000
9.31579590,-91.06848000,-67.29617000
9.31640625,-88.70738000,-69.37547000
9.31701660,-96.49891000,-68.42233000
9.31762695,-90.96180000,-71.87656000
9.31823730,-90.93502000,-72.66656000
9.31884766,-88.67237000,-69.13868000
9.31945801,-84.38597000,-73.84451000
9.32006836,-82.76129000,-79.85239000
9.32067871,-85.83489000,-73.05215000
9.32128906,-92.45071000,-102.20080000
9.32189941,-91.28622000,-71.26086000
9.32250977,-92.27833000,-68.82255000
9.32312012,-88.30334000,-70.47890000
9.32373047,-86.23421000,-73.83274000
9.32434082,-89.59859000,-73.12756000
9.32495117,-93.01642000,-77.07626000
9.32556152,-92.13474000,-85.42328000
9.32617188,-89.73253000,-83.83861000
9.32678223,-100.89890000,-74.91873000
9.32739258,-93.08168000,-69.45016000
9.32800293,-88.79037000,-70.10474000
9.32861328,-87.45679000,-69.85486000
9.32922363,-93.95261000,-69.36672000
9.32983398,-96.19482000,-71.63093000
9.33044434,-91.57520000,-75.95171000
9.33105469,-89.19916000,-96.16463000
9.33166504,-88.12930000,-75.60381000
9.33227539,-88.12179000,-71.48074000
9.33288574,-92.71651000,-75.06533000
9.33349609,-105.31980000,-75.29044000
9.33410645,-95.81184000,-83.19496000
9.33471680,-104.54420000,-75.46051000
9.33532715,-92.63075000,-73.29279000
9.33593750,-88.99850000,-76.96037000
9.33654785,-91.19080000,-76.39354000
9.33715820,-98.75636000,-68.49240000
9.33776855,-98.26397000,-67.07380000
9.33837891,-92.85158000,-68.39915000
9.33898926,-96.35212000,-69.68810000
9.33959961,-97.50610000,-71.27773000
9.34020996,-101.06980000,-73.07772000
9.34082031,-93.86395000,-78.45607000
9.34143066,-88.67844000,-85.77167000
9.34204102,-88.84770000,-79.67191000
9.34265137,-89.50294000,-74.25636000
9.34326172,-89.79885000,-70.05387000
9.34387207,-86.67960000,-72.55664000
9.34448242,-87.26646000,-84.83025000
9.34509277,-89.10030000,-76.30558000
9.34570313,-89.96124000,-86.36990000
9.34631348,-91.10004000,-81.85249000
9.34692383,-96.21884000,-74.72556000
9.34753418,-100.24470000,-68.04022000
9.34814453,-92.95174000,-71.32922000
9.34875488,-93.44656000,-83.68777000
9.34936523,-102.81390000,-78.86185000
9.34997559,-99.58527000,-76.79398000
9.35058594,-95.54638000,-72.29358000
9.35119629,-90.03364000,-71.83546000
9.35180664,-95.64375000,-75.10999000
9.35241699,-97.02570000,-76.06306000
9.35302734,-93.00109000,-73.71062000
9.35363770,-92.19520000,-74.79230000
9.35424805,-92.24037000,-69.69147000
9.35485840,-87.83643000,-67.68826000
9.35546875,-88.37913000,-69.60197000
9.35607910,-97.19917000,-70.30292000
9.35668945,-93.23404000,-71.17015000
9.35729980,-86.56274000,-67.99491000
9.35791016,-86.70184000,-68.59691000
9.35852051,-88.25097000,-73.44486000
9.35913086,-93.13492000,-70.31988000
9.35974121,-98.79694000,-74.19074000
9.36035156,-91.71547000,-79.94378000
9.36096191,-88.03152000,-70.79102000
9.36157227,-86.24801000,-70.92586000
9.36218262,-85.18776000,-70.76394000
9.36279297,-86.60823000,-70.92091000
9.36340332,-92.81429000,-73.88211000
9.36401367,-89.72426000,-74.45907000
9.36462402,-86.87466000,-69.18916000
9.36523438,-94.93186000,-69.65566000
9.36584473,-103.89320000,-72.45106000
9.36645508,-100.91040000,-74.72121000
9.36706543,-88.44139000,-73.16810000
9.36767578,-85.07882000,-69.38177000
9.36828613,-86.87755000,-70.87512000
9.36889648,-99.63211000,-73.55638000
9.36950684,-89.02470000,-79.13417000
9.37011719,-90.32051000,-81.06802000
9.37072754,-91.33386000,-92.41229000
9.37133789,-87.64804000,-78.16071000
9.37194824,-90.28121000,-74.94172000
9.37255859,-92.43463000,-71.06317000
9.37316895,-88.92836000,-68.93848000
9.37377930,-90.49564000,-71.16707000
9.37438965,-99.81422000,-88.12422000
9.37500000,-105.50270000,-72.18404000
9.37561035,-113.55430000,-78.78574000
9.37622070,-95.98453000,-76.81603000
9.37683105,-90.53244000,-76.12764000
9.37744141,-90.78800000,-74.91415000
9.37805176,-88.99268000,-77.95872000
9.37866211,-87.15149000,-77.25412000
9.37927246,-86.09494000,-74.04024000
9.37988281,-86.27585000,-76.66402000
9.38049316,-87.31085000,-74.58647000
9.38110352,-89.57864000,-73.71130000
9.38171387,-86.92001000,-73.24222000
9.38232422,-88.46666000,-69.95654000
9.38293457,-90.89156000,-67.62685000
9.38354492,-88.38441000,-69.84384000
9.38415527,-87.64728000,-75.35682000
9.38476563,-92.66031000,-73.44068000
9.38537598,-91.73874000,-73.56703000
9.38598633,-93.85681000,-73.93884000
9.38659668,-92.42140000,-69.06937000
9.38720703,-96.55103000,-69.02299000
9.38781738,-91.63479000,-70.02849000
9.38842773,-92.82976000,-72.61366000
9.38903809,-93.36227000,-71.46251000
9.38964844,-103.67000000,-69.50997000
9.39025879,-94.96213000,-72.61729000
9.39086914,-98.94601000,-85.28817000
9.39147949,-94.99968000,-78.40821000
9.39208984,-95.21829000,-76.19023000
9.39270020,-93.57274000,-78.63419000
9.39331055,-85.79672000,-68.06020000
9.39392090,-85.09728000,-69.38951000
9.39453125,-88.18855000,-77.79243000
9.39514160,-92.60598000,-93.21728000
9.39575195,-91.39124000,-76.37636000
9.39636230,-83.74490000,-71.12454000
9.39697266,-85.06288000,-76.80076000
9.39758301,-86.10519000,-84.63470000
9.39819336,-83.95219000,-77.32173000
9.39880371,-85.29903000,-70.11559000
9.39941406,-90.82619000,-71.28928000
9.40002441,-88.27503000,-76.32101000
9.40063477,-83.79590000,-68.40386000
9.40124512,-82.77243000,-68.17264000
9.40185547,-86.06171000,-69.42126000
9.40246582,-90.28098000,-70.02525000
9.40307617,-93.00694000,-70.14055000
9.40368652,-101.30260000,-73.12075000
9.40429688,-90.00007000,-87.91341000
9.40490723,-90.62438000,-79.92480000
9.40551758,-88.51479000,-75.65150000
9.40612793,-86.35498000,-77.87662000
9.40673828,-87.28603000,-74.04259000
9.40734863,-91.40987000,-67.94714000
9.40795898,-92.95830000,-68.33661000
9.40856934,-89.18947000,-69.71056000
9.40917969,-92.67277000,-69.33340000
9.40979004,-96.10907000,-74.11322000
9.41040039,-90.37816000,-91.68800000
9.41101074,-92.65085000,-80.47412000
9.41162109,-91.42999000,-79.69554000
9.41223145,-87.57040000,-70.11539000
9.41284180,-100.35330000,-66.80717000
9.41345215,-93.42561000,-70.73465000
9.41406250,-90.32442000,-76.17393000
9.41467285,-87.71458000,-81.44531000
9.41528320,-86.10884000,-80.34914000
9.41589355,-87.98509000,-80.93887000
9.41650391,-90.66117000,-81.33996000
9.41711426,-83.14174000,-84.09566000
9.41772461,-80.25069000,-79.38597000
9.41833496,-84.93400000,-81.10805000
9.41894531,-89.17717000,-78.14499000
9.41955566,-96.91930000,-81.92885000
9.42016602,-88.44160000,-73.47273000
9.42077637,-85.49465000,-72.83644000
9.42138672,-86.55275000,-67.66867000
9.42199707,-87.70508000,-69.24953000
9.42260742,-89.32288000,-80.12744000
9.42321777,-89.17519000,-72.98309000
9.42382813,-89.70866000,-71.24422000
9.42443848,-92.66656000,-74.19950000
9.42504883,-99.64479000,-76.02280000
9.42565918,-114.48200000,-77.36198000
9.42626953,-103.66490000,-77.01246000
9.42687988,-104.27180000,-73.81433000
9.42749023,-99.74464000,-72.40234000
9.42810059,-88.34299000,-84.09637000
9.42871094,-86.65147000,-75.77578000
9.42932129,-91.82590000,-70.64515000
9.42993164,-97.00949000,-67.74057000
9.43054199,-89.81037000,-69.99909000
9.43115234,-89.17339000,-80.97940000
9.43176270,-88.75179000,-70.69022000
9.43237305,-89.03912000,-70.32983000
9.43298340,-90.82628000,-72.17462000
9.43359375,-91.57076000,-77.61374000
9.43420410,-86.93312000,-75.09923000
9.43481445,-91.44630000,-75.70208000
9.43542480,-114.86990000,-80.17518000
9.43603516,-104.71440000,-78.45872000
9.43664551,-108.59000000,-81.90231000
9.43725586,-98.25586000,-76.17855000
9.43786621,-98.41518000,-88.15286000
9.43847656,-90.89600000,-78.16584000
9.43908691,-92.03686000,-83.52724000
9.43969727,-96.47828000,-84.62665000
9.44030762,-93.76016000,-75.04044000
9.44091797,-95.45704000,-72.78705000
9.44152832,-99.05847000,-86.19240000
9.44213867,-96.03207000,-71.93423000
9.44274902,-89.08077000,-71.13942000
9.44335938,-90.65648000,-72.57645000
9.44396973,-97.23215000,-74.21284000
9.44458008,-88.37657000,-84.09989000
9.44519043,-88.50318000,-74.69813000
9.44580078,-98.33920000,-77.77776000
9.44641113,-91.52554000,-78.01466000
9.44702148,-88.05650000,-73.51488000
9.44763184,-89.33565000,-68.84805000
9.44824219,-101.70660000,-70.08910000
9.44885254,-92.35900000,-72.63303000
9.44946289,-91.70741000,-71.36504000
9.45007324,-95.36241000,-68.72481000
9.45068359,-85.78230000,-69.60139000
9.45129395,-88.54442000,-85.11784000
9.45190430,-91.16924000,-70.53043000
9.45251465,-90.84896000,-70.22263000
9.45312500,-91.71012000,-72.74679000
9.45373535,-90.66327000,-78.36674000
9.45434570,-91.38172000,-79.48512000
9.45495605,-103.32350000,-73.15644000
9.45556641,-96.33942000,-77.32062000
9.45617676,-96.90771000,-82.93558000
9.45678711,-86.31863000,-76.14013000
9.45739746,-84.14836000,-73.81288000
9.45800781,-85.97977000,-72.29317000
9.45861816,-94.86351000,-78.57678000
9.45922852,-91.33278000,-73.44115000
9.45983887,-89.09193000,-69.44076000
9.46044922,-93.94881000,-72.44632000
9.46105957,-87.00072000,-83.89439000
9.46166992,-93.51383000,-80.49850000
9.46228027,-110.91400000,-79.88939000
9.46289063,-102.02430000,-75.55670000
9.46350098,-111.19340000,-87.97733000
9.46411133,-110.37580000,-73.01353000
9.46472168,-91.57845000,-75.85756000
9.46533203,-87.88151000,-76.06095000
9.46594238,-91.01952000,-71.54510000
9.46655273,-98.42047000,-75.92334000
9.46716309,-92.87217000,-81.32683000
9.46777344,-90.07336000,-77.30052000
9.46838379,-90.82631000,-77.91265000
9.46899414,-92.09100000,-77.50383000
9.46960449,-100.93940000,-71.90018000
9.47021484,-94.46677000,-80.17012000
9.47082520,-96.50806000,-78.39600000
9.47143555,-87.42914000,-68.52729000
9.47204590,-85.07733000,-69.06457000
9.47265625,-84.87167000,-76.66267000
9.47326660,-89.93036000,-92.37917000
9.47387695,-96.42449000,-74.94054000
9.47448730,-89.05554000,-72.64053000
9.47509766,-93.75462000,-73.85759000
9.47570801,-103.10860000,-77.74395000
9.47631836,-94.11461000,-77.89735000
9.47692871,-90.64640000,-72.28742000
9.47753906,-90.87889000,-77.00254000
9.47814941,-90.45925000,-72.88107000
9.47875977,-92.50007000,-70.45698000
9.47937012,-87.83890000,-72.38964000
9.47998047,-87.32362000,-76.68855000
9.48059082,-89.66035000,-71.07552000
9.48120117,-95.52669000,-69.28201000
9.48181152,-87.77672000,-68.95596000
9.48242188,-90.34227000,-71.58817000
9.48303223,-103.33810000,-78.47639000
9.48364258,-103.13430000,-77.11810000
9.48425293,-90.80506000,-69.58856000
9.48486328,-82.73808000,-66.89764000
9.48547363,-82.05117000,-68.10364000
9.48608398,-85.78236000,-72.32967000
9.48669434,-88.45892000,-78.82961000
9.48730469,-86.16756000,-73.31797000
9.48791504,-86.80569000,-73.76579000
9.48852539,-92.39862000,-76.09637000
9.48913574,-92.59362000,-81.52943000
9.48974609,-100.22050000,-75.80158000
9.49035645,-95.51553000,-75.80970000
9.49096680,-91.18122000,-80.60226000
9.49157715,-90.45212000,-79.83702000
9.49218750,-95.95394000,-85.23728000
9.49279785,-98.71242000,-89.75616000
9.49340820,-91.07262000,-85.90015000
9.49401855,-86.38449000,-74.87164000
9.49462891,-89.62998000,-72.94047000
9.49523926,-92.62927000,-78.96094000
9.49584961,-91.08961000,-81.83128000
9.49645996,-92.89338000,-74.30762000
9.49707031,-94.97108000,-71.05794000
9.49768066,-91.03040000,-73.75578000
9.49829102,-89.62563000,-72.12626000
9.49890137,-83.30658000,-69.71693000
9.49951172,-78.01846000,-73.49831000
9.50012207,-78.48189000,-72.35468000
9.50073242,-83.43491000,-69.00023000
9.50134277,-90.91194000,-70.63060000
9.50195313,-91.39594000,-74.57858000
9.50256348,-91.48285000,-70.78339000
9.50317383,-95.73510000,-69.99402000
9.50378418,-95.84041000,-76.98235000
9.50439453,-93.31153000,-85.49039000
9.50500488,-91.37868000,-79.42052000
9.50561523,-88.62682000,-76.63448000
9.50622559,-90.49709000,-70.91790000
9.50683594,-88.57977000,-78.55489000
9.50744629,-86.74785000,-77.11959000
9.50805664,-87.05326000,-72.04285000
9.50866699,-91.50433000,-71.09113000
9.50927734,-90.80273000,-76.70330000
9.50988770,-89.30282000,-69.28903000
9.51049805,-94.50032000,-66.72424000
9.51110840,-86.72150000,-67.36441000
9.51171875,-86.49706000,-70.07262000
9.51232910,-90.98244000,-77.32681000
9.51293945,-89.86197000,-86.74818000
9.51354980,-92.47491000,-77.44548000
9.51416016,-93.93083000,-78.51405000
9.51477051,-94.71211000,-85.90048000
9.51538086,-94.89186000,-81.40714000
9.51599121,-90.79958000,-72.31568000
9.51660156,-79.24837000,-71.09969000
9.51721191,-68.88976000,-78.33857000
9.51782227,-68.13551000,-71.53781000
9.51843262,-75.92230000,-72.07117000
9.51904297,-93.52980000,-73.72678000
9.51965332,-96.04252000,-69.34447000
9.52026367,-93.27213000,-68.50671000
9.52087402,-104.97550000,-69.86484000
9.52148438,-100.18860000,-73.13332000
9.52209473,-93.44234000,-76.24099000
9.52270508,-93.17406000,-77.24511000
9.52331543,-87.88130000,-81.37843000
9.52392578,-92.36935000,-68.33402000
9.52453613,-101.18920000,-69.06230000
9.52514648,-90.91953000,-88.27209000
9.52575684,-91.61945000,-77.07403000
9.52636719,-96.28938000,-76.64098000
9.52697754,-91.13591000,-86.70246000
9.52758789,-92.56840000,-77.49407000
9.52819824,-91.29013000,-73.40318000
9.52880859,-91.04907000,-72.89391000
9.52941895,-88.45665000,-78.08424000
9.53002930,-87.81992000,-86.67266000
9.53063965,-91.65898000,-74.12236000
9.53125000,-85.99727000,-72.73296000
9.53186035,-83.24289000,-74.18675000
9.53247070,-86.74966000,-75.72002000
9.53308105,-91.51913000,-78.67896000
9.53369141,-92.00309000,-81.66299000
9.53430176,-96.16373000,-87.22610000
9.53491211,-93.80295000,-78.24052000
9.53552246,-88.28120000,-73.21664000
9.53613281,-88.38507000,-73.05915000
9.53674316,-92.74588000,-86.79987000
9.53735352,-96.68690000,-75.89301000
9.53796387,-97.18100000,-75.10851000
9.53857422,-100.58600000,-78.20338000
9.53918457,-97.35144000,-77.60432000
9.53979492,-89.45362000,-92.64159000
9.54040527,-86.25121000,-81.96758000
9.54101563,-86.12936000,-80.10504000
9.54162598,-86.45176000,-88.93419000
9.54223633,-90.33521000,-79.64357000
9.54284668,-93.43922000,-72.08757000
9.54345703,-93.46115000,-75.14299000
9.54406738,-92.40231000,-74.89168000
9.54467773,-90.51955000,-81.05824000
9.54528809,-97.55906000,-75.32867000
9.54589844,-94.68791000,-71.85477000
9.54650879,-89.48304000,-72.27759000
9.54711914,-84.65168000,-77.40469000
9.54772949,-87.09468000,-72.45385000
9.54833984,-89.63408000,-70.61446000
9.54895020,-87.25485000,-68.59389000
9.54956055,-85.81261000,-67.60082000
9.55017090,-85.90460000,-70.01350000
9.55078125,-89.79286000,-70.67305000
9.55139160,-103.42970000,-74.37386000
9.55200195,-98.79943000,-78.28015000
9.55261230,-91.27238000,-80.18991000
9.55322266,-88.53677000,-79.33418000
9.55383301,-88.45188000,-71.94190000
9.55444336,-92.88619000,-67.68190000
9.55505371,-103.68690000,-67.01527000
9.55566406,-104.28630000,-71.33700000
9.55627441,-95.85796000,-78.87046000
9.55688477,-95.26069000,-89.36263000
9.55749512,-108.33070000,-79.58357000
9.55810547,-106.25220000,-73.67365000
9.55871582,-91.92902000,-71.34511000
9.55932617,-92.09777000,-72.06601000
9.55993652,-91.40496000,-73.54610000
9.56054688,-97.60718000,-75.60634000
9.56115723,-97.37642000,-75.98716000
9.56176758,-94.41123000,-81.15241000
9.56237793,-89.03371000,-73.46094000
9.56298828,-85.82759000,-74.32990000
9.56359863,-86.79527000,-84.89266000
9.56420898,-92.98230000,-71.57758000
9.56481934,-96.43871000,-69.84332000
9.56542969,-93.70106000,-70.23779000
9.56604004,-95.05547000,-71.12881000
9.56665039,-95.78444000,-73.53023000
9.56726074,-95.80379000,-77.22343000
9.56787109,-105.33560000,-82.41812000
9.56848145,-93.45027000,-80.97202000
9.56909180,-87.42939000,-78.46404000
9.56970215,-86.24406000,-83.25695000
9.57031250,-87.85382000,-69.71132000
9.57092285,-88.30975000,-66.98506000
9.57153320,-88.57209000,-70.54659000
9.57214355,-89.60533000,-75.43767000
9.57275391,-91.62067000,-79.58419000
9.57336426,-93.05393000,-76.78947000
9.57397461,-90.14357000,-70.10154000
9.57458496,-100.48290000,-69.57851000
9.57519531,-91.74174000,-74.01550000
9.57580566,-98.01436000,-73.34290000
9.57641602,-93.40759000,-73.27295000
9.57702637,-90.47992000,-80.22026000
9.57763672,-90.00803000,-76.63965000
9.57824707,-89.41779000,-70.30476000
9.57885742,-94.17349000,-68.06982000
9.57946777,-93.40483000,-67.01446000
9.58007813,-94.65126000,-71.96512000
9.58068848,-92.73798000,-79.09243000
9.58129883,-89.96512000,-74.62205000
9.58190918,-79.69701000,-72.89394000
9.58251953,-80.13531000,-71.64340000
9.58312988,-87.11880000,-75.30598000
9.58374023,-90.91466000,-70.73585000
9.58435059,-103.49530000,-68.11507000
9.58496094,-91.62067000,-72.39361000
9.58557129,-86.15010000,-87.97356000
9.58618164,-87.59406000,-76.93809000
9.58679199,-96.45499000,-71.97192000
9.58740234,-90.70532000,-72.90645000
9.58801270,-88.64923000,-82.48480000
9.58862305,-100.79450000,-76.98123000
9.58923340,-99.33793000,-70.73608000
9.58984375,-89.12996000,-78.74472000
9.59045410,-88.85964000,-81.30428000
9.59106445,-92.91470000,-85.59460000
9.59167480,-98.42790000,-72.86195000
9.59228516,-91.89973000,-71.15701000
9.59289551,-93.94086000,-71.63232000
9.59350586,-100.23360000,-72.82034000
9.59411621,-96.64639000,-77.38109000
9.59472656,-91.38585000,-74.64086000
9.59533691,-95.66045000,-75.46274000
9.59594727,-113.54190000,-82.26066000
9.59655762,-92.98340000,-76.92411000
9.59716797,-91.41428000,-76.43945000
9.59777832,-94.75554000,-75.08388000
9.59838867,-89.54845000,-73.26732000
9.59899902,-95.96745000,-74.46998000
9.59960938,-103.71830000,-75.21234000
9.60021973,-101.74430000,-72.50095000
9.60083008,-90.63174000,-75.99336000
9.60144043,-89.42161000,-73.49710000
9.60205078,-88.43730000,-72.02408000
9.60266113,-89.00362000,-74.33631000
9.60327148,-88.71748000,-75.46423000
9.60388184,-86.91336000,-77.87706000
9.60449219,-89.02792000,-72.25084000
9.60510254,-89.43566000,-72.76872000
9.60571289,-91.17198000,-72.49869000
9.60632324,-94.72998000,-69.64552000
9.60693359,-88.89342000,-72.76530000
9.60754395,-87.51075000,-76.49113000
9.60815430,-96.04076000,-74.36330000
9.60876465,-92.04149000,-74.42013000
9.60937500,-86.90766000,-77.19748000
9.60998535,-93.41709000,-74.03452000
9.61059570,-95.88156000,-73.80202000
9.61120605,-91.12785000,-78.09358000
9.61181641,-91.92084000,-78.68449000
9.61242676,-89.28020000,-75.45091000
9.61303711,-86.43877000,-74.64927000
9.61364746,-87.27324000,-71.04951000
9.61425781,-89.91191000,-71.77457000
9.61486816,-99.97452000,-72.65635000
9.61547852,-90.89013000,-72.68184000
9.61608887,-93.91762000,-74.85323000
9.61669922,-95.96523000,-80.01815000
9.61730957,-88.70055000,-85.89832000
9.61791992,-91.26157000,-84.60585000
9.61853027,-107.89010000,-80.40497000
9.61914063,-87.91683000,-79.04062000
9.61975098,-82.89883000,-82.70036000
9.62036133,-85.98369000,-77.06474000
9.62097168,-88.66413000,-74.05150000
9.62158203,-84.09532000,-72.20177000
9.62219238,-84.10386000,-77.80809000
9.62280273,-90.16302000,-75.86831000
9.62341309,-88.02898000,-73.98840000
9.62402344,-84.93282000,-73.90616000
9.62463379,-89.51187000,-74.67197000
9.62524414,-93.39288000,-75.23862000
9.62585449,-96.56357000,-77.07909000
9.62646484,-97.46543000,-75.09179000
9.62707520,-93.80561000,-72.32953000
9.62768555,-98.02492000,-73.10600000
9.62829590,-89.13263000,-71.19540000
9.62890625,-90.44356000,-68.37692000
9.62951660,-83.58643000,-69.11015000
9.63012695,-81.95227000,-77.11775000
9.63073730,-85.65434000,-77.81756000
9.63134766,-95.88657000,-68.41383000
9.63195801,-99.52435000,-67.95228000
9.63256836,-105.42010000,-73.99776000
9.63317871,-93.88632000,-76.29153000
9.63378906,-86.83419000,-77.90951000
9.63439941,-87.35577000,-77.82825000
9.63500977,-92.80692000,-81.24722000
9.63562012,-90.35854000,-82.95188000
9.63623047,-84.63695000,-74.48744000
9.63684082,-85.76274000,-81.11214000
9.63745117,-101.49540000,-75.20689000
9.63806152,-84.20548000,-80.04230000
9.63867188,-79.72269000,-74.59411000
9.63928223,-83.30578000,-70.77773000
9.63989258,-104.34270000,-69.73479000
9.64050293,-95.37965000,-69.95906000
9.64111328,-91.20300000,-74.62446000
9.64172363,-98.67713000,-89.11538000
9.64233398,-89.92645000,-74.07452000
9.64294434,-88.37900000,-68.15643000
9.64355469,-95.56309000,-67.35938000
9.64416504,-97.47926000,-70.89585000
9.64477539,-98.04447000,-74.47291000
9.64538574,-96.38417000,-74.33157000
9.64599609,-95.52628000,-71.82086000
9.64660645,-91.28368000,-74.99416000
9.64721680,-95.75446000,-75.59882000
9.64782715,-97.21419000,-76.04508000
9.64843750,-88.62878000,-78.85545000
9.64904785,-91.20079000,-75.74325000
9.64965820,-91.28236000,-71.18911000
9.65026855,-86.89554000,-66.73898000
9.65087891,-84.99793000,-65.85204000
9.65148926,-88.46498000,-71.96149000
9.65209961,-95.20346000,-94.96347000
9.65270996,-91.23810000,-80.32335000
9.65332031,-91.58528000,-81.16966000
9.65393066,-86.74493000,-74.21378000
9.65454102,-83.77338000,-75.03188000
9.65515137,-84.13551000,-72.59349000
9.65576172,-83.48067000,-71.82973000
9.65637207,-82.91014000,-76.93685000
9.65698242,-88.92014000,-80.01877000
9.65759277,-98.36097000,-82.71349000
9.65820313,-87.77256000,-76.49046000
9.65881348,-85.24049000,-69.65228000
9.65942383,-84.95512000,-68.28980000
9.66003418,-83.96748000,-67.81457000
9.66064453,-83.98302000,-68.69984000
9.66125488,-87.06422000,-71.01857000
9.66186523,-89.87563000,-72.17639000
9.66247559,-87.45274000,-73.03876000
9.66308594,-93.73346000,-75.16740000
9.66369629,-90.26402000,-72.56581000
9.66430664,-88.87275000,-68.59674000
9.66491699,-89.54153000,-68.70574000
9.66552734,-89.74786000,-71.78639000
9.66613770,-92.30730000,-83.74531000
9.66674805,-99.09234000,-78.73868000
9.66735840,-99.29794000,-78.49377000
9.66796875,-97.93324000,-77.60436000
9.66857910,-95.88509000,-74.40708000
9.66918945,-91.16075000,-73.98743000
9.66979980,-90.59162000,-74.19730000
9.67041016,-94.63302000,-72.37657000
9.67102051,-85.89160000,-76.71077000
9.67163086,-85.32201000,-82.16136000
9.67224121,-95.24586000,-82.62440000
9.67285156,-96.93687000,-76.03116000
9.67346191,-90.74440000,-80.02242000
9.67407227,-92.28435000,-81.01732000
9.67468262,-87.13750000,-74.61414000
9.67529297,-88.48212000,-73.67596000
9.67590332,-88.65836000,-75.79379000
9.67651367,-88.53296000,-73.76897000
9.67712402,-93.15990000,-72.73941000
9.67773438,-97.75333000,-79.95967000
9.67834473,-96.39991000,-84.73882000
9.67895508,-93.18340000,-76.48708000
9.67956543,-95.71518000,-72.32584000
9.68017578,-104.55100000,-77.37477000
9.68078613,-95.42850000,-85.24429000
9.68139648,-86.80475000,-76.14110000
9.68200684,-82.16434000,-77.51378000
9.68261719,-83.57178000,-77.93263000
9.68322754,-88.29190000,-71.16218000
9.68383789,-95.93021000,-67.15549000
9.68444824,-101.81440000,-68.82631000
9.68505859,-96.66061000,-76.66520000
9.68566895,-91.07456000,-73.39673000
9.68627930,-91.50177000,-74.32952000
9.68688965,-86.26791000,-81.46442000
9.68750000,-86.49304000,-71.52225000
9.68811035,-88.71675000,-72.00285000
9.68872070,-86.19899000,-72.03729000
9.68933105,-86.96196000,-69.06114000
9.68994141,-89.75885000,-70.32881000
9.69055176,-93.90122000,-79.20064000
9.69116211,-93.17036000,-76.77299000
9.69177246,-90.44524000,-73.10223000
9.69238281,-94.83910000,-73.37199000
9.69299316,-111.24180000,-71.39874000
9.69360352,-98.25771000,-79.62650000
9.69421387,-95.22902000,-79.18482000
9.69482422,-94.59617000,-72.00963000
9.69543457,-89.75040000,-71.06714000
9.69604492,-85.68263000,-74.13454000
9.69665527,-82.20641000,-75.60092000
9.69726563,-85.03799000,-75.04996000
9.69787598,-94.47162000,-76.22025000
9.69848633,-89.84444000,-80.90606000
9.69909668,-89.19217000,-78.34834000
9.69970703,-90.26101000,-69.68446000
9.70031738,-109.76390000,-69.43286000
9.70092773,-117.60190000,-70.14555000
9.70153809,-91.57156000,-72.74733000
9.70214844,-86.42618000,-87.34229000
9.70275879,-82.90172000,-70.17701000
9.70336914,-84.28644000,-71.11515000
9.70397949,-87.85338000,-79.18919000
9.70458984,-86.46954000,-84.50043000
9.70520020,-87.68364000,-82.35918000
9.70581055,-106.93040000,-72.76684000
9.70642090,-91.11161000,-70.11549000
9.70703125,-88.22330000,-68.73094000
9.70764160,-88.31707000,-70.94022000
9.70825195,-87.62347000,-73.10210000
9.70886230,-90.91438000,-80.45452000
9.70947266,-94.21029000,-74.42604000
9.71008301,-90.52077000,-70.12151000
9.71069336,-93.21690000,-75.91239000
9.71130371,-90.92696000,-76.20596000
9.71191406,-88.87872000,-80.80189000
9.71252441,-90.70334000,-83.04961000
9.71313477,-87.48740000,-80.41837000
9.71374512,-87.99783000,-71.86443000
9.71435547,-92.83677000,-69.27182000
9.71496582,-105.03530000,-74.22382000
9.71557617,-101.61590000,-73.91338000
9.71618652,-94.11690000,-73.84281000
9.71679688,-88.85667000,-79.80203000
9.71740723,-80.44069000,-83.60531000
9.71801758,-81.75437000,-74.95911000
9.71862793,-91.16240000,-71.72885000
9.71923828,-100.08800000,-71.30922000
9.71984863,-98.16428000,-70.50844000
9.72045898,-107.49800000,-67.94481000
9.72106934,-96.37321000,-66.06066000
9.72167969,-89.11655000,-69.34315000
9.72229004,-86.55738000,-76.78971000
9.72290039,-91.99100000,-74.53919000
9.72351074,-98.92625000,-77.40147000
9.72412109,-97.49714000,-75.33852000
9.72473145,-107.23630000,-73.72733000
9.72534180,-101.54960000,-77.21503000
9.72595215,-100.06760000,-87.22230000
9.72656250,-103.51370000,-76.13044000
9.72717285,-104.54890000,-76.83530000
9.72778320,-94.96738000,-77.97227000
9.72839355,-93.08322000,-78.30245000
9.72900391,-94.61009000,-72.52150000
9.72961426,-96.74039000,-67.44349000
9.73022461,-96.33936000,-70.93204000
9.73083496,-94.51875000,-74.61282000
9.73144531,-92.47560000,-71.57173000
9.73205566,-87.12228000,-85.69180000
9.73266602,-87.93227000,-74.57973000
9.73327637,-95.06390000,-71.62234000
9.73388672,-96.49872000,-73.00684000
9.73449707,-93.53400000,-76.05807000
9.73510742,-93.02518000,-86.16619000
9.73571777,-94.86340000,-93.91396000
9.73632813,-94.76833000,-74.63602000
9.73693848,-89.59528000,-72.62893000
9.73754883,-88.35112000,-90.27249000
9.73815918,-96.66985000,-71.72202000
9.73876953,-100.36050000,-70.16028000
9.73937988,-98.91652000,-73.57131000
9.73999023,-101.66240000,-73.51363000
9.74060059,-106.88390000,-68.39333000
9.74121094,-115.18520000,-69.88446000
9.74182129,-99.98882000,-76.63213000
9.74243164,-96.85219000,-79.67947000
9.74304199,-99.14817000,-76.76184000
9.74365234,-96.02702000,-72.33224000
9.74426270,-92.09172000,-70.62453000
9.74487305,-91.56109000,-70.57687000
9.74548340,-93.65378000,-74.69050000
9.74609375,-89.78439000,-83.11013000
9.74670410,-90.04561000,-73.95537000
9.74731445,-92.77106000,-68.69971000
9.74792480,-92.96712000,-69.76129000
9.74853516,-90.17122000,-84.68140000
9.74914551,-90.39114000,-76.79842000
9.74975586,-90.43425000,-77.51656000
9.75036621,-85.78271000,-94.33648000
9.75097656,-86.69162000,-73.29453000
9.75158691,-86.61503000,-73.40321000
9.75219727,-86.88293000,-71.95792000
9.75280762,-102.10710000,-68.99916000
9.75341797,-87.50659000,-71.82836000
9.75402832,-86.64352000,-72.95926000
9.75463867,-94.41132000,-75.50423000
9.75524902,-95.00432000,-71.23299000
9.75585938,-89.52193000,-68.38059000
9.75646973,-88.34424000,-73.37737000
9.75708008,-86.33239000,-79.93864000
9.75769043,-85.46805000,-70.39243000
9.75830078,-85.58814000,-69.21465000
9.75891113,-83.40558000,-74.26906000
9.75952148,-83.90169000,-72.36843000
9.76013184,-88.74896000,-65.60458000
9.76074219,-95.19154000,-67.45648000
9.76135254,-88.41257000,-73.04182000
9.76196289,-89.71276000,-74.47174000
9.76257324,-95.89044000,-73.38006000
9.76318359,-93.72200000,-78.74606000
9.76379395,-92.54764000,-80.63728000
9.76440430,-122.06820000,-75.58680000
9.76501465,-93.32986000,-78.59282000
9.76562500,-92.61855000,-84.89771000
9.76623535,-90.33902000,-83.54377000
9.76684570,-89.05521000,-76.25619000
9.76745605,-90.04074000,-72.76312000
9.76806641,-96.52103000,-70.91277000
9.76867676,-96.36072000,-71.12647000
9.76928711,-93.31295000,-71.31885000
9.76989746,-94.34598000,-74.56337000
9.77050781,-88.96719000,-78.13460000
9.77111816,-87.51494000,-76.77724000
9.77172852,-95.11522000,-76.20389000
9.77233887,-88.65024000,-87.39554000
9.77294922,-84.91254000,-73.67542000
9.77355957,-86.34827000,-73.54535000
9.77416992,-93.29922000,-71.03596000
9.77478027,-96.28616000,-67.44868000
9.77539063,-89.91039000,-68.71634000
9.77600098,-91.23128000,-75.19099000
9.77661133,-91.09603000,-79.81674000
9.77722168,-86.45718000,-74.61728000
9.77783203,-82.96577000,-75.27932000
9.77844238,-83.26730000,-76.40530000
9.77905273,-87.73900000,-79.23707000
9.77966309,-94.67783000,-76.14854000
9.78027344,-106.41170000,-72.32980000
9.78088379,-90.87817000,-76.04199000
9.78149414,-85.87831000,-74.39909000
9.78210449,-85.92741000,-74.19698000
9.78271484,-91.01128000,-76.92494000
9.78332520,-108.95280000,-76.54478000
9.78393555,-89.87175000,-68.91942000
9.78454590,-85.81763000,-68.16945000
9.78515625,-86.33068000,-72.27325000
9.78576660,-90.30331000,-74.37321000
9.78637695,-95.71358000,-76.87890000
9.78698730,-94.51945000,-79.84345000
9.78759766,-89.82749000,-72.66554000
9.78820801,-88.29124000,-72.11131000
9.78881836,-89.50208000,-73.74503000
9.78942871,-91.33121000,-72.83522000
9.79003906,-93.15132000,-70.56428000
9.79064941,-91.89101000,-79.00134000
9.79125977,-86.09462000,-87.86073000
9.79187012,-85.60876000,-78.80710000
9.79248047,-93.99741000,-78.46206000
9.79309082,-91.85797000,-86.03057000
9.79370117,-87.28657000,-76.86456000
9.79431152,-89.28696000,-74.41373000
9.79492188,-87.04884000,-76.52091000
9.79553223,-90.32540000,-78.06661000
9.79614258,-93.54027000,-77.08959000
9.79675293,-89.59045000,-73.25377000
9.79736328,-87.27072000,-69.36871000
9.79797363,-88.27149000,-70.14722000
9.79858398,-93.57861000,-76.45381000
9.79919434,-92.90189000,-77.18478000
9.79980469,-88.10561000,-70.24236000
9.80041504,-89.11047000,-72.55672000
9.80102539,-96.61808000,-72.59631000
9.80163574,-106.24640000,-66.22811000
9.80224609,-94.58496000,-69.19916000
9.80285645,-90.29694000,-75.47040000
9.80346680,-95.52321000,-79.46374000
9.80407715,-98.32156000,-100.77130000
9.80468750,-89.86451000,-78.09734000
9.80529785,-88.54912000,-82.21162000
9.80590820,-87.04357000,-80.79851000
9.80651855,-85.83383000,-72.37576000
9.80712891,-87.73217000,-72.87891000
9.80773926,-94.69487000,-81.17393000
9.80834961,-92.27268000,-90.17508000
9.80895996,-90.50446000,-87.58263000
9.80957031,-96.94112000,-92.75150000
9.81018066,-90.19907000,-76.43102000
9.81079102,-85.27119000,-74.50242000
9.81140137,-88.32854000,-78.25578000
9.81201172,-96.48123000,-87.55646000
9.81262207,-97.44754000,-77.67249000
9.81323242,-88.67797000,-72.96902000
9.81384277,-87.65892000,-76.16105000
9.81445313,-92.66699000,-79.38309000
9.81506348,-87.66518000,-75.48780000
9.81567383,-85.29382000,-81.00808000
9.81628418,-84.24727000,-68.68806000
9.81689453,-74.89759000,-67.07098000
9.81750488,-68.93443000,-66.38035000
9.81811523,-70.92693000,-67.26129000
9.81872559,-80.82253000,-70.03231000
9.81933594,-88.92003000,-76.94437000
9.81994629,-90.93930000,-82.94815000
9.82055664,-87.16377000,-75.14587000
9.82116699,-85.03699000,-71.67794000
9.82177734,-84.97696000,-67.51334000
9.82238770,-90.19873000,-66.62223000
9.82299805,-99.81743000,-69.67168000
9.82360840,-97.56564000,-71.82160000
9.82421875,-94.44847000,-72.93311000
9.82482910,-90.25085000,-77.50523000
9.82543945,-87.44209000,-69.61928000
9.82604980,-89.42889000,-67.92722000
9.82666016,-92.60098000,-74.20532000
9.82727051,-101.98910000,-77.70723000
9.82788086,-93.33557000,-72.44489000
9.82849121,-93.89942000,-69.62584000
9.82910156,-97.63176000,-73.51917000
9.82971191,-92.25409000,-73.04055000
9.83032227,-84.42246000,-65.35287000
9.83093262,-83.96539000,-66.33379000
9.83154297,-87.21310000,-69.87462000
9.83215332,-95.62226000,-73.24157000
9.83276367,-96.15001000,-75.94342000
9.83337402,-90.99854000,-77.18772000
9.83398438,-91.76439000,-77.65248000
9.83459473,-95.15018000,-77.07848000
9.83520508,-93.63803000,-80.55711000
9.83581543,-90.93400000,-82.40260000
9.83642578,-86.97801000,-72.70946000
9.83703613,-84.03395000,-71.04254000
9.83764648,-84.97936000,-71.40838000
9.83825684,-89.53799000,-68.44428000
9.83886719,-92.42934000,-69.25462000
9.83947754,-91.56107000,-71.62340000
9.84008789,-88.44242000,-73.11440000
9.84069824,-86.55349000,-70.82822000
9.84130859,-90.07099000,-71.71981000
9.84191895,-98.81299000,-75.94657000
9.84252930,-97.25829000,-77.19676000
9.84313965,-91.99429000,-76.95210000
9.84375000,-92.72758000,-70.16105000
9.84436035,-92.52234000,-66.42449000
9.84497070,-87.78346000,-67.78989000
9.84558105,-86.89960000,-70.53453000
9.84619141,-88.35593000,-74.24827000
9.84680176,-91.50695000,-72.78365000
9.84741211,-92.44118000,-71.99352000
9.84802246,-91.62843000,-79.56342000
9.84863281,-96.78026000,-72.57470000
9.84924316,-95.27718000,-71.51034000
9.84985352,-92.24666000,-77.66679000
9.85046387,-90.90659000,-74.11604000
9.85107422,-88.12872000,-67.05289000
9.85168457,-87.60509000,-67.24452000
9.85229492,-93.00729000,-71.27547000
9.85290527,-99.99289000,-75.46996000
9.85351563,-89.77296000,-78.41492000
9.85412598,-87.75360000,-95.04090000
9.85473633,-86.25754000,-78.42706000
9.85534668,-86.32864000,-74.29642000
9.85595703,-89.98954000,-74.47967000
9.85656738,-122.02130000,-74.28101000
9.85717773,-93.52912000,-75.55411000
9.85778809,-87.63998000,-81.83167000
9.85839844,-85.05013000,-80.58101000
9.85900879,-89.08978000,-80.45464000
9.85961914,-106.82850000,-82.94209000
9.86022949,-96.12489000,-79.09238000
9.86083984,-88.56883000,-71.30807000
9.86145020,-86.66322000,-72.15232000
9.86206055,-90.17923000,-84.78753000
9.86267090,-98.13899000,-81.01276000
9.86328125,-108.29300000,-78.40903000
9.86389160,-98.40272000,-72.00470000
9.86450195,-92.39770000,-71.77033000
9.86511230,-90.98788000,-80.58054000
9.86572266,-96.26891000,-80.34152000
9.86633301,-100.97020000,-71.51530000
9.86694336,-97.23419000,-69.12714000
9.86755371,-95.32330000,-69.90722000
9.86816406,-90.33284000,-72.31386000
9.86877441,-88.27895000,-70.20502000
9.86938477,-91.59496000,-70.16591000
9.86999512,-97.29440000,-73.85767000
9.87060547,-90.71621000,-70.21529000
9.87121582,-86.82054000,-67.33690000
9.87182617,-84.63278000,-68.81197000
9.87243652,-88.29868000,-70.53567000
9.87304688,-96.75147000,-71.51976000
9.87365723,-99.42962000,-75.14382000
9.87426758,-95.22777000,-74.33492000
9.87487793,-91.27325000,-74.14726000
9.87548828,-95.42592000,-77.44894000
9.87609863,-90.48981000,-84.97452000
9.87670898,-84.71402000,-74.33967000
9.87731934,-84.79337000,-69.25455000
9.87792969,-88.70612000,-73.09541000
9.87854004,-98.35099000,-86.20856000
9.87915039,-92.91154000,-76.77290000
9.87976074,-90.69683000,-74.01154000
9.88037109,-91.93069000,-70.44228000
9.88098145,-89.38364000,-68.29261000
9.88159180,-76.98548000,-69.06256000
9.88220215,-73.06158000,-77.17882000
9.88281250,-76.52379000,-77.01141000
9.88342285,-82.63498000,-72.14305000
9.88403320,-85.10014000,-70.92030000
9.88464355,-91.75104000,-72.03578000
9.88525391,-92.68195000,-78.60547000
9.88586426,-86.23901000,-81.37260000
9.88647461,-86.09227000,-79.01007000
9.88708496,-92.96849000,-73.85773000
9.88769531,-95.73373000,-76.11207000
9.88830566,-87.49863000,-82.09991000
9.88891602,-89.52683000,-79.21904000
9.88952637,-91.35170000,-73.45229000
9.89013672,-87.77870000,-70.05243000
9.89074707,-86.47884000,-70.51244000
9.89135742,-87.63986000,-72.67801000
9.89196777,-93.08997000,-79.06642000
9.89257813,-98.12006000,-77.36592000
9.89318848,-92.24687000,-74.60786000
9.89379883,-93.51874000,-77.25739000
9.89440918,-101.61920000,-77.10446000
9.89501953,-95.11813000,-82.00157000
9.89562988,-92.18988000,-80.84268000
9.89624023,-88.55702000,-71.60652000
9.89685059,-88.11205000,-70.57661000
9.89746094,-88.38455000,-75.96595000
9.89807129,-95.42796000,-74.37967000
9.89868164,-88.30867000,-68.62336000
9.89929199,-91.39787000,-69.98420000
9.89990234,-102.34780000,-77.55177000
9.90051270,-97.73075000,-77.05901000
9.90112305,-96.59539000,-72.99935000
9.90173340,-90.37920000,-71.26014000
9.90234375,-90.40920000,-69.24340000
9.90295410,-90.10223000,-73.16660000
9.90356445,-88.87033000,-87.48901000
9.90417480,-89.05929000,-74.01093000
9.90478516,-88.65309000,-71.48512000
9.90539551,-89.90642000,-72.38506000
9.90600586,-90.87921000,-78.03780000
9.90661621,-88.35652000,-74.61871000
9.90722656,-87.89789000,-71.73216000
9.90783691,-92.23335000,-80.17320000
9.90844727,-97.05123000,-76.56242000
9.90905762,-95.86181000,-77.58875000
9.90966797,-98.81016000,-80.02338000
9.91027832,-98.07967000,-80.44318000
9.91088867,-96.75761000,-73.70854000
9.91149902,-96.00845000,-71.86940000
9.91210938,-93.88898000,-68.86647000
9.91271973,-93.39139000,-69.98379000
9.91333008,-90.77579000,-81.83854000
9.91394043,-89.19177000,-70.79497000
9.91455078,-87.59097000,-69.41905000
9.91516113,-90.92668000,-70.52320000
9.91577148,-93.27310000,-70.85330000
9.91638184,-87.19483000,-72.86855000
9.91699219,-87.50771000,-94.28601000
9.91760254,-96.45860000,-89.45031000
9.91821289,-97.05016000,-71.73114000
9.91882324,-85.96635000,-70.11590000
9.91943359,-85.19470000,-75.21946000
9.92004395,-87.42215000,-77.58610000
9.92065430,-87.35816000,-73.05518000
9.92126465,-89.75978000,-70.31506000
9.92187500,-92.95053000,-69.95118000
9.92248535,-96.64308000,-73.81387000
9.92309570,-100.43210000,-78.88499000
9.92370605,-91.47340000,-68.05569000
9.92431641,-90.04716000,-67.21477000
9.92492676,-93.46159000,-71.86726000
9.92553711,-90.03668000,-77.12913000
9.92614746,-87.83672000,-79.19123000
9.92675781,-92.91317000,-78.34466000
9.92736816,-90.86182000,-90.48619000
9.92797852,-86.20747000,-97.44962000
9.92858887,-85.20589000,-76.12106000
9.92919922,-90.09438000,-70.00649000
9.92980957,-90.63613000,-68.24644000
9.93041992,-85.64877000,-68.45096000
9.93103027,-87.89651000,-74.29494000
9.93164063,-90.18439000,-89.44771000
9.93225098,-90.35765000,-79.10634000
9.93286133,-93.34589000,-73.46236000
9.93347168,-91.93738000,-70.12231000
9.93408203,-87.21619000,-80.32327000
9.93469238,-88.00896000,-75.94131000
9.93530273,-92.86903000,-74.98477000
9.93591309,-89.65347000,-75.94077000
9.93652344,-92.73574000,-74.95792000
9.93713379,-93.23852000,-80.13416000
9.93774414,-90.28973000,-83.86519000
9.93835449,-89.79538000,-78.57207000
9.93896484,-88.66176000,-70.30041000
9.93957520,-88.74417000,-70.18065000
9.94018555,-92.03285000,-78.44417000
9.94079590,-87.86855000,-86.27247000
9.94140625,-83.90973000,-79.59216000
9.94201660,-86.98144000,-72.92022000
9.94262695,-88.82648000,-75.45108000
9.94323730,-87.89482000,-76.39428000
9.94384766,-87.10135000,-98.37747000
9.94445801,-87.61182000,-72.83041000
9.94506836,-96.30653000,-72.97380000
9.94567871,-103.66670000,-78.39906000
9.94628906,-92.49668000,-89.99571000
9.94689941,-90.53424000,-78.60038000
9.94750977,-90.94529000,-79.08276000
9.94812012,-87.88016000,-80.81124000
9.94873047,-90.73335000,-84.86729000
9.94934082,-93.71227000,-90.74037000
9.94995117,-96.64275000,-82.31277000
9.95056152,-95.11693000,-94.85686000
9.95117188,-91.78230000,-76.51391000
9.95178223,-91.38225000,-82.43492000
9.95239258,-100.58010000,-84.20838000
9.95300293,-89.01641000,-78.40186000
9.95361328,-87.59266000,-82.67186000
9.95422363,-102.85450000,-78.58521000
9.95483398,-93.93048000,-76.61858000
9.95544434,-89.04453000,-74.26730000
9.95605469,-85.54778000,-75.78532000
9.95666504,-83.47818000,-74.92080000
9.95727539,-81.47142000,-68.47400000
9.95788574,-80.48558000,-67.65654000
9.95849609,-82.48513000,-72.13762000
9.95910645,-91.64114000,-70.42131000
9.95971680,-97.02174000,-68.97379000
9.96032715,-100.82300000,-76.84577000
9.96093750,-103.22480000,-79.76501000
9.96154785,-103.63620000,-72.40723000
9.96215820,-95.03197000,-70.36281000
9.96276855,-86.87331000,-82.22441000
9.96337891,-86.39359000,-72.37132000
9.96398926,-90.81010000,-71.06522000
9.96459961,-88.88280000,-73.09901000
9.96520996,-88.38925000,-74.27865000
9.96582031,-87.95619000,-80.38692000
9.96643066,-88.73795000,-81.43180000
9.96704102,-97.36914000,-81.56836000
9.96765137,-101.73160000,-78.00143000
9.96826172,-91.98882000,-80.37698000
9.96887207,-94.38066000,-73.98616000
9.96948242,-96.81281000,-71.38932000
9.97009277,-94.79011000,-72.53419000
9.97070313,-110.63370000,-76.06644000
9.97131348,-94.59894000,-75.19981000
9.97192383,-95.63925000,-71.00258000
9.97253418,-91.03286000,-75.69466000
9.97314453,-84.95789000,-72.63411000
9.97375488,-84.98460000,-70.61233000
9.97436523,-89.65913000,-76.01421000
9.97497559,-96.02097000,-85.92563000
9.97558594,-89.96149000,-80.72963000
9.97619629,-89.60057000,-75.86459000
9.97680664,-95.21700000,-81.87064000
9.97741699,-97.91826000,-93.13869000
9.97802734,-89.44706000,-75.86663000
9.97863770,-94.84992000,-71.89361000
9.97924805,-92.26982000,-74.91523000
9.97985840,-92.67760000,-72.55892000
9.98046875,-93.38275000,-75.68324000
9.98107910,-92.80432000,-86.91476000
9.98168945,-87.82893000,-75.88560000
9.98229980,-82.26479000,-70.60878000
9.98291016,-86.41533000,-76.71022000
9.98352051,-94.65567000,-75.99842000
9.98413086,-93.43163000,-75.27276000
9.98474121,-90.86098000,-77.61436000
9.98535156,-87.53941000,-113.65430000
9.98596191,-85.98575000,-78.92498000
9.98657227,-86.04137000,-80.39496000
9.98718262,-87.07745000,-75.77223000
9.98779297,-89.28186000,-70.49439000
9.98840332,-88.42339000,-70.44852000
9.98901367,-88.07999000,-80.79103000
9.98962402,-88.84558000,-72.36551000
9.99023438,-91.64581000,-67.70293000
9.99084473,-99.98817000,-70.08205000
9.99145508,-94.50941000,-75.17348000
9.99206543,-104.12260000,-74.43271000
9.99267578,-94.68952000,-77.98161000
9.99328613,-99.32254000,-75.74323000
9.99389648,-96.66764000,-74.24777000
9.99450684,-96.93803000,-78.26158000
9.99511719,-102.45040000,-75.28499000
9.99572754,-90.16402000,-81.69083000
9.99633789,-87.82532000,-79.79744000
9.99694824,-88.41643000,-75.27606000
9.99755859,-90.71099000,-79.60693000
9.99816895,-88.12509000,-73.04500000
9.99877930,-85.36246000,-69.96597000
9.99938965,-86.91842000,-73.08994000
