time,temp_hot_side,temp_cold_side,temp_delta,hot_side_set_point,hot_side_pid_error,hot_side_duty_cycle,teg_oc_voltage,teg_current,
1282600,129.309586,28.750000,100.559586,130.000000,0.690414,0.000000,2.572454,0.000001913,
1282700,129.404785,28.750000,100.654785,130.000000,0.690414,0.000000,2.572468,0.000001886,
1282800,129.404785,28.500000,100.904785,130.000000,0.690414,0.000000,2.572484,0.000001877,
1282900,129.404785,28.500000,100.904785,130.000000,0.595215,0.023828,2.572450,0.000001867,
1283000,129.452393,28.500000,100.952393,130.000000,0.595215,0.023828,2.572475,0.000001874,
1283100,129.452393,28.750000,100.702393,130.000000,0.595215,0.023828,2.572541,0.000001852,
1283200,129.452393,28.750000,100.702393,130.000000,0.595215,0.023828,2.572537,0.000001848,
1283300,129.476196,28.750000,100.726196,130.000000,0.547607,0.061914,2.572577,0.000001844,
1283400,129.476196,28.500000,100.976196,130.000000,0.547607,0.061914,2.572578,0.000001844,
1283500,129.476196,28.500000,100.976196,130.000000,0.547607,0.061914,2.572650,0.000001870,
1283600,129.488098,28.500000,100.988098,130.000000,0.547607,0.061914,2.572679,0.000001850,
1283700,129.488098,28.750000,100.738098,130.000000,0.511902,0.090479,2.572694,0.000001869,
1283800,129.488098,28.750000,100.738098,130.000000,0.511902,0.090479,2.572711,0.000001869,
1283900,129.494049,28.750000,100.744049,130.000000,0.511902,0.090479,2.572745,0.000001847,
1284000,129.494049,28.500000,100.994049,130.000000,0.511902,0.090479,2.572750,0.000001870,
1284100,129.494049,28.500000,100.994049,130.000000,0.505951,0.095239,2.572827,0.000001896,
1284200,129.622025,28.500000,101.122025,130.000000,0.505951,0.095239,2.572930,0.000001897,
1284300,129.622025,28.500000,101.122025,130.000000,0.505951,0.095239,2.572964,0.000001895,
1284400,129.622025,28.500000,101.122025,130.000000,0.505951,0.095239,2.573001,0.000001937,
1284500,129.436005,28.500000,100.936005,130.000000,0.377975,0.197620,2.573033,0.000001963,
1284600,129.436005,28.750000,100.686005,130.000000,0.377975,0.197620,2.573108,0.000001960,
1284700,129.436005,28.750000,100.686005,130.000000,0.377975,0.197620,2.573120,0.000001978,
1284800,129.468002,28.750000,100.718002,130.000000,0.377975,0.197620,2.573124,0.000001970,
1284900,129.468002,28.250000,101.218002,130.000000,0.531998,0.074402,2.573151,0.000001959,
1285000,129.468002,28.250000,101.218002,130.000000,0.531998,0.074402,2.573179,0.000001957,
1285100,129.484009,28.250000,101.234009,0.000000,0.531998,0.074402,2.573178,0.000001962,
1285200,129.484009,28.750000,100.734009,0.000000,0.531998,0.074402,2.573214,0.000001958,
1285300,129.484009,28.750000,100.734009,0.000000,-129.484009,1.000000,2.573278,0.000001988,
1285400,129.367004,28.750000,100.617004,0.000000,-129.484009,1.000000,2.573356,0.000001998,
1285500,129.367004,28.750000,100.617004,0.000000,-129.484009,1.000000,2.573398,0.000001988,
1285600,129.367004,28.750000,100.617004,0.000000,-129.484009,1.000000,2.573449,0.000002008,
1285700,129.558502,28.750000,100.808502,0.000000,-129.367004,1.000000,2.573541,0.000002026,
1285800,129.558502,29.000000,100.558502,0.000000,-129.367004,1.000000,2.573618,0.000002029,
1285900,129.558502,29.000000,100.558502,0.000000,-129.367004,1.000000,2.573635,0.000002023,
1286000,129.654251,29.000000,100.654251,0.000000,-129.367004,1.000000,2.573716,0.000002026,
1286100,129.654251,28.750000,100.904251,0.000000,-129.654251,1.000000,2.573740,0.000002044,
1286200,129.654251,28.750000,100.904251,0.000000,-129.654251,1.000000,2.573837,0.000002074,
1286300,129.702118,28.750000,100.952118,0.000000,-129.654251,1.000000,2.573877,0.000002064,
1286400,129.702118,28.750000,100.952118,0.000000,-129.654251,1.000000,2.573896,0.000002057,
1286500,129.702118,28.750000,100.952118,0.000000,-129.702118,1.000000,2.573919,0.000002066,
1286600,129.476059,28.750000,100.726059,0.000000,-129.702118,1.000000,2.573949,0.000002054,
1286700,129.476059,28.750000,100.726059,0.000000,-129.702118,1.000000,2.573973,0.000002043,
1286800,129.476059,28.750000,100.726059,0.000000,-129.702118,1.000000,2.574009,0.000002038,
1286900,129.613037,28.750000,100.863037,0.000000,-129.476059,1.000000,2.574050,0.000002063,
1287000,129.613037,28.750000,100.863037,0.000000,-129.476059,1.000000,2.574101,0.000002084,
1287100,129.613037,28.750000,100.863037,0.000000,-129.476059,1.000000,2.574172,0.000002077,
1287200,129.556519,28.750000,100.806519,0.000000,-129.476059,1.000000,2.574175,0.000002072,
1287300,129.556519,28.250000,101.306519,0.000000,-129.556519,1.000000,2.574248,0.000002048,
1287400,129.556519,28.250000,101.306519,0.000000,-129.556519,1.000000,2.574281,0.000002047,
1287500,129.653259,28.250000,101.403259,0.000000,-129.556519,1.000000,2.574287,0.000002046,
1287600,129.653259,28.500000,101.153259,0.000000,-129.556519,1.000000,2.574346,0.000002092,
1287700,129.653259,28.500000,101.153259,0.000000,-129.653259,1.000000,2.574409,0.000002078,
1287800,129.701630,28.500000,101.201630,0.000000,-129.653259,1.000000,2.574438,0.000002082,
1287900,129.701630,28.250000,101.451630,0.000000,-129.653259,1.000000,2.574405,0.000002071,
1288000,129.701630,28.250000,101.451630,0.000000,-129.653259,1.000000,2.574433,0.000002049,
1288100,129.475815,28.250000,101.225815,0.000000,-129.701630,1.000000,2.574409,0.000002070,
1288200,129.475815,28.750000,100.725815,0.000000,-129.701630,1.000000,2.574434,0.000002081,
1288300,129.475815,28.750000,100.725815,0.000000,-129.701630,1.000000,2.574422,0.000002093,
1288400,129.612915,28.750000,100.862915,0.000000,-129.701630,1.000000,2.574412,0.000002100,
1288500,129.612915,28.750000,100.862915,0.000000,-129.612915,1.000000,2.574393,0.000002096,
1288600,129.612915,28.750000,100.862915,0.000000,-129.612915,1.000000,2.574355,0.000002143,
1288700,129.681458,28.750000,100.931458,0.000000,-129.612915,1.000000,2.574363,0.000002111,
1288800,129.681458,28.750000,100.931458,0.000000,-129.612915,1.000000,2.574335,0.000002093,
1288900,129.681458,28.750000,100.931458,0.000000,-129.681458,1.000000,2.574344,0.000002074,
1289000,129.715729,28.750000,100.965729,0.000000,-129.681458,1.000000,2.574348,0.000002053,
1289100,129.715729,28.750000,100.965729,0.000000,-129.681458,1.000000,2.574312,0.000002050,
1289200,129.715729,28.750000,100.965729,0.000000,-129.681458,1.000000,2.574318,0.000002078,
1289300,129.482864,28.750000,100.732864,0.000000,-129.715729,1.000000,2.574324,0.000002065,
1289400,129.482864,28.750000,100.732864,0.000000,-129.715729,1.000000,2.574338,0.000002054,
1289500,129.482864,28.750000,100.732864,0.000000,-129.715729,1.000000,2.574304,0.000002055,
1289600,129.241425,28.750000,100.491425,0.000000,-129.715729,1.000000,2.574253,0.000002072,
1289700,129.241425,28.750000,100.491425,0.000000,-129.241425,1.000000,2.574193,0.000002073,
1289800,129.241425,28.750000,100.491425,0.000000,-129.241425,1.000000,2.574092,0.000002064,
1289900,129.495712,28.750000,100.745712,0.000000,-129.241425,1.000000,2.573995,0.000002099,
1290000,129.495712,28.500000,100.995712,0.000000,-129.241425,1.000000,2.573899,0.000002113,
1290100,129.495712,28.500000,100.995712,0.000000,-129.495712,1.000000,2.573792,0.000002075,
1290200,129.497864,28.500000,100.997864,0.000000,-129.495712,1.000000,2.573720,0.000002058,
1290300,129.497864,28.750000,100.747864,0.000000,-129.495712,1.000000,2.573596,0.000002039,
1290400,129.497864,28.750000,100.747864,0.000000,-129.495712,1.000000,2.573497,0.000002063,
1290500,129.123932,28.750000,100.373932,0.000000,-129.497864,1.000000,2.573388,0.000002074,
1290600,129.123932,28.750000,100.373932,0.000000,-129.497864,1.000000,2.573276,0.000002092,
1290700,129.123932,28.750000,100.373932,0.000000,-129.497864,1.000000,2.573157,0.000002109,
1290800,129.311966,28.750000,100.561966,0.000000,-129.497864,1.000000,2.573084,0.000002094,
1290900,129.311966,28.500000,100.811966,0.000000,-129.311966,1.000000,2.572957,0.000002088,
1291000,129.311966,28.500000,100.811966,0.000000,-129.311966,1.000000,2.572798,0.000002088,
1291100,129.405975,28.500000,100.905975,0.000000,-129.311966,1.000000,2.572678,0.000002126,
1291200,129.405975,28.750000,100.655975,0.000000,-129.311966,1.000000,2.572541,0.000002128,
1291300,129.405975,28.750000,100.655975,0.000000,-129.405975,1.000000,2.572385,0.000002121,
1291400,129.202988,28.750000,100.452988,0.000000,-129.405975,1.000000,2.572249,0.000002117,
1291500,129.202988,29.000000,100.202988,0.000000,-129.405975,1.000000,2.572093,0.000002096,
1291600,129.202988,29.000000,100.202988,0.000000,-129.405975,1.000000,2.571910,0.000002080,
1291700,129.351501,29.000000,100.351501,0.000000,-129.202988,1.000000,2.571762,0.000002080,
1291800,129.351501,28.750000,100.601501,0.000000,-129.202988,1.000000,2.571640,0.000002042,
1291900,129.351501,28.750000,100.601501,0.000000,-129.202988,1.000000,2.571483,0.000002041,
1292000,129.425751,28.750000,100.675751,0.000000,-129.202988,1.000000,2.571320,0.000002058,
1292100,129.425751,28.750000,100.675751,0.000000,-129.425751,1.000000,2.571170,0.000002068,
1292200,129.425751,28.750000,100.675751,0.000000,-129.425751,1.000000,2.570982,0.000002074,
1292300,129.462875,28.750000,100.712875,0.000000,-129.425751,1.000000,2.570817,0.000002065,
1292400,129.462875,29.000000,100.462875,0.000000,-129.425751,1.000000,2.570620,0.000002085,
1292500,129.462875,29.000000,100.462875,0.000000,-129.462875,1.000000,2.570410,0.000002088,
1292600,129.481445,29.000000,100.481445,0.000000,-129.462875,1.000000,2.570252,0.000002102,
1292700,129.481445,28.250000,101.231445,0.000000,-129.462875,1.000000,2.570010,0.000002093,
1292800,129.481445,28.250000,101.231445,0.000000,-129.462875,1.000000,2.569806,0.000002108,
1292900,129.490723,28.250000,101.240723,0.000000,-129.481445,1.000000,2.569588,0.000002116,
1293000,129.490723,28.500000,100.990723,0.000000,-129.481445,1.000000,2.569393,0.000002107,
1293100,129.490723,28.500000,100.990723,0.000000,-129.481445,1.000000,2.569200,0.000002095,
1293200,129.495361,28.500000,100.995361,0.000000,-129.481445,1.000000,2.568992,0.000002083,
1293300,129.495361,28.750000,100.745361,0.000000,-129.495361,1.000000,2.568788,0.000002102,
1293400,129.495361,28.750000,100.745361,0.000000,-129.495361,1.000000,2.568549,0.000002127,
1293500,129.497681,28.750000,100.747681,0.000000,-129.495361,1.000000,2.568319,0.000002114,
1293600,129.497681,28.500000,100.997681,0.000000,-129.495361,1.000000,2.568060,0.000002119,
1293700,129.497681,28.500000,100.997681,0.000000,-129.497681,1.000000,2.567859,0.000002131,
1293800,129.248840,28.500000,100.748840,0.000000,-129.497681,1.000000,2.567625,0.000002110,
1293900,129.248840,28.250000,100.998840,0.000000,-129.497681,1.000000,2.567426,0.000002116,
1294000,129.248840,28.250000,100.998840,0.000000,-129.497681,1.000000,2.567179,0.000002104,
1294100,129.124420,28.250000,100.874420,0.000000,-129.248840,1.000000,2.566935,0.000002091,
1294200,129.124420,28.750000,100.374420,0.000000,-129.248840,1.000000,2.566677,0.000002087,
1294300,129.124420,28.750000,100.374420,0.000000,-129.248840,1.000000,2.566413,0.000002097,
1294400,128.937210,28.750000,100.187210,0.000000,-129.248840,1.000000,2.566131,0.000002101,
1294500,128.937210,28.750000,100.187210,0.000000,-128.937210,1.000000,2.565876,0.000002118,
1294600,128.937210,28.750000,100.187210,0.000000,-128.937210,1.000000,2.565570,0.000002127,
1294700,128.843597,28.750000,100.093597,0.000000,-128.937210,1.000000,2.565291,0.000002144,
1294800,128.843597,28.750000,100.093597,0.000000,-128.937210,1.000000,2.565032,0.000002147,
1294900,128.843597,28.750000,100.093597,0.000000,-128.843597,1.000000,2.564685,0.000002152,
1295000,128.921799,28.750000,100.171799,0.000000,-128.843597,1.000000,2.564322,0.000002140,
1295100,128.921799,28.500000,100.421799,0.000000,-128.843597,1.000000,2.564021,0.000002178,
1295200,128.921799,28.500000,100.421799,0.000000,-128.843597,1.000000,2.563631,0.000002162,
1295300,129.085907,28.500000,100.585907,0.000000,-128.921799,1.000000,2.563275,0.000002179,
1295400,129.085907,28.500000,100.585907,0.000000,-128.921799,1.000000,2.562911,0.000002163,
1295500,129.085907,28.500000,100.585907,0.000000,-128.921799,1.000000,2.562510,0.000002152,
1295600,129.042953,28.500000,100.542953,0.000000,-128.921799,1.000000,2.562110,0.000002191,
1295700,129.042953,28.500000,100.542953,0.000000,-129.042953,1.000000,2.561710,0.000002176,
1295800,129.042953,28.500000,100.542953,0.000000,-129.042953,1.000000,2.561247,0.000002183,
1295900,129.021484,28.500000,100.521484,0.000000,-129.042953,1.000000,2.560697,0.000002211,
1296000,129.021484,28.500000,100.521484,0.000000,-129.042953,1.000000,2.560034,0.000002231,
1296100,129.021484,28.500000,100.521484,0.000000,-129.021484,1.000000,2.559241,0.000002243,
1296200,128.885742,28.500000,100.385742,0.000000,-129.021484,1.000000,2.558296,0.000002218,
1296300,128.885742,28.500000,100.385742,0.000000,-129.021484,1.000000,2.557290,0.000002230,
1296400,128.885742,28.500000,100.385742,0.000000,-129.021484,1.000000,2.556208,0.000002216,
1296500,128.942871,28.500000,100.442871,0.000000,-128.885742,1.000000,2.555102,0.000002195,
1296600,128.942871,28.750000,100.192871,0.000000,-128.885742,1.000000,2.554030,0.000002199,
1296700,128.942871,28.750000,100.192871,0.000000,-128.885742,1.000000,2.552920,0.000002199,
1296800,128.846436,28.750000,100.096436,0.000000,-128.885742,1.000000,2.551868,0.000002166,
1296900,128.846436,28.750000,100.096436,0.000000,-128.846436,1.000000,2.550733,0.000002120,
1297000,128.846436,28.750000,100.096436,0.000000,-128.846436,1.000000,2.549576,0.000002120,
1297100,128.798218,28.750000,100.048218,0.000000,-128.846436,1.000000,2.548453,0.000002112,
1297200,128.798218,28.750000,100.048218,0.000000,-128.846436,1.000000,2.547329,0.000002119,
1297300,128.798218,28.750000,100.048218,0.000000,-128.798218,1.000000,2.546233,0.000002141,
1297400,128.774109,28.750000,100.024109,0.000000,-128.798218,1.000000,2.545139,0.000002165,
1297500,128.774109,29.000000,99.774109,0.000000,-128.798218,1.000000,2.544096,0.000002159,
1297600,128.774109,29.000000,99.774109,0.000000,-128.798218,1.000000,2.543083,0.000002141,
1297700,128.512054,29.000000,99.512054,0.000000,-128.774109,1.000000,2.542046,0.000002146,
1297800,128.512054,28.500000,100.012054,0.000000,-128.774109,1.000000,2.541022,0.000002149,
1297900,128.512054,28.500000,100.012054,0.000000,-128.774109,1.000000,2.540046,0.000002134,
1298000,128.381027,28.500000,99.881027,0.000000,-128.774109,1.000000,2.539005,0.000002108,
1298100,128.381027,28.750000,99.631027,0.000000,-128.381027,1.000000,2.538083,0.000002093,
1298200,128.381027,28.750000,99.631027,0.000000,-128.381027,1.000000,2.537183,0.000002075,
1298300,128.565521,28.750000,99.815521,0.000000,-128.381027,1.000000,2.536238,0.000002084,
1298400,128.565521,28.750000,99.815521,0.000000,-128.381027,1.000000,2.535359,0.000002114,
1298500,128.565521,28.750000,99.815521,0.000000,-128.565521,1.000000,2.534554,0.000002124,
1298600,128.407761,28.750000,99.657761,0.000000,-128.565521,1.000000,2.533856,0.000002148,
1298700,128.407761,28.250000,100.157761,0.000000,-128.565521,1.000000,2.533134,0.000002121,
1298800,128.407761,28.250000,100.157761,0.000000,-128.565521,1.000000,2.532415,0.000002105,
1298900,128.453888,28.250000,100.203888,0.000000,-128.407761,1.000000,2.531645,0.000002110,
1299000,128.453888,28.500000,99.953888,0.000000,-128.407761,1.000000,2.530883,0.000002126,
1299100,128.453888,28.500000,99.953888,0.000000,-128.407761,1.000000,2.530058,0.000002134,
1299200,128.226944,28.500000,99.726944,0.000000,-128.407761,1.000000,2.529199,0.000002145,
1299300,128.226944,28.500000,99.726944,0.000000,-128.226944,1.000000,2.528378,0.000002116,
1299400,128.226944,28.500000,99.726944,0.000000,-128.226944,1.000000,2.527550,0.000002123,
1299500,128.363464,28.500000,99.863464,0.000000,-128.226944,1.000000,2.526737,0.000002128,
1299600,128.363464,28.750000,99.613464,0.000000,-128.226944,1.000000,2.525984,0.000002111,
1299700,128.363464,28.750000,99.613464,0.000000,-128.363464,1.000000,2.525221,0.000002109,
1299800,128.181732,28.750000,99.431732,0.000000,-128.363464,1.000000,2.524455,0.000002092,
1299900,128.181732,28.500000,99.681732,0.000000,-128.363464,1.000000,2.523737,0.000002080,
1300000,128.181732,28.500000,99.681732,0.000000,-128.363464,1.000000,2.522988,0.000002081,
1300100,128.215866,28.500000,99.715866,0.000000,-128.181732,1.000000,2.522271,0.000002085,
1300200,128.215866,28.750000,99.465866,0.000000,-128.181732,1.000000,2.521562,0.000002076,
1300300,128.215866,28.750000,99.465866,0.000000,-128.181732,1.000000,2.520801,0.000002072,
1300400,128.232941,28.750000,99.482941,0.000000,-128.181732,1.000000,2.520094,0.000002042,
1300500,128.232941,29.000000,99.232941,0.000000,-128.232941,1.000000,2.519341,0.000002042,
1300600,128.232941,29.000000,99.232941,0.000000,-128.232941,1.000000,2.518588,0.000002030,
1300700,127.991470,29.000000,98.991470,0.000000,-128.232941,1.000000,2.517821,0.000002021,
1300800,127.991470,28.750000,99.241470,0.000000,-128.232941,1.000000,2.516994,0.000002037,
1300900,127.991470,28.750000,99.241470,0.000000,-127.991470,1.000000,2.516247,0.000002015,
1301000,127.620735,28.750000,98.870735,0.000000,-127.991470,1.000000,2.515446,0.000002003,
1301100,127.620735,28.000000,99.620735,0.000000,-127.991470,1.000000,2.514665,0.000001984,
1301200,127.620735,28.000000,99.620735,0.000000,-127.991470,1.000000,2.513864,0.000001964,
1301300,127.810364,28.000000,99.810364,0.000000,-127.620735,1.000000,2.513093,0.000001965,
1301400,127.810364,28.250000,99.560364,0.000000,-127.620735,1.000000,2.512275,0.000001978,
1301500,127.810364,28.250000,99.560364,0.000000,-127.620735,1.000000,2.511448,0.000001987,
1301600,127.780182,28.250000,99.530182,0.000000,-127.620735,1.000000,2.510623,0.000001999,
1301700,127.780182,28.000000,99.780182,0.000000,-127.780182,1.000000,2.509844,0.000001987,
1301800,127.780182,28.000000,99.780182,0.000000,-127.780182,1.000000,2.509027,0.000002001,
1301900,127.765091,28.000000,99.765091,0.000000,-127.780182,1.000000,2.508243,0.000002007,
1302000,127.765091,28.500000,99.265091,0.000000,-127.780182,1.000000,2.507486,0.000002044,
1302100,127.765091,28.500000,99.265091,0.000000,-127.765091,1.000000,2.506690,0.000002089,
1302200,127.632545,28.500000,99.132545,0.000000,-127.765091,1.000000,2.505829,0.000002079,
1302300,127.632545,28.750000,98.882545,0.000000,-127.765091,1.000000,2.505066,0.000002081,
1302400,127.632545,28.750000,98.882545,0.000000,-127.765091,1.000000,2.504244,0.000002074,
1302500,127.566269,28.750000,98.816269,0.000000,-127.632545,1.000000,2.503420,0.000002078,
1302600,127.566269,29.000000,98.566269,0.000000,-127.632545,1.000000,2.502587,0.000002078,
1302700,127.566269,29.000000,98.566269,0.000000,-127.632545,1.000000,2.501739,0.000002086,
1302800,127.408134,29.000000,98.408134,0.000000,-127.632545,1.000000,2.500925,0.000002117,
1302900,127.408134,29.000000,98.408134,0.000000,-127.408134,1.000000,2.500161,0.000002101,
1303000,127.408134,29.000000,98.408134,0.000000,-127.408134,1.000000,2.499338,0.000002072,
1303100,127.329071,29.000000,98.329071,0.000000,-127.408134,1.000000,2.498561,0.000002050,
1303200,127.329071,28.750000,98.579071,0.000000,-127.408134,1.000000,2.497809,0.000002074,
1303300,127.329071,28.750000,98.579071,0.000000,-127.329071,1.000000,2.497038,0.000002090,
1303400,127.039536,28.750000,98.289536,0.000000,-127.329071,1.000000,2.496313,0.000002087,
1303500,127.039536,28.500000,98.539536,0.000000,-127.329071,1.000000,2.495602,0.000002051,
1303600,127.039536,28.500000,98.539536,0.000000,-127.329071,1.000000,2.494791,0.000002050,
1303700,127.144768,28.500000,98.644768,0.000000,-127.039536,1.000000,2.494069,0.000002049,
1303800,127.144768,28.500000,98.644768,0.000000,-127.039536,1.000000,2.493394,0.000002083,
1303900,127.144768,28.500000,98.644768,0.000000,-127.039536,1.000000,2.492665,0.000002094,
1304000,127.072388,28.500000,98.572388,0.000000,-127.039536,1.000000,2.491972,0.000002050,
1304100,127.072388,28.000000,99.072388,0.000000,-127.072388,1.000000,2.491238,0.000002067,
1304200,127.072388,28.000000,99.072388,0.000000,-127.072388,1.000000,2.490455,0.000002055,
1304300,126.911194,28.000000,98.911194,0.000000,-127.072388,1.000000,2.489714,0.000002069,
1304400,126.911194,28.750000,98.161194,0.000000,-127.072388,1.000000,2.489006,0.000002090,
1304500,126.911194,28.750000,98.161194,0.000000,-126.911194,1.000000,2.488267,0.000002103,
1304600,126.830597,28.750000,98.080597,0.000000,-126.911194,1.000000,2.487515,0.000002066,
1304700,126.830597,28.750000,98.080597,0.000000,-126.911194,1.000000,2.486759,0.000002078,
1304800,126.830597,28.750000,98.080597,0.000000,-126.911194,1.000000,2.486068,0.000002087,
1304900,126.915298,28.750000,98.165298,0.000000,-126.830597,1.000000,2.485388,0.000002107,
1305000,126.915298,28.750000,98.165298,0.000000,-126.830597,1.000000,2.484647,0.000002102,
1305100,126.915298,28.750000,98.165298,0.000000,-126.830597,1.000000,2.483910,0.000002100,
1305200,126.832649,28.750000,98.082649,0.000000,-126.830597,1.000000,2.483120,0.000002097,
1305300,126.832649,28.250000,98.582649,0.000000,-126.832649,1.000000,2.482370,0.000002078,
1305400,126.832649,28.250000,98.582649,0.000000,-126.832649,1.000000,2.481631,0.000002105,
1305500,126.791321,28.250000,98.541321,0.000000,-126.832649,1.000000,2.480878,0.000002110,
1305600,126.770660,28.250000,98.520660,0.000000,-126.832649,1.000000,2.480102,0.000002116,
1305700,126.770660,28.250000,98.520660,0.000000,-126.770660,1.000000,2.479388,0.000002110,
1305800,126.770660,28.250000,98.520660,0.000000,-126.770660,1.000000,2.478611,0.000002100,
1305900,126.385330,28.250000,98.135330,0.000000,-126.770660,1.000000,2.477804,0.000002086,
1306000,126.385330,28.750000,97.635330,0.000000,-126.770660,1.000000,2.477031,0.000002087,
1306100,126.385330,28.750000,97.635330,0.000000,-126.385330,1.000000,2.476250,0.000002093,
1306200,126.442665,28.750000,97.692665,0.000000,-126.385330,1.000000,2.475536,0.000002116,
1306300,126.442665,28.750000,97.692665,0.000000,-126.385330,1.000000,2.474757,0.000002095,
1306400,126.442665,28.750000,97.692665,0.000000,-126.385330,1.000000,2.473916,0.000002078,
1306500,126.346329,28.750000,97.596329,0.000000,-126.442665,1.000000,2.473222,0.000002062,
1306600,126.346329,28.500000,97.846329,0.000000,-126.442665,1.000000,2.472546,0.000002073,
1306700,126.346329,28.500000,97.846329,0.000000,-126.442665,1.000000,2.471824,0.000002073,
1306800,126.298164,28.500000,97.798164,0.000000,-126.442665,1.000000,2.471106,0.000002063,
1306900,126.298164,28.750000,97.548164,0.000000,-126.298164,1.000000,2.470301,0.000002075,
1307000,126.298164,28.750000,97.548164,0.000000,-126.298164,1.000000,2.469503,0.000002075,
1307100,126.274078,28.750000,97.524078,0.000000,-126.298164,1.000000,2.468758,0.000002098,
1307200,126.274078,28.750000,97.524078,0.000000,-126.298164,1.000000,2.467960,0.000002093,
1307300,126.274078,28.750000,97.524078,0.000000,-126.274078,1.000000,2.467180,0.000002124,
1307400,126.262039,28.750000,97.512039,0.000000,-126.274078,1.000000,2.466446,0.000002125,
1307500,126.262039,28.250000,98.012039,0.000000,-126.274078,1.000000,2.465684,0.000002116,
1307600,126.262039,28.250000,98.012039,0.000000,-126.274078,1.000000,2.464936,0.000002095,
1307700,126.131020,28.250000,97.881020,0.000000,-126.262039,1.000000,2.464161,0.000002085,
1307800,126.131020,28.750000,97.381020,0.000000,-126.262039,1.000000,2.463330,0.000002109,
1307900,126.131020,28.750000,97.381020,0.000000,-126.262039,1.000000,2.462491,0.000002102,
1308000,125.815506,28.750000,97.065506,0.000000,-126.262039,1.000000,2.461653,0.000002064,
1308100,125.815506,28.500000,97.315506,0.000000,-125.815506,1.000000,2.460865,0.000002077,
1308200,125.815506,28.500000,97.315506,0.000000,-125.815506,1.000000,2.460069,0.000002064,
1308300,125.782753,28.500000,97.282753,0.000000,-125.815506,1.000000,2.459291,0.000002061,
1308400,125.782753,28.750000,97.032753,0.000000,-125.815506,1.000000,2.458459,0.000002065,
1308500,125.782753,28.750000,97.032753,0.000000,-125.782753,1.000000,2.457665,0.000002086,
1308600,125.766373,28.750000,97.016373,0.000000,-125.782753,1.000000,2.456830,0.000002092,
1308700,125.766373,28.250000,97.516373,0.000000,-125.782753,1.000000,2.456009,0.000002089,
1308800,125.766373,28.250000,97.516373,0.000000,-125.782753,1.000000,2.455153,0.000002075,
1308900,125.508186,28.250000,97.258186,0.000000,-125.766373,1.000000,2.454360,0.000002044,
1309000,125.508186,28.750000,96.758186,0.000000,-125.766373,1.000000,2.453552,0.000002053,
1309100,125.508186,28.750000,96.758186,0.000000,-125.766373,1.000000,2.452726,0.000002053,
1309200,125.629089,28.750000,96.879089,0.000000,-125.766373,1.000000,2.451933,0.000002053,
1309300,125.629089,28.500000,97.129089,0.000000,-125.629089,1.000000,2.451079,0.000002086,
1309400,125.629089,28.500000,97.129089,0.000000,-125.629089,1.000000,2.450230,0.000002100,
1309500,125.439545,28.500000,96.939545,0.000000,-125.629089,1.000000,2.449409,0.000002117,
1309600,125.439545,28.500000,96.939545,0.000000,-125.629089,1.000000,2.448595,0.000002119,
1309700,125.439545,28.500000,96.939545,0.000000,-125.439545,1.000000,2.447803,0.000002131,
1309800,125.344772,28.500000,96.844772,0.000000,-125.439545,1.000000,2.446970,0.000002165,
1309900,125.344772,28.500000,96.844772,0.000000,-125.439545,1.000000,2.446123,0.000002160,
1310000,125.344772,28.500000,96.844772,0.000000,-125.439545,1.000000,2.445267,0.000002149,
1310100,125.172386,28.500000,96.672386,0.000000,-125.344772,1.000000,2.444399,0.000002156,
1310200,125.172386,28.500000,96.672386,0.000000,-125.344772,1.000000,2.443546,0.000002181,
1310300,125.172386,28.500000,96.672386,0.000000,-125.344772,1.000000,2.442710,0.000002173,
1310400,125.086197,28.500000,96.586197,0.000000,-125.344772,1.000000,2.441849,0.000002170,
1310500,125.086197,28.250000,96.836197,0.000000,-125.086197,1.000000,2.441075,0.000002164,
1310600,125.086197,28.250000,96.836197,0.000000,-125.086197,1.000000,2.440187,0.000002155,
1310700,125.043098,28.250000,96.793098,0.000000,-125.086197,1.000000,2.439349,0.000002114,
1310800,125.043098,28.500000,96.543098,0.000000,-125.086197,1.000000,2.438529,0.000002108,
1310900,125.043098,28.500000,96.543098,0.000000,-125.043098,1.000000,2.437636,0.000002092,
1311000,124.771545,28.500000,96.271545,0.000000,-125.043098,1.000000,2.436798,0.000002086,
1311100,124.771545,28.500000,96.271545,0.000000,-125.043098,1.000000,2.435932,0.000002108,
1311200,124.771545,28.500000,96.271545,0.000000,-125.043098,1.000000,2.435111,0.000002119,
1311300,124.760773,28.500000,96.260773,0.000000,-124.771545,1.000000,2.434206,0.000002087,
1311400,124.760773,28.500000,96.260773,0.000000,-124.771545,1.000000,2.433396,0.000002070,
1311500,124.760773,28.500000,96.260773,0.000000,-124.771545,1.000000,2.432562,0.000002056,
1311600,124.755386,28.500000,96.255386,0.000000,-124.771545,1.000000,2.431711,0.000002079,
1311700,124.755386,28.500000,96.255386,0.000000,-124.755386,1.000000,2.430857,0.000002057,
1311800,124.755386,28.500000,96.255386,0.000000,-124.755386,1.000000,2.429981,0.000002051,
1311900,124.502693,28.500000,96.002693,0.000000,-124.755386,1.000000,2.429130,0.000002078,
1312000,124.502693,28.500000,96.002693,0.000000,-124.755386,1.000000,2.428284,0.000002093,
1312100,124.502693,28.500000,96.002693,0.000000,-124.502693,1.000000,2.427433,0.000002108,
1312200,124.251343,28.500000,95.751343,0.000000,-124.502693,1.000000,2.426619,0.000002096,
1312300,124.251343,28.500000,95.751343,0.000000,-124.502693,1.000000,2.425733,0.000002087,
1312400,124.251343,28.500000,95.751343,0.000000,-124.502693,1.000000,2.424893,0.000002093,
1312500,124.250671,28.500000,95.750671,0.000000,-124.251343,1.000000,2.424057,0.000002079,
1312600,124.250671,28.250000,96.000671,0.000000,-124.251343,1.000000,2.423202,0.000002071,
1312700,124.250671,28.250000,96.000671,0.000000,-124.251343,1.000000,2.422338,0.000002087,
1312800,124.125336,28.250000,95.875336,0.000000,-124.251343,1.000000,2.421473,0.000002104,
1312900,124.125336,28.500000,95.625336,0.000000,-124.125336,1.000000,2.420602,0.000002115,
1313100,123.937668,28.500000,95.437668,0.000000,-124.125336,1.000000,2.418996,0.000002097,
1313200,123.937668,28.500000,95.437668,0.000000,-124.125336,1.000000,2.418190,0.000002071,
1313300,123.937668,28.500000,95.437668,0.000000,-123.937668,1.000000,2.417342,0.000002080,
1313400,123.968834,28.500000,95.468834,0.000000,-123.937668,1.000000,2.416489,0.000002086,
1313500,123.968834,28.000000,95.968834,0.000000,-123.937668,1.000000,2.415612,0.000002087,
1313600,123.968834,28.000000,95.968834,0.000000,-123.937668,1.000000,2.414763,0.000002087,
1313700,123.984421,28.000000,95.984421,0.000000,-123.968834,1.000000,2.413937,0.000002056,
1313800,123.984421,28.500000,95.484421,0.000000,-123.968834,1.000000,2.413108,0.000002058,
1313900,123.984421,28.500000,95.484421,0.000000,-123.968834,1.000000,2.412295,0.000002052,
1314000,123.867210,28.500000,95.367210,0.000000,-123.968834,1.000000,2.411497,0.000002058,
1314100,123.867210,28.750000,95.117210,0.000000,-123.867210,1.000000,2.410644,0.000002040,
1314200,123.867210,28.750000,95.117210,0.000000,-123.867210,1.000000,2.409838,0.000002062,
1314300,123.808609,28.750000,95.058609,0.000000,-123.867210,1.000000,2.409060,0.000002047,
1314400,123.808609,28.750000,95.058609,0.000000,-123.867210,1.000000,2.408230,0.000002057,
1314500,123.808609,28.750000,95.058609,0.000000,-123.808609,1.000000,2.407405,0.000002046,
1314600,123.529305,28.750000,94.779305,0.000000,-123.808609,1.000000,2.406510,0.000002059,
1314700,123.529305,28.000000,95.529305,0.000000,-123.808609,1.000000,2.405650,0.000002071,
1314800,123.529305,28.000000,95.529305,0.000000,-123.808609,1.000000,2.404788,0.000002059,
1314900,123.514648,28.000000,95.514648,0.000000,-123.529305,1.000000,2.403960,0.000002072,
1315000,123.514648,28.250000,95.264648,0.000000,-123.529305,1.000000,2.403047,0.000002064,
1315100,123.514648,28.250000,95.264648,0.000000,-123.529305,1.000000,2.402202,0.000002058,
1315200,123.507324,28.250000,95.257324,0.000000,-123.529305,1.000000,2.401358,0.000002060,
1315300,123.507324,28.250000,95.257324,0.000000,-123.507324,1.000000,2.400481,0.000002041,
1315400,123.507324,28.250000,95.257324,0.000000,-123.507324,1.000000,2.399580,0.000002033,
1315500,123.378662,28.250000,95.128662,0.000000,-123.507324,1.000000,2.398683,0.000002075,
1315600,123.378662,28.250000,95.128662,0.000000,-123.507324,1.000000,2.397814,0.000002068,
1315700,123.378662,28.250000,95.128662,0.000000,-123.378662,1.000000,2.396884,0.000002067,
1315800,123.314331,28.250000,95.064331,0.000000,-123.378662,1.000000,2.396031,0.000002098,
1315900,123.314331,28.500000,94.814331,0.000000,-123.378662,1.000000,2.395096,0.000002086,
1316000,123.314331,28.500000,94.814331,0.000000,-123.378662,1.000000,2.394219,0.000002101,
1316100,123.157166,28.500000,94.657166,0.000000,-123.314331,1.000000,2.393413,0.000002092,
1316200,123.157166,28.250000,94.907166,0.000000,-123.314331,1.000000,2.392494,0.000002082,
1316300,123.157166,28.250000,94.907166,0.000000,-123.314331,1.000000,2.391603,0.000002091,
1316400,123.078583,28.250000,94.828583,0.000000,-123.314331,1.000000,2.390747,0.000002105,
1316500,123.078583,28.500000,94.578583,0.000000,-123.078583,1.000000,2.389854,0.000002116,
1316600,123.078583,28.500000,94.578583,0.000000,-123.078583,1.000000,2.389036,0.000002094,
1316700,123.039291,28.500000,94.539291,0.000000,-123.078583,1.000000,2.388124,0.000002127,
1316800,123.039291,28.000000,95.039291,0.000000,-123.078583,1.000000,2.387224,0.000002137,
1316900,123.039291,28.000000,95.039291,0.000000,-123.039291,1.000000,2.386381,0.000002118,
1317000,122.769646,28.000000,94.769646,0.000000,-123.039291,1.000000,2.385526,0.000002122,
1317100,122.769646,28.500000,94.269646,0.000000,-123.039291,1.000000,2.384654,0.000002124,
1317200,122.769646,28.500000,94.269646,0.000000,-123.039291,1.000000,2.383783,0.000002113,
1317300,122.634827,28.500000,94.134827,0.000000,-122.769646,1.000000,2.382927,0.000002092,
1317400,122.634827,28.750000,93.884827,0.000000,-122.769646,1.000000,2.382092,0.000002088,
1317500,122.634827,28.750000,93.884827,0.000000,-122.769646,1.000000,2.381219,0.000002076,
1317600,122.442413,28.750000,93.692413,0.000000,-122.769646,1.000000,2.380370,0.000002071,
1317700,122.442413,28.500000,93.942413,0.000000,-122.442413,1.000000,2.379474,0.000002070,
1317800,122.442413,28.500000,93.942413,0.000000,-122.442413,1.000000,2.378597,0.000002086,
1317900,122.346207,28.500000,93.846207,0.000000,-122.442413,1.000000,2.377722,0.000002097,
1318000,122.346207,28.250000,94.096207,0.000000,-122.442413,1.000000,2.376800,0.000002102,
1318100,122.346207,28.250000,94.096207,0.000000,-122.346207,1.000000,2.375948,0.000002128,
1318200,122.298103,28.250000,94.048103,0.000000,-122.346207,1.000000,2.375082,0.000002104,
1318300,122.298103,28.500000,93.798103,0.000000,-122.346207,1.000000,2.374187,0.000002090,
1318400,122.298103,28.500000,93.798103,0.000000,-122.346207,1.000000,2.373298,0.000002089,
1318500,122.399048,28.500000,93.899048,0.000000,-122.298103,1.000000,2.372377,0.000002089,
1318600,122.399048,28.500000,93.899048,0.000000,-122.298103,1.000000,2.371475,0.000002070,
1318700,122.399048,28.500000,93.899048,0.000000,-122.298103,1.000000,2.370498,0.000002086,
1318800,122.074524,28.500000,93.574524,0.000000,-122.298103,1.000000,2.369565,0.000002062,
1318900,122.074524,28.500000,93.574524,0.000000,-122.074524,1.000000,2.368638,0.000002095,
1319000,122.074524,28.500000,93.574524,0.000000,-122.074524,1.000000,2.367708,0.000002108,
1319100,122.162262,28.500000,93.662262,0.000000,-122.074524,1.000000,2.366811,0.000002089,
1319200,122.162262,28.500000,93.662262,0.000000,-122.074524,1.000000,2.365927,0.000002061,
1319300,122.162262,28.500000,93.662262,0.000000,-122.162262,1.000000,2.365053,0.000002070,
1319400,121.956131,28.500000,93.456131,0.000000,-122.162262,1.000000,2.364185,0.000002082,
1319500,121.956131,28.000000,93.956131,0.000000,-122.162262,1.000000,2.363328,0.000002092,
1319600,121.956131,28.000000,93.956131,0.000000,-122.162262,1.000000,2.362516,0.000002095,
1319700,121.853065,28.000000,93.853065,0.000000,-121.956131,1.000000,2.361615,0.000002078,
1319800,121.853065,28.500000,93.353065,0.000000,-121.956131,1.000000,2.360801,0.000002067,
1319900,121.853065,28.500000,93.353065,0.000000,-121.956131,1.000000,2.359933,0.000002116,
1320000,121.801529,28.500000,93.301529,0.000000,-121.956131,1.000000,2.359049,0.000002100,
1320100,121.801529,28.500000,93.301529,0.000000,-121.801529,1.000000,2.358184,0.000002085,
1320200,121.801529,28.500000,93.301529,0.000000,-121.801529,1.000000,2.357357,0.000002098,
1320300,121.650764,28.500000,93.150764,0.000000,-121.801529,1.000000,2.356547,0.000002111,
1320400,121.650764,28.250000,93.400764,0.000000,-121.801529,1.000000,2.355723,0.000002086,
1320500,121.650764,28.250000,93.400764,0.000000,-121.650764,1.000000,2.354885,0.000002079,
1320600,121.700378,28.250000,93.450378,0.000000,-121.650764,1.000000,2.354043,0.000002068,
1320700,121.700378,29.000000,92.700378,0.000000,-121.650764,1.000000,2.353178,0.000002086,
1320800,121.700378,29.000000,92.700378,0.000000,-121.650764,1.000000,2.352346,0.000002075,
1320900,121.725189,29.000000,92.725189,0.000000,-121.700378,1.000000,2.351465,0.000002056,
1321000,121.725189,28.500000,93.225189,0.000000,-121.700378,1.000000,2.350601,0.000002090,
1321100,121.725189,28.500000,93.225189,0.000000,-121.700378,1.000000,2.349720,0.000002092,
1321200,121.737595,28.500000,93.237595,0.000000,-121.700378,1.000000,2.348838,0.000002075,
1321300,121.737595,28.750000,92.987595,0.000000,-121.737595,1.000000,2.347918,0.000002086,
1321400,121.737595,28.750000,92.987595,0.000000,-121.737595,1.000000,2.347006,0.000002089,
1321500,121.618797,28.750000,92.868797,0.000000,-121.737595,1.000000,2.346084,0.000002093,
1321600,121.618797,28.000000,93.618797,0.000000,-121.737595,1.000000,2.345203,0.000002069,
1321700,121.618797,28.000000,93.618797,0.000000,-121.618797,1.000000,2.344293,0.000002092,
1321800,121.434402,28.000000,93.434402,0.000000,-121.618797,1.000000,2.343360,0.000002123,
1321900,121.434402,28.500000,92.934402,0.000000,-121.618797,1.000000,2.342497,0.000002137,
1322000,121.434402,28.500000,92.934402,0.000000,-121.618797,1.000000,2.341713,0.000002149,
1322100,121.092201,28.500000,92.592201,0.000000,-121.434402,1.000000,2.340916,0.000002150,
1322200,121.092201,28.250000,92.842201,0.000000,-121.434402,1.000000,2.340047,0.000002193,
1322300,121.092201,28.250000,92.842201,0.000000,-121.434402,1.000000,2.339167,0.000002172,
1322400,121.046097,28.250000,92.796097,0.000000,-121.434402,1.000000,2.338313,0.000002124,
1322500,121.046097,28.000000,93.046097,0.000000,-121.046097,1.000000,2.337442,0.000002137,
1322600,121.046097,28.000000,93.046097,0.000000,-121.046097,1.000000,2.336595,0.000002113,
1322700,121.023048,28.000000,93.023048,0.000000,-121.046097,1.000000,2.335748,0.000002099,
1322800,121.023048,28.250000,92.773048,0.000000,-121.046097,1.000000,2.334939,0.000002140,
1322900,121.023048,28.250000,92.773048,0.000000,-121.023048,1.000000,2.334039,0.000002099,
1323000,121.011520,28.250000,92.761520,0.000000,-121.023048,1.000000,2.333166,0.000002107,
1323100,121.011520,28.500000,92.511520,0.000000,-121.023048,1.000000,2.332303,0.000002091,
1323200,121.011520,28.500000,92.511520,0.000000,-121.023048,1.000000,2.331450,0.000002108,
1323300,121.005760,28.500000,92.505760,0.000000,-121.011520,1.000000,2.330619,0.000002098,
1323400,121.005760,28.500000,92.505760,0.000000,-121.011520,1.000000,2.329739,0.000002081,
1323500,121.005760,28.500000,92.505760,0.000000,-121.011520,1.000000,2.328885,0.000002103,
1323600,120.752884,28.500000,92.252884,0.000000,-121.011520,1.000000,2.328050,0.000002099,
1323700,120.752884,28.500000,92.252884,0.000000,-120.752884,1.000000,2.327244,0.000002110,
1323800,120.752884,28.500000,92.252884,0.000000,-120.752884,1.000000,2.326420,0.000002084,
1323900,120.376442,28.500000,91.876442,0.000000,-120.752884,1.000000,2.325548,0.000002083,
1324000,120.376442,28.500000,91.876442,0.000000,-120.752884,1.000000,2.324715,0.000002100,
1324100,120.376442,28.500000,91.876442,0.000000,-120.376442,1.000000,2.323884,0.000002085,
1324200,120.313217,28.500000,91.813217,0.000000,-120.376442,1.000000,2.323024,0.000002113,
1324300,120.313217,28.000000,92.313217,0.000000,-120.376442,1.000000,2.322192,0.000002090,
1324400,120.313217,28.000000,92.313217,0.000000,-120.376442,1.000000,2.321312,0.000002090,
1324500,120.281609,28.000000,92.281609,0.000000,-120.313217,1.000000,2.320467,0.000002104,
1324600,120.281609,28.750000,91.531609,0.000000,-120.313217,1.000000,2.319600,0.000002094,
1324700,120.281609,28.750000,91.531609,0.000000,-120.313217,1.000000,2.318737,0.000002081,
1324800,120.140808,28.750000,91.390808,0.000000,-120.313217,1.000000,2.317850,0.000002068,
1324900,120.140808,28.750000,91.390808,0.000000,-120.140808,1.000000,2.316962,0.000002041,
1325000,120.140808,28.750000,91.390808,0.000000,-120.140808,1.000000,2.316122,0.000002071,
1325100,120.195404,28.750000,91.445404,0.000000,-120.140808,1.000000,2.315303,0.000002051,
1325200,120.195404,28.250000,91.945404,0.000000,-120.140808,1.000000,2.314421,0.000002069,
1325300,120.195404,28.250000,91.945404,0.000000,-120.195404,1.000000,2.313594,0.000002065,
1325400,120.097702,28.250000,91.847702,0.000000,-120.195404,1.000000,2.312734,0.000002043,
1325500,120.097702,28.500000,91.597702,0.000000,-120.195404,1.000000,2.311835,0.000002064,
1325600,120.097702,28.500000,91.597702,0.000000,-120.195404,1.000000,2.311010,0.000002059,
1325700,119.923851,28.500000,91.423851,0.000000,-120.097702,1.000000,2.310165,0.000002064,
1325800,119.923851,28.250000,91.673851,0.000000,-120.097702,1.000000,2.309392,0.000002078,
1325900,119.923851,28.250000,91.673851,0.000000,-120.097702,1.000000,2.308588,0.000002069,
1326000,119.961929,28.250000,91.711929,0.000000,-120.097702,1.000000,2.307746,0.000002044,
1326100,119.961929,28.500000,91.461929,0.000000,-119.961929,1.000000,2.306925,0.000002074,
1326200,119.961929,28.500000,91.461929,0.000000,-119.961929,1.000000,2.306097,0.000002063,
1326300,119.855965,28.500000,91.355965,0.000000,-119.961929,1.000000,2.305256,0.000002055,
1326400,119.855965,28.250000,91.605965,0.000000,-119.961929,1.000000,2.304466,0.000002036,
1326500,119.855965,28.250000,91.605965,0.000000,-119.855965,1.000000,2.303650,0.000002059,
1326600,119.802979,28.250000,91.552979,0.000000,-119.855965,1.000000,2.302872,0.000002067,
1326700,119.802979,28.500000,91.302979,0.000000,-119.855965,1.000000,2.302027,0.000002081,
1326800,119.802979,28.500000,91.302979,0.000000,-119.855965,1.000000,2.301232,0.000002061,
1326900,119.651489,28.500000,91.151489,0.000000,-119.802979,1.000000,2.300397,0.000002077,
1327000,119.651489,28.500000,91.151489,0.000000,-119.802979,1.000000,2.299551,0.000002088,
1327100,119.651489,28.500000,91.151489,0.000000,-119.802979,1.000000,2.298783,0.000002095,
1327200,119.450745,28.500000,90.950745,0.000000,-119.802979,1.000000,2.297933,0.000002082,
1327300,119.450745,28.000000,91.450745,0.000000,-119.450745,1.000000,2.297101,0.000002068,
1327400,119.450745,28.000000,91.450745,0.000000,-119.450745,1.000000,2.296259,0.000002048,
1327500,119.225372,28.000000,91.225372,0.000000,-119.450745,1.000000,2.295495,0.000002100,
1327600,119.225372,28.250000,90.975372,0.000000,-119.450745,1.000000,2.294712,0.000002098,
1327700,119.225372,28.250000,90.975372,0.000000,-119.225372,1.000000,2.293912,0.000002103,
1327800,119.362686,28.250000,91.112686,0.000000,-119.225372,1.000000,2.293124,0.000002092,
1327900,119.362686,28.500000,90.862686,0.000000,-119.225372,1.000000,2.292310,0.000002113,
1328000,119.362686,28.500000,90.862686,0.000000,-119.225372,1.000000,2.291458,0.000002089,
1328100,119.306343,28.500000,90.806343,0.000000,-119.362686,1.000000,2.290671,0.000002084,
1328200,119.306343,28.500000,90.806343,0.000000,-119.362686,1.000000,2.289877,0.000002051,
1328300,119.306343,28.500000,90.806343,0.000000,-119.362686,1.000000,2.289118,0.000002063,
1328400,118.653168,28.500000,90.153168,0.000000,-119.362686,1.000000,2.288311,0.000002030,
1328500,118.653168,28.250000,90.403168,0.000000,-118.653168,1.000000,2.287472,0.000002050,
1328600,118.653168,28.250000,90.403168,0.000000,-118.653168,1.000000,2.286627,0.000002048,
1328700,118.701584,28.250000,90.451584,0.000000,-118.653168,1.000000,2.285825,0.000002043,
1328800,118.701584,28.500000,90.201584,0.000000,-118.653168,1.000000,2.284928,0.000002056,
1328900,118.701584,28.500000,90.201584,0.000000,-118.701584,1.000000,2.284119,0.000002053,
1329000,118.725792,28.500000,90.225792,0.000000,-118.701584,1.000000,2.283355,0.000002057,
1329100,118.725792,28.750000,89.975792,0.000000,-118.701584,1.000000,2.282557,0.000002034,
1329200,118.725792,28.750000,89.975792,0.000000,-118.701584,1.000000,2.281745,0.000002031,
1329300,118.737900,28.750000,89.987900,0.000000,-118.725792,1.000000,2.280937,0.000002019,
1329400,118.737900,28.000000,90.737900,0.000000,-118.725792,1.000000,2.280177,0.000002018,
1329500,118.737900,28.000000,90.737900,0.000000,-118.725792,1.000000,2.279373,0.000002023,
1329600,118.743950,28.000000,90.743950,0.000000,-118.725792,1.000000,2.278603,0.000002022,
1329700,118.743950,28.250000,90.493950,0.000000,-118.743950,1.000000,2.277817,0.000001994,
1329900,118.621979,28.250000,90.371979,0.000000,-118.743950,1.000000,2.276156,0.000002047,
1330000,118.621979,28.500000,90.121979,0.000000,-118.743950,1.000000,2.275279,0.000002046,
1330100,118.621979,28.500000,90.121979,0.000000,-118.621979,1.000000,2.274435,0.000002066,
1330200,118.560989,28.500000,90.060989,0.000000,-118.621979,1.000000,2.273593,0.000002087,
1330300,118.560989,28.750000,89.810989,0.000000,-118.621979,1.000000,2.272773,0.000002069,
1330400,118.560989,28.750000,89.810989,0.000000,-118.621979,1.000000,2.271968,0.000002055,
1330500,118.405495,28.750000,89.655495,0.000000,-118.560989,1.000000,2.271107,0.000002071,
1330600,118.405495,28.500000,89.905495,0.000000,-118.560989,1.000000,2.270284,0.000002062,
1330700,118.405495,28.500000,89.905495,0.000000,-118.560989,1.000000,2.269437,0.000002067,
1330800,118.327744,28.500000,89.827744,0.000000,-118.560989,1.000000,2.268620,0.000002073,
1330900,118.327744,28.500000,89.827744,0.000000,-118.327744,1.000000,2.267820,0.000002059,
1331000,118.327744,28.500000,89.827744,0.000000,-118.327744,1.000000,2.266993,0.000002051,
1331100,118.288872,28.500000,89.788872,0.000000,-118.327744,1.000000,2.266124,0.000002021,
1331200,118.269440,28.500000,89.769440,0.000000,-118.327744,1.000000,2.265306,0.000002029,
1331300,118.269440,27.750000,90.519440,0.000000,-118.269440,1.000000,2.264472,0.000002044,
1331400,118.269440,27.750000,90.519440,0.000000,-118.269440,1.000000,2.263585,0.000002051,
1331500,118.134720,27.750000,90.384720,0.000000,-118.269440,1.000000,2.262767,0.000002024,
1331600,118.134720,27.500000,90.634720,0.000000,-118.269440,1.000000,2.261884,0.000002015,
1331700,118.134720,27.500000,90.634720,0.000000,-118.134720,1.000000,2.261039,0.000002031,
1331800,117.817360,27.500000,90.317360,0.000000,-118.134720,1.000000,2.260153,0.000002014,
1331900,117.817360,28.500000,89.317360,0.000000,-118.134720,1.000000,2.259312,0.000002021,
1332000,117.817360,28.500000,89.317360,0.000000,-118.134720,1.000000,2.258476,0.000002045,
1332100,117.908676,28.500000,89.408676,0.000000,-117.817360,1.000000,2.257636,0.000002030,
1332200,117.908676,28.500000,89.408676,0.000000,-117.817360,1.000000,2.256793,0.000002049,
1332300,117.908676,28.500000,89.408676,0.000000,-117.817360,1.000000,2.255969,0.000002088,
1332400,117.579338,28.500000,89.079338,0.000000,-117.817360,1.000000,2.255136,0.000002086,
1332500,117.579338,28.250000,89.329338,0.000000,-117.579338,1.000000,2.254372,0.000002077,
1332600,117.579338,28.250000,89.329338,0.000000,-117.579338,1.000000,2.253601,0.000002095,
1332700,117.664673,28.250000,89.414673,0.000000,-117.579338,1.000000,2.252829,0.000002101,
1332800,117.664673,28.500000,89.164673,0.000000,-117.579338,1.000000,2.252033,0.000002112,
1332900,117.664673,28.500000,89.164673,0.000000,-117.664673,1.000000,2.251232,0.000002116,
1333000,117.457336,28.500000,88.957336,0.000000,-117.664673,1.000000,2.250421,0.000002124,
1333100,117.457336,28.500000,88.957336,0.000000,-117.664673,1.000000,2.249642,0.000002121,
1333200,117.457336,28.500000,88.957336,0.000000,-117.664673,1.000000,2.248868,0.000002102,
1333300,117.478668,28.500000,88.978668,0.000000,-117.457336,1.000000,2.248069,0.000002106,
1333400,117.478668,28.750000,88.728668,0.000000,-117.457336,1.000000,2.247260,0.000002109,
1333500,117.478668,28.750000,88.728668,0.000000,-117.457336,1.000000,2.246471,0.000002092,
1333600,117.489334,28.750000,88.739334,0.000000,-117.457336,1.000000,2.245651,0.000002098,
1333700,117.489334,28.500000,88.989334,0.000000,-117.489334,1.000000,2.244871,0.000002125,
1333800,117.489334,28.500000,88.989334,0.000000,-117.489334,1.000000,2.244054,0.000002108,
1333900,117.369667,28.500000,88.869667,0.000000,-117.489334,1.000000,2.243198,0.000002099,
1334000,117.369667,28.250000,89.119667,0.000000,-117.489334,1.000000,2.242383,0.000002096,
1334100,117.369667,28.250000,89.119667,0.000000,-117.369667,1.000000,2.241583,0.000002100,
1334200,117.059830,28.250000,88.809830,0.000000,-117.369667,1.000000,2.240795,0.000002117,
1334300,117.059830,28.250000,88.809830,0.000000,-117.369667,1.000000,2.239970,0.000002146,
1334400,117.059830,28.250000,88.809830,0.000000,-117.369667,1.000000,2.239161,0.000002125,
1334500,117.154915,28.250000,88.904915,0.000000,-117.059830,1.000000,2.238388,0.000002101,
1334600,117.154915,28.750000,88.404915,0.000000,-117.059830,1.000000,2.237606,0.000002088,
1334700,117.154915,28.750000,88.404915,0.000000,-117.059830,1.000000,2.236812,0.000002092,
1334800,117.077454,28.750000,88.327454,0.000000,-117.059830,1.000000,2.236013,0.000002072,
1334900,117.077454,28.000000,89.077454,0.000000,-117.077454,1.000000,2.235178,0.000002056,
1335000,117.077454,28.000000,89.077454,0.000000,-117.077454,1.000000,2.234346,0.000002045,
1335100,117.038727,28.000000,89.038727,0.000000,-117.077454,1.000000,2.233483,0.000002040,
1335200,117.038727,28.500000,88.538727,0.000000,-117.077454,1.000000,2.232667,0.000002066,
1335300,117.038727,28.500000,88.538727,0.000000,-117.038727,1.000000,2.231838,0.000002048,
1335400,116.769363,28.500000,88.269363,0.000000,-117.038727,1.000000,2.231050,0.000002075,
1335500,116.769363,28.250000,88.519363,0.000000,-117.038727,1.000000,2.230244,0.000002070,
1335600,116.769363,28.250000,88.519363,0.000000,-117.038727,1.000000,2.229495,0.000002064,
1335800,116.634682,28.500000,88.134682,0.000000,-116.769363,1.000000,2.227871,0.000002102,
1335900,116.634682,28.500000,88.134682,0.000000,-116.769363,1.000000,2.227063,0.000002101,
1336000,116.567337,28.500000,88.067337,0.000000,-116.769363,1.000000,2.226245,0.000002081,
1336100,116.567337,28.250000,88.317337,0.000000,-116.567337,1.000000,2.225413,0.000002105,
1336200,116.567337,28.250000,88.317337,0.000000,-116.567337,1.000000,2.224571,0.000002096,
1336300,116.408669,28.250000,88.158669,0.000000,-116.567337,1.000000,2.223817,0.000002080,
1336400,116.408669,28.500000,87.908669,0.000000,-116.567337,1.000000,2.223000,0.000002073,
1336500,116.408669,28.500000,87.908669,0.000000,-116.408669,1.000000,2.222225,0.000002086,
1336600,116.329330,28.500000,87.829330,0.000000,-116.408669,1.000000,2.221469,0.000002057,
1336700,116.329330,28.250000,88.079330,0.000000,-116.408669,1.000000,2.220701,0.000002053,
1336800,116.329330,28.250000,88.079330,0.000000,-116.408669,1.000000,2.219935,0.000002044,
1336900,116.289665,28.250000,88.039665,0.000000,-116.329330,1.000000,2.219143,0.000002051,
1337000,116.289665,28.500000,87.789665,0.000000,-116.329330,1.000000,2.218375,0.000002063,
1337100,116.289665,28.500000,87.789665,0.000000,-116.329330,1.000000,2.217594,0.000002054,
1337200,116.019836,28.500000,87.519836,0.000000,-116.329330,1.000000,2.216788,0.000002062,
1337300,116.019836,28.250000,87.769836,0.000000,-116.019836,1.000000,2.216007,0.000002053,
1337400,116.019836,28.250000,87.769836,0.000000,-116.019836,1.000000,2.215232,0.000002033,
1337500,115.884918,28.250000,87.634918,0.000000,-116.019836,1.000000,2.214492,0.000002002,
1337600,115.884918,28.750000,87.134918,0.000000,-116.019836,1.000000,2.213732,0.000002012,
1337700,115.884918,28.750000,87.134918,0.000000,-115.884918,1.000000,2.212962,0.000002021,
1337800,115.942459,28.750000,87.192459,0.000000,-115.884918,1.000000,2.212193,0.000002029,
1337900,115.942459,28.500000,87.442459,0.000000,-115.884918,1.000000,2.211413,0.000002041,
1338000,115.942459,28.500000,87.442459,0.000000,-115.884918,1.000000,2.210611,0.000002014,
1338100,115.846230,28.500000,87.346230,0.000000,-115.942459,1.000000,2.209799,0.000002022,
1338200,115.846230,28.500000,87.346230,0.000000,-115.942459,1.000000,2.208993,0.000002026,
1338300,115.846230,28.500000,87.346230,0.000000,-115.942459,1.000000,2.208165,0.000002043,
1338400,115.673111,28.500000,87.173111,0.000000,-115.942459,1.000000,2.207296,0.000002032,
1338500,115.673111,28.750000,86.923111,0.000000,-115.673111,1.000000,2.206524,0.000002060,
1338600,115.673111,28.750000,86.923111,0.000000,-115.673111,1.000000,2.205701,0.000002051,
1338700,115.711555,28.750000,86.961555,0.000000,-115.673111,1.000000,2.204889,0.000002048,
1338800,115.711555,28.000000,87.711555,0.000000,-115.673111,1.000000,2.204079,0.000002033,
1338900,115.711555,28.000000,87.711555,0.000000,-115.711555,1.000000,2.203310,0.000002047,
1339000,115.480774,28.000000,87.480774,0.000000,-115.711555,1.000000,2.202502,0.000002049,
1339100,115.480774,28.000000,87.480774,0.000000,-115.711555,1.000000,2.201680,0.000002049,
1339200,115.480774,28.000000,87.480774,0.000000,-115.711555,1.000000,2.200904,0.000002060,
1339300,115.365387,28.000000,87.365387,0.000000,-115.480774,1.000000,2.200127,0.000002058,
1339400,115.365387,28.500000,86.865387,0.000000,-115.480774,1.000000,2.199320,0.000002053,
1339500,115.365387,28.500000,86.865387,0.000000,-115.480774,1.000000,2.198472,0.000002090,
1339600,115.307693,28.500000,86.807693,0.000000,-115.480774,1.000000,2.197661,0.000002047,
1339700,115.307693,28.250000,87.057693,0.000000,-115.307693,1.000000,2.196867,0.000002023,
1339800,115.307693,28.250000,87.057693,0.000000,-115.307693,1.000000,2.196069,0.000002030,
1339900,115.403847,28.250000,87.153847,0.000000,-115.307693,1.000000,2.195232,0.000002037,
1340000,115.403847,28.750000,86.653847,0.000000,-115.307693,1.000000,2.194441,0.000002024,
1340100,115.403847,28.750000,86.653847,0.000000,-115.403847,1.000000,2.193616,0.000002003,
1340200,115.201920,28.750000,86.451920,0.000000,-115.403847,1.000000,2.192781,0.000001992,
1340300,115.201920,28.250000,86.951920,0.000000,-115.403847,1.000000,2.192036,0.000001967,
1340400,115.201920,28.250000,86.951920,0.000000,-115.403847,1.000000,2.191239,0.000001984,
1340500,115.225960,28.250000,86.975960,0.000000,-115.201920,1.000000,2.190458,0.000001961,
1340600,115.225960,28.750000,86.475960,0.000000,-115.201920,1.000000,2.189665,0.000001949,
1340700,115.225960,28.750000,86.475960,0.000000,-115.201920,1.000000,2.188901,0.000001950,
1340800,115.112976,28.750000,86.362976,0.000000,-115.201920,1.000000,2.188139,0.000002025,
1340900,115.112976,28.000000,87.112976,0.000000,-115.112976,1.000000,2.187391,0.000002021,
1341000,115.112976,28.000000,87.112976,0.000000,-115.112976,1.000000,2.186641,0.000002005,
1341100,114.931488,28.000000,86.931488,0.000000,-115.112976,1.000000,2.185856,0.000002011,
1341200,114.931488,28.250000,86.681488,0.000000,-115.112976,1.000000,2.185118,0.000001989,
1341300,114.931488,28.250000,86.681488,0.000000,-114.931488,1.000000,2.184340,0.000001994,
1341400,114.965744,28.250000,86.715744,0.000000,-114.931488,1.000000,2.183531,0.000001975,
1341500,114.965744,28.000000,86.965744,0.000000,-114.931488,1.000000,2.182755,0.000001963,
1341600,114.965744,28.000000,86.965744,0.000000,-114.931488,1.000000,2.181957,0.000001971,
1341700,114.982872,28.000000,86.982872,0.000000,-114.965744,1.000000,2.181136,0.000001970,
1341900,114.982872,28.500000,86.482872,0.000000,-114.965744,1.000000,2.179576,0.000001993,
1342000,114.866440,28.500000,86.366440,0.000000,-114.965744,1.000000,2.178726,0.000001993,
1342100,114.866440,28.500000,86.366440,0.000000,-114.866440,1.000000,2.177896,0.000001988,
1342200,114.866440,28.500000,86.366440,0.000000,-114.866440,1.000000,2.177114,0.000001998,
1342300,114.558220,28.500000,86.058220,0.000000,-114.866440,1.000000,2.176341,0.000001987,
1342400,114.558220,28.500000,86.058220,0.000000,-114.866440,1.000000,2.175515,0.000001993,
1342500,114.558220,28.500000,86.058220,0.000000,-114.558220,1.000000,2.174732,0.000001985,
1342600,114.404114,28.500000,85.904114,0.000000,-114.558220,1.000000,2.173953,0.000001964,
1342700,114.404114,28.000000,86.404114,0.000000,-114.558220,1.000000,2.173203,0.000001998,
1342800,114.404114,28.000000,86.404114,0.000000,-114.558220,1.000000,2.172419,0.000002039,
1342900,114.202057,28.000000,86.202057,0.000000,-114.404114,1.000000,2.171661,0.000002053,
1343000,114.202057,28.000000,86.202057,0.000000,-114.404114,1.000000,2.170917,0.000002058,
1343100,114.202057,28.000000,86.202057,0.000000,-114.404114,1.000000,2.170150,0.000002057,
1343200,114.101028,28.000000,86.101028,0.000000,-114.404114,1.000000,2.169366,0.000002053,
1343300,114.101028,28.250000,85.851028,0.000000,-114.101028,1.000000,2.168560,0.000002019,
1343400,114.101028,28.250000,85.851028,0.000000,-114.101028,1.000000,2.167756,0.000001991,
1343500,114.175514,28.250000,85.925514,0.000000,-114.101028,1.000000,2.166974,0.000001961,
1343600,114.175514,28.500000,85.675514,0.000000,-114.101028,1.000000,2.166237,0.000001984,
1343700,114.175514,28.500000,85.675514,0.000000,-114.175514,1.000000,2.165426,0.000001988,
1343800,114.087753,28.500000,85.587753,0.000000,-114.175514,1.000000,2.164608,0.000001994,
1343900,114.087753,28.000000,86.087753,0.000000,-114.175514,1.000000,2.163840,0.000002012,
1344000,114.087753,28.000000,86.087753,0.000000,-114.175514,1.000000,2.163050,0.000002008,
1344100,113.918877,28.000000,85.918877,0.000000,-114.087753,1.000000,2.162282,0.000002008,
1344200,113.918877,28.500000,85.418877,0.000000,-114.087753,1.000000,2.161495,0.000001973,
1344300,113.918877,28.500000,85.418877,0.000000,-114.087753,1.000000,2.160734,0.000001976,
1344400,113.959442,28.500000,85.459442,0.000000,-114.087753,1.000000,2.159955,0.000001972,
1344500,113.959442,27.750000,86.209442,0.000000,-113.959442,1.000000,2.159205,0.000001985,
1344600,113.959442,27.750000,86.209442,0.000000,-113.959442,1.000000,2.158451,0.000002000,
1344700,113.854721,27.750000,86.104721,0.000000,-113.959442,1.000000,2.157645,0.000002039,
1344800,113.854721,28.500000,85.354721,0.000000,-113.959442,1.000000,2.156844,0.000002047,
1344900,113.854721,28.500000,85.354721,0.000000,-113.854721,1.000000,2.156064,0.000002043,
1345000,113.802361,28.500000,85.302361,0.000000,-113.854721,1.000000,2.155219,0.000002060,
1345100,113.802361,28.250000,85.552361,0.000000,-113.854721,1.000000,2.154434,0.000002031,
1345200,113.802361,28.250000,85.552361,0.000000,-113.854721,1.000000,2.153618,0.000002015,
1345300,113.526184,28.250000,85.276184,0.000000,-113.802361,1.000000,2.152885,0.000002037,
1345400,113.526184,28.000000,85.526184,0.000000,-113.802361,1.000000,2.152104,0.000002035,
1345500,113.526184,28.000000,85.526184,0.000000,-113.802361,1.000000,2.151333,0.000002058,
1345600,113.263092,28.000000,85.263092,0.000000,-113.802361,1.000000,2.150534,0.000002038,
1345700,113.263092,28.500000,84.763092,0.000000,-113.263092,1.000000,2.149708,0.000002054,
1345800,113.263092,28.500000,84.763092,0.000000,-113.263092,1.000000,2.148886,0.000002053,
1345900,113.381546,28.500000,84.881546,0.000000,-113.263092,1.000000,2.148076,0.000002021,
1346000,113.381546,28.250000,85.131546,0.000000,-113.263092,1.000000,2.147266,0.000001998,
1346100,113.381546,28.250000,85.131546,0.000000,-113.381546,1.000000,2.146482,0.000002022,
1346200,113.315773,28.250000,85.065773,0.000000,-113.381546,1.000000,2.145705,0.000001986,
1346300,113.315773,28.500000,84.815773,0.000000,-113.381546,1.000000,2.144890,0.000002020,
1346400,113.315773,28.500000,84.815773,0.000000,-113.381546,1.000000,2.144094,0.000002003,
1346500,113.407883,28.500000,84.907883,0.000000,-113.315773,1.000000,2.143255,0.000001997,
1346600,113.407883,28.000000,85.407883,0.000000,-113.315773,1.000000,2.142467,0.000001982,
1346700,113.407883,28.000000,85.407883,0.000000,-113.315773,1.000000,2.141729,0.000001967,
1346800,113.328941,28.000000,85.328941,0.000000,-113.315773,1.000000,2.140941,0.000001973,
1346900,113.328941,28.250000,85.078941,0.000000,-113.328941,1.000000,2.140234,0.000001981,
1347000,113.328941,28.250000,85.078941,0.000000,-113.328941,1.000000,2.139478,0.000002016,
1347100,113.039474,28.250000,84.789474,0.000000,-113.328941,1.000000,2.138700,0.000002018,
1347200,113.039474,28.500000,84.539474,0.000000,-113.328941,1.000000,2.137965,0.000002038,
1347300,113.039474,28.500000,84.539474,0.000000,-113.039474,1.000000,2.137116,0.000002061,
1347400,113.019737,28.500000,84.519737,0.000000,-113.039474,1.000000,2.136354,0.000002053,
1347500,113.019737,27.750000,85.269737,0.000000,-113.039474,1.000000,2.135582,0.000002040,
1347600,113.019737,27.750000,85.269737,0.000000,-113.039474,1.000000,2.134786,0.000002068,
1347700,113.009872,27.750000,85.259872,0.000000,-113.019737,1.000000,2.133966,0.000002035,
1347800,113.009872,28.250000,84.759872,0.000000,-113.019737,1.000000,2.133171,0.000002031,
1347900,113.009872,28.250000,84.759872,0.000000,-113.019737,1.000000,2.132408,0.000002027,
1348000,113.004936,28.250000,84.754936,0.000000,-113.019737,1.000000,2.131613,0.000002044,
1348100,113.004936,28.250000,84.754936,0.000000,-113.004936,1.000000,2.130853,0.000002051,
1348200,113.004936,28.250000,84.754936,0.000000,-113.004936,1.000000,2.130105,0.000002056,
1348300,112.752472,28.250000,84.502472,0.000000,-113.004936,1.000000,2.129313,0.000002041,
1348400,112.752472,28.250000,84.502472,0.000000,-113.004936,1.000000,2.128595,0.000002050,
1348500,112.752472,28.250000,84.502472,0.000000,-112.752472,1.000000,2.127928,0.000002059,
1348600,112.751236,28.250000,84.501236,0.000000,-112.752472,1.000000,2.127140,0.000002053,
1348700,112.751236,28.000000,84.751236,0.000000,-112.752472,1.000000,2.126401,0.000002034,
1348800,112.751236,28.000000,84.751236,0.000000,-112.752472,1.000000,2.125655,0.000002043,
1348900,112.625618,28.000000,84.625618,0.000000,-112.751236,1.000000,2.124909,0.000002035,
1349000,112.625618,28.000000,84.625618,0.000000,-112.751236,1.000000,2.124131,0.000002028,
1349100,112.625618,28.000000,84.625618,0.000000,-112.751236,1.000000,2.123357,0.000002051,
1349200,112.437805,28.000000,84.437805,0.000000,-112.751236,1.000000,2.122608,0.000002036,
1349300,112.437805,28.500000,83.937805,0.000000,-112.437805,1.000000,2.121891,0.000002031,
1349400,112.437805,28.500000,83.937805,0.000000,-112.437805,1.000000,2.121167,0.000002014,
1349500,112.343903,28.500000,83.843903,0.000000,-112.437805,1.000000,2.120399,0.000002010,
1349600,112.343903,28.250000,84.093903,0.000000,-112.437805,1.000000,2.119674,0.000002033,
1349700,112.343903,28.250000,84.093903,0.000000,-112.343903,1.000000,2.118980,0.000002039,
1349800,112.296951,28.250000,84.046951,0.000000,-112.343903,1.000000,2.118312,0.000002033,
1349900,112.296951,28.000000,84.296951,0.000000,-112.343903,1.000000,2.117553,0.000002033,
1350000,112.296951,28.000000,84.296951,0.000000,-112.343903,1.000000,2.116843,0.000002027,
1350100,112.023476,28.000000,84.023476,0.000000,-112.296951,1.000000,2.116153,0.000002030,
1350200,112.023476,27.750000,84.273476,0.000000,-112.296951,1.000000,2.115434,0.000002028,
1350300,112.023476,27.750000,84.273476,0.000000,-112.296951,1.000000,2.114717,0.000002051,
1350400,111.886734,27.750000,84.136734,0.000000,-112.296951,1.000000,2.113952,0.000002058,
1350500,111.886734,28.000000,83.886734,0.000000,-111.886734,1.000000,2.113232,0.000002036,
1350600,111.886734,28.000000,83.886734,0.000000,-111.886734,1.000000,2.112483,0.000002055,
1350700,111.818367,28.000000,83.818367,0.000000,-111.886734,1.000000,2.111706,0.000002087,
1350800,111.818367,28.000000,83.818367,0.000000,-111.886734,1.000000,2.110914,0.000002057,
1350900,111.818367,28.000000,83.818367,0.000000,-111.818367,1.000000,2.110165,0.000002055,
1351000,111.784180,28.000000,83.784180,0.000000,-111.818367,1.000000,2.109446,0.000002087,
1351100,111.784180,27.750000,84.034180,0.000000,-111.818367,1.000000,2.108711,0.000002119,
1351200,111.784180,27.750000,84.034180,0.000000,-111.818367,1.000000,2.107968,0.000002118,
1351300,111.642090,27.750000,83.892090,0.000000,-111.784180,1.000000,2.107232,0.000002104,
1351400,111.642090,28.250000,83.392090,0.000000,-111.784180,1.000000,2.106448,0.000002101,
1351500,111.642090,28.250000,83.392090,0.000000,-111.784180,1.000000,2.105620,0.000002106,
1351600,111.446045,28.250000,83.196045,0.000000,-111.784180,1.000000,2.104903,0.000002093,
1351700,111.446045,27.250000,84.196045,0.000000,-111.446045,1.000000,2.104170,0.000002114,
1351800,111.446045,27.250000,84.196045,0.000000,-111.446045,1.000000,2.103438,0.000002091,
1351900,111.473022,27.250000,84.223022,0.000000,-111.446045,1.000000,2.102724,0.000002082,
1352000,111.473022,28.250000,83.223022,0.000000,-111.446045,1.000000,2.101969,0.000002069,
1352100,111.473022,28.250000,83.223022,0.000000,-111.473022,1.000000,2.101248,0.000002062,
1352200,111.486511,28.250000,83.236511,0.000000,-111.473022,1.000000,2.100514,0.000002075,
1352300,111.486511,27.750000,83.736511,0.000000,-111.473022,1.000000,2.099759,0.000002073,
1352400,111.486511,27.750000,83.736511,0.000000,-111.473022,1.000000,2.098985,0.000002065,
1352500,111.493256,27.750000,83.743256,0.000000,-111.486511,1.000000,2.098231,0.000002056,
1352600,111.493256,28.250000,83.243256,0.000000,-111.486511,1.000000,2.097520,0.000002047,
1352700,111.493256,28.250000,83.243256,0.000000,-111.486511,1.000000,2.096778,0.000002065,
1352800,111.246628,28.250000,82.996628,0.000000,-111.486511,1.000000,2.096025,0.000002053,
1352900,111.246628,28.250000,82.996628,0.000000,-111.246628,1.000000,2.095289,0.000002040,
1353000,111.246628,28.250000,82.996628,0.000000,-111.246628,1.000000,2.094584,0.000002035,
1353100,111.248314,28.250000,82.998314,0.000000,-111.246628,1.000000,2.093836,0.000002028,
1353200,111.248314,27.750000,83.498314,0.000000,-111.246628,1.000000,2.093146,0.000002065,
1353300,111.248314,27.750000,83.498314,0.000000,-111.248314,1.000000,2.092438,0.000002039,
1353400,111.124161,27.750000,83.374161,0.000000,-111.248314,1.000000,2.091727,0.000002039,
1353500,111.124161,27.500000,83.624161,0.000000,-111.248314,1.000000,2.091009,0.000002037,
1353600,111.124161,27.500000,83.624161,0.000000,-111.248314,1.000000,2.090281,0.000002009,
1353700,110.937080,27.500000,83.437080,0.000000,-111.124161,1.000000,2.089601,0.000001986,
1353800,110.937080,28.250000,82.687080,0.000000,-111.124161,1.000000,2.088900,0.000001984,
1353900,110.937080,28.250000,82.687080,0.000000,-111.124161,1.000000,2.088122,0.000001954,
1354000,110.968536,28.250000,82.718536,0.000000,-111.124161,1.000000,2.087411,0.000001949,
1354100,110.968536,28.250000,82.718536,0.000000,-110.968536,1.000000,2.086684,0.000001959,
1354200,110.968536,28.250000,82.718536,0.000000,-110.968536,1.000000,2.085941,0.000001955,
1354300,110.859268,28.250000,82.609268,0.000000,-110.968536,1.000000,2.085156,0.000001978,
1354400,110.859268,28.000000,82.859268,0.000000,-110.968536,1.000000,2.084435,0.000001992,
1354500,110.859268,28.000000,82.859268,0.000000,-110.859268,1.000000,2.083638,0.000001993,
1354600,110.679634,28.000000,82.679634,0.000000,-110.859268,1.000000,2.082881,0.000001992,
1354700,110.679634,28.000000,82.679634,0.000000,-110.859268,1.000000,2.082119,0.000001986,
1354800,110.679634,28.000000,82.679634,0.000000,-110.859268,1.000000,2.081300,0.000001967,
1354900,110.714813,28.000000,82.714813,0.000000,-110.679634,1.000000,2.080538,0.000001991,
1355000,110.714813,28.500000,82.214813,0.000000,-110.679634,1.000000,2.079789,0.000001987,
1355100,110.714813,28.500000,82.214813,0.000000,-110.679634,1.000000,2.079022,0.000001986,
1355200,110.607407,28.500000,82.107407,0.000000,-110.679634,1.000000,2.078262,0.000001975,
1355300,110.607407,27.750000,82.857407,0.000000,-110.607407,1.000000,2.077486,0.000001995,
1355400,110.607407,27.750000,82.857407,0.000000,-110.607407,1.000000,2.076756,0.000002030,
1355500,110.553703,27.750000,82.803703,0.000000,-110.607407,1.000000,2.076025,0.000002020,
1355600,110.553703,27.750000,82.803703,0.000000,-110.607407,1.000000,2.075267,0.000002026,
1355700,110.553703,27.750000,82.803703,0.000000,-110.553703,1.000000,2.074522,0.000002025,
1355800,110.276855,27.750000,82.526855,0.000000,-110.553703,1.000000,2.073765,0.000002031,
1355900,110.276855,28.250000,82.026855,0.000000,-110.553703,1.000000,2.073047,0.000002017,
1356000,110.276855,28.250000,82.026855,0.000000,-110.553703,1.000000,2.072267,0.000001975,
1356100,110.138428,28.250000,81.888428,0.000000,-110.276855,1.000000,2.071533,0.000001981,
1356200,110.138428,28.250000,81.888428,0.000000,-110.276855,1.000000,2.070770,0.000001996,
1356300,110.138428,28.250000,81.888428,0.000000,-110.276855,1.000000,2.070038,0.000001972,
1356400,110.194214,28.250000,81.944214,0.000000,-110.276855,1.000000,2.069276,0.000001979,
1356500,110.194214,28.250000,81.944214,0.000000,-110.194214,1.000000,2.068530,0.000001966,
1356600,110.194214,28.250000,81.944214,0.000000,-110.194214,1.000000,2.067754,0.000001977,
1356700,110.097107,28.250000,81.847107,0.000000,-110.194214,1.000000,2.067022,0.000002005,
1356800,110.048553,28.250000,81.798553,0.000000,-110.194214,1.000000,2.066289,0.000001979,
1356900,110.048553,28.250000,81.798553,0.000000,-110.048553,1.000000,2.065499,0.000001982,
1357000,110.048553,28.250000,81.798553,0.000000,-110.048553,1.000000,2.064705,0.000001985,
1357100,110.024277,28.250000,81.774277,0.000000,-110.048553,1.000000,2.063932,0.000001978,
1357200,110.024277,28.250000,81.774277,0.000000,-110.048553,1.000000,2.063179,0.000001986,
1357300,110.024277,28.250000,81.774277,0.000000,-110.024277,1.000000,2.062428,0.000001989,
1357400,110.012138,28.250000,81.762138,0.000000,-110.024277,1.000000,2.061633,0.000001976,
1357500,110.012138,28.000000,82.012138,0.000000,-110.024277,1.000000,2.060870,0.000001977,
1357600,110.012138,28.000000,82.012138,0.000000,-110.024277,1.000000,2.060127,0.000001971,
1357700,109.881073,28.000000,81.881073,0.000000,-110.012138,1.000000,2.059377,0.000001968,
1357800,109.881073,28.000000,81.881073,0.000000,-110.012138,1.000000,2.058634,0.000001956,
1357900,109.881073,28.000000,81.881073,0.000000,-110.012138,1.000000,2.057884,0.000001977,
1358000,109.815536,28.000000,81.815536,0.000000,-110.012138,1.000000,2.057100,0.000001995,
1358100,109.815536,28.250000,81.565536,0.000000,-109.815536,1.000000,2.056331,0.000001983,
1358200,109.815536,28.250000,81.565536,0.000000,-109.815536,1.000000,2.055583,0.000001987,
1358300,109.782768,28.250000,81.532768,0.000000,-109.815536,1.000000,2.054829,0.000002006,
1358400,109.782768,27.500000,82.282768,0.000000,-109.815536,1.000000,2.054131,0.000002033,
1358500,109.782768,27.500000,82.282768,0.000000,-109.782768,1.000000,2.053454,0.000002026,
1358600,109.641388,27.500000,82.141388,0.000000,-109.782768,1.000000,2.052711,0.000002013,
1358700,109.641388,28.250000,81.391388,0.000000,-109.782768,1.000000,2.051981,0.000002014,
1358800,109.641388,28.250000,81.391388,0.000000,-109.782768,1.000000,2.051254,0.000001992,
1358900,109.570694,28.250000,81.320694,0.000000,-109.641388,1.000000,2.050535,0.000001994,
1359000,109.570694,28.250000,81.320694,0.000000,-109.641388,1.000000,2.049824,0.000002030,
1359100,109.570694,28.250000,81.320694,0.000000,-109.641388,1.000000,2.049088,0.000002011,
1359200,109.035347,28.250000,80.785347,0.000000,-109.641388,1.000000,2.048370,0.000001988,
1359300,109.035347,28.000000,81.035347,0.000000,-109.035347,1.000000,2.047611,0.000001995,
1359400,109.035347,28.000000,81.035347,0.000000,-109.035347,1.000000,2.046880,0.000001985,
1359500,109.017670,28.000000,81.017670,0.000000,-109.035347,1.000000,2.046118,0.000002013,
1359600,109.017670,28.000000,81.017670,0.000000,-109.035347,1.000000,2.045350,0.000002023,
1359700,109.017670,28.000000,81.017670,0.000000,-109.017670,1.000000,2.044576,0.000002036,
1359800,109.008835,28.000000,81.008835,0.000000,-109.017670,1.000000,2.043839,0.000002002,
1359900,109.008835,27.750000,81.258835,0.000000,-109.017670,1.000000,2.043115,0.000001991,
1360000,109.008835,27.750000,81.258835,0.000000,-109.017670,1.000000,2.042428,0.000001995,
1360100,109.004417,27.750000,81.254417,0.000000,-109.008835,1.000000,2.041718,0.000001995,
1360200,109.004417,28.000000,81.004417,0.000000,-109.008835,1.000000,2.040970,0.000001977,
1360300,109.004417,28.000000,81.004417,0.000000,-109.008835,1.000000,2.040275,0.000001954,
1360400,109.002213,28.000000,81.002213,0.000000,-109.008835,1.000000,2.039603,0.000001959,
1360500,109.002213,27.750000,81.252213,0.000000,-109.002213,1.000000,2.038912,0.000001972,
1360600,109.002213,27.750000,81.252213,0.000000,-109.002213,1.000000,2.038187,0.000001974,
1360700,109.001106,27.750000,81.251106,0.000000,-109.002213,1.000000,2.037458,0.000002018,
1360800,109.001106,28.000000,81.001106,0.000000,-109.002213,1.000000,2.036740,0.000001995,
1360900,109.001106,28.000000,81.001106,0.000000,-109.001106,1.000000,2.036042,0.000001996,
1361000,108.750549,28.000000,80.750549,0.000000,-109.001106,1.000000,2.035350,0.000001962,
1361100,108.750549,27.500000,81.250549,0.000000,-109.001106,1.000000,2.034669,0.000001995,
1361200,108.750549,27.500000,81.250549,0.000000,-109.001106,1.000000,2.034043,0.000001994,
1361300,108.750275,27.500000,81.250275,0.000000,-108.750549,1.000000,2.033362,0.000001985,
1361400,108.750275,28.250000,80.500275,0.000000,-108.750549,1.000000,2.032690,0.000001996,
1361500,108.750275,28.250000,80.500275,0.000000,-108.750549,1.000000,2.032035,0.000001985,
1361600,108.750137,28.250000,80.500137,0.000000,-108.750549,1.000000,2.031324,0.000001990,
1361800,108.750137,28.000000,80.750137,0.000000,-108.750137,1.000000,2.029967,0.000001969,
1361900,108.500069,28.000000,80.500069,0.000000,-108.750137,1.000000,2.029250,0.000001966,
1362000,108.500069,27.250000,81.250069,0.000000,-108.750137,1.000000,2.028516,0.000001971,
1362100,108.500069,27.250000,81.250069,0.000000,-108.500069,1.000000,2.027743,0.000001956,
1362200,108.250031,27.250000,81.000031,0.000000,-108.500069,1.000000,2.026981,0.000001928,
1362300,108.250031,28.000000,80.250031,0.000000,-108.500069,1.000000,2.026215,0.000001959,
1362400,108.250031,28.000000,80.250031,0.000000,-108.500069,1.000000,2.025499,0.000001986,
1362500,108.375015,28.000000,80.375015,0.000000,-108.250031,1.000000,2.024815,0.000001957,
1362600,108.375015,28.250000,80.125015,0.000000,-108.250031,1.000000,2.024102,0.000001947,
1362700,108.375015,28.250000,80.125015,0.000000,-108.250031,1.000000,2.023349,0.000001970,
1362800,108.187508,28.250000,79.937508,0.000000,-108.250031,1.000000,2.022627,0.000001987,
1362900,108.187508,28.250000,79.937508,0.000000,-108.187508,1.000000,2.021866,0.000001991,
1363000,108.187508,28.250000,79.937508,0.000000,-108.187508,1.000000,2.021091,0.000001950,
1363100,107.968750,28.250000,79.718750,0.000000,-108.187508,1.000000,2.020375,0.000001952,
1363200,107.968750,28.000000,79.968750,0.000000,-108.187508,1.000000,2.019654,0.000001943,
1363300,107.968750,28.000000,79.968750,0.000000,-107.968750,1.000000,2.018897,0.000001943,
1363400,107.984375,28.000000,79.984375,0.000000,-107.968750,1.000000,2.018147,0.000001953,
1363500,107.984375,27.750000,80.234375,0.000000,-107.968750,1.000000,2.017430,0.000001962,
1363600,107.984375,27.750000,80.234375,0.000000,-107.968750,1.000000,2.016644,0.000001962,
1363700,107.992188,27.750000,80.242188,0.000000,-107.984375,1.000000,2.015881,0.000001963,
1363800,107.992188,28.000000,79.992188,0.000000,-107.984375,1.000000,2.015146,0.000001961,
1363900,107.992188,28.000000,79.992188,0.000000,-107.984375,1.000000,2.014413,0.000001969,
1364000,107.871094,28.000000,79.871094,0.000000,-107.984375,1.000000,2.013676,0.000001980,
1364100,107.871094,28.250000,79.621094,0.000000,-107.871094,1.000000,2.012889,0.000001957,
1364200,107.871094,28.250000,79.621094,0.000000,-107.871094,1.000000,2.012127,0.000001966,
1364300,107.560547,28.250000,79.310547,0.000000,-107.871094,1.000000,2.011403,0.000001981,
1364400,107.560547,28.000000,79.560547,0.000000,-107.871094,1.000000,2.010675,0.000001984,
1364500,107.560547,28.000000,79.560547,0.000000,-107.560547,1.000000,2.009944,0.000001986,
1364600,107.655273,28.000000,79.655273,0.000000,-107.560547,1.000000,2.009148,0.000001995,
1364700,107.655273,28.000000,79.655273,0.000000,-107.560547,1.000000,2.008357,0.000002010,
1364800,107.655273,28.000000,79.655273,0.000000,-107.560547,1.000000,2.007646,0.000001980,
1364900,107.702637,28.000000,79.702637,0.000000,-107.655273,1.000000,2.006908,0.000001988,
1365000,107.702637,27.750000,79.952637,0.000000,-107.655273,1.000000,2.006185,0.000001981,
1365100,107.702637,27.750000,79.952637,0.000000,-107.655273,1.000000,2.005489,0.000001972,
1365200,107.601318,27.750000,79.851318,0.000000,-107.655273,1.000000,2.004784,0.000001959,
1365300,107.601318,28.250000,79.351318,0.000000,-107.601318,1.000000,2.004124,0.000001961,
1365400,107.601318,28.250000,79.351318,0.000000,-107.601318,1.000000,2.003390,0.000001982,
1365500,107.550659,28.250000,79.300659,0.000000,-107.601318,1.000000,2.002636,0.000002025,
1365600,107.550659,28.250000,79.300659,0.000000,-107.601318,1.000000,2.001933,0.000002047,
1365700,107.550659,28.250000,79.300659,0.000000,-107.550659,1.000000,2.001191,0.000002060,
1365800,107.275330,28.250000,79.025330,0.000000,-107.550659,1.000000,2.000426,0.000002054,
1365900,107.275330,28.500000,78.775330,0.000000,-107.550659,1.000000,1.999665,0.000002032,
1366000,107.275330,28.500000,78.775330,0.000000,-107.550659,1.000000,1.998928,0.000002017,
1366100,107.137665,28.500000,78.637665,0.000000,-107.275330,1.000000,1.998209,0.000002028,
1366200,107.137665,27.750000,79.387665,0.000000,-107.275330,1.000000,1.997429,0.000002028,
1366300,107.137665,27.750000,79.387665,0.000000,-107.275330,1.000000,1.996724,0.000002018,
1366400,107.193832,27.750000,79.443832,0.000000,-107.275330,1.000000,1.996064,0.000002009,
1366500,107.193832,28.250000,78.943832,0.000000,-107.193832,1.000000,1.995350,0.000001972,
1366600,107.193832,28.250000,78.943832,0.000000,-107.193832,1.000000,1.994653,0.000001983,
1366700,106.971916,28.250000,78.721916,0.000000,-107.193832,1.000000,1.993911,0.000001976,
1366800,106.971916,28.000000,78.971916,0.000000,-107.193832,1.000000,1.993188,0.000001963,
1366900,106.971916,28.000000,78.971916,0.000000,-106.971916,1.000000,1.992477,0.000002003,
1367000,106.985962,28.000000,78.985962,0.000000,-106.971916,1.000000,1.991783,0.000002016,
1367100,106.985962,28.000000,78.985962,0.000000,-106.971916,1.000000,1.991003,0.000002006,
1367200,106.985962,28.000000,78.985962,0.000000,-106.971916,1.000000,1.990340,0.000002000,
1367300,106.992981,28.000000,78.992981,0.000000,-106.985962,1.000000,1.989595,0.000001988,
1367400,106.992981,28.000000,78.992981,0.000000,-106.985962,1.000000,1.988903,0.000001984,
1367500,106.992981,28.000000,78.992981,0.000000,-106.985962,1.000000,1.988195,0.000001987,
1367600,106.871490,28.000000,78.871490,0.000000,-106.985962,1.000000,1.987432,0.000001976,
1367700,106.871490,27.750000,79.121490,0.000000,-106.871490,1.000000,1.986682,0.000002002,
1367800,106.871490,27.750000,79.121490,0.000000,-106.871490,1.000000,1.985954,0.000001978,
1367900,106.810745,27.750000,79.060745,0.000000,-106.871490,1.000000,1.985220,0.000001991,
1368000,106.810745,28.000000,78.810745,0.000000,-106.871490,1.000000,1.984464,0.000001955,
1368100,106.810745,28.000000,78.810745,0.000000,-106.810745,1.000000,1.983743,0.000001973,
1368200,106.780373,28.000000,78.780373,0.000000,-106.810745,1.000000,1.982993,0.000001941,
1368300,106.780373,28.000000,78.780373,0.000000,-106.810745,1.000000,1.982277,0.000001946,
1368400,106.780373,28.000000,78.780373,0.000000,-106.810745,1.000000,1.981564,0.000001930,
1368500,106.765182,28.000000,78.765182,0.000000,-106.780373,1.000000,1.980772,0.000001939,
1368600,106.765182,28.000000,78.765182,0.000000,-106.780373,1.000000,1.980059,0.000001965,
1368700,106.765182,28.000000,78.765182,0.000000,-106.780373,1.000000,1.979313,0.000001994,
1368800,106.632591,28.000000,78.632591,0.000000,-106.780373,1.000000,1.978556,0.000001996,
1368900,106.632591,28.250000,78.382591,0.000000,-106.632591,1.000000,1.977839,0.000001984,
1369000,106.632591,28.250000,78.382591,0.000000,-106.632591,1.000000,1.977147,0.000001947,
1369100,106.566299,28.250000,78.316299,0.000000,-106.632591,1.000000,1.976458,0.000001963,
1369200,106.566299,27.750000,78.816299,0.000000,-106.632591,1.000000,1.975758,0.000001957,
1369300,106.566299,27.750000,78.816299,0.000000,-106.566299,1.000000,1.975060,0.000001960,
1369400,106.283150,27.750000,78.533150,0.000000,-106.566299,1.000000,1.974311,0.000001996,
1369500,106.283150,28.000000,78.283150,0.000000,-106.566299,1.000000,1.973602,0.000002030,
1369600,106.283150,28.000000,78.283150,0.000000,-106.566299,1.000000,1.972885,0.000002021,
1369700,106.266571,28.000000,78.266571,0.000000,-106.283150,1.000000,1.972135,0.000001999,
1369800,106.266571,28.000000,78.266571,0.000000,-106.283150,1.000000,1.971453,0.000002020,
1369900,106.266571,28.000000,78.266571,0.000000,-106.283150,1.000000,1.970808,0.000002035,
1370000,106.133286,28.000000,78.133286,0.000000,-106.283150,1.000000,1.970070,0.000002014,
1370100,106.133286,28.000000,78.133286,0.000000,-106.133286,1.000000,1.969402,0.000002012,
1370200,106.133286,28.000000,78.133286,0.000000,-106.133286,1.000000,1.968675,0.000002015,
1370300,105.941643,28.000000,77.941643,0.000000,-106.133286,1.000000,1.967961,0.000002000,
1370400,105.941643,27.750000,78.191643,0.000000,-106.133286,1.000000,1.967321,0.000001997,
1370500,105.941643,27.750000,78.191643,0.000000,-105.941643,1.000000,1.966586,0.000002040,
1370600,105.970825,27.750000,78.220825,0.000000,-105.941643,1.000000,1.965870,0.000002039,
1370700,105.970825,28.250000,77.720825,0.000000,-105.941643,1.000000,1.965160,0.000002007,
1370800,105.970825,28.250000,77.720825,0.000000,-105.941643,1.000000,1.964437,0.000001998,
1370900,105.860413,28.250000,77.610413,0.000000,-105.970825,1.000000,1.963702,0.000002014,
1371000,105.860413,28.000000,77.860413,0.000000,-105.970825,1.000000,1.962974,0.000002020,
1371100,105.860413,28.000000,77.860413,0.000000,-105.970825,1.000000,1.962281,0.000002032,
1371200,105.805206,28.000000,77.805206,0.000000,-105.970825,1.000000,1.961540,0.000002033,
1371300,105.805206,27.750000,78.055206,0.000000,-105.805206,1.000000,1.960775,0.000002028,
1371400,105.805206,27.750000,78.055206,0.000000,-105.805206,1.000000,1.960017,0.000002023,
1371500,105.777603,27.750000,78.027603,0.000000,-105.805206,1.000000,1.959336,0.000002010,
1371600,105.777603,28.000000,77.777603,0.000000,-105.805206,1.000000,1.958619,0.000002011,
1371700,105.777603,28.000000,77.777603,0.000000,-105.777603,1.000000,1.957961,0.000002016,
1371800,105.638802,28.000000,77.638802,0.000000,-105.777603,1.000000,1.957313,0.000002010,
1371900,105.638802,28.000000,77.638802,0.000000,-105.777603,1.000000,1.956616,0.000002013,
1372000,105.638802,28.000000,77.638802,0.000000,-105.777603,1.000000,1.955927,0.000002019,
1372100,105.694397,28.000000,77.694397,0.000000,-105.638802,1.000000,1.955227,0.000002010,
1372200,105.694397,27.500000,78.194397,0.000000,-105.638802,1.000000,1.954510,0.000002028,
1372300,105.694397,27.500000,78.194397,0.000000,-105.638802,1.000000,1.953876,0.000002038,
1372400,105.597198,27.500000,78.097198,0.000000,-105.638802,1.000000,1.953179,0.000002057,
1372500,105.597198,27.750000,77.847198,0.000000,-105.597198,1.000000,1.952520,0.000002077,
1372600,105.597198,27.750000,77.847198,0.000000,-105.597198,1.000000,1.951841,0.000002068,
1372700,105.548599,27.750000,77.798599,0.000000,-105.597198,1.000000,1.951089,0.000002046,
1372800,105.548599,28.500000,77.048599,0.000000,-105.597198,1.000000,1.950412,0.000002065,
1372900,105.548599,28.500000,77.048599,0.000000,-105.548599,1.000000,1.949729,0.000002087,
1373000,105.399300,28.500000,76.899300,0.000000,-105.548599,1.000000,1.949018,0.000002105,
1373100,105.399300,27.750000,77.649300,0.000000,-105.548599,1.000000,1.948297,0.000002126,
1373200,105.399300,27.750000,77.649300,0.000000,-105.548599,1.000000,1.947583,0.000002105,
1373300,105.199646,27.750000,77.449646,0.000000,-105.399300,1.000000,1.946822,0.000002055,
1373400,105.199646,28.000000,77.199646,0.000000,-105.399300,1.000000,1.946093,0.000002050,
1373500,105.199646,28.000000,77.199646,0.000000,-105.399300,1.000000,1.945380,0.000002073,
1373600,105.224823,28.000000,77.224823,0.000000,-105.399300,1.000000,1.944699,0.000002076,
1373700,105.224823,27.500000,77.724823,0.000000,-105.224823,1.000000,1.943960,0.000002095,
1373800,105.224823,27.500000,77.724823,0.000000,-105.224823,1.000000,1.943275,0.000002108,
1373900,105.112411,27.500000,77.612411,0.000000,-105.224823,1.000000,1.942518,0.000002101,
1374000,105.112411,28.000000,77.112411,0.000000,-105.224823,1.000000,1.941779,0.000002109,
1374100,105.112411,28.000000,77.112411,0.000000,-105.112411,1.000000,1.941013,0.000002102,
1374200,105.056206,28.000000,77.056206,0.000000,-105.112411,1.000000,1.940281,0.000002084,
1374300,105.056206,28.000000,77.056206,0.000000,-105.112411,1.000000,1.939590,0.000002074,
1374400,105.056206,28.000000,77.056206,0.000000,-105.112411,1.000000,1.938880,0.000002063,
1374500,104.778107,28.000000,76.778107,0.000000,-105.056206,1.000000,1.938202,0.000002052,
1374600,104.778107,28.500000,76.278107,0.000000,-105.056206,1.000000,1.937487,0.000002053,
1374700,104.778107,28.500000,76.278107,0.000000,-105.056206,1.000000,1.936781,0.000002063,
1374800,104.889053,28.500000,76.389053,0.000000,-105.056206,1.000000,1.936083,0.000002095,
1374900,104.889053,28.000000,76.889053,0.000000,-104.889053,1.000000,1.935326,0.000002064,
1375000,104.889053,28.000000,76.889053,0.000000,-104.889053,1.000000,1.934590,0.000002057,
1375100,104.819527,28.000000,76.819527,0.000000,-104.889053,1.000000,1.933903,0.000002068,
1375200,104.819527,28.000000,76.819527,0.000000,-104.889053,1.000000,1.933198,0.000002101,
1375300,104.819527,28.000000,76.819527,0.000000,-104.819527,1.000000,1.932455,0.000002055,
1375400,104.659760,28.000000,76.659760,0.000000,-104.819527,1.000000,1.931736,0.000002072,
1375500,104.659760,27.750000,76.909760,0.000000,-104.819527,1.000000,1.931037,0.000002062,
1375600,104.659760,27.750000,76.909760,0.000000,-104.819527,1.000000,1.930363,0.000002051,
1375700,104.454880,27.750000,76.704880,0.000000,-104.659760,1.000000,1.929618,0.000002039,
1375800,104.454880,27.750000,76.704880,0.000000,-104.659760,1.000000,1.928885,0.000002030,
1375900,104.454880,27.750000,76.704880,0.000000,-104.659760,1.000000,1.928226,0.000002004,
1376000,104.477440,27.750000,76.727440,0.000000,-104.659760,1.000000,1.927493,0.000001980,
1376100,104.477440,27.750000,76.727440,0.000000,-104.477440,1.000000,1.926806,0.000001998,
1376200,104.477440,27.750000,76.727440,0.000000,-104.477440,1.000000,1.926131,0.000002017,
1376300,104.363724,27.750000,76.613724,0.000000,-104.477440,1.000000,1.925389,0.000002033,
1376400,104.363724,27.250000,77.113724,0.000000,-104.477440,1.000000,1.924719,0.000002041,
1376500,104.363724,27.250000,77.113724,0.000000,-104.363724,1.000000,1.924019,0.000002023,
1376600,104.056862,27.250000,76.806862,0.000000,-104.363724,1.000000,1.923259,0.000002030,
1376700,104.056862,27.750000,76.306862,0.000000,-104.363724,1.000000,1.922566,0.000002004,
1376800,104.056862,27.750000,76.306862,0.000000,-104.363724,1.000000,1.921882,0.000002005,
1376900,104.153427,27.750000,76.403427,0.000000,-104.056862,1.000000,1.921198,0.000001996,
1377000,104.153427,28.000000,76.153427,0.000000,-104.056862,1.000000,1.920488,0.000001973,
1377100,104.153427,28.000000,76.153427,0.000000,-104.056862,1.000000,1.919774,0.000001995,
1377200,104.201714,28.000000,76.201714,0.000000,-104.056862,1.000000,1.919099,0.000002007,
1377300,104.201714,27.750000,76.451714,0.000000,-104.201714,1.000000,1.918392,0.000002007,
1377400,104.201714,27.750000,76.451714,0.000000,-104.201714,1.000000,1.917724,0.000001992,
1377500,104.100861,27.750000,76.350861,0.000000,-104.201714,1.000000,1.917042,0.000001999,
1377600,104.100861,28.000000,76.100861,0.000000,-104.201714,1.000000,1.916356,0.000002007,
1377700,104.100861,28.000000,76.100861,0.000000,-104.100861,1.000000,1.915680,0.000001985,
1377800,104.050430,28.000000,76.050430,0.000000,-104.100861,1.000000,1.915017,0.000001976,
1377900,104.050430,27.500000,76.550430,0.000000,-104.100861,1.000000,1.914381,0.000001972,
1378000,104.050430,27.500000,76.550430,0.000000,-104.100861,1.000000,1.913720,0.000001971,
1378100,104.025215,27.500000,76.525215,0.000000,-104.050430,1.000000,1.913037,0.000001966,
1378200,104.025215,27.750000,76.275215,0.000000,-104.050430,1.000000,1.912340,0.000001982,
1378300,104.025215,27.750000,76.275215,0.000000,-104.050430,1.000000,1.911666,0.000001993,
1378400,103.887604,27.750000,76.137604,0.000000,-104.050430,1.000000,1.910958,0.000002005,
1378500,103.887604,28.000000,75.887604,0.000000,-103.887604,1.000000,1.910251,0.000002002,
1378600,103.887604,28.000000,75.887604,0.000000,-103.887604,1.000000,1.909593,0.000001996,
1378700,103.693802,28.000000,75.693802,0.000000,-103.887604,1.000000,1.908859,0.000002004,
1378800,103.693802,27.750000,75.943802,0.000000,-103.887604,1.000000,1.908215,0.000002022,
1378900,103.693802,27.750000,75.943802,0.000000,-103.693802,1.000000,1.907514,0.000002020,
1379000,103.596901,27.750000,75.846901,0.000000,-103.693802,1.000000,1.906805,0.000002018,
1379100,103.596901,27.750000,75.846901,0.000000,-103.693802,1.000000,1.906132,0.000002018,
1379200,103.596901,27.750000,75.846901,0.000000,-103.693802,1.000000,1.905417,0.000002017,
1379300,103.548447,27.750000,75.798447,0.000000,-103.596901,1.000000,1.904665,0.000001982,
1379400,103.548447,27.250000,76.298447,0.000000,-103.596901,1.000000,1.903952,0.000002011,
1379500,103.548447,27.250000,76.298447,0.000000,-103.596901,1.000000,1.903213,0.000001987,
1379600,103.399223,27.250000,76.149223,0.000000,-103.596901,1.000000,1.902498,0.000002025,
1379700,103.399223,27.500000,75.899223,0.000000,-103.399223,1.000000,1.901867,0.000002010,
1379800,103.399223,27.500000,75.899223,0.000000,-103.399223,1.000000,1.901157,0.000002010,
1379900,103.324615,27.500000,75.824615,0.000000,-103.399223,1.000000,1.900433,0.000001987,
1380000,103.324615,27.500000,75.824615,0.000000,-103.399223,1.000000,1.899745,0.000002004,
1380100,103.324615,27.500000,75.824615,0.000000,-103.324615,1.000000,1.899059,0.000002009,
1380200,103.162308,27.500000,75.662308,0.000000,-103.324615,1.000000,1.898371,0.000001989,
1380300,103.162308,27.750000,75.412308,0.000000,-103.324615,1.000000,1.897662,0.000001999,
1380400,103.162308,27.750000,75.412308,0.000000,-103.324615,1.000000,1.896940,0.000002000,
1380500,103.081154,27.750000,75.331154,0.000000,-103.162308,1.000000,1.896273,0.000002021,
1380600,103.081154,27.500000,75.581154,0.000000,-103.162308,1.000000,1.895591,0.000002027,
1380700,103.081154,27.500000,75.581154,0.000000,-103.162308,1.000000,1.894900,0.000002021,
1380800,103.165573,27.500000,75.665573,0.000000,-103.162308,1.000000,1.894187,0.000002020,
1380900,103.165573,27.750000,75.415573,0.000000,-103.165573,1.000000,1.893478,0.000001988,
1381000,103.165573,27.750000,75.415573,0.000000,-103.165573,1.000000,1.892810,0.000002009,
1381100,103.082787,27.750000,75.332787,0.000000,-103.165573,1.000000,1.892147,0.000002011,
1381200,103.082787,28.000000,75.082787,0.000000,-103.165573,1.000000,1.891466,0.000002018,
1381300,103.082787,28.000000,75.082787,0.000000,-103.082787,1.000000,1.890717,0.000002022,
1381400,103.041397,28.000000,75.041397,0.000000,-103.082787,1.000000,1.890054,0.000002018,
1381500,103.041397,27.750000,75.291397,0.000000,-103.082787,1.000000,1.889365,0.000002014,
1381600,103.041397,27.750000,75.291397,0.000000,-103.082787,1.000000,1.888704,0.000001986,
1381700,102.895699,27.750000,75.145699,0.000000,-103.041397,1.000000,1.888043,0.000001978,
1381800,102.895699,27.750000,75.145699,0.000000,-103.041397,1.000000,1.887348,0.000001981,
1381900,102.895699,27.750000,75.145699,0.000000,-103.041397,1.000000,1.886656,0.000001985,
1382000,102.822845,27.750000,75.072845,0.000000,-103.041397,1.000000,1.885976,0.000001996,
1382100,102.822845,27.750000,75.072845,0.000000,-102.822845,1.000000,1.885329,0.000002017,
1382200,102.822845,27.750000,75.072845,0.000000,-102.822845,1.000000,1.884658,0.000002021,
1382300,102.911423,27.750000,75.161423,0.000000,-102.822845,1.000000,1.883957,0.000001989,
1382400,102.955711,27.750000,75.205711,0.000000,-102.822845,1.000000,1.883337,0.000001976,
1382500,102.955711,27.750000,75.205711,0.000000,-102.955711,1.000000,1.882648,0.000001946,
1382600,102.955711,27.750000,75.205711,0.000000,-102.955711,1.000000,1.882025,0.000001949,
1382700,102.727859,27.750000,74.977859,0.000000,-102.955711,1.000000,1.881365,0.000001927,
1382800,102.727859,27.250000,75.477859,0.000000,-102.955711,1.000000,1.880707,0.000001929,
1382900,102.727859,27.250000,75.477859,0.000000,-102.727859,1.000000,1.880062,0.000001936,
1383000,102.613930,27.250000,75.363930,0.000000,-102.727859,1.000000,1.879370,0.000001977,
1383100,102.613930,27.750000,74.863930,0.000000,-102.727859,1.000000,1.878714,0.000001999,
1383200,102.613930,27.750000,74.863930,0.000000,-102.727859,1.000000,1.878025,0.000002000,
1383300,102.681961,27.750000,74.931961,0.000000,-102.613930,1.000000,1.877344,0.000001996,
1383400,102.681961,27.500000,75.181961,0.000000,-102.613930,1.000000,1.876643,0.000001965,
1383500,102.681961,27.500000,75.181961,0.000000,-102.613930,1.000000,1.875970,0.000001953,
1383600,102.340981,27.500000,74.840981,0.000000,-102.613930,1.000000,1.875320,0.000001953,
1383700,102.340981,27.750000,74.590981,0.000000,-102.340981,1.000000,1.874687,0.000001949,
1383800,102.340981,27.750000,74.590981,0.000000,-102.340981,1.000000,1.874032,0.000001956,
1383900,102.295486,27.750000,74.545486,0.000000,-102.340981,1.000000,1.873325,0.000001959,
1384000,102.295486,27.750000,74.545486,0.000000,-102.340981,1.000000,1.872647,0.000001974,
1384100,102.295486,27.750000,74.545486,0.000000,-102.295486,1.000000,1.872014,0.000001986,
1384200,102.022743,27.750000,74.272743,0.000000,-102.295486,1.000000,1.871322,0.000001976,
1384300,102.022743,27.500000,74.522743,0.000000,-102.295486,1.000000,1.870655,0.000001963,
1384400,102.022743,27.500000,74.522743,0.000000,-102.295486,1.000000,1.869951,0.000001964,
1384500,102.011368,27.500000,74.511368,0.000000,-102.022743,1.000000,1.869243,0.000001959,
1384600,102.011368,27.500000,74.511368,0.000000,-102.022743,1.000000,1.868530,0.000001943,
1384700,102.011368,27.500000,74.511368,0.000000,-102.022743,1.000000,1.867867,0.000001940,
1384800,102.005684,27.500000,74.505684,0.000000,-102.022743,1.000000,1.867174,0.000001930,
1384900,102.005684,27.750000,74.255684,0.000000,-102.005684,1.000000,1.866475,0.000001947,
1385000,102.005684,27.750000,74.255684,0.000000,-102.005684,1.000000,1.865823,0.000001944,
1385100,101.877838,27.750000,74.127838,0.000000,-102.005684,1.000000,1.865137,0.000001937,
1385200,101.877838,27.750000,74.127838,0.000000,-102.005684,1.000000,1.864451,0.000001943,
1385300,101.877838,27.750000,74.127838,0.000000,-101.877838,1.000000,1.863771,0.000001919,
1385400,101.813919,27.750000,74.063919,0.000000,-101.877838,1.000000,1.863120,0.000001933,
1385500,101.813919,27.750000,74.063919,0.000000,-101.877838,1.000000,1.862450,0.000001913,
1385600,101.813919,27.750000,74.063919,0.000000,-101.877838,1.000000,1.861732,0.000001945,
1385700,101.531960,27.750000,73.781960,0.000000,-101.813919,1.000000,1.861051,0.000001930,
1385800,101.531960,27.750000,73.781960,0.000000,-101.813919,1.000000,1.860344,0.000001949,
1385900,101.531960,27.750000,73.781960,0.000000,-101.813919,1.000000,1.859678,0.000001950,
1386000,101.515976,27.750000,73.765976,0.000000,-101.813919,1.000000,1.858917,0.000001927,
1386100,101.515976,27.500000,74.015976,0.000000,-101.515976,1.000000,1.858244,0.000001928,
1386200,101.515976,27.500000,74.015976,0.000000,-101.515976,1.000000,1.857528,0.000001938,
1386300,101.507988,27.500000,74.007988,0.000000,-101.515976,1.000000,1.856827,0.000001954,
1386400,101.507988,27.750000,73.757988,0.000000,-101.515976,1.000000,1.856071,0.000001954,
1386500,101.507988,27.750000,73.757988,0.000000,-101.507988,1.000000,1.855390,0.000001956,
1386600,101.378998,27.750000,73.628998,0.000000,-101.507988,1.000000,1.854737,0.000001913,
1386700,101.378998,27.500000,73.878998,0.000000,-101.507988,1.000000,1.854047,0.000001923,
1386800,101.378998,27.500000,73.878998,0.000000,-101.507988,1.000000,1.853324,0.000001924,
1386900,101.314499,27.500000,73.814499,0.000000,-101.378998,1.000000,1.852636,0.000001953,
1387000,101.314499,27.750000,73.564499,0.000000,-101.378998,1.000000,1.851942,0.000001953,
1387100,101.314499,27.750000,73.564499,0.000000,-101.378998,1.000000,1.851297,0.000001969,
1387200,101.282249,27.750000,73.532249,0.000000,-101.378998,1.000000,1.850677,0.000001955,
1387300,101.282249,28.000000,73.282249,0.000000,-101.282249,1.000000,1.850018,0.000001960,
1387400,101.282249,28.000000,73.282249,0.000000,-101.282249,1.000000,1.849350,0.000001970,
1387500,100.891129,28.000000,72.891129,0.000000,-101.282249,1.000000,1.848680,0.000001957,
1387600,100.891129,28.000000,72.891129,0.000000,-101.282249,1.000000,1.847954,0.000001943,
1387700,100.891129,28.000000,72.891129,0.000000,-100.891129,1.000000,1.847268,0.000001972,
1387800,100.945564,28.000000,72.945564,0.000000,-100.891129,1.000000,1.846563,0.000001973,
1387900,100.945564,27.500000,73.445564,0.000000,-100.891129,1.000000,1.845937,0.000001969,
1388000,100.945564,27.500000,73.445564,0.000000,-100.891129,1.000000,1.845247,0.000001965,
1388100,101.097778,27.500000,73.597778,0.000000,-100.945564,1.000000,1.844594,0.000001996,
1388200,101.097778,27.500000,73.597778,0.000000,-100.945564,1.000000,1.843880,0.000002012,
1388300,101.097778,27.500000,73.597778,0.000000,-100.945564,1.000000,1.843199,0.000002012,
1388400,101.048889,27.500000,73.548889,0.000000,-100.945564,1.000000,1.842548,0.000002005,
1388500,101.048889,27.750000,73.298889,0.000000,-101.048889,1.000000,1.841879,0.000001998,
1388600,101.048889,27.750000,73.298889,0.000000,-101.048889,1.000000,1.841206,0.000002013,
1388700,100.899445,27.750000,73.149445,0.000000,-101.048889,1.000000,1.840577,0.000002014,
1388800,100.899445,27.750000,73.149445,0.000000,-101.048889,1.000000,1.839946,0.000002019,
1388900,100.899445,27.750000,73.149445,0.000000,-100.899445,1.000000,1.839225,0.000002039,
1389000,100.699722,27.750000,72.949722,0.000000,-100.899445,1.000000,1.838556,0.000002032,
1389100,100.699722,27.500000,73.199722,0.000000,-100.899445,1.000000,1.837929,0.000002034,
1389200,100.699722,27.500000,73.199722,0.000000,-100.899445,1.000000,1.837318,0.000002046,
1389300,100.599861,27.500000,73.099861,0.000000,-100.699722,1.000000,1.836675,0.000002040,
1389400,100.599861,27.750000,72.849861,0.000000,-100.699722,1.000000,1.836023,0.000002024,
1389500,100.599861,27.750000,72.849861,0.000000,-100.699722,1.000000,1.835372,0.000002025,
1389700,100.549927,27.500000,73.049927,0.000000,-100.549927,1.000000,1.834088,0.000002043,
1389800,100.549927,27.500000,73.049927,0.000000,-100.549927,1.000000,1.833454,0.000002012,
1389900,100.524963,27.500000,73.024963,0.000000,-100.549927,1.000000,1.832863,0.000002006,
1390000,100.524963,27.750000,72.774963,0.000000,-100.549927,1.000000,1.832204,0.000001977,
1390100,100.524963,27.750000,72.774963,0.000000,-100.524963,1.000000,1.831576,0.000001990,
1390200,100.387482,27.750000,72.637482,0.000000,-100.524963,1.000000,1.830949,0.000001978,
1390300,100.387482,27.750000,72.637482,0.000000,-100.524963,1.000000,1.830270,0.000002009,
1390400,100.387482,27.750000,72.637482,0.000000,-100.524963,1.000000,1.829590,0.000001999,
1390500,100.443741,27.750000,72.693741,0.000000,-100.387482,1.000000,1.828954,0.000001997,
1390600,100.443741,28.000000,72.443741,0.000000,-100.387482,1.000000,1.828320,0.000002005,
1390700,100.443741,28.000000,72.443741,0.000000,-100.387482,1.000000,1.827659,0.000001986,
1390800,100.221870,28.000000,72.221870,0.000000,-100.387482,1.000000,1.827014,0.000002005,
1390900,100.221870,28.000000,72.221870,0.000000,-100.221870,1.000000,1.826357,0.000001994,
1391000,100.221870,28.000000,72.221870,0.000000,-100.221870,1.000000,1.825680,0.000001989,
1391100,99.985931,28.000000,71.985931,0.000000,-100.221870,1.000000,1.825088,0.000002022,
1391300,99.985931,27.750000,72.235931,0.000000,-99.985931,1.000000,1.823729,0.000001994,
1391400,100.117966,27.750000,72.367966,0.000000,-99.985931,1.000000,1.823095,0.000001967,
1391500,100.117966,27.500000,72.617966,0.000000,-99.985931,1.000000,1.822459,0.000001971,
1391600,100.117966,27.500000,72.617966,0.000000,-99.985931,1.000000,1.821811,0.000002009,
1391700,100.183983,27.500000,72.683983,0.000000,-100.117966,1.000000,1.821214,0.000002016,
1391800,100.183983,27.750000,72.433983,0.000000,-100.117966,1.000000,1.820560,0.000002029,
1391900,100.183983,27.750000,72.433983,0.000000,-100.117966,1.000000,1.819877,0.000002003,
1392000,100.091995,27.750000,72.341995,0.000000,-100.117966,1.000000,1.819260,0.000001992,
1392100,100.091995,27.500000,72.591995,0.000000,-100.091995,1.000000,1.818557,0.000002011,
1392200,100.091995,27.500000,72.591995,0.000000,-100.091995,1.000000,1.817907,0.000002021,
1392300,100.045998,27.500000,72.545998,0.000000,-100.091995,1.000000,1.817211,0.000001990,
1392400,100.045998,28.000000,72.045998,0.000000,-100.091995,1.000000,1.816533,0.000001980,
1392500,100.045998,28.000000,72.045998,0.000000,-100.045998,1.000000,1.815843,0.000001964,
1392600,100.022995,28.000000,72.022995,0.000000,-100.045998,1.000000,1.815194,0.000001974,
1392700,100.022995,27.750000,72.272995,0.000000,-100.045998,1.000000,1.814490,0.000001995,
1392800,100.022995,27.750000,72.272995,0.000000,-100.045998,1.000000,1.813813,0.000001995,
1392900,99.886497,27.750000,72.136497,0.000000,-100.022995,1.000000,1.813163,0.000002000,
1393000,99.886497,27.750000,72.136497,0.000000,-100.022995,1.000000,1.812485,0.000001961,
1393100,99.886497,27.750000,72.136497,0.000000,-100.022995,1.000000,1.811808,0.000001952,
1393200,99.693253,27.750000,71.943253,0.000000,-100.022995,1.000000,1.811109,0.000002025,
1393300,99.693253,27.250000,72.443253,0.000000,-99.693253,1.000000,1.810453,0.000002005,
1393400,99.693253,27.250000,72.443253,0.000000,-99.693253,1.000000,1.809856,0.000002001,
1393500,99.596626,27.250000,72.346626,0.000000,-99.693253,1.000000,1.809203,0.000002013,
1393600,99.596626,27.250000,72.346626,0.000000,-99.693253,1.000000,1.808506,0.000002014,
1393700,99.596626,27.250000,72.346626,0.000000,-99.596626,1.000000,1.807858,0.000002023,
1393800,99.548309,27.250000,72.298309,0.000000,-99.596626,1.000000,1.807174,0.000001967,
1393900,99.548309,27.500000,72.048309,0.000000,-99.596626,1.000000,1.806508,0.000001960,
1394000,99.548309,27.500000,72.048309,0.000000,-99.596626,1.000000,1.805807,0.000001933,
1394100,99.399155,27.500000,71.899155,0.000000,-99.548309,1.000000,1.805143,0.000001946,
1394200,99.399155,27.250000,72.149155,0.000000,-99.548309,1.000000,1.804435,0.000001938,
1394300,99.399155,27.250000,72.149155,0.000000,-99.548309,1.000000,1.803800,0.000001951,
1394400,99.449577,27.250000,72.199577,0.000000,-99.548309,1.000000,1.803122,0.000001977,
1394500,99.449577,27.500000,71.949577,0.000000,-99.449577,1.000000,1.802412,0.000001987,
1394600,99.449577,27.500000,71.949577,0.000000,-99.449577,1.000000,1.801709,0.000002011,
1394700,99.224792,27.500000,71.724792,0.000000,-99.449577,1.000000,1.801051,0.000002011,
1394800,99.224792,27.500000,71.724792,0.000000,-99.449577,1.000000,1.800378,0.000002010,
1394900,99.224792,27.500000,71.724792,0.000000,-99.224792,1.000000,1.799719,0.000002025,
1395000,98.987396,27.500000,71.487396,0.000000,-99.224792,1.000000,1.799037,0.000001988,
1395100,98.987396,27.750000,71.237396,0.000000,-99.224792,1.000000,1.798437,0.000001980,
1395200,98.987396,27.750000,71.237396,0.000000,-99.224792,1.000000,1.797833,0.000001945,
1395300,98.868698,27.750000,71.118698,0.000000,-98.987396,1.000000,1.797193,0.000001981,
1395400,98.868698,28.000000,70.868698,0.000000,-98.987396,1.000000,1.796545,0.000001976,
1395500,98.868698,28.000000,70.868698,0.000000,-98.987396,1.000000,1.795889,0.000002000,
1395600,98.934349,28.000000,70.934349,0.000000,-98.987396,1.000000,1.795237,0.000002013,
1395700,98.934349,27.250000,71.684349,0.000000,-98.934349,1.000000,1.794622,0.000002016,
1395800,98.934349,27.250000,71.684349,0.000000,-98.934349,1.000000,1.793995,0.000002037,
1395900,98.967178,27.250000,71.717178,0.000000,-98.934349,1.000000,1.793298,0.000002057,
1396000,98.967178,27.500000,71.467178,0.000000,-98.934349,1.000000,1.792688,0.000002037,
1396100,98.967178,27.500000,71.467178,0.000000,-98.967178,1.000000,1.792030,0.000002019,
1396200,98.858589,27.500000,71.358589,0.000000,-98.967178,1.000000,1.791355,0.000001974,
1396300,98.858589,27.500000,71.358589,0.000000,-98.967178,1.000000,1.790697,0.000001994,
1396400,98.858589,27.500000,71.358589,0.000000,-98.967178,1.000000,1.789993,0.000001996,
1396500,98.929291,27.500000,71.429291,0.000000,-98.858589,1.000000,1.789430,0.000001987,
1396600,98.929291,27.750000,71.179291,0.000000,-98.858589,1.000000,1.788819,0.000002016,
1396700,98.929291,27.750000,71.179291,0.000000,-98.858589,1.000000,1.788179,0.000001991,
1396800,98.839645,27.750000,71.089645,0.000000,-98.858589,1.000000,1.787555,0.000001989,
1396900,98.839645,27.500000,71.339645,0.000000,-98.839645,1.000000,1.786904,0.000001998,
1397000,98.839645,27.500000,71.339645,0.000000,-98.839645,1.000000,1.786283,0.000002012,
1397100,98.419823,27.500000,70.919823,0.000000,-98.839645,1.000000,1.785615,0.000002016,
1397200,98.419823,27.500000,70.919823,0.000000,-98.839645,1.000000,1.784968,0.000002017,
1397300,98.419823,27.500000,70.919823,0.000000,-98.419823,1.000000,1.784329,0.000002009,
1397400,98.334915,27.500000,70.834915,0.000000,-98.419823,1.000000,1.783665,0.000002022,
1397500,98.334915,27.750000,70.584915,0.000000,-98.419823,1.000000,1.783007,0.000001973,
1397700,98.167458,27.750000,70.417458,0.000000,-98.334915,1.000000,1.781780,0.000002005,
1397800,98.167458,27.750000,70.417458,0.000000,-98.334915,1.000000,1.781146,0.000001993,
1397900,98.167458,27.750000,70.417458,0.000000,-98.334915,1.000000,1.780560,0.000002000,
1398000,98.083725,27.750000,70.333725,0.000000,-98.334915,1.000000,1.779952,0.000002006,
1398100,98.083725,27.000000,71.083725,0.000000,-98.083725,1.000000,1.779443,0.000002018,
1398200,98.083725,27.000000,71.083725,0.000000,-98.083725,1.000000,1.778781,0.000002001,
1398300,98.166862,27.000000,71.166862,0.000000,-98.083725,1.000000,1.778152,0.000002013,
1398400,98.166862,27.250000,70.916862,0.000000,-98.083725,1.000000,1.777530,0.000002016,
1398500,98.166862,27.250000,70.916862,0.000000,-98.166862,1.000000,1.776896,0.000002013,
1398600,98.333435,27.250000,71.083435,0.000000,-98.166862,1.000000,1.776253,0.000001997,
1398700,98.333435,27.500000,70.833435,0.000000,-98.166862,1.000000,1.775608,0.000001993,
1398800,98.333435,27.500000,70.833435,0.000000,-98.166862,1.000000,1.774967,0.000001982,
1398900,98.166718,27.500000,70.666718,0.000000,-98.333435,1.000000,1.774319,0.000001988,
1399000,98.166718,27.500000,70.666718,0.000000,-98.333435,1.000000,1.773651,0.000002005,
1399100,98.166718,27.500000,70.666718,0.000000,-98.333435,1.000000,1.773027,0.000002022,
1399200,98.083359,27.500000,70.583359,0.000000,-98.333435,1.000000,1.772411,0.000002011,
1399300,98.083359,28.000000,70.083359,0.000000,-98.083359,1.000000,1.771703,0.000002003,
1399400,98.083359,28.000000,70.083359,0.000000,-98.083359,1.000000,1.771046,0.000002010,
1399500,98.041679,28.000000,70.041679,0.000000,-98.083359,1.000000,1.770299,0.000002030,
1399600,98.041679,27.250000,70.791679,0.000000,-98.083359,1.000000,1.769593,0.000002014,
1399700,98.041679,27.250000,70.791679,0.000000,-98.041679,1.000000,1.768907,0.000002002,
1399800,97.895844,27.250000,70.645844,0.000000,-98.041679,1.000000,1.768271,0.000001995,
1399900,97.895844,27.500000,70.395844,0.000000,-98.041679,1.000000,1.767571,0.000001985,
1400000,97.895844,27.500000,70.395844,0.000000,-98.041679,1.000000,1.766911,0.000001999,
1400100,97.947922,27.500000,70.447922,0.000000,-97.895844,1.000000,1.766240,0.000002008,
1400200,97.947922,27.250000,70.697922,0.000000,-97.895844,1.000000,1.765558,0.000002022,
1400300,97.947922,27.250000,70.697922,0.000000,-97.895844,1.000000,1.764899,0.000002001,
1400400,97.973961,27.250000,70.723961,0.000000,-97.895844,1.000000,1.764267,0.000001973,
1400500,97.973961,27.500000,70.473961,0.000000,-97.973961,1.000000,1.763572,0.000001974,
1400600,97.973961,27.500000,70.473961,0.000000,-97.973961,1.000000,1.762882,0.000001959,
1400800,97.861984,27.750000,70.111984,0.000000,-97.973961,1.000000,1.761534,0.000001958,
1400900,97.861984,27.750000,70.111984,0.000000,-97.861984,1.000000,1.760823,0.000001957,
1401000,97.680992,27.750000,69.930992,0.000000,-97.861984,1.000000,1.760183,0.000001941,
1401100,97.680992,27.250000,70.430992,0.000000,-97.861984,1.000000,1.759558,0.000001951,
1401200,97.680992,27.250000,70.430992,0.000000,-97.861984,1.000000,1.758881,0.000001975,
1401300,97.590500,27.250000,70.340500,0.000000,-97.680992,1.000000,1.758265,0.000001970,
1401400,97.590500,27.500000,70.090500,0.000000,-97.680992,1.000000,1.757641,0.000001995,
1401500,97.590500,27.500000,70.090500,0.000000,-97.680992,1.000000,1.757079,0.000001984,
1401600,97.420250,27.500000,69.920250,0.000000,-97.680992,1.000000,1.756455,0.000001963,
1401700,97.420250,27.000000,70.420250,0.000000,-97.420250,1.000000,1.755776,0.000001948,
1401800,97.420250,27.000000,70.420250,0.000000,-97.420250,1.000000,1.755141,0.000001944,
1401900,97.210129,27.000000,70.210129,0.000000,-97.420250,1.000000,1.754500,0.000001947,
1402000,97.210129,27.250000,69.960129,0.000000,-97.420250,1.000000,1.753837,0.000001945,
1402100,97.210129,27.250000,69.960129,0.000000,-97.210129,1.000000,1.753170,0.000001972,
1402200,97.230064,27.250000,69.980064,0.000000,-97.210129,1.000000,1.752514,0.000001968,
1402300,97.230064,27.500000,69.730064,0.000000,-97.210129,1.000000,1.751926,0.000001957,
1402400,97.230064,27.500000,69.730064,0.000000,-97.210129,1.000000,1.751273,0.000001992,
1402500,97.365036,27.500000,69.865036,0.000000,-97.230064,1.000000,1.750664,0.000002009,
1402600,97.365036,27.500000,69.865036,0.000000,-97.230064,1.000000,1.750001,0.000002030,
1402700,97.365036,27.500000,69.865036,0.000000,-97.230064,1.000000,1.749340,0.000002007,
1402800,97.307518,27.500000,69.807518,0.000000,-97.230064,1.000000,1.748706,0.000002008,
1402900,97.307518,27.500000,69.807518,0.000000,-97.307518,1.000000,1.748082,0.000002008,
1403000,97.307518,27.500000,69.807518,0.000000,-97.307518,1.000000,1.747466,0.000002003,
1403100,97.153763,27.500000,69.653763,0.000000,-97.307518,1.000000,1.746849,0.000001996,
1403200,97.153763,27.250000,69.903763,0.000000,-97.307518,1.000000,1.746185,0.000001988,
1403300,97.153763,27.250000,69.903763,0.000000,-97.153763,1.000000,1.745522,0.000001979,
1403400,97.076881,27.250000,69.826881,0.000000,-97.153763,1.000000,1.744926,0.000001970,
1403500,97.076881,27.500000,69.576881,0.000000,-97.153763,1.000000,1.744345,0.000001976,
1403600,97.076881,27.500000,69.576881,0.000000,-97.153763,1.000000,1.743661,0.000002012,
1403700,97.038437,27.500000,69.538437,0.000000,-97.076881,1.000000,1.743065,0.000001988,
1403800,97.038437,27.500000,69.538437,0.000000,-97.076881,1.000000,1.742427,0.000001977,
1403900,97.038437,27.500000,69.538437,0.000000,-97.076881,1.000000,1.741812,0.000001971,
1404000,96.894218,27.500000,69.394218,0.000000,-97.076881,1.000000,1.741199,0.000001945,
1404100,96.894218,27.500000,69.394218,0.000000,-96.894218,1.000000,1.740661,0.000001961,
1404200,96.894218,27.500000,69.394218,0.000000,-96.894218,1.000000,1.740041,0.000001986,
1404300,96.572113,27.500000,69.072113,0.000000,-96.894218,1.000000,1.739437,0.000001997,
1404400,96.572113,27.500000,69.072113,0.000000,-96.894218,1.000000,1.738777,0.000002018,
1404500,96.572113,27.500000,69.072113,0.000000,-96.572113,1.000000,1.738161,0.000002016,
1404600,96.536057,27.500000,69.036057,0.000000,-96.572113,1.000000,1.737545,0.000002041,
1404700,96.536057,27.500000,69.036057,0.000000,-96.572113,1.000000,1.736894,0.000002057,
1404800,96.536057,27.500000,69.036057,0.000000,-96.572113,1.000000,1.736267,0.000002073,
1404900,96.643028,27.500000,69.143028,0.000000,-96.536057,1.000000,1.735639,0.000002079,
1405000,96.643028,27.500000,69.143028,0.000000,-96.536057,1.000000,1.735019,0.000002072,
1405100,96.643028,27.500000,69.143028,0.000000,-96.536057,1.000000,1.734396,0.000002078,
1405200,96.571518,27.500000,69.071518,0.000000,-96.536057,1.000000,1.733787,0.000002067,
1405300,96.571518,27.250000,69.321518,0.000000,-96.571518,1.000000,1.733152,0.000002092,
1405400,96.571518,27.250000,69.321518,0.000000,-96.571518,1.000000,1.732502,0.000002095,
1405500,96.660759,27.250000,69.410759,0.000000,-96.571518,1.000000,1.731899,0.000002069,
1405600,96.660759,27.750000,68.910759,0.000000,-96.571518,1.000000,1.731297,0.000002064,
1405700,96.660759,27.750000,68.910759,0.000000,-96.660759,1.000000,1.730649,0.000002039,
1405800,96.580383,27.750000,68.830383,0.000000,-96.660759,1.000000,1.730041,0.000002042,
1405900,96.580383,27.500000,69.080383,0.000000,-96.660759,1.000000,1.729431,0.000002016,
1406000,96.580383,27.500000,69.080383,0.000000,-96.660759,1.000000,1.728805,0.000002017,
1406100,96.415192,27.500000,68.915192,0.000000,-96.580383,1.000000,1.728196,0.000002020,
1406200,96.415192,27.250000,69.165192,0.000000,-96.580383,1.000000,1.727556,0.000001983,
1406300,96.415192,27.250000,69.165192,0.000000,-96.580383,1.000000,1.726923,0.000001968,
1406400,96.082596,27.250000,68.832596,0.000000,-96.580383,1.000000,1.726317,0.000001983,
1406500,96.082596,27.750000,68.332596,0.000000,-96.082596,1.000000,1.725724,0.000001991,
1406600,96.082596,27.750000,68.332596,0.000000,-96.082596,1.000000,1.725137,0.000002006,
1406700,96.166298,27.750000,68.416298,0.000000,-96.082596,1.000000,1.724526,0.000002026,
1406800,96.166298,27.250000,68.916298,0.000000,-96.082596,1.000000,1.723893,0.000002039,
1406900,96.166298,27.250000,68.916298,0.000000,-96.166298,1.000000,1.723245,0.000002037,
1407000,95.833145,27.250000,68.583145,0.000000,-96.166298,1.000000,1.722628,0.000002024,
1407100,95.833145,27.500000,68.333145,0.000000,-96.166298,1.000000,1.721951,0.000001999,
1407200,95.833145,27.500000,68.333145,0.000000,-96.166298,1.000000,1.721313,0.000002006,
1407300,95.916573,27.500000,68.416573,0.000000,-95.833145,1.000000,1.720687,0.000002038,
1407400,95.916573,27.500000,68.416573,0.000000,-95.833145,1.000000,1.720064,0.000002077,
1407500,95.916573,27.500000,68.416573,0.000000,-95.833145,1.000000,1.719422,0.000002059,
1407600,95.708282,27.500000,68.208282,0.000000,-95.833145,1.000000,1.718703,0.000002048,
1407700,95.708282,27.250000,68.458282,0.000000,-95.708282,1.000000,1.718048,0.000002053,
1407800,95.708282,27.250000,68.458282,0.000000,-95.708282,1.000000,1.717400,0.000002099,
1407900,95.729141,27.250000,68.479141,0.000000,-95.708282,1.000000,1.716752,0.000002104,
1408000,95.739571,27.250000,68.489571,0.000000,-95.708282,1.000000,1.716131,0.000002106,
1408100,95.739571,27.250000,68.489571,0.000000,-95.739571,1.000000,1.715495,0.000002109,
1408200,95.739571,27.250000,68.489571,0.000000,-95.739571,1.000000,1.714912,0.000002092,
1408300,95.744781,27.250000,68.494781,0.000000,-95.739571,1.000000,1.714245,0.000002097,
1408400,95.744781,27.250000,68.494781,0.000000,-95.739571,1.000000,1.713640,0.000002086,
1408500,95.744781,27.250000,68.494781,0.000000,-95.744781,1.000000,1.713014,0.000002079,
1408600,95.497391,27.250000,68.247391,0.000000,-95.744781,1.000000,1.712425,0.000002073,
1408700,95.497391,27.750000,67.747391,0.000000,-95.744781,1.000000,1.711811,0.000002080,
1408800,95.497391,27.750000,67.747391,0.000000,-95.744781,1.000000,1.711172,0.000002082,
1408900,95.498695,27.750000,67.748695,0.000000,-95.497391,1.000000,1.710572,0.000002049,
1409000,95.498695,27.250000,68.248695,0.000000,-95.497391,1.000000,1.709961,0.000002059,
1409100,95.498695,27.250000,68.248695,0.000000,-95.497391,1.000000,1.709367,0.000002064,
1409200,95.499344,27.250000,68.249344,0.000000,-95.497391,1.000000,1.708781,0.000002062,
1409300,95.499344,27.500000,67.999344,0.000000,-95.499344,1.000000,1.708161,0.000002030,
1409400,95.499344,27.500000,67.999344,0.000000,-95.499344,1.000000,1.707549,0.000002055,
1409500,95.374672,27.500000,67.874672,0.000000,-95.499344,1.000000,1.706954,0.000002055,
1409600,95.374672,27.250000,68.124672,0.000000,-95.499344,1.000000,1.706427,0.000002049,
1409700,95.374672,27.250000,68.124672,0.000000,-95.374672,1.000000,1.705796,0.000002076,
1409800,95.437332,27.250000,68.187332,0.000000,-95.374672,1.000000,1.705171,0.000002049,
1409900,95.437332,27.500000,67.937332,0.000000,-95.374672,1.000000,1.704564,0.000002045,
1410000,95.437332,27.500000,67.937332,0.000000,-95.374672,1.000000,1.703957,0.000002046,
1410100,95.593666,27.500000,68.093666,0.000000,-95.437332,1.000000,1.703326,0.000002038,
1410200,95.593666,27.750000,67.843666,0.000000,-95.437332,1.000000,1.702724,0.000002076,
1410300,95.593666,27.750000,67.843666,0.000000,-95.437332,1.000000,1.702136,0.000002031,
1410400,95.546829,27.750000,67.796829,0.000000,-95.437332,1.000000,1.701555,0.000002001,
1410500,95.546829,27.500000,68.046829,0.000000,-95.546829,1.000000,1.700974,0.000002019,
1410600,95.546829,27.500000,68.046829,0.000000,-95.546829,1.000000,1.700395,0.000002017,
1410700,95.148415,27.500000,67.648415,0.000000,-95.546829,1.000000,1.699835,0.000002028,
1410800,95.148415,27.500000,67.648415,0.000000,-95.546829,1.000000,1.699214,0.000002012,
1410900,95.148415,27.500000,67.648415,0.000000,-95.148415,1.000000,1.698591,0.000002022,
1411000,95.074203,27.500000,67.574203,0.000000,-95.148415,1.000000,1.697955,0.000002007,
1411100,95.074203,27.000000,68.074203,0.000000,-95.148415,1.000000,1.697336,0.000001980,
1411200,95.074203,27.000000,68.074203,0.000000,-95.148415,1.000000,1.696628,0.000001986,
1411300,95.162102,27.000000,68.162102,0.000000,-95.074203,1.000000,1.696085,0.000002025,
1411400,95.162102,27.250000,67.912102,0.000000,-95.074203,1.000000,1.695475,0.000002019,
1411500,95.162102,27.250000,67.912102,0.000000,-95.074203,1.000000,1.694892,0.000002006,
1411600,94.956055,27.250000,67.706055,0.000000,-95.074203,1.000000,1.694264,0.000001990,
1411700,94.956055,27.500000,67.456055,0.000000,-94.956055,1.000000,1.693639,0.000001972,
1411800,94.956055,27.500000,67.456055,0.000000,-94.956055,1.000000,1.692983,0.000001987,
1411900,94.978027,27.500000,67.478027,0.000000,-94.956055,1.000000,1.692379,0.000001999,
1412000,94.978027,27.500000,67.478027,0.000000,-94.956055,1.000000,1.691752,0.000001984,
1412100,94.978027,27.500000,67.478027,0.000000,-94.978027,1.000000,1.691167,0.000001980,
1412200,94.739014,27.500000,67.239014,0.000000,-94.978027,1.000000,1.690559,0.000001981,
1412300,94.739014,27.250000,67.489014,0.000000,-94.978027,1.000000,1.689895,0.000001978,
1412400,94.739014,27.250000,67.489014,0.000000,-94.978027,1.000000,1.689226,0.000001977,
1412500,94.494507,27.250000,67.244507,0.000000,-94.739014,1.000000,1.688630,0.000001968,
1412600,94.494507,27.500000,66.994507,0.000000,-94.739014,1.000000,1.688006,0.000001978,
1412700,94.494507,27.500000,66.994507,0.000000,-94.739014,1.000000,1.687396,0.000001972,
1412800,94.747253,27.500000,67.247253,0.000000,-94.739014,1.000000,1.686786,0.000001984,
1412900,94.747253,27.250000,67.497253,0.000000,-94.747253,1.000000,1.686174,0.000001982,
1413000,94.747253,27.250000,67.497253,0.000000,-94.747253,1.000000,1.685573,0.000001992,
1413100,94.623627,27.250000,67.373627,0.000000,-94.747253,1.000000,1.684985,0.000001970,
1413200,94.623627,27.500000,67.123627,0.000000,-94.747253,1.000000,1.684371,0.000001966,
1413300,94.623627,27.500000,67.123627,0.000000,-94.623627,1.000000,1.683792,0.000002004,
1413400,94.436813,27.500000,66.936813,0.000000,-94.623627,1.000000,1.683233,0.000001986,
1413500,94.436813,27.250000,67.186813,0.000000,-94.623627,1.000000,1.682658,0.000002001,
1413600,94.436813,27.250000,67.186813,0.000000,-94.623627,1.000000,1.682013,0.000001996,
1413700,94.468407,27.250000,67.218407,0.000000,-94.436813,1.000000,1.681424,0.000002033,
1413800,94.468407,27.250000,67.218407,0.000000,-94.436813,1.000000,1.680814,0.000002013,
1413900,94.468407,27.250000,67.218407,0.000000,-94.436813,1.000000,1.680267,0.000002023,
1414000,94.484207,27.250000,67.234207,0.000000,-94.436813,1.000000,1.679678,0.000002004,
1414100,94.484207,27.250000,67.234207,0.000000,-94.484207,1.000000,1.679103,0.000001994,
1414200,94.484207,27.250000,67.234207,0.000000,-94.484207,1.000000,1.678459,0.000001986,
1414300,94.492104,27.250000,67.242104,0.000000,-94.484207,1.000000,1.677816,0.000001969,
1414400,94.492104,27.000000,67.492104,0.000000,-94.484207,1.000000,1.677200,0.000002002,
1414500,94.492104,27.000000,67.492104,0.000000,-94.492104,1.000000,1.676528,0.000001990,
1414600,93.996048,27.000000,66.996048,0.000000,-94.492104,1.000000,1.675901,0.000002026,
1414700,93.996048,27.250000,66.746048,0.000000,-94.492104,1.000000,1.675311,0.000002031,
1414800,93.996048,27.250000,66.746048,0.000000,-94.492104,1.000000,1.674686,0.000002023,
1414900,93.873024,27.250000,66.623024,0.000000,-93.996048,1.000000,1.674091,0.000002030,
1415000,93.873024,27.500000,66.373024,0.000000,-93.996048,1.000000,1.673466,0.000002071,
1415100,93.873024,27.500000,66.373024,0.000000,-93.996048,1.000000,1.672856,0.000002090,
1415200,93.811508,27.500000,66.311508,0.000000,-93.996048,1.000000,1.672198,0.000002105,
1415300,93.811508,27.750000,66.061508,0.000000,-93.811508,1.000000,1.671614,0.000002064,
1415400,93.811508,27.750000,66.061508,0.000000,-93.811508,1.000000,1.671049,0.000002049,
1415500,93.655754,27.750000,65.905754,0.000000,-93.811508,1.000000,1.670434,0.000002059,
1415600,93.655754,27.250000,66.405754,0.000000,-93.811508,1.000000,1.669831,0.000002037,
1415700,93.655754,27.250000,66.405754,0.000000,-93.655754,1.000000,1.669211,0.000002039,
1415800,93.827881,27.250000,66.577881,0.000000,-93.655754,1.000000,1.668630,0.000002029,
1415900,93.827881,27.750000,66.077881,0.000000,-93.655754,1.000000,1.668009,0.000002038,
1416000,93.827881,27.750000,66.077881,0.000000,-93.655754,1.000000,1.667407,0.000002037,
1416100,93.663940,27.750000,65.913940,0.000000,-93.827881,1.000000,1.666823,0.000002043,
1416200,93.663940,27.250000,66.413940,0.000000,-93.827881,1.000000,1.666253,0.000002014,
1416300,93.663940,27.250000,66.413940,0.000000,-93.827881,1.000000,1.665642,0.000001993,
1416400,93.581970,27.250000,66.331970,0.000000,-93.827881,1.000000,1.664975,0.000001988,
1416500,93.581970,27.250000,66.331970,0.000000,-93.581970,1.000000,1.664380,0.000001996,
1416600,93.581970,27.250000,66.331970,0.000000,-93.581970,1.000000,1.663811,0.000001984,
1416700,93.290985,27.250000,66.040985,0.000000,-93.581970,1.000000,1.663225,0.000001983,
1416800,93.290985,27.250000,66.040985,0.000000,-93.581970,1.000000,1.662520,0.000001992,
1416900,93.290985,27.250000,66.040985,0.000000,-93.290985,1.000000,1.661922,0.000001979,
1417000,93.520493,27.250000,66.270493,0.000000,-93.290985,1.000000,1.661267,0.000001968,
1417100,93.520493,27.500000,66.020493,0.000000,-93.290985,1.000000,1.660629,0.000001951,
1417200,93.520493,27.500000,66.020493,0.000000,-93.290985,1.000000,1.660012,0.000001924,
1417300,93.260246,27.500000,65.760246,0.000000,-93.520493,1.000000,1.659445,0.000001901,
1417400,93.260246,27.250000,66.010246,0.000000,-93.520493,1.000000,1.658815,0.000001919,
1417500,93.260246,27.250000,66.010246,0.000000,-93.520493,1.000000,1.658165,0.000001924,
1417600,93.255127,27.250000,66.005127,0.000000,-93.520493,1.000000,1.657536,0.000001941,
1417700,93.255127,27.250000,66.005127,0.000000,-93.255127,1.000000,1.656900,0.000001933,
1417800,93.255127,27.250000,66.005127,0.000000,-93.255127,1.000000,1.656299,0.000001929,
1417900,93.252563,27.250000,66.002563,0.000000,-93.255127,1.000000,1.655696,0.000001938,
1418000,93.252563,27.500000,65.752563,0.000000,-93.255127,1.000000,1.655089,0.000001944,
1418100,93.252563,27.500000,65.752563,0.000000,-93.252563,1.000000,1.654451,0.000001942,
1418200,93.251282,27.500000,65.751282,0.000000,-93.252563,1.000000,1.653765,0.000001935,
1418300,93.251282,27.250000,66.001282,0.000000,-93.252563,1.000000,1.653130,0.000001939,
1418400,93.251282,27.250000,66.001282,0.000000,-93.252563,1.000000,1.652429,0.000001922,
1418500,93.125641,27.250000,65.875641,0.000000,-93.251282,1.000000,1.651765,0.000001925,
1418600,93.125641,27.500000,65.625641,0.000000,-93.251282,1.000000,1.651109,0.000001914,
1418700,93.125641,27.500000,65.625641,0.000000,-93.251282,1.000000,1.650482,0.000001952,
1418800,93.062820,27.500000,65.562820,0.000000,-93.251282,1.000000,1.649854,0.000001966,
1418900,93.062820,27.500000,65.562820,0.000000,-93.062820,1.000000,1.649239,0.000001977,
1419000,93.062820,27.500000,65.562820,0.000000,-93.062820,1.000000,1.648574,0.000001970,
1419100,93.031410,27.500000,65.531410,0.000000,-93.062820,1.000000,1.647926,0.000001992,
1419200,93.031410,27.500000,65.531410,0.000000,-93.062820,1.000000,1.647300,0.000002022,
1419300,93.031410,27.500000,65.531410,0.000000,-93.031410,1.000000,1.646699,0.000002026,
1419400,93.015701,27.500000,65.515701,0.000000,-93.031410,1.000000,1.646070,0.000002030,
1419500,93.015701,26.750000,66.265701,0.000000,-93.031410,1.000000,1.645509,0.000002025,
1419600,93.015701,26.750000,66.265701,0.000000,-93.031410,1.000000,1.644881,0.000001980,
1419700,92.882851,26.750000,66.132851,0.000000,-93.015701,1.000000,1.644308,0.000001995,
1419800,92.882851,27.000000,65.882851,0.000000,-93.015701,1.000000,1.643686,0.000001989,
1419900,92.882851,27.000000,65.882851,0.000000,-93.015701,1.000000,1.643089,0.000001979,
1420000,92.816422,27.000000,65.816422,0.000000,-93.015701,1.000000,1.642428,0.000001983,
1420100,92.816422,27.500000,65.316422,0.000000,-92.816422,1.000000,1.641827,0.000001979,
1420200,92.816422,27.500000,65.316422,0.000000,-92.816422,1.000000,1.641176,0.000001996,
1420300,92.783211,27.500000,65.283211,0.000000,-92.816422,1.000000,1.640530,0.000001984,
1420400,92.783211,27.250000,65.533211,0.000000,-92.816422,1.000000,1.639928,0.000001975,
1420500,92.783211,27.250000,65.533211,0.000000,-92.783211,1.000000,1.639349,0.000001965,
1420600,92.891602,27.250000,65.641602,0.000000,-92.783211,1.000000,1.638742,0.000001989,
1420700,92.891602,27.500000,65.391602,0.000000,-92.783211,1.000000,1.638177,0.000001975,
1420800,92.891602,27.500000,65.391602,0.000000,-92.783211,1.000000,1.637558,0.000001951,
1420900,92.820801,27.500000,65.320801,0.000000,-92.891602,1.000000,1.636908,0.000001966,
1421000,92.820801,27.500000,65.320801,0.000000,-92.891602,1.000000,1.636241,0.000002017,
1421100,92.820801,27.500000,65.320801,0.000000,-92.891602,1.000000,1.635595,0.000002014,
1421200,92.660400,27.500000,65.160400,0.000000,-92.891602,1.000000,1.634996,0.000002011,
1421300,92.660400,27.250000,65.410400,0.000000,-92.660400,1.000000,1.634386,0.000002024,
1421400,92.660400,27.250000,65.410400,0.000000,-92.660400,1.000000,1.633811,0.000002003,
1421500,92.580200,27.250000,65.330200,0.000000,-92.660400,1.000000,1.633232,0.000001993,
1421600,92.580200,27.250000,65.330200,0.000000,-92.660400,1.000000,1.632614,0.000002059,
1421700,92.580200,27.250000,65.330200,0.000000,-92.580200,1.000000,1.632010,0.000002078,
1421800,92.540100,27.250000,65.290100,0.000000,-92.580200,1.000000,1.631398,0.000002054,
1421900,92.540100,27.000000,65.540100,0.000000,-92.580200,1.000000,1.630777,0.000002034,
1422000,92.540100,27.000000,65.540100,0.000000,-92.580200,1.000000,1.630181,0.000002030,
1422100,92.395050,27.000000,65.395050,0.000000,-92.540100,1.000000,1.629577,0.000002024,
1422200,92.395050,27.250000,65.145050,0.000000,-92.540100,1.000000,1.628963,0.000002045,
1422300,92.395050,27.250000,65.145050,0.000000,-92.540100,1.000000,1.628364,0.000002062,
1422400,92.322525,27.250000,65.072525,0.000000,-92.540100,1.000000,1.627785,0.000002043,
1422500,92.322525,27.250000,65.072525,0.000000,-92.322525,1.000000,1.627125,0.000002054,
1422600,92.322525,27.250000,65.072525,0.000000,-92.322525,1.000000,1.626543,0.000002029,
1422700,92.286263,27.250000,65.036263,0.000000,-92.322525,1.000000,1.625959,0.000002005,
1422800,92.286263,27.500000,64.786263,0.000000,-92.322525,1.000000,1.625348,0.000002008,
1422900,92.286263,27.500000,64.786263,0.000000,-92.286263,1.000000,1.624751,0.000002000,
1423000,92.143127,27.500000,64.643127,0.000000,-92.286263,1.000000,1.624123,0.000002038,
1423100,92.143127,27.500000,64.643127,0.000000,-92.286263,1.000000,1.623485,0.000002022,
1423200,92.143127,27.500000,64.643127,0.000000,-92.286263,1.000000,1.622870,0.000002015,
1423300,92.196564,27.500000,64.696564,0.000000,-92.143127,1.000000,1.622265,0.000002046,
1423400,92.196564,27.500000,64.696564,0.000000,-92.143127,1.000000,1.621627,0.000002021,
1423500,92.196564,27.500000,64.696564,0.000000,-92.143127,1.000000,1.621028,0.000002004,
1423600,91.973282,27.500000,64.473282,0.000000,-92.143127,1.000000,1.620419,0.000002007,
1423700,91.973282,27.250000,64.723282,0.000000,-91.973282,1.000000,1.619804,0.000002007,
1423800,91.973282,27.250000,64.723282,0.000000,-91.973282,1.000000,1.619177,0.000002034,
1423900,91.736641,27.250000,64.486641,0.000000,-91.973282,1.000000,1.618544,0.000002048,
1424000,91.736641,27.500000,64.236641,0.000000,-91.973282,1.000000,1.617901,0.000002033,
1424100,91.736641,27.500000,64.236641,0.000000,-91.736641,1.000000,1.617243,0.000002032,
1424200,91.868317,27.500000,64.368317,0.000000,-91.736641,1.000000,1.616651,0.000002002,
1424300,91.868317,27.250000,64.618317,0.000000,-91.736641,1.000000,1.616051,0.000001970,
1424400,91.868317,27.250000,64.618317,0.000000,-91.736641,1.000000,1.615400,0.000001988,
1424500,91.684158,27.250000,64.434158,0.000000,-91.868317,1.000000,1.614760,0.000002015,
1424600,91.684158,27.500000,64.184158,0.000000,-91.868317,1.000000,1.614083,0.000002004,
1424700,91.684158,27.500000,64.184158,0.000000,-91.868317,1.000000,1.613443,0.000001996,
1424800,91.842079,27.500000,64.342079,0.000000,-91.868317,1.000000,1.612809,0.000001965,
1424900,91.842079,27.250000,64.592079,0.000000,-91.842079,1.000000,1.612249,0.000001977,
1425000,91.842079,27.250000,64.592079,0.000000,-91.842079,1.000000,1.611619,0.000001990,
1425100,91.796036,27.250000,64.546036,0.000000,-91.842079,1.000000,1.610987,0.000001993,
1425200,91.796036,27.500000,64.296036,0.000000,-91.842079,1.000000,1.610341,0.000002032,
1425300,91.796036,27.500000,64.296036,0.000000,-91.796036,1.000000,1.609719,0.000002029,
1425400,91.523018,27.500000,64.023018,0.000000,-91.796036,1.000000,1.609115,0.000002039,
1425500,91.523018,27.000000,64.523018,0.000000,-91.796036,1.000000,1.608480,0.000002036,
1425600,91.523018,27.000000,64.523018,0.000000,-91.796036,1.000000,1.607819,0.000002042,
1425700,91.636505,27.000000,64.636505,0.000000,-91.523018,1.000000,1.607229,0.000002042,
1425800,91.636505,27.250000,64.386505,0.000000,-91.523018,1.000000,1.606620,0.000002036,
1425900,91.636505,27.250000,64.386505,0.000000,-91.523018,1.000000,1.606024,0.000002030,
1426000,91.443253,27.250000,64.193253,0.000000,-91.523018,1.000000,1.605381,0.000002041,
1426100,91.443253,26.750000,64.693253,0.000000,-91.443253,1.000000,1.604826,0.000002045,
1426200,91.443253,26.750000,64.693253,0.000000,-91.443253,1.000000,1.604223,0.000002047,
1426300,91.346626,26.750000,64.596626,0.000000,-91.443253,1.000000,1.603606,0.000002028,
1426400,91.346626,27.250000,64.096626,0.000000,-91.443253,1.000000,1.603034,0.000002046,
1426500,91.346626,27.250000,64.096626,0.000000,-91.346626,1.000000,1.602481,0.000002023,
1426600,91.423309,27.250000,64.173309,0.000000,-91.346626,1.000000,1.601889,0.000002015,
1426700,91.423309,27.000000,64.423309,0.000000,-91.346626,1.000000,1.601250,0.000002018,
1426800,91.423309,27.000000,64.423309,0.000000,-91.346626,1.000000,1.600757,0.000001990,
1426900,91.336655,27.000000,64.336655,0.000000,-91.423309,1.000000,1.600150,0.000001978,
1427000,91.336655,27.000000,64.336655,0.000000,-91.423309,1.000000,1.599599,0.000001977,
1427100,91.336655,27.000000,64.336655,0.000000,-91.423309,1.000000,1.599016,0.000002002,
1427200,91.043327,27.000000,64.043327,0.000000,-91.423309,1.000000,1.598399,0.000002007,
1427300,91.043327,27.250000,63.793327,0.000000,-91.043327,1.000000,1.597785,0.000001995,
1427400,91.043327,27.250000,63.793327,0.000000,-91.043327,1.000000,1.597216,0.000002034,
1427500,90.771667,27.250000,63.521667,0.000000,-91.043327,1.000000,1.596632,0.000002003,
1427600,90.771667,27.500000,63.271667,0.000000,-91.043327,1.000000,1.596113,0.000001992,
1427700,90.771667,27.500000,63.271667,0.000000,-90.771667,1.000000,1.595550,0.000001989,
1427800,91.010834,27.500000,63.510834,0.000000,-90.771667,1.000000,1.594960,0.000001981,
1427900,91.010834,27.000000,64.010834,0.000000,-90.771667,1.000000,1.594411,0.000001971,
1428000,91.010834,27.000000,64.010834,0.000000,-90.771667,1.000000,1.593806,0.000001999,
1428100,91.130417,27.000000,64.130417,0.000000,-91.010834,1.000000,1.593182,0.000001974,
1428200,91.130417,27.250000,63.880417,0.000000,-91.010834,1.000000,1.592596,0.000001992,
1428300,91.130417,27.250000,63.880417,0.000000,-91.010834,1.000000,1.591999,0.000002030,
1428400,90.815208,27.250000,63.565208,0.000000,-91.010834,1.000000,1.591361,0.000002043,
1428500,90.815208,27.250000,63.565208,0.000000,-90.815208,1.000000,1.590788,0.000002034,
1428600,90.815208,27.250000,63.565208,0.000000,-90.815208,1.000000,1.590168,0.000002043,
1428700,90.782608,27.250000,63.532608,0.000000,-90.815208,1.000000,1.589570,0.000002021,
1428800,90.782608,27.500000,63.282608,0.000000,-90.815208,1.000000,1.588944,0.000002014,
1428900,90.782608,27.500000,63.282608,0.000000,-90.782608,1.000000,1.588351,0.000001982,
1429000,90.641304,27.500000,63.141304,0.000000,-90.782608,1.000000,1.587723,0.000001995,
1429100,90.641304,27.500000,63.141304,0.000000,-90.782608,1.000000,1.587123,0.000001982,
1429200,90.641304,27.500000,63.141304,0.000000,-90.782608,1.000000,1.586514,0.000001982,
1429300,90.320648,27.500000,62.820648,0.000000,-90.641304,1.000000,1.585924,0.000001997,
1429400,90.320648,27.250000,63.070648,0.000000,-90.641304,1.000000,1.585358,0.000002019,
1429500,90.320648,27.250000,63.070648,0.000000,-90.641304,1.000000,1.584758,0.000002029,
1429600,90.035324,27.250000,62.785324,0.000000,-90.641304,1.000000,1.584170,0.000002023,
1429700,90.035324,27.000000,63.035324,0.000000,-90.035324,1.000000,1.583567,0.000002024,
1429800,90.035324,27.000000,63.035324,0.000000,-90.035324,1.000000,1.582939,0.000002046,
1429900,90.267662,27.000000,63.267662,0.000000,-90.035324,1.000000,1.582360,0.000002046,
1430000,90.267662,27.500000,62.767662,0.000000,-90.035324,1.000000,1.581788,0.000002043,
1430100,90.267662,27.500000,62.767662,0.000000,-90.267662,1.000000,1.581219,0.000002043,
1430200,90.383835,27.500000,62.883835,0.000000,-90.267662,1.000000,1.580611,0.000002028,
1430300,90.383835,27.250000,63.133835,0.000000,-90.267662,1.000000,1.580050,0.000002027,
1430400,90.383835,27.250000,63.133835,0.000000,-90.267662,1.000000,1.579497,0.000002001,
1430500,90.191917,27.250000,62.941917,0.000000,-90.383835,1.000000,1.578905,0.000001966,
1430600,90.191917,27.250000,62.941917,0.000000,-90.383835,1.000000,1.578332,0.000001926,
1430700,90.191917,27.250000,62.941917,0.000000,-90.383835,1.000000,1.577782,0.000001944,
1430800,90.095963,27.250000,62.845963,0.000000,-90.383835,1.000000,1.577167,0.000001944,
1430900,90.095963,27.000000,63.095963,0.000000,-90.095963,1.000000,1.576643,0.000001972,
1431000,90.095963,27.000000,63.095963,0.000000,-90.095963,1.000000,1.576057,0.000001976,
1431100,90.172981,27.000000,63.172981,0.000000,-90.095963,1.000000,1.575417,0.000001985,
1431200,90.172981,27.000000,63.172981,0.000000,-90.095963,1.000000,1.574818,0.000002008,
1431300,90.172981,27.000000,63.172981,0.000000,-90.172981,1.000000,1.574194,0.000002025,
1431400,90.086487,27.000000,63.086487,0.000000,-90.172981,1.000000,1.573611,0.000002012,
1431500,90.086487,27.500000,62.586487,0.000000,-90.172981,1.000000,1.573007,0.000002013,
1431600,90.086487,27.500000,62.586487,0.000000,-90.172981,1.000000,1.572413,0.000002006,
1431700,90.043243,27.500000,62.543243,0.000000,-90.086487,1.000000,1.571849,0.000001981,
1431800,90.043243,27.250000,62.793243,0.000000,-90.086487,1.000000,1.571213,0.000001949,
1431900,90.043243,27.250000,62.793243,0.000000,-90.086487,1.000000,1.570601,0.000001960,
1432000,89.771622,27.250000,62.521622,0.000000,-90.086487,1.000000,1.570015,0.000001969,
1432100,89.771622,27.250000,62.521622,0.000000,-89.771622,1.000000,1.569401,0.000002014,
1432200,89.771622,27.250000,62.521622,0.000000,-89.771622,1.000000,1.568769,0.000001988,
1432300,89.760811,27.250000,62.510811,0.000000,-89.771622,1.000000,1.568098,0.000001971,
1432400,89.760811,27.500000,62.260811,0.000000,-89.771622,1.000000,1.567490,0.000001982,
1432500,89.760811,27.500000,62.260811,0.000000,-89.760811,1.000000,1.566876,0.000001995,
1432600,89.755402,27.500000,62.255402,0.000000,-89.760811,1.000000,1.566277,0.000002000,
1432800,89.755402,27.000000,62.755402,0.000000,-89.760811,1.000000,1.565104,0.000001977,
1432900,89.752701,27.000000,62.752701,0.000000,-89.755402,1.000000,1.564490,0.000001972,
1433000,89.752701,27.250000,62.502701,0.000000,-89.755402,1.000000,1.563896,0.000002004,
1433100,89.752701,27.250000,62.502701,0.000000,-89.755402,1.000000,1.563277,0.000002014,
1433200,89.751350,27.250000,62.501350,0.000000,-89.755402,1.000000,1.562683,0.000001974,
1433300,89.751350,27.250000,62.501350,0.000000,-89.751350,1.000000,1.562091,0.000001975,
1433400,89.751350,27.250000,62.501350,0.000000,-89.751350,1.000000,1.561522,0.000001973,
1433500,89.500671,27.250000,62.250671,0.000000,-89.751350,1.000000,1.560941,0.000001957,
1433600,89.375336,27.250000,62.125336,0.000000,-89.751350,1.000000,1.560347,0.000001960,
1433700,89.375336,27.500000,61.875336,0.000000,-89.375336,1.000000,1.559752,0.000001991,
1433800,89.375336,27.500000,61.875336,0.000000,-89.375336,1.000000,1.559182,0.000001981,
1433900,89.062668,27.500000,61.562668,0.000000,-89.375336,1.000000,1.558597,0.000001991,
1434000,89.062668,27.250000,61.812668,0.000000,-89.375336,1.000000,1.557997,0.000001998,
1434100,89.062668,27.250000,61.812668,0.000000,-89.062668,1.000000,1.557366,0.000002025,
1434200,89.031334,27.250000,61.781334,0.000000,-89.062668,1.000000,1.556782,0.000002052,
1434300,89.031334,27.250000,61.781334,0.000000,-89.062668,1.000000,1.556288,0.000002019,
1434400,89.031334,27.250000,61.781334,0.000000,-89.062668,1.000000,1.555747,0.000002030,
1434500,89.140671,27.250000,61.890671,0.000000,-89.031334,1.000000,1.555182,0.000002020,
1434600,89.140671,27.250000,61.890671,0.000000,-89.031334,1.000000,1.554621,0.000002017,
1434700,89.140671,27.250000,61.890671,0.000000,-89.031334,1.000000,1.554061,0.000001999,
1434800,89.195335,27.250000,61.945335,0.000000,-89.031334,1.000000,1.553445,0.000001996,
1434900,89.195335,27.500000,61.695335,0.000000,-89.195335,1.000000,1.552897,0.000001991,
1435000,89.195335,27.500000,61.695335,0.000000,-89.195335,1.000000,1.552380,0.000001977,
1435100,88.972672,27.500000,61.472672,0.000000,-89.195335,1.000000,1.551829,0.000001990,
1435200,88.972672,27.250000,61.722672,0.000000,-89.195335,1.000000,1.551345,0.000002004,
1435300,88.972672,27.250000,61.722672,0.000000,-88.972672,1.000000,1.550747,0.000002010,
1435400,88.861336,27.250000,61.611336,0.000000,-88.972672,1.000000,1.550179,0.000001989,
1435500,88.861336,26.500000,62.361336,0.000000,-88.972672,1.000000,1.549629,0.000001977,
1435600,88.861336,26.500000,62.361336,0.000000,-88.972672,1.000000,1.549078,0.000002015,
1435700,88.930664,26.500000,62.430664,0.000000,-88.861336,1.000000,1.548498,0.000002038,
1435800,88.930664,27.250000,61.680664,0.000000,-88.861336,1.000000,1.547934,0.000002027,
1435900,88.930664,27.250000,61.680664,0.000000,-88.861336,1.000000,1.547369,0.000002058,
1436000,88.965332,27.250000,61.715332,0.000000,-88.861336,1.000000,1.546772,0.000002099,
1436100,88.965332,26.750000,62.215332,0.000000,-88.965332,1.000000,1.546210,0.000002133,
1436200,88.965332,26.750000,62.215332,0.000000,-88.965332,1.000000,1.545600,0.000002122,
1436300,88.982666,26.750000,62.232666,0.000000,-88.965332,1.000000,1.545009,0.000002123,
1436400,88.982666,27.250000,61.732666,0.000000,-88.965332,1.000000,1.544404,0.000002109,
1436500,88.982666,27.250000,61.732666,0.000000,-88.982666,1.000000,1.543896,0.000002096,
1436600,88.866333,27.250000,61.616333,0.000000,-88.982666,1.000000,1.543331,0.000002107,
1436700,88.866333,27.000000,61.866333,0.000000,-88.982666,1.000000,1.542788,0.000002104,
1436800,88.866333,27.000000,61.866333,0.000000,-88.982666,1.000000,1.542228,0.000002083,
1436900,88.683167,27.000000,61.683167,0.000000,-88.866333,1.000000,1.541653,0.000002066,
1437000,88.683167,27.500000,61.183167,0.000000,-88.866333,1.000000,1.541112,0.000002009,
1437100,88.683167,27.500000,61.183167,0.000000,-88.866333,1.000000,1.540571,0.000002022,
1437200,88.466583,27.500000,60.966583,0.000000,-88.866333,1.000000,1.540027,0.000002020,
1437300,88.466583,27.250000,61.216583,0.000000,-88.466583,1.000000,1.539448,0.000001991,
1437400,88.466583,27.250000,61.216583,0.000000,-88.466583,1.000000,1.538833,0.000002047,
1437500,88.608292,27.250000,61.358292,0.000000,-88.466583,1.000000,1.538295,0.000002055,
1437600,88.608292,27.000000,61.608292,0.000000,-88.466583,1.000000,1.537741,0.000002061,
1437700,88.608292,27.000000,61.608292,0.000000,-88.608292,1.000000,1.537178,0.000002063,
1437800,88.554146,27.000000,61.554146,0.000000,-88.608292,1.000000,1.536624,0.000002077,
1437900,88.554146,27.500000,61.054146,0.000000,-88.608292,1.000000,1.536063,0.000002071,
1438000,88.554146,27.500000,61.054146,0.000000,-88.608292,1.000000,1.535534,0.000002052,
1438100,88.527069,27.500000,61.027069,0.000000,-88.554146,1.000000,1.534985,0.000002043,
1438200,88.527069,27.250000,61.277069,0.000000,-88.554146,1.000000,1.534444,0.000002026,
1438300,88.527069,27.250000,61.277069,0.000000,-88.554146,1.000000,1.533884,0.000002014,
1438400,88.513535,27.250000,61.263535,0.000000,-88.554146,1.000000,1.533268,0.000002036,
1438500,88.513535,27.250000,61.263535,0.000000,-88.513535,1.000000,1.532677,0.000002017,
1438600,88.513535,27.250000,61.263535,0.000000,-88.513535,1.000000,1.532095,0.000002031,
1438700,88.506767,27.250000,61.256767,0.000000,-88.513535,1.000000,1.531519,0.000002021,
1438800,88.506767,26.500000,62.006767,0.000000,-88.513535,1.000000,1.530981,0.000002066,
1438900,88.506767,26.500000,62.006767,0.000000,-88.506767,1.000000,1.530473,0.000002074,
1439000,88.378387,26.500000,61.878387,0.000000,-88.506767,1.000000,1.529856,0.000002076,
1439100,88.378387,27.500000,60.878387,0.000000,-88.506767,1.000000,1.529235,0.000002053,
1439200,88.378387,27.500000,60.878387,0.000000,-88.506767,1.000000,1.528642,0.000002042,
1439300,88.314194,27.500000,60.814194,0.000000,-88.378387,1.000000,1.528106,0.000002078,
1439400,88.314194,27.500000,60.814194,0.000000,-88.378387,1.000000,1.527541,0.000002078,
1439500,88.314194,27.500000,60.814194,0.000000,-88.378387,1.000000,1.526993,0.000002086,
1439600,88.282097,27.500000,60.782097,0.000000,-88.378387,1.000000,1.526436,0.000002088,
1439700,88.282097,27.250000,61.032097,0.000000,-88.282097,1.000000,1.525839,0.000002085,
1439800,88.282097,27.250000,61.032097,0.000000,-88.282097,1.000000,1.525267,0.000002106,
1439900,88.391052,27.250000,61.141052,0.000000,-88.282097,1.000000,1.524693,0.000002073,
1440000,88.391052,27.250000,61.141052,0.000000,-88.282097,1.000000,1.524175,0.000002080,
1440100,88.391052,27.250000,61.141052,0.000000,-88.391052,1.000000,1.523653,0.000002048,
1440200,88.320526,27.250000,61.070526,0.000000,-88.391052,1.000000,1.523143,0.000002044,
1440300,88.320526,27.500000,60.820526,0.000000,-88.391052,1.000000,1.522572,0.000002065,
1440400,88.320526,27.500000,60.820526,0.000000,-88.391052,1.000000,1.521988,0.000002053,
1440500,88.160263,27.500000,60.660263,0.000000,-88.320526,1.000000,1.521464,0.000002048,
1440600,88.160263,27.250000,60.910263,0.000000,-88.320526,1.000000,1.520928,0.000002026,
1440700,88.160263,27.250000,60.910263,0.000000,-88.320526,1.000000,1.520393,0.000002052,
1440800,88.080132,27.250000,60.830132,0.000000,-88.320526,1.000000,1.519804,0.000002043,
1440900,88.080132,26.500000,61.580132,0.000000,-88.080132,1.000000,1.519251,0.000002045,
1441000,88.080132,26.500000,61.580132,0.000000,-88.080132,1.000000,1.518719,0.000002063,
1441100,88.040070,26.500000,61.540070,0.000000,-88.080132,1.000000,1.518175,0.000002057,
1441200,88.040070,27.250000,60.790070,0.000000,-88.080132,1.000000,1.517575,0.000002061,
1441300,88.040070,27.250000,60.790070,0.000000,-88.040070,1.000000,1.516950,0.000002069,
1441400,87.770035,27.250000,60.520035,0.000000,-88.040070,1.000000,1.516366,0.000002065,
1441500,87.770035,27.500000,60.270035,0.000000,-88.040070,1.000000,1.515762,0.000002075,
1441600,87.770035,27.500000,60.270035,0.000000,-88.040070,1.000000,1.515135,0.000002069,
1441700,87.635017,27.500000,60.135017,0.000000,-87.770035,1.000000,1.514561,0.000002060,
1441800,87.635017,27.250000,60.385017,0.000000,-87.770035,1.000000,1.513925,0.000002041,
1441900,87.635017,27.250000,60.385017,0.000000,-87.770035,1.000000,1.513372,0.000002046,
1442000,87.692505,27.250000,60.442505,0.000000,-87.770035,1.000000,1.512793,0.000002040,
1442100,87.692505,27.000000,60.692505,0.000000,-87.692505,1.000000,1.512202,0.000002065,
1442200,87.692505,27.000000,60.692505,0.000000,-87.692505,1.000000,1.511638,0.000002064,
1442300,87.471252,27.000000,60.471252,0.000000,-87.692505,1.000000,1.511087,0.000002077,
1442400,87.471252,27.250000,60.221252,0.000000,-87.692505,1.000000,1.510484,0.000002065,
1442500,87.471252,27.250000,60.221252,0.000000,-87.471252,1.000000,1.509905,0.000002041,
1442600,87.610626,27.250000,60.360626,0.000000,-87.471252,1.000000,1.509346,0.000002048,
1442700,87.610626,27.250000,60.360626,0.000000,-87.471252,1.000000,1.508758,0.000002052,
1442800,87.610626,27.250000,60.360626,0.000000,-87.471252,1.000000,1.508185,0.000002039,
1442900,87.555313,27.250000,60.305313,0.000000,-87.610626,1.000000,1.507620,0.000002012,
1443000,87.555313,27.250000,60.305313,0.000000,-87.610626,1.000000,1.507046,0.000002026,
1443100,87.555313,27.250000,60.305313,0.000000,-87.610626,1.000000,1.506411,0.000002001,
1443200,87.402657,27.250000,60.152657,0.000000,-87.610626,1.000000,1.505806,0.000002011,
1443300,87.402657,27.250000,60.152657,0.000000,-87.402657,1.000000,1.505174,0.000001969,
1443400,87.402657,27.250000,60.152657,0.000000,-87.402657,1.000000,1.504574,0.000001984,
1443500,87.451324,27.250000,60.201324,0.000000,-87.402657,1.000000,1.503961,0.000001958,
1443600,87.451324,27.000000,60.451324,0.000000,-87.402657,1.000000,1.503399,0.000001971,
1443700,87.451324,27.000000,60.451324,0.000000,-87.451324,1.000000,1.502827,0.000002001,
1443800,87.350662,27.000000,60.350662,0.000000,-87.451324,1.000000,1.502255,0.000001995,
1443900,87.350662,27.250000,60.100662,0.000000,-87.451324,1.000000,1.501688,0.000002003,
1444000,87.350662,27.250000,60.100662,0.000000,-87.451324,1.000000,1.501122,0.000002005,
1444100,87.050331,27.250000,59.800331,0.000000,-87.350662,1.000000,1.500459,0.000002037,
1444200,87.050331,27.250000,59.800331,0.000000,-87.350662,1.000000,1.499876,0.000002036,
1444300,87.050331,27.250000,59.800331,0.000000,-87.350662,1.000000,1.499276,0.000002051,
1444400,87.025162,27.250000,59.775162,0.000000,-87.350662,1.000000,1.498700,0.000002047,
1444500,87.025162,27.250000,59.775162,0.000000,-87.025162,1.000000,1.498076,0.000002028,
1444600,87.025162,27.250000,59.775162,0.000000,-87.025162,1.000000,1.497443,0.000002015,
1444700,87.012581,27.250000,59.762581,0.000000,-87.025162,1.000000,1.496848,0.000002030,
1444800,87.012581,26.750000,60.262581,0.000000,-87.025162,1.000000,1.496263,0.000002016,
1444900,87.012581,26.750000,60.262581,0.000000,-87.012581,1.000000,1.495692,0.000001993,
1445000,87.006287,26.750000,60.256287,0.000000,-87.012581,1.000000,1.495161,0.000001995,
1445100,87.006287,27.250000,59.756287,0.000000,-87.012581,1.000000,1.494632,0.000002000,
1445200,87.006287,27.250000,59.756287,0.000000,-87.012581,1.000000,1.494045,0.000001999,
1445300,87.128143,27.250000,59.878143,0.000000,-87.006287,1.000000,1.493521,0.000001996,
1445400,87.128143,27.500000,59.628143,0.000000,-87.006287,1.000000,1.492970,0.000002010,
1445500,87.128143,27.500000,59.628143,0.000000,-87.006287,1.000000,1.492393,0.000001997,
1445600,86.814072,27.500000,59.314072,0.000000,-87.006287,1.000000,1.491769,0.000001994,
1445700,86.814072,27.250000,59.564072,0.000000,-86.814072,1.000000,1.491202,0.000002021,
1445800,86.814072,27.250000,59.564072,0.000000,-86.814072,1.000000,1.490668,0.000002045,
1445900,87.032036,27.250000,59.782036,0.000000,-86.814072,1.000000,1.490070,0.000002023,
1446000,87.032036,27.000000,60.032036,0.000000,-86.814072,1.000000,1.489527,0.000001999,
1446100,87.032036,27.000000,60.032036,0.000000,-87.032036,1.000000,1.489008,0.000001986,
1446200,86.891022,27.000000,59.891022,0.000000,-87.032036,1.000000,1.488488,0.000001999,
1446300,86.891022,27.250000,59.641022,0.000000,-87.032036,1.000000,1.487958,0.000001980,
1446400,86.891022,27.250000,59.641022,0.000000,-87.032036,1.000000,1.487385,0.000001986,
1446500,86.820511,27.250000,59.570511,0.000000,-86.891022,1.000000,1.486847,0.000002000,
1446600,86.820511,27.250000,59.570511,0.000000,-86.891022,1.000000,1.486297,0.000001989,
1446700,86.820511,27.250000,59.570511,0.000000,-86.891022,1.000000,1.485762,0.000001978,
1446800,86.535255,27.250000,59.285255,0.000000,-86.891022,1.000000,1.485214,0.000001982,
1446900,86.535255,27.500000,59.035255,0.000000,-86.535255,1.000000,1.484726,0.000001961,
1447000,86.535255,27.500000,59.035255,0.000000,-86.535255,1.000000,1.484158,0.000001955,
1447100,86.517624,27.500000,59.017624,0.000000,-86.535255,1.000000,1.483602,0.000001952,
1447200,86.517624,27.250000,59.267624,0.000000,-86.535255,1.000000,1.483071,0.000001960,
1447300,86.517624,27.250000,59.267624,0.000000,-86.517624,1.000000,1.482493,0.000001960,
1447400,86.508812,27.250000,59.258812,0.000000,-86.517624,1.000000,1.481979,0.000001956,
1447500,86.508812,27.250000,59.258812,0.000000,-86.517624,1.000000,1.481394,0.000001990,
1447600,86.508812,27.250000,59.258812,0.000000,-86.517624,1.000000,1.480819,0.000001988,
1447700,86.379410,27.250000,59.129410,0.000000,-86.508812,1.000000,1.480260,0.000001990,
1447800,86.379410,26.750000,59.629410,0.000000,-86.508812,1.000000,1.479720,0.000001999,
1447900,86.379410,26.750000,59.629410,0.000000,-86.508812,1.000000,1.479211,0.000001993,
1448000,86.314705,26.750000,59.564705,0.000000,-86.508812,1.000000,1.478677,0.000002015,
1448100,86.314705,27.500000,58.814705,0.000000,-86.314705,1.000000,1.478135,0.000001996,
1448200,86.314705,27.500000,58.814705,0.000000,-86.314705,1.000000,1.477508,0.000002000,
1448300,86.282349,27.500000,58.782349,0.000000,-86.314705,1.000000,1.476930,0.000002019,
1448400,86.282349,27.000000,59.282349,0.000000,-86.314705,1.000000,1.476368,0.000002044,
1448500,86.282349,27.000000,59.282349,0.000000,-86.282349,1.000000,1.475820,0.000002029,
1448600,86.016174,27.000000,59.016174,0.000000,-86.282349,1.000000,1.475232,0.000002046,
1448700,86.016174,27.250000,58.766174,0.000000,-86.282349,1.000000,1.474701,0.000002053,
1448800,86.016174,27.250000,58.766174,0.000000,-86.282349,1.000000,1.474134,0.000002039,
1448900,86.258087,27.250000,59.008087,0.000000,-86.016174,1.000000,1.473528,0.000002036,
1449000,86.258087,27.250000,59.008087,0.000000,-86.016174,1.000000,1.473014,0.000002051,
1449100,86.258087,27.250000,59.008087,0.000000,-86.016174,1.000000,1.472418,0.000002066,
1449200,86.129044,27.250000,58.879044,0.000000,-86.016174,1.000000,1.471833,0.000002051,
1449300,86.129044,27.250000,58.879044,0.000000,-86.129044,1.000000,1.471313,0.000002048,
1449400,86.129044,27.250000,58.879044,0.000000,-86.129044,1.000000,1.470731,0.000002045,
1449500,86.064522,27.250000,58.814522,0.000000,-86.129044,1.000000,1.470189,0.000002053,
1449600,86.064522,27.250000,58.814522,0.000000,-86.129044,1.000000,1.469678,0.000002023,
1449700,86.064522,27.250000,58.814522,0.000000,-86.064522,1.000000,1.469137,0.000002019,
1449800,85.782257,27.250000,58.532257,0.000000,-86.064522,1.000000,1.468593,0.000002027,
1449900,85.782257,26.750000,59.032257,0.000000,-86.064522,1.000000,1.468033,0.000002029,
1450000,85.782257,26.750000,59.032257,0.000000,-86.064522,1.000000,1.467478,0.000002004,
1450100,85.891129,26.750000,59.141129,0.000000,-85.782257,1.000000,1.466920,0.000002007,
1450200,85.891129,27.250000,58.641129,0.000000,-85.782257,1.000000,1.466332,0.000002021,
1450300,85.891129,27.250000,58.641129,0.000000,-85.782257,1.000000,1.465760,0.000002014,
1450400,85.820564,27.250000,58.570564,0.000000,-85.782257,1.000000,1.465231,0.000002017,
1450500,85.820564,27.250000,58.570564,0.000000,-85.820564,1.000000,1.464672,0.000002014,
1450600,85.820564,27.250000,58.570564,0.000000,-85.820564,1.000000,1.464126,0.000002000,
1450700,85.785278,27.250000,58.535278,0.000000,-85.820564,1.000000,1.463555,0.000001994,
1450800,85.785278,27.000000,58.785278,0.000000,-85.820564,1.000000,1.463001,0.000001984,
1450900,85.785278,27.000000,58.785278,0.000000,-85.785278,1.000000,1.462444,0.000001998,
1451000,85.642639,27.000000,58.642639,0.000000,-85.785278,1.000000,1.461933,0.000001979,
1451100,85.642639,27.000000,58.642639,0.000000,-85.785278,1.000000,1.461359,0.000001979,
1451200,85.642639,27.000000,58.642639,0.000000,-85.785278,1.000000,1.460886,0.000001982,
1451300,85.571320,27.000000,58.571320,0.000000,-85.642639,1.000000,1.460286,0.000002001,
1451400,85.571320,27.500000,58.071320,0.000000,-85.642639,1.000000,1.459711,0.000001994,
1451500,85.571320,27.500000,58.071320,0.000000,-85.642639,1.000000,1.459183,0.000002021,
1451600,85.535660,27.500000,58.035660,0.000000,-85.642639,1.000000,1.458625,0.000002004,
1451700,85.535660,27.000000,58.535660,0.000000,-85.535660,1.000000,1.458126,0.000002026,
1451800,85.535660,27.000000,58.535660,0.000000,-85.535660,1.000000,1.457595,0.000002029,
1451900,85.392830,27.000000,58.392830,0.000000,-85.535660,1.000000,1.457078,0.000001987,
1452000,85.392830,27.000000,58.392830,0.000000,-85.535660,1.000000,1.456514,0.000001984,
1452100,85.392830,27.000000,58.392830,0.000000,-85.392830,1.000000,1.455985,0.000001993,
1452200,85.446411,27.000000,58.446411,0.000000,-85.392830,1.000000,1.455467,0.000002011,
1452300,85.446411,27.250000,58.196411,0.000000,-85.392830,1.000000,1.454952,0.000002010,
1452400,85.446411,27.250000,58.196411,0.000000,-85.392830,1.000000,1.454482,0.000001999,
1452500,85.348206,27.250000,58.098206,0.000000,-85.446411,1.000000,1.453958,0.000002022,
1452600,85.348206,27.250000,58.098206,0.000000,-85.446411,1.000000,1.453467,0.000002046,
1452700,85.348206,27.250000,58.098206,0.000000,-85.446411,1.000000,1.452960,0.000002041,
1452800,85.299103,27.250000,58.049103,0.000000,-85.446411,1.000000,1.452463,0.000002055,
1452900,85.299103,27.000000,58.299103,0.000000,-85.299103,1.000000,1.451973,0.000002043,
1453000,85.299103,27.000000,58.299103,0.000000,-85.299103,1.000000,1.451471,0.000002061,
1453100,85.274551,27.000000,58.274551,0.000000,-85.299103,1.000000,1.450976,0.000002046,
1453200,85.274551,27.500000,57.774551,0.000000,-85.299103,1.000000,1.450425,0.000002040,
1453300,85.274551,27.500000,57.774551,0.000000,-85.274551,1.000000,1.449912,0.000002018,
1453400,85.137276,27.500000,57.637276,0.000000,-85.274551,1.000000,1.449409,0.000002011,
1453500,85.137276,27.250000,57.887276,0.000000,-85.274551,1.000000,1.448909,0.000002021,
1453600,85.137276,27.250000,57.887276,0.000000,-85.274551,1.000000,1.448388,0.000002009,
1453700,85.193634,27.250000,57.943634,0.000000,-85.137276,1.000000,1.447829,0.000001978,
1453800,85.193634,26.750000,58.443634,0.000000,-85.137276,1.000000,1.447293,0.000002011,
1453900,85.193634,26.750000,58.443634,0.000000,-85.137276,1.000000,1.446721,0.000002013,
1454000,85.221817,26.750000,58.471817,0.000000,-85.137276,1.000000,1.446192,0.000002016,
1454100,85.221817,27.250000,57.971817,0.000000,-85.221817,1.000000,1.445634,0.000001996,
1454200,85.221817,27.250000,57.971817,0.000000,-85.221817,1.000000,1.445073,0.000002016,
1454300,85.235909,27.250000,57.985909,0.000000,-85.221817,1.000000,1.444542,0.000001996,
1454400,85.235909,27.000000,58.235909,0.000000,-85.221817,1.000000,1.443997,0.000001993,
1454500,85.235909,27.000000,58.235909,0.000000,-85.235909,1.000000,1.443413,0.000002035,
1454600,85.242950,27.000000,58.242950,0.000000,-85.235909,1.000000,1.442810,0.000002031,
1454700,85.242950,27.250000,57.992950,0.000000,-85.235909,1.000000,1.442223,0.000002025,
1454800,85.242950,27.250000,57.992950,0.000000,-85.235909,1.000000,1.441688,0.000002054,
1454900,84.996475,27.250000,57.746475,0.000000,-85.242950,1.000000,1.441111,0.000002049,
1455000,84.996475,27.000000,57.996475,0.000000,-85.242950,1.000000,1.440546,0.000002061,
1455100,84.996475,27.000000,57.996475,0.000000,-85.242950,1.000000,1.439937,0.000002047,
1455200,84.998238,27.000000,57.998238,0.000000,-85.242950,1.000000,1.439371,0.000002033,
1455300,84.998238,27.000000,57.998238,0.000000,-84.998238,1.000000,1.438789,0.000002029,
1455400,84.998238,27.000000,57.998238,0.000000,-84.998238,1.000000,1.438249,0.000002037,
1455500,84.624115,27.000000,57.624115,0.000000,-84.998238,1.000000,1.437700,0.000002042,
1455600,84.624115,26.750000,57.874115,0.000000,-84.998238,1.000000,1.437121,0.000002028,
1455700,84.624115,26.750000,57.874115,0.000000,-84.624115,1.000000,1.436589,0.000002017,
1455800,84.687057,26.750000,57.937057,0.000000,-84.624115,1.000000,1.436079,0.000002031,
1455900,84.687057,27.250000,57.437057,0.000000,-84.624115,1.000000,1.435545,0.000002026,
1456000,84.687057,27.250000,57.437057,0.000000,-84.624115,1.000000,1.434963,0.000002032,
1456100,84.593529,27.250000,57.343529,0.000000,-84.687057,1.000000,1.434480,0.000002050,
1456200,84.593529,27.500000,57.093529,0.000000,-84.687057,1.000000,1.433946,0.000002045,
1456300,84.593529,27.500000,57.093529,0.000000,-84.687057,1.000000,1.433452,0.000002034,
1456400,84.546768,27.500000,57.046768,0.000000,-84.687057,1.000000,1.432896,0.000002041,
1456500,84.546768,27.250000,57.296768,0.000000,-84.546768,1.000000,1.432388,0.000002048,
1456600,84.546768,27.250000,57.296768,0.000000,-84.546768,1.000000,1.431853,0.000002055,
1456700,84.523384,27.250000,57.273384,0.000000,-84.546768,1.000000,1.431351,0.000002066,
1456800,84.523384,27.000000,57.523384,0.000000,-84.546768,1.000000,1.430825,0.000002091,
1456900,84.523384,27.000000,57.523384,0.000000,-84.523384,1.000000,1.430297,0.000002075,
1457000,84.386688,27.000000,57.386688,0.000000,-84.523384,1.000000,1.429785,0.000002072,
1457100,84.386688,27.000000,57.386688,0.000000,-84.523384,1.000000,1.429264,0.000002072,
1457200,84.386688,27.000000,57.386688,0.000000,-84.523384,1.000000,1.428722,0.000002046,
1457300,84.443344,27.000000,57.443344,0.000000,-84.386688,1.000000,1.428195,0.000002040,
1457400,84.443344,27.250000,57.193344,0.000000,-84.386688,1.000000,1.427669,0.000002034,
1457500,84.443344,27.250000,57.193344,0.000000,-84.386688,1.000000,1.427149,0.000002030,
1457600,84.346672,27.250000,57.096672,0.000000,-84.386688,1.000000,1.426709,0.000002033,
1457700,84.346672,27.000000,57.346672,0.000000,-84.346672,1.000000,1.426173,0.000002022,
1457800,84.346672,27.000000,57.346672,0.000000,-84.346672,1.000000,1.425632,0.000002054,
1457900,84.173340,27.000000,57.173340,0.000000,-84.346672,1.000000,1.425165,0.000002042,
1458000,84.173340,27.500000,56.673340,0.000000,-84.346672,1.000000,1.424677,0.000002043,
1458100,84.173340,27.500000,56.673340,0.000000,-84.173340,1.000000,1.424155,0.000002039,
1458200,84.211670,27.500000,56.711670,0.000000,-84.173340,1.000000,1.423650,0.000002027,
1458300,84.211670,27.250000,56.961670,0.000000,-84.173340,1.000000,1.423116,0.000002023,
1458400,84.211670,27.250000,56.961670,0.000000,-84.173340,1.000000,1.422571,0.000002011,
1458500,84.230835,27.250000,56.980835,0.000000,-84.211670,1.000000,1.422052,0.000002005,
1458600,84.230835,27.000000,57.230835,0.000000,-84.211670,1.000000,1.421514,0.000001978,
1458700,84.230835,27.000000,57.230835,0.000000,-84.211670,1.000000,1.420995,0.000001972,
1458800,83.990417,27.000000,56.990417,0.000000,-84.211670,1.000000,1.420445,0.000001976,
1458900,83.990417,27.250000,56.740417,0.000000,-83.990417,1.000000,1.419874,0.000001984,
1459000,83.990417,27.250000,56.740417,0.000000,-83.990417,1.000000,1.419340,0.000002000,
1459100,83.870209,27.250000,56.620209,0.000000,-83.990417,1.000000,1.418774,0.000001980,
1459200,83.810104,27.250000,56.560104,0.000000,-83.990417,1.000000,1.418276,0.000001983,
1459300,83.810104,27.000000,56.810104,0.000000,-83.810104,1.000000,1.417725,0.000001990,
1459400,83.810104,27.000000,56.810104,0.000000,-83.810104,1.000000,1.417202,0.000002021,
1459500,83.655052,27.000000,56.655052,0.000000,-83.810104,1.000000,1.416697,0.000002009,
1459600,83.655052,27.500000,56.155052,0.000000,-83.810104,1.000000,1.416158,0.000001988,
1459700,83.655052,27.500000,56.155052,0.000000,-83.655052,1.000000,1.415648,0.000001971,
1459800,83.702530,27.500000,56.202530,0.000000,-83.655052,1.000000,1.415131,0.000001989,
1459900,83.702530,27.250000,56.452530,0.000000,-83.655052,1.000000,1.414635,0.000002021,
1460000,83.702530,27.250000,56.452530,0.000000,-83.655052,1.000000,1.414120,0.000002020,
1460100,83.476265,27.250000,56.226265,0.000000,-83.702530,1.000000,1.413597,0.000002022,
1460200,83.476265,27.250000,56.226265,0.000000,-83.702530,1.000000,1.413116,0.000002032,
1460300,83.476265,27.250000,56.226265,0.000000,-83.702530,1.000000,1.412591,0.000002046,
1460400,83.613129,27.250000,56.363129,0.000000,-83.702530,1.000000,1.412106,0.000002053,
1460500,83.613129,27.250000,56.363129,0.000000,-83.613129,1.000000,1.411615,0.000002071,
1460600,83.613129,27.250000,56.363129,0.000000,-83.613129,1.000000,1.411037,0.000002086,
1460700,83.681564,27.250000,56.431564,0.000000,-83.613129,1.000000,1.410477,0.000002066,
1460800,83.681564,27.000000,56.681564,0.000000,-83.613129,1.000000,1.409949,0.000002084,
1460900,83.681564,27.000000,56.681564,0.000000,-83.681564,1.000000,1.409402,0.000002044,
1461000,83.465782,27.000000,56.465782,0.000000,-83.681564,1.000000,1.408855,0.000002037,
1461100,83.465782,27.250000,56.215782,0.000000,-83.681564,1.000000,1.408308,0.000002027,
1461200,83.465782,27.250000,56.215782,0.000000,-83.681564,1.000000,1.407735,0.000001988,
1461300,83.482895,27.250000,56.232895,0.000000,-83.465782,1.000000,1.407170,0.000001982,
1461400,83.482895,27.250000,56.232895,0.000000,-83.465782,1.000000,1.406591,0.000001987,
1461500,83.482895,27.250000,56.232895,0.000000,-83.465782,1.000000,1.406002,0.000002006,
1461600,83.491447,27.250000,56.241447,0.000000,-83.465782,1.000000,1.405529,0.000001994,
1461700,83.491447,27.250000,56.241447,0.000000,-83.491447,1.000000,1.405012,0.000002017,
1461800,83.491447,27.250000,56.241447,0.000000,-83.491447,1.000000,1.404529,0.000002058,
1461900,83.495728,27.250000,56.245728,0.000000,-83.491447,1.000000,1.403971,0.000002059,
1462000,83.495728,27.250000,56.245728,0.000000,-83.491447,1.000000,1.403414,0.000002064,
1462100,83.495728,27.250000,56.245728,0.000000,-83.495728,1.000000,1.402946,0.000002047,
1462200,83.247864,27.250000,55.997864,0.000000,-83.495728,1.000000,1.402407,0.000002030,
1462300,83.247864,27.000000,56.247864,0.000000,-83.495728,1.000000,1.401886,0.000002028,
1462400,83.247864,27.000000,56.247864,0.000000,-83.495728,1.000000,1.401370,0.000002022,
1462500,83.373932,27.000000,56.373932,0.000000,-83.247864,1.000000,1.400809,0.000002024,
1462600,83.373932,26.500000,56.873932,0.000000,-83.247864,1.000000,1.400315,0.000002023,
1462700,83.373932,26.500000,56.873932,0.000000,-83.247864,1.000000,1.399817,0.000002025,
1462800,83.186966,26.500000,56.686966,0.000000,-83.247864,1.000000,1.399285,0.000002015,
1462900,83.186966,27.000000,56.186966,0.000000,-83.186966,1.000000,1.398787,0.000002029,
1463000,83.186966,27.000000,56.186966,0.000000,-83.186966,1.000000,1.398247,0.000002022,
1463100,83.093483,27.000000,56.093483,0.000000,-83.186966,1.000000,1.397688,0.000001999,
1463200,83.093483,27.000000,56.093483,0.000000,-83.186966,1.000000,1.397151,0.000002001,
1463300,83.093483,27.000000,56.093483,0.000000,-83.093483,1.000000,1.396643,0.000002014,
1463400,83.046738,27.000000,56.046738,0.000000,-83.093483,1.000000,1.396166,0.000002000,
1463500,83.046738,27.000000,56.046738,0.000000,-83.093483,1.000000,1.395697,0.000001992,
1463600,83.046738,27.000000,56.046738,0.000000,-83.093483,1.000000,1.395185,0.000002014,
1463700,82.898369,27.000000,55.898369,0.000000,-83.046738,1.000000,1.394646,0.000002012,
1463800,82.898369,27.250000,55.648369,0.000000,-83.046738,1.000000,1.394113,0.000002032,
1463900,82.898369,27.250000,55.648369,0.000000,-83.046738,1.000000,1.393589,0.000002024,
1464000,82.949188,27.250000,55.699188,0.000000,-83.046738,1.000000,1.393173,0.000001981,
1464100,82.949188,27.000000,55.949188,0.000000,-82.949188,1.000000,1.392665,0.000001965,
1464200,82.949188,27.000000,55.949188,0.000000,-82.949188,1.000000,1.392126,0.000001986,
1464300,82.974594,27.000000,55.974594,0.000000,-82.949188,1.000000,1.391595,0.000001986,
1464400,82.974594,26.500000,56.474594,0.000000,-82.949188,1.000000,1.391110,0.000001997,
1464500,82.974594,26.500000,56.474594,0.000000,-82.974594,1.000000,1.390588,0.000002025,
1464600,82.862297,26.500000,56.362297,0.000000,-82.974594,1.000000,1.390104,0.000002050,
1464700,82.862297,27.000000,55.862297,0.000000,-82.974594,1.000000,1.389561,0.000002058,
1464800,82.862297,27.000000,55.862297,0.000000,-82.974594,1.000000,1.389084,0.000002035,
1464900,82.806152,27.000000,55.806152,0.000000,-82.862297,1.000000,1.388591,0.000002033,
1465000,82.806152,26.500000,56.306152,0.000000,-82.862297,1.000000,1.388133,0.000002054,
1465100,82.806152,26.500000,56.306152,0.000000,-82.862297,1.000000,1.387658,0.000002038,
1465200,82.653076,26.500000,56.153076,0.000000,-82.862297,1.000000,1.387131,0.000002059,
1465300,82.653076,27.000000,55.653076,0.000000,-82.653076,1.000000,1.386651,0.000002056,
1465400,82.653076,27.000000,55.653076,0.000000,-82.653076,1.000000,1.386112,0.000002037,
1465500,82.451538,27.000000,55.451538,0.000000,-82.653076,1.000000,1.385615,0.000002035,
1465600,82.451538,27.000000,55.451538,0.000000,-82.653076,1.000000,1.385129,0.000002021,
1465700,82.451538,27.000000,55.451538,0.000000,-82.451538,1.000000,1.384620,0.000002029,
1465800,82.475769,27.000000,55.475769,0.000000,-82.451538,1.000000,1.384081,0.000002022,
1465900,82.475769,27.250000,55.225769,0.000000,-82.451538,1.000000,1.383562,0.000002010,
1466000,82.475769,27.250000,55.225769,0.000000,-82.451538,1.000000,1.383071,0.000001999,
1466100,82.362885,27.250000,55.112885,0.000000,-82.475769,1.000000,1.382548,0.000002000,
1466200,82.362885,27.250000,55.112885,0.000000,-82.475769,1.000000,1.382059,0.000001997,
1466300,82.362885,27.250000,55.112885,0.000000,-82.475769,1.000000,1.381501,0.000001985,
1466400,82.306442,27.250000,55.056442,0.000000,-82.475769,1.000000,1.380993,0.000001989,
1466500,82.306442,26.750000,55.556442,0.000000,-82.306442,1.000000,1.380494,0.000001998,
1466600,82.306442,26.750000,55.556442,0.000000,-82.306442,1.000000,1.379977,0.000002000,
1466700,82.153221,26.750000,55.403221,0.000000,-82.306442,1.000000,1.379494,0.000002023,
1466800,82.153221,27.000000,55.153221,0.000000,-82.306442,1.000000,1.378966,0.000002039,
1466900,82.153221,27.000000,55.153221,0.000000,-82.153221,1.000000,1.378436,0.000002028,
1467000,82.326614,27.000000,55.326614,0.000000,-82.153221,1.000000,1.377921,0.000002024,
1467100,82.326614,27.250000,55.076614,0.000000,-82.153221,1.000000,1.377418,0.000002018,
1467200,82.326614,27.250000,55.076614,0.000000,-82.153221,1.000000,1.376925,0.000002010,
1467300,82.288307,27.250000,55.038307,0.000000,-82.326614,1.000000,1.376420,0.000002009,
1467400,82.288307,27.250000,55.038307,0.000000,-82.326614,1.000000,1.375917,0.000002000,
1467500,82.288307,27.250000,55.038307,0.000000,-82.326614,1.000000,1.375414,0.000002005,
1467600,82.269150,27.250000,55.019150,0.000000,-82.326614,1.000000,1.374936,0.000002016,
1467700,82.269150,27.000000,55.269150,0.000000,-82.269150,1.000000,1.374478,0.000002003,
1467800,82.269150,27.000000,55.269150,0.000000,-82.269150,1.000000,1.373967,0.000001984,
1467900,82.134575,27.000000,55.134575,0.000000,-82.269150,1.000000,1.373482,0.000001983,
1468000,82.134575,27.000000,55.134575,0.000000,-82.269150,1.000000,1.372969,0.000001980,
1468100,82.134575,27.000000,55.134575,0.000000,-82.134575,1.000000,1.372448,0.000001960,
1468200,81.817291,27.000000,54.817291,0.000000,-82.134575,1.000000,1.371941,0.000001942,
1468300,81.817291,27.250000,54.567291,0.000000,-82.134575,1.000000,1.371420,0.000001953,
1468400,81.817291,27.250000,54.567291,0.000000,-82.134575,1.000000,1.370946,0.000001983,
1468500,81.658646,27.250000,54.408646,0.000000,-81.817291,1.000000,1.370473,0.000001973,
1468600,81.658646,27.250000,54.408646,0.000000,-81.817291,1.000000,1.369940,0.000001976,
1468700,81.658646,27.250000,54.408646,0.000000,-81.817291,1.000000,1.369481,0.000001958,
1468800,81.704323,27.250000,54.454323,0.000000,-81.817291,1.000000,1.368983,0.000001980,
1468900,81.704323,27.000000,54.704323,0.000000,-81.704323,1.000000,1.368494,0.000001971,
1469000,81.704323,27.000000,54.704323,0.000000,-81.704323,1.000000,1.367987,0.000001977,
1469100,81.727158,27.000000,54.727158,0.000000,-81.704323,1.000000,1.367497,0.000001945,
1469200,81.727158,27.250000,54.477158,0.000000,-81.704323,1.000000,1.366975,0.000001967,
1469300,81.727158,27.250000,54.477158,0.000000,-81.727158,1.000000,1.366443,0.000001988,
1469400,81.613579,27.250000,54.363579,0.000000,-81.727158,1.000000,1.365953,0.000002042,
1469500,81.613579,26.750000,54.863579,0.000000,-81.727158,1.000000,1.365414,0.000002029,
1469600,81.613579,26.750000,54.863579,0.000000,-81.727158,1.000000,1.364873,0.000001995,
1469700,81.681793,26.750000,54.931793,0.000000,-81.613579,1.000000,1.364366,0.000001975,
1469800,81.681793,26.500000,55.181793,0.000000,-81.613579,1.000000,1.363866,0.000002002,
1469900,81.681793,26.500000,55.181793,0.000000,-81.613579,1.000000,1.363326,0.000002038,
1470000,81.465897,26.500000,54.965897,0.000000,-81.613579,1.000000,1.362812,0.000002060,
1470100,81.465897,26.750000,54.715897,0.000000,-81.465897,1.000000,1.362337,0.000002047,
1470200,81.465897,26.750000,54.715897,0.000000,-81.465897,1.000000,1.361854,0.000002070,
1470300,81.607948,26.750000,54.857948,0.000000,-81.465897,1.000000,1.361372,0.000002069,
1470500,81.607948,27.000000,54.607948,0.000000,-81.607948,1.000000,1.360472,0.000002051,
1470600,81.678970,27.000000,54.678970,0.000000,-81.607948,1.000000,1.359992,0.000002026,
1470700,81.678970,27.250000,54.428970,0.000000,-81.607948,1.000000,1.359485,0.000002034,
1470800,81.678970,27.250000,54.428970,0.000000,-81.607948,1.000000,1.358909,0.000002015,
1470900,81.589485,27.250000,54.339485,0.000000,-81.678970,1.000000,1.358417,0.000002013,
1471000,81.589485,27.000000,54.589485,0.000000,-81.678970,1.000000,1.357908,0.000001999,
1471100,81.589485,27.000000,54.589485,0.000000,-81.678970,1.000000,1.357447,0.000001990,
1471200,81.419739,27.000000,54.419739,0.000000,-81.678970,1.000000,1.356944,0.000001988,
1471300,81.419739,27.250000,54.169739,0.000000,-81.419739,1.000000,1.356445,0.000002014,
1471400,81.419739,27.250000,54.169739,0.000000,-81.419739,1.000000,1.355941,0.000002046,
1471500,81.459869,27.250000,54.209869,0.000000,-81.419739,1.000000,1.355448,0.000002051,
1471600,81.459869,26.250000,55.209869,0.000000,-81.419739,1.000000,1.354999,0.000002061,
1471700,81.459869,26.250000,55.209869,0.000000,-81.459869,1.000000,1.354540,0.000002055,
1471800,81.229935,26.250000,54.979935,0.000000,-81.459869,1.000000,1.354078,0.000002075,
1471900,81.229935,27.000000,54.229935,0.000000,-81.459869,1.000000,1.353680,0.000002089,
1472000,81.229935,27.000000,54.229935,0.000000,-81.459869,1.000000,1.353203,0.000002108,
1472100,81.239967,27.000000,54.239967,0.000000,-81.229935,1.000000,1.352765,0.000002098,
1472200,81.239967,27.000000,54.239967,0.000000,-81.229935,1.000000,1.352321,0.000002083,
1472300,81.239967,27.000000,54.239967,0.000000,-81.229935,1.000000,1.351809,0.000002045,
1472400,81.244980,27.000000,54.244980,0.000000,-81.229935,1.000000,1.351363,0.000002061,
1472500,81.244980,26.750000,54.494980,0.000000,-81.244980,1.000000,1.350863,0.000002028,
1472600,81.244980,26.750000,54.494980,0.000000,-81.244980,1.000000,1.350386,0.000002036,
1472700,81.247490,26.750000,54.497490,0.000000,-81.244980,1.000000,1.349935,0.000002051,
1472800,81.247490,27.250000,53.997490,0.000000,-81.244980,1.000000,1.349464,0.000002036,
1472900,81.247490,27.250000,53.997490,0.000000,-81.247490,1.000000,1.349007,0.000002022,
1473000,81.123749,27.250000,53.873749,0.000000,-81.247490,1.000000,1.348520,0.000002042,
1473100,81.123749,27.000000,54.123749,0.000000,-81.247490,1.000000,1.348037,0.000002062,
1473200,81.123749,27.000000,54.123749,0.000000,-81.247490,1.000000,1.347584,0.000002062,
1473300,80.936874,27.000000,53.936874,0.000000,-81.123749,1.000000,1.347138,0.000002069,
1473400,80.936874,26.750000,54.186874,0.000000,-81.123749,1.000000,1.346609,0.000002064,
1473500,80.936874,26.750000,54.186874,0.000000,-81.123749,1.000000,1.346139,0.000002037,
1473600,80.718437,26.750000,53.968437,0.000000,-81.123749,1.000000,1.345670,0.000002026,
1473700,80.718437,26.500000,54.218437,0.000000,-80.718437,1.000000,1.345164,0.000002021,
1473800,80.718437,26.500000,54.218437,0.000000,-80.718437,1.000000,1.344734,0.000002009,
1473900,80.609222,26.500000,54.109222,0.000000,-80.718437,1.000000,1.344240,0.000002035,
1474000,80.609222,26.750000,53.859222,0.000000,-80.718437,1.000000,1.343745,0.000002033,
1474100,80.609222,26.750000,53.859222,0.000000,-80.609222,1.000000,1.343222,0.000002020,
1474200,80.554611,26.750000,53.804611,0.000000,-80.609222,1.000000,1.342723,0.000002053,
1474300,80.554611,27.000000,53.554611,0.000000,-80.609222,1.000000,1.342210,0.000002074,
1474400,80.554611,27.000000,53.554611,0.000000,-80.609222,1.000000,1.341681,0.000002113,
1474500,80.652306,27.000000,53.652306,0.000000,-80.554611,1.000000,1.341166,0.000002119,
1474600,80.652306,27.000000,53.652306,0.000000,-80.554611,1.000000,1.340623,0.000002115,
1474700,80.652306,27.000000,53.652306,0.000000,-80.554611,1.000000,1.340122,0.000002111,
1474800,80.451157,27.000000,53.451157,0.000000,-80.554611,1.000000,1.339589,0.000002103,
1474900,80.451157,26.750000,53.701157,0.000000,-80.451157,1.000000,1.339135,0.000002075,
1475000,80.451157,26.750000,53.701157,0.000000,-80.451157,1.000000,1.338630,0.000002065,
1475100,80.350578,26.750000,53.600578,0.000000,-80.451157,1.000000,1.338123,0.000002037,
1475200,80.350578,26.500000,53.850578,0.000000,-80.451157,1.000000,1.337616,0.000002050,
1475300,80.350578,26.500000,53.850578,0.000000,-80.350578,1.000000,1.337109,0.000002034,
1475400,80.300293,26.500000,53.800293,0.000000,-80.350578,1.000000,1.336615,0.000002045,
1475500,80.300293,26.500000,53.800293,0.000000,-80.350578,1.000000,1.336113,0.000002049,
1475600,80.300293,26.500000,53.800293,0.000000,-80.350578,1.000000,1.335611,0.000002038,
1475700,80.400146,26.500000,53.900146,0.000000,-80.300293,1.000000,1.335165,0.000002026,
1475800,80.400146,27.000000,53.400146,0.000000,-80.300293,1.000000,1.334663,0.000002022,
1475900,80.400146,27.000000,53.400146,0.000000,-80.300293,1.000000,1.334193,0.000002000,
1476000,80.450073,27.000000,53.450073,0.000000,-80.300293,1.000000,1.333676,0.000002026,
1476100,80.450073,27.000000,53.450073,0.000000,-80.450073,1.000000,1.333243,0.000002020,
1476200,80.450073,27.000000,53.450073,0.000000,-80.450073,1.000000,1.332708,0.000002020,
1476300,80.225037,27.000000,53.225037,0.000000,-80.450073,1.000000,1.332216,0.000002003,
1476400,80.225037,26.750000,53.475037,0.000000,-80.450073,1.000000,1.331715,0.000001990,
1476500,80.225037,26.750000,53.475037,0.000000,-80.225037,1.000000,1.331225,0.000002013,
1476600,80.237518,26.750000,53.487518,0.000000,-80.225037,1.000000,1.330746,0.000002026,
1476700,80.237518,27.250000,52.987518,0.000000,-80.225037,1.000000,1.330325,0.000002013,
1476800,80.237518,27.250000,52.987518,0.000000,-80.225037,1.000000,1.329924,0.000002032,
1476900,80.368759,27.250000,53.118759,0.000000,-80.237518,1.000000,1.329435,0.000002022,
1477000,80.368759,27.250000,53.118759,0.000000,-80.237518,1.000000,1.328973,0.000002050,
1477100,80.368759,27.250000,53.118759,0.000000,-80.237518,1.000000,1.328495,0.000002056,
1477200,80.184380,27.250000,52.934380,0.000000,-80.237518,1.000000,1.328034,0.000002050,
1477300,80.184380,27.250000,52.934380,0.000000,-80.184380,1.000000,1.327570,0.000002016,
1477400,80.184380,27.250000,52.934380,0.000000,-80.184380,1.000000,1.327044,0.000002006,
1477500,80.217194,27.250000,52.967194,0.000000,-80.184380,1.000000,1.326545,0.000002012,
1477600,80.217194,27.250000,52.967194,0.000000,-80.184380,1.000000,1.326051,0.000002024,
1477700,80.217194,27.250000,52.967194,0.000000,-80.217194,1.000000,1.325577,0.000002011,
1477800,80.233597,27.250000,52.983597,0.000000,-80.217194,1.000000,1.325062,0.000002035,
1477900,80.233597,27.250000,52.983597,0.000000,-80.217194,1.000000,1.324611,0.000002032,
1478000,80.233597,27.250000,52.983597,0.000000,-80.217194,1.000000,1.324093,0.000002025,
1478100,80.116798,27.250000,52.866798,0.000000,-80.233597,1.000000,1.323640,0.000002035,
1478200,80.116798,27.250000,52.866798,0.000000,-80.233597,1.000000,1.323104,0.000002047,
1478300,80.116798,27.250000,52.866798,0.000000,-80.233597,1.000000,1.322646,0.000002018,
1478400,79.933395,27.250000,52.683395,0.000000,-80.233597,1.000000,1.322199,0.000002016,
1478500,79.933395,26.750000,53.183395,0.000000,-79.933395,1.000000,1.321697,0.000001988,
1478600,79.933395,26.750000,53.183395,0.000000,-79.933395,1.000000,1.321202,0.000001994,
1478700,79.716698,26.750000,52.966698,0.000000,-79.933395,1.000000,1.320767,0.000001982,
1478800,79.716698,26.500000,53.216698,0.000000,-79.933395,1.000000,1.320296,0.000002003,
1478900,79.716698,26.500000,53.216698,0.000000,-79.716698,1.000000,1.319831,0.000002032,
1479000,79.858353,26.500000,53.358353,0.000000,-79.716698,1.000000,1.319329,0.000002020,
1479100,79.858353,27.250000,52.608353,0.000000,-79.716698,1.000000,1.318876,0.000001995,
1479200,79.858353,27.250000,52.608353,0.000000,-79.716698,1.000000,1.318414,0.000001986,
1479300,79.554176,27.250000,52.304176,0.000000,-79.858353,1.000000,1.317946,0.000002005,
1479400,79.554176,26.750000,52.804176,0.000000,-79.858353,1.000000,1.317514,0.000002001,
1479500,79.554176,26.750000,52.804176,0.000000,-79.858353,1.000000,1.317030,0.000001993,
1479600,79.777084,26.750000,53.027084,0.000000,-79.858353,1.000000,1.316562,0.000001988,
1479700,79.777084,27.000000,52.777084,0.000000,-79.777084,1.000000,1.316071,0.000001999,
1479800,79.777084,27.000000,52.777084,0.000000,-79.777084,1.000000,1.315593,0.000001995,
1479900,79.638542,27.000000,52.638542,0.000000,-79.777084,1.000000,1.315133,0.000001995,
1480000,79.638542,26.750000,52.888542,0.000000,-79.777084,1.000000,1.314653,0.000001994,
1480100,79.638542,26.750000,52.888542,0.000000,-79.638542,1.000000,1.314175,0.000002007,
1480200,79.694275,26.750000,52.944275,0.000000,-79.638542,1.000000,1.313714,0.000002031,
1480300,79.694275,27.000000,52.694275,0.000000,-79.638542,1.000000,1.313287,0.000002011,
1480400,79.694275,27.000000,52.694275,0.000000,-79.638542,1.000000,1.312767,0.000002020,
1480500,79.472137,27.000000,52.472137,0.000000,-79.694275,1.000000,1.312331,0.000002022,
1480600,79.472137,27.000000,52.472137,0.000000,-79.694275,1.000000,1.311862,0.000002000,
1480700,79.472137,27.000000,52.472137,0.000000,-79.694275,1.000000,1.311401,0.000002008,
1480800,79.486069,27.000000,52.486069,0.000000,-79.694275,1.000000,1.310928,0.000002047,
1480900,79.486069,27.250000,52.236069,0.000000,-79.486069,1.000000,1.310494,0.000002049,
1481000,79.486069,27.250000,52.236069,0.000000,-79.486069,1.000000,1.310020,0.000002035,
1481100,79.368034,27.250000,52.118034,0.000000,-79.486069,1.000000,1.309554,0.000002030,
1481200,79.368034,27.000000,52.368034,0.000000,-79.486069,1.000000,1.309140,0.000001994,
1481300,79.368034,27.000000,52.368034,0.000000,-79.368034,1.000000,1.308676,0.000002013,
1481400,79.309021,27.000000,52.309021,0.000000,-79.368034,1.000000,1.308195,0.000002025,
1481500,79.309021,27.000000,52.309021,0.000000,-79.368034,1.000000,1.307710,0.000002019,
1481600,79.309021,27.000000,52.309021,0.000000,-79.368034,1.000000,1.307257,0.000001989,
1481700,79.404510,27.000000,52.404510,0.000000,-79.309021,1.000000,1.306744,0.000001998,
1481800,79.404510,27.000000,52.404510,0.000000,-79.309021,1.000000,1.306281,0.000001978,
1481900,79.404510,27.000000,52.404510,0.000000,-79.309021,1.000000,1.305863,0.000001950,
1482000,79.327255,27.000000,52.327255,0.000000,-79.309021,1.000000,1.305357,0.000001922,
1482100,79.327255,27.250000,52.077255,0.000000,-79.327255,1.000000,1.304882,0.000001926,
1482200,79.327255,27.250000,52.077255,0.000000,-79.327255,1.000000,1.304377,0.000001944,
1482300,79.288628,27.250000,52.038628,0.000000,-79.327255,1.000000,1.303925,0.000001953,
1482400,79.288628,27.000000,52.288628,0.000000,-79.327255,1.000000,1.303380,0.000001947,
1482500,79.288628,27.000000,52.288628,0.000000,-79.288628,1.000000,1.302893,0.000001940,
1482600,79.269318,27.000000,52.269318,0.000000,-79.288628,1.000000,1.302378,0.000001976,
1482700,79.269318,26.750000,52.519318,0.000000,-79.288628,1.000000,1.301914,0.000001962,
1482800,79.269318,26.750000,52.519318,0.000000,-79.288628,1.000000,1.301409,0.000001942,
1482900,79.134659,26.750000,52.384659,0.000000,-79.269318,1.000000,1.300918,0.000001927,
1483000,79.134659,26.750000,52.384659,0.000000,-79.269318,1.000000,1.300456,0.000001905,
1483100,79.134659,26.750000,52.384659,0.000000,-79.269318,1.000000,1.299942,0.000001925,
1483200,79.067329,26.750000,52.317329,0.000000,-79.269318,1.000000,1.299465,0.000001929,
1483300,79.067329,26.750000,52.317329,0.000000,-79.067329,1.000000,1.299008,0.000001930,
1483400,79.067329,26.750000,52.317329,0.000000,-79.067329,1.000000,1.298521,0.000001935,
1483500,79.033661,26.750000,52.283661,0.000000,-79.067329,1.000000,1.298025,0.000001941,
1483600,79.033661,27.000000,52.033661,0.000000,-79.067329,1.000000,1.297565,0.000001959,
1483700,79.033661,27.000000,52.033661,0.000000,-79.033661,1.000000,1.297111,0.000001967,
1483800,79.141830,27.000000,52.141830,0.000000,-79.033661,1.000000,1.296621,0.000001951,
1483900,79.141830,27.000000,52.141830,0.000000,-79.033661,1.000000,1.296178,0.000001956,
1484000,79.141830,27.000000,52.141830,0.000000,-79.033661,1.000000,1.295720,0.000001942,
1484100,78.695915,27.000000,51.695915,0.000000,-79.141830,1.000000,1.295218,0.000001964,
1484200,78.695915,27.000000,51.695915,0.000000,-79.141830,1.000000,1.294786,0.000001941,
1484300,78.695915,27.000000,51.695915,0.000000,-79.141830,1.000000,1.294335,0.000001930,
1484400,78.847961,27.000000,51.847961,0.000000,-79.141830,1.000000,1.293855,0.000001931,
1484500,78.847961,27.000000,51.847961,0.000000,-78.847961,1.000000,1.293372,0.000001956,
1484600,78.847961,27.000000,51.847961,0.000000,-78.847961,1.000000,1.292934,0.000001963,
1484700,78.673981,27.000000,51.673981,0.000000,-78.847961,1.000000,1.292470,0.000001967,
1484800,78.586990,27.000000,51.586990,0.000000,-78.847961,1.000000,1.292018,0.000001973,
1484900,78.586990,26.750000,51.836990,0.000000,-78.586990,1.000000,1.291606,0.000001968,
1485000,78.586990,26.750000,51.836990,0.000000,-78.586990,1.000000,1.291116,0.000001975,
1485100,78.168495,26.750000,51.418495,0.000000,-78.586990,1.000000,1.290619,0.000001938,
1485200,78.168495,27.250000,50.918495,0.000000,-78.586990,1.000000,1.290170,0.000001926,
1485300,78.168495,27.250000,50.918495,0.000000,-78.168495,1.000000,1.289696,0.000001957,
1485400,78.209244,27.250000,50.959244,0.000000,-78.168495,1.000000,1.289248,0.000001961,
1485500,78.209244,26.500000,51.709244,0.000000,-78.168495,1.000000,1.288798,0.000001953,
1485600,78.209244,26.500000,51.709244,0.000000,-78.168495,1.000000,1.288370,0.000001978,
1485700,78.354622,26.500000,51.854622,0.000000,-78.209244,1.000000,1.287921,0.000001994,
1485800,78.354622,27.000000,51.354622,0.000000,-78.209244,1.000000,1.287437,0.000001981,
1485900,78.354622,27.000000,51.354622,0.000000,-78.209244,1.000000,1.286945,0.000001972,
1486000,78.427307,27.000000,51.427307,0.000000,-78.209244,1.000000,1.286520,0.000001983,
1486100,78.427307,26.750000,51.677307,0.000000,-78.427307,1.000000,1.286042,0.000001979,
1486200,78.427307,26.750000,51.677307,0.000000,-78.427307,1.000000,1.285582,0.000001980,
1486300,78.463654,26.750000,51.713654,0.000000,-78.427307,1.000000,1.285141,0.000001951,
1486400,78.463654,27.000000,51.463654,0.000000,-78.427307,1.000000,1.284672,0.000001949,
1486500,78.463654,27.000000,51.463654,0.000000,-78.463654,1.000000,1.284223,0.000001933,
1486600,78.481827,27.000000,51.481827,0.000000,-78.463654,1.000000,1.283757,0.000001909,
1486700,78.481827,27.250000,51.231827,0.000000,-78.463654,1.000000,1.283322,0.000001929,
1486800,78.481827,27.250000,51.231827,0.000000,-78.463654,1.000000,1.282832,0.000001962,
1486900,78.365913,27.250000,51.115913,0.000000,-78.481827,1.000000,1.282334,0.000001959,
1487000,78.365913,27.000000,51.365913,0.000000,-78.481827,1.000000,1.281891,0.000001987,
1487100,78.365913,27.000000,51.365913,0.000000,-78.481827,1.000000,1.281437,0.000001973,
1487200,78.307953,27.000000,51.307953,0.000000,-78.481827,1.000000,1.280966,0.000001977,
1487300,78.307953,27.250000,51.057953,0.000000,-78.307953,1.000000,1.280488,0.000002001,
1487400,78.307953,27.250000,51.057953,0.000000,-78.307953,1.000000,1.279965,0.000002027,
1487500,78.403976,27.250000,51.153976,0.000000,-78.307953,1.000000,1.279453,0.000002026,
1487600,78.403976,27.250000,51.153976,0.000000,-78.307953,1.000000,1.279013,0.000002029,
1487700,78.403976,27.250000,51.153976,0.000000,-78.403976,1.000000,1.278547,0.000002024,
1487800,78.076988,27.250000,50.826988,0.000000,-78.403976,1.000000,1.278076,0.000002028,
1487900,78.076988,26.750000,51.326988,0.000000,-78.403976,1.000000,1.277642,0.000002001,
1488000,78.076988,26.750000,51.326988,0.000000,-78.403976,1.000000,1.277163,0.000002014,
1488100,77.788498,26.750000,51.038498,0.000000,-78.076988,1.000000,1.276699,0.000002034,
1488200,77.788498,26.500000,51.288498,0.000000,-78.076988,1.000000,1.276213,0.000002030,
1488300,77.788498,26.500000,51.288498,0.000000,-78.076988,1.000000,1.275747,0.000002012,
1488400,77.769249,26.500000,51.269249,0.000000,-78.076988,1.000000,1.275300,0.000002027,
1488500,77.769249,27.000000,50.769249,0.000000,-77.769249,1.000000,1.274812,0.000002015,
1488600,77.769249,27.000000,50.769249,0.000000,-77.769249,1.000000,1.274381,0.000002005,
1488700,77.759628,27.000000,50.759628,0.000000,-77.769249,1.000000,1.273943,0.000001979,
1488800,77.759628,26.750000,51.009628,0.000000,-77.769249,1.000000,1.273530,0.000002000,
1488900,77.759628,26.750000,51.009628,0.000000,-77.759628,1.000000,1.273043,0.000001995,
1489000,77.879814,26.750000,51.129814,0.000000,-77.759628,1.000000,1.272589,0.000001999,
1489100,77.879814,26.500000,51.379814,0.000000,-77.759628,1.000000,1.272095,0.000001977,
1489200,77.879814,26.500000,51.379814,0.000000,-77.759628,1.000000,1.271612,0.000001973,
1489300,77.564911,26.500000,51.064911,0.000000,-77.879814,1.000000,1.271145,0.000001990,
1489400,77.564911,26.750000,50.814911,0.000000,-77.879814,1.000000,1.270653,0.000002018,
1489500,77.564911,26.750000,50.814911,0.000000,-77.879814,1.000000,1.270226,0.000002059,
1489600,77.657455,26.750000,50.907455,0.000000,-77.879814,1.000000,1.269740,0.000002044,
1489700,77.657455,27.000000,50.657455,0.000000,-77.657455,1.000000,1.269285,0.000002026,
1489800,77.657455,27.000000,50.657455,0.000000,-77.657455,1.000000,1.268810,0.000002041,
1489900,77.828728,27.000000,50.828728,0.000000,-77.657455,1.000000,1.268333,0.000002058,
1490000,77.828728,26.750000,51.078728,0.000000,-77.657455,1.000000,1.267790,0.000002041,
1490100,77.828728,26.750000,51.078728,0.000000,-77.828728,1.000000,1.267303,0.000002054,
1490200,77.789368,26.750000,51.039368,0.000000,-77.828728,1.000000,1.266852,0.000002047,
1490300,77.789368,27.000000,50.789368,0.000000,-77.828728,1.000000,1.266424,0.000002043,
1490400,77.789368,27.000000,50.789368,0.000000,-77.828728,1.000000,1.265961,0.000002055,
1490500,77.769684,27.000000,50.769684,0.000000,-77.789368,1.000000,1.265485,0.000002051,
1490600,77.769684,27.000000,50.769684,0.000000,-77.789368,1.000000,1.264956,0.000002021,
1490700,77.769684,27.000000,50.769684,0.000000,-77.789368,1.000000,1.264434,0.000002032,
1490800,77.759842,27.000000,50.759842,0.000000,-77.789368,1.000000,1.263944,0.000002011,
1490900,77.759842,27.250000,50.509842,0.000000,-77.759842,1.000000,1.263432,0.000002049,
1491000,77.759842,27.250000,50.509842,0.000000,-77.759842,1.000000,1.262893,0.000002051,
1491100,77.754921,27.250000,50.504921,0.000000,-77.759842,1.000000,1.262391,0.000002045,
1491200,77.754921,26.500000,51.254921,0.000000,-77.759842,1.000000,1.261943,0.000002021,
1491300,77.754921,26.500000,51.254921,0.000000,-77.754921,1.000000,1.261430,0.000001997,
1491400,77.627457,26.500000,51.127457,0.000000,-77.754921,1.000000,1.260919,0.000001998,
1491500,77.627457,26.500000,51.127457,0.000000,-77.754921,1.000000,1.260436,0.000001999,
1491600,77.627457,26.500000,51.127457,0.000000,-77.754921,1.000000,1.259996,0.000001998,
1491700,77.563728,26.500000,51.063728,0.000000,-77.627457,1.000000,1.259535,0.000002005,
1491800,77.563728,27.000000,50.563728,0.000000,-77.627457,1.000000,1.258994,0.000001997,
1491900,77.563728,27.000000,50.563728,0.000000,-77.627457,1.000000,1.258507,0.000002028,
1492000,77.531860,27.000000,50.531860,0.000000,-77.627457,1.000000,1.258000,0.000002026,
1492100,77.531860,27.000000,50.531860,0.000000,-77.531860,1.000000,1.257582,0.000002050,
1492200,77.531860,27.000000,50.531860,0.000000,-77.531860,1.000000,1.257067,0.000002038,
1492300,77.390930,27.000000,50.390930,0.000000,-77.531860,1.000000,1.256603,0.000002013,
1492400,77.390930,27.250000,50.140930,0.000000,-77.531860,1.000000,1.256124,0.000002019,
1492500,77.390930,27.250000,50.140930,0.000000,-77.390930,1.000000,1.255640,0.000002033,
1492600,77.320465,27.250000,50.070465,0.000000,-77.390930,1.000000,1.255175,0.000002022,
1492700,77.320465,26.250000,51.070465,0.000000,-77.390930,1.000000,1.254638,0.000002004,
1492800,77.320465,26.250000,51.070465,0.000000,-77.390930,1.000000,1.254160,0.000002004,
1492900,77.285233,26.250000,51.035233,0.000000,-77.320465,1.000000,1.253664,0.000001989,
1493000,77.285233,26.750000,50.535233,0.000000,-77.320465,1.000000,1.253150,0.000002030,
1493100,77.285233,26.750000,50.535233,0.000000,-77.320465,1.000000,1.252592,0.000001999,
1493200,77.142616,26.750000,50.392616,0.000000,-77.320465,1.000000,1.252139,0.000001999,
1493300,77.142616,27.000000,50.142616,0.000000,-77.142616,1.000000,1.251628,0.000001990,
1493400,77.142616,27.000000,50.142616,0.000000,-77.142616,1.000000,1.251138,0.000001995,
1493500,77.071304,27.000000,50.071304,0.000000,-77.142616,1.000000,1.250698,0.000001994,
1493600,77.071304,27.000000,50.071304,0.000000,-77.142616,1.000000,1.250185,0.000002015,
1493700,77.071304,27.000000,50.071304,0.000000,-77.071304,1.000000,1.249757,0.000002020,
1493800,77.035652,27.000000,50.035652,0.000000,-77.071304,1.000000,1.249277,0.000002040,
1493900,77.035652,27.000000,50.035652,0.000000,-77.071304,1.000000,1.248760,0.000002048,
1494000,77.035652,27.000000,50.035652,0.000000,-77.071304,1.000000,1.248275,0.000002031,
1494100,77.017822,27.000000,50.017822,0.000000,-77.035652,1.000000,1.247787,0.000002040,
1494200,77.017822,26.750000,50.267822,0.000000,-77.035652,1.000000,1.247252,0.000002037,
1494300,77.017822,26.750000,50.267822,0.000000,-77.035652,1.000000,1.246779,0.000002022,
1494400,77.008911,26.750000,50.258911,0.000000,-77.035652,1.000000,1.246280,0.000002026,
1494500,77.008911,26.750000,50.258911,0.000000,-77.008911,1.000000,1.245777,0.000002021,
1494600,77.008911,26.750000,50.258911,0.000000,-77.008911,1.000000,1.245327,0.000001998,
1494700,77.004456,26.750000,50.254456,0.000000,-77.008911,1.000000,1.244830,0.000002009,
1494800,77.004456,26.750000,50.254456,0.000000,-77.008911,1.000000,1.244347,0.000002001,
1494900,77.004456,26.750000,50.254456,0.000000,-77.004456,1.000000,1.243873,0.000002002,
1495000,76.877228,26.750000,50.127228,0.000000,-77.004456,1.000000,1.243344,0.000001988,
1495100,76.877228,27.000000,49.877228,0.000000,-77.004456,1.000000,1.242849,0.000001977,
1495200,76.877228,27.000000,49.877228,0.000000,-77.004456,1.000000,1.242345,0.000001996,
1495300,76.688614,27.000000,49.688614,0.000000,-76.877228,1.000000,1.241880,0.000001997,
1495400,76.688614,26.750000,49.938614,0.000000,-76.877228,1.000000,1.241478,0.000002012,
1495500,76.688614,26.750000,49.938614,0.000000,-76.877228,1.000000,1.240998,0.000002022,
1495600,76.594307,26.750000,49.844307,0.000000,-76.877228,1.000000,1.240500,0.000002001,
1495700,76.594307,27.000000,49.594307,0.000000,-76.594307,1.000000,1.240034,0.000001977,
1495800,76.594307,27.000000,49.594307,0.000000,-76.594307,1.000000,1.239561,0.000001972,
1495900,76.422150,27.000000,49.422150,0.000000,-76.594307,1.000000,1.239067,0.000001969,
1496000,76.422150,27.000000,49.422150,0.000000,-76.594307,1.000000,1.238588,0.000001965,
1496100,76.422150,27.000000,49.422150,0.000000,-76.422150,1.000000,1.238146,0.000001978,
1496200,76.461075,27.000000,49.461075,0.000000,-76.422150,1.000000,1.237696,0.000001978,
1496300,76.461075,26.500000,49.961075,0.000000,-76.422150,1.000000,1.237174,0.000001988,
1496400,76.461075,26.500000,49.961075,0.000000,-76.422150,1.000000,1.236692,0.000002011,
1496500,76.355537,26.500000,49.855537,0.000000,-76.461075,1.000000,1.236209,0.000002005,
1496600,76.355537,27.000000,49.355537,0.000000,-76.461075,1.000000,1.235715,0.000002019,
1496700,76.355537,27.000000,49.355537,0.000000,-76.461075,1.000000,1.235232,0.000001997,
1496800,76.302765,27.000000,49.302765,0.000000,-76.461075,1.000000,1.234721,0.000002018,
1496900,76.302765,27.250000,49.052765,0.000000,-76.302765,1.000000,1.234238,0.000001999,
1497000,76.302765,27.250000,49.052765,0.000000,-76.302765,1.000000,1.233746,0.000002005,
1497100,76.276382,27.250000,49.026382,0.000000,-76.302765,1.000000,1.233277,0.000001966,
1497200,76.276382,26.500000,49.776382,0.000000,-76.302765,1.000000,1.232786,0.000001978,
1497300,76.276382,26.500000,49.776382,0.000000,-76.276382,1.000000,1.232324,0.000001979,
1497400,76.388191,26.500000,49.888191,0.000000,-76.276382,1.000000,1.231873,0.000001972,
1497500,76.388191,27.000000,49.388191,0.000000,-76.276382,1.000000,1.231428,0.000002014,
1497600,76.388191,27.000000,49.388191,0.000000,-76.276382,1.000000,1.231004,0.000001960,
1497700,76.319092,27.000000,49.319092,0.000000,-76.388191,1.000000,1.230579,0.000001981,
1497800,76.319092,26.750000,49.569092,0.000000,-76.388191,1.000000,1.230106,0.000001978,
1497900,76.319092,26.750000,49.569092,0.000000,-76.388191,1.000000,1.229648,0.000001992,
1498000,76.284546,26.750000,49.534546,0.000000,-76.388191,1.000000,1.229192,0.000002005,
1498100,76.284546,26.500000,49.784546,0.000000,-76.284546,1.000000,1.228720,0.000002015,
1498200,76.284546,26.500000,49.784546,0.000000,-76.284546,1.000000,1.228280,0.000002061,
1498300,76.017273,26.500000,49.517273,0.000000,-76.284546,1.000000,1.227820,0.000002054,
1498400,76.017273,27.000000,49.017273,0.000000,-76.284546,1.000000,1.227372,0.000002029,
1498500,76.017273,27.000000,49.017273,0.000000,-76.017273,1.000000,1.226961,0.000002038,
1498600,76.008636,27.000000,49.008636,0.000000,-76.017273,1.000000,1.226514,0.000002012,
1498700,76.008636,26.500000,49.508636,0.000000,-76.017273,1.000000,1.226125,0.000001995,
1498800,76.008636,26.500000,49.508636,0.000000,-76.017273,1.000000,1.225695,0.000001982,
1498900,76.129318,26.500000,49.629318,0.000000,-76.008636,1.000000,1.225240,0.000002061,
1499000,76.129318,27.000000,49.129318,0.000000,-76.008636,1.000000,1.224776,0.000002061,
1499100,76.129318,27.000000,49.129318,0.000000,-76.008636,1.000000,1.224258,0.000002031,
1499200,76.189659,27.000000,49.189659,0.000000,-76.008636,1.000000,1.223795,0.000002018,
1499300,76.189659,26.750000,49.439659,0.000000,-76.189659,1.000000,1.223310,0.000002009,
1499400,76.189659,26.750000,49.439659,0.000000,-76.189659,1.000000,1.222833,0.000002006,
1499500,75.844833,26.750000,49.094833,0.000000,-76.189659,1.000000,1.222366,0.000001986,
1499600,75.844833,27.000000,48.844833,0.000000,-76.189659,1.000000,1.221879,0.000002009,
1499700,75.844833,27.000000,48.844833,0.000000,-75.844833,1.000000,1.221389,0.000002019,
1499800,75.922417,27.000000,48.922417,0.000000,-75.844833,1.000000,1.220895,0.000002000,
1499900,75.922417,27.000000,48.922417,0.000000,-75.844833,1.000000,1.220450,0.000002016,
1500000,75.922417,27.000000,48.922417,0.000000,-75.844833,1.000000,1.220013,0.000002027,
1500100,75.961212,27.000000,48.961212,0.000000,-75.922417,1.000000,1.219513,0.000002017,
1500200,75.961212,26.750000,49.211212,0.000000,-75.922417,1.000000,1.219060,0.000002018,
1500300,75.961212,26.750000,49.211212,0.000000,-75.922417,1.000000,1.218558,0.000002025,
1500400,75.980606,26.750000,49.230606,0.000000,-75.922417,1.000000,1.218103,0.000002005,
1500500,75.980606,27.000000,48.980606,0.000000,-75.980606,1.000000,1.217685,0.000002006,
1500600,75.980606,27.000000,48.980606,0.000000,-75.980606,1.000000,1.217239,0.000002004,
1500700,75.865303,27.000000,48.865303,0.000000,-75.980606,1.000000,1.216746,0.000002005,
1500800,75.865303,26.500000,49.365303,0.000000,-75.980606,1.000000,1.216234,0.000002026,
1500900,75.865303,26.500000,49.365303,0.000000,-75.865303,1.000000,1.215778,0.000002054,
1501000,75.807648,26.500000,49.307648,0.000000,-75.865303,1.000000,1.215348,0.000002046,
1501100,75.807648,26.500000,49.307648,0.000000,-75.865303,1.000000,1.214960,0.000002033,
1501200,75.807648,26.500000,49.307648,0.000000,-75.865303,1.000000,1.214531,0.000002041,
1501300,75.528824,26.500000,49.028824,0.000000,-75.807648,1.000000,1.214129,0.000002045,
1501400,75.528824,26.500000,49.028824,0.000000,-75.807648,1.000000,1.213740,0.000002041,
1501500,75.528824,26.500000,49.028824,0.000000,-75.807648,1.000000,1.213327,0.000002032,
1501600,75.639412,26.500000,49.139412,0.000000,-75.807648,1.000000,1.212919,0.000002045,
1501700,75.639412,26.750000,48.889412,0.000000,-75.639412,1.000000,1.212517,0.000002058,
1501800,75.639412,26.750000,48.889412,0.000000,-75.639412,1.000000,1.212035,0.000002061,
1501900,75.694702,26.750000,48.944702,0.000000,-75.639412,1.000000,1.211587,0.000002055,
1502000,75.694702,26.750000,48.944702,0.000000,-75.639412,1.000000,1.211187,0.000002026,
1502100,75.694702,26.750000,48.944702,0.000000,-75.694702,1.000000,1.210724,0.000002025,
1502200,75.722351,26.750000,48.972351,0.000000,-75.694702,1.000000,1.210302,0.000002010,
1502300,75.722351,26.250000,49.472351,0.000000,-75.694702,1.000000,1.209895,0.000002011,
1502400,75.722351,26.250000,49.472351,0.000000,-75.694702,1.000000,1.209435,0.000002009,
1502500,75.486176,26.250000,49.236176,0.000000,-75.722351,1.000000,1.208962,0.000002034,
1502600,75.486176,26.750000,48.736176,0.000000,-75.722351,1.000000,1.208491,0.000002054,
1502700,75.486176,26.750000,48.736176,0.000000,-75.722351,1.000000,1.208008,0.000002053,
1502800,75.368088,26.750000,48.618088,0.000000,-75.722351,1.000000,1.207590,0.000002057,
1502900,75.368088,26.500000,48.868088,0.000000,-75.368088,1.000000,1.207125,0.000002056,
1503000,75.368088,26.500000,48.868088,0.000000,-75.368088,1.000000,1.206663,0.000002058,
1503100,75.309044,26.500000,48.809044,0.000000,-75.368088,1.000000,1.206228,0.000002064,
1503200,75.309044,27.000000,48.309044,0.000000,-75.368088,1.000000,1.205805,0.000002057,
1503300,75.309044,27.000000,48.309044,0.000000,-75.309044,1.000000,1.205342,0.000002066,
1503400,75.279526,27.000000,48.279526,0.000000,-75.309044,1.000000,1.204846,0.000002069,
1503500,75.279526,26.750000,48.529526,0.000000,-75.309044,1.000000,1.204423,0.000002051,
1503600,75.279526,26.750000,48.529526,0.000000,-75.309044,1.000000,1.203986,0.000002036,
1503700,74.764763,26.750000,48.014763,0.000000,-75.279526,1.000000,1.203546,0.000002029,
1503800,74.764763,26.750000,48.014763,0.000000,-75.279526,1.000000,1.203165,0.000002021,
1503900,74.764763,26.750000,48.014763,0.000000,-75.279526,1.000000,1.202700,0.000002011,
1504000,75.007385,26.750000,48.257385,0.000000,-75.279526,1.000000,1.202270,0.000002018,
1504100,75.007385,27.000000,48.007385,0.000000,-75.007385,1.000000,1.201788,0.000002015,
1504200,75.007385,27.000000,48.007385,0.000000,-75.007385,1.000000,1.201339,0.000002005,
1504300,75.128693,27.000000,48.128693,0.000000,-75.007385,1.000000,1.200900,0.000001991,
1504400,75.128693,27.000000,48.128693,0.000000,-75.007385,1.000000,1.200458,0.000002005,
1504500,75.128693,27.000000,48.128693,0.000000,-75.128693,1.000000,1.199983,0.000001991,
1504600,75.189346,27.000000,48.189346,0.000000,-75.128693,1.000000,1.199575,0.000001978,
1504700,75.189346,27.000000,48.189346,0.000000,-75.128693,1.000000,1.199198,0.000001965,
1504800,75.189346,27.000000,48.189346,0.000000,-75.128693,1.000000,1.198723,0.000001954,
1504900,75.219673,27.000000,48.219673,0.000000,-75.189346,1.000000,1.198244,0.000001969,
1505000,75.219673,27.000000,48.219673,0.000000,-75.189346,1.000000,1.197809,0.000001966,
1505100,75.219673,27.000000,48.219673,0.000000,-75.189346,1.000000,1.197357,0.000001948,
1505200,74.984833,27.000000,47.984833,0.000000,-75.189346,1.000000,1.196935,0.000001957,
1505300,74.984833,27.000000,47.984833,0.000000,-74.984833,1.000000,1.196531,0.000001947,
1505400,74.984833,27.000000,47.984833,0.000000,-74.984833,1.000000,1.196064,0.000001950,
1505500,74.992416,27.000000,47.992416,0.000000,-74.984833,1.000000,1.195609,0.000001944,
1505600,74.992416,27.000000,47.992416,0.000000,-74.984833,1.000000,1.195175,0.000001957,
1505700,74.992416,27.000000,47.992416,0.000000,-74.992416,1.000000,1.194757,0.000001963,
1505800,74.746208,27.000000,47.746208,0.000000,-74.992416,1.000000,1.194249,0.000001944,
1505900,74.746208,26.750000,47.996208,0.000000,-74.992416,1.000000,1.193757,0.000001933,
1506000,74.746208,26.750000,47.996208,0.000000,-74.992416,1.000000,1.193278,0.000001943,
1506100,74.873108,26.750000,48.123108,0.000000,-74.746208,1.000000,1.192878,0.000001946,
1506200,74.873108,26.500000,48.373108,0.000000,-74.746208,1.000000,1.192435,0.000001974,
1506300,74.873108,26.500000,48.373108,0.000000,-74.746208,1.000000,1.191985,0.000002006,
1506400,74.686554,26.500000,48.186554,0.000000,-74.746208,1.000000,1.191592,0.000001972,
1506500,74.686554,26.500000,48.186554,0.000000,-74.686554,1.000000,1.191168,0.000001946,
1506600,74.686554,26.500000,48.186554,0.000000,-74.686554,1.000000,1.190739,0.000001968,
1506700,74.718277,26.500000,48.218277,0.000000,-74.686554,1.000000,1.190255,0.000001982,
1506800,74.718277,26.750000,47.968277,0.000000,-74.686554,1.000000,1.189832,0.000002013,
1506900,74.718277,26.750000,47.968277,0.000000,-74.718277,1.000000,1.189373,0.000002003,
1507000,74.484138,26.750000,47.734138,0.000000,-74.718277,1.000000,1.188892,0.000002004,
1507100,74.484138,27.000000,47.484138,0.000000,-74.718277,1.000000,1.188384,0.000002012,
1507200,74.484138,27.000000,47.484138,0.000000,-74.718277,1.000000,1.187992,0.000002074,
1507300,74.617065,27.000000,47.617065,0.000000,-74.484138,1.000000,1.187564,0.000002078,
1507400,74.617065,27.000000,47.617065,0.000000,-74.484138,1.000000,1.187096,0.000002092,
1507500,74.617065,27.000000,47.617065,0.000000,-74.484138,1.000000,1.186687,0.000002086,
1507600,74.683533,27.000000,47.683533,0.000000,-74.484138,1.000000,1.186251,0.000002086,
1507700,74.683533,27.000000,47.683533,0.000000,-74.683533,1.000000,1.185802,0.000002065,
1507800,74.683533,27.000000,47.683533,0.000000,-74.683533,1.000000,1.185322,0.000002078,
1507900,74.591766,27.000000,47.591766,0.000000,-74.683533,1.000000,1.184901,0.000002082,
1508000,74.591766,27.000000,47.591766,0.000000,-74.683533,1.000000,1.184440,0.000002080,
1508100,74.591766,27.000000,47.591766,0.000000,-74.591766,1.000000,1.183990,0.000002077,
1508200,74.545883,27.000000,47.545883,0.000000,-74.591766,1.000000,1.183506,0.000002082,
1508300,74.545883,27.000000,47.545883,0.000000,-74.591766,1.000000,1.183057,0.000002103,
1508400,74.545883,27.000000,47.545883,0.000000,-74.591766,1.000000,1.182561,0.000002086,
1508500,74.522942,27.000000,47.522942,0.000000,-74.545883,1.000000,1.182094,0.000002087,
1508600,74.522942,26.750000,47.772942,0.000000,-74.545883,1.000000,1.181745,0.000002080,
1508700,74.522942,26.750000,47.772942,0.000000,-74.545883,1.000000,1.181269,0.000002087,
1508800,74.511475,26.750000,47.761475,0.000000,-74.545883,1.000000,1.180792,0.000002093,
1508900,74.511475,27.000000,47.511475,0.000000,-74.511475,1.000000,1.180341,0.000002066,
1509000,74.511475,27.000000,47.511475,0.000000,-74.511475,1.000000,1.179893,0.000002024,
1509100,74.380737,27.000000,47.380737,0.000000,-74.511475,1.000000,1.179489,0.000002001,
1509200,74.380737,26.750000,47.630737,0.000000,-74.511475,1.000000,1.179024,0.000001994,
1509300,74.380737,26.750000,47.630737,0.000000,-74.380737,1.000000,1.178582,0.000002020,
1509400,74.315369,26.750000,47.565369,0.000000,-74.380737,1.000000,1.178135,0.000002000,
1509500,74.315369,27.000000,47.315369,0.000000,-74.380737,1.000000,1.177720,0.000002001,
1509600,74.315369,27.000000,47.315369,0.000000,-74.380737,1.000000,1.177269,0.000002008,
1509700,74.282684,27.000000,47.282684,0.000000,-74.315369,1.000000,1.176861,0.000002014,
1509800,74.282684,26.500000,47.782684,0.000000,-74.315369,1.000000,1.176434,0.000002021,
1509900,74.282684,26.500000,47.782684,0.000000,-74.315369,1.000000,1.176021,0.000002026,
1510000,74.266342,26.500000,47.766342,0.000000,-74.315369,1.000000,1.175560,0.000002005,
1510100,74.266342,27.000000,47.266342,0.000000,-74.266342,1.000000,1.175112,0.000002009,
1510200,74.266342,27.000000,47.266342,0.000000,-74.266342,1.000000,1.174641,0.000002036,
1510300,74.258171,27.000000,47.258171,0.000000,-74.266342,1.000000,1.174183,0.000002021,
1510400,74.254089,27.000000,47.254089,0.000000,-74.266342,1.000000,1.173727,0.000002022,
1510500,74.254089,26.500000,47.754089,0.000000,-74.254089,1.000000,1.173238,0.000002022,
1510600,74.254089,26.500000,47.754089,0.000000,-74.254089,1.000000,1.172818,0.000002017,
1510700,74.252045,26.500000,47.752045,0.000000,-74.254089,1.000000,1.172346,0.000002004,
1510800,74.252045,26.750000,47.502045,0.000000,-74.254089,1.000000,1.171861,0.000001986,
1510900,74.252045,26.750000,47.502045,0.000000,-74.252045,1.000000,1.171450,0.000001990,
1511000,74.126022,26.750000,47.376022,0.000000,-74.252045,1.000000,1.170996,0.000001979,
1511100,74.126022,26.500000,47.626022,0.000000,-74.252045,1.000000,1.170580,0.000001974,
1511200,74.126022,26.500000,47.626022,0.000000,-74.252045,1.000000,1.170147,0.000001966,
1511300,74.063011,26.500000,47.563011,0.000000,-74.126022,1.000000,1.169699,0.000001959,
1511400,74.063011,26.250000,47.813011,0.000000,-74.126022,1.000000,1.169303,0.000001967,
1511500,74.063011,26.250000,47.813011,0.000000,-74.126022,1.000000,1.168862,0.000001985,
1511600,73.781509,26.250000,47.531509,0.000000,-74.126022,1.000000,1.168422,0.000001957,
1511700,73.781509,26.250000,47.531509,0.000000,-73.781509,1.000000,1.168006,0.000001966,
1511800,73.781509,26.250000,47.531509,0.000000,-73.781509,1.000000,1.167562,0.000001953,
1511900,73.890755,26.250000,47.640755,0.000000,-73.781509,1.000000,1.167119,0.000001950,
1512000,73.890755,26.750000,47.140755,0.000000,-73.781509,1.000000,1.166742,0.000001995,
1512100,73.890755,26.750000,47.140755,0.000000,-73.890755,1.000000,1.166309,0.000002014,
1512200,73.820374,26.750000,47.070374,0.000000,-73.890755,1.000000,1.165829,0.000002041,
1512300,73.820374,26.750000,47.070374,0.000000,-73.890755,1.000000,1.165359,0.000002033,
1512400,73.820374,26.750000,47.070374,0.000000,-73.890755,1.000000,1.164925,0.000002020,
1512500,73.910187,26.750000,47.160187,0.000000,-73.820374,1.000000,1.164496,0.000002038,
1512600,73.910187,26.750000,47.160187,0.000000,-73.820374,1.000000,1.164068,0.000002053,
1512700,73.910187,26.750000,47.160187,0.000000,-73.820374,1.000000,1.163602,0.000002041,
1512800,73.705093,26.750000,46.955093,0.000000,-73.820374,1.000000,1.163202,0.000002028,
1512900,73.705093,26.500000,47.205093,0.000000,-73.705093,1.000000,1.162829,0.000001997,
1513000,73.705093,26.500000,47.205093,0.000000,-73.705093,1.000000,1.162382,0.000001959,
1513100,73.727547,26.500000,47.227547,0.000000,-73.705093,1.000000,1.161891,0.000001952,
1513200,73.727547,26.750000,46.977547,0.000000,-73.705093,1.000000,1.161495,0.000001943,
1513300,73.727547,26.750000,46.977547,0.000000,-73.727547,1.000000,1.161074,0.000001958,
1513400,73.488770,26.750000,46.738770,0.000000,-73.727547,1.000000,1.160663,0.000001977,
1513500,73.488770,26.500000,46.988770,0.000000,-73.727547,1.000000,1.160221,0.000001972,
1513600,73.488770,26.500000,46.988770,0.000000,-73.727547,1.000000,1.159756,0.000001994,
1513700,73.494385,26.500000,46.994385,0.000000,-73.488770,1.000000,1.159362,0.000002006,
1513800,73.494385,27.000000,46.494385,0.000000,-73.488770,1.000000,1.158957,0.000001976,
1513900,73.494385,27.000000,46.494385,0.000000,-73.488770,1.000000,1.158522,0.000001987,
1514000,73.497192,27.000000,46.497192,0.000000,-73.488770,1.000000,1.158089,0.000001990,
1514100,73.497192,27.000000,46.497192,0.000000,-73.497192,1.000000,1.157651,0.000001977,
1514200,73.497192,27.000000,46.497192,0.000000,-73.497192,1.000000,1.157247,0.000001995,
1514300,73.248596,27.000000,46.248596,0.000000,-73.497192,1.000000,1.156831,0.000002016,
1514400,73.248596,26.750000,46.498596,0.000000,-73.497192,1.000000,1.156428,0.000002013,
1514500,73.248596,26.750000,46.498596,0.000000,-73.248596,1.000000,1.156025,0.000001998,
1514600,73.249298,26.750000,46.499298,0.000000,-73.248596,1.000000,1.155590,0.000001986,
1514700,73.249298,26.750000,46.499298,0.000000,-73.248596,1.000000,1.155155,0.000001975,
1514800,73.249298,26.750000,46.499298,0.000000,-73.248596,1.000000,1.154758,0.000001976,
1514900,73.249649,26.750000,46.499649,0.000000,-73.249298,1.000000,1.154296,0.000001987,
1515000,73.249649,26.250000,46.999649,0.000000,-73.249298,1.000000,1.153858,0.000001995,
1515100,73.249649,26.250000,46.999649,0.000000,-73.249298,1.000000,1.153412,0.000002001,
1515200,73.249825,26.250000,46.999825,0.000000,-73.249298,1.000000,1.152995,0.000002002,
1515300,73.249825,27.000000,46.249825,0.000000,-73.249825,1.000000,1.152573,0.000002025,
1515400,73.249825,27.000000,46.249825,0.000000,-73.249825,1.000000,1.152186,0.000002027,
1515500,73.124908,27.000000,46.124908,0.000000,-73.249825,1.000000,1.151788,0.000002016,
1515600,73.124908,26.750000,46.374908,0.000000,-73.249825,1.000000,1.151393,0.000002029,
1515700,73.124908,26.750000,46.374908,0.000000,-73.124908,1.000000,1.150966,0.000002017,
1515800,73.062454,26.750000,46.312454,0.000000,-73.124908,1.000000,1.150567,0.000002018,
1515900,73.062454,26.250000,46.812454,0.000000,-73.124908,1.000000,1.150170,0.000002043,
1516000,73.062454,26.250000,46.812454,0.000000,-73.124908,1.000000,1.149760,0.000002012,
1516100,73.156227,26.250000,46.906227,0.000000,-73.062454,1.000000,1.149340,0.000002036,
1516200,73.156227,26.750000,46.406227,0.000000,-73.062454,1.000000,1.148934,0.000002008,
1516300,73.156227,26.750000,46.406227,0.000000,-73.062454,1.000000,1.148529,0.000002001,
1516400,72.953110,26.750000,46.203110,0.000000,-73.062454,1.000000,1.148129,0.000002025,
1516500,72.953110,26.750000,46.203110,0.000000,-72.953110,1.000000,1.147744,0.000002045,
1516600,72.953110,26.750000,46.203110,0.000000,-72.953110,1.000000,1.147369,0.000002019,
1516700,72.976555,26.750000,46.226555,0.000000,-72.953110,1.000000,1.146929,0.000002036,
1516800,72.976555,27.000000,45.976555,0.000000,-72.953110,1.000000,1.146495,0.000002032,
1516900,72.976555,27.000000,45.976555,0.000000,-72.976555,1.000000,1.146048,0.000002032,
1517000,72.863281,27.000000,45.863281,0.000000,-72.976555,1.000000,1.145610,0.000002051,
1517100,72.863281,26.750000,46.113281,0.000000,-72.976555,1.000000,1.145146,0.000002055,
1517200,72.863281,26.750000,46.113281,0.000000,-72.976555,1.000000,1.144702,0.000002055,
1517300,72.556641,26.750000,45.806641,0.000000,-72.863281,1.000000,1.144284,0.000002032,
1517400,72.556641,26.750000,45.806641,0.000000,-72.863281,1.000000,1.143909,0.000002025,
1517500,72.556641,26.750000,45.806641,0.000000,-72.863281,1.000000,1.143463,0.000001988,
1517600,72.653320,26.750000,45.903320,0.000000,-72.863281,1.000000,1.143041,0.000001971,
1517700,72.653320,26.000000,46.653320,0.000000,-72.653320,1.000000,1.142676,0.000002019,
1517800,72.653320,26.000000,46.653320,0.000000,-72.653320,1.000000,1.142227,0.000002031,
1517900,72.576660,26.000000,46.576660,0.000000,-72.653320,1.000000,1.141808,0.000002005,
1518000,72.576660,26.750000,45.826660,0.000000,-72.653320,1.000000,1.141433,0.000001982,
1518100,72.576660,26.750000,45.826660,0.000000,-72.576660,1.000000,1.141023,0.000001964,
1518200,72.413330,26.750000,45.663330,0.000000,-72.576660,1.000000,1.140622,0.000001962,
1518300,72.413330,27.000000,45.413330,0.000000,-72.576660,1.000000,1.140191,0.000001990,
1518400,72.413330,27.000000,45.413330,0.000000,-72.576660,1.000000,1.139701,0.000001993,
1518500,72.581665,27.000000,45.581665,0.000000,-72.413330,1.000000,1.139305,0.000001997,
1518600,72.581665,26.750000,45.831665,0.000000,-72.413330,1.000000,1.138892,0.000001968,
1518700,72.581665,26.750000,45.831665,0.000000,-72.413330,1.000000,1.138436,0.000001942,
1518800,72.665833,26.750000,45.915833,0.000000,-72.413330,1.000000,1.138010,0.000001975,
1518900,72.665833,26.750000,45.915833,0.000000,-72.665833,1.000000,1.137595,0.000002017,
1519000,72.665833,26.750000,45.915833,0.000000,-72.665833,1.000000,1.137193,0.000002007,
1519100,72.582916,26.750000,45.832916,0.000000,-72.665833,1.000000,1.136797,0.000002026,
1519200,72.582916,26.500000,46.082916,0.000000,-72.665833,1.000000,1.136340,0.000001998,
1519300,72.582916,26.500000,46.082916,0.000000,-72.582916,1.000000,1.135904,0.000001992,
1519400,72.541458,26.500000,46.041458,0.000000,-72.582916,1.000000,1.135441,0.000002002,
1519500,72.541458,26.750000,45.791458,0.000000,-72.582916,1.000000,1.135052,0.000002005,
1519600,72.541458,26.750000,45.791458,0.000000,-72.582916,1.000000,1.134655,0.000002018,
1519700,72.520729,26.750000,45.770729,0.000000,-72.541458,1.000000,1.134284,0.000002028,
1519800,72.520729,26.750000,45.770729,0.000000,-72.541458,1.000000,1.133821,0.000002023,
1519900,72.520729,26.750000,45.770729,0.000000,-72.541458,1.000000,1.133419,0.000002031,
1520000,72.510361,26.750000,45.760361,0.000000,-72.541458,1.000000,1.132976,0.000002048,
1520100,72.510361,26.500000,46.010361,0.000000,-72.510361,1.000000,1.132519,0.000002020,
1520200,72.510361,26.500000,46.010361,0.000000,-72.510361,1.000000,1.132080,0.000001993,
1520300,72.380180,26.500000,45.880180,0.000000,-72.510361,1.000000,1.131677,0.000002001,
1520400,72.380180,27.000000,45.380180,0.000000,-72.510361,1.000000,1.131212,0.000001979,
1520500,72.380180,27.000000,45.380180,0.000000,-72.380180,1.000000,1.130796,0.000001969,
1520600,72.190094,27.000000,45.190094,0.000000,-72.380180,1.000000,1.130336,0.000001980,
1520700,72.190094,27.000000,45.190094,0.000000,-72.380180,1.000000,1.129947,0.000001987,
1520800,72.190094,27.000000,45.190094,0.000000,-72.380180,1.000000,1.129542,0.000002019,
1520900,72.220047,27.000000,45.220047,0.000000,-72.190094,1.000000,1.129118,0.000002033,
1521000,72.220047,27.000000,45.220047,0.000000,-72.190094,1.000000,1.128678,0.000002057,
1521100,72.220047,27.000000,45.220047,0.000000,-72.190094,1.000000,1.128232,0.000002029,
1521200,71.985023,27.000000,44.985023,0.000000,-72.190094,1.000000,1.127816,0.000002038,
1521300,71.985023,26.500000,45.485023,0.000000,-71.985023,1.000000,1.127374,0.000002040,
1521400,71.985023,26.500000,45.485023,0.000000,-71.985023,1.000000,1.126925,0.000002043,
1521500,71.867508,26.500000,45.367508,0.000000,-71.985023,1.000000,1.126475,0.000002031,
1521600,71.867508,26.500000,45.367508,0.000000,-71.985023,1.000000,1.126048,0.000002027,
1521700,71.867508,26.500000,45.367508,0.000000,-71.867508,1.000000,1.125663,0.000002017,
1521800,71.933754,26.500000,45.433754,0.000000,-71.867508,1.000000,1.125245,0.000002046,
1521900,71.933754,26.500000,45.433754,0.000000,-71.867508,1.000000,1.124848,0.000002043,
1522000,71.933754,26.500000,45.433754,0.000000,-71.867508,1.000000,1.124445,0.000002014,
1522100,71.966873,26.500000,45.466873,0.000000,-71.933754,1.000000,1.124035,0.000002011,
1522200,71.966873,26.750000,45.216873,0.000000,-71.933754,1.000000,1.123689,0.000002022,
1522300,71.966873,26.750000,45.216873,0.000000,-71.933754,1.000000,1.123335,0.000002045,
1522400,71.733437,26.750000,44.983437,0.000000,-71.933754,1.000000,1.122917,0.000002019,
1522500,71.733437,26.500000,45.233437,0.000000,-71.733437,1.000000,1.122526,0.000002038,
1522600,71.733437,26.500000,45.233437,0.000000,-71.733437,1.000000,1.122095,0.000002063,
1522700,71.866714,26.500000,45.366714,0.000000,-71.733437,1.000000,1.121672,0.000002055,
1522800,71.866714,26.500000,45.366714,0.000000,-71.733437,1.000000,1.121244,0.000002047,
1522900,71.866714,26.500000,45.366714,0.000000,-71.866714,1.000000,1.120845,0.000002042,
1523000,71.808357,26.500000,45.308357,0.000000,-71.866714,1.000000,1.120417,0.000002024,
1523100,71.808357,27.000000,44.808357,0.000000,-71.866714,1.000000,1.120046,0.000002013,
1523200,71.808357,27.000000,44.808357,0.000000,-71.866714,1.000000,1.119664,0.000002005,
1523300,71.904175,27.000000,44.904175,0.000000,-71.808357,1.000000,1.119270,0.000002020,
1523400,71.904175,26.750000,45.154175,0.000000,-71.808357,1.000000,1.118886,0.000002016,
1523500,71.904175,26.750000,45.154175,0.000000,-71.808357,1.000000,1.118416,0.000002033,
1523600,71.702087,26.750000,44.952087,0.000000,-71.808357,1.000000,1.118011,0.000002038,
1523700,71.702087,26.500000,45.202087,0.000000,-71.702087,1.000000,1.117567,0.000002050,
1523800,71.702087,26.500000,45.202087,0.000000,-71.702087,1.000000,1.117123,0.000002045,
1523900,71.726044,26.500000,45.226044,0.000000,-71.702087,1.000000,1.116698,0.000002041,
1524000,71.726044,26.750000,44.976044,0.000000,-71.702087,1.000000,1.116316,0.000002042,
1524100,71.726044,26.750000,44.976044,0.000000,-71.726044,1.000000,1.115937,0.000002004,
1524200,71.238022,26.750000,44.488022,0.000000,-71.726044,1.000000,1.115564,0.000002022,
1524300,71.238022,26.500000,44.738022,0.000000,-71.726044,1.000000,1.115213,0.000001996,
1524400,71.238022,26.500000,44.738022,0.000000,-71.726044,1.000000,1.114825,0.000002009,
1524500,71.369011,26.500000,44.869011,0.000000,-71.238022,1.000000,1.114451,0.000002001,
1524600,71.369011,27.000000,44.369011,0.000000,-71.238022,1.000000,1.114052,0.000002008,
1524700,71.369011,27.000000,44.369011,0.000000,-71.238022,1.000000,1.113670,0.000001988,
1524800,71.559509,27.000000,44.559509,0.000000,-71.238022,1.000000,1.113256,0.000001996,
1524900,71.559509,26.750000,44.809509,0.000000,-71.559509,1.000000,1.112927,0.000002004,
1525000,71.559509,26.750000,44.809509,0.000000,-71.559509,1.000000,1.112502,0.000002024,
1525100,71.529755,26.750000,44.779755,0.000000,-71.559509,1.000000,1.112044,0.000002051,
1525200,71.529755,26.500000,45.029755,0.000000,-71.559509,1.000000,1.111662,0.000002063,
1525300,71.529755,26.500000,45.029755,0.000000,-71.529755,1.000000,1.111295,0.000002047,
1525400,71.389877,26.500000,44.889877,0.000000,-71.529755,1.000000,1.110891,0.000002040,
1525500,71.389877,26.750000,44.639877,0.000000,-71.529755,1.000000,1.110507,0.000002034,
1525600,71.389877,26.750000,44.639877,0.000000,-71.529755,1.000000,1.110101,0.000002012,
1525700,71.194939,26.750000,44.444939,0.000000,-71.389877,1.000000,1.109650,0.000002029,
1525800,71.194939,27.000000,44.194939,0.000000,-71.389877,1.000000,1.109229,0.000002035,
1525900,71.194939,27.000000,44.194939,0.000000,-71.389877,1.000000,1.108827,0.000002041,
1526000,71.347473,27.000000,44.347473,0.000000,-71.389877,1.000000,1.108445,0.000002076,
1526100,71.347473,26.500000,44.847473,0.000000,-71.347473,1.000000,1.108013,0.000002070,
1526200,71.347473,26.500000,44.847473,0.000000,-71.347473,1.000000,1.107635,0.000002060,
1526300,71.173737,26.500000,44.673737,0.000000,-71.347473,1.000000,1.107249,0.000002065,
1526400,71.173737,27.000000,44.173737,0.000000,-71.347473,1.000000,1.106866,0.000002037,
1526500,71.173737,27.000000,44.173737,0.000000,-71.173737,1.000000,1.106462,0.000002054,
1526600,71.336868,27.000000,44.336868,0.000000,-71.173737,1.000000,1.106068,0.000002078,
1526700,71.336868,26.750000,44.586868,0.000000,-71.173737,1.000000,1.105676,0.000002084,
1526800,71.336868,26.750000,44.586868,0.000000,-71.173737,1.000000,1.105227,0.000002076,
1526900,71.168434,26.750000,44.418434,0.000000,-71.336868,1.000000,1.104853,0.000002082,
1527000,71.168434,26.500000,44.668434,0.000000,-71.336868,1.000000,1.104454,0.000002052,
1527100,71.168434,26.500000,44.668434,0.000000,-71.336868,1.000000,1.104084,0.000002086,
1527200,71.209213,26.500000,44.709213,0.000000,-71.336868,1.000000,1.103707,0.000002073,
1527300,71.209213,26.500000,44.709213,0.000000,-71.209213,1.000000,1.103328,0.000002053,
1527400,71.209213,26.500000,44.709213,0.000000,-71.209213,1.000000,1.102908,0.000002026,
1527500,71.229607,26.500000,44.729607,0.000000,-71.209213,1.000000,1.102520,0.000002027,
1527600,71.229607,27.000000,44.229607,0.000000,-71.209213,1.000000,1.102095,0.000002016,
1527700,71.229607,27.000000,44.229607,0.000000,-71.229607,1.000000,1.101713,0.000001988,
1527800,71.114807,27.000000,44.114807,0.000000,-71.229607,1.000000,1.101291,0.000001990,
1527900,71.114807,27.000000,44.114807,0.000000,-71.229607,1.000000,1.100912,0.000001995,
1528000,71.114807,27.000000,44.114807,0.000000,-71.229607,1.000000,1.100504,0.000002015,
1528100,70.807404,27.000000,43.807404,0.000000,-71.114807,1.000000,1.100139,0.000001992,
1528200,70.807404,26.500000,44.307404,0.000000,-71.114807,1.000000,1.099727,0.000002013,
1528300,70.807404,26.500000,44.307404,0.000000,-71.114807,1.000000,1.099346,0.000001982,
1528400,70.903702,26.500000,44.403702,0.000000,-71.114807,1.000000,1.098964,0.000001962,
1528500,70.903702,26.750000,44.153702,0.000000,-70.903702,1.000000,1.098577,0.000001964,
1528600,70.903702,26.750000,44.153702,0.000000,-70.903702,1.000000,1.098192,0.000001975,
1528700,70.951851,26.750000,44.201851,0.000000,-70.903702,1.000000,1.097772,0.000002010,
1528800,70.951851,26.500000,44.451851,0.000000,-70.903702,1.000000,1.097323,0.000001997,
1528900,70.951851,26.500000,44.451851,0.000000,-70.951851,1.000000,1.096922,0.000001994,
1529000,70.850922,26.500000,44.350922,0.000000,-70.951851,1.000000,1.096545,0.000001988,
1529100,70.850922,26.500000,44.350922,0.000000,-70.951851,1.000000,1.096138,0.000001972,
1529200,70.850922,26.500000,44.350922,0.000000,-70.951851,1.000000,1.095742,0.000001956,
1529300,70.550461,26.500000,44.050461,0.000000,-70.850922,1.000000,1.095356,0.000001947,
1529400,70.550461,26.250000,44.300461,0.000000,-70.850922,1.000000,1.094972,0.000001953,
1529500,70.550461,26.250000,44.300461,0.000000,-70.850922,1.000000,1.094594,0.000001990,
1529600,70.525230,26.250000,44.275230,0.000000,-70.850922,1.000000,1.094238,0.000002014,
1529700,70.525230,26.500000,44.025230,0.000000,-70.525230,1.000000,1.093878,0.000002020,
1529800,70.525230,26.500000,44.025230,0.000000,-70.525230,1.000000,1.093429,0.000002004,
1529900,70.512619,26.500000,44.012619,0.000000,-70.525230,1.000000,1.093034,0.000001971,
1530000,70.512619,27.000000,43.512619,0.000000,-70.525230,1.000000,1.092650,0.000001991,
1530100,70.512619,27.000000,43.512619,0.000000,-70.512619,1.000000,1.092211,0.000001985,
1530200,70.631310,27.000000,43.631310,0.000000,-70.512619,1.000000,1.091803,0.000001990,
1530300,70.631310,26.750000,43.881310,0.000000,-70.512619,1.000000,1.091406,0.000001981,
1530400,70.631310,26.750000,43.881310,0.000000,-70.512619,1.000000,1.090957,0.000001966,
1530500,70.690659,26.750000,43.940659,0.000000,-70.631310,1.000000,1.090514,0.000001989,
1530600,70.690659,26.250000,44.440659,0.000000,-70.631310,1.000000,1.090152,0.000002002,
1530700,70.690659,26.250000,44.440659,0.000000,-70.631310,1.000000,1.089759,0.000001987,
1530800,70.720329,26.250000,44.470329,0.000000,-70.631310,1.000000,1.089376,0.000001992,
1530900,70.720329,26.750000,43.970329,0.000000,-70.720329,1.000000,1.088961,0.000002019,
1531000,70.720329,26.750000,43.970329,0.000000,-70.720329,1.000000,1.088524,0.000002018,
1531100,70.735168,26.750000,43.985168,0.000000,-70.720329,1.000000,1.088096,0.000002030,
1531200,70.735168,26.500000,44.235168,0.000000,-70.720329,1.000000,1.087702,0.000002011,
1531300,70.735168,26.500000,44.235168,0.000000,-70.735168,1.000000,1.087264,0.000002033,
1531400,70.617584,26.500000,44.117584,0.000000,-70.735168,1.000000,1.086863,0.000002016,
1531500,70.617584,27.000000,43.617584,0.000000,-70.735168,1.000000,1.086478,0.000002011,
1531600,70.617584,27.000000,43.617584,0.000000,-70.735168,1.000000,1.086028,0.000002017,
1531700,70.683792,27.000000,43.683792,0.000000,-70.617584,1.000000,1.085629,0.000002024,
1531800,70.683792,26.500000,44.183792,0.000000,-70.617584,1.000000,1.085182,0.000001979,
1531900,70.683792,26.500000,44.183792,0.000000,-70.617584,1.000000,1.084774,0.000001996,
1532000,70.466896,26.500000,43.966896,0.000000,-70.617584,1.000000,1.084379,0.000002002,
1532100,70.466896,26.250000,44.216896,0.000000,-70.466896,1.000000,1.083934,0.000002019,
1532200,70.466896,26.250000,44.216896,0.000000,-70.466896,1.000000,1.083500,0.000002021,
1532300,70.358444,26.250000,44.108444,0.000000,-70.466896,1.000000,1.083113,0.000001992,
1532400,70.358444,26.500000,43.858444,0.000000,-70.466896,1.000000,1.082710,0.000001968,
1532500,70.358444,26.500000,43.858444,0.000000,-70.358444,1.000000,1.082300,0.000001972,
1532600,70.304222,26.500000,43.804222,0.000000,-70.358444,1.000000,1.081876,0.000001996,
1532700,70.304222,26.500000,43.804222,0.000000,-70.358444,1.000000,1.081475,0.000001988,
1532800,70.304222,26.500000,43.804222,0.000000,-70.358444,1.000000,1.081035,0.000001986,
1532900,70.277115,26.500000,43.777115,0.000000,-70.304222,1.000000,1.080648,0.000001975,
1533000,70.277115,26.500000,43.777115,0.000000,-70.304222,1.000000,1.080219,0.000002014,
1533100,70.277115,26.500000,43.777115,0.000000,-70.304222,1.000000,1.079841,0.000002036,
1533200,70.263557,26.500000,43.763557,0.000000,-70.304222,1.000000,1.079449,0.000002008,
1533300,70.263557,26.250000,44.013557,0.000000,-70.263557,1.000000,1.079049,0.000002021,
1533400,70.263557,26.250000,44.013557,0.000000,-70.263557,1.000000,1.078651,0.000002016,
1533500,70.256775,26.250000,44.006775,0.000000,-70.263557,1.000000,1.078265,0.000002011,
1533600,70.256775,26.750000,43.506775,0.000000,-70.263557,1.000000,1.077880,0.000002019,
1533700,70.256775,26.750000,43.506775,0.000000,-70.256775,1.000000,1.077481,0.000002000,
1533800,70.253387,26.750000,43.503387,0.000000,-70.256775,1.000000,1.077085,0.000001995,
1533900,70.253387,26.500000,43.753387,0.000000,-70.256775,1.000000,1.076708,0.000001987,
1534000,70.253387,26.500000,43.753387,0.000000,-70.256775,1.000000,1.076302,0.000001993,
1534100,70.126694,26.500000,43.626694,0.000000,-70.253387,1.000000,1.075927,0.000002014,
1534200,70.126694,26.500000,43.626694,0.000000,-70.253387,1.000000,1.075561,0.000002020,
1534300,70.126694,26.500000,43.626694,0.000000,-70.253387,1.000000,1.075159,0.000002039,
1534400,69.938347,26.500000,43.438347,0.000000,-70.253387,1.000000,1.074772,0.000002015,
1534500,69.938347,26.750000,43.188347,0.000000,-69.938347,1.000000,1.074372,0.000001991,
1534600,69.938347,26.750000,43.188347,0.000000,-69.938347,1.000000,1.074002,0.000001977,
1534700,69.969177,26.750000,43.219177,0.000000,-69.938347,1.000000,1.073605,0.000001984,
1534800,69.969177,26.750000,43.219177,0.000000,-69.938347,1.000000,1.073192,0.000001991,
1534900,69.969177,26.750000,43.219177,0.000000,-69.969177,1.000000,1.072796,0.000002001,
1535000,69.859589,26.750000,43.109589,0.000000,-69.969177,1.000000,1.072436,0.000002026,
1535100,69.859589,26.250000,43.609589,0.000000,-69.969177,1.000000,1.072057,0.000002055,
1535200,69.859589,26.250000,43.609589,0.000000,-69.969177,1.000000,1.071719,0.000002059,
1535300,69.929794,26.250000,43.679794,0.000000,-69.859589,1.000000,1.071379,0.000002058,
1535400,69.929794,26.500000,43.429794,0.000000,-69.859589,1.000000,1.070997,0.000002035,
1535500,69.929794,26.500000,43.429794,0.000000,-69.859589,1.000000,1.070620,0.000002029,
1535600,69.839897,26.500000,43.339897,0.000000,-69.859589,1.000000,1.070203,0.000002038,
1535700,69.839897,26.250000,43.589897,0.000000,-69.839897,1.000000,1.069864,0.000002021,
1535800,69.839897,26.250000,43.589897,0.000000,-69.839897,1.000000,1.069464,0.000001981,
1535900,69.794952,26.250000,43.544952,0.000000,-69.839897,1.000000,1.069148,0.000001969,
1536000,69.772476,26.250000,43.522476,0.000000,-69.839897,1.000000,1.068825,0.000001978,
1536100,69.772476,26.250000,43.522476,0.000000,-69.772476,1.000000,1.068446,0.000001984,
1536200,69.772476,26.250000,43.522476,0.000000,-69.772476,1.000000,1.068060,0.000001972,
1536300,69.511238,26.250000,43.261238,0.000000,-69.772476,1.000000,1.067682,0.000001959,
1536400,69.511238,26.750000,42.761238,0.000000,-69.772476,1.000000,1.067253,0.000001979,
1536500,69.511238,26.750000,42.761238,0.000000,-69.511238,1.000000,1.066863,0.000002015,
1536600,69.505615,26.750000,42.755615,0.000000,-69.511238,1.000000,1.066490,0.000002003,
1536700,69.505615,26.750000,42.755615,0.000000,-69.511238,1.000000,1.066068,0.000002047,
1536800,69.505615,26.750000,42.755615,0.000000,-69.511238,1.000000,1.065732,0.000002034,
1536900,69.627808,26.750000,42.877808,0.000000,-69.505615,1.000000,1.065348,0.000002035,
1537000,69.627808,25.750000,43.877808,0.000000,-69.505615,1.000000,1.064965,0.000002044,
1537100,69.627808,25.750000,43.877808,0.000000,-69.505615,1.000000,1.064582,0.000002010,
1537200,69.688904,25.750000,43.938904,0.000000,-69.505615,1.000000,1.064172,0.000002019,
1537300,69.688904,26.750000,42.938904,0.000000,-69.688904,1.000000,1.063834,0.000002044,
1537400,69.688904,26.750000,42.938904,0.000000,-69.688904,1.000000,1.063461,0.000002030,
1537500,69.719452,26.750000,42.969452,0.000000,-69.688904,1.000000,1.063099,0.000002026,
1537600,69.719452,26.250000,43.469452,0.000000,-69.688904,1.000000,1.062697,0.000002004,
1537700,69.719452,26.250000,43.469452,0.000000,-69.719452,1.000000,1.062364,0.000002013,
1537800,69.484726,26.250000,43.234726,0.000000,-69.719452,1.000000,1.061978,0.000002009,
1537900,69.484726,27.000000,42.484726,0.000000,-69.719452,1.000000,1.061577,0.000002039,
1538000,69.484726,27.000000,42.484726,0.000000,-69.719452,1.000000,1.061182,0.000002040,
1538100,69.492363,27.000000,42.492363,0.000000,-69.484726,1.000000,1.060838,0.000002039,
1538200,69.492363,26.000000,43.492363,0.000000,-69.484726,1.000000,1.060469,0.000002035,
1538300,69.492363,26.000000,43.492363,0.000000,-69.484726,1.000000,1.060087,0.000002056,
1538400,69.496185,26.000000,43.496185,0.000000,-69.484726,1.000000,1.059654,0.000002065,
1538500,69.496185,26.250000,43.246185,0.000000,-69.496185,1.000000,1.059251,0.000002048,
1538600,69.496185,26.250000,43.246185,0.000000,-69.496185,1.000000,1.058843,0.000002012,
1538700,69.498093,26.250000,43.248093,0.000000,-69.496185,1.000000,1.058530,0.000001982,
1538800,69.498093,26.500000,42.998093,0.000000,-69.496185,1.000000,1.058231,0.000001970,
1538900,69.498093,26.500000,42.998093,0.000000,-69.498093,1.000000,1.057826,0.000001971,
1539000,69.499046,26.500000,42.999046,0.000000,-69.498093,1.000000,1.057422,0.000001994,
1539100,69.499046,26.750000,42.749046,0.000000,-69.498093,1.000000,1.057078,0.000001995,
1539200,69.499046,26.750000,42.749046,0.000000,-69.498093,1.000000,1.056681,0.000002006,
1539300,69.374527,26.750000,42.624527,0.000000,-69.499046,1.000000,1.056322,0.000002008,
1539400,69.374527,26.750000,42.624527,0.000000,-69.499046,1.000000,1.055913,0.000002005,
1539500,69.374527,26.750000,42.624527,0.000000,-69.499046,1.000000,1.055509,0.000001993,
1539600,69.312263,26.750000,42.562263,0.000000,-69.499046,1.000000,1.055145,0.000001986,
1539700,69.312263,26.500000,42.812263,0.000000,-69.312263,1.000000,1.054710,0.000001992,
1539800,69.312263,26.500000,42.812263,0.000000,-69.312263,1.000000,1.054358,0.000002001,
1539900,69.156128,26.500000,42.656128,0.000000,-69.312263,1.000000,1.053959,0.000002002,
1540000,69.156128,26.000000,43.156128,0.000000,-69.312263,1.000000,1.053579,0.000002015,
1540100,69.156128,26.000000,43.156128,0.000000,-69.156128,1.000000,1.053167,0.000002029,
1540200,69.078064,26.000000,43.078064,0.000000,-69.156128,1.000000,1.052778,0.000002031,
1540300,69.078064,26.500000,42.578064,0.000000,-69.156128,1.000000,1.052330,0.000002056,
1540400,69.078064,26.500000,42.578064,0.000000,-69.156128,1.000000,1.051943,0.000002067,
1540500,69.164032,26.500000,42.664032,0.000000,-69.078064,1.000000,1.051542,0.000002080,
1540600,69.164032,26.500000,42.664032,0.000000,-69.078064,1.000000,1.051139,0.000002063,
1540700,69.164032,26.500000,42.664032,0.000000,-69.078064,1.000000,1.050749,0.000002060,
1540800,68.957016,26.500000,42.457016,0.000000,-69.078064,1.000000,1.050356,0.000002043,
1540900,68.957016,26.750000,42.207016,0.000000,-68.957016,1.000000,1.049971,0.000002055,
1541000,68.957016,26.750000,42.207016,0.000000,-68.957016,1.000000,1.049639,0.000002055,
1541100,68.853508,26.750000,42.103508,0.000000,-68.957016,1.000000,1.049260,0.000002039,
1541200,68.853508,26.750000,42.103508,0.000000,-68.957016,1.000000,1.048903,0.000002049,
1541300,68.853508,26.750000,42.103508,0.000000,-68.853508,1.000000,1.048584,0.000002056,
1541400,68.676758,26.750000,41.926758,0.000000,-68.853508,1.000000,1.048187,0.000002046,
1541500,68.676758,26.500000,42.176758,0.000000,-68.853508,1.000000,1.047807,0.000002023,
1541600,68.676758,26.500000,42.176758,0.000000,-68.853508,1.000000,1.047462,0.000002033,
1541700,68.713379,26.500000,42.213379,0.000000,-68.676758,1.000000,1.047111,0.000002017,
1541900,68.713379,27.000000,41.713379,0.000000,-68.676758,1.000000,1.046409,0.000001975,
1542000,68.606689,27.000000,41.606689,0.000000,-68.676758,1.000000,1.046068,0.000001993,
1542100,68.606689,26.500000,42.106689,0.000000,-68.606689,1.000000,1.045748,0.000001994,
1542200,68.606689,26.500000,42.106689,0.000000,-68.606689,1.000000,1.045416,0.000001995,
1542300,68.553345,26.500000,42.053345,0.000000,-68.606689,1.000000,1.045021,0.000002011,
1542400,68.553345,26.500000,42.053345,0.000000,-68.606689,1.000000,1.044644,0.000002003,
1542500,68.553345,26.500000,42.053345,0.000000,-68.553345,1.000000,1.044248,0.000001988,
1542600,68.651672,26.500000,42.151672,0.000000,-68.553345,1.000000,1.043866,0.000002000,
1542700,68.651672,26.500000,42.151672,0.000000,-68.553345,1.000000,1.043453,0.000001969,
1542800,68.651672,26.500000,42.151672,0.000000,-68.553345,1.000000,1.043047,0.000001960,
1542900,68.575836,26.500000,42.075836,0.000000,-68.651672,1.000000,1.042674,0.000001953,
1543000,68.575836,26.250000,42.325836,0.000000,-68.651672,1.000000,1.042299,0.000001952,
1543100,68.575836,26.250000,42.325836,0.000000,-68.651672,1.000000,1.041933,0.000001966,
1543200,68.412918,26.250000,42.162918,0.000000,-68.651672,1.000000,1.041550,0.000001981,
1543300,68.412918,26.500000,41.912918,0.000000,-68.412918,1.000000,1.041186,0.000002015,
1543400,68.412918,26.500000,41.912918,0.000000,-68.412918,1.000000,1.040784,0.000002040,
1543500,68.456459,26.500000,41.956459,0.000000,-68.412918,1.000000,1.040402,0.000002046,
1543600,68.456459,26.000000,42.456459,0.000000,-68.412918,1.000000,1.040035,0.000002012,
1543700,68.456459,26.000000,42.456459,0.000000,-68.456459,1.000000,1.039641,0.000002009,
1543800,68.478226,26.000000,42.478226,0.000000,-68.456459,1.000000,1.039308,0.000002015,
1543900,68.478226,26.500000,41.978226,0.000000,-68.456459,1.000000,1.038946,0.000002028,
1544000,68.478226,26.500000,41.978226,0.000000,-68.456459,1.000000,1.038570,0.000002023,
1544100,68.239113,26.500000,41.739113,0.000000,-68.478226,1.000000,1.038197,0.000002025,
1544200,68.239113,26.750000,41.489113,0.000000,-68.478226,1.000000,1.037848,0.000002002,
1544300,68.239113,26.750000,41.489113,0.000000,-68.478226,1.000000,1.037467,0.000001996,
1544400,68.369553,26.750000,41.619553,0.000000,-68.478226,1.000000,1.037062,0.000001997,
1544500,68.369553,26.750000,41.619553,0.000000,-68.369553,1.000000,1.036691,0.000002001,
1544600,68.369553,26.750000,41.619553,0.000000,-68.369553,1.000000,1.036303,0.000001992,
1544700,68.184776,26.750000,41.434776,0.000000,-68.369553,1.000000,1.035892,0.000002001,
1544800,68.184776,26.750000,41.434776,0.000000,-68.369553,1.000000,1.035513,0.000002009,
1544900,68.184776,26.750000,41.434776,0.000000,-68.184776,1.000000,1.035120,0.000001986,
1545000,68.217392,26.750000,41.467392,0.000000,-68.184776,1.000000,1.034733,0.000001981,
1545100,68.217392,26.750000,41.467392,0.000000,-68.184776,1.000000,1.034333,0.000001958,
1545200,68.217392,26.750000,41.467392,0.000000,-68.184776,1.000000,1.033960,0.000001961,
1545300,68.108696,26.750000,41.358696,0.000000,-68.217392,1.000000,1.033540,0.000001988,
1545400,68.108696,26.500000,41.608696,0.000000,-68.217392,1.000000,1.033127,0.000001989,
1545500,68.108696,26.500000,41.608696,0.000000,-68.217392,1.000000,1.032744,0.000001959,
1545600,68.179352,26.500000,41.679352,0.000000,-68.217392,1.000000,1.032327,0.000001977,
1545700,68.179352,26.500000,41.679352,0.000000,-68.179352,1.000000,1.031941,0.000002025,
1545800,68.179352,26.500000,41.679352,0.000000,-68.179352,1.000000,1.031498,0.000002024,
1545900,68.089676,26.500000,41.589676,0.000000,-68.179352,1.000000,1.031128,0.000002016,
1546000,68.089676,26.500000,41.589676,0.000000,-68.179352,1.000000,1.030730,0.000002001,
1546100,68.089676,26.500000,41.589676,0.000000,-68.089676,1.000000,1.030340,0.000001985,
1546200,67.919838,26.500000,41.419838,0.000000,-68.089676,1.000000,1.029995,0.000002009,
1546300,67.919838,26.250000,41.669838,0.000000,-68.089676,1.000000,1.029577,0.000002009,
1546400,67.919838,26.250000,41.669838,0.000000,-68.089676,1.000000,1.029223,0.000002016,
1546500,67.834915,26.250000,41.584915,0.000000,-67.919838,1.000000,1.028882,0.000002040,
1546600,67.834915,26.500000,41.334915,0.000000,-67.919838,1.000000,1.028505,0.000002019,
1546700,67.834915,26.500000,41.334915,0.000000,-67.919838,1.000000,1.028134,0.000001985,
1546800,67.792458,26.500000,41.292458,0.000000,-67.919838,1.000000,1.027761,0.000001989,
1546900,67.792458,26.250000,41.542458,0.000000,-67.792458,1.000000,1.027414,0.000001994,
1547000,67.792458,26.250000,41.542458,0.000000,-67.792458,1.000000,1.026999,0.000001999,
1547100,67.646225,26.250000,41.396225,0.000000,-67.792458,1.000000,1.026668,0.000001993,
1547200,67.646225,26.750000,40.896225,0.000000,-67.792458,1.000000,1.026295,0.000001998,
1547300,67.646225,26.750000,40.896225,0.000000,-67.646225,1.000000,1.025963,0.000001986,
1547400,67.823112,26.750000,41.073112,0.000000,-67.646225,1.000000,1.025593,0.000001991,
1547500,67.823112,26.500000,41.323112,0.000000,-67.646225,1.000000,1.025223,0.000001980,
1547600,67.823112,26.500000,41.323112,0.000000,-67.646225,1.000000,1.024839,0.000001988,
1547700,67.536560,26.500000,41.036560,0.000000,-67.823112,1.000000,1.024462,0.000001986,
1547800,67.536560,26.750000,40.786560,0.000000,-67.823112,1.000000,1.024101,0.000001985,
1547900,67.536560,26.750000,40.786560,0.000000,-67.823112,1.000000,1.023699,0.000001995,
1548000,67.518280,26.750000,40.768280,0.000000,-67.823112,1.000000,1.023353,0.000002020,
1548100,67.518280,26.500000,41.018280,0.000000,-67.518280,1.000000,1.023013,0.000001997,
1548200,67.518280,26.500000,41.018280,0.000000,-67.518280,1.000000,1.022624,0.000001991,
1548300,67.634140,26.500000,41.134140,0.000000,-67.518280,1.000000,1.022257,0.000001967,
1548400,67.634140,26.750000,40.884140,0.000000,-67.518280,1.000000,1.021878,0.000001959,
1548500,67.634140,26.750000,40.884140,0.000000,-67.634140,1.000000,1.021509,0.000001955,
1548600,67.817070,26.750000,41.067070,0.000000,-67.634140,1.000000,1.021139,0.000001953,
1548700,67.817070,26.500000,41.317070,0.000000,-67.634140,1.000000,1.020760,0.000001952,
1548800,67.817070,26.500000,41.317070,0.000000,-67.634140,1.000000,1.020370,0.000001951,
1548900,67.783539,26.500000,41.283539,0.000000,-67.817070,1.000000,1.019963,0.000001986,
1549000,67.783539,26.750000,41.033539,0.000000,-67.817070,1.000000,1.019608,0.000001980,
1549100,67.783539,26.750000,41.033539,0.000000,-67.817070,1.000000,1.019246,0.000001973,
1549200,67.641769,26.750000,40.891769,0.000000,-67.817070,1.000000,1.018917,0.000001973,
1549300,67.641769,26.750000,40.891769,0.000000,-67.641769,1.000000,1.018551,0.000002000,
1549400,67.641769,26.750000,40.891769,0.000000,-67.641769,1.000000,1.018211,0.000002000,
1549500,67.570885,26.750000,40.820885,0.000000,-67.641769,1.000000,1.017905,0.000002015,
1549600,67.570885,26.000000,41.570885,0.000000,-67.641769,1.000000,1.017485,0.000002027,
1549700,67.570885,26.000000,41.570885,0.000000,-67.570885,1.000000,1.017122,0.000002031,
1549800,67.660446,26.000000,41.660446,0.000000,-67.570885,1.000000,1.016731,0.000002018,
1549900,67.660446,26.500000,41.160446,0.000000,-67.570885,1.000000,1.016352,0.000002023,
1550000,67.660446,26.500000,41.160446,0.000000,-67.570885,1.000000,1.015995,0.000002018,
1550100,67.705223,26.500000,41.205223,0.000000,-67.660446,1.000000,1.015567,0.000002029,
1550200,67.705223,26.000000,41.705223,0.000000,-67.660446,1.000000,1.015196,0.000001994,
1550300,67.705223,26.000000,41.705223,0.000000,-67.660446,1.000000,1.014833,0.000001987,
1550400,67.477615,26.000000,41.477615,0.000000,-67.660446,1.000000,1.014471,0.000001989,
1550500,67.477615,26.500000,40.977615,0.000000,-67.477615,1.000000,1.014102,0.000001987,
1550600,67.477615,26.500000,40.977615,0.000000,-67.477615,1.000000,1.013741,0.000002001,
1550700,67.363808,26.500000,40.863808,0.000000,-67.477615,1.000000,1.013335,0.000002013,
1550800,67.363808,26.250000,41.113808,0.000000,-67.477615,1.000000,1.012963,0.000002010,
1550900,67.363808,26.250000,41.113808,0.000000,-67.363808,1.000000,1.012591,0.000001983,
1551000,67.181900,26.250000,40.931900,0.000000,-67.363808,1.000000,1.012234,0.000001973,
1551100,67.181900,26.500000,40.681900,0.000000,-67.363808,1.000000,1.011902,0.000001956,
1551200,67.181900,26.500000,40.681900,0.000000,-67.363808,1.000000,1.011499,0.000001958,
1551300,67.090950,26.500000,40.590950,0.000000,-67.181900,1.000000,1.011122,0.000001929,
1551400,67.090950,26.000000,41.090950,0.000000,-67.181900,1.000000,1.010803,0.000001914,
1551500,67.090950,26.000000,41.090950,0.000000,-67.181900,1.000000,1.010472,0.000001934,
1551600,67.170471,26.000000,41.170471,0.000000,-67.181900,1.000000,1.010132,0.000001964,
1551700,67.170471,26.500000,40.670471,0.000000,-67.170471,1.000000,1.009713,0.000001960,
1551800,67.170471,26.500000,40.670471,0.000000,-67.170471,1.000000,1.009331,0.000001951,
1551900,66.960236,26.500000,40.460236,0.000000,-67.170471,1.000000,1.008987,0.000001931,
1552000,66.960236,26.500000,40.460236,0.000000,-67.170471,1.000000,1.008643,0.000001932,
1552100,66.960236,26.500000,40.460236,0.000000,-66.960236,1.000000,1.008330,0.000001944,
1552200,66.855118,26.500000,40.355118,0.000000,-66.960236,1.000000,1.007978,0.000001936,
1552300,66.855118,26.500000,40.355118,0.000000,-66.960236,1.000000,1.007582,0.000001963,
1552400,66.855118,26.500000,40.355118,0.000000,-66.960236,1.000000,1.007248,0.000001999,
1552500,67.052559,26.500000,40.552559,0.000000,-66.855118,1.000000,1.006898,0.000001987,
1552600,67.052559,26.000000,41.052559,0.000000,-66.855118,1.000000,1.006480,0.000002015,
1552700,67.052559,26.000000,41.052559,0.000000,-66.855118,1.000000,1.006078,0.000002004,
1552800,67.026276,26.000000,41.026276,0.000000,-66.855118,1.000000,1.005650,0.000002004,
1552900,67.026276,26.500000,40.526276,0.000000,-67.026276,1.000000,1.005337,0.000002006,
1553000,67.026276,26.500000,40.526276,0.000000,-67.026276,1.000000,1.004983,0.000002025,
1553100,66.888138,26.500000,40.388138,0.000000,-67.026276,1.000000,1.004619,0.000002002,
1553200,66.888138,26.500000,40.388138,0.000000,-67.026276,1.000000,1.004255,0.000002039,
1553300,66.888138,26.500000,40.388138,0.000000,-66.888138,1.000000,1.003878,0.000002006,
1553400,67.069069,26.500000,40.569069,0.000000,-66.888138,1.000000,1.003510,0.000002004,
1553500,67.069069,26.250000,40.819069,0.000000,-66.888138,1.000000,1.003115,0.000001992,
1553600,67.069069,26.250000,40.819069,0.000000,-66.888138,1.000000,1.002782,0.000002004,
1553800,66.909531,26.250000,40.659531,0.000000,-67.069069,1.000000,1.002093,0.000002000,
1553900,66.909531,26.250000,40.659531,0.000000,-67.069069,1.000000,1.001704,0.000001998,
1554000,66.954765,26.250000,40.704765,0.000000,-67.069069,1.000000,1.001357,0.000002013,
1554100,66.954765,26.250000,40.704765,0.000000,-66.954765,1.000000,1.001005,0.000002044,
1554200,66.954765,26.250000,40.704765,0.000000,-66.954765,1.000000,1.000661,0.000002034,
1554300,66.977386,26.250000,40.727386,0.000000,-66.954765,1.000000,1.000325,0.000002030,
1554400,66.977386,26.500000,40.477386,0.000000,-66.954765,1.000000,0.999991,0.000002003,
1554500,66.977386,26.500000,40.477386,0.000000,-66.977386,1.000000,0.999674,0.000002003,
1554600,66.863693,26.500000,40.363693,0.000000,-66.977386,1.000000,0.999310,0.000002036,
1554700,66.863693,26.750000,40.113693,0.000000,-66.977386,1.000000,0.998950,0.000002030,
1554800,66.863693,26.750000,40.113693,0.000000,-66.977386,1.000000,0.998686,0.000002017,
1554900,66.931847,26.750000,40.181847,0.000000,-66.863693,1.000000,0.998328,0.000002002,
1555000,66.931847,25.750000,41.181847,0.000000,-66.863693,1.000000,0.997983,0.000001988,
1555100,66.931847,25.750000,41.181847,0.000000,-66.863693,1.000000,0.997616,0.000001996,
1555200,66.590927,25.750000,40.840927,0.000000,-66.863693,1.000000,0.997180,0.000001990,
1555300,66.590927,26.250000,40.340927,0.000000,-66.590927,1.000000,0.996845,0.000001999,
1555400,66.590927,26.250000,40.340927,0.000000,-66.590927,1.000000,0.996476,0.000002016,
1555500,66.295464,26.250000,40.045464,0.000000,-66.590927,1.000000,0.996093,0.000002010,
1555600,66.295464,26.500000,39.795464,0.000000,-66.590927,1.000000,0.995815,0.000002021,
1555700,66.295464,26.500000,39.795464,0.000000,-66.295464,1.000000,0.995523,0.000002021,
1555800,66.522736,26.500000,40.022736,0.000000,-66.295464,1.000000,0.995160,0.000002021,
1555900,66.522736,26.250000,40.272736,0.000000,-66.295464,1.000000,0.994846,0.000002008,
1556000,66.522736,26.250000,40.272736,0.000000,-66.295464,1.000000,0.994501,0.000002016,
1556100,66.511368,26.250000,40.261368,0.000000,-66.522736,1.000000,0.994174,0.000001996,
1556200,66.511368,26.500000,40.011368,0.000000,-66.522736,1.000000,0.993867,0.000001993,
1556300,66.511368,26.500000,40.011368,0.000000,-66.522736,1.000000,0.993492,0.000002009,
1556400,66.630684,26.500000,40.130684,0.000000,-66.522736,1.000000,0.993192,0.000002047,
1556500,66.630684,26.500000,40.130684,0.000000,-66.630684,1.000000,0.992837,0.000002079,
1556600,66.630684,26.500000,40.130684,0.000000,-66.630684,1.000000,0.992499,0.000002070,
1556700,66.440338,26.500000,39.940338,0.000000,-66.630684,1.000000,0.992121,0.000002091,
1556800,66.440338,26.500000,39.940338,0.000000,-66.630684,1.000000,0.991805,0.000002074,
1556900,66.440338,26.500000,39.940338,0.000000,-66.440338,1.000000,0.991432,0.000002110,
1557000,66.345169,26.500000,39.845169,0.000000,-66.440338,1.000000,0.991026,0.000002121,
1557100,66.345169,26.500000,39.845169,0.000000,-66.440338,1.000000,0.990637,0.000002108,
1557200,66.345169,26.500000,39.845169,0.000000,-66.440338,1.000000,0.990277,0.000002094,
1557300,66.172585,26.500000,39.672585,0.000000,-66.345169,1.000000,0.989888,0.000002089,
1557400,66.172585,26.500000,39.672585,0.000000,-66.345169,1.000000,0.989564,0.000002090,
1557500,66.172585,26.500000,39.672585,0.000000,-66.345169,1.000000,0.989208,0.000002080,
1557600,66.336288,26.500000,39.836288,0.000000,-66.345169,1.000000,0.988826,0.000002073,
1557700,66.336288,26.500000,39.836288,0.000000,-66.336288,1.000000,0.988479,0.000002061,
1557800,66.336288,26.500000,39.836288,0.000000,-66.336288,1.000000,0.988126,0.000002065,
1557900,66.418144,26.500000,39.918144,0.000000,-66.336288,1.000000,0.987740,0.000002095,
1558000,66.418144,26.500000,39.918144,0.000000,-66.336288,1.000000,0.987377,0.000002126,
1558100,66.418144,26.500000,39.918144,0.000000,-66.418144,1.000000,0.987071,0.000002109,
1558200,66.334076,26.500000,39.834076,0.000000,-66.418144,1.000000,0.986734,0.000002087,
1558300,66.334076,26.500000,39.834076,0.000000,-66.418144,1.000000,0.986377,0.000002070,
1558400,66.334076,26.500000,39.834076,0.000000,-66.418144,1.000000,0.986029,0.000002037,
1558500,66.167038,26.500000,39.667038,0.000000,-66.334076,1.000000,0.985654,0.000002057,
1558600,66.167038,26.250000,39.917038,0.000000,-66.334076,1.000000,0.985303,0.000002081,
1558700,66.167038,26.250000,39.917038,0.000000,-66.334076,1.000000,0.984965,0.000002058,
1558800,66.208519,26.250000,39.958519,0.000000,-66.334076,1.000000,0.984656,0.000002073,
1558900,66.208519,26.500000,39.708519,0.000000,-66.208519,1.000000,0.984315,0.000002062,
1559000,66.208519,26.500000,39.708519,0.000000,-66.208519,1.000000,0.983954,0.000002061,
1559100,66.229263,26.500000,39.729263,0.000000,-66.208519,1.000000,0.983559,0.000002037,
1559200,66.229263,26.500000,39.729263,0.000000,-66.208519,1.000000,0.983210,0.000002074,
1559300,66.229263,26.500000,39.729263,0.000000,-66.229263,1.000000,0.982849,0.000002072,
1559400,66.114632,26.500000,39.614632,0.000000,-66.229263,1.000000,0.982521,0.000002076,
1559500,66.114632,26.500000,39.614632,0.000000,-66.229263,1.000000,0.982092,0.000002059,
1559600,66.114632,26.500000,39.614632,0.000000,-66.229263,1.000000,0.981687,0.000002065,
1559700,65.807312,26.500000,39.307312,0.000000,-66.114632,1.000000,0.981362,0.000002073,
1559800,65.807312,25.750000,40.057312,0.000000,-66.114632,1.000000,0.981020,0.000002062,
1560000,65.903656,25.750000,40.153656,0.000000,-66.114632,1.000000,0.980351,0.000002034,
1560100,65.903656,26.250000,39.653656,0.000000,-65.903656,1.000000,0.979979,0.000002027,
1560200,65.903656,26.250000,39.653656,0.000000,-65.903656,1.000000,0.979610,0.000002024,
1560300,65.826828,26.250000,39.576828,0.000000,-65.903656,1.000000,0.979256,0.000002024,
1560400,65.826828,26.000000,39.826828,0.000000,-65.903656,1.000000,0.978899,0.000002016,
1560500,65.826828,26.000000,39.826828,0.000000,-65.826828,1.000000,0.978582,0.000001993,
1560600,65.913414,26.000000,39.913414,0.000000,-65.826828,1.000000,0.978202,0.000001974,
1560700,65.913414,26.250000,39.663414,0.000000,-65.826828,1.000000,0.977869,0.000001992,
1560800,65.913414,26.250000,39.663414,0.000000,-65.826828,1.000000,0.977553,0.000001999,
1560900,65.831711,26.250000,39.581711,0.000000,-65.913414,1.000000,0.977144,0.000002004,
1561000,65.831711,26.500000,39.331711,0.000000,-65.913414,1.000000,0.976813,0.000002004,
1561100,65.831711,26.500000,39.331711,0.000000,-65.913414,1.000000,0.976496,0.000002017,
1561200,65.665855,26.500000,39.165855,0.000000,-65.913414,1.000000,0.976166,0.000002031,
1561300,65.665855,26.250000,39.415855,0.000000,-65.665855,1.000000,0.975783,0.000002042,
1561400,65.665855,26.250000,39.415855,0.000000,-65.665855,1.000000,0.975435,0.000002048,
1561500,65.457932,26.250000,39.207932,0.000000,-65.665855,1.000000,0.975059,0.000002036,
1561600,65.353966,26.250000,39.103966,0.000000,-65.665855,1.000000,0.974726,0.000002029,
1561700,65.353966,26.500000,38.853966,0.000000,-65.353966,1.000000,0.974364,0.000002039,
1561800,65.353966,26.500000,38.853966,0.000000,-65.353966,1.000000,0.974009,0.000002026,
1561900,65.551987,26.500000,39.051987,0.000000,-65.353966,1.000000,0.973633,0.000001999,
1562000,65.551987,26.750000,38.801987,0.000000,-65.353966,1.000000,0.973250,0.000001985,
1562100,65.551987,26.750000,38.801987,0.000000,-65.551987,1.000000,0.972893,0.000001991,
1562200,65.650993,26.750000,38.900993,0.000000,-65.551987,1.000000,0.972604,0.000001959,
1562300,65.650993,26.500000,39.150993,0.000000,-65.551987,1.000000,0.972286,0.000001954,
1562400,65.650993,26.500000,39.150993,0.000000,-65.551987,1.000000,0.971994,0.000001966,
1562500,65.450500,26.500000,38.950500,0.000000,-65.650993,1.000000,0.971673,0.000001951,
1562600,65.450500,26.500000,38.950500,0.000000,-65.650993,1.000000,0.971342,0.000001973,
1562700,65.450500,26.500000,38.950500,0.000000,-65.650993,1.000000,0.970981,0.000001968,
1562800,65.350250,26.500000,38.850250,0.000000,-65.650993,1.000000,0.970675,0.000001985,
1562900,65.350250,26.500000,38.850250,0.000000,-65.350250,1.000000,0.970313,0.000002020,
1563000,65.350250,26.500000,38.850250,0.000000,-65.350250,1.000000,0.969995,0.000001996,
1563100,65.175125,26.500000,38.675125,0.000000,-65.350250,1.000000,0.969667,0.000002017,
1563200,65.175125,26.500000,38.675125,0.000000,-65.350250,1.000000,0.969311,0.000002024,
1563300,65.175125,26.500000,38.675125,0.000000,-65.175125,1.000000,0.968945,0.000002024,
1563400,65.337563,26.500000,38.837563,0.000000,-65.175125,1.000000,0.968548,0.000002046,
1563500,65.337563,26.750000,38.587563,0.000000,-65.175125,1.000000,0.968172,0.000002044,
1563600,65.337563,26.750000,38.587563,0.000000,-65.175125,1.000000,0.967841,0.000002027,
1563700,65.293777,26.750000,38.543777,0.000000,-65.337563,1.000000,0.967502,0.000002025,
1563800,65.293777,26.250000,39.043777,0.000000,-65.337563,1.000000,0.967193,0.000002023,
1563900,65.293777,26.250000,39.043777,0.000000,-65.337563,1.000000,0.966817,0.000002011,
1564000,65.521889,26.250000,39.271889,0.000000,-65.337563,1.000000,0.966468,0.000001990,
1564100,65.521889,26.500000,39.021889,0.000000,-65.521889,1.000000,0.966107,0.000001981,
1564200,65.521889,26.500000,39.021889,0.000000,-65.521889,1.000000,0.965730,0.000001984,
1564300,65.385941,26.500000,38.885941,0.000000,-65.521889,1.000000,0.965401,0.000001971,
1564400,65.385941,26.250000,39.135941,0.000000,-65.521889,1.000000,0.965048,0.000001977,
1564500,65.385941,26.250000,39.135941,0.000000,-65.385941,1.000000,0.964683,0.000002008,
1564600,65.442970,26.250000,39.192970,0.000000,-65.385941,1.000000,0.964301,0.000002035,
1564700,65.442970,26.500000,38.942970,0.000000,-65.385941,1.000000,0.964010,0.000002001,
1564800,65.442970,26.500000,38.942970,0.000000,-65.385941,1.000000,0.963635,0.000002003,
1564900,65.096481,26.500000,38.596481,0.000000,-65.442970,1.000000,0.963279,0.000002005,
1565000,65.096481,26.750000,38.346481,0.000000,-65.442970,1.000000,0.962896,0.000001993,
1565100,65.096481,26.750000,38.346481,0.000000,-65.442970,1.000000,0.962552,0.000001992,
1565200,65.298241,26.750000,38.548241,0.000000,-65.442970,1.000000,0.962191,0.000002013,
1565300,65.298241,25.750000,39.548241,0.000000,-65.298241,1.000000,0.961841,0.000002022,
1565400,65.298241,25.750000,39.548241,0.000000,-65.298241,1.000000,0.961511,0.000002011,
1565500,65.149124,25.750000,39.399124,0.000000,-65.298241,1.000000,0.961093,0.000002021,
1565600,65.149124,25.750000,39.399124,0.000000,-65.298241,1.000000,0.960760,0.000002014,
1565700,65.149124,25.750000,39.399124,0.000000,-65.149124,1.000000,0.960402,0.000002041,
1565800,64.949562,25.750000,39.199562,0.000000,-65.149124,1.000000,0.960067,0.000002025,
1565900,64.949562,26.750000,38.199562,0.000000,-65.149124,1.000000,0.959699,0.000002004,
1566000,64.949562,26.750000,38.199562,0.000000,-65.149124,1.000000,0.959349,0.000002017,
1566100,64.849777,26.750000,38.099777,0.000000,-64.949562,1.000000,0.959016,0.000002040,
1566200,64.849777,26.500000,38.349777,0.000000,-64.949562,1.000000,0.958668,0.000002032,
1566300,64.849777,26.500000,38.349777,0.000000,-64.949562,1.000000,0.958309,0.000002008,
1566400,64.924889,26.500000,38.424889,0.000000,-64.949562,1.000000,0.958032,0.000002011,
1566500,64.924889,26.500000,38.424889,0.000000,-64.924889,1.000000,0.957678,0.000001998,
1566600,64.924889,26.500000,38.424889,0.000000,-64.924889,1.000000,0.957350,0.000001972,
1566700,65.087448,26.500000,38.587448,0.000000,-64.924889,1.000000,0.956978,0.000001987,
1566800,65.087448,26.500000,38.587448,0.000000,-64.924889,1.000000,0.956671,0.000001995,
1566900,65.087448,26.500000,38.587448,0.000000,-65.087448,1.000000,0.956323,0.000001985,
1567000,65.168724,26.500000,38.668724,0.000000,-65.087448,1.000000,0.955960,0.000001992,
1567100,65.168724,26.500000,38.668724,0.000000,-65.087448,1.000000,0.955615,0.000002015,
1567200,65.168724,26.500000,38.668724,0.000000,-65.087448,1.000000,0.955241,0.000002027,
1567300,64.959366,26.500000,38.459366,0.000000,-65.168724,1.000000,0.954890,0.000002023,
1567400,64.959366,26.250000,38.709366,0.000000,-65.168724,1.000000,0.954564,0.000002004,
1567500,64.959366,26.250000,38.709366,0.000000,-65.168724,1.000000,0.954218,0.000002011,
1567600,64.729683,26.250000,38.479683,0.000000,-65.168724,1.000000,0.953850,0.000002006,
1567700,64.729683,26.500000,38.229683,0.000000,-64.729683,1.000000,0.953517,0.000001981,
1567800,64.729683,26.500000,38.229683,0.000000,-64.729683,1.000000,0.953171,0.000001946,
1567900,64.864838,26.500000,38.364838,0.000000,-64.729683,1.000000,0.952799,0.000001980,
1568000,64.864838,26.750000,38.114838,0.000000,-64.729683,1.000000,0.952476,0.000001984,
1568100,64.864838,26.750000,38.114838,0.000000,-64.864838,1.000000,0.952131,0.000001940,
1568200,64.932419,26.750000,38.182419,0.000000,-64.864838,1.000000,0.951742,0.000001978,
1568300,64.932419,26.500000,38.432419,0.000000,-64.864838,1.000000,0.951398,0.000001966,
1568400,64.932419,26.500000,38.432419,0.000000,-64.864838,1.000000,0.951045,0.000001963,
1568500,64.841209,26.500000,38.341209,0.000000,-64.932419,1.000000,0.950698,0.000001966,
1568600,64.841209,26.250000,38.591209,0.000000,-64.932419,1.000000,0.950352,0.000001941,
1568700,64.841209,26.250000,38.591209,0.000000,-64.932419,1.000000,0.949999,0.000001944,
1568800,64.795609,26.250000,38.545609,0.000000,-64.932419,1.000000,0.949640,0.000001971,
1568900,64.795609,26.750000,38.045609,0.000000,-64.795609,1.000000,0.949333,0.000001972,
1569000,64.795609,26.750000,38.045609,0.000000,-64.795609,1.000000,0.949033,0.000001965,
1569100,64.647804,26.750000,37.897804,0.000000,-64.795609,1.000000,0.948669,0.000001966,
1569200,64.647804,26.750000,37.897804,0.000000,-64.795609,1.000000,0.948349,0.000001964,
1569300,64.647804,26.750000,37.897804,0.000000,-64.647804,1.000000,0.948006,0.000001969,
1569400,64.448898,26.750000,37.698898,0.000000,-64.647804,1.000000,0.947628,0.000001933,
1569500,64.448898,26.250000,38.198898,0.000000,-64.647804,1.000000,0.947276,0.000001939,
1569600,64.448898,26.250000,38.198898,0.000000,-64.647804,1.000000,0.946974,0.000001950,
1569700,64.474449,26.250000,38.224449,0.000000,-64.448898,1.000000,0.946631,0.000001931,
1569800,64.474449,26.750000,37.724449,0.000000,-64.448898,1.000000,0.946260,0.000001940,
1569900,64.474449,26.750000,37.724449,0.000000,-64.448898,1.000000,0.945915,0.000001941,
1570000,64.362228,26.750000,37.612228,0.000000,-64.448898,1.000000,0.945590,0.000001947,
1570100,64.362228,26.500000,37.862228,0.000000,-64.362228,1.000000,0.945227,0.000001974,
1570200,64.362228,26.500000,37.862228,0.000000,-64.362228,1.000000,0.944929,0.000001957,
1570300,64.181114,26.500000,37.681114,0.000000,-64.362228,1.000000,0.944614,0.000001957,
1570400,64.181114,26.500000,37.681114,0.000000,-64.362228,1.000000,0.944295,0.000001963,
1570500,64.181114,26.500000,37.681114,0.000000,-64.181114,1.000000,0.943928,0.000001997,
1570600,64.215561,26.500000,37.715561,0.000000,-64.181114,1.000000,0.943610,0.000002043,
1570700,64.215561,26.500000,37.715561,0.000000,-64.181114,1.000000,0.943301,0.000002041,
1570800,64.215561,26.500000,37.715561,0.000000,-64.181114,1.000000,0.942990,0.000002027,
1570900,64.232780,26.500000,37.732780,0.000000,-64.215561,1.000000,0.942642,0.000002025,
1571000,64.232780,26.500000,37.732780,0.000000,-64.215561,1.000000,0.942319,0.000002040,
1571100,64.232780,26.500000,37.732780,0.000000,-64.215561,1.000000,0.941968,0.000002037,
1571200,64.491394,26.500000,37.991394,0.000000,-64.215561,1.000000,0.941664,0.000002014,
1571300,64.491394,26.000000,38.491394,0.000000,-64.491394,1.000000,0.941379,0.000002002,
1571400,64.491394,26.000000,38.491394,0.000000,-64.491394,1.000000,0.941025,0.000002009,
1571500,64.370697,26.000000,38.370697,0.000000,-64.491394,1.000000,0.940671,0.000002011,
1571600,64.370697,26.500000,37.870697,0.000000,-64.491394,1.000000,0.940330,0.000001999,
1571700,64.370697,26.500000,37.870697,0.000000,-64.370697,1.000000,0.939998,0.000002019,
1571800,64.310349,26.500000,37.810349,0.000000,-64.370697,1.000000,0.939682,0.000002004,
1571900,64.310349,26.500000,37.810349,0.000000,-64.370697,1.000000,0.939336,0.000001991,
1572000,64.310349,26.500000,37.810349,0.000000,-64.370697,1.000000,0.939005,0.000001992,
1572100,64.280174,26.500000,37.780174,0.000000,-64.310349,1.000000,0.938684,0.000001990,
1572200,64.280174,26.250000,38.030174,0.000000,-64.310349,1.000000,0.938297,0.000001979,
1572300,64.280174,26.250000,38.030174,0.000000,-64.310349,1.000000,0.937949,0.000001959,
1572400,64.140091,26.250000,37.890091,0.000000,-64.310349,1.000000,0.937593,0.000002004,
1572500,64.140091,26.500000,37.640091,0.000000,-64.140091,1.000000,0.937300,0.000001996,
1572600,64.140091,26.500000,37.640091,0.000000,-64.140091,1.000000,0.936931,0.000002003,
1572700,64.070045,26.500000,37.570045,0.000000,-64.140091,1.000000,0.936602,0.000002002,
1572800,64.070045,26.000000,38.070045,0.000000,-64.140091,1.000000,0.936213,0.000001997,
1572900,64.070045,26.000000,38.070045,0.000000,-64.070045,1.000000,0.935884,0.000002024,
1573000,64.035019,26.000000,38.035019,0.000000,-64.070045,1.000000,0.935542,0.000002017,
1573100,64.035019,26.000000,38.035019,0.000000,-64.070045,1.000000,0.935138,0.000002072,
1573200,64.035019,26.000000,38.035019,0.000000,-64.070045,1.000000,0.934821,0.000002056,
1573300,64.017509,26.000000,38.017509,0.000000,-64.035019,1.000000,0.934457,0.000002043,
1573400,64.017509,26.500000,37.517509,0.000000,-64.035019,1.000000,0.934087,0.000002035,
1573500,64.017509,26.500000,37.517509,0.000000,-64.035019,1.000000,0.933785,0.000002027,
1573600,64.008759,26.500000,37.508759,0.000000,-64.035019,1.000000,0.933456,0.000001977,
1573700,64.008759,26.000000,38.008759,0.000000,-64.008759,1.000000,0.933106,0.000001954,
1573800,64.008759,26.000000,38.008759,0.000000,-64.008759,1.000000,0.932731,0.000001956,
1573900,64.004379,26.000000,38.004379,0.000000,-64.008759,1.000000,0.932396,0.000001953,
1574000,64.004379,26.250000,37.754379,0.000000,-64.008759,1.000000,0.932081,0.000001942,
1574100,64.004379,26.250000,37.754379,0.000000,-64.004379,1.000000,0.931762,0.000001943,
1574200,63.627190,26.250000,37.377190,0.000000,-64.004379,1.000000,0.931432,0.000001949,
1574300,63.627190,26.250000,37.377190,0.000000,-64.004379,1.000000,0.931070,0.000001935,
1574400,63.627190,26.250000,37.377190,0.000000,-64.004379,1.000000,0.930715,0.000001955,
1574500,63.813595,26.250000,37.563595,0.000000,-63.627190,1.000000,0.930411,0.000001967,
1574600,63.813595,26.000000,37.813595,0.000000,-63.627190,1.000000,0.930115,0.000001985,
1574700,63.813595,26.000000,37.813595,0.000000,-63.627190,1.000000,0.929708,0.000002011,
1574800,63.781799,26.000000,37.781799,0.000000,-63.627190,1.000000,0.929424,0.000002024,
1574900,63.781799,26.000000,37.781799,0.000000,-63.781799,1.000000,0.929074,0.000002029,
1575000,63.781799,26.000000,37.781799,0.000000,-63.781799,1.000000,0.928758,0.000002016,
1575100,63.765900,26.000000,37.765900,0.000000,-63.781799,1.000000,0.928419,0.000002000,
1575200,63.765900,26.250000,37.515900,0.000000,-63.781799,1.000000,0.928100,0.000001989,
1575300,63.765900,26.250000,37.515900,0.000000,-63.765900,1.000000,0.927741,0.000002015,
1575400,63.757950,26.250000,37.507950,0.000000,-63.765900,1.000000,0.927439,0.000001991,
1575500,63.757950,26.250000,37.507950,0.000000,-63.765900,1.000000,0.927145,0.000001995,
1575600,63.757950,26.250000,37.507950,0.000000,-63.765900,1.000000,0.926837,0.000001968,
1575700,63.753975,26.250000,37.503975,0.000000,-63.757950,1.000000,0.926533,0.000001955,
1575800,63.753975,26.250000,37.503975,0.000000,-63.757950,1.000000,0.926201,0.000001973,
1575900,63.753975,26.250000,37.503975,0.000000,-63.757950,1.000000,0.925878,0.000002003,
1576000,63.501987,26.250000,37.251987,0.000000,-63.757950,1.000000,0.925519,0.000002000,
1576100,63.501987,26.250000,37.251987,0.000000,-63.501987,1.000000,0.925144,0.000002009,
1576200,63.501987,26.250000,37.251987,0.000000,-63.501987,1.000000,0.924807,0.000002000,
1576300,63.500992,26.250000,37.250992,0.000000,-63.501987,1.000000,0.924458,0.000001986,
1576400,63.500992,26.500000,37.000992,0.000000,-63.501987,1.000000,0.924101,0.000001983,
1576500,63.500992,26.500000,37.000992,0.000000,-63.500992,1.000000,0.923811,0.000001962,
1576600,63.500496,26.500000,37.000496,0.000000,-63.500992,1.000000,0.923483,0.000001979,
1576700,63.500496,26.000000,37.500496,0.000000,-63.500992,1.000000,0.923144,0.000001994,
1576800,63.500496,26.000000,37.500496,0.000000,-63.500992,1.000000,0.922753,0.000001962,
1576900,63.500248,26.000000,37.500248,0.000000,-63.500496,1.000000,0.922386,0.000001985,
1577000,63.500248,26.000000,37.500248,0.000000,-63.500496,1.000000,0.922005,0.000001966,
1577100,63.500248,26.000000,37.500248,0.000000,-63.500496,1.000000,0.921675,0.000001958,
1577200,63.500122,26.000000,37.500122,0.000000,-63.500496,1.000000,0.921384,0.000001956,
1577300,63.500122,26.500000,37.000122,0.000000,-63.500122,1.000000,0.921043,0.000001958,
1577400,63.500122,26.500000,37.000122,0.000000,-63.500122,1.000000,0.920702,0.000001952,
1577500,63.500061,26.500000,37.000061,0.000000,-63.500122,1.000000,0.920340,0.000001966,
1577600,63.500061,26.000000,37.500061,0.000000,-63.500122,1.000000,0.919943,0.000001973,
1577700,63.500061,26.000000,37.500061,0.000000,-63.500061,1.000000,0.919644,0.000001967,
1577800,63.500031,26.000000,37.500031,0.000000,-63.500061,1.000000,0.919253,0.000001980,
1577900,63.500031,26.000000,37.500031,0.000000,-63.500061,1.000000,0.918903,0.000001965,
1578000,63.500031,26.000000,37.500031,0.000000,-63.500061,1.000000,0.918586,0.000002004,
1578100,63.375015,26.000000,37.375015,0.000000,-63.500031,1.000000,0.918224,0.000001997,
1578200,63.375015,26.000000,37.375015,0.000000,-63.500031,1.000000,0.917888,0.000001975,
1578300,63.375015,26.000000,37.375015,0.000000,-63.500031,1.000000,0.917594,0.000001973,
1578400,63.312508,26.000000,37.312508,0.000000,-63.500031,1.000000,0.917257,0.000001960,
1578500,63.312508,26.000000,37.312508,0.000000,-63.312508,1.000000,0.916912,0.000001971,
1578600,63.312508,26.000000,37.312508,0.000000,-63.312508,1.000000,0.916533,0.000001955,
1578700,63.281254,26.000000,37.281254,0.000000,-63.312508,1.000000,0.916198,0.000001967,
1578800,63.281254,26.250000,37.031254,0.000000,-63.312508,1.000000,0.915856,0.000001967,
1578900,63.281254,26.250000,37.031254,0.000000,-63.281254,1.000000,0.915518,0.000001985,
1579000,63.265625,26.250000,37.015625,0.000000,-63.281254,1.000000,0.915120,0.000001981,
1579100,63.265625,26.000000,37.265625,0.000000,-63.281254,1.000000,0.914753,0.000001993,
1579200,63.265625,26.000000,37.265625,0.000000,-63.281254,1.000000,0.914391,0.000001982,
1579300,63.382812,26.000000,37.382812,0.000000,-63.265625,1.000000,0.914013,0.000001967,
1579400,63.382812,26.500000,36.882812,0.000000,-63.265625,1.000000,0.913699,0.000001979,
1579500,63.382812,26.500000,36.882812,0.000000,-63.265625,1.000000,0.913343,0.000001981,
1579600,63.316406,26.500000,36.816406,0.000000,-63.265625,1.000000,0.913010,0.000001982,
1579700,63.316406,26.500000,36.816406,0.000000,-63.316406,1.000000,0.912657,0.000001994,
1579800,63.316406,26.500000,36.816406,0.000000,-63.316406,1.000000,0.912319,0.000002013,
1579900,63.158203,26.500000,36.658203,0.000000,-63.316406,1.000000,0.912051,0.000002032,
1580000,63.158203,26.250000,36.908203,0.000000,-63.316406,1.000000,0.911703,0.000002032,
1580100,63.158203,26.250000,36.908203,0.000000,-63.158203,1.000000,0.911398,0.000002039,
1580200,63.079102,26.250000,36.829102,0.000000,-63.158203,1.000000,0.911049,0.000002041,
1580300,63.079102,26.250000,36.829102,0.000000,-63.158203,1.000000,0.910769,0.000002063,
1580400,63.079102,26.250000,36.829102,0.000000,-63.158203,1.000000,0.910377,0.000002054,
1580500,63.039551,26.250000,36.789551,0.000000,-63.079102,1.000000,0.910032,0.000002037,
1580600,63.039551,26.000000,37.039551,0.000000,-63.079102,1.000000,0.909698,0.000002040,
1580700,63.039551,26.000000,37.039551,0.000000,-63.079102,1.000000,0.909364,0.000002043,
1580800,63.019775,26.000000,37.019775,0.000000,-63.079102,1.000000,0.908986,0.000002037,
1580900,63.019775,26.250000,36.769775,0.000000,-63.019775,1.000000,0.908634,0.000002031,
1581000,63.019775,26.250000,36.769775,0.000000,-63.019775,1.000000,0.908305,0.000002013,
1581100,62.884888,26.250000,36.634888,0.000000,-63.019775,1.000000,0.907988,0.000002004,
1581200,62.884888,25.750000,37.134888,0.000000,-63.019775,1.000000,0.907694,0.000001993,
1581300,62.884888,25.750000,37.134888,0.000000,-62.884888,1.000000,0.907333,0.000001985,
1581400,62.692444,25.750000,36.942444,0.000000,-62.884888,1.000000,0.906982,0.000001999,
1581500,62.692444,26.250000,36.442444,0.000000,-62.884888,1.000000,0.906636,0.000001999,
1581600,62.692444,26.250000,36.442444,0.000000,-62.884888,1.000000,0.906274,0.000002010,
1581700,62.846222,26.250000,36.596222,0.000000,-62.692444,1.000000,0.905868,0.000002019,
1581800,62.846222,26.250000,36.596222,0.000000,-62.692444,1.000000,0.905544,0.000002018,
1581900,62.846222,26.250000,36.596222,0.000000,-62.692444,1.000000,0.905198,0.000001991,
1582000,63.048111,26.250000,36.798111,0.000000,-62.692444,1.000000,0.904827,0.000001993,
1582100,63.048111,26.250000,36.798111,0.000000,-63.048111,1.000000,0.904440,0.000001993,
1582200,63.048111,26.250000,36.798111,0.000000,-63.048111,1.000000,0.904142,0.000002008,
1582300,62.649055,26.250000,36.399055,0.000000,-63.048111,1.000000,0.903821,0.000002003,
1582400,62.649055,26.750000,35.899055,0.000000,-63.048111,1.000000,0.903466,0.000002022,
1582500,62.649055,26.750000,35.899055,0.000000,-62.649055,1.000000,0.903166,0.000002016,
1582600,62.574528,26.750000,35.824528,0.000000,-62.649055,1.000000,0.902865,0.000001996,
1582700,62.574528,26.250000,36.324528,0.000000,-62.649055,1.000000,0.902529,0.000002006,
1582800,62.574528,26.250000,36.324528,0.000000,-62.649055,1.000000,0.902221,0.000002028,
1582900,62.662262,26.250000,36.412262,0.000000,-62.574528,1.000000,0.901865,0.000002007,
1583000,62.662262,26.250000,36.412262,0.000000,-62.574528,1.000000,0.901525,0.000002008,
1583100,62.662262,26.250000,36.412262,0.000000,-62.574528,1.000000,0.901136,0.000001999,
1583200,62.706131,26.250000,36.456131,0.000000,-62.574528,1.000000,0.900757,0.000002000,
1583300,62.706131,26.250000,36.456131,0.000000,-62.706131,1.000000,0.900448,0.000001975,
1583400,62.706131,26.250000,36.456131,0.000000,-62.706131,1.000000,0.900124,0.000001986,
1583500,62.853065,26.250000,36.603065,0.000000,-62.706131,1.000000,0.899839,0.000002007,
1583600,62.853065,25.750000,37.103065,0.000000,-62.706131,1.000000,0.899542,0.000002037,
1583700,62.853065,25.750000,37.103065,0.000000,-62.853065,1.000000,0.899184,0.000002041,
1583800,62.676533,25.750000,36.926533,0.000000,-62.853065,1.000000,0.898841,0.000002037,
1583900,62.676533,26.500000,36.176533,0.000000,-62.853065,1.000000,0.898505,0.000002021,
1584000,62.676533,26.500000,36.176533,0.000000,-62.853065,1.000000,0.898197,0.000002011,
1584100,62.588264,26.500000,36.088264,0.000000,-62.676533,1.000000,0.897843,0.000001996,
1584200,62.588264,26.500000,36.088264,0.000000,-62.676533,1.000000,0.897516,0.000002012,
1584300,62.588264,26.500000,36.088264,0.000000,-62.676533,1.000000,0.897160,0.000002006,
1584400,62.544132,26.500000,36.044132,0.000000,-62.676533,1.000000,0.896849,0.000002012,
1584500,62.544132,26.250000,36.294132,0.000000,-62.544132,1.000000,0.896576,0.000002039,
1584600,62.544132,26.250000,36.294132,0.000000,-62.544132,1.000000,0.896264,0.000002057,
1584700,62.272064,26.250000,36.022064,0.000000,-62.544132,1.000000,0.895904,0.000002020,
1584800,62.272064,25.750000,36.522064,0.000000,-62.544132,1.000000,0.895561,0.000002031,
1584900,62.272064,25.750000,36.522064,0.000000,-62.272064,1.000000,0.895211,0.000002012,
1585000,62.386032,25.750000,36.636032,0.000000,-62.272064,1.000000,0.894944,0.000002022,
1585100,62.386032,26.500000,35.886032,0.000000,-62.272064,1.000000,0.894582,0.000002039,
1585200,62.386032,26.500000,35.886032,0.000000,-62.272064,1.000000,0.894242,0.000002018,
1585300,62.443016,26.500000,35.943016,0.000000,-62.386032,1.000000,0.893912,0.000002013,
1585400,62.443016,26.500000,35.943016,0.000000,-62.386032,1.000000,0.893548,0.000002020,
1585500,62.443016,26.500000,35.943016,0.000000,-62.386032,1.000000,0.893246,0.000001999,
1585600,62.346508,26.500000,35.846508,0.000000,-62.386032,1.000000,0.892920,0.000002019,
1585700,62.346508,26.000000,36.346508,0.000000,-62.346508,1.000000,0.892611,0.000002020,
1585800,62.346508,26.000000,36.346508,0.000000,-62.346508,1.000000,0.892277,0.000002019,
1585900,62.173256,26.000000,36.173256,0.000000,-62.346508,1.000000,0.891910,0.000002003,
1586000,62.173256,26.000000,36.173256,0.000000,-62.346508,1.000000,0.891576,0.000001997,
1586100,62.173256,26.000000,36.173256,0.000000,-62.173256,1.000000,0.891255,0.000002026,
1586200,62.211628,26.000000,36.211628,0.000000,-62.173256,1.000000,0.890945,0.000002034,
1586300,62.211628,26.000000,36.211628,0.000000,-62.173256,1.000000,0.890665,0.000002032,
1586400,62.211628,26.000000,36.211628,0.000000,-62.173256,1.000000,0.890322,0.000002012,
1586500,62.230812,26.000000,36.230812,0.000000,-62.211628,1.000000,0.889997,0.000002054,
1586600,62.230812,26.250000,35.980812,0.000000,-62.211628,1.000000,0.889676,0.000002064,
1586700,62.230812,26.250000,35.980812,0.000000,-62.211628,1.000000,0.889325,0.000002078,
1586800,62.115406,26.250000,35.865406,0.000000,-62.211628,1.000000,0.888964,0.000002067,
1586900,62.115406,26.250000,35.865406,0.000000,-62.115406,1.000000,0.888606,0.000002083,
1587000,62.115406,26.250000,35.865406,0.000000,-62.115406,1.000000,0.888308,0.000002092,
1587100,62.182701,26.250000,35.932701,0.000000,-62.115406,1.000000,0.888008,0.000002054,
1587200,62.216351,26.250000,35.966351,0.000000,-62.115406,1.000000,0.887712,0.000002041,
1587300,62.216351,26.250000,35.966351,0.000000,-62.216351,1.000000,0.887421,0.000002039,
1587400,62.216351,26.250000,35.966351,0.000000,-62.216351,1.000000,0.887082,0.000002021,
1587500,62.233177,26.250000,35.983177,0.000000,-62.216351,1.000000,0.886800,0.000002043,
1587600,62.233177,26.500000,35.733177,0.000000,-62.216351,1.000000,0.886484,0.000002025,
1587700,62.233177,26.500000,35.733177,0.000000,-62.233177,1.000000,0.886164,0.000002037,
1587800,62.116589,26.500000,35.616589,0.000000,-62.233177,1.000000,0.885851,0.000002007,
1587900,62.116589,26.250000,35.866589,0.000000,-62.233177,1.000000,0.885561,0.000001994,
1588000,62.116589,26.250000,35.866589,0.000000,-62.233177,1.000000,0.885255,0.000001996,
1588100,62.183296,26.250000,35.933296,0.000000,-62.116589,1.000000,0.884922,0.000002016,
1588200,62.183296,26.250000,35.933296,0.000000,-62.116589,1.000000,0.884609,0.000002024,
1588300,62.183296,26.250000,35.933296,0.000000,-62.116589,1.000000,0.884296,0.000002018,
1588400,61.966648,26.250000,35.716648,0.000000,-62.116589,1.000000,0.884033,0.000002037,
1588500,61.966648,26.000000,35.966648,0.000000,-61.966648,1.000000,0.883730,0.000002045,
1588600,61.966648,26.000000,35.966648,0.000000,-61.966648,1.000000,0.883410,0.000002035,
1588700,61.983322,26.000000,35.983322,0.000000,-61.966648,1.000000,0.883130,0.000002031,
1588800,61.983322,26.000000,35.983322,0.000000,-61.966648,1.000000,0.882873,0.000002056,
1588900,61.983322,26.000000,35.983322,0.000000,-61.983322,1.000000,0.882561,0.000002041,
1589000,61.491661,26.000000,35.491661,0.000000,-61.983322,1.000000,0.882242,0.000002056,
1589100,61.491661,26.250000,35.241661,0.000000,-61.983322,1.000000,0.881949,0.000002078,
1589200,61.491661,26.250000,35.241661,0.000000,-61.983322,1.000000,0.881665,0.000002076,
1589300,61.745831,26.250000,35.495831,0.000000,-61.491661,1.000000,0.881383,0.000002099,
1589400,61.745831,25.750000,35.995831,0.000000,-61.491661,1.000000,0.881074,0.000002107,
1589500,61.745831,25.750000,35.995831,0.000000,-61.491661,1.000000,0.880736,0.000002081,
1589600,61.622917,25.750000,35.872917,0.000000,-61.491661,1.000000,0.880406,0.000002082,
1589700,61.622917,26.250000,35.372917,0.000000,-61.622917,1.000000,0.880074,0.000002075,
1589800,61.622917,26.250000,35.372917,0.000000,-61.622917,1.000000,0.879705,0.000002057,
1589900,61.811459,26.250000,35.561459,0.000000,-61.622917,1.000000,0.879383,0.000002060,
1590000,61.811459,26.500000,35.311459,0.000000,-61.622917,1.000000,0.879123,0.000002054,
1590100,61.811459,26.500000,35.311459,0.000000,-61.811459,1.000000,0.878804,0.000002031,
1590200,61.655731,26.500000,35.155731,0.000000,-61.811459,1.000000,0.878479,0.000002013,
1590300,61.655731,26.500000,35.155731,0.000000,-61.811459,1.000000,0.878165,0.000002024,
1590400,61.655731,26.500000,35.155731,0.000000,-61.811459,1.000000,0.877822,0.000002021,
1590500,61.702866,26.500000,35.202866,0.000000,-61.655731,1.000000,0.877535,0.000002027,
1590600,61.702866,26.250000,35.452866,0.000000,-61.655731,1.000000,0.877144,0.000002028,
1590700,61.702866,26.250000,35.452866,0.000000,-61.655731,1.000000,0.876828,0.000002028,
1590800,61.601433,26.250000,35.351433,0.000000,-61.655731,1.000000,0.876557,0.000001998,
1590900,61.601433,26.500000,35.101433,0.000000,-61.601433,1.000000,0.876234,0.000002014,
1591000,61.601433,26.500000,35.101433,0.000000,-61.601433,1.000000,0.875882,0.000002033,
1591100,61.550716,26.500000,35.050716,0.000000,-61.601433,1.000000,0.875582,0.000002018,
1591200,61.550716,26.250000,35.300716,0.000000,-61.601433,1.000000,0.875290,0.000002005,
1591300,61.550716,26.250000,35.300716,0.000000,-61.550716,1.000000,0.874982,0.000002009,
1591400,61.525360,26.250000,35.275360,0.000000,-61.550716,1.000000,0.874720,0.000002017,
1591500,61.525360,26.250000,35.275360,0.000000,-61.550716,1.000000,0.874366,0.000002015,
1591600,61.525360,26.250000,35.275360,0.000000,-61.550716,1.000000,0.874056,0.000002029,
1591700,61.512680,26.250000,35.262680,0.000000,-61.525360,1.000000,0.873754,0.000002024,
1591800,61.512680,26.250000,35.262680,0.000000,-61.525360,1.000000,0.873467,0.000002064,
1591900,61.512680,26.250000,35.262680,0.000000,-61.525360,1.000000,0.873195,0.000002077,
1592000,61.506340,26.250000,35.256340,0.000000,-61.525360,1.000000,0.872918,0.000002084,
1592100,61.506340,25.750000,35.756340,0.000000,-61.506340,1.000000,0.872608,0.000002082,
1592200,61.506340,25.750000,35.756340,0.000000,-61.506340,1.000000,0.872272,0.000002082,
1592300,61.378170,25.750000,35.628170,0.000000,-61.506340,1.000000,0.871967,0.000002090,
1592400,61.378170,26.000000,35.378170,0.000000,-61.506340,1.000000,0.871645,0.000002100,
1592500,61.378170,26.000000,35.378170,0.000000,-61.378170,1.000000,0.871314,0.000002145,
1592600,61.439087,26.000000,35.439087,0.000000,-61.378170,1.000000,0.871048,0.000002156,
1592700,61.439087,26.250000,35.189087,0.000000,-61.378170,1.000000,0.870730,0.000002126,
1592800,61.439087,26.250000,35.189087,0.000000,-61.378170,1.000000,0.870417,0.000002112,
1592900,61.469543,26.250000,35.219543,0.000000,-61.439087,1.000000,0.870046,0.000002115,
1593000,61.469543,26.250000,35.219543,0.000000,-61.439087,1.000000,0.869786,0.000002113,
1593100,61.469543,26.250000,35.219543,0.000000,-61.439087,1.000000,0.869500,0.000002110,
1593200,61.609772,26.250000,35.359772,0.000000,-61.439087,1.000000,0.869198,0.000002081,
1593300,61.609772,26.250000,35.359772,0.000000,-61.609772,1.000000,0.868901,0.000002099,
1593400,61.609772,26.250000,35.359772,0.000000,-61.609772,1.000000,0.868554,0.000002094,
1593500,61.429886,26.250000,35.179886,0.000000,-61.609772,1.000000,0.868243,0.000002070,
1593600,61.429886,26.250000,35.179886,0.000000,-61.609772,1.000000,0.867950,0.000002052,
1593700,61.429886,26.250000,35.179886,0.000000,-61.429886,1.000000,0.867661,0.000002045,
1593800,61.089943,26.250000,34.839943,0.000000,-61.429886,1.000000,0.867343,0.000002059,
1593900,61.089943,26.000000,35.089943,0.000000,-61.429886,1.000000,0.867009,0.000002033,
1594000,61.089943,26.000000,35.089943,0.000000,-61.429886,1.000000,0.866681,0.000002037,
1594100,61.044971,26.000000,35.044971,0.000000,-61.089943,1.000000,0.866384,0.000002016,
1594200,61.044971,26.500000,34.544971,0.000000,-61.089943,1.000000,0.866106,0.000002016,
1594300,61.044971,26.500000,34.544971,0.000000,-61.089943,1.000000,0.865769,0.000002016,
1594400,61.147484,26.500000,34.647484,0.000000,-61.089943,1.000000,0.865473,0.000002032,
1594500,61.147484,26.250000,34.897484,0.000000,-61.147484,1.000000,0.865148,0.000002025,
1594600,61.147484,26.250000,34.897484,0.000000,-61.147484,1.000000,0.864834,0.000002040,
1594700,61.198742,26.250000,34.948742,0.000000,-61.147484,1.000000,0.864529,0.000002030,
1594800,61.198742,26.000000,35.198742,0.000000,-61.147484,1.000000,0.864223,0.000002026,
1594900,61.198742,26.000000,35.198742,0.000000,-61.198742,1.000000,0.863908,0.000002037,
1595000,60.849373,26.000000,34.849373,0.000000,-61.198742,1.000000,0.863567,0.000002043,
1595100,60.849373,26.250000,34.599373,0.000000,-61.198742,1.000000,0.863241,0.000002047,
1595200,60.849373,26.250000,34.599373,0.000000,-61.198742,1.000000,0.862946,0.000002068,
1595300,61.174686,26.250000,34.924686,0.000000,-60.849373,1.000000,0.862669,0.000002074,
1595400,61.174686,25.500000,35.674686,0.000000,-60.849373,1.000000,0.862371,0.000002077,
1595500,61.174686,25.500000,35.674686,0.000000,-60.849373,1.000000,0.862077,0.000002084,
1595600,61.087341,25.500000,35.587341,0.000000,-60.849373,1.000000,0.861738,0.000002083,
1595700,61.087341,25.750000,35.337341,0.000000,-61.087341,1.000000,0.861422,0.000002072,
1595800,61.087341,25.750000,35.337341,0.000000,-61.087341,1.000000,0.861113,0.000002058,
1595900,61.043671,25.750000,35.293671,0.000000,-61.087341,1.000000,0.860801,0.000002064,
1596000,61.043671,26.000000,35.043671,0.000000,-61.087341,1.000000,0.860478,0.000002058,
1596100,61.043671,26.000000,35.043671,0.000000,-61.043671,1.000000,0.860118,0.000002059,
1596200,60.896835,26.000000,34.896835,0.000000,-61.043671,1.000000,0.859798,0.000002062,
1596300,60.896835,26.250000,34.646835,0.000000,-61.043671,1.000000,0.859420,0.000002074,
1596400,60.896835,26.250000,34.646835,0.000000,-61.043671,1.000000,0.859118,0.000002045,
1596500,60.573418,26.250000,34.323418,0.000000,-60.896835,1.000000,0.858798,0.000002032,
1596600,60.573418,26.250000,34.323418,0.000000,-60.896835,1.000000,0.858473,0.000002006,
1596700,60.573418,26.250000,34.323418,0.000000,-60.896835,1.000000,0.858187,0.000001978,
1596800,60.661709,26.250000,34.411709,0.000000,-60.896835,1.000000,0.857876,0.000001991,
1596900,60.661709,26.000000,34.661709,0.000000,-60.661709,1.000000,0.857495,0.000002006,
1597000,60.661709,26.000000,34.661709,0.000000,-60.661709,1.000000,0.857182,0.000002003,
1597100,60.580856,26.000000,34.580856,0.000000,-60.661709,1.000000,0.856839,0.000001994,
1597200,60.580856,26.000000,34.580856,0.000000,-60.661709,1.000000,0.856495,0.000001986,
1597300,60.580856,26.000000,34.580856,0.000000,-60.580856,1.000000,0.856178,0.000002002,
1597400,60.665428,26.000000,34.665428,0.000000,-60.580856,1.000000,0.855849,0.000001997,
1597500,60.665428,26.250000,34.415428,0.000000,-60.580856,1.000000,0.855532,0.000001993,
1597600,60.665428,26.250000,34.415428,0.000000,-60.580856,1.000000,0.855250,0.000002032,
1597700,60.457714,26.250000,34.207714,0.000000,-60.665428,1.000000,0.854929,0.000002034,
1597800,60.457714,26.250000,34.207714,0.000000,-60.665428,1.000000,0.854657,0.000002081,
1597900,60.457714,26.250000,34.207714,0.000000,-60.665428,1.000000,0.854330,0.000002086,
1598000,60.353859,26.250000,34.103859,0.000000,-60.665428,1.000000,0.853996,0.000002086,
1598100,60.353859,26.500000,33.853859,0.000000,-60.353859,1.000000,0.853723,0.000002054,
1598200,60.353859,26.500000,33.853859,0.000000,-60.353859,1.000000,0.853383,0.000002044,
1598300,60.426929,26.500000,33.926929,0.000000,-60.353859,1.000000,0.853081,0.000002034,
1598400,60.426929,26.000000,34.426929,0.000000,-60.353859,1.000000,0.852812,0.000002025,
1598500,60.426929,26.000000,34.426929,0.000000,-60.426929,1.000000,0.852526,0.000002034,
1598600,60.588463,26.000000,34.588463,0.000000,-60.426929,1.000000,0.852255,0.000002020,
1598700,60.588463,26.250000,34.338463,0.000000,-60.426929,1.000000,0.852002,0.000002007,
1598800,60.588463,26.250000,34.338463,0.000000,-60.426929,1.000000,0.851681,0.000002010,
1598900,60.669231,26.250000,34.419231,0.000000,-60.588463,1.000000,0.851342,0.000002025,
1599000,60.669231,25.750000,34.919231,0.000000,-60.588463,1.000000,0.851054,0.000002051,
1599100,60.669231,25.750000,34.919231,0.000000,-60.588463,1.000000,0.850747,0.000002031,
1599200,60.209618,25.750000,34.459618,0.000000,-60.588463,1.000000,0.850454,0.000001997,
1599300,60.209618,26.250000,33.959618,0.000000,-60.209618,1.000000,0.850155,0.000001989,
1599400,60.209618,26.250000,33.959618,0.000000,-60.209618,1.000000,0.849837,0.000001965,
1599500,60.354809,26.250000,34.104809,0.000000,-60.209618,1.000000,0.849486,0.000001979,
1599600,60.354809,26.000000,34.354809,0.000000,-60.209618,1.000000,0.849182,0.000001985,
1599700,60.354809,26.000000,34.354809,0.000000,-60.354809,1.000000,0.848881,0.000002003,
1599800,60.177406,26.000000,34.177406,0.000000,-60.354809,1.000000,0.848589,0.000001987,
1599900,60.177406,26.500000,33.677406,0.000000,-60.354809,1.000000,0.848243,0.000001987,
1600000,60.177406,26.500000,33.677406,0.000000,-60.354809,1.000000,0.847974,0.000002008,
1600100,60.213703,26.500000,33.713703,0.000000,-60.177406,1.000000,0.847692,0.000001988,
1600200,60.213703,26.250000,33.963703,0.000000,-60.177406,1.000000,0.847355,0.000002028,
1600300,60.213703,26.250000,33.963703,0.000000,-60.177406,1.000000,0.847101,0.000002034,
1600400,60.356850,26.250000,34.106850,0.000000,-60.177406,1.000000,0.846788,0.000002039,
1600500,60.356850,26.000000,34.356850,0.000000,-60.356850,1.000000,0.846537,0.000002021,
1600600,60.356850,26.000000,34.356850,0.000000,-60.356850,1.000000,0.846223,0.000002010,
1600700,60.303425,26.000000,34.303425,0.000000,-60.356850,1.000000,0.845945,0.000002014,
1600800,60.303425,26.250000,34.053425,0.000000,-60.356850,1.000000,0.845658,0.000001999,
1600900,60.303425,26.250000,34.053425,0.000000,-60.303425,1.000000,0.845382,0.000001984,
1601000,60.151711,26.250000,33.901711,0.000000,-60.303425,1.000000,0.845034,0.000001986,
1601100,60.151711,26.000000,34.151711,0.000000,-60.303425,1.000000,0.844730,0.000001979,
1601200,60.151711,26.000000,34.151711,0.000000,-60.303425,1.000000,0.844448,0.000001961,
1601300,60.200855,26.000000,34.200855,0.000000,-60.151711,1.000000,0.844132,0.000001949,
1601400,60.200855,26.250000,33.950855,0.000000,-60.151711,1.000000,0.843877,0.000001940,
1601500,60.200855,26.250000,33.950855,0.000000,-60.151711,1.000000,0.843572,0.000001940,
1601600,60.225426,26.250000,33.975426,0.000000,-60.151711,1.000000,0.843286,0.000001915,
1601700,60.225426,26.250000,33.975426,0.000000,-60.225426,1.000000,0.842971,0.000001920,
1601800,60.225426,26.250000,33.975426,0.000000,-60.225426,1.000000,0.842648,0.000001934,
1601900,60.237713,26.250000,33.987713,0.000000,-60.225426,1.000000,0.842320,0.000001960,
1602000,60.237713,26.500000,33.737713,0.000000,-60.225426,1.000000,0.841995,0.000001959,
1602100,60.237713,26.500000,33.737713,0.000000,-60.237713,1.000000,0.841668,0.000001972,
1602200,60.243858,26.500000,33.743858,0.000000,-60.237713,1.000000,0.841357,0.000001993,
1602300,60.243858,26.000000,34.243858,0.000000,-60.237713,1.000000,0.841042,0.000002031,
1602400,60.243858,26.000000,34.243858,0.000000,-60.237713,1.000000,0.840694,0.000002052,
1602500,60.121929,26.000000,34.121929,0.000000,-60.243858,1.000000,0.840357,0.000002064,
1602600,60.121929,26.000000,34.121929,0.000000,-60.243858,1.000000,0.840072,0.000002065,
1602700,60.121929,26.000000,34.121929,0.000000,-60.243858,1.000000,0.839772,0.000002057,
1602800,60.060966,26.000000,34.060966,0.000000,-60.243858,1.000000,0.839536,0.000002047,
1602900,60.060966,25.750000,34.310966,0.000000,-60.060966,1.000000,0.839306,0.000002048,
1603000,60.060966,25.750000,34.310966,0.000000,-60.060966,1.000000,0.839059,0.000002054,
1603100,60.030483,25.750000,34.280483,0.000000,-60.060966,1.000000,0.838731,0.000002055,
1603200,60.030483,26.000000,34.030483,0.000000,-60.060966,1.000000,0.838454,0.000002069,
1603300,60.030483,26.000000,34.030483,0.000000,-60.030483,1.000000,0.838205,0.000002065,
1603400,60.015244,26.000000,34.015244,0.000000,-60.030483,1.000000,0.837956,0.000002023,
1603500,60.015244,26.000000,34.015244,0.000000,-60.030483,1.000000,0.837662,0.000002048,
1603600,60.015244,26.000000,34.015244,0.000000,-60.030483,1.000000,0.837360,0.000002031,
1603700,60.007622,26.000000,34.007622,0.000000,-60.015244,1.000000,0.837040,0.000002020,
1603800,60.007622,26.250000,33.757622,0.000000,-60.015244,1.000000,0.836742,0.000002022,
1603900,60.007622,26.250000,33.757622,0.000000,-60.015244,1.000000,0.836473,0.000002034,
1604000,60.128811,26.250000,33.878811,0.000000,-60.015244,1.000000,0.836147,0.000002041,
1604100,60.128811,26.250000,33.878811,0.000000,-60.128811,1.000000,0.835844,0.000002046,
1604200,60.128811,26.250000,33.878811,0.000000,-60.128811,1.000000,0.835563,0.000002036,
1604300,59.814407,26.250000,33.564407,0.000000,-60.128811,1.000000,0.835281,0.000002030,
1604400,59.814407,25.750000,34.064407,0.000000,-60.128811,1.000000,0.834982,0.000002005,
1604500,59.814407,25.750000,34.064407,0.000000,-59.814407,1.000000,0.834691,0.000002018,
1604600,59.782204,25.750000,34.032204,0.000000,-59.814407,1.000000,0.834397,0.000002042,
1604700,59.782204,25.750000,34.032204,0.000000,-59.814407,1.000000,0.834043,0.000002054,
1604800,59.782204,25.750000,34.032204,0.000000,-59.814407,1.000000,0.833745,0.000002052,
1604900,59.641102,25.750000,33.891102,0.000000,-59.782204,1.000000,0.833508,0.000002067,
1605000,59.641102,26.000000,33.641102,0.000000,-59.782204,1.000000,0.833215,0.000002046,
1605100,59.641102,26.000000,33.641102,0.000000,-59.782204,1.000000,0.832971,0.000002055,
1605200,59.695549,26.000000,33.695549,0.000000,-59.782204,1.000000,0.832661,0.000002029,
1605300,59.695549,26.000000,33.695549,0.000000,-59.695549,1.000000,0.832398,0.000002018,
1605400,59.695549,26.000000,33.695549,0.000000,-59.695549,1.000000,0.832115,0.000002005,
1605500,59.847775,26.000000,33.847775,0.000000,-59.695549,1.000000,0.831765,0.000002004,
1605600,59.847775,26.250000,33.597775,0.000000,-59.695549,1.000000,0.831446,0.000002025,
1605700,59.847775,26.250000,33.597775,0.000000,-59.847775,1.000000,0.831137,0.000002041,
1605800,59.673889,26.250000,33.423889,0.000000,-59.847775,1.000000,0.830828,0.000002057,
1605900,59.673889,26.250000,33.423889,0.000000,-59.847775,1.000000,0.830536,0.000002038,
1606000,59.673889,26.250000,33.423889,0.000000,-59.847775,1.000000,0.830268,0.000002042,
1606100,59.586945,26.250000,33.336945,0.000000,-59.673889,1.000000,0.829961,0.000002037,
1606200,59.586945,26.250000,33.336945,0.000000,-59.673889,1.000000,0.829666,0.000002045,
1606300,59.586945,26.250000,33.336945,0.000000,-59.673889,1.000000,0.829392,0.000002045,
1606400,59.543472,26.250000,33.293472,0.000000,-59.673889,1.000000,0.829088,0.000002008,
1606500,59.543472,26.000000,33.543472,0.000000,-59.543472,1.000000,0.828776,0.000001987,
1606600,59.543472,26.000000,33.543472,0.000000,-59.543472,1.000000,0.828489,0.000001997,
1606700,59.521736,26.000000,33.521736,0.000000,-59.543472,1.000000,0.828172,0.000001996,
1606800,59.521736,26.250000,33.271736,0.000000,-59.543472,1.000000,0.827851,0.000001997,
1606900,59.521736,26.250000,33.271736,0.000000,-59.521736,1.000000,0.827543,0.000001986,
1607000,59.510868,26.250000,33.260868,0.000000,-59.521736,1.000000,0.827228,0.000001995,
1607100,59.510868,26.250000,33.260868,0.000000,-59.521736,1.000000,0.826894,0.000001972,
1607200,59.510868,26.250000,33.260868,0.000000,-59.521736,1.000000,0.826602,0.000001981,
1607300,59.505432,26.250000,33.255432,0.000000,-59.510868,1.000000,0.826308,0.000001990,
1607400,59.505432,26.250000,33.255432,0.000000,-59.510868,1.000000,0.826056,0.000001984,
1607500,59.505432,26.250000,33.255432,0.000000,-59.510868,1.000000,0.825728,0.000001952,
1607600,59.377716,26.250000,33.127716,0.000000,-59.510868,1.000000,0.825419,0.000001964,
1607700,59.377716,26.250000,33.127716,0.000000,-59.377716,1.000000,0.825163,0.000001953,
1607800,59.377716,26.250000,33.127716,0.000000,-59.377716,1.000000,0.824821,0.000001945,
1607900,59.313858,26.250000,33.063858,0.000000,-59.377716,1.000000,0.824494,0.000001966,
1608000,59.313858,26.250000,33.063858,0.000000,-59.377716,1.000000,0.824158,0.000001961,
1608100,59.313858,26.250000,33.063858,0.000000,-59.313858,1.000000,0.823882,0.000001949,
1608200,59.156929,26.250000,32.906929,0.000000,-59.313858,1.000000,0.823555,0.000001948,
1608300,59.156929,26.250000,32.906929,0.000000,-59.313858,1.000000,0.823267,0.000001948,
1608400,59.156929,26.250000,32.906929,0.000000,-59.313858,1.000000,0.822927,0.000001939,
1608500,59.203465,26.250000,32.953465,0.000000,-59.156929,1.000000,0.822631,0.000001940,
1608600,59.203465,25.750000,33.453465,0.000000,-59.156929,1.000000,0.822327,0.000001955,
1608700,59.203465,25.750000,33.453465,0.000000,-59.156929,1.000000,0.822047,0.000001951,
1608800,59.226730,25.750000,33.476730,0.000000,-59.156929,1.000000,0.821696,0.000001968,
1608900,59.226730,26.250000,32.976730,0.000000,-59.226730,1.000000,0.821382,0.000001983,
1609000,59.226730,26.250000,32.976730,0.000000,-59.226730,1.000000,0.821088,0.000002004,
1609100,59.113365,26.250000,32.863365,0.000000,-59.226730,1.000000,0.820794,0.000002007,
1609200,59.113365,26.000000,33.113365,0.000000,-59.226730,1.000000,0.820455,0.000001993,
1609300,59.113365,26.000000,33.113365,0.000000,-59.113365,1.000000,0.820178,0.000001989,
1609400,59.306683,26.000000,33.306683,0.000000,-59.113365,1.000000,0.819860,0.000001972,
1609500,59.306683,26.250000,33.056683,0.000000,-59.113365,1.000000,0.819555,0.000001951,
1609600,59.306683,26.250000,33.056683,0.000000,-59.113365,1.000000,0.819259,0.000001969,
1609700,59.278343,26.250000,33.028343,0.000000,-59.306683,1.000000,0.818924,0.000001980,
1609800,59.278343,26.250000,33.028343,0.000000,-59.306683,1.000000,0.818575,0.000001999,
1609900,59.278343,26.250000,33.028343,0.000000,-59.306683,1.000000,0.818309,0.000002011,
1610000,59.264172,26.250000,33.014172,0.000000,-59.306683,1.000000,0.818014,0.000002015,
1610100,59.264172,26.250000,33.014172,0.000000,-59.264172,1.000000,0.817709,0.000001993,
1610200,59.264172,26.250000,33.014172,0.000000,-59.264172,1.000000,0.817410,0.000002000,
1610300,59.132088,26.250000,32.882088,0.000000,-59.264172,1.000000,0.817121,0.000002027,
1610400,59.132088,26.000000,33.132088,0.000000,-59.264172,1.000000,0.816806,0.000002015,
1610500,59.132088,26.000000,33.132088,0.000000,-59.132088,1.000000,0.816469,0.000002049,
1610600,59.066044,26.000000,33.066044,0.000000,-59.132088,1.000000,0.816224,0.000002046,
1610700,59.066044,26.250000,32.816044,0.000000,-59.132088,1.000000,0.815901,0.000002040,
1610800,59.066044,26.250000,32.816044,0.000000,-59.132088,1.000000,0.815569,0.000002049,
1610900,59.033020,26.250000,32.783020,0.000000,-59.066044,1.000000,0.815242,0.000002043,
1611000,59.033020,26.250000,32.783020,0.000000,-59.066044,1.000000,0.814954,0.000002029,
1611100,59.033020,26.250000,32.783020,0.000000,-59.066044,1.000000,0.814638,0.000002035,
1611200,59.016510,26.250000,32.766510,0.000000,-59.066044,1.000000,0.814334,0.000002057,
1611300,59.016510,26.250000,32.766510,0.000000,-59.016510,1.000000,0.813982,0.000002047,
1611400,59.016510,26.250000,32.766510,0.000000,-59.016510,1.000000,0.813671,0.000002038,
1611500,59.008255,26.250000,32.758255,0.000000,-59.016510,1.000000,0.813385,0.000002034,
1611600,59.008255,26.250000,32.758255,0.000000,-59.016510,1.000000,0.813130,0.000002023,
1611700,59.008255,26.250000,32.758255,0.000000,-59.008255,1.000000,0.812838,0.000002027,
1611800,58.879128,26.250000,32.629128,0.000000,-59.008255,1.000000,0.812542,0.000002007,
1611900,58.879128,26.000000,32.879128,0.000000,-59.008255,1.000000,0.812247,0.000002015,
1612000,58.879128,26.000000,32.879128,0.000000,-59.008255,1.000000,0.811990,0.000002012,
1612100,58.814564,26.000000,32.814564,0.000000,-58.879128,1.000000,0.811725,0.000002030,
1612200,58.814564,26.250000,32.564564,0.000000,-58.879128,1.000000,0.811419,0.000002011,
1612300,58.814564,26.250000,32.564564,0.000000,-58.879128,1.000000,0.811138,0.000002016,
1612400,58.657280,26.250000,32.407280,0.000000,-58.879128,1.000000,0.810770,0.000002029,
1612500,58.657280,25.500000,33.157280,0.000000,-58.657280,1.000000,0.810486,0.000002012,
1612600,58.657280,25.500000,33.157280,0.000000,-58.657280,1.000000,0.810219,0.000002000,
1612700,58.703640,25.500000,33.203640,0.000000,-58.657280,1.000000,0.809936,0.000001963,
1612800,58.726822,25.500000,33.226822,0.000000,-58.657280,1.000000,0.809625,0.000001995,
1612900,58.726822,26.250000,32.476822,0.000000,-58.726822,1.000000,0.809300,0.000002005,
1613000,58.726822,26.250000,32.476822,0.000000,-58.726822,1.000000,0.809090,0.000002018,
1613100,58.738411,26.250000,32.488411,0.000000,-58.726822,1.000000,0.808800,0.000002006,
1613200,58.738411,26.000000,32.738411,0.000000,-58.726822,1.000000,0.808463,0.000002026,
1613300,58.738411,26.000000,32.738411,0.000000,-58.738411,1.000000,0.808178,0.000002015,
1613400,58.744205,26.000000,32.744205,0.000000,-58.738411,1.000000,0.807855,0.000002029,
1613500,58.744205,25.750000,32.994205,0.000000,-58.738411,1.000000,0.807559,0.000002036,
1613600,58.744205,25.750000,32.994205,0.000000,-58.738411,1.000000,0.807248,0.000002047,
1613700,58.747101,25.750000,32.997101,0.000000,-58.744205,1.000000,0.806940,0.000002053,
1613800,58.747101,26.250000,32.497101,0.000000,-58.744205,1.000000,0.806662,0.000002049,
1613900,58.747101,26.250000,32.497101,0.000000,-58.744205,1.000000,0.806368,0.000002048,
1614000,58.623550,26.250000,32.373550,0.000000,-58.744205,1.000000,0.806062,0.000002081,
1614100,58.623550,25.750000,32.873550,0.000000,-58.623550,1.000000,0.805834,0.000002103,
1614200,58.623550,25.750000,32.873550,0.000000,-58.623550,1.000000,0.805528,0.000002126,
1614300,58.686775,25.750000,32.936775,0.000000,-58.623550,1.000000,0.805179,0.000002097,
1614400,58.686775,26.000000,32.686775,0.000000,-58.623550,1.000000,0.804880,0.000002065,
1614500,58.686775,26.000000,32.686775,0.000000,-58.686775,1.000000,0.804597,0.000002067,
1614600,58.718388,26.000000,32.718388,0.000000,-58.686775,1.000000,0.804249,0.000002065,
1614700,58.718388,26.000000,32.718388,0.000000,-58.686775,1.000000,0.803907,0.000002076,
1614800,58.718388,26.000000,32.718388,0.000000,-58.686775,1.000000,0.803574,0.000002035,
1614900,58.734192,26.000000,32.734192,0.000000,-58.718388,1.000000,0.803299,0.000002030,
1615000,58.734192,25.750000,32.984192,0.000000,-58.718388,1.000000,0.803017,0.000001992,
1615100,58.734192,25.750000,32.984192,0.000000,-58.718388,1.000000,0.802685,0.000001987,
1615200,58.367096,25.750000,32.617096,0.000000,-58.718388,1.000000,0.802384,0.000002008,
1615300,58.367096,26.250000,32.117096,0.000000,-58.367096,1.000000,0.802046,0.000001978,
1615400,58.367096,26.250000,32.117096,0.000000,-58.367096,1.000000,0.801757,0.000001980,
1615500,58.558548,26.250000,32.308548,0.000000,-58.367096,1.000000,0.801424,0.000001991,
1615600,58.558548,26.250000,32.308548,0.000000,-58.367096,1.000000,0.801173,0.000002023,
1615700,58.558548,26.250000,32.308548,0.000000,-58.558548,1.000000,0.800897,0.000002005,
1615800,58.529274,26.250000,32.279274,0.000000,-58.558548,1.000000,0.800580,0.000002015,
1615900,58.529274,25.750000,32.779274,0.000000,-58.558548,1.000000,0.800254,0.000001998,
1616000,58.529274,25.750000,32.779274,0.000000,-58.558548,1.000000,0.799912,0.000001997,
1616100,58.514637,25.750000,32.764637,0.000000,-58.529274,1.000000,0.799675,0.000002002,
1616200,58.514637,26.000000,32.514637,0.000000,-58.529274,1.000000,0.799387,0.000002004,
1616300,58.514637,26.000000,32.514637,0.000000,-58.529274,1.000000,0.799077,0.000001998,
1616400,58.382317,26.000000,32.382317,0.000000,-58.529274,1.000000,0.798744,0.000001996,
1616500,58.382317,26.250000,32.132317,0.000000,-58.382317,1.000000,0.798420,0.000002007,
1616600,58.382317,26.250000,32.132317,0.000000,-58.382317,1.000000,0.798121,0.000002023,
1616700,58.316158,26.250000,32.066158,0.000000,-58.382317,1.000000,0.797870,0.000002004,
1616800,58.316158,26.000000,32.316158,0.000000,-58.382317,1.000000,0.797578,0.000001995,
1616900,58.316158,26.000000,32.316158,0.000000,-58.316158,1.000000,0.797252,0.000001997,
1617100,58.408081,26.000000,32.408081,0.000000,-58.316158,1.000000,0.796625,0.000001996,
1617200,58.408081,26.000000,32.408081,0.000000,-58.316158,1.000000,0.796341,0.000001992,
1617300,58.329041,26.000000,32.329041,0.000000,-58.408081,1.000000,0.796077,0.000002021,
1617400,58.329041,25.750000,32.579041,0.000000,-58.408081,1.000000,0.795814,0.000002039,
1617500,58.329041,25.750000,32.579041,0.000000,-58.408081,1.000000,0.795569,0.000002066,
1617600,58.414520,25.750000,32.664520,0.000000,-58.408081,1.000000,0.795247,0.000002049,
1617700,58.414520,26.500000,31.914520,0.000000,-58.414520,1.000000,0.795016,0.000002043,
1617800,58.414520,26.500000,31.914520,0.000000,-58.414520,1.000000,0.794750,0.000002027,
1617900,58.082260,26.500000,31.582260,0.000000,-58.414520,1.000000,0.794482,0.000002043,
1618000,58.082260,26.250000,31.832260,0.000000,-58.414520,1.000000,0.794195,0.000002019,
1618100,58.082260,26.250000,31.832260,0.000000,-58.082260,1.000000,0.793959,0.000002028,
1618200,58.166130,26.250000,31.916130,0.000000,-58.082260,1.000000,0.793653,0.000002001,
1618300,58.166130,25.750000,32.416130,0.000000,-58.082260,1.000000,0.793418,0.000001993,
1618400,58.166130,25.750000,32.416130,0.000000,-58.082260,1.000000,0.793154,0.000001993,
1618500,58.083065,25.750000,32.333065,0.000000,-58.166130,1.000000,0.792851,0.000001996,
1618600,58.083065,25.750000,32.333065,0.000000,-58.166130,1.000000,0.792570,0.000002012,
1618700,58.083065,25.750000,32.333065,0.000000,-58.166130,1.000000,0.792341,0.000002040,
1618800,57.916534,25.750000,32.166534,0.000000,-58.166130,1.000000,0.792032,0.000002034,
1618900,57.916534,26.250000,31.666534,0.000000,-57.916534,1.000000,0.791728,0.000002041,
1619000,57.916534,26.250000,31.666534,0.000000,-57.916534,1.000000,0.791419,0.000002038,
1619100,58.083267,26.250000,31.833267,0.000000,-57.916534,1.000000,0.791135,0.000002036,
1619200,58.083267,26.250000,31.833267,0.000000,-57.916534,1.000000,0.790850,0.000002038,
1619300,58.083267,26.250000,31.833267,0.000000,-58.083267,1.000000,0.790557,0.000002030,
1619400,58.166634,26.250000,31.916634,0.000000,-58.083267,1.000000,0.790254,0.000002046,
1619500,58.166634,26.000000,32.166634,0.000000,-58.083267,1.000000,0.789967,0.000002043,
1619600,58.166634,26.000000,32.166634,0.000000,-58.083267,1.000000,0.789605,0.000002010,
1619700,58.208317,26.000000,32.208317,0.000000,-58.166634,1.000000,0.789302,0.000002008,
1619800,58.208317,25.750000,32.458317,0.000000,-58.166634,1.000000,0.789001,0.000002008,
1619900,58.208317,25.750000,32.458317,0.000000,-58.166634,1.000000,0.788720,0.000001999,
1620000,57.979156,25.750000,32.229156,0.000000,-58.166634,1.000000,0.788376,0.000001989,
1620100,57.979156,26.000000,31.979156,0.000000,-57.979156,1.000000,0.788070,0.000001995,
1620200,57.979156,26.000000,31.979156,0.000000,-57.979156,1.000000,0.787780,0.000002006,
1620300,57.989578,26.000000,31.989578,0.000000,-57.979156,1.000000,0.787515,0.000002010,
1620400,57.989578,26.250000,31.739578,0.000000,-57.979156,1.000000,0.787216,0.000002018,
1620500,57.989578,26.250000,31.739578,0.000000,-57.989578,1.000000,0.786859,0.000002044,
1620600,57.994789,26.250000,31.744789,0.000000,-57.989578,1.000000,0.786564,0.000002054,
1620700,57.994789,25.750000,32.244789,0.000000,-57.989578,1.000000,0.786250,0.000002059,
1620800,57.994789,25.750000,32.244789,0.000000,-57.989578,1.000000,0.785937,0.000002078,
1620900,57.747395,25.750000,31.997395,0.000000,-57.994789,1.000000,0.785653,0.000002085,
1621000,57.747395,26.250000,31.497395,0.000000,-57.994789,1.000000,0.785379,0.000002071,
1621100,57.747395,26.250000,31.497395,0.000000,-57.994789,1.000000,0.785075,0.000002086,
1621200,57.748695,26.250000,31.498695,0.000000,-57.994789,1.000000,0.784787,0.000002089,
1621300,57.748695,26.250000,31.498695,0.000000,-57.748695,1.000000,0.784495,0.000002075,
1621400,57.748695,26.250000,31.498695,0.000000,-57.748695,1.000000,0.784207,0.000002051,
1621500,57.624348,26.250000,31.374348,0.000000,-57.748695,1.000000,0.783974,0.000002031,
1621600,57.624348,25.250000,32.374348,0.000000,-57.748695,1.000000,0.783687,0.000002046,
1621700,57.624348,25.250000,32.374348,0.000000,-57.624348,1.000000,0.783375,0.000002050,
1621800,57.562172,25.250000,32.312172,0.000000,-57.624348,1.000000,0.783121,0.000002053,
1621900,57.562172,26.250000,31.312172,0.000000,-57.624348,1.000000,0.782855,0.000002058,
1622000,57.562172,26.250000,31.312172,0.000000,-57.624348,1.000000,0.782586,0.000002023,
1622100,57.406086,26.250000,31.156086,0.000000,-57.562172,1.000000,0.782292,0.000001996,
1622200,57.406086,26.250000,31.156086,0.000000,-57.562172,1.000000,0.781983,0.000001959,
1622300,57.406086,26.250000,31.156086,0.000000,-57.562172,1.000000,0.781700,0.000001940,
1622400,57.578041,26.250000,31.328041,0.000000,-57.562172,1.000000,0.781398,0.000001940,
1622500,57.578041,25.750000,31.828041,0.000000,-57.578041,1.000000,0.781114,0.000001970,
1622600,57.578041,25.750000,31.828041,0.000000,-57.578041,1.000000,0.780810,0.000001956,
1622700,57.664021,25.750000,31.914021,0.000000,-57.578041,1.000000,0.780553,0.000002009,
1622800,57.664021,26.250000,31.414021,0.000000,-57.578041,1.000000,0.780276,0.000001994,
1622900,57.664021,26.250000,31.414021,0.000000,-57.664021,1.000000,0.779994,0.000001997,
1623000,57.457008,26.250000,31.207008,0.000000,-57.664021,1.000000,0.779749,0.000002045,
1623100,57.457008,26.250000,31.207008,0.000000,-57.664021,1.000000,0.779395,0.000002044,
1623200,57.457008,26.250000,31.207008,0.000000,-57.664021,1.000000,0.779113,0.000002042,
1623300,57.603504,26.250000,31.353504,0.000000,-57.457008,1.000000,0.778811,0.000002044,
1623400,57.603504,26.250000,31.353504,0.000000,-57.457008,1.000000,0.778436,0.000002035,
1623500,57.603504,26.250000,31.353504,0.000000,-57.457008,1.000000,0.778114,0.000002014,
1623600,57.426750,26.250000,31.176750,0.000000,-57.457008,1.000000,0.777820,0.000001999,
1623700,57.426750,26.250000,31.176750,0.000000,-57.426750,1.000000,0.777536,0.000002037,
1623800,57.426750,26.250000,31.176750,0.000000,-57.426750,1.000000,0.777218,0.000002039,
1623900,57.463375,26.250000,31.213375,0.000000,-57.426750,1.000000,0.776938,0.000002028,
1624000,57.463375,26.000000,31.463375,0.000000,-57.426750,1.000000,0.776632,0.000002023,
1624100,57.463375,26.000000,31.463375,0.000000,-57.463375,1.000000,0.776355,0.000002018,
1624200,57.606689,26.000000,31.606689,0.000000,-57.463375,1.000000,0.776067,0.000002033,
1624300,57.606689,26.000000,31.606689,0.000000,-57.463375,1.000000,0.775778,0.000002049,
1624400,57.606689,26.000000,31.606689,0.000000,-57.463375,1.000000,0.775577,0.000002049,
1624500,57.553345,26.000000,31.553345,0.000000,-57.606689,1.000000,0.775279,0.000002056,
1624600,57.553345,25.750000,31.803345,0.000000,-57.606689,1.000000,0.775039,0.000002051,
1624700,57.553345,25.750000,31.803345,0.000000,-57.606689,1.000000,0.774777,0.000002054,
1624800,57.526672,25.750000,31.776672,0.000000,-57.606689,1.000000,0.774526,0.000002023,
1624900,57.526672,26.250000,31.276672,0.000000,-57.526672,1.000000,0.774227,0.000002020,
1625000,57.526672,26.250000,31.276672,0.000000,-57.526672,1.000000,0.773939,0.000002032,
1625100,57.513336,26.250000,31.263336,0.000000,-57.526672,1.000000,0.773659,0.000002006,
1625200,57.513336,26.500000,31.013336,0.000000,-57.526672,1.000000,0.773399,0.000001998,
1625300,57.513336,26.500000,31.013336,0.000000,-57.513336,1.000000,0.773125,0.000002012,
1625400,57.256668,26.500000,30.756668,0.000000,-57.513336,1.000000,0.772816,0.000002002,
1625500,57.256668,26.250000,31.006668,0.000000,-57.513336,1.000000,0.772530,0.000001988,
1625600,57.256668,26.250000,31.006668,0.000000,-57.513336,1.000000,0.772272,0.000001977,
1625700,57.253334,26.250000,31.003334,0.000000,-57.256668,1.000000,0.772054,0.000001999,
1625800,57.253334,26.000000,31.253334,0.000000,-57.256668,1.000000,0.771795,0.000001988,
1625900,57.253334,26.000000,31.253334,0.000000,-57.256668,1.000000,0.771577,0.000001971,
1626000,57.251667,26.000000,31.251667,0.000000,-57.256668,1.000000,0.771275,0.000001973,
1626100,57.251667,25.750000,31.501667,0.000000,-57.251667,1.000000,0.771005,0.000001968,
1626200,57.251667,25.750000,31.501667,0.000000,-57.251667,1.000000,0.770761,0.000001975,
1626300,57.125832,25.750000,31.375832,0.000000,-57.251667,1.000000,0.770459,0.000002015,
1626400,57.125832,25.750000,31.375832,0.000000,-57.251667,1.000000,0.770168,0.000002026,
1626500,57.125832,25.750000,31.375832,0.000000,-57.125832,1.000000,0.769895,0.000002041,
1626600,57.062916,25.750000,31.312916,0.000000,-57.125832,1.000000,0.769602,0.000002041,
1626700,57.062916,25.750000,31.312916,0.000000,-57.125832,1.000000,0.769332,0.000002014,
1626800,57.062916,25.750000,31.312916,0.000000,-57.125832,1.000000,0.769004,0.000002006,
1626900,57.156456,25.750000,31.406456,0.000000,-57.062916,1.000000,0.768713,0.000002025,
1627000,57.156456,26.250000,30.906456,0.000000,-57.062916,1.000000,0.768445,0.000001996,
1627100,57.156456,26.250000,30.906456,0.000000,-57.062916,1.000000,0.768181,0.000001980,
1627200,57.078228,26.250000,30.828228,0.000000,-57.062916,1.000000,0.767931,0.000001995,
1627300,57.078228,26.500000,30.578228,0.000000,-57.078228,1.000000,0.767641,0.000001988,
1627400,57.078228,26.500000,30.578228,0.000000,-57.078228,1.000000,0.767301,0.000001978,
1627500,56.664116,26.500000,30.164116,0.000000,-57.078228,1.000000,0.766976,0.000001976,
1627600,56.664116,25.500000,31.164116,0.000000,-57.078228,1.000000,0.766670,0.000001976,
1627700,56.664116,25.500000,31.164116,0.000000,-56.664116,1.000000,0.766375,0.000001980,
1627800,56.707058,25.500000,31.207058,0.000000,-56.664116,1.000000,0.766105,0.000001992,
1627900,56.707058,26.000000,30.707058,0.000000,-56.664116,1.000000,0.765804,0.000001980,
1628000,56.707058,26.000000,30.707058,0.000000,-56.664116,1.000000,0.765546,0.000001967,
1628100,56.853531,26.000000,30.853531,0.000000,-56.707058,1.000000,0.765235,0.000001958,
1628200,56.853531,26.000000,30.853531,0.000000,-56.707058,1.000000,0.764968,0.000001941,
1628300,56.853531,26.000000,30.853531,0.000000,-56.707058,1.000000,0.764743,0.000001936,
1628400,56.676765,26.000000,30.676765,0.000000,-56.707058,1.000000,0.764412,0.000001956,
1628500,56.676765,26.250000,30.426765,0.000000,-56.676765,1.000000,0.764118,0.000001977,
1628600,56.676765,26.250000,30.426765,0.000000,-56.676765,1.000000,0.763871,0.000001976,
1628700,56.463383,26.250000,30.213383,0.000000,-56.676765,1.000000,0.763584,0.000002002,
1628800,56.463383,26.250000,30.213383,0.000000,-56.676765,1.000000,0.763309,0.000002003,
1628900,56.463383,26.250000,30.213383,0.000000,-56.463383,1.000000,0.763014,0.000002019,
1629000,56.731689,26.250000,30.481689,0.000000,-56.463383,1.000000,0.762744,0.000002014,
1629100,56.731689,26.250000,30.481689,0.000000,-56.463383,1.000000,0.762486,0.000002003,
1629200,56.731689,26.250000,30.481689,0.000000,-56.463383,1.000000,0.762196,0.000002033,
1629300,56.865845,26.250000,30.615845,0.000000,-56.731689,1.000000,0.761945,0.000002023,
1629400,56.865845,26.000000,30.865845,0.000000,-56.731689,1.000000,0.761713,0.000002047,
1629500,56.865845,26.000000,30.865845,0.000000,-56.731689,1.000000,0.761485,0.000002042,
1629600,56.807922,26.000000,30.807922,0.000000,-56.731689,1.000000,0.761185,0.000002004,
1629700,56.807922,26.000000,30.807922,0.000000,-56.807922,1.000000,0.760922,0.000001967,
1629800,56.807922,26.000000,30.807922,0.000000,-56.807922,1.000000,0.760649,0.000002009,
1629900,56.653961,26.000000,30.653961,0.000000,-56.807922,1.000000,0.760370,0.000002029,
1630000,56.653961,26.000000,30.653961,0.000000,-56.807922,1.000000,0.760095,0.000002014,
1630100,56.653961,26.000000,30.653961,0.000000,-56.653961,1.000000,0.759801,0.000002025,
1630200,56.576981,26.000000,30.576981,0.000000,-56.653961,1.000000,0.759523,0.000002035,
1630300,56.576981,26.000000,30.576981,0.000000,-56.653961,1.000000,0.759288,0.000002020,
1630400,56.576981,26.000000,30.576981,0.000000,-56.653961,1.000000,0.759013,0.000002002,
1630500,56.413490,26.000000,30.413490,0.000000,-56.576981,1.000000,0.758739,0.000001995,
1630600,56.413490,25.500000,30.913490,0.000000,-56.576981,1.000000,0.758463,0.000002000,
1630700,56.413490,25.500000,30.913490,0.000000,-56.576981,1.000000,0.758187,0.000001998,
1630800,56.581745,25.500000,31.081745,0.000000,-56.576981,1.000000,0.757911,0.000001981,
1630900,56.581745,26.000000,30.581745,0.000000,-56.581745,1.000000,0.757604,0.000001995,
1631000,56.581745,26.000000,30.581745,0.000000,-56.581745,1.000000,0.757354,0.000001995,
1631100,56.540871,26.000000,30.540871,0.000000,-56.581745,1.000000,0.757074,0.000001983,
1631200,56.540871,26.000000,30.540871,0.000000,-56.581745,1.000000,0.756840,0.000001977,
1631300,56.540871,26.000000,30.540871,0.000000,-56.540871,1.000000,0.756534,0.000001995,
1631400,56.520435,26.000000,30.520435,0.000000,-56.540871,1.000000,0.756283,0.000001994,
1631500,56.520435,26.000000,30.520435,0.000000,-56.540871,1.000000,0.755978,0.000002009,
1631600,56.520435,26.000000,30.520435,0.000000,-56.540871,1.000000,0.755708,0.000001994,
1631700,56.635216,26.000000,30.635216,0.000000,-56.520435,1.000000,0.755467,0.000001981,
1631800,56.635216,26.000000,30.635216,0.000000,-56.520435,1.000000,0.755217,0.000001982,
1631900,56.635216,26.000000,30.635216,0.000000,-56.520435,1.000000,0.754988,0.000001992,
1632000,56.567608,26.000000,30.567608,0.000000,-56.520435,1.000000,0.754718,0.000001980,
1632100,56.567608,26.000000,30.567608,0.000000,-56.567608,1.000000,0.754454,0.000001989,
1632200,56.567608,26.000000,30.567608,0.000000,-56.567608,1.000000,0.754149,0.000001981,
1632300,56.408806,26.000000,30.408806,0.000000,-56.567608,1.000000,0.753797,0.000001964,
1632400,56.408806,26.500000,29.908806,0.000000,-56.567608,1.000000,0.753511,0.000001978,
1632500,56.408806,26.500000,29.908806,0.000000,-56.408806,1.000000,0.753260,0.000001967,
1632600,56.329403,26.500000,29.829403,0.000000,-56.408806,1.000000,0.752996,0.000001968,
1632700,56.329403,26.000000,30.329403,0.000000,-56.408806,1.000000,0.752697,0.000001975,
1632800,56.329403,26.000000,30.329403,0.000000,-56.408806,1.000000,0.752404,0.000001991,
1632900,56.289703,26.000000,30.289703,0.000000,-56.329403,1.000000,0.752171,0.000001996,
1633000,56.289703,26.000000,30.289703,0.000000,-56.329403,1.000000,0.751927,0.000002008,
1633100,56.289703,26.000000,30.289703,0.000000,-56.329403,1.000000,0.751616,0.000002021,
1633200,56.269852,26.000000,30.269852,0.000000,-56.329403,1.000000,0.751306,0.000002034,
1633300,56.269852,26.000000,30.269852,0.000000,-56.269852,1.000000,0.751020,0.000002039,
1633400,56.269852,26.000000,30.269852,0.000000,-56.269852,1.000000,0.750777,0.000002047,
1633500,56.384926,26.000000,30.384926,0.000000,-56.269852,1.000000,0.750521,0.000002029,
1633600,56.384926,25.500000,30.884926,0.000000,-56.269852,1.000000,0.750272,0.000002007,
1633700,56.384926,25.500000,30.884926,0.000000,-56.384926,1.000000,0.750016,0.000002032,
1633800,56.442463,25.500000,30.942463,0.000000,-56.384926,1.000000,0.749736,0.000002038,
1633900,56.442463,25.500000,30.942463,0.000000,-56.384926,1.000000,0.749491,0.000002012,
1634000,56.442463,25.500000,30.942463,0.000000,-56.384926,1.000000,0.749173,0.000002008,
1634100,56.221230,25.500000,30.721230,0.000000,-56.442463,1.000000,0.748946,0.000001982,
1634200,56.221230,26.500000,29.721230,0.000000,-56.442463,1.000000,0.748649,0.000001979,
1634300,56.221230,26.500000,29.721230,0.000000,-56.442463,1.000000,0.748346,0.000001995,
1634400,55.985615,26.500000,29.485615,0.000000,-56.442463,1.000000,0.748088,0.000002003,
1634500,55.985615,25.750000,30.235615,0.000000,-55.985615,1.000000,0.747800,0.000002023,
1634600,55.985615,25.750000,30.235615,0.000000,-55.985615,1.000000,0.747534,0.000002010,
1634700,55.992805,25.750000,30.242805,0.000000,-55.985615,1.000000,0.747284,0.000001987,
1634800,55.992805,25.750000,30.242805,0.000000,-55.985615,1.000000,0.747000,0.000001984,
1634900,55.992805,25.750000,30.242805,0.000000,-55.992805,1.000000,0.746692,0.000001975,
1635000,56.121403,25.750000,30.371403,0.000000,-55.992805,1.000000,0.746413,0.000001983,
1635100,56.121403,26.000000,30.121403,0.000000,-55.992805,1.000000,0.746072,0.000001980,
1635200,56.121403,26.000000,30.121403,0.000000,-55.992805,1.000000,0.745755,0.000002005,
1635300,56.185699,26.000000,30.185699,0.000000,-56.121403,1.000000,0.745507,0.000001989,
1635400,56.185699,25.750000,30.435699,0.000000,-56.121403,1.000000,0.745247,0.000001986,
1635500,56.185699,25.750000,30.435699,0.000000,-56.121403,1.000000,0.744981,0.000002032,
1635600,56.217850,25.750000,30.467850,0.000000,-56.121403,1.000000,0.744692,0.000002025,
1635700,56.217850,25.750000,30.467850,0.000000,-56.217850,1.000000,0.744489,0.000002033,
1635800,56.217850,25.750000,30.467850,0.000000,-56.217850,1.000000,0.744203,0.000002021,
1635900,55.983925,25.750000,30.233925,0.000000,-56.217850,1.000000,0.743969,0.000002002,
1636000,55.983925,26.250000,29.733925,0.000000,-56.217850,1.000000,0.743736,0.000002010,
1636100,55.983925,26.250000,29.733925,0.000000,-55.983925,1.000000,0.743451,0.000002014,
1636200,55.866962,26.250000,29.616962,0.000000,-55.983925,1.000000,0.743179,0.000001988,
1636300,55.866962,25.750000,30.116962,0.000000,-55.983925,1.000000,0.742948,0.000001999,
1636400,55.866962,25.750000,30.116962,0.000000,-55.983925,1.000000,0.742720,0.000002025,
1636500,56.058479,25.750000,30.308479,0.000000,-55.866962,1.000000,0.742450,0.000002050,
1636600,56.058479,26.000000,30.058479,0.000000,-55.866962,1.000000,0.742174,0.000002039,
1636700,56.058479,26.000000,30.058479,0.000000,-55.866962,1.000000,0.741950,0.000002063,
1636800,55.904240,26.000000,29.904240,0.000000,-55.866962,1.000000,0.741643,0.000002043,
1636900,55.904240,25.500000,30.404240,0.000000,-55.904240,1.000000,0.741411,0.000002042,
1637000,55.904240,25.500000,30.404240,0.000000,-55.904240,1.000000,0.741156,0.000002054,
1637100,55.827118,25.500000,30.327118,0.000000,-55.904240,1.000000,0.740846,0.000002057,
1637200,55.827118,25.500000,30.327118,0.000000,-55.904240,1.000000,0.740575,0.000002058,
1637300,55.827118,25.500000,30.327118,0.000000,-55.827118,1.000000,0.740231,0.000002058,
1637400,55.913559,25.500000,30.413559,0.000000,-55.827118,1.000000,0.739950,0.000002043,
1637500,55.913559,26.000000,29.913559,0.000000,-55.827118,1.000000,0.739673,0.000002043,
1637600,55.913559,26.000000,29.913559,0.000000,-55.827118,1.000000,0.739436,0.000002017,
1637700,55.956779,26.000000,29.956779,0.000000,-55.913559,1.000000,0.739220,0.000002018,
1637800,55.956779,26.000000,29.956779,0.000000,-55.913559,1.000000,0.738973,0.000002006,
1637900,55.956779,26.000000,29.956779,0.000000,-55.913559,1.000000,0.738740,0.000002001,
1638000,55.978390,26.000000,29.978390,0.000000,-55.913559,1.000000,0.738487,0.000001974,
1638100,55.978390,26.000000,29.978390,0.000000,-55.978390,1.000000,0.738221,0.000001979,
1638200,55.978390,26.000000,29.978390,0.000000,-55.978390,1.000000,0.737961,0.000001971,
1638300,55.989197,26.000000,29.989197,0.000000,-55.978390,1.000000,0.737745,0.000001978,
1638400,55.994598,26.000000,29.994598,0.000000,-55.978390,1.000000,0.737502,0.000002001,
1638500,55.994598,25.500000,30.494598,0.000000,-55.994598,1.000000,0.737255,0.000001997,
1638600,55.994598,25.500000,30.494598,0.000000,-55.994598,1.000000,0.736992,0.000001993,
1638700,55.872299,25.500000,30.372299,0.000000,-55.994598,1.000000,0.736696,0.000001976,
1638800,55.872299,26.000000,29.872299,0.000000,-55.994598,1.000000,0.736363,0.000001987,
1638900,55.872299,26.000000,29.872299,0.000000,-55.872299,1.000000,0.736095,0.000001996,
1639000,55.811150,26.000000,29.811150,0.000000,-55.872299,1.000000,0.735834,0.000001983,
1639100,55.811150,26.250000,29.561150,0.000000,-55.872299,1.000000,0.735543,0.000001971,
1639200,55.811150,26.250000,29.561150,0.000000,-55.872299,1.000000,0.735289,0.000001984,
1639300,55.780575,26.250000,29.530575,0.000000,-55.811150,1.000000,0.735016,0.000001969,
1639400,55.780575,25.750000,30.030575,0.000000,-55.811150,1.000000,0.734753,0.000001977,
1639500,55.780575,25.750000,30.030575,0.000000,-55.811150,1.000000,0.734507,0.000001990,
1639600,55.765289,25.750000,30.015289,0.000000,-55.811150,1.000000,0.734261,0.000002022,
1639700,55.765289,25.250000,30.515289,0.000000,-55.765289,1.000000,0.734025,0.000002011,
1639800,55.765289,25.250000,30.515289,0.000000,-55.765289,1.000000,0.733809,0.000001982,
1639900,55.757645,25.250000,30.507645,0.000000,-55.765289,1.000000,0.733543,0.000002000,
1640000,55.757645,25.750000,30.007645,0.000000,-55.765289,1.000000,0.733234,0.000002020,
1640100,55.757645,25.750000,30.007645,0.000000,-55.757645,1.000000,0.732984,0.000002005,
1640200,55.753822,25.750000,30.003822,0.000000,-55.757645,1.000000,0.732703,0.000002016,
1640300,55.753822,26.000000,29.753822,0.000000,-55.757645,1.000000,0.732399,0.000001999,
1640400,55.753822,26.000000,29.753822,0.000000,-55.757645,1.000000,0.732135,0.000002001,
1640500,55.751911,26.000000,29.751911,0.000000,-55.753822,1.000000,0.731860,0.000001985,
1640600,55.751911,25.750000,30.001911,0.000000,-55.753822,1.000000,0.731647,0.000002008,
1640700,55.751911,25.750000,30.001911,0.000000,-55.753822,1.000000,0.731363,0.000002016,
1640800,55.750954,25.750000,30.000954,0.000000,-55.753822,1.000000,0.731088,0.000001998,
1640900,55.750954,26.000000,29.750954,0.000000,-55.750954,1.000000,0.730825,0.000001988,
1641000,55.750954,26.000000,29.750954,0.000000,-55.750954,1.000000,0.730495,0.000001965,
1641100,55.750477,26.000000,29.750477,0.000000,-55.750954,1.000000,0.730267,0.000001969,
1641200,55.750477,25.750000,30.000477,0.000000,-55.750954,1.000000,0.730040,0.000001982,
1641300,55.750477,25.750000,30.000477,0.000000,-55.750477,1.000000,0.729792,0.000001981,
1641400,55.625237,25.750000,29.875237,0.000000,-55.750477,1.000000,0.729489,0.000001988,
1641500,55.625237,26.000000,29.625237,0.000000,-55.750477,1.000000,0.729199,0.000002011,
1641700,55.312618,26.000000,29.312618,0.000000,-55.625237,1.000000,0.728668,0.000001986,
1641800,55.312618,25.750000,29.562618,0.000000,-55.625237,1.000000,0.728402,0.000001994,
1641900,55.312618,25.750000,29.562618,0.000000,-55.625237,1.000000,0.728117,0.000002003,
1642000,55.281311,25.750000,29.531311,0.000000,-55.625237,1.000000,0.727840,0.000002025,
1642100,55.281311,26.000000,29.281311,0.000000,-55.281311,1.000000,0.727550,0.000002060,
1642200,55.281311,26.000000,29.281311,0.000000,-55.281311,1.000000,0.727308,0.000002046,
1642300,55.140656,26.000000,29.140656,0.000000,-55.281311,1.000000,0.727021,0.000002045,
1642400,55.140656,25.250000,29.890656,0.000000,-55.281311,1.000000,0.726694,0.000002067,
1642500,55.140656,25.250000,29.890656,0.000000,-55.140656,1.000000,0.726474,0.000002091,
1642600,55.195328,25.250000,29.945328,0.000000,-55.140656,1.000000,0.726195,0.000002108,
1642700,55.195328,26.250000,28.945328,0.000000,-55.140656,1.000000,0.725931,0.000002114,
1642800,55.195328,26.250000,28.945328,0.000000,-55.140656,1.000000,0.725644,0.000002104,
1642900,55.222664,26.250000,28.972664,0.000000,-55.195328,1.000000,0.725355,0.000002108,
1643000,55.222664,26.000000,29.222664,0.000000,-55.195328,1.000000,0.725115,0.000002074,
1643100,55.222664,26.000000,29.222664,0.000000,-55.195328,1.000000,0.724839,0.000002029,
1643200,55.236332,26.000000,29.236332,0.000000,-55.195328,1.000000,0.724536,0.000002033,
1643300,55.236332,26.000000,29.236332,0.000000,-55.236332,1.000000,0.724236,0.000002047,
1643400,55.236332,26.000000,29.236332,0.000000,-55.236332,1.000000,0.723956,0.000002066,
1643500,55.243164,26.000000,29.243164,0.000000,-55.236332,1.000000,0.723695,0.000002058,
1643600,55.243164,26.250000,28.993164,0.000000,-55.236332,1.000000,0.723387,0.000002062,
1643700,55.243164,26.250000,28.993164,0.000000,-55.243164,1.000000,0.723138,0.000002066,
1643800,55.121582,26.250000,28.871582,0.000000,-55.243164,1.000000,0.722864,0.000002096,
1643900,55.121582,25.750000,29.371582,0.000000,-55.243164,1.000000,0.722646,0.000002074,
1644000,55.121582,25.750000,29.371582,0.000000,-55.243164,1.000000,0.722343,0.000002134,
1644100,55.060791,25.750000,29.310791,0.000000,-55.121582,1.000000,0.722039,0.000002114,
1644200,55.060791,26.250000,28.810791,0.000000,-55.121582,1.000000,0.721737,0.000002098,
1644300,55.060791,26.250000,28.810791,0.000000,-55.121582,1.000000,0.721518,0.000002090,
1644400,55.030396,26.250000,28.780396,0.000000,-55.121582,1.000000,0.721233,0.000002084,
1644500,55.030396,25.750000,29.280396,0.000000,-55.030396,1.000000,0.720960,0.000002063,
1644600,55.030396,25.750000,29.280396,0.000000,-55.030396,1.000000,0.720740,0.000002082,
1644700,55.015198,25.750000,29.265198,0.000000,-55.030396,1.000000,0.720530,0.000002055,
1644800,55.015198,26.250000,28.765198,0.000000,-55.030396,1.000000,0.720284,0.000002045,
1644900,55.015198,26.250000,28.765198,0.000000,-55.015198,1.000000,0.720039,0.000002035,
1645000,55.132599,26.250000,28.882599,0.000000,-55.015198,1.000000,0.719789,0.000002026,
1645100,55.132599,25.750000,29.382599,0.000000,-55.015198,1.000000,0.719510,0.000002009,
1645200,55.132599,25.750000,29.382599,0.000000,-55.015198,1.000000,0.719236,0.000002041,
1645300,55.066299,25.750000,29.316299,0.000000,-55.132599,1.000000,0.718913,0.000002020,
1645400,55.066299,25.750000,29.316299,0.000000,-55.132599,1.000000,0.718662,0.000002028,
1645500,55.066299,25.750000,29.316299,0.000000,-55.132599,1.000000,0.718359,0.000002035,
1645600,54.908150,25.750000,29.158150,0.000000,-55.132599,1.000000,0.718089,0.000002034,
1645700,54.908150,25.750000,29.158150,0.000000,-54.908150,1.000000,0.717841,0.000002038,
1645800,54.908150,25.750000,29.158150,0.000000,-54.908150,1.000000,0.717572,0.000002025,
1645900,54.704075,25.750000,28.954075,0.000000,-54.908150,1.000000,0.717265,0.000001994,
1646000,54.704075,26.250000,28.454075,0.000000,-54.908150,1.000000,0.716993,0.000001995,
1646100,54.704075,26.250000,28.454075,0.000000,-54.704075,1.000000,0.716720,0.000002010,
1646200,54.727036,26.250000,28.477036,0.000000,-54.704075,1.000000,0.716461,0.000002010,
1646300,54.727036,25.750000,28.977036,0.000000,-54.704075,1.000000,0.716220,0.000001999,
1646400,54.727036,25.750000,28.977036,0.000000,-54.704075,1.000000,0.715918,0.000001997,
1646500,54.863518,25.750000,29.113518,0.000000,-54.727036,1.000000,0.715665,0.000002013,
1646600,54.863518,25.750000,29.113518,0.000000,-54.727036,1.000000,0.715385,0.000002015,
1646700,54.863518,25.750000,29.113518,0.000000,-54.727036,1.000000,0.715097,0.000002032,
1646800,54.931759,25.750000,29.181759,0.000000,-54.727036,1.000000,0.714847,0.000002007,
1646900,54.931759,25.500000,29.431759,0.000000,-54.931759,1.000000,0.714604,0.000002032,
1647000,54.931759,25.500000,29.431759,0.000000,-54.931759,1.000000,0.714328,0.000002034,
1647100,54.840881,25.500000,29.340881,0.000000,-54.931759,1.000000,0.714035,0.000002024,
1647200,54.840881,26.000000,28.840881,0.000000,-54.931759,1.000000,0.713790,0.000002013,
1647300,54.840881,26.000000,28.840881,0.000000,-54.840881,1.000000,0.713531,0.000002005,
1647400,54.670441,26.000000,28.670441,0.000000,-54.840881,1.000000,0.713294,0.000001999,
1647500,54.670441,25.750000,28.920441,0.000000,-54.840881,1.000000,0.713035,0.000001972,
1647600,54.670441,25.750000,28.920441,0.000000,-54.840881,1.000000,0.712798,0.000001973,
1647700,54.585220,25.750000,28.835220,0.000000,-54.670441,1.000000,0.712543,0.000001957,
1647800,54.585220,25.750000,28.835220,0.000000,-54.670441,1.000000,0.712251,0.000001948,
1647900,54.585220,25.750000,28.835220,0.000000,-54.670441,1.000000,0.712005,0.000001937,
1648000,54.542610,25.750000,28.792610,0.000000,-54.670441,1.000000,0.711752,0.000001932,
1648100,54.542610,26.000000,28.542610,0.000000,-54.542610,1.000000,0.711508,0.000001960,
1648200,54.542610,26.000000,28.542610,0.000000,-54.542610,1.000000,0.711235,0.000001978,
1648300,54.396305,26.000000,28.396305,0.000000,-54.542610,1.000000,0.710969,0.000001961,
1648400,54.396305,26.000000,28.396305,0.000000,-54.542610,1.000000,0.710700,0.000001966,
1648500,54.396305,26.000000,28.396305,0.000000,-54.396305,1.000000,0.710423,0.000001974,
1648600,54.448151,26.000000,28.448151,0.000000,-54.396305,1.000000,0.710187,0.000001990,
1648700,54.448151,25.750000,28.698151,0.000000,-54.396305,1.000000,0.709933,0.000002041,
1648800,54.448151,25.750000,28.698151,0.000000,-54.396305,1.000000,0.709674,0.000002029,
1648900,54.474075,25.750000,28.724075,0.000000,-54.448151,1.000000,0.709425,0.000001978,
1649000,54.474075,25.750000,28.724075,0.000000,-54.448151,1.000000,0.709157,0.000001951,
1649100,54.474075,25.750000,28.724075,0.000000,-54.448151,1.000000,0.708920,0.000001976,
1649200,54.487038,25.750000,28.737038,0.000000,-54.448151,1.000000,0.708668,0.000001966,
1649300,54.487038,26.000000,28.487038,0.000000,-54.487038,1.000000,0.708431,0.000001967,
1649400,54.487038,26.000000,28.487038,0.000000,-54.487038,1.000000,0.708163,0.000001989,
1649500,54.493519,26.000000,28.493519,0.000000,-54.487038,1.000000,0.707879,0.000001968,
1649600,54.493519,25.750000,28.743519,0.000000,-54.487038,1.000000,0.707681,0.000001981,
1649700,54.493519,25.750000,28.743519,0.000000,-54.493519,1.000000,0.707363,0.000002008,
1649800,54.496758,25.750000,28.746758,0.000000,-54.493519,1.000000,0.707159,0.000002011,
1649900,54.496758,25.500000,28.996758,0.000000,-54.493519,1.000000,0.706867,0.000002011,
1650000,54.496758,25.500000,28.996758,0.000000,-54.493519,1.000000,0.706606,0.000002007,
1650100,54.623379,25.500000,29.123379,0.000000,-54.496758,1.000000,0.706382,0.000002004,
1650200,54.623379,25.750000,28.873379,0.000000,-54.496758,1.000000,0.706104,0.000001992,
1650300,54.623379,25.750000,28.873379,0.000000,-54.496758,1.000000,0.705878,0.000001995,
1650400,54.686691,25.750000,28.936691,0.000000,-54.496758,1.000000,0.705642,0.000001965,
1650500,54.686691,26.000000,28.686691,0.000000,-54.686691,1.000000,0.705440,0.000001974,
1650600,54.686691,26.000000,28.686691,0.000000,-54.686691,1.000000,0.705196,0.000001983,
1650700,54.593346,26.000000,28.593346,0.000000,-54.686691,1.000000,0.704941,0.000001981,
1650800,54.593346,25.750000,28.843346,0.000000,-54.686691,1.000000,0.704665,0.000001990,
1650900,54.593346,25.750000,28.843346,0.000000,-54.593346,1.000000,0.704413,0.000001994,
1651000,54.546673,25.750000,28.796673,0.000000,-54.593346,1.000000,0.704194,0.000001984,
1651100,54.546673,25.500000,29.046673,0.000000,-54.593346,1.000000,0.703941,0.000001987,
1651200,54.546673,25.500000,29.046673,0.000000,-54.593346,1.000000,0.703684,0.000001988,
1651300,54.148338,25.500000,28.648338,0.000000,-54.546673,1.000000,0.703443,0.000001997,
1651400,54.148338,26.000000,28.148338,0.000000,-54.546673,1.000000,0.703226,0.000002003,
1651500,54.148338,26.000000,28.148338,0.000000,-54.546673,1.000000,0.702988,0.000002010,
1651600,53.949169,26.000000,27.949169,0.000000,-54.546673,1.000000,0.702700,0.000002032,
1651700,53.949169,26.000000,27.949169,0.000000,-53.949169,1.000000,0.702410,0.000002011,
1651800,53.949169,26.000000,27.949169,0.000000,-53.949169,1.000000,0.702163,0.000001962,
1651900,54.224586,26.000000,28.224586,0.000000,-53.949169,1.000000,0.701867,0.000001971,
1652000,54.224586,25.500000,28.724586,0.000000,-53.949169,1.000000,0.701563,0.000001951,
1652100,54.224586,25.500000,28.724586,0.000000,-54.224586,1.000000,0.701278,0.000001943,
1652200,54.362293,25.500000,28.862293,0.000000,-54.224586,1.000000,0.700965,0.000001972,
1652300,54.362293,25.750000,28.612293,0.000000,-54.224586,1.000000,0.700667,0.000001969,
1652400,54.362293,25.750000,28.612293,0.000000,-54.224586,1.000000,0.700407,0.000001961,
1652500,53.931145,25.750000,28.181145,0.000000,-54.362293,1.000000,0.700147,0.000001973,
1652700,53.931145,26.250000,27.681145,0.000000,-54.362293,1.000000,0.699706,0.000001953,
1652800,54.090572,26.250000,27.840572,0.000000,-54.362293,1.000000,0.699472,0.000001970,
1652900,54.090572,25.750000,28.340572,0.000000,-54.090572,1.000000,0.699201,0.000001986,
1653000,54.090572,25.750000,28.340572,0.000000,-54.090572,1.000000,0.698948,0.000001990,
1653100,53.920288,25.750000,28.170288,0.000000,-54.090572,1.000000,0.698697,0.000001958,
1653200,53.920288,25.750000,28.170288,0.000000,-54.090572,1.000000,0.698428,0.000001951,
1653300,53.920288,25.750000,28.170288,0.000000,-53.920288,1.000000,0.698143,0.000001945,
1653400,53.960144,25.750000,28.210144,0.000000,-53.920288,1.000000,0.697901,0.000001954,
1653500,53.960144,26.000000,27.960144,0.000000,-53.920288,1.000000,0.697687,0.000001985,
1653600,53.960144,26.000000,27.960144,0.000000,-53.920288,1.000000,0.697457,0.000002020,
1653700,54.105072,26.000000,28.105072,0.000000,-53.960144,1.000000,0.697203,0.000002023,
1653800,54.105072,25.500000,28.605072,0.000000,-53.960144,1.000000,0.696985,0.000002031,
1653900,54.105072,25.500000,28.605072,0.000000,-53.960144,1.000000,0.696691,0.000002021,
1654000,54.052536,25.500000,28.552536,0.000000,-53.960144,1.000000,0.696407,0.000002014,
1654100,54.052536,25.500000,28.552536,0.000000,-54.052536,1.000000,0.696155,0.000002015,
1654200,54.052536,25.500000,28.552536,0.000000,-54.052536,1.000000,0.695884,0.000001981,
1654300,54.151268,25.500000,28.651268,0.000000,-54.052536,1.000000,0.695560,0.000001975,
1654400,54.151268,26.000000,28.151268,0.000000,-54.052536,1.000000,0.695260,0.000001959,
1654500,54.151268,26.000000,28.151268,0.000000,-54.151268,1.000000,0.695036,0.000001980,
1654600,54.075634,26.000000,28.075634,0.000000,-54.151268,1.000000,0.694826,0.000002005,
1654700,54.075634,26.000000,28.075634,0.000000,-54.151268,1.000000,0.694583,0.000002008,
1654800,54.075634,26.000000,28.075634,0.000000,-54.151268,1.000000,0.694297,0.000002018,
1654900,54.037819,26.000000,28.037819,0.000000,-54.075634,1.000000,0.694009,0.000002033,
1655000,54.037819,26.000000,28.037819,0.000000,-54.075634,1.000000,0.693726,0.000002016,
1655100,54.037819,26.000000,28.037819,0.000000,-54.075634,1.000000,0.693494,0.000001997,
1655200,53.893909,26.000000,27.893909,0.000000,-54.075634,1.000000,0.693285,0.000001994,
1655300,53.893909,26.250000,27.643909,0.000000,-53.893909,1.000000,0.693036,0.000001996,
1655400,53.893909,26.250000,27.643909,0.000000,-53.893909,1.000000,0.692781,0.000002023,
1655500,54.071953,26.250000,27.821953,0.000000,-53.893909,1.000000,0.692521,0.000002051,
1655600,54.071953,25.250000,28.821953,0.000000,-53.893909,1.000000,0.692292,0.000002078,
1655700,54.071953,25.250000,28.821953,0.000000,-54.071953,1.000000,0.692110,0.000002065,
1655800,54.035976,25.250000,28.785976,0.000000,-54.071953,1.000000,0.691826,0.000002060,
1655900,54.035976,26.000000,28.035976,0.000000,-54.071953,1.000000,0.691560,0.000002077,
1656000,54.035976,26.000000,28.035976,0.000000,-54.071953,1.000000,0.691275,0.000002051,
1656100,53.767990,26.000000,27.767990,0.000000,-54.035976,1.000000,0.691002,0.000002062,
1656200,53.767990,26.000000,27.767990,0.000000,-54.035976,1.000000,0.690779,0.000002029,
1656300,53.767990,26.000000,27.767990,0.000000,-54.035976,1.000000,0.690553,0.000002070,
1656400,53.758995,26.000000,27.758995,0.000000,-54.035976,1.000000,0.690325,0.000002046,
1656500,53.758995,26.000000,27.758995,0.000000,-53.758995,1.000000,0.690020,0.000002045,
1656600,53.758995,26.000000,27.758995,0.000000,-53.758995,1.000000,0.689725,0.000002055,
1656700,53.754498,26.000000,27.754498,0.000000,-53.758995,1.000000,0.689456,0.000002059,
1656800,53.754498,25.250000,28.504498,0.000000,-53.758995,1.000000,0.689245,0.000002077,
1656900,53.754498,25.250000,28.504498,0.000000,-53.754498,1.000000,0.688967,0.000002062,
1657000,53.502251,25.250000,28.252251,0.000000,-53.754498,1.000000,0.688705,0.000002077,
1657100,53.502251,26.000000,27.502251,0.000000,-53.754498,1.000000,0.688516,0.000002065,
1657200,53.502251,26.000000,27.502251,0.000000,-53.754498,1.000000,0.688283,0.000002089,
1657300,53.751125,26.000000,27.751125,0.000000,-53.502251,1.000000,0.688067,0.000002078,
1657400,53.751125,25.500000,28.251125,0.000000,-53.502251,1.000000,0.687803,0.000002120,
1657500,53.751125,25.500000,28.251125,0.000000,-53.502251,1.000000,0.687557,0.000002163,
1657600,53.875565,25.500000,28.375565,0.000000,-53.502251,1.000000,0.687278,0.000002148,
1657700,53.875565,26.000000,27.875565,0.000000,-53.875565,1.000000,0.686997,0.000002131,
1657800,53.875565,26.000000,27.875565,0.000000,-53.875565,1.000000,0.686707,0.000002131,
1657900,53.687782,26.000000,27.687782,0.000000,-53.875565,1.000000,0.686454,0.000002109,
1658000,53.687782,25.250000,28.437782,0.000000,-53.875565,1.000000,0.686213,0.000002114,
1658100,53.687782,25.250000,28.437782,0.000000,-53.687782,1.000000,0.685974,0.000002113,
1658200,53.593891,25.250000,28.343891,0.000000,-53.687782,1.000000,0.685752,0.000002066,
1658300,53.593891,26.000000,27.593891,0.000000,-53.687782,1.000000,0.685479,0.000002071,
1658400,53.593891,26.000000,27.593891,0.000000,-53.687782,1.000000,0.685245,0.000002048,
1658500,53.546944,26.000000,27.546944,0.000000,-53.593891,1.000000,0.684997,0.000002019,
1658600,53.546944,26.000000,27.546944,0.000000,-53.593891,1.000000,0.684702,0.000002034,
1658700,53.546944,26.000000,27.546944,0.000000,-53.593891,1.000000,0.684514,0.000002031,
1658800,53.398472,26.000000,27.398472,0.000000,-53.593891,1.000000,0.684238,0.000002062,
1658900,53.398472,25.750000,27.648472,0.000000,-53.398472,1.000000,0.684017,0.000002049,
1659000,53.398472,25.750000,27.648472,0.000000,-53.398472,1.000000,0.683793,0.000002055,
1659100,53.449234,25.750000,27.699234,0.000000,-53.398472,1.000000,0.683584,0.000002034,
1659200,53.449234,26.000000,27.449234,0.000000,-53.398472,1.000000,0.683300,0.000002027,
1659300,53.449234,26.000000,27.449234,0.000000,-53.449234,1.000000,0.683059,0.000002016,
1659400,53.349617,26.000000,27.349617,0.000000,-53.449234,1.000000,0.682795,0.000002072,
1659500,53.349617,26.000000,27.349617,0.000000,-53.449234,1.000000,0.682523,0.000002032,
1659600,53.349617,26.000000,27.349617,0.000000,-53.449234,1.000000,0.682307,0.000002037,
1659700,53.424809,26.000000,27.424809,0.000000,-53.349617,1.000000,0.682083,0.000002004,
1659800,53.424809,25.750000,27.674809,0.000000,-53.349617,1.000000,0.681838,0.000001993,
1659900,53.424809,25.750000,27.674809,0.000000,-53.349617,1.000000,0.681574,0.000002004,
1660000,53.462402,25.750000,27.712402,0.000000,-53.349617,1.000000,0.681298,0.000001991,
1660100,53.462402,25.500000,27.962402,0.000000,-53.462402,1.000000,0.681067,0.000001984,
1660200,53.462402,25.500000,27.962402,0.000000,-53.462402,1.000000,0.680826,0.000001991,
1660300,53.606201,25.500000,28.106201,0.000000,-53.462402,1.000000,0.680571,0.000002009,
1660400,53.606201,25.500000,28.106201,0.000000,-53.462402,1.000000,0.680357,0.000002034,
1660500,53.606201,25.500000,28.106201,0.000000,-53.606201,1.000000,0.680128,0.000002016,
1660600,53.428101,25.500000,27.928101,0.000000,-53.606201,1.000000,0.679879,0.000001999,
1660700,53.428101,26.000000,27.428101,0.000000,-53.606201,1.000000,0.679643,0.000002003,
1660800,53.428101,26.000000,27.428101,0.000000,-53.606201,1.000000,0.679366,0.000001982,
1660900,53.339050,26.000000,27.339050,0.000000,-53.428101,1.000000,0.679124,0.000001965,
1661000,53.339050,25.750000,27.589050,0.000000,-53.428101,1.000000,0.678880,0.000001996,
1661100,53.339050,25.750000,27.589050,0.000000,-53.428101,1.000000,0.678651,0.000001983,
1661200,53.419525,25.750000,27.669525,0.000000,-53.428101,1.000000,0.678380,0.000001978,
1661300,53.419525,26.000000,27.419525,0.000000,-53.419525,1.000000,0.678106,0.000002002,
1661400,53.419525,26.000000,27.419525,0.000000,-53.419525,1.000000,0.677830,0.000001981,
1661500,53.459763,26.000000,27.459763,0.000000,-53.419525,1.000000,0.677559,0.000001974,
1661600,53.459763,25.750000,27.709763,0.000000,-53.419525,1.000000,0.677329,0.000001955,
1661700,53.459763,25.750000,27.709763,0.000000,-53.459763,1.000000,0.677114,0.000001979,
1661800,53.354881,25.750000,27.604881,0.000000,-53.459763,1.000000,0.676865,0.000001982,
1661900,53.354881,25.750000,27.604881,0.000000,-53.459763,1.000000,0.676574,0.000002014,
1662000,53.354881,25.750000,27.604881,0.000000,-53.459763,1.000000,0.676274,0.000001992,
1662100,53.302441,25.750000,27.552441,0.000000,-53.354881,1.000000,0.676015,0.000001981,
1662200,53.302441,25.500000,27.802441,0.000000,-53.354881,1.000000,0.675744,0.000001999,
1662300,53.302441,25.500000,27.802441,0.000000,-53.354881,1.000000,0.675489,0.000002030,
1662400,53.276222,25.500000,27.776222,0.000000,-53.354881,1.000000,0.675235,0.000002034,
1662500,53.276222,25.750000,27.526222,0.000000,-53.276222,1.000000,0.674981,0.000002016,
1662600,53.276222,25.750000,27.526222,0.000000,-53.276222,1.000000,0.674724,0.000002017,
1662700,52.888111,25.750000,27.138111,0.000000,-53.276222,1.000000,0.674491,0.000002045,
1662800,52.888111,25.750000,27.138111,0.000000,-53.276222,1.000000,0.674316,0.000002036,
1662900,52.888111,25.750000,27.138111,0.000000,-52.888111,1.000000,0.674055,0.000002042,
1663000,52.944054,25.750000,27.194054,0.000000,-52.888111,1.000000,0.673811,0.000002022,
1663100,52.944054,25.500000,27.444054,0.000000,-52.888111,1.000000,0.673537,0.000002042,
1663200,52.944054,25.500000,27.444054,0.000000,-52.888111,1.000000,0.673312,0.000002026,
1663300,53.097027,25.500000,27.597027,0.000000,-52.944054,1.000000,0.673048,0.000001997,
1663400,53.097027,25.500000,27.597027,0.000000,-52.944054,1.000000,0.672791,0.000001987,
1663500,53.097027,25.500000,27.597027,0.000000,-52.944054,1.000000,0.672547,0.000002001,
1663600,53.048515,25.500000,27.548515,0.000000,-52.944054,1.000000,0.672276,0.000001986,
1663700,53.048515,25.250000,27.798515,0.000000,-53.048515,1.000000,0.672049,0.000001983,
1663800,53.048515,25.250000,27.798515,0.000000,-53.048515,1.000000,0.671799,0.000001973,
1663900,53.024258,25.250000,27.774258,0.000000,-53.048515,1.000000,0.671591,0.000001980,
1664000,53.012131,25.250000,27.762131,0.000000,-53.048515,1.000000,0.671339,0.000002012,
1664100,53.012131,25.750000,27.262131,0.000000,-53.012131,1.000000,0.671065,0.000002029,
1664200,53.012131,25.750000,27.262131,0.000000,-53.012131,1.000000,0.670787,0.000002027,
1664300,53.006065,25.750000,27.256065,0.000000,-53.012131,1.000000,0.670551,0.000002022,
1664400,53.006065,25.750000,27.256065,0.000000,-53.012131,1.000000,0.670267,0.000002029,
1664500,53.006065,25.750000,27.256065,0.000000,-53.006065,1.000000,0.670024,0.000002018,
1664600,53.003033,25.750000,27.253033,0.000000,-53.006065,1.000000,0.669741,0.000002029,
1664700,53.003033,25.750000,27.253033,0.000000,-53.006065,1.000000,0.669500,0.000002016,
1664800,53.003033,25.750000,27.253033,0.000000,-53.006065,1.000000,0.669282,0.000002023,
1664900,52.876518,25.750000,27.126518,0.000000,-53.003033,1.000000,0.669044,0.000001997,
1665000,52.876518,25.750000,27.126518,0.000000,-53.003033,1.000000,0.668780,0.000002021,
1665100,52.876518,25.750000,27.126518,0.000000,-53.003033,1.000000,0.668531,0.000002046,
1665200,52.938259,25.750000,27.188259,0.000000,-53.003033,1.000000,0.668298,0.000002061,
1665300,52.938259,25.750000,27.188259,0.000000,-52.938259,1.000000,0.668056,0.000002049,
1665400,52.938259,25.750000,27.188259,0.000000,-52.938259,1.000000,0.667856,0.000002023,
1665500,52.844131,25.750000,27.094131,0.000000,-52.938259,1.000000,0.667620,0.000002031,
1665600,52.844131,25.750000,27.094131,0.000000,-52.938259,1.000000,0.667361,0.000002036,
1665700,52.844131,25.750000,27.094131,0.000000,-52.844131,1.000000,0.667126,0.000002031,
1665800,52.547066,25.750000,26.797066,0.000000,-52.844131,1.000000,0.666862,0.000002053,
1665900,52.547066,25.750000,26.797066,0.000000,-52.844131,1.000000,0.666599,0.000002076,
1666000,52.547066,25.750000,26.797066,0.000000,-52.844131,1.000000,0.666369,0.000002046,
1666100,52.773533,25.750000,27.023533,0.000000,-52.547066,1.000000,0.666118,0.000002038,
1666200,52.773533,25.750000,27.023533,0.000000,-52.547066,1.000000,0.665904,0.000002024,
1666300,52.773533,25.750000,27.023533,0.000000,-52.547066,1.000000,0.665652,0.000002035,
1666400,52.886765,25.750000,27.136765,0.000000,-52.547066,1.000000,0.665391,0.000002031,
1666500,52.886765,25.250000,27.636765,0.000000,-52.886765,1.000000,0.665186,0.000002021,
1666600,52.886765,25.250000,27.636765,0.000000,-52.886765,1.000000,0.664957,0.000002010,
1666700,52.693382,25.250000,27.443382,0.000000,-52.886765,1.000000,0.664706,0.000002016,
1666800,52.693382,25.750000,26.943382,0.000000,-52.886765,1.000000,0.664432,0.000002016,
1666900,52.693382,25.750000,26.943382,0.000000,-52.693382,1.000000,0.664181,0.000002015,
1667000,52.596691,25.750000,26.846691,0.000000,-52.693382,1.000000,0.663962,0.000002028,
1667100,52.596691,26.000000,26.596691,0.000000,-52.693382,1.000000,0.663715,0.000001987,
1667200,52.596691,26.000000,26.596691,0.000000,-52.693382,1.000000,0.663498,0.000001971,
1667300,52.548347,26.000000,26.548347,0.000000,-52.596691,1.000000,0.663283,0.000001971,
1667400,52.548347,26.250000,26.298347,0.000000,-52.596691,1.000000,0.663029,0.000001978,
1667500,52.548347,26.250000,26.298347,0.000000,-52.596691,1.000000,0.662778,0.000001958,
1667600,52.274174,26.250000,26.024174,0.000000,-52.596691,1.000000,0.662518,0.000001991,
1667700,52.274174,25.500000,26.774174,0.000000,-52.274174,1.000000,0.662268,0.000001970,
1667800,52.274174,25.500000,26.774174,0.000000,-52.274174,1.000000,0.662019,0.000001990,
1667900,52.137085,25.500000,26.637085,0.000000,-52.274174,1.000000,0.661790,0.000002014,
1668000,52.137085,25.750000,26.387085,0.000000,-52.274174,1.000000,0.661543,0.000002018,
1668100,52.137085,25.750000,26.387085,0.000000,-52.137085,1.000000,0.661322,0.000002012,
1668200,52.318542,25.750000,26.568542,0.000000,-52.137085,1.000000,0.661093,0.000002003,
1668300,52.318542,25.500000,26.818542,0.000000,-52.137085,1.000000,0.660866,0.000001995,
1668400,52.318542,25.500000,26.818542,0.000000,-52.137085,1.000000,0.660627,0.000001991,
1668500,52.409271,25.500000,26.909271,0.000000,-52.318542,1.000000,0.660418,0.000002029,
1668600,52.409271,25.750000,26.659271,0.000000,-52.318542,1.000000,0.660167,0.000001993,
1668700,52.409271,25.750000,26.659271,0.000000,-52.318542,1.000000,0.659936,0.000002015,
1668800,52.454636,25.750000,26.704636,0.000000,-52.318542,1.000000,0.659678,0.000002042,
1668900,52.454636,26.250000,26.204636,0.000000,-52.454636,1.000000,0.659436,0.000002007,
1669000,52.454636,26.250000,26.204636,0.000000,-52.454636,1.000000,0.659248,0.000001977,
1669100,52.477318,26.250000,26.227318,0.000000,-52.454636,1.000000,0.659041,0.000001998,
1669200,52.477318,25.750000,26.727318,0.000000,-52.454636,1.000000,0.658763,0.000001992,
1669300,52.477318,25.750000,26.727318,0.000000,-52.477318,1.000000,0.658480,0.000001982,
1669400,52.363659,25.750000,26.613659,0.000000,-52.477318,1.000000,0.658249,0.000002012,
1669500,52.363659,25.500000,26.863659,0.000000,-52.477318,1.000000,0.658007,0.000001992,
1669600,52.363659,25.500000,26.863659,0.000000,-52.477318,1.000000,0.657785,0.000001980,
1669700,52.181831,25.500000,26.681831,0.000000,-52.363659,1.000000,0.657547,0.000002006,
1669800,52.181831,25.250000,26.931831,0.000000,-52.363659,1.000000,0.657354,0.000001999,
1669900,52.181831,25.250000,26.931831,0.000000,-52.363659,1.000000,0.657137,0.000001985,
1670000,52.215916,25.250000,26.965916,0.000000,-52.363659,1.000000,0.656907,0.000001975,
1670100,52.215916,25.750000,26.465916,0.000000,-52.215916,1.000000,0.656641,0.000001967,
1670200,52.215916,25.750000,26.465916,0.000000,-52.215916,1.000000,0.656377,0.000001995,
1670300,52.232956,25.750000,26.482956,0.000000,-52.215916,1.000000,0.656215,0.000001979,
1670400,52.232956,25.750000,26.482956,0.000000,-52.215916,1.000000,0.655982,0.000001975,
1670500,52.232956,25.750000,26.482956,0.000000,-52.232956,1.000000,0.655761,0.000001976,
1670600,52.366478,25.750000,26.616478,0.000000,-52.232956,1.000000,0.655552,0.000001968,
1670700,52.366478,25.750000,26.616478,0.000000,-52.232956,1.000000,0.655329,0.000001960,
1670800,52.366478,25.750000,26.616478,0.000000,-52.232956,1.000000,0.655112,0.000001956,
1670900,52.308239,25.750000,26.558239,0.000000,-52.366478,1.000000,0.654864,0.000001966,
1671000,52.308239,25.750000,26.558239,0.000000,-52.366478,1.000000,0.654636,0.000001953,
1671100,52.308239,25.750000,26.558239,0.000000,-52.366478,1.000000,0.654393,0.000001959,
1671200,52.279121,25.750000,26.529121,0.000000,-52.366478,1.000000,0.654178,0.000001957,
1671300,52.279121,25.750000,26.529121,0.000000,-52.279121,1.000000,0.653935,0.000001950,
1671400,52.279121,25.750000,26.529121,0.000000,-52.279121,1.000000,0.653693,0.000001935,
1671500,52.264561,25.750000,26.514561,0.000000,-52.279121,1.000000,0.653417,0.000001917,
1671600,52.264561,26.000000,26.264561,0.000000,-52.279121,1.000000,0.653167,0.000001909,
1671700,52.264561,26.000000,26.264561,0.000000,-52.264561,1.000000,0.652944,0.000001973,
1671800,52.257278,26.000000,26.257278,0.000000,-52.264561,1.000000,0.652722,0.000001987,
1671900,52.257278,25.500000,26.757278,0.000000,-52.264561,1.000000,0.652459,0.000002010,
1672000,52.257278,25.500000,26.757278,0.000000,-52.264561,1.000000,0.652237,0.000002008,
1672100,52.378639,25.500000,26.878639,0.000000,-52.257278,1.000000,0.651959,0.000002007,
1672200,52.378639,25.750000,26.628639,0.000000,-52.257278,1.000000,0.651755,0.000001994,
1672300,52.378639,25.750000,26.628639,0.000000,-52.257278,1.000000,0.651510,0.000002008,
1672400,52.189320,25.750000,26.439320,0.000000,-52.257278,1.000000,0.651289,0.000001973,
1672500,52.189320,26.000000,26.189320,0.000000,-52.189320,1.000000,0.651102,0.000001966,
1672600,52.189320,26.000000,26.189320,0.000000,-52.189320,1.000000,0.650846,0.000002000,
1672700,52.219658,26.000000,26.219658,0.000000,-52.189320,1.000000,0.650616,0.000001973,
1672800,52.219658,25.750000,26.469658,0.000000,-52.189320,1.000000,0.650399,0.000001984,
1672900,52.219658,25.750000,26.469658,0.000000,-52.219658,1.000000,0.650149,0.000002008,
1673000,51.984829,25.750000,26.234829,0.000000,-52.219658,1.000000,0.649906,0.000001997,
1673100,51.984829,25.750000,26.234829,0.000000,-52.219658,1.000000,0.649709,0.000001995,
1673200,51.984829,25.750000,26.234829,0.000000,-52.219658,1.000000,0.649424,0.000001987,
1673300,51.992416,25.750000,26.242416,0.000000,-51.984829,1.000000,0.649151,0.000001972,
1673400,51.992416,25.500000,26.492416,0.000000,-51.984829,1.000000,0.648860,0.000001972,
1673500,51.992416,25.500000,26.492416,0.000000,-51.984829,1.000000,0.648617,0.000001948,
1673600,51.996208,25.500000,26.496208,0.000000,-51.984829,1.000000,0.648330,0.000001936,
1673700,51.996208,25.750000,26.246208,0.000000,-51.996208,1.000000,0.648078,0.000001934,
1673800,51.996208,25.750000,26.246208,0.000000,-51.996208,1.000000,0.647849,0.000001943,
1673900,51.998104,25.750000,26.248104,0.000000,-51.996208,1.000000,0.647636,0.000001921,
1674000,51.998104,25.750000,26.248104,0.000000,-51.996208,1.000000,0.647369,0.000001949,
1674100,51.998104,25.750000,26.248104,0.000000,-51.998104,1.000000,0.647133,0.000001979,
1674200,52.124054,25.750000,26.374054,0.000000,-51.998104,1.000000,0.646856,0.000001987,
1674300,52.124054,26.000000,26.124054,0.000000,-51.998104,1.000000,0.646608,0.000001986,
1674400,52.124054,26.000000,26.124054,0.000000,-51.998104,1.000000,0.646389,0.000001978,
1674500,51.937027,26.000000,25.937027,0.000000,-52.124054,1.000000,0.646113,0.000001984,
1674600,51.937027,25.750000,26.187027,0.000000,-52.124054,1.000000,0.645887,0.000001966,
1674700,51.937027,25.750000,26.187027,0.000000,-52.124054,1.000000,0.645628,0.000001998,
1674800,52.093513,25.750000,26.343513,0.000000,-52.124054,1.000000,0.645396,0.000001995,
1674900,52.093513,25.750000,26.343513,0.000000,-52.093513,1.000000,0.645178,0.000002041,
1675000,52.093513,25.750000,26.343513,0.000000,-52.093513,1.000000,0.644973,0.000002016,
1675100,52.046757,25.750000,26.296757,0.000000,-52.093513,1.000000,0.644718,0.000002011,
1675200,52.046757,25.500000,26.546757,0.000000,-52.093513,1.000000,0.644471,0.000001985,
1675300,52.046757,25.500000,26.546757,0.000000,-52.046757,1.000000,0.644191,0.000001998,
1675400,52.023376,25.500000,26.523376,0.000000,-52.046757,1.000000,0.643952,0.000002015,
1675500,52.023376,26.250000,25.773376,0.000000,-52.046757,1.000000,0.643709,0.000002032,
1675600,52.023376,26.250000,25.773376,0.000000,-52.046757,1.000000,0.643458,0.000002060,
1675700,51.886688,26.250000,25.636688,0.000000,-52.023376,1.000000,0.643225,0.000002041,
1675800,51.886688,25.500000,26.386688,0.000000,-52.023376,1.000000,0.643003,0.000002037,
1675900,51.886688,25.500000,26.386688,0.000000,-52.023376,1.000000,0.642747,0.000002049,
1676000,51.818344,25.500000,26.318344,0.000000,-52.023376,1.000000,0.642523,0.000002067,
1676100,51.818344,25.500000,26.318344,0.000000,-51.818344,1.000000,0.642246,0.000002062,
1676200,51.818344,25.500000,26.318344,0.000000,-51.818344,1.000000,0.641975,0.000002074,
1676300,51.909172,25.500000,26.409172,0.000000,-51.818344,1.000000,0.641746,0.000002040,
1676400,51.909172,26.000000,25.909172,0.000000,-51.818344,1.000000,0.641469,0.000002028,
1676500,51.909172,26.000000,25.909172,0.000000,-51.909172,1.000000,0.641266,0.000002041,
1676600,51.704586,26.000000,25.704586,0.000000,-51.909172,1.000000,0.641060,0.000002031,
1676700,51.704586,25.250000,26.454586,0.000000,-51.909172,1.000000,0.640862,0.000002013,
1676800,51.704586,25.250000,26.454586,0.000000,-51.909172,1.000000,0.640605,0.000002014,
1676900,51.727295,25.250000,26.477295,0.000000,-51.704586,1.000000,0.640377,0.000002002,
1677000,51.727295,25.500000,26.227295,0.000000,-51.704586,1.000000,0.640170,0.000001999,
1677100,51.727295,25.500000,26.227295,0.000000,-51.704586,1.000000,0.639946,0.000002003,
1677200,51.863647,25.500000,26.363647,0.000000,-51.704586,1.000000,0.639744,0.000002005,
1677300,51.863647,25.750000,26.113647,0.000000,-51.863647,1.000000,0.639505,0.000002025,
1677400,51.863647,25.750000,26.113647,0.000000,-51.863647,1.000000,0.639321,0.000002017,
1677500,51.681824,25.750000,25.931824,0.000000,-51.863647,1.000000,0.639085,0.000002026,
1677600,51.681824,26.000000,25.681824,0.000000,-51.863647,1.000000,0.638906,0.000002036,
1677700,51.681824,26.000000,25.681824,0.000000,-51.681824,1.000000,0.638673,0.000002052,
1677800,51.590912,26.000000,25.590912,0.000000,-51.681824,1.000000,0.638405,0.000002068,
1677900,51.590912,26.000000,25.590912,0.000000,-51.681824,1.000000,0.638149,0.000002058,
1678000,51.590912,26.000000,25.590912,0.000000,-51.681824,1.000000,0.637889,0.000002068,
1678100,51.545456,26.000000,25.545456,0.000000,-51.590912,1.000000,0.637673,0.000002046,
1678200,51.545456,25.750000,25.795456,0.000000,-51.590912,1.000000,0.637437,0.000002041,
1678300,51.545456,25.750000,25.795456,0.000000,-51.590912,1.000000,0.637214,0.000002004,
1678400,51.647728,25.750000,25.897728,0.000000,-51.590912,1.000000,0.637009,0.000002010,
1678500,51.647728,25.250000,26.397728,0.000000,-51.647728,1.000000,0.636746,0.000001992,
1678600,51.647728,25.250000,26.397728,0.000000,-51.647728,1.000000,0.636520,0.000001967,
1678700,51.573864,25.250000,26.323864,0.000000,-51.647728,1.000000,0.636292,0.000001944,
1678800,51.573864,25.500000,26.073864,0.000000,-51.647728,1.000000,0.636043,0.000001951,
1678900,51.573864,25.500000,26.073864,0.000000,-51.573864,1.000000,0.635854,0.000001925,
1679000,51.536934,25.500000,26.036934,0.000000,-51.573864,1.000000,0.635625,0.000001898,
1679100,51.536934,25.250000,26.286934,0.000000,-51.573864,1.000000,0.635429,0.000001899,
1679200,51.536934,25.250000,26.286934,0.000000,-51.573864,1.000000,0.635219,0.000001913,
1679300,51.643467,25.250000,26.393467,0.000000,-51.536934,1.000000,0.634988,0.000001941,
1679400,51.643467,25.500000,26.143467,0.000000,-51.536934,1.000000,0.634746,0.000001933,
1679500,51.643467,25.500000,26.143467,0.000000,-51.536934,1.000000,0.634567,0.000001955,
1679600,51.571732,25.500000,26.071732,0.000000,-51.536934,1.000000,0.634326,0.000001964,
1679700,51.571732,25.500000,26.071732,0.000000,-51.571732,1.000000,0.634092,0.000001961,
1679800,51.571732,25.500000,26.071732,0.000000,-51.571732,1.000000,0.633856,0.000001983,
1679900,51.535866,25.500000,26.035866,0.000000,-51.571732,1.000000,0.633646,0.000001995,
1680000,51.535866,25.750000,25.785866,0.000000,-51.571732,1.000000,0.633418,0.000002004,
1680100,51.535866,25.750000,25.785866,0.000000,-51.535866,1.000000,0.633158,0.000002006,
1680200,51.517933,25.750000,25.767933,0.000000,-51.535866,1.000000,0.632941,0.000002002,
1680300,51.517933,25.750000,25.767933,0.000000,-51.535866,1.000000,0.632683,0.000001990,
1680400,51.517933,25.750000,25.767933,0.000000,-51.535866,1.000000,0.632420,0.000001978,
1680500,51.508965,25.750000,25.758965,0.000000,-51.517933,1.000000,0.632195,0.000001949,
1680600,51.508965,25.750000,25.758965,0.000000,-51.517933,1.000000,0.631949,0.000001948,
1680700,51.508965,25.750000,25.758965,0.000000,-51.517933,1.000000,0.631730,0.000001977,
1680800,51.504482,25.750000,25.754482,0.000000,-51.517933,1.000000,0.631476,0.000001964,
1680900,51.504482,25.750000,25.754482,0.000000,-51.504482,1.000000,0.631228,0.000001961,
1681000,51.504482,25.750000,25.754482,0.000000,-51.504482,1.000000,0.631030,0.000001961,
1681100,51.377243,25.750000,25.627243,0.000000,-51.504482,1.000000,0.630872,0.000001967,
1681200,51.377243,25.750000,25.627243,0.000000,-51.504482,1.000000,0.630647,0.000001987,
1681300,51.377243,25.750000,25.627243,0.000000,-51.377243,1.000000,0.630429,0.000001985,
1681400,51.438622,25.750000,25.688622,0.000000,-51.377243,1.000000,0.630257,0.000001989,
1681500,51.438622,25.250000,26.188622,0.000000,-51.377243,1.000000,0.629980,0.000002014,
1681600,51.438622,25.250000,26.188622,0.000000,-51.377243,1.000000,0.629714,0.000002002,
1681700,51.469311,25.250000,26.219311,0.000000,-51.438622,1.000000,0.629555,0.000002002,
1681800,51.469311,25.750000,25.719311,0.000000,-51.438622,1.000000,0.629358,0.000001996,
1681900,51.469311,25.750000,25.719311,0.000000,-51.438622,1.000000,0.629144,0.000001970,
1682000,51.234657,25.750000,25.484657,0.000000,-51.438622,1.000000,0.628929,0.000001976,
1682100,51.234657,25.750000,25.484657,0.000000,-51.234657,1.000000,0.628711,0.000001978,
1682200,51.234657,25.750000,25.484657,0.000000,-51.234657,1.000000,0.628470,0.000001997,
1682300,51.117329,25.750000,25.367329,0.000000,-51.234657,1.000000,0.628232,0.000001997,
1682400,51.117329,25.750000,25.367329,0.000000,-51.234657,1.000000,0.628037,0.000001998,
1682500,51.117329,25.750000,25.367329,0.000000,-51.117329,1.000000,0.627785,0.000002009,
1682600,51.183662,25.750000,25.433662,0.000000,-51.117329,1.000000,0.627548,0.000002017,
1682700,51.183662,25.500000,25.683662,0.000000,-51.117329,1.000000,0.627329,0.000002017,
1682800,51.183662,25.500000,25.683662,0.000000,-51.117329,1.000000,0.627074,0.000002044,
1682900,51.341831,25.500000,25.841831,0.000000,-51.183662,1.000000,0.626844,0.000002060,
1683000,51.341831,25.750000,25.591831,0.000000,-51.183662,1.000000,0.626577,0.000002061,
1683100,51.341831,25.750000,25.591831,0.000000,-51.183662,1.000000,0.626362,0.000002051,
1683200,51.170914,25.750000,25.420914,0.000000,-51.183662,1.000000,0.626114,0.000002033,
1683300,51.170914,25.500000,25.670914,0.000000,-51.170914,1.000000,0.625851,0.000002002,
1683400,51.170914,25.500000,25.670914,0.000000,-51.170914,1.000000,0.625628,0.000001972,
1683500,51.210457,25.500000,25.710457,0.000000,-51.170914,1.000000,0.625444,0.000001981,
1683600,51.210457,25.750000,25.460457,0.000000,-51.170914,1.000000,0.625229,0.000001986,
1683700,51.210457,25.750000,25.460457,0.000000,-51.210457,1.000000,0.624974,0.000002004,
1683800,51.230228,25.750000,25.480228,0.000000,-51.210457,1.000000,0.624765,0.000001977,
1683900,51.230228,26.000000,25.230228,0.000000,-51.210457,1.000000,0.624528,0.000001970,
1684000,51.230228,26.000000,25.230228,0.000000,-51.210457,1.000000,0.624308,0.000001975,
1684100,51.365112,26.000000,25.365112,0.000000,-51.230228,1.000000,0.624086,0.000001958,
1684200,51.365112,25.750000,25.615112,0.000000,-51.230228,1.000000,0.623823,0.000001924,
1684300,51.365112,25.750000,25.615112,0.000000,-51.230228,1.000000,0.623562,0.000001958,
1684400,51.182556,25.750000,25.432556,0.000000,-51.230228,1.000000,0.623314,0.000001993,
1684500,51.182556,26.000000,25.182556,0.000000,-51.182556,1.000000,0.623106,0.000002008,
1684600,51.182556,26.000000,25.182556,0.000000,-51.182556,1.000000,0.622907,0.000001995,
1684700,51.091278,26.000000,25.091278,0.000000,-51.182556,1.000000,0.622675,0.000001978,
1684800,51.091278,25.000000,26.091278,0.000000,-51.182556,1.000000,0.622436,0.000002003,
1684900,51.091278,25.000000,26.091278,0.000000,-51.091278,1.000000,0.622148,0.000001993,
1685000,51.170639,25.000000,26.170639,0.000000,-51.091278,1.000000,0.621912,0.000002044,
1685100,51.170639,25.750000,25.420639,0.000000,-51.091278,1.000000,0.621640,0.000002032,
1685200,51.170639,25.750000,25.420639,0.000000,-51.091278,1.000000,0.621389,0.000002039,
1685300,50.960320,25.750000,25.210320,0.000000,-51.170639,1.000000,0.621165,0.000002031,
1685400,50.960320,26.000000,24.960320,0.000000,-51.170639,1.000000,0.620944,0.000002028,
1685500,50.960320,26.000000,24.960320,0.000000,-51.170639,1.000000,0.620732,0.000002010,
1685600,50.855160,26.000000,24.855160,0.000000,-51.170639,1.000000,0.620519,0.000002029,
1685700,50.855160,25.500000,25.355160,0.000000,-50.855160,1.000000,0.620294,0.000002032,
1685800,50.855160,25.500000,25.355160,0.000000,-50.855160,1.000000,0.620089,0.000002010,
1685900,50.802582,25.500000,25.302582,0.000000,-50.855160,1.000000,0.619877,0.000001989,
1686000,50.802582,25.750000,25.052582,0.000000,-50.855160,1.000000,0.619650,0.000001974,
1686100,50.802582,25.750000,25.052582,0.000000,-50.802582,1.000000,0.619441,0.000001980,
1686200,50.776291,25.750000,25.026291,0.000000,-50.802582,1.000000,0.619276,0.000001991,
1686300,50.776291,25.750000,25.026291,0.000000,-50.802582,1.000000,0.619022,0.000001987,
1686400,50.776291,25.750000,25.026291,0.000000,-50.802582,1.000000,0.618795,0.000001967,
1686500,50.888145,25.750000,25.138145,0.000000,-50.776291,1.000000,0.618573,0.000001981,
1686600,50.888145,26.000000,24.888145,0.000000,-50.776291,1.000000,0.618356,0.000001960,
1686700,50.888145,26.000000,24.888145,0.000000,-50.776291,1.000000,0.618132,0.000001978,
1686800,50.944073,26.000000,24.944073,0.000000,-50.776291,1.000000,0.617899,0.000001958,
1686900,50.944073,25.750000,25.194073,0.000000,-50.944073,1.000000,0.617696,0.000001955,
1687000,50.944073,25.750000,25.194073,0.000000,-50.944073,1.000000,0.617475,0.000001944,
1687100,50.722038,25.750000,24.972038,0.000000,-50.944073,1.000000,0.617277,0.000001958,
1687200,50.722038,25.750000,24.972038,0.000000,-50.944073,1.000000,0.617092,0.000001953,
1687300,50.722038,25.750000,24.972038,0.000000,-50.722038,1.000000,0.616853,0.000001971,
1687400,50.736019,25.750000,24.986019,0.000000,-50.722038,1.000000,0.616592,0.000001982,
1687500,50.736019,26.250000,24.486019,0.000000,-50.722038,1.000000,0.616341,0.000001992,
1687600,50.736019,26.250000,24.486019,0.000000,-50.722038,1.000000,0.616118,0.000001983,
1687700,50.868011,26.250000,24.618011,0.000000,-50.736019,1.000000,0.615898,0.000001969,
1687800,50.868011,25.750000,25.118011,0.000000,-50.736019,1.000000,0.615640,0.000001984,
1687900,50.868011,25.750000,25.118011,0.000000,-50.736019,1.000000,0.615425,0.000002001,
1688000,50.684006,25.750000,24.934006,0.000000,-50.736019,1.000000,0.615208,0.000002004,
1688100,50.684006,25.500000,25.184006,0.000000,-50.684006,1.000000,0.614987,0.000001983,
1688200,50.684006,25.500000,25.184006,0.000000,-50.684006,1.000000,0.614792,0.000001977,
1688300,50.467003,25.500000,24.967003,0.000000,-50.684006,1.000000,0.614570,0.000001974,
1688400,50.467003,25.500000,24.967003,0.000000,-50.684006,1.000000,0.614354,0.000002007,
1688500,50.467003,25.500000,24.967003,0.000000,-50.467003,1.000000,0.614096,0.000002013,
1688600,50.483501,25.500000,24.983501,0.000000,-50.467003,1.000000,0.613842,0.000002011,
1688700,50.483501,25.000000,25.483501,0.000000,-50.467003,1.000000,0.613606,0.000002006,
1688800,50.483501,25.000000,25.483501,0.000000,-50.467003,1.000000,0.613375,0.000002020,
1688900,50.491753,25.000000,25.491753,0.000000,-50.483501,1.000000,0.613132,0.000002003,
1689000,50.491753,25.750000,24.741753,0.000000,-50.483501,1.000000,0.612868,0.000001998,
1689100,50.491753,25.750000,24.741753,0.000000,-50.483501,1.000000,0.612641,0.000002028,
1689200,50.495876,25.750000,24.745876,0.000000,-50.483501,1.000000,0.612413,0.000002012,
1689300,50.495876,25.250000,25.245876,0.000000,-50.495876,1.000000,0.612160,0.000002017,
1689400,50.495876,25.250000,25.245876,0.000000,-50.495876,1.000000,0.611899,0.000002006,
1689500,50.372940,25.250000,25.122940,0.000000,-50.495876,1.000000,0.611642,0.000001987,
1689600,50.311470,25.250000,25.061470,0.000000,-50.495876,1.000000,0.611409,0.000002014,
1689700,50.311470,25.500000,24.811470,0.000000,-50.311470,1.000000,0.611140,0.000002018,
1689800,50.311470,25.500000,24.811470,0.000000,-50.311470,1.000000,0.610899,0.000002032,
1689900,50.530735,25.500000,25.030735,0.000000,-50.311470,1.000000,0.610696,0.000002037,
1690000,50.530735,25.750000,24.780735,0.000000,-50.311470,1.000000,0.610465,0.000002042,
1690100,50.530735,25.750000,24.780735,0.000000,-50.530735,1.000000,0.610277,0.000002046,
1690200,50.265366,25.750000,24.515366,0.000000,-50.530735,1.000000,0.610069,0.000001984,
1690300,50.265366,25.750000,24.515366,0.000000,-50.530735,1.000000,0.609826,0.000001985,
1690400,50.265366,25.750000,24.515366,0.000000,-50.530735,1.000000,0.609601,0.000001997,
1690500,50.507683,25.750000,24.757683,0.000000,-50.265366,1.000000,0.609382,0.000001995,
1690600,50.507683,25.750000,24.757683,0.000000,-50.265366,1.000000,0.609162,0.000002016,
1690700,50.507683,25.750000,24.757683,0.000000,-50.265366,1.000000,0.608940,0.000002010,
1690800,50.503841,25.750000,24.753841,0.000000,-50.265366,1.000000,0.608767,0.000002014,
1690900,50.503841,25.500000,25.003841,0.000000,-50.503841,1.000000,0.608516,0.000002030,
1691000,50.503841,25.500000,25.003841,0.000000,-50.503841,1.000000,0.608323,0.000002021,
1691100,50.501923,25.500000,25.001923,0.000000,-50.503841,1.000000,0.608071,0.000002027,
1691200,50.501923,25.500000,25.001923,0.000000,-50.503841,1.000000,0.607848,0.000002051,
1691300,50.501923,25.500000,25.001923,0.000000,-50.501923,1.000000,0.607616,0.000002067,
1691400,50.625961,25.500000,25.125961,0.000000,-50.501923,1.000000,0.607412,0.000002126,
1691500,50.625961,25.750000,24.875961,0.000000,-50.501923,1.000000,0.607202,0.000002102,
1691600,50.625961,25.750000,24.875961,0.000000,-50.501923,1.000000,0.606985,0.000002096,
1691700,50.562981,25.750000,24.812981,0.000000,-50.625961,1.000000,0.606784,0.000002081,
1691800,50.562981,25.250000,25.312981,0.000000,-50.625961,1.000000,0.606590,0.000002078,
1691900,50.562981,25.250000,25.312981,0.000000,-50.625961,1.000000,0.606372,0.000002055,
1692000,50.406490,25.250000,25.156490,0.000000,-50.625961,1.000000,0.606138,0.000002053,
1692100,50.406490,25.250000,25.156490,0.000000,-50.406490,1.000000,0.605922,0.000002056,
1692200,50.406490,25.250000,25.156490,0.000000,-50.406490,1.000000,0.605709,0.000002035,
1692300,50.453247,25.250000,25.203247,0.000000,-50.406490,1.000000,0.605430,0.000002044,
1692400,50.453247,25.500000,24.953247,0.000000,-50.406490,1.000000,0.605201,0.000002023,
1692500,50.453247,25.500000,24.953247,0.000000,-50.453247,1.000000,0.604959,0.000002034,
1692600,50.351624,25.500000,24.851624,0.000000,-50.453247,1.000000,0.604739,0.000002021,
1692700,50.351624,25.750000,24.601624,0.000000,-50.453247,1.000000,0.604546,0.000001981,
1692800,50.351624,25.750000,24.601624,0.000000,-50.453247,1.000000,0.604336,0.000001994,
1692900,50.050812,25.750000,24.300812,0.000000,-50.351624,1.000000,0.604102,0.000001985,
1693000,50.050812,25.500000,24.550812,0.000000,-50.351624,1.000000,0.603879,0.000001996,
1693100,50.050812,25.500000,24.550812,0.000000,-50.351624,1.000000,0.603677,0.000001997,
1693200,49.900406,25.500000,24.400406,0.000000,-50.351624,1.000000,0.603479,0.000002009,
1693300,49.900406,25.750000,24.150406,0.000000,-49.900406,1.000000,0.603257,0.000002004,
1693400,49.900406,25.750000,24.150406,0.000000,-49.900406,1.000000,0.602999,0.000001991,
1693500,49.950203,25.750000,24.200203,0.000000,-49.900406,1.000000,0.602804,0.000001999,
1693600,49.950203,25.250000,24.700203,0.000000,-49.900406,1.000000,0.602596,0.000002025,
1693700,49.950203,25.250000,24.700203,0.000000,-49.950203,1.000000,0.602352,0.000002021,
1693800,49.975101,25.250000,24.725101,0.000000,-49.950203,1.000000,0.602135,0.000001992,
1693900,49.975101,25.750000,24.225101,0.000000,-49.950203,1.000000,0.601909,0.000001991,
1694000,49.975101,25.750000,24.225101,0.000000,-49.950203,1.000000,0.601711,0.000001965,
1694100,49.987549,25.750000,24.237549,0.000000,-49.975101,1.000000,0.601501,0.000001960,
1694200,49.987549,26.000000,23.987549,0.000000,-49.975101,1.000000,0.601314,0.000001949,
1694300,49.987549,26.000000,23.987549,0.000000,-49.975101,1.000000,0.601114,0.000001956,
1694400,49.993774,26.000000,23.993774,0.000000,-49.975101,1.000000,0.600885,0.000001959,
1694500,49.993774,25.500000,24.493774,0.000000,-49.993774,1.000000,0.600625,0.000001938,
1694600,49.993774,25.500000,24.493774,0.000000,-49.993774,1.000000,0.600408,0.000001946,
1694700,49.996887,25.500000,24.496887,0.000000,-49.993774,1.000000,0.600200,0.000001926,
1694800,49.996887,25.750000,24.246887,0.000000,-49.993774,1.000000,0.599939,0.000001920,
1694900,49.996887,25.750000,24.246887,0.000000,-49.996887,1.000000,0.599739,0.000001957,
1695000,49.873444,25.750000,24.123444,0.000000,-49.996887,1.000000,0.599544,0.000001993,
1695100,49.873444,25.750000,24.123444,0.000000,-49.996887,1.000000,0.599318,0.000002000,
1695200,49.873444,25.750000,24.123444,0.000000,-49.996887,1.000000,0.599058,0.000002000,
1695300,49.811722,25.750000,24.061722,0.000000,-49.873444,1.000000,0.598833,0.000002015,
1695400,49.811722,25.750000,24.061722,0.000000,-49.873444,1.000000,0.598592,0.000002005,
1695500,49.811722,25.750000,24.061722,0.000000,-49.873444,1.000000,0.598412,0.000002017,
1695600,49.905861,25.750000,24.155861,0.000000,-49.873444,1.000000,0.598217,0.000002006,
1695700,49.905861,25.750000,24.155861,0.000000,-49.905861,1.000000,0.598027,0.000002000,
1695800,49.905861,25.750000,24.155861,0.000000,-49.905861,1.000000,0.597766,0.000001988,
1695900,49.827930,25.750000,24.077930,0.000000,-49.905861,1.000000,0.597496,0.000001961,
1696000,49.827930,25.500000,24.327930,0.000000,-49.905861,1.000000,0.597297,0.000001969,
1696100,49.827930,25.500000,24.327930,0.000000,-49.827930,1.000000,0.597081,0.000001966,
1696200,49.788963,25.500000,24.288963,0.000000,-49.827930,1.000000,0.596852,0.000001951,
1696300,49.788963,25.750000,24.038963,0.000000,-49.827930,1.000000,0.596674,0.000001958,
1696400,49.788963,25.750000,24.038963,0.000000,-49.827930,1.000000,0.596426,0.000001960,
1696500,49.894482,25.750000,24.144482,0.000000,-49.788963,1.000000,0.596204,0.000001958,
1696600,49.894482,25.750000,24.144482,0.000000,-49.788963,1.000000,0.595978,0.000001977,
1696700,49.894482,25.750000,24.144482,0.000000,-49.788963,1.000000,0.595771,0.000001975,
1696800,49.947243,25.750000,24.197243,0.000000,-49.788963,1.000000,0.595609,0.000001966,
1696900,49.947243,25.750000,24.197243,0.000000,-49.947243,1.000000,0.595394,0.000001949,
1697000,49.947243,25.750000,24.197243,0.000000,-49.947243,1.000000,0.595150,0.000001958,
1697100,49.973621,25.750000,24.223621,0.000000,-49.947243,1.000000,0.594893,0.000001955,
1697200,49.973621,25.500000,24.473621,0.000000,-49.947243,1.000000,0.594705,0.000001965,
1697300,49.973621,25.500000,24.473621,0.000000,-49.973621,1.000000,0.594481,0.000001990,
1697400,49.861809,25.500000,24.361809,0.000000,-49.973621,1.000000,0.594240,0.000001960,
1697600,49.861809,25.250000,24.611809,0.000000,-49.973621,1.000000,0.593885,0.000001954,
1697700,49.805904,25.250000,24.555904,0.000000,-49.861809,1.000000,0.593630,0.000001957,
1697800,49.805904,25.750000,24.055904,0.000000,-49.861809,1.000000,0.593413,0.000001957,
1697900,49.805904,25.750000,24.055904,0.000000,-49.861809,1.000000,0.593200,0.000001950,
1698000,49.527954,25.750000,23.777954,0.000000,-49.861809,1.000000,0.592977,0.000001991,
1698100,49.527954,25.500000,24.027954,0.000000,-49.527954,1.000000,0.592785,0.000001977,
1698200,49.527954,25.500000,24.027954,0.000000,-49.527954,1.000000,0.592588,0.000001986,
1698300,49.638977,25.500000,24.138977,0.000000,-49.527954,1.000000,0.592379,0.000001986,
1698400,49.638977,25.250000,24.388977,0.000000,-49.527954,1.000000,0.592138,0.000001966,
1698500,49.638977,25.250000,24.388977,0.000000,-49.638977,1.000000,0.591947,0.000001948,
1698600,49.694489,25.250000,24.444489,0.000000,-49.638977,1.000000,0.591735,0.000001978,
1698700,49.694489,25.750000,23.944489,0.000000,-49.638977,1.000000,0.591574,0.000001988,
1698800,49.694489,25.750000,23.944489,0.000000,-49.638977,1.000000,0.591292,0.000001972,
1698900,49.597244,25.750000,23.847244,0.000000,-49.694489,1.000000,0.591078,0.000001979,
1699000,49.597244,25.500000,24.097244,0.000000,-49.694489,1.000000,0.590877,0.000001996,
1699100,49.597244,25.500000,24.097244,0.000000,-49.694489,1.000000,0.590682,0.000001988,
1699200,49.423622,25.500000,23.923622,0.000000,-49.694489,1.000000,0.590488,0.000001984,
1699300,49.423622,25.500000,23.923622,0.000000,-49.423622,1.000000,0.590252,0.000001998,
1699400,49.423622,25.500000,23.923622,0.000000,-49.423622,1.000000,0.590015,0.000002027,
1699500,49.586811,25.500000,24.086811,0.000000,-49.423622,1.000000,0.589850,0.000002051,
1699600,49.586811,26.000000,23.586811,0.000000,-49.423622,1.000000,0.589651,0.000002046,
1699700,49.586811,26.000000,23.586811,0.000000,-49.586811,1.000000,0.589415,0.000002032,
1699800,49.543404,26.000000,23.543404,0.000000,-49.586811,1.000000,0.589177,0.000002021,
1699900,49.543404,25.250000,24.293404,0.000000,-49.586811,1.000000,0.588986,0.000001999,
1700000,49.543404,25.250000,24.293404,0.000000,-49.586811,1.000000,0.588760,0.000002004,
1700100,49.521702,25.250000,24.271702,0.000000,-49.543404,1.000000,0.588522,0.000001997,
1700200,49.521702,25.750000,23.771702,0.000000,-49.543404,1.000000,0.588344,0.000001996,
1700300,49.521702,25.750000,23.771702,0.000000,-49.543404,1.000000,0.588144,0.000002010,
1700400,49.510849,25.750000,23.760849,0.000000,-49.543404,1.000000,0.587934,0.000001990,
1700500,49.510849,25.750000,23.760849,0.000000,-49.510849,1.000000,0.587733,0.000001990,
1700600,49.510849,25.750000,23.760849,0.000000,-49.510849,1.000000,0.587511,0.000001992,
1700700,49.630424,25.750000,23.880424,0.000000,-49.510849,1.000000,0.587357,0.000001991,
1700800,49.630424,25.500000,24.130424,0.000000,-49.510849,1.000000,0.587095,0.000002003,
1700900,49.630424,25.500000,24.130424,0.000000,-49.630424,1.000000,0.586829,0.000002039,
1701000,49.565212,25.500000,24.065212,0.000000,-49.630424,1.000000,0.586590,0.000002048,
1701100,49.565212,25.500000,24.065212,0.000000,-49.630424,1.000000,0.586390,0.000002047,
1701200,49.565212,25.500000,24.065212,0.000000,-49.630424,1.000000,0.586195,0.000002022,
1701300,49.532608,25.500000,24.032608,0.000000,-49.565212,1.000000,0.586020,0.000002029,
1701400,49.532608,25.750000,23.782608,0.000000,-49.565212,1.000000,0.585863,0.000002027,
1701500,49.532608,25.750000,23.782608,0.000000,-49.565212,1.000000,0.585586,0.000002022,
1701600,49.516304,25.750000,23.766304,0.000000,-49.565212,1.000000,0.585370,0.000002030,
1701700,49.516304,25.750000,23.766304,0.000000,-49.516304,1.000000,0.585115,0.000002024,
1701800,49.516304,25.750000,23.766304,0.000000,-49.516304,1.000000,0.584950,0.000002018,
1701900,49.633152,25.750000,23.883152,0.000000,-49.516304,1.000000,0.584776,0.000002000,
1702000,49.633152,25.250000,24.383152,0.000000,-49.516304,1.000000,0.584581,0.000001976,
1702100,49.633152,25.250000,24.383152,0.000000,-49.633152,1.000000,0.584392,0.000001989,
1702200,49.566574,25.250000,24.316574,0.000000,-49.633152,1.000000,0.584139,0.000001976,
1702300,49.566574,26.000000,23.566574,0.000000,-49.633152,1.000000,0.583896,0.000001964,
1702400,49.566574,26.000000,23.566574,0.000000,-49.633152,1.000000,0.583680,0.000001980,
1702500,49.283287,26.000000,23.283287,0.000000,-49.566574,1.000000,0.583451,0.000001974,
1702600,49.283287,25.250000,24.033287,0.000000,-49.566574,1.000000,0.583276,0.000001993,
1702700,49.283287,25.250000,24.033287,0.000000,-49.566574,1.000000,0.583027,0.000001978,
1702800,49.266644,25.250000,24.016644,0.000000,-49.566574,1.000000,0.582892,0.000001987,
1702900,49.266644,25.250000,24.016644,0.000000,-49.266644,1.000000,0.582707,0.000001960,
1703000,49.266644,25.250000,24.016644,0.000000,-49.266644,1.000000,0.582505,0.000001935,
1703100,49.133324,25.250000,23.883324,0.000000,-49.266644,1.000000,0.582290,0.000001955,
1703200,49.133324,25.750000,23.383324,0.000000,-49.266644,1.000000,0.582108,0.000001954,
1703300,49.133324,25.750000,23.383324,0.000000,-49.133324,1.000000,0.581909,0.000001957,
1703400,49.316662,25.750000,23.566662,0.000000,-49.133324,1.000000,0.581731,0.000001974,
1703500,49.316662,25.750000,23.566662,0.000000,-49.133324,1.000000,0.581559,0.000001964,
1703600,49.316662,25.750000,23.566662,0.000000,-49.133324,1.000000,0.581363,0.000001961,
1703700,49.158333,25.750000,23.408333,0.000000,-49.316662,1.000000,0.581174,0.000001968,
1703800,49.158333,25.750000,23.408333,0.000000,-49.316662,1.000000,0.580990,0.000001964,
1703900,49.158333,25.750000,23.408333,0.000000,-49.316662,1.000000,0.580757,0.000001959,
1704000,49.329166,25.750000,23.579166,0.000000,-49.316662,1.000000,0.580496,0.000001951,
1704100,49.329166,25.250000,24.079166,0.000000,-49.329166,1.000000,0.580278,0.000001947,
1704200,49.329166,25.250000,24.079166,0.000000,-49.329166,1.000000,0.580045,0.000001981,
1704300,49.164581,25.250000,23.914581,0.000000,-49.329166,1.000000,0.579811,0.000001999,
1704400,49.164581,24.750000,24.414581,0.000000,-49.329166,1.000000,0.579582,0.000001997,
1704500,49.164581,24.750000,24.414581,0.000000,-49.164581,1.000000,0.579355,0.000001985,
1704600,49.207291,24.750000,24.457291,0.000000,-49.164581,1.000000,0.579138,0.000001989,
1704700,49.207291,25.750000,23.457291,0.000000,-49.164581,1.000000,0.578897,0.000001968,
1704800,49.207291,25.750000,23.457291,0.000000,-49.164581,1.000000,0.578674,0.000001942,
1704900,49.228645,25.750000,23.478645,0.000000,-49.207291,1.000000,0.578522,0.000001956,
1705000,49.228645,25.000000,24.228645,0.000000,-49.207291,1.000000,0.578347,0.000001978,
1705100,49.228645,25.000000,24.228645,0.000000,-49.207291,1.000000,0.578119,0.000001995,
1705200,49.114323,25.000000,24.114323,0.000000,-49.207291,1.000000,0.577921,0.000001964,
1705300,49.114323,25.250000,23.864323,0.000000,-49.114323,1.000000,0.577739,0.000001961,
1705400,49.114323,25.250000,23.864323,0.000000,-49.114323,1.000000,0.577540,0.000001965,
1705500,49.057159,25.250000,23.807159,0.000000,-49.114323,1.000000,0.577316,0.000001975,
1705600,49.057159,25.500000,23.557159,0.000000,-49.114323,1.000000,0.577108,0.000001997,
1705700,49.057159,25.500000,23.557159,0.000000,-49.057159,1.000000,0.576885,0.000001997,
1705800,48.778580,25.500000,23.278580,0.000000,-49.057159,1.000000,0.576724,0.000002008,
1705900,48.778580,25.750000,23.028580,0.000000,-49.057159,1.000000,0.576456,0.000002003,
1706000,48.778580,25.750000,23.028580,0.000000,-49.057159,1.000000,0.576244,0.000001993,
1706100,48.764290,25.750000,23.014290,0.000000,-48.778580,1.000000,0.576046,0.000001991,
1706200,48.764290,25.500000,23.264290,0.000000,-48.778580,1.000000,0.575749,0.000001966,
1706300,48.764290,25.500000,23.264290,0.000000,-48.778580,1.000000,0.575575,0.000001996,
1706400,48.882145,25.500000,23.382145,0.000000,-48.778580,1.000000,0.575404,0.000001966,
1706500,48.882145,25.500000,23.382145,0.000000,-48.882145,1.000000,0.575154,0.000001949,
1706600,48.882145,25.500000,23.382145,0.000000,-48.882145,1.000000,0.574944,0.000001960,
1706700,48.941071,25.500000,23.441071,0.000000,-48.882145,1.000000,0.574764,0.000001971,
1706800,48.941071,25.500000,23.441071,0.000000,-48.882145,1.000000,0.574571,0.000001952,
1706900,48.941071,25.500000,23.441071,0.000000,-48.941071,1.000000,0.574377,0.000001951,
1707000,48.720535,25.500000,23.220535,0.000000,-48.941071,1.000000,0.574113,0.000001990,
1707100,48.720535,25.750000,22.970535,0.000000,-48.941071,1.000000,0.573949,0.000001956,
1707200,48.720535,25.750000,22.970535,0.000000,-48.941071,1.000000,0.573736,0.000001956,
1707300,48.985268,25.750000,23.235268,0.000000,-48.720535,1.000000,0.573521,0.000001965,
1707400,48.985268,25.250000,23.735268,0.000000,-48.720535,1.000000,0.573345,0.000001959,
1707500,48.985268,25.250000,23.735268,0.000000,-48.720535,1.000000,0.573144,0.000001953,
1707600,48.992634,25.250000,23.742634,0.000000,-48.720535,1.000000,0.572945,0.000001971,
1707700,48.992634,25.750000,23.242634,0.000000,-48.992634,1.000000,0.572700,0.000001971,
1707800,48.992634,25.750000,23.242634,0.000000,-48.992634,1.000000,0.572487,0.000001980,
1707900,48.996315,25.750000,23.246315,0.000000,-48.992634,1.000000,0.572299,0.000001997,
1708000,48.996315,25.500000,23.496315,0.000000,-48.992634,1.000000,0.572082,0.000001984,
1708100,48.996315,25.500000,23.496315,0.000000,-48.996315,1.000000,0.571871,0.000001960,
1708200,48.998158,25.500000,23.498158,0.000000,-48.996315,1.000000,0.571659,0.000002000,
1708300,48.998158,25.750000,23.248158,0.000000,-48.996315,1.000000,0.571426,0.000002025,
1708400,48.998158,25.750000,23.248158,0.000000,-48.996315,1.000000,0.571202,0.000002009,
1708500,48.749077,25.750000,22.999077,0.000000,-48.998158,1.000000,0.570970,0.000001988,
1708600,48.749077,25.000000,23.749077,0.000000,-48.998158,1.000000,0.570780,0.000001996,
1708700,48.749077,25.000000,23.749077,0.000000,-48.998158,1.000000,0.570578,0.000002008,
1708800,48.624538,25.000000,23.624538,0.000000,-48.998158,1.000000,0.570378,0.000002011,
1708900,48.624538,25.000000,23.624538,0.000000,-48.624538,1.000000,0.570131,0.000002023,
1709000,48.624538,25.000000,23.624538,0.000000,-48.624538,1.000000,0.569923,0.000002037,
1709100,48.562271,25.000000,23.562271,0.000000,-48.624538,1.000000,0.569745,0.000002037,
1709200,48.562271,26.000000,22.562271,0.000000,-48.624538,1.000000,0.569538,0.000002032,
1709300,48.562271,26.000000,22.562271,0.000000,-48.562271,1.000000,0.569324,0.000002033,
1709400,48.531136,26.000000,22.531136,0.000000,-48.562271,1.000000,0.569124,0.000002034,
1709500,48.531136,25.750000,22.781136,0.000000,-48.562271,1.000000,0.568916,0.000002030,
1709600,48.531136,25.750000,22.781136,0.000000,-48.562271,1.000000,0.568719,0.000002012,
1709700,48.640568,25.750000,22.890568,0.000000,-48.531136,1.000000,0.568483,0.000002007,
1709800,48.640568,25.750000,22.890568,0.000000,-48.531136,1.000000,0.568280,0.000001992,
1709900,48.640568,25.750000,22.890568,0.000000,-48.531136,1.000000,0.568111,0.000001986,
1710000,48.570282,25.750000,22.820282,0.000000,-48.531136,1.000000,0.567937,0.000001940,
1710100,48.570282,25.750000,22.820282,0.000000,-48.570282,1.000000,0.567729,0.000001913,
1710200,48.570282,25.750000,22.820282,0.000000,-48.570282,1.000000,0.567499,0.000001904,
1710300,48.660141,25.750000,22.910141,0.000000,-48.570282,1.000000,0.567278,0.000001933,
1710400,48.660141,25.500000,23.160141,0.000000,-48.570282,1.000000,0.567081,0.000001915,
1710500,48.660141,25.500000,23.160141,0.000000,-48.660141,1.000000,0.566862,0.000001926,
1710600,48.705070,25.500000,23.205070,0.000000,-48.660141,1.000000,0.566706,0.000001920,
1710700,48.705070,26.000000,22.705070,0.000000,-48.660141,1.000000,0.566482,0.000001952,
1710800,48.705070,26.000000,22.705070,0.000000,-48.660141,1.000000,0.566275,0.000001953,
1710900,48.727535,26.000000,22.727535,0.000000,-48.705070,1.000000,0.566066,0.000001920,
1711000,48.727535,25.750000,22.977535,0.000000,-48.705070,1.000000,0.565858,0.000001939,
1711100,48.727535,25.750000,22.977535,0.000000,-48.705070,1.000000,0.565591,0.000001928,
1711200,48.613770,25.750000,22.863770,0.000000,-48.705070,1.000000,0.565392,0.000001946,
1711300,48.613770,25.750000,22.863770,0.000000,-48.613770,1.000000,0.565201,0.000001967,
1711400,48.613770,25.750000,22.863770,0.000000,-48.613770,1.000000,0.565011,0.000001971,
1711500,48.556885,25.750000,22.806885,0.000000,-48.613770,1.000000,0.564800,0.000001959,
1711600,48.556885,25.750000,22.806885,0.000000,-48.613770,1.000000,0.564586,0.000001963,
1711700,48.556885,25.750000,22.806885,0.000000,-48.556885,1.000000,0.564366,0.000001991,
1711800,48.278442,25.750000,22.528442,0.000000,-48.556885,1.000000,0.564123,0.000001950,
1711900,48.278442,25.500000,22.778442,0.000000,-48.556885,1.000000,0.563896,0.000001978,
1712000,48.278442,25.500000,22.778442,0.000000,-48.556885,1.000000,0.563678,0.000002005,
1712100,48.389221,25.500000,22.889221,0.000000,-48.278442,1.000000,0.563512,0.000002032,
1712200,48.389221,25.500000,22.889221,0.000000,-48.278442,1.000000,0.563288,0.000002019,
1712300,48.389221,25.500000,22.889221,0.000000,-48.278442,1.000000,0.563081,0.000002006,
1712400,48.444611,25.500000,22.944611,0.000000,-48.278442,1.000000,0.562905,0.000001970,
1712500,48.444611,25.250000,23.194611,0.000000,-48.444611,1.000000,0.562717,0.000001953,
1712600,48.444611,25.250000,23.194611,0.000000,-48.444611,1.000000,0.562551,0.000001963,
1712700,48.472305,25.250000,23.222305,0.000000,-48.444611,1.000000,0.562377,0.000001991,
1712800,48.472305,25.500000,22.972305,0.000000,-48.444611,1.000000,0.562192,0.000001967,
1712900,48.472305,25.500000,22.972305,0.000000,-48.472305,1.000000,0.561989,0.000001970,
1713000,48.486153,25.500000,22.986153,0.000000,-48.472305,1.000000,0.561795,0.000001978,
1713100,48.486153,25.750000,22.736153,0.000000,-48.472305,1.000000,0.561659,0.000001977,
1713200,48.486153,25.750000,22.736153,0.000000,-48.472305,1.000000,0.561455,0.000001977,
1713300,48.493076,25.750000,22.743076,0.000000,-48.486153,1.000000,0.561252,0.000001939,
1713500,48.493076,25.750000,22.743076,0.000000,-48.486153,1.000000,0.560878,0.000001963,
1713600,48.246536,25.750000,22.496536,0.000000,-48.486153,1.000000,0.560671,0.000001981,
1713700,48.246536,25.750000,22.496536,0.000000,-48.246536,1.000000,0.560451,0.000001977,
1713800,48.246536,25.750000,22.496536,0.000000,-48.246536,1.000000,0.560311,0.000001992,
1713900,48.248268,25.750000,22.498268,0.000000,-48.246536,1.000000,0.560081,0.000001977,
1714000,48.248268,25.250000,22.998268,0.000000,-48.246536,1.000000,0.559955,0.000001964,
1714100,48.248268,25.250000,22.998268,0.000000,-48.248268,1.000000,0.559722,0.000001980,
1714200,48.249134,25.250000,22.999134,0.000000,-48.248268,1.000000,0.559495,0.000001961,
1714300,48.249134,25.250000,22.999134,0.000000,-48.248268,1.000000,0.559326,0.000001953,
1714400,48.249134,25.250000,22.999134,0.000000,-48.248268,1.000000,0.559103,0.000001939,
1714500,48.374565,25.250000,23.124565,0.000000,-48.249134,1.000000,0.558866,0.000001932,
1714600,48.374565,25.500000,22.874565,0.000000,-48.249134,1.000000,0.558699,0.000001932,
1714700,48.374565,25.500000,22.874565,0.000000,-48.249134,1.000000,0.558529,0.000001932,
1714800,48.187283,25.500000,22.687283,0.000000,-48.249134,1.000000,0.558337,0.000001925,
1714900,48.187283,25.750000,22.437283,0.000000,-48.187283,1.000000,0.558161,0.000001934,
1715000,48.187283,25.750000,22.437283,0.000000,-48.187283,1.000000,0.557973,0.000001980,
1715100,48.218643,25.750000,22.468643,0.000000,-48.187283,1.000000,0.557772,0.000001965,
1715200,48.234322,25.750000,22.484322,0.000000,-48.187283,1.000000,0.557555,0.000001965,
1715300,48.234322,25.750000,22.484322,0.000000,-48.234322,1.000000,0.557316,0.000001940,
1715400,48.234322,25.750000,22.484322,0.000000,-48.234322,1.000000,0.557149,0.000001922,
1715500,47.992161,25.750000,22.242161,0.000000,-48.234322,1.000000,0.556986,0.000001940,
1715600,47.992161,25.500000,22.492161,0.000000,-48.234322,1.000000,0.556772,0.000001946,
1715700,47.992161,25.500000,22.492161,0.000000,-47.992161,1.000000,0.556524,0.000001924,
1715800,47.996078,25.500000,22.496078,0.000000,-47.992161,1.000000,0.556280,0.000001940,
1715900,47.996078,25.750000,22.246078,0.000000,-47.992161,1.000000,0.556086,0.000001940,
1716000,47.996078,25.750000,22.246078,0.000000,-47.992161,1.000000,0.555916,0.000001945,
1716100,48.123039,25.750000,22.373039,0.000000,-47.996078,1.000000,0.555728,0.000001962,
1716200,48.123039,25.750000,22.373039,0.000000,-47.996078,1.000000,0.555600,0.000001969,
1716300,48.123039,25.750000,22.373039,0.000000,-47.996078,1.000000,0.555393,0.000001963,
1716400,48.061520,25.750000,22.311520,0.000000,-47.996078,1.000000,0.555202,0.000001954,
1716500,48.061520,25.500000,22.561520,0.000000,-48.061520,1.000000,0.554977,0.000001952,
1716600,48.061520,25.500000,22.561520,0.000000,-48.061520,1.000000,0.554751,0.000001957,
1716700,48.155762,25.500000,22.655762,0.000000,-48.061520,1.000000,0.554542,0.000001961,
1716800,48.155762,25.250000,22.905762,0.000000,-48.061520,1.000000,0.554349,0.000001954,
1716900,48.155762,25.250000,22.905762,0.000000,-48.155762,1.000000,0.554156,0.000001960,
1717000,47.952881,25.250000,22.702881,0.000000,-48.155762,1.000000,0.553995,0.000001973,
1717100,47.952881,25.750000,22.202881,0.000000,-48.155762,1.000000,0.553775,0.000002008,
1717200,47.952881,25.750000,22.202881,0.000000,-48.155762,1.000000,0.553562,0.000002015,
1717300,47.976440,25.750000,22.226440,0.000000,-47.952881,1.000000,0.553378,0.000002033,
1717400,47.976440,25.500000,22.476440,0.000000,-47.952881,1.000000,0.553199,0.000002027,
1717500,47.976440,25.500000,22.476440,0.000000,-47.952881,1.000000,0.552994,0.000002044,
1717600,47.988220,25.500000,22.488220,0.000000,-47.952881,1.000000,0.552807,0.000002024,
1717700,47.988220,25.500000,22.488220,0.000000,-47.988220,1.000000,0.552659,0.000002022,
1717800,47.988220,25.500000,22.488220,0.000000,-47.988220,1.000000,0.552450,0.000002017,
1717900,47.994110,25.500000,22.494110,0.000000,-47.988220,1.000000,0.552265,0.000002012,
1718000,47.994110,25.750000,22.244110,0.000000,-47.988220,1.000000,0.552067,0.000002049,
1718100,47.994110,25.750000,22.244110,0.000000,-47.994110,1.000000,0.551872,0.000002049,
1718200,47.997055,25.750000,22.247055,0.000000,-47.994110,1.000000,0.551663,0.000002039,
1718300,47.997055,25.500000,22.497055,0.000000,-47.994110,1.000000,0.551510,0.000002032,
1718400,47.997055,25.500000,22.497055,0.000000,-47.994110,1.000000,0.551332,0.000002041,
1718500,47.998528,25.500000,22.498528,0.000000,-47.997055,1.000000,0.551132,0.000002017,
1718600,47.998528,25.250000,22.748528,0.000000,-47.997055,1.000000,0.550896,0.000002032,
1718700,47.998528,25.250000,22.748528,0.000000,-47.997055,1.000000,0.550702,0.000002003,
1718800,47.999264,25.250000,22.749264,0.000000,-47.997055,1.000000,0.550476,0.000002000,
1718900,47.999264,25.500000,22.499264,0.000000,-47.999264,1.000000,0.550257,0.000001996,
1719000,47.999264,25.500000,22.499264,0.000000,-47.999264,1.000000,0.550047,0.000001974,
1719100,47.999634,25.500000,22.499634,0.000000,-47.999264,1.000000,0.549848,0.000001954,
1719200,47.999634,25.250000,22.749634,0.000000,-47.999264,1.000000,0.549682,0.000001966,
1719300,47.999634,25.250000,22.749634,0.000000,-47.999634,1.000000,0.549489,0.000001959,
1719400,47.999817,25.250000,22.749817,0.000000,-47.999634,1.000000,0.549249,0.000001989,
1719500,47.999817,25.500000,22.499817,0.000000,-47.999634,1.000000,0.549047,0.000001985,
1719600,47.999817,25.500000,22.499817,0.000000,-47.999634,1.000000,0.548884,0.000001984,
1719700,47.999908,25.500000,22.499908,0.000000,-47.999817,1.000000,0.548687,0.000001994,
1719800,47.999908,25.750000,22.249908,0.000000,-47.999817,1.000000,0.548555,0.000001969,
1719900,47.999908,25.750000,22.249908,0.000000,-47.999817,1.000000,0.548337,0.000001956,
1720000,47.999954,25.750000,22.249954,0.000000,-47.999817,1.000000,0.548152,0.000001961,
1720100,47.999954,25.250000,22.749954,0.000000,-47.999954,1.000000,0.547901,0.000001968,
1720200,47.999954,25.250000,22.749954,0.000000,-47.999954,1.000000,0.547713,0.000001961,
1720300,47.499977,25.250000,22.249977,0.000000,-47.999954,1.000000,0.547491,0.000001950,
1720400,47.499977,25.250000,22.249977,0.000000,-47.999954,1.000000,0.547298,0.000001928,
1720500,47.499977,25.250000,22.249977,0.000000,-47.499977,1.000000,0.547079,0.000001946,
1720600,47.499989,25.250000,22.249989,0.000000,-47.499977,1.000000,0.546869,0.000001980,
1720700,47.499989,25.500000,21.999989,0.000000,-47.499977,1.000000,0.546658,0.000001993,
1720800,47.499989,25.500000,21.999989,0.000000,-47.499977,1.000000,0.546434,0.000001996,
1720900,47.624992,25.500000,22.124992,0.000000,-47.499989,1.000000,0.546228,0.000002002,
1721000,47.624992,25.250000,22.374992,0.000000,-47.499989,1.000000,0.546097,0.000002004,
1721100,47.624992,25.250000,22.374992,0.000000,-47.499989,1.000000,0.545894,0.000002007,
1721200,47.687496,25.250000,22.437496,0.000000,-47.499989,1.000000,0.545713,0.000002003,
1721300,47.687496,25.000000,22.687496,0.000000,-47.687496,1.000000,0.545517,0.000002031,
1721400,47.687496,25.000000,22.687496,0.000000,-47.687496,1.000000,0.545318,0.000002045,
1721500,47.843750,25.000000,22.843750,0.000000,-47.687496,1.000000,0.545107,0.000002041,
1721600,47.843750,25.750000,22.093750,0.000000,-47.687496,1.000000,0.544875,0.000002034,
1721700,47.843750,25.750000,22.093750,0.000000,-47.843750,1.000000,0.544668,0.000002007,
1721800,47.921875,25.750000,22.171875,0.000000,-47.843750,1.000000,0.544430,0.000002005,
1721900,47.921875,25.750000,22.171875,0.000000,-47.843750,1.000000,0.544194,0.000002016,
1722000,47.921875,25.750000,22.171875,0.000000,-47.843750,1.000000,0.544037,0.000001999,
1722100,47.835938,25.750000,22.085938,0.000000,-47.921875,1.000000,0.543776,0.000001999,
1722200,47.835938,25.500000,22.335938,0.000000,-47.921875,1.000000,0.543591,0.000002002,
1722300,47.835938,25.500000,22.335938,0.000000,-47.921875,1.000000,0.543363,0.000002022,
1722400,47.792969,25.500000,22.292969,0.000000,-47.921875,1.000000,0.543180,0.000002022,
1722500,47.792969,25.250000,22.542969,0.000000,-47.792969,1.000000,0.542980,0.000002018,
1722600,47.792969,25.250000,22.542969,0.000000,-47.792969,1.000000,0.542767,0.000001972,
1722700,47.646484,25.250000,22.396484,0.000000,-47.792969,1.000000,0.542588,0.000001991,
1722800,47.646484,25.500000,22.146484,0.000000,-47.792969,1.000000,0.542426,0.000001976,
1722900,47.646484,25.500000,22.146484,0.000000,-47.646484,1.000000,0.542278,0.000001971,
1723000,47.573242,25.500000,22.073242,0.000000,-47.646484,1.000000,0.542073,0.000001959,
1723100,47.573242,25.750000,21.823242,0.000000,-47.646484,1.000000,0.541948,0.000001972,
1723200,47.573242,25.750000,21.823242,0.000000,-47.646484,1.000000,0.541737,0.000001973,
1723300,47.411621,25.750000,21.661621,0.000000,-47.573242,1.000000,0.541544,0.000001989,
1723400,47.411621,25.750000,21.661621,0.000000,-47.573242,1.000000,0.541342,0.000001980,
1723500,47.411621,25.750000,21.661621,0.000000,-47.573242,1.000000,0.541145,0.000001977,
1723600,47.580811,25.750000,21.830811,0.000000,-47.573242,1.000000,0.540939,0.000002000,
1723700,47.580811,25.500000,22.080811,0.000000,-47.580811,1.000000,0.540685,0.000002026,
1723800,47.580811,25.500000,22.080811,0.000000,-47.580811,1.000000,0.540458,0.000001994,
1723900,47.540405,25.500000,22.040405,0.000000,-47.580811,1.000000,0.540257,0.000001996,
1724000,47.540405,25.500000,22.040405,0.000000,-47.580811,1.000000,0.540054,0.000002012,
1724100,47.540405,25.500000,22.040405,0.000000,-47.540405,1.000000,0.539848,0.000002019,
1724200,47.520203,25.500000,22.020203,0.000000,-47.540405,1.000000,0.539660,0.000002046,
1724300,47.520203,25.250000,22.270203,0.000000,-47.540405,1.000000,0.539446,0.000002043,
1724400,47.520203,25.250000,22.270203,0.000000,-47.540405,1.000000,0.539273,0.000002027,
1724500,47.510101,25.250000,22.260101,0.000000,-47.520203,1.000000,0.539094,0.000002019,
1724600,47.510101,25.250000,22.260101,0.000000,-47.520203,1.000000,0.538842,0.000002012,
1724700,47.510101,25.250000,22.260101,0.000000,-47.520203,1.000000,0.538621,0.000002011,
1724800,47.505051,25.250000,22.255051,0.000000,-47.520203,1.000000,0.538441,0.000002018,
1724900,47.505051,25.500000,22.005051,0.000000,-47.505051,1.000000,0.538265,0.000002021,
1725000,47.505051,25.500000,22.005051,0.000000,-47.505051,1.000000,0.538065,0.000002051,
1725100,47.502525,25.500000,22.002525,0.000000,-47.505051,1.000000,0.537858,0.000002033,
1725200,47.502525,25.000000,22.502525,0.000000,-47.505051,1.000000,0.537625,0.000002038,
1725300,47.502525,25.000000,22.502525,0.000000,-47.502525,1.000000,0.537431,0.000002020,
1725400,47.501263,25.000000,22.501263,0.000000,-47.502525,1.000000,0.537227,0.000002026,
1725500,47.501263,25.500000,22.001263,0.000000,-47.502525,1.000000,0.537038,0.000002044,
1725600,47.501263,25.500000,22.001263,0.000000,-47.502525,1.000000,0.536852,0.000002051,
1725700,47.250633,25.500000,21.750633,0.000000,-47.501263,1.000000,0.536699,0.000002065,
1725800,47.250633,25.750000,21.500633,0.000000,-47.501263,1.000000,0.536484,0.000002067,
1725900,47.250633,25.750000,21.500633,0.000000,-47.501263,1.000000,0.536256,0.000002079,
1726000,47.000317,25.750000,21.250317,0.000000,-47.501263,1.000000,0.536081,0.000002058,
1726100,47.000317,25.750000,21.250317,0.000000,-47.000317,1.000000,0.535929,0.000002059,
1726200,47.000317,25.750000,21.250317,0.000000,-47.000317,1.000000,0.535748,0.000002058,
1726300,47.125160,25.750000,21.375160,0.000000,-47.000317,1.000000,0.535528,0.000002040,
1726400,47.125160,25.250000,21.875160,0.000000,-47.000317,1.000000,0.535414,0.000002045,
1726500,47.125160,25.250000,21.875160,0.000000,-47.125160,1.000000,0.535204,0.000002012,
1726600,46.937580,25.250000,21.687580,0.000000,-47.125160,1.000000,0.535015,0.000002009,
1726700,46.937580,25.500000,21.437580,0.000000,-47.125160,1.000000,0.534759,0.000002026,
1726800,46.937580,25.500000,21.437580,0.000000,-47.125160,1.000000,0.534538,0.000002019,
1726900,47.093788,25.500000,21.593788,0.000000,-46.937580,1.000000,0.534311,0.000001997,
1727000,47.093788,25.500000,21.593788,0.000000,-46.937580,1.000000,0.534135,0.000001992,
1727100,47.093788,25.500000,21.593788,0.000000,-46.937580,1.000000,0.533977,0.000001981,
1727200,47.046894,25.500000,21.546894,0.000000,-46.937580,1.000000,0.533780,0.000001984,
1727300,47.046894,25.750000,21.296894,0.000000,-47.046894,1.000000,0.533642,0.000001994,
1727400,47.046894,25.750000,21.296894,0.000000,-47.046894,1.000000,0.533426,0.000001983,
1727500,47.148445,25.750000,21.398445,0.000000,-47.046894,1.000000,0.533250,0.000001978,
1727600,47.148445,25.750000,21.398445,0.000000,-47.046894,1.000000,0.533026,0.000002046,
1727700,47.148445,25.750000,21.398445,0.000000,-47.148445,1.000000,0.532825,0.000002040,
1727800,47.199223,25.750000,21.449223,0.000000,-47.148445,1.000000,0.532622,0.000002050,
1727900,47.199223,25.000000,22.199223,0.000000,-47.148445,1.000000,0.532437,0.000002035,
1728000,47.199223,25.000000,22.199223,0.000000,-47.148445,1.000000,0.532299,0.000002005,
1728100,47.099609,25.000000,22.099609,0.000000,-47.199223,1.000000,0.532083,0.000002001,
1728200,47.099609,25.750000,21.349609,0.000000,-47.199223,1.000000,0.531877,0.000001989,
1728300,47.099609,25.750000,21.349609,0.000000,-47.199223,1.000000,0.531693,0.000002002,
1728400,47.174805,25.750000,21.424805,0.000000,-47.199223,1.000000,0.531538,0.000002004,
1728500,47.174805,25.500000,21.674805,0.000000,-47.174805,1.000000,0.531375,0.000001987,
1728600,47.174805,25.500000,21.674805,0.000000,-47.174805,1.000000,0.531172,0.000001986,
1728700,46.962402,25.500000,21.462402,0.000000,-47.174805,1.000000,0.530929,0.000001975,
1728800,46.962402,25.500000,21.462402,0.000000,-47.174805,1.000000,0.530724,0.000001978,
1728900,46.962402,25.500000,21.462402,0.000000,-46.962402,1.000000,0.530530,0.000001959,
1729000,46.856201,25.500000,21.356201,0.000000,-46.962402,1.000000,0.530333,0.000001970,
1729100,46.856201,25.500000,21.356201,0.000000,-46.962402,1.000000,0.530100,0.000002001,
1729200,46.856201,25.500000,21.356201,0.000000,-46.962402,1.000000,0.529917,0.000002001,
1729300,47.053101,25.500000,21.553101,0.000000,-46.856201,1.000000,0.529736,0.000001980,
1729400,47.053101,25.000000,22.053101,0.000000,-46.856201,1.000000,0.529562,0.000001992,
1729500,47.053101,25.000000,22.053101,0.000000,-46.856201,1.000000,0.529403,0.000002013,
1729600,47.026550,25.000000,22.026550,0.000000,-46.856201,1.000000,0.529205,0.000002010,
1729700,47.026550,25.500000,21.526550,0.000000,-47.026550,1.000000,0.528970,0.000001998,
1729800,47.026550,25.500000,21.526550,0.000000,-47.026550,1.000000,0.528728,0.000002004,
1729900,47.013275,25.500000,21.513275,0.000000,-47.026550,1.000000,0.528565,0.000001988,
1730000,47.013275,25.500000,21.513275,0.000000,-47.026550,1.000000,0.528362,0.000001976,
1730100,47.013275,25.500000,21.513275,0.000000,-47.013275,1.000000,0.528186,0.000001959,
1730200,47.006638,25.500000,21.506638,0.000000,-47.013275,1.000000,0.528013,0.000001952,
1730300,47.006638,25.500000,21.506638,0.000000,-47.013275,1.000000,0.527794,0.000001948,
1730400,47.006638,25.500000,21.506638,0.000000,-47.013275,1.000000,0.527617,0.000001945,
1730500,47.003319,25.500000,21.503319,0.000000,-47.006638,1.000000,0.527411,0.000001944,
1730600,47.003319,25.250000,21.753319,0.000000,-47.006638,1.000000,0.527218,0.000001980,
1730700,47.003319,25.250000,21.753319,0.000000,-47.006638,1.000000,0.527038,0.000001984,
1730800,47.001659,25.250000,21.751659,0.000000,-47.006638,1.000000,0.526821,0.000002014,
1730900,47.001659,25.000000,22.001659,0.000000,-47.001659,1.000000,0.526625,0.000002019,
1731000,47.001659,25.000000,22.001659,0.000000,-47.001659,1.000000,0.526448,0.000001998,
1731100,47.000832,25.000000,22.000832,0.000000,-47.001659,1.000000,0.526233,0.000002010,
1731200,47.000832,25.250000,21.750832,0.000000,-47.001659,1.000000,0.526069,0.000001997,
1731300,47.000832,25.250000,21.750832,0.000000,-47.000832,1.000000,0.525881,0.000002017,
1731400,47.000416,25.250000,21.750416,0.000000,-47.000832,1.000000,0.525708,0.000002012,
1731500,47.000416,25.000000,22.000416,0.000000,-47.000832,1.000000,0.525482,0.000002024,
1731600,47.000416,25.000000,22.000416,0.000000,-47.000832,1.000000,0.525293,0.000002020,
1731700,47.000206,25.000000,22.000206,0.000000,-47.000416,1.000000,0.525131,0.000002034,
1731800,47.000206,26.000000,21.000206,0.000000,-47.000416,1.000000,0.524961,0.000002038,
1731900,47.000206,26.000000,21.000206,0.000000,-47.000416,1.000000,0.524765,0.000002024,
1732000,46.750103,26.000000,20.750103,0.000000,-47.000416,1.000000,0.524556,0.000002011,
1732100,46.750103,25.500000,21.250103,0.000000,-46.750103,1.000000,0.524356,0.000002039,
1732200,46.750103,25.500000,21.250103,0.000000,-46.750103,1.000000,0.524171,0.000002016,
1732300,46.750053,25.500000,21.250053,0.000000,-46.750103,1.000000,0.523993,0.000001984,
1732400,46.750053,25.500000,21.250053,0.000000,-46.750103,1.000000,0.523805,0.000001974,
1732500,46.750053,25.500000,21.250053,0.000000,-46.750053,1.000000,0.523561,0.000001996,
1732600,46.750027,25.500000,21.250027,0.000000,-46.750053,1.000000,0.523374,0.000002018,
1732700,46.750027,25.250000,21.500027,0.000000,-46.750053,1.000000,0.523199,0.000002077,
1732800,46.750027,25.250000,21.500027,0.000000,-46.750053,1.000000,0.523022,0.000002075,
1732900,46.875015,25.250000,21.625015,0.000000,-46.750027,1.000000,0.522800,0.000002086,
1733000,46.875015,25.500000,21.375015,0.000000,-46.750027,1.000000,0.522659,0.000002065,
1733100,46.875015,25.500000,21.375015,0.000000,-46.750027,1.000000,0.522426,0.000002054,
1733200,46.687508,25.500000,21.187508,0.000000,-46.750027,1.000000,0.522258,0.000002041,
1733300,46.687508,25.250000,21.437508,0.000000,-46.687508,1.000000,0.522068,0.000002033,
1733400,46.687508,25.250000,21.437508,0.000000,-46.687508,1.000000,0.521882,0.000002032,
1733500,46.593754,25.250000,21.343754,0.000000,-46.687508,1.000000,0.521677,0.000002021,
1733600,46.593754,25.250000,21.343754,0.000000,-46.687508,1.000000,0.521510,0.000002031,
1733700,46.593754,25.250000,21.343754,0.000000,-46.593754,1.000000,0.521279,0.000002046,
1733800,46.796875,25.250000,21.546875,0.000000,-46.593754,1.000000,0.521079,0.000002056,
1733900,46.796875,25.750000,21.046875,0.000000,-46.593754,1.000000,0.520892,0.000002019,
1734000,46.796875,25.750000,21.046875,0.000000,-46.593754,1.000000,0.520704,0.000002037,
1734100,46.523438,25.750000,20.773438,0.000000,-46.796875,1.000000,0.520517,0.000002038,
1734200,46.523438,25.250000,21.273438,0.000000,-46.796875,1.000000,0.520330,0.000002046,
1734300,46.523438,25.250000,21.273438,0.000000,-46.796875,1.000000,0.520117,0.000002030,
1734400,46.636719,25.250000,21.386719,0.000000,-46.796875,1.000000,0.519907,0.000002024,
1734500,46.636719,25.750000,20.886719,0.000000,-46.636719,1.000000,0.519755,0.000002020,
1734600,46.636719,25.750000,20.886719,0.000000,-46.636719,1.000000,0.519594,0.000002025,
1734700,46.693359,25.750000,20.943359,0.000000,-46.636719,1.000000,0.519389,0.000002003,
1734800,46.693359,26.000000,20.693359,0.000000,-46.636719,1.000000,0.519207,0.000001992,
1734900,46.693359,26.000000,20.693359,0.000000,-46.693359,1.000000,0.519034,0.000001979,
1735000,46.471680,26.000000,20.471680,0.000000,-46.693359,1.000000,0.518829,0.000001965,
1735100,46.471680,25.250000,21.221680,0.000000,-46.693359,1.000000,0.518651,0.000001971,
1735200,46.471680,25.250000,21.221680,0.000000,-46.693359,1.000000,0.518463,0.000001948,
1735300,46.610840,25.250000,21.360840,0.000000,-46.471680,1.000000,0.518249,0.000001969,
1735400,46.610840,25.250000,21.360840,0.000000,-46.471680,1.000000,0.518094,0.000001951,
1735500,46.610840,25.250000,21.360840,0.000000,-46.471680,1.000000,0.517898,0.000001965,
1735600,46.430420,25.250000,21.180420,0.000000,-46.471680,1.000000,0.517732,0.000001964,
1735700,46.430420,25.500000,20.930420,0.000000,-46.430420,1.000000,0.517532,0.000001978,
1735800,46.430420,25.500000,20.930420,0.000000,-46.430420,1.000000,0.517371,0.000001983,
1735900,46.340210,25.500000,20.840210,0.000000,-46.430420,1.000000,0.517173,0.000001995,
1736000,46.340210,25.500000,20.840210,0.000000,-46.430420,1.000000,0.516932,0.000001993,
1736100,46.340210,25.500000,20.840210,0.000000,-46.340210,1.000000,0.516737,0.000001999,
1736200,46.295105,25.500000,20.795105,0.000000,-46.340210,1.000000,0.516594,0.000001971,
1736300,46.295105,25.750000,20.545105,0.000000,-46.340210,1.000000,0.516409,0.000001954,
1736400,46.295105,25.750000,20.545105,0.000000,-46.340210,1.000000,0.516210,0.000001951,
1736500,46.272552,25.750000,20.522552,0.000000,-46.295105,1.000000,0.516003,0.000001987,
1736600,46.272552,25.250000,21.022552,0.000000,-46.295105,1.000000,0.515828,0.000001984,
1736700,46.272552,25.250000,21.022552,0.000000,-46.295105,1.000000,0.515633,0.000002003,
1736800,46.386276,25.250000,21.136276,0.000000,-46.295105,1.000000,0.515472,0.000001978,
1736900,46.386276,25.500000,20.886276,0.000000,-46.386276,1.000000,0.515235,0.000001976,
1737000,46.386276,25.500000,20.886276,0.000000,-46.386276,1.000000,0.515055,0.000002015,
1737100,46.443138,25.500000,20.943138,0.000000,-46.386276,1.000000,0.514910,0.000002038,
1737200,46.443138,25.500000,20.943138,0.000000,-46.386276,1.000000,0.514697,0.000002026,
1737300,46.443138,25.500000,20.943138,0.000000,-46.443138,1.000000,0.514498,0.000002026,
1737400,46.346569,25.500000,20.846569,0.000000,-46.443138,1.000000,0.514318,0.000002026,
1737500,46.346569,25.500000,20.846569,0.000000,-46.443138,1.000000,0.514161,0.000002024,
1737600,46.346569,25.500000,20.846569,0.000000,-46.443138,1.000000,0.513990,0.000002015,
1737700,46.298286,25.500000,20.798286,0.000000,-46.346569,1.000000,0.513815,0.000002038,
1737800,46.298286,25.000000,21.298286,0.000000,-46.346569,1.000000,0.513642,0.000002038,
1737900,46.298286,25.000000,21.298286,0.000000,-46.346569,1.000000,0.513442,0.000002011,
1738000,46.149143,25.000000,21.149143,0.000000,-46.346569,1.000000,0.513219,0.000002019,
1738100,46.149143,25.750000,20.399143,0.000000,-46.149143,1.000000,0.513017,0.000002010,
1738200,46.149143,25.750000,20.399143,0.000000,-46.149143,1.000000,0.512861,0.000001973,
1738300,46.074570,25.750000,20.324570,0.000000,-46.149143,1.000000,0.512685,0.000001976,
1738400,46.074570,25.500000,20.574570,0.000000,-46.149143,1.000000,0.512496,0.000001989,
1738500,46.074570,25.500000,20.574570,0.000000,-46.074570,1.000000,0.512296,0.000001984,
1738600,46.287285,25.500000,20.787285,0.000000,-46.074570,1.000000,0.512107,0.000001991,
1738700,46.287285,25.500000,20.787285,0.000000,-46.074570,1.000000,0.511910,0.000001974,
1738800,46.287285,25.500000,20.787285,0.000000,-46.074570,1.000000,0.511719,0.000001996,
1738900,46.393642,25.500000,20.893642,0.000000,-46.287285,1.000000,0.511548,0.000001975,
1739000,46.393642,25.250000,21.143642,0.000000,-46.287285,1.000000,0.511370,0.000001962,
1739100,46.393642,25.250000,21.143642,0.000000,-46.287285,1.000000,0.511187,0.000001975,
1739200,46.196823,25.250000,20.946823,0.000000,-46.287285,1.000000,0.511020,0.000001970,
1739300,46.196823,25.500000,20.696823,0.000000,-46.196823,1.000000,0.510806,0.000001974,
1739400,46.196823,25.500000,20.696823,0.000000,-46.196823,1.000000,0.510610,0.000001969,
1739500,46.223412,25.500000,20.723412,0.000000,-46.196823,1.000000,0.510444,0.000001962,
1739600,46.223412,25.000000,21.223412,0.000000,-46.196823,1.000000,0.510276,0.000001979,
1739700,46.223412,25.000000,21.223412,0.000000,-46.223412,1.000000,0.510116,0.000001944,
1739800,46.361706,25.000000,21.361706,0.000000,-46.223412,1.000000,0.509911,0.000001927,
1739900,46.361706,25.250000,21.111706,0.000000,-46.223412,1.000000,0.509707,0.000001922,
1740000,46.361706,25.250000,21.111706,0.000000,-46.223412,1.000000,0.509506,0.000001942,
1740100,46.305855,25.250000,21.055855,0.000000,-46.361706,1.000000,0.509317,0.000001971,
1740200,46.305855,25.250000,21.055855,0.000000,-46.361706,1.000000,0.509143,0.000001965,
1740300,46.305855,25.250000,21.055855,0.000000,-46.361706,1.000000,0.508958,0.000001927,
1740400,46.277927,25.250000,21.027927,0.000000,-46.361706,1.000000,0.508732,0.000001957,
1740500,46.277927,25.000000,21.277927,0.000000,-46.277927,1.000000,0.508528,0.000001949,
1740600,46.277927,25.000000,21.277927,0.000000,-46.277927,1.000000,0.508301,0.000001976,
1740700,46.138962,25.000000,21.138962,0.000000,-46.277927,1.000000,0.508123,0.000001986,
1740800,46.069481,25.000000,21.069481,0.000000,-46.277927,1.000000,0.507937,0.000001982,
1740900,46.069481,25.250000,20.819481,0.000000,-46.069481,1.000000,0.507708,0.000001979,
1741000,46.069481,25.250000,20.819481,0.000000,-46.069481,1.000000,0.507512,0.000001988,
1741100,46.159740,25.250000,20.909740,0.000000,-46.069481,1.000000,0.507391,0.000001984,
1741200,46.159740,25.750000,20.409740,0.000000,-46.069481,1.000000,0.507228,0.000001989,
1741300,46.159740,25.750000,20.409740,0.000000,-46.159740,1.000000,0.507050,0.000001952,
1741400,46.204872,25.750000,20.454872,0.000000,-46.159740,1.000000,0.506873,0.000001981,
1741500,46.204872,25.500000,20.704872,0.000000,-46.159740,1.000000,0.506715,0.000001969,
1741600,46.204872,25.500000,20.704872,0.000000,-46.159740,1.000000,0.506536,0.000001961,
1741700,46.102436,25.500000,20.602436,0.000000,-46.204872,1.000000,0.506395,0.000001978,
1741800,46.102436,25.500000,20.602436,0.000000,-46.204872,1.000000,0.506186,0.000001975,
1741900,46.102436,25.500000,20.602436,0.000000,-46.204872,1.000000,0.506012,0.000001983,
1742000,46.051216,25.500000,20.551216,0.000000,-46.204872,1.000000,0.505816,0.000001999,
1742100,46.051216,25.000000,21.051216,0.000000,-46.051216,1.000000,0.505597,0.000001999,
1742200,46.051216,25.000000,21.051216,0.000000,-46.051216,1.000000,0.505461,0.000002002,
1742300,45.900608,25.000000,20.900608,0.000000,-46.051216,1.000000,0.505279,0.000001995,
1742400,45.900608,25.500000,20.400608,0.000000,-46.051216,1.000000,0.505108,0.000001973,
1742500,45.900608,25.500000,20.400608,0.000000,-45.900608,1.000000,0.504912,0.000001961,
1742600,45.825302,25.500000,20.325302,0.000000,-45.900608,1.000000,0.504722,0.000001956,
1742700,45.825302,25.000000,20.825302,0.000000,-45.900608,1.000000,0.504552,0.000001953,
1742800,45.825302,25.000000,20.825302,0.000000,-45.900608,1.000000,0.504398,0.000001942,
1742900,46.037651,25.000000,21.037651,0.000000,-45.825302,1.000000,0.504203,0.000001959,
1743000,46.037651,25.000000,21.037651,0.000000,-45.825302,1.000000,0.504013,0.000001978,
1743100,46.037651,25.000000,21.037651,0.000000,-45.825302,1.000000,0.503832,0.000001977,
1743200,45.893826,25.000000,20.893826,0.000000,-45.825302,1.000000,0.503612,0.000001959,
1743300,45.893826,25.500000,20.393826,0.000000,-45.893826,1.000000,0.503465,0.000001960,
1743400,45.893826,25.500000,20.393826,0.000000,-45.893826,1.000000,0.503286,0.000001974,
1743500,45.946915,25.500000,20.446915,0.000000,-45.893826,1.000000,0.503114,0.000001986,
1743600,45.946915,25.500000,20.446915,0.000000,-45.893826,1.000000,0.502924,0.000002007,
1743700,45.946915,25.500000,20.446915,0.000000,-45.946915,1.000000,0.502744,0.000002013,
1743800,45.973457,25.500000,20.473457,0.000000,-45.946915,1.000000,0.502552,0.000002023,
1743900,45.973457,25.000000,20.973457,0.000000,-45.946915,1.000000,0.502356,0.000002029,
1744000,45.973457,25.000000,20.973457,0.000000,-45.946915,1.000000,0.502132,0.000002033,
1744100,45.736729,25.000000,20.736729,0.000000,-45.973457,1.000000,0.501960,0.000002041,
1744200,45.736729,25.500000,20.236729,0.000000,-45.973457,1.000000,0.501763,0.000002026,
1744300,45.736729,25.500000,20.236729,0.000000,-45.973457,1.000000,0.501581,0.000001991,
1744400,45.493362,25.500000,19.993362,0.000000,-45.973457,1.000000,0.501417,0.000002004,
1744500,45.493362,25.500000,19.993362,0.000000,-45.493362,1.000000,0.501244,0.000001983,
1744600,45.493362,25.500000,19.993362,0.000000,-45.493362,1.000000,0.501009,0.000002003,
1744700,45.496681,25.500000,19.996681,0.000000,-45.493362,1.000000,0.500855,0.000001999,
1744800,45.496681,25.750000,19.746681,0.000000,-45.493362,1.000000,0.500645,0.000002042,
1744900,45.496681,25.750000,19.746681,0.000000,-45.496681,1.000000,0.500476,0.000002037,
1745000,45.498341,25.750000,19.748341,0.000000,-45.496681,1.000000,0.500275,0.000002052,
1745100,45.498341,25.500000,19.998341,0.000000,-45.496681,1.000000,0.500090,0.000002042,
1745200,45.498341,25.500000,19.998341,0.000000,-45.496681,1.000000,0.499891,0.000002057,
1745300,45.749168,25.500000,20.249168,0.000000,-45.498341,1.000000,0.499698,0.000002037,
1745400,45.749168,25.500000,20.249168,0.000000,-45.498341,1.000000,0.499491,0.000002024,
1745500,45.749168,25.500000,20.249168,0.000000,-45.498341,1.000000,0.499264,0.000002050,
1745600,45.749584,25.500000,20.249584,0.000000,-45.498341,1.000000,0.499079,0.000002050,
1745700,45.749584,25.250000,20.499584,0.000000,-45.749584,1.000000,0.498943,0.000002024,
1745800,45.749584,25.250000,20.499584,0.000000,-45.749584,1.000000,0.498812,0.000002014,
1745900,45.499794,25.250000,20.249794,0.000000,-45.749584,1.000000,0.498664,0.000001984,
1746000,45.499794,25.500000,19.999794,0.000000,-45.749584,1.000000,0.498535,0.000002023,
1746100,45.499794,25.500000,19.999794,0.000000,-45.499794,1.000000,0.498412,0.000002020,
1746200,45.249897,25.500000,19.749897,0.000000,-45.499794,1.000000,0.498251,0.000002019,
1746300,45.249897,25.000000,20.249897,0.000000,-45.499794,1.000000,0.498056,0.000002029,
1746400,45.249897,25.000000,20.249897,0.000000,-45.499794,1.000000,0.497882,0.000002020,
1746500,45.499947,25.000000,20.499947,0.000000,-45.249897,1.000000,0.497691,0.000002018,
1746600,45.499947,25.250000,20.249947,0.000000,-45.249897,1.000000,0.497477,0.000002009,
1746700,45.499947,25.250000,20.249947,0.000000,-45.249897,1.000000,0.497296,0.000002017,
1746800,45.499973,25.250000,20.249973,0.000000,-45.249897,1.000000,0.497124,0.000002012,
1746900,45.499973,25.000000,20.499973,0.000000,-45.499973,1.000000,0.496955,0.000002004,
1747000,45.499973,25.000000,20.499973,0.000000,-45.499973,1.000000,0.496762,0.000001987,
1747100,45.374985,25.000000,20.374985,0.000000,-45.499973,1.000000,0.496629,0.000002007,
1747200,45.374985,25.750000,19.624985,0.000000,-45.499973,1.000000,0.496445,0.000002002,
1747300,45.374985,25.750000,19.624985,0.000000,-45.374985,1.000000,0.496307,0.000001960,
1747400,45.562492,25.750000,19.812492,0.000000,-45.374985,1.000000,0.496155,0.000001963,
1747500,45.562492,25.750000,19.812492,0.000000,-45.374985,1.000000,0.495943,0.000001930,
1747600,45.562492,25.750000,19.812492,0.000000,-45.374985,1.000000,0.495715,0.000001948,
1747700,45.531246,25.750000,19.781246,0.000000,-45.562492,1.000000,0.495517,0.000001930,
1747800,45.531246,25.500000,20.031246,0.000000,-45.562492,1.000000,0.495364,0.000001921,
1747900,45.531246,25.500000,20.031246,0.000000,-45.562492,1.000000,0.495210,0.000001944,
1748000,45.640625,25.500000,20.140625,0.000000,-45.562492,1.000000,0.495115,0.000001957,
1748100,45.640625,25.500000,20.140625,0.000000,-45.640625,1.000000,0.494962,0.000001972,
1748200,45.640625,25.500000,20.140625,0.000000,-45.640625,1.000000,0.494757,0.000001980,
1748300,45.570312,25.500000,20.070312,0.000000,-45.640625,1.000000,0.494561,0.000001965,
1748400,45.570312,25.500000,20.070312,0.000000,-45.640625,1.000000,0.494356,0.000001953,
1748500,45.570312,25.500000,20.070312,0.000000,-45.570312,1.000000,0.494142,0.000001951,
1748600,45.660156,25.500000,20.160156,0.000000,-45.570312,1.000000,0.493945,0.000001980,
1748700,45.660156,25.500000,20.160156,0.000000,-45.570312,1.000000,0.493679,0.000001981,
1748800,45.660156,25.500000,20.160156,0.000000,-45.570312,1.000000,0.493502,0.000002010,
1748900,45.705078,25.500000,20.205078,0.000000,-45.660156,1.000000,0.493309,0.000001996,
1749000,45.705078,25.250000,20.455078,0.000000,-45.660156,1.000000,0.493210,0.000001995,
1749100,45.705078,25.250000,20.455078,0.000000,-45.660156,1.000000,0.493037,0.000001996,
1749200,45.727539,25.250000,20.477539,0.000000,-45.660156,1.000000,0.492844,0.000002005,
1749300,45.727539,25.250000,20.477539,0.000000,-45.727539,1.000000,0.492674,0.000001996,
1749400,45.727539,25.250000,20.477539,0.000000,-45.727539,1.000000,0.492461,0.000001993,
1749500,45.488770,25.250000,20.238770,0.000000,-45.727539,1.000000,0.492277,0.000002003,
1749600,45.488770,25.250000,20.238770,0.000000,-45.727539,1.000000,0.492066,0.000001986,
1749700,45.488770,25.250000,20.238770,0.000000,-45.488770,1.000000,0.491870,0.000001996,
1749800,45.369385,25.250000,20.119385,0.000000,-45.488770,1.000000,0.491729,0.000001969,
1749900,45.369385,25.500000,19.869385,0.000000,-45.488770,1.000000,0.491593,0.000001975,
1750000,45.369385,25.500000,19.869385,0.000000,-45.488770,1.000000,0.491393,0.000001999,
1750100,45.309692,25.500000,19.809692,0.000000,-45.369385,1.000000,0.491225,0.000002028,
1750200,45.309692,25.250000,20.059692,0.000000,-45.369385,1.000000,0.491081,0.000002021,
1750300,45.309692,25.250000,20.059692,0.000000,-45.369385,1.000000,0.490826,0.000001975,
1750400,45.279846,25.250000,20.029846,0.000000,-45.369385,1.000000,0.490600,0.000001957,
1750500,45.279846,25.500000,19.779846,0.000000,-45.279846,1.000000,0.490434,0.000001967,
1750600,45.279846,25.500000,19.779846,0.000000,-45.279846,1.000000,0.490275,0.000001958,
1750700,45.264923,25.500000,19.764923,0.000000,-45.279846,1.000000,0.490117,0.000001941,
1750800,45.264923,25.500000,19.764923,0.000000,-45.279846,1.000000,0.489900,0.000001914,
1750900,45.264923,25.500000,19.764923,0.000000,-45.264923,1.000000,0.489709,0.000001919,
1751000,45.132462,25.500000,19.632462,0.000000,-45.264923,1.000000,0.489499,0.000001934,
1751100,45.132462,25.000000,20.132462,0.000000,-45.264923,1.000000,0.489303,0.000001925,
1751200,45.132462,25.000000,20.132462,0.000000,-45.264923,1.000000,0.489112,0.000001921,
1751300,45.191231,25.000000,20.191231,0.000000,-45.132462,1.000000,0.488912,0.000001921,
1751500,45.191231,25.250000,19.941231,0.000000,-45.132462,1.000000,0.488613,0.000001943,
1751600,45.345615,25.250000,20.095615,0.000000,-45.132462,1.000000,0.488430,0.000001933,
1751700,45.345615,25.250000,20.095615,0.000000,-45.345615,1.000000,0.488249,0.000001955,
1751800,45.345615,25.250000,20.095615,0.000000,-45.345615,1.000000,0.487983,0.000001936,
1751900,45.422806,25.250000,20.172806,0.000000,-45.345615,1.000000,0.487771,0.000001980,
1752000,45.422806,25.750000,19.672806,0.000000,-45.345615,1.000000,0.487586,0.000001982,
1752100,45.422806,25.750000,19.672806,0.000000,-45.422806,1.000000,0.487363,0.000001982,
1752200,45.086403,25.750000,19.336403,0.000000,-45.422806,1.000000,0.487112,0.000001962,
1752300,45.086403,25.500000,19.586403,0.000000,-45.422806,1.000000,0.486964,0.000001977,
1752400,45.086403,25.500000,19.586403,0.000000,-45.422806,1.000000,0.486803,0.000002014,
1752500,45.043201,25.500000,19.543201,0.000000,-45.086403,1.000000,0.486615,0.000002021,
1752600,45.043201,25.250000,19.793201,0.000000,-45.086403,1.000000,0.486415,0.000002018,
1752700,45.043201,25.250000,19.793201,0.000000,-45.086403,1.000000,0.486271,0.000001996,
1752800,45.271599,25.250000,20.021599,0.000000,-45.086403,1.000000,0.486103,0.000001993,
1752900,45.271599,25.750000,19.521599,0.000000,-45.271599,1.000000,0.485931,0.000002009,
1753000,45.271599,25.750000,19.521599,0.000000,-45.271599,1.000000,0.485777,0.000001981,
1753100,45.135799,25.750000,19.385799,0.000000,-45.271599,1.000000,0.485611,0.000001964,
1753200,45.135799,25.750000,19.385799,0.000000,-45.271599,1.000000,0.485445,0.000001978,
1753300,45.135799,25.750000,19.385799,0.000000,-45.135799,1.000000,0.485318,0.000001996,
1753400,45.067902,25.750000,19.317902,0.000000,-45.135799,1.000000,0.485200,0.000001980,
1753500,45.067902,25.250000,19.817902,0.000000,-45.135799,1.000000,0.485023,0.000001984,
1753600,45.067902,25.250000,19.817902,0.000000,-45.135799,1.000000,0.484834,0.000001958,
1753700,45.158951,25.250000,19.908951,0.000000,-45.067902,1.000000,0.484628,0.000001925,
1753800,45.158951,25.250000,19.908951,0.000000,-45.067902,1.000000,0.484411,0.000001921,
1753900,45.158951,25.250000,19.908951,0.000000,-45.067902,1.000000,0.484249,0.000001947,
1754000,45.204475,25.250000,19.954475,0.000000,-45.067902,1.000000,0.484081,0.000001940,
1754100,45.204475,25.250000,19.954475,0.000000,-45.204475,1.000000,0.483912,0.000001951,
1754200,45.204475,25.250000,19.954475,0.000000,-45.204475,1.000000,0.483767,0.000001951,
1754300,45.352238,25.250000,20.102238,0.000000,-45.204475,1.000000,0.483589,0.000001947,
1754400,45.352238,25.250000,20.102238,0.000000,-45.204475,1.000000,0.483388,0.000001952,
1754500,45.352238,25.250000,20.102238,0.000000,-45.352238,1.000000,0.483230,0.000001948,
1754600,45.426117,25.250000,20.176117,0.000000,-45.352238,1.000000,0.483068,0.000001947,
1754700,45.426117,25.250000,20.176117,0.000000,-45.352238,1.000000,0.482902,0.000001946,
1754800,45.426117,25.250000,20.176117,0.000000,-45.352238,1.000000,0.482781,0.000001962,
1754900,45.338058,25.250000,20.088058,0.000000,-45.426117,1.000000,0.482570,0.000001954,
1755000,45.338058,25.500000,19.838058,0.000000,-45.426117,1.000000,0.482408,0.000001959,
1755100,45.338058,25.500000,19.838058,0.000000,-45.426117,1.000000,0.482258,0.000001992,
1755200,45.169029,25.500000,19.669029,0.000000,-45.426117,1.000000,0.482057,0.000001981,
1755300,45.169029,25.500000,19.669029,0.000000,-45.169029,1.000000,0.481889,0.000001981,
1755400,45.169029,25.500000,19.669029,0.000000,-45.169029,1.000000,0.481713,0.000001977,
1755500,45.209515,25.500000,19.709515,0.000000,-45.169029,1.000000,0.481488,0.000001953,
1755600,45.209515,25.500000,19.709515,0.000000,-45.169029,1.000000,0.481322,0.000001923,
1755700,45.209515,25.500000,19.709515,0.000000,-45.209515,1.000000,0.481152,0.000001921,
1755800,45.104759,25.500000,19.604759,0.000000,-45.209515,1.000000,0.480979,0.000001962,
1755900,45.104759,25.500000,19.604759,0.000000,-45.209515,1.000000,0.480808,0.000001956,
1756000,45.104759,25.500000,19.604759,0.000000,-45.209515,1.000000,0.480653,0.000001958,
1756100,45.052380,25.500000,19.552380,0.000000,-45.104759,1.000000,0.480484,0.000001978,
1756200,45.052380,25.500000,19.552380,0.000000,-45.104759,1.000000,0.480262,0.000001968,
1756300,45.052380,25.500000,19.552380,0.000000,-45.104759,1.000000,0.480087,0.000001961,
1756400,44.776192,25.500000,19.276192,0.000000,-45.104759,1.000000,0.479876,0.000001952,
1756500,44.776192,25.500000,19.276192,0.000000,-44.776192,1.000000,0.479691,0.000001932,
1756600,44.776192,25.500000,19.276192,0.000000,-44.776192,1.000000,0.479507,0.000001987,
1756700,44.763096,25.500000,19.263096,0.000000,-44.776192,1.000000,0.479352,0.000002004,
1756800,44.763096,25.500000,19.263096,0.000000,-44.776192,1.000000,0.479203,0.000002003,
1756900,44.763096,25.500000,19.263096,0.000000,-44.763096,1.000000,0.479020,0.000001986,
1757000,44.756546,25.500000,19.256546,0.000000,-44.763096,1.000000,0.478819,0.000001995,
1757100,44.756546,25.250000,19.506546,0.000000,-44.763096,1.000000,0.478631,0.000001985,
1757200,44.756546,25.250000,19.506546,0.000000,-44.763096,1.000000,0.478476,0.000002023,
1757300,44.878273,25.250000,19.628273,0.000000,-44.756546,1.000000,0.478295,0.000002007,
1757400,44.878273,26.250000,18.628273,0.000000,-44.756546,1.000000,0.478164,0.000002044,
1757500,44.878273,26.250000,18.628273,0.000000,-44.756546,1.000000,0.477963,0.000002032,
1757600,44.814137,26.250000,18.564137,0.000000,-44.756546,1.000000,0.477793,0.000002019,
1757700,44.814137,25.250000,19.564137,0.000000,-44.814137,1.000000,0.477665,0.000002046,
1757800,44.814137,25.250000,19.564137,0.000000,-44.814137,1.000000,0.477508,0.000002022,
1757900,44.532066,25.250000,19.282066,0.000000,-44.814137,1.000000,0.477325,0.000002022,
1758000,44.532066,26.000000,18.532066,0.000000,-44.814137,1.000000,0.477162,0.000002034,
1758100,44.532066,26.000000,18.532066,0.000000,-44.532066,1.000000,0.477002,0.000002018,
1758200,44.766033,26.000000,18.766033,0.000000,-44.532066,1.000000,0.476793,0.000002042,
1758300,44.766033,25.250000,19.516033,0.000000,-44.532066,1.000000,0.476668,0.000002033,
1758400,44.766033,25.250000,19.516033,0.000000,-44.532066,1.000000,0.476452,0.000002024,
1758500,44.633018,25.250000,19.383018,0.000000,-44.766033,1.000000,0.476278,0.000002023,
1758600,44.633018,25.250000,19.383018,0.000000,-44.766033,1.000000,0.476112,0.000002032,
1758700,44.633018,25.250000,19.383018,0.000000,-44.766033,1.000000,0.475919,0.000002022,
1758800,44.816509,25.250000,19.566509,0.000000,-44.766033,1.000000,0.475715,0.000002013,
1758900,44.816509,25.250000,19.566509,0.000000,-44.816509,1.000000,0.475546,0.000002036,
1759000,44.816509,25.250000,19.566509,0.000000,-44.816509,1.000000,0.475445,0.000002046,
1759100,44.533257,25.250000,19.283257,0.000000,-44.816509,1.000000,0.475277,0.000002052,
1759200,44.533257,24.750000,19.783257,0.000000,-44.816509,1.000000,0.475114,0.000002028,
1759300,44.533257,24.750000,19.783257,0.000000,-44.533257,1.000000,0.474924,0.000002019,
1759400,44.516628,24.750000,19.766628,0.000000,-44.533257,1.000000,0.474772,0.000002018,
1759500,44.516628,25.250000,19.266628,0.000000,-44.533257,1.000000,0.474604,0.000002014,
1759600,44.516628,25.250000,19.266628,0.000000,-44.533257,1.000000,0.474414,0.000002007,
1759700,44.258316,25.250000,19.008316,0.000000,-44.516628,1.000000,0.474249,0.000002013,
1759800,44.258316,25.250000,19.008316,0.000000,-44.516628,1.000000,0.474040,0.000001974,
1759900,44.258316,25.250000,19.008316,0.000000,-44.516628,1.000000,0.473886,0.000001954,
1760000,44.629158,25.250000,19.379158,0.000000,-44.516628,1.000000,0.473758,0.000001983,
1760100,44.629158,25.000000,19.629158,0.000000,-44.629158,1.000000,0.473617,0.000001963,
1760200,44.629158,25.000000,19.629158,0.000000,-44.629158,1.000000,0.473454,0.000001989,
1760300,44.564579,25.000000,19.564579,0.000000,-44.629158,1.000000,0.473231,0.000001976,
1760400,44.564579,25.500000,19.064579,0.000000,-44.629158,1.000000,0.473037,0.000001987,
1760500,44.564579,25.500000,19.064579,0.000000,-44.564579,1.000000,0.472832,0.000002014,
1760600,44.407288,25.500000,18.907288,0.000000,-44.564579,1.000000,0.472608,0.000002001,
1760700,44.407288,25.500000,18.907288,0.000000,-44.564579,1.000000,0.472448,0.000002029,
1760800,44.407288,25.500000,18.907288,0.000000,-44.564579,1.000000,0.472328,0.000002001,
1760900,44.578644,25.500000,19.078644,0.000000,-44.407288,1.000000,0.472122,0.000001993,
1761000,44.578644,25.250000,19.328644,0.000000,-44.407288,1.000000,0.471991,0.000001992,
1761100,44.578644,25.250000,19.328644,0.000000,-44.407288,1.000000,0.471848,0.000002005,
1761200,44.539322,25.250000,19.289322,0.000000,-44.407288,1.000000,0.471692,0.000002002,
1761300,44.539322,25.500000,19.039322,0.000000,-44.539322,1.000000,0.471535,0.000002018,
1761400,44.539322,25.500000,19.039322,0.000000,-44.539322,1.000000,0.471374,0.000002023,
1761500,44.644661,25.500000,19.144661,0.000000,-44.539322,1.000000,0.471203,0.000002029,
1761600,44.644661,25.250000,19.394661,0.000000,-44.539322,1.000000,0.470989,0.000002026,
1761700,44.644661,25.250000,19.394661,0.000000,-44.644661,1.000000,0.470877,0.000002032,
1761800,44.572330,25.250000,19.322330,0.000000,-44.644661,1.000000,0.470684,0.000002017,
1761900,44.572330,25.000000,19.572330,0.000000,-44.644661,1.000000,0.470524,0.000001987,
1762000,44.572330,25.000000,19.572330,0.000000,-44.644661,1.000000,0.470385,0.000001966,
1762100,44.661163,25.000000,19.661163,0.000000,-44.572330,1.000000,0.470188,0.000001973,
1762200,44.661163,25.250000,19.411163,0.000000,-44.572330,1.000000,0.470026,0.000001965,
1762300,44.661163,25.250000,19.411163,0.000000,-44.572330,1.000000,0.469847,0.000001957,
1762400,44.580582,25.250000,19.330582,0.000000,-44.572330,1.000000,0.469648,0.000001950,
1762500,44.580582,25.500000,19.080582,0.000000,-44.580582,1.000000,0.469482,0.000001947,
1762600,44.580582,25.500000,19.080582,0.000000,-44.580582,1.000000,0.469307,0.000001967,
1762700,44.540291,25.500000,19.040291,0.000000,-44.580582,1.000000,0.469146,0.000002020,
1762800,44.540291,25.500000,19.040291,0.000000,-44.580582,1.000000,0.468973,0.000001995,
1762900,44.540291,25.500000,19.040291,0.000000,-44.540291,1.000000,0.468802,0.000001987,
1763000,44.645145,25.500000,19.145145,0.000000,-44.540291,1.000000,0.468640,0.000001993,
1763100,44.645145,25.500000,19.145145,0.000000,-44.540291,1.000000,0.468484,0.000001983,
1763200,44.645145,25.500000,19.145145,0.000000,-44.540291,1.000000,0.468280,0.000001986,
1763300,44.697571,25.500000,19.197571,0.000000,-44.645145,1.000000,0.468126,0.000002003,
1763400,44.697571,25.750000,18.947571,0.000000,-44.645145,1.000000,0.467960,0.000002001,
1763500,44.697571,25.750000,18.947571,0.000000,-44.645145,1.000000,0.467806,0.000001975,
1763600,44.723785,25.750000,18.973785,0.000000,-44.645145,1.000000,0.467627,0.000001979,
1763700,44.723785,25.750000,18.973785,0.000000,-44.723785,1.000000,0.467439,0.000001981,
1763800,44.723785,25.750000,18.973785,0.000000,-44.723785,1.000000,0.467303,0.000001982,
1763900,44.736893,25.750000,18.986893,0.000000,-44.723785,1.000000,0.467096,0.000001970,
1764000,44.736893,25.250000,19.486893,0.000000,-44.723785,1.000000,0.466892,0.000001939,
1764100,44.736893,25.250000,19.486893,0.000000,-44.736893,1.000000,0.466720,0.000001944,
1764200,44.618446,25.250000,19.368446,0.000000,-44.736893,1.000000,0.466569,0.000001940,
1764300,44.618446,25.500000,19.118446,0.000000,-44.736893,1.000000,0.466401,0.000001957,
1764400,44.618446,25.500000,19.118446,0.000000,-44.736893,1.000000,0.466237,0.000001993,
1764500,44.559223,25.500000,19.059223,0.000000,-44.618446,1.000000,0.466083,0.000002013,
1764600,44.559223,25.500000,19.059223,0.000000,-44.618446,1.000000,0.465924,0.000001983,
1764700,44.559223,25.500000,19.059223,0.000000,-44.618446,1.000000,0.465774,0.000001993,
1764800,44.529610,25.500000,19.029610,0.000000,-44.618446,1.000000,0.465590,0.000001980,
1764900,44.529610,25.500000,19.029610,0.000000,-44.529610,1.000000,0.465438,0.000001984,
1765000,44.529610,25.500000,19.029610,0.000000,-44.529610,1.000000,0.465264,0.000002007,
1765100,44.389805,25.500000,18.889805,0.000000,-44.529610,1.000000,0.465118,0.000001988,
1765200,44.389805,25.500000,18.889805,0.000000,-44.529610,1.000000,0.464933,0.000001991,
1765300,44.389805,25.500000,18.889805,0.000000,-44.389805,1.000000,0.464732,0.000002005,
1765400,44.444901,25.500000,18.944901,0.000000,-44.389805,1.000000,0.464545,0.000002030,
1765500,44.444901,25.750000,18.694901,0.000000,-44.389805,1.000000,0.464373,0.000002010,
1765600,44.444901,25.750000,18.694901,0.000000,-44.389805,1.000000,0.464188,0.000002020,
1765700,44.222450,25.750000,18.472450,0.000000,-44.444901,1.000000,0.464055,0.000002004,
1765800,44.222450,25.000000,19.222450,0.000000,-44.444901,1.000000,0.463886,0.000002028,
1765900,44.222450,25.000000,19.222450,0.000000,-44.444901,1.000000,0.463681,0.000002027,
1766000,44.236225,25.000000,19.236225,0.000000,-44.444901,1.000000,0.463508,0.000002023,
1766100,44.236225,25.500000,18.736225,0.000000,-44.236225,1.000000,0.463293,0.000002013,
1766200,44.236225,25.500000,18.736225,0.000000,-44.236225,1.000000,0.463127,0.000002013,
1766300,44.243111,25.500000,18.743111,0.000000,-44.236225,1.000000,0.462879,0.000002056,
1766400,44.246555,25.500000,18.746555,0.000000,-44.236225,1.000000,0.462718,0.000002027,
1766500,44.246555,25.500000,18.746555,0.000000,-44.246555,1.000000,0.462495,0.000002021,
1766600,44.246555,25.500000,18.746555,0.000000,-44.246555,1.000000,0.462329,0.000001996,
1766700,44.248276,25.500000,18.748276,0.000000,-44.246555,1.000000,0.462209,0.000001999,
1766800,44.248276,25.250000,18.998276,0.000000,-44.246555,1.000000,0.462019,0.000001966,
1766900,44.248276,25.250000,18.998276,0.000000,-44.248276,1.000000,0.461832,0.000001961,
1767000,44.249138,25.250000,18.999138,0.000000,-44.248276,1.000000,0.461642,0.000001970,
1767100,44.249138,25.750000,18.499138,0.000000,-44.248276,1.000000,0.461461,0.000001986,
1767200,44.249138,25.750000,18.499138,0.000000,-44.248276,1.000000,0.461337,0.000001976,
1767300,44.124569,25.750000,18.374569,0.000000,-44.249138,1.000000,0.461230,0.000001936,
1767400,44.124569,25.250000,18.874569,0.000000,-44.249138,1.000000,0.461048,0.000001947,
1767500,44.124569,25.250000,18.874569,0.000000,-44.249138,1.000000,0.460838,0.000001950,
1767600,44.062286,25.250000,18.812286,0.000000,-44.249138,1.000000,0.460643,0.000001957,
1767700,44.062286,25.500000,18.562286,0.000000,-44.062286,1.000000,0.460493,0.000002005,
1767800,44.062286,25.500000,18.562286,0.000000,-44.062286,1.000000,0.460289,0.000001985,
1767900,44.156143,25.500000,18.656143,0.000000,-44.062286,1.000000,0.460117,0.000002003,
1768000,44.156143,25.500000,18.656143,0.000000,-44.062286,1.000000,0.459949,0.000001991,
1768100,44.156143,25.500000,18.656143,0.000000,-44.156143,1.000000,0.459767,0.000002006,
1768200,44.203072,25.500000,18.703072,0.000000,-44.156143,1.000000,0.459605,0.000002021,
1768300,44.203072,25.750000,18.453072,0.000000,-44.156143,1.000000,0.459432,0.000002027,
1768400,44.203072,25.750000,18.453072,0.000000,-44.156143,1.000000,0.459234,0.000002014,
1768500,44.101536,25.750000,18.351536,0.000000,-44.203072,1.000000,0.459073,0.000002025,
1768600,44.101536,25.250000,18.851536,0.000000,-44.203072,1.000000,0.458924,0.000002024,
1768700,44.101536,25.250000,18.851536,0.000000,-44.203072,1.000000,0.458752,0.000001993,
1768800,44.050766,25.250000,18.800766,0.000000,-44.203072,1.000000,0.458587,0.000002003,
1768900,44.050766,25.500000,18.550766,0.000000,-44.050766,1.000000,0.458384,0.000002035,
1769000,44.050766,25.500000,18.550766,0.000000,-44.050766,1.000000,0.458209,0.000002053,
1769100,44.150383,25.500000,18.650383,0.000000,-44.050766,1.000000,0.458008,0.000002023,
1769200,44.150383,25.250000,18.900383,0.000000,-44.050766,1.000000,0.457827,0.000002009,
1769300,44.150383,25.250000,18.900383,0.000000,-44.150383,1.000000,0.457683,0.000002008,
1769400,44.200191,25.250000,18.950191,0.000000,-44.150383,1.000000,0.457517,0.000001992,
1769500,44.200191,25.000000,19.200191,0.000000,-44.150383,1.000000,0.457295,0.000002011,
1769600,44.200191,25.000000,19.200191,0.000000,-44.150383,1.000000,0.457148,0.000001993,
1769700,43.975098,25.000000,18.975098,0.000000,-44.200191,1.000000,0.457020,0.000002001,
1769800,43.975098,25.500000,18.475098,0.000000,-44.200191,1.000000,0.456818,0.000001970,
1769900,43.975098,25.500000,18.475098,0.000000,-44.200191,1.000000,0.456670,0.000001967,
1770000,43.737549,25.500000,18.237549,0.000000,-44.200191,1.000000,0.456496,0.000001954,
1770100,43.737549,25.250000,18.487549,0.000000,-43.737549,1.000000,0.456333,0.000001941,
1770200,43.737549,25.250000,18.487549,0.000000,-43.737549,1.000000,0.456157,0.000001973,
1770300,43.618774,25.250000,18.368774,0.000000,-43.737549,1.000000,0.456005,0.000001990,
1770400,43.618774,25.000000,18.618774,0.000000,-43.737549,1.000000,0.455862,0.000001999,
1770500,43.618774,25.000000,18.618774,0.000000,-43.618774,1.000000,0.455667,0.000002021,
1770600,43.684387,25.000000,18.684387,0.000000,-43.618774,1.000000,0.455487,0.000002005,
1770700,43.684387,25.250000,18.434387,0.000000,-43.618774,1.000000,0.455351,0.000002000,
1770800,43.684387,25.250000,18.434387,0.000000,-43.618774,1.000000,0.455157,0.000001989,
1770900,43.717194,25.250000,18.467194,0.000000,-43.684387,1.000000,0.454921,0.000001999,
1771000,43.717194,25.000000,18.717194,0.000000,-43.684387,1.000000,0.454741,0.000002023,
1771100,43.717194,25.000000,18.717194,0.000000,-43.684387,1.000000,0.454557,0.000002021,
1771200,43.608597,25.000000,18.608597,0.000000,-43.684387,1.000000,0.454405,0.000002028,
1771300,43.608597,25.250000,18.358597,0.000000,-43.608597,1.000000,0.454249,0.000002009,
1771400,43.608597,25.250000,18.358597,0.000000,-43.608597,1.000000,0.454094,0.000002032,
1771500,43.679298,25.250000,18.429298,0.000000,-43.608597,1.000000,0.453934,0.000002031,
1771600,43.679298,25.250000,18.429298,0.000000,-43.608597,1.000000,0.453814,0.000002054,
1771700,43.679298,25.250000,18.429298,0.000000,-43.679298,1.000000,0.453644,0.000002048,
1771800,43.839649,25.250000,18.589649,0.000000,-43.679298,1.000000,0.453488,0.000002059,
1771900,43.839649,25.250000,18.589649,0.000000,-43.679298,1.000000,0.453318,0.000002055,
1772000,43.839649,25.250000,18.589649,0.000000,-43.679298,1.000000,0.453179,0.000002066,
1772100,43.919823,25.250000,18.669823,0.000000,-43.839649,1.000000,0.452998,0.000002057,
1772200,43.919823,25.250000,18.669823,0.000000,-43.839649,1.000000,0.452851,0.000002027,
1772300,43.919823,25.250000,18.669823,0.000000,-43.839649,1.000000,0.452675,0.000002026,
1772400,43.959911,25.250000,18.709911,0.000000,-43.839649,1.000000,0.452493,0.000002003,
1772500,43.959911,25.750000,18.209911,0.000000,-43.959911,1.000000,0.452325,0.000001992,
1772600,43.959911,25.750000,18.209911,0.000000,-43.959911,1.000000,0.452147,0.000002016,
1772700,43.979958,25.750000,18.229958,0.000000,-43.959911,1.000000,0.451987,0.000002028,
1772800,43.979958,25.250000,18.729958,0.000000,-43.959911,1.000000,0.451823,0.000002019,
1772900,43.979958,25.250000,18.729958,0.000000,-43.979958,1.000000,0.451656,0.000002024,
1773000,43.989979,25.250000,18.739979,0.000000,-43.979958,1.000000,0.451515,0.000002026,
1773100,43.989979,25.000000,18.989979,0.000000,-43.979958,1.000000,0.451381,0.000002031,
1773200,43.989979,25.000000,18.989979,0.000000,-43.979958,1.000000,0.451186,0.000002039,
1773300,43.869987,25.000000,18.869987,0.000000,-43.989979,1.000000,0.451077,0.000002019,
1773400,43.869987,25.500000,18.369987,0.000000,-43.989979,1.000000,0.450875,0.000002028,
1773500,43.869987,25.500000,18.369987,0.000000,-43.989979,1.000000,0.450700,0.000002013,
1773600,43.809994,25.500000,18.309994,0.000000,-43.989979,1.000000,0.450559,0.000001992,
1773700,43.809994,25.500000,18.309994,0.000000,-43.809994,1.000000,0.450363,0.000002009,
1773800,43.809994,25.500000,18.309994,0.000000,-43.809994,1.000000,0.450136,0.000001980,
1773900,43.779999,25.500000,18.279999,0.000000,-43.809994,1.000000,0.450000,0.000001991,
1774000,43.779999,25.250000,18.529999,0.000000,-43.809994,1.000000,0.449822,0.000001983,
1774100,43.779999,25.250000,18.529999,0.000000,-43.779999,1.000000,0.449636,0.000001986,
1774200,43.764999,25.250000,18.514999,0.000000,-43.779999,1.000000,0.449413,0.000001993,
1774300,43.764999,26.000000,17.764999,0.000000,-43.779999,1.000000,0.449285,0.000001955,
1774400,43.764999,26.000000,17.764999,0.000000,-43.779999,1.000000,0.449127,0.000001957,
1774500,43.632500,26.000000,17.632500,0.000000,-43.764999,1.000000,0.448975,0.000001958,
1774600,43.632500,25.500000,18.132500,0.000000,-43.764999,1.000000,0.448841,0.000001959,
1774700,43.632500,25.500000,18.132500,0.000000,-43.764999,1.000000,0.448665,0.000001965,
1774800,43.816250,25.500000,18.316250,0.000000,-43.764999,1.000000,0.448474,0.000001957,
1774900,43.816250,25.250000,18.566250,0.000000,-43.816250,1.000000,0.448283,0.000001941,
1775000,43.816250,25.250000,18.566250,0.000000,-43.816250,1.000000,0.448109,0.000001949,
1775100,43.658127,25.250000,18.408127,0.000000,-43.816250,1.000000,0.447964,0.000001939,
1775200,43.658127,25.250000,18.408127,0.000000,-43.816250,1.000000,0.447814,0.000001991,
1775300,43.658127,25.250000,18.408127,0.000000,-43.658127,1.000000,0.447632,0.000001982,
1775400,43.704063,25.250000,18.454063,0.000000,-43.658127,1.000000,0.447479,0.000001987,
1775500,43.704063,25.250000,18.454063,0.000000,-43.658127,1.000000,0.447375,0.000001965,
1775600,43.704063,25.250000,18.454063,0.000000,-43.658127,1.000000,0.447289,0.000002001,
1775700,43.727032,25.250000,18.477032,0.000000,-43.704063,1.000000,0.447138,0.000001981,
1775800,43.727032,25.250000,18.477032,0.000000,-43.704063,1.000000,0.446988,0.000001982,
1775900,43.727032,25.250000,18.477032,0.000000,-43.704063,1.000000,0.446858,0.000002015,
1776000,43.613518,25.250000,18.363518,0.000000,-43.704063,1.000000,0.446647,0.000002016,
1776100,43.613518,24.750000,18.863518,0.000000,-43.613518,1.000000,0.446467,0.000002012,
1776200,43.613518,24.750000,18.863518,0.000000,-43.613518,1.000000,0.446299,0.000001965,
1776300,43.556759,24.750000,18.806759,0.000000,-43.613518,1.000000,0.446176,0.000001952,
1776400,43.556759,25.750000,17.806759,0.000000,-43.613518,1.000000,0.446040,0.000001932,
1776500,43.556759,25.750000,17.806759,0.000000,-43.556759,1.000000,0.445843,0.000001945,
1776600,43.278381,25.750000,17.528381,0.000000,-43.556759,1.000000,0.445687,0.000001941,
1776700,43.278381,25.250000,18.028381,0.000000,-43.556759,1.000000,0.445481,0.000001950,
1776800,43.278381,25.250000,18.028381,0.000000,-43.556759,1.000000,0.445360,0.000001973,
1776900,43.514191,25.250000,18.264191,0.000000,-43.278381,1.000000,0.445189,0.000002000,
1777000,43.514191,25.500000,18.014191,0.000000,-43.278381,1.000000,0.444986,0.000001983,
1777100,43.514191,25.500000,18.014191,0.000000,-43.278381,1.000000,0.444814,0.000001982,
1777200,43.257095,25.500000,17.757095,0.000000,-43.278381,1.000000,0.444667,0.000002016,
1777300,43.257095,25.500000,17.757095,0.000000,-43.257095,1.000000,0.444508,0.000002020,
1777400,43.257095,25.500000,17.757095,0.000000,-43.257095,1.000000,0.444334,0.000002044,
1777500,43.378548,25.500000,17.878548,0.000000,-43.257095,1.000000,0.444158,0.000002007,
1777600,43.378548,25.500000,17.878548,0.000000,-43.257095,1.000000,0.443978,0.000002054,
1777700,43.378548,25.500000,17.878548,0.000000,-43.378548,1.000000,0.443831,0.000002026,
1777800,43.314274,25.500000,17.814274,0.000000,-43.378548,1.000000,0.443657,0.000001989,
1777900,43.314274,25.750000,17.564274,0.000000,-43.378548,1.000000,0.443492,0.000001990,
1778000,43.314274,25.750000,17.564274,0.000000,-43.378548,1.000000,0.443304,0.000001977,
1778100,43.407135,25.750000,17.657135,0.000000,-43.314274,1.000000,0.443173,0.000001977,
1778200,43.407135,25.000000,18.407135,0.000000,-43.314274,1.000000,0.443003,0.000001968,
1778300,43.407135,25.000000,18.407135,0.000000,-43.314274,1.000000,0.442817,0.000001956,
1778400,43.578568,25.000000,18.578568,0.000000,-43.314274,1.000000,0.442610,0.000001978,
1778500,43.578568,25.000000,18.578568,0.000000,-43.578568,1.000000,0.442431,0.000001952,
1778600,43.578568,25.000000,18.578568,0.000000,-43.578568,1.000000,0.442285,0.000001946,
1778700,43.414284,25.000000,18.414284,0.000000,-43.578568,1.000000,0.442120,0.000001955,
1778800,43.414284,25.000000,18.414284,0.000000,-43.578568,1.000000,0.441962,0.000001981,
1778900,43.414284,25.000000,18.414284,0.000000,-43.414284,1.000000,0.441803,0.000001952,
1779000,43.457142,25.000000,18.457142,0.000000,-43.414284,1.000000,0.441638,0.000001933,
1779100,43.457142,25.500000,17.957142,0.000000,-43.414284,1.000000,0.441495,0.000001957,
1779200,43.457142,25.500000,17.957142,0.000000,-43.414284,1.000000,0.441348,0.000001973,
1779300,43.478569,25.500000,17.978569,0.000000,-43.457142,1.000000,0.441185,0.000001973,
1779400,43.478569,25.250000,18.228569,0.000000,-43.457142,1.000000,0.440983,0.000001966,
1779500,43.478569,25.250000,18.228569,0.000000,-43.457142,1.000000,0.440836,0.000001969,
1779600,43.489285,25.250000,18.239285,0.000000,-43.457142,1.000000,0.440661,0.000001992,
1779700,43.489285,25.250000,18.239285,0.000000,-43.489285,1.000000,0.440515,0.000002001,
1779800,43.489285,25.250000,18.239285,0.000000,-43.489285,1.000000,0.440376,0.000001980,
1779900,43.369644,25.250000,18.119644,0.000000,-43.489285,1.000000,0.440261,0.000001992,
1780000,43.369644,24.750000,18.619644,0.000000,-43.489285,1.000000,0.440122,0.000001996,
1780100,43.369644,24.750000,18.619644,0.000000,-43.369644,1.000000,0.439957,0.000002005,
1780200,43.309822,24.750000,18.559822,0.000000,-43.369644,1.000000,0.439805,0.000002015,
1780300,43.309822,25.500000,17.809822,0.000000,-43.369644,1.000000,0.439633,0.000002002,
1780400,43.309822,25.500000,17.809822,0.000000,-43.369644,1.000000,0.439439,0.000001986,
1780500,42.904911,25.500000,17.404911,0.000000,-43.309822,1.000000,0.439297,0.000002005,
1780600,42.904911,25.250000,17.654911,0.000000,-43.309822,1.000000,0.439151,0.000001977,
1780700,42.904911,25.250000,17.654911,0.000000,-43.309822,1.000000,0.438974,0.000001976,
1780800,43.077454,25.250000,17.827454,0.000000,-43.309822,1.000000,0.438858,0.000001967,
1780900,43.077454,25.500000,17.577454,0.000000,-43.077454,1.000000,0.438705,0.000001990,
1781000,43.077454,25.500000,17.577454,0.000000,-43.077454,1.000000,0.438558,0.000001995,
1781100,43.038727,25.500000,17.538727,0.000000,-43.077454,1.000000,0.438362,0.000001977,
1781200,43.038727,25.000000,18.038727,0.000000,-43.077454,1.000000,0.438208,0.000001968,
1781300,43.038727,25.000000,18.038727,0.000000,-43.038727,1.000000,0.438028,0.000001991,
1781400,43.019363,25.000000,18.019363,0.000000,-43.038727,1.000000,0.437847,0.000002001,
1781500,43.019363,25.500000,17.519363,0.000000,-43.038727,1.000000,0.437723,0.000001987,
1781600,43.019363,25.500000,17.519363,0.000000,-43.038727,1.000000,0.437580,0.000001970,
1781700,42.884682,25.500000,17.384682,0.000000,-43.019363,1.000000,0.437448,0.000001995,
1781800,42.884682,25.250000,17.634682,0.000000,-43.019363,1.000000,0.437345,0.000002002,
1781900,42.884682,25.250000,17.634682,0.000000,-43.019363,1.000000,0.437191,0.000001974,
1782000,42.817341,25.250000,17.567341,0.000000,-43.019363,1.000000,0.437017,0.000001979,
1782100,42.817341,25.000000,17.817341,0.000000,-42.817341,1.000000,0.436855,0.000001989,
1782200,42.817341,25.000000,17.817341,0.000000,-42.817341,1.000000,0.436688,0.000001982,
1782300,43.158669,25.000000,18.158669,0.000000,-42.817341,1.000000,0.436522,0.000001944,
1782400,43.158669,25.500000,17.658669,0.000000,-42.817341,1.000000,0.436373,0.000001944,
1782500,43.158669,25.500000,17.658669,0.000000,-43.158669,1.000000,0.436224,0.000001956,
1782600,42.954334,25.500000,17.454334,0.000000,-43.158669,1.000000,0.436065,0.000001952,
1782700,42.954334,25.500000,17.454334,0.000000,-43.158669,1.000000,0.435882,0.000001939,
1782800,42.954334,25.500000,17.454334,0.000000,-43.158669,1.000000,0.435770,0.000001948,
1782900,43.102165,25.500000,17.602165,0.000000,-42.954334,1.000000,0.435589,0.000001986,
1783000,43.102165,25.000000,18.102165,0.000000,-42.954334,1.000000,0.435466,0.000001989,
1783100,43.102165,25.000000,18.102165,0.000000,-42.954334,1.000000,0.435281,0.000001981,
1783200,43.301083,25.000000,18.301083,0.000000,-42.954334,1.000000,0.435109,0.000001956,
1783300,43.301083,25.750000,17.551083,0.000000,-43.301083,1.000000,0.434955,0.000001959,
1783400,43.301083,25.750000,17.551083,0.000000,-43.301083,1.000000,0.434781,0.000001947,
1783500,43.275543,25.750000,17.525543,0.000000,-43.301083,1.000000,0.434633,0.000001941,
1783600,43.275543,25.000000,18.275543,0.000000,-43.301083,1.000000,0.434434,0.000001946,
1783700,43.275543,25.000000,18.275543,0.000000,-43.275543,1.000000,0.434251,0.000001949,
1783800,43.387772,25.000000,18.387772,0.000000,-43.275543,1.000000,0.434139,0.000001933,
1783900,43.387772,25.250000,18.137772,0.000000,-43.275543,1.000000,0.434002,0.000001937,
1784000,43.387772,25.250000,18.137772,0.000000,-43.275543,1.000000,0.433837,0.000001943,
1784100,42.943886,25.250000,17.693886,0.000000,-43.387772,1.000000,0.433630,0.000001966,
1784200,42.943886,25.500000,17.443886,0.000000,-43.387772,1.000000,0.433473,0.000001981,
1784300,42.943886,25.500000,17.443886,0.000000,-43.387772,1.000000,0.433370,0.000001947,
1784400,43.096943,25.500000,17.596943,0.000000,-43.387772,1.000000,0.433213,0.000001930,
1784500,43.096943,25.250000,17.846943,0.000000,-43.096943,1.000000,0.433033,0.000001909,
1784600,43.096943,25.250000,17.846943,0.000000,-43.096943,1.000000,0.432881,0.000001921,
1784700,43.048470,25.250000,17.798470,0.000000,-43.096943,1.000000,0.432738,0.000001954,
1784800,43.048470,25.750000,17.298470,0.000000,-43.096943,1.000000,0.432517,0.000001937,
1784900,43.048470,25.750000,17.298470,0.000000,-43.048470,1.000000,0.432327,0.000001951,
1785000,43.149235,25.750000,17.399235,0.000000,-43.048470,1.000000,0.432160,0.000001947,
1785100,43.149235,25.250000,17.899235,0.000000,-43.048470,1.000000,0.431989,0.000001950,
1785200,43.149235,25.250000,17.899235,0.000000,-43.048470,1.000000,0.431893,0.000001977,
1785300,42.949615,25.250000,17.699615,0.000000,-43.149235,1.000000,0.431796,0.000001960,
1785400,42.949615,25.000000,17.949615,0.000000,-43.149235,1.000000,0.431585,0.000001987,
1785500,42.949615,25.000000,17.949615,0.000000,-43.149235,1.000000,0.431363,0.000002019,
1785600,42.974808,25.000000,17.974808,0.000000,-43.149235,1.000000,0.431194,0.000002003,
1785700,42.974808,25.250000,17.724808,0.000000,-42.974808,1.000000,0.431065,0.000002021,
1785800,42.974808,25.250000,17.724808,0.000000,-42.974808,1.000000,0.430884,0.000002039,
1785900,42.862404,25.250000,17.612404,0.000000,-42.974808,1.000000,0.430776,0.000002029,
1786000,42.862404,25.000000,17.862404,0.000000,-42.974808,1.000000,0.430654,0.000002009,
1786100,42.862404,25.000000,17.862404,0.000000,-42.862404,1.000000,0.430516,0.000001980,
1786200,42.931202,25.000000,17.931202,0.000000,-42.862404,1.000000,0.430342,0.000002016,
1786300,42.931202,25.250000,17.681202,0.000000,-42.862404,1.000000,0.430183,0.000002007,
1786400,42.931202,25.250000,17.681202,0.000000,-42.862404,1.000000,0.430108,0.000001989,
1786500,42.840599,25.250000,17.590599,0.000000,-42.931202,1.000000,0.429973,0.000002005,
1786600,42.840599,25.500000,17.340599,0.000000,-42.931202,1.000000,0.429782,0.000001999,
1786700,42.840599,25.500000,17.340599,0.000000,-42.931202,1.000000,0.429620,0.000001965,
1786800,42.545300,25.500000,17.045300,0.000000,-42.931202,1.000000,0.429502,0.000001954,
1786900,42.545300,25.500000,17.045300,0.000000,-42.545300,1.000000,0.429346,0.000001968,
1787000,42.545300,25.500000,17.045300,0.000000,-42.545300,1.000000,0.429207,0.000001993,
1787100,42.772652,25.500000,17.272652,0.000000,-42.545300,1.000000,0.429053,0.000001989,
1787200,42.772652,25.250000,17.522652,0.000000,-42.545300,1.000000,0.428901,0.000001987,
1787300,42.772652,25.250000,17.522652,0.000000,-42.772652,1.000000,0.428761,0.000002011,
1787400,42.886326,25.250000,17.636326,0.000000,-42.772652,1.000000,0.428580,0.000001994,
1787500,42.886326,25.500000,17.386326,0.000000,-42.772652,1.000000,0.428428,0.000002006,
1787600,42.886326,25.500000,17.386326,0.000000,-42.772652,1.000000,0.428254,0.000002015,
1787700,42.818161,25.500000,17.318161,0.000000,-42.886326,1.000000,0.428090,0.000002002,
1787800,42.818161,25.250000,17.568161,0.000000,-42.886326,1.000000,0.427970,0.000001979,
1787900,42.818161,25.250000,17.568161,0.000000,-42.886326,1.000000,0.427775,0.000001975,
1788000,42.909081,25.250000,17.659081,0.000000,-42.886326,1.000000,0.427650,0.000001951,
1788100,42.909081,25.500000,17.409081,0.000000,-42.909081,1.000000,0.427512,0.000001952,
1788200,42.909081,25.500000,17.409081,0.000000,-42.909081,1.000000,0.427351,0.000001968,
1788300,42.829540,25.500000,17.329540,0.000000,-42.909081,1.000000,0.427204,0.000001977,
1788400,42.829540,25.250000,17.579540,0.000000,-42.909081,1.000000,0.427036,0.000001990,
1788500,42.829540,25.250000,17.579540,0.000000,-42.829540,1.000000,0.426849,0.000002017,
1788600,42.914772,25.250000,17.664772,0.000000,-42.829540,1.000000,0.426686,0.000002016,
1788700,42.914772,25.250000,17.664772,0.000000,-42.829540,1.000000,0.426551,0.000001991,
1788800,42.914772,25.250000,17.664772,0.000000,-42.829540,1.000000,0.426398,0.000001996,
1788900,42.832386,25.250000,17.582386,0.000000,-42.914772,1.000000,0.426294,0.000001963,
1789000,42.832386,25.250000,17.582386,0.000000,-42.914772,1.000000,0.426149,0.000001947,
1789200,42.666191,25.250000,17.416191,0.000000,-42.914772,1.000000,0.425853,0.000001978,
1789300,42.666191,25.250000,17.416191,0.000000,-42.666191,1.000000,0.425658,0.000002000,
1789400,42.666191,25.250000,17.416191,0.000000,-42.666191,1.000000,0.425521,0.000001968,
1789500,42.458096,25.250000,17.208096,0.000000,-42.666191,1.000000,0.425377,0.000001959,
1789600,42.458096,25.250000,17.208096,0.000000,-42.666191,1.000000,0.425239,0.000001967,
1789700,42.458096,25.250000,17.208096,0.000000,-42.458096,1.000000,0.425067,0.000001972,
1789800,42.479050,25.250000,17.229050,0.000000,-42.458096,1.000000,0.424903,0.000002001,
1789900,42.479050,25.250000,17.229050,0.000000,-42.458096,1.000000,0.424754,0.000002007,
1790000,42.479050,25.250000,17.229050,0.000000,-42.458096,1.000000,0.424652,0.000002002,
1790100,42.489525,25.250000,17.239525,0.000000,-42.479050,1.000000,0.424502,0.000002000,
1790200,42.489525,25.750000,16.739525,0.000000,-42.479050,1.000000,0.424330,0.000001981,
1790300,42.489525,25.750000,16.739525,0.000000,-42.479050,1.000000,0.424191,0.000001970,
1790400,42.619762,25.750000,16.869762,0.000000,-42.479050,1.000000,0.424096,0.000001991,
1790500,42.619762,25.250000,17.369762,0.000000,-42.619762,1.000000,0.423933,0.000002019,
1790600,42.619762,25.250000,17.369762,0.000000,-42.619762,1.000000,0.423760,0.000002042,
1790700,42.809883,25.250000,17.559883,0.000000,-42.619762,1.000000,0.423648,0.000002033,
1790800,42.809883,25.250000,17.559883,0.000000,-42.619762,1.000000,0.423459,0.000002032,
1790900,42.809883,25.250000,17.559883,0.000000,-42.809883,1.000000,0.423258,0.000002051,
1791000,42.779942,25.250000,17.529942,0.000000,-42.809883,1.000000,0.423125,0.000002031,
1791100,42.779942,25.250000,17.529942,0.000000,-42.809883,1.000000,0.422964,0.000002050,
1791200,42.779942,25.250000,17.529942,0.000000,-42.809883,1.000000,0.422751,0.000002058,
1791300,42.889969,25.250000,17.639969,0.000000,-42.779942,1.000000,0.422618,0.000002025,
1791400,42.889969,25.250000,17.639969,0.000000,-42.779942,1.000000,0.422459,0.000002018,
1791500,42.889969,25.250000,17.639969,0.000000,-42.779942,1.000000,0.422321,0.000002005,
1791600,42.819984,25.250000,17.569984,0.000000,-42.779942,1.000000,0.422161,0.000001989,
1791700,42.819984,25.500000,17.319984,0.000000,-42.819984,1.000000,0.422016,0.000002008,
1791800,42.819984,25.500000,17.319984,0.000000,-42.819984,1.000000,0.421823,0.000002001,
1791900,42.784992,25.500000,17.284992,0.000000,-42.819984,1.000000,0.421628,0.000001978,
1792000,42.767494,25.500000,17.267494,0.000000,-42.819984,1.000000,0.421460,0.000001945,
1792100,42.767494,25.000000,17.767494,0.000000,-42.767494,1.000000,0.421282,0.000001958,
1792200,42.767494,25.000000,17.767494,0.000000,-42.767494,1.000000,0.421124,0.000001954,
1792300,42.633747,25.000000,17.633747,0.000000,-42.767494,1.000000,0.420969,0.000001928,
1792400,42.633747,25.000000,17.633747,0.000000,-42.767494,1.000000,0.420887,0.000001940,
1792500,42.633747,25.000000,17.633747,0.000000,-42.633747,1.000000,0.420739,0.000001940,
1792600,42.691872,25.000000,17.691872,0.000000,-42.633747,1.000000,0.420569,0.000001915,
1792700,42.691872,25.250000,17.441872,0.000000,-42.633747,1.000000,0.420453,0.000001931,
1792800,42.691872,25.250000,17.441872,0.000000,-42.633747,1.000000,0.420306,0.000001948,
1792900,42.595936,25.250000,17.345936,0.000000,-42.691872,1.000000,0.420190,0.000001940,
1793000,42.595936,25.500000,17.095936,0.000000,-42.691872,1.000000,0.420054,0.000001943,
1793100,42.595936,25.500000,17.095936,0.000000,-42.691872,1.000000,0.419925,0.000001957,
1793200,42.672966,25.500000,17.172966,0.000000,-42.691872,1.000000,0.419722,0.000002001,
1793300,42.672966,25.500000,17.172966,0.000000,-42.672966,1.000000,0.419540,0.000001975,
1793400,42.672966,25.500000,17.172966,0.000000,-42.672966,1.000000,0.419412,0.000001953,
1793500,42.586483,25.500000,17.086483,0.000000,-42.672966,1.000000,0.419225,0.000001960,
1793600,42.586483,25.000000,17.586483,0.000000,-42.672966,1.000000,0.419066,0.000001969,
1793700,42.586483,25.000000,17.586483,0.000000,-42.586483,1.000000,0.418892,0.000001978,
1793800,42.668243,25.000000,17.668243,0.000000,-42.586483,1.000000,0.418710,0.000001953,
1793900,42.668243,25.250000,17.418243,0.000000,-42.586483,1.000000,0.418553,0.000001966,
1794000,42.668243,25.250000,17.418243,0.000000,-42.586483,1.000000,0.418349,0.000001965,
1794100,42.459122,25.250000,17.209122,0.000000,-42.668243,1.000000,0.418215,0.000001988,
1794200,42.459122,25.250000,17.209122,0.000000,-42.668243,1.000000,0.418073,0.000001975,
1794300,42.459122,25.250000,17.209122,0.000000,-42.668243,1.000000,0.417937,0.000001976,
1794400,42.354561,25.250000,17.104561,0.000000,-42.668243,1.000000,0.417757,0.000002000,
1794500,42.354561,25.750000,16.604561,0.000000,-42.354561,1.000000,0.417583,0.000001995,
1794600,42.354561,25.750000,16.604561,0.000000,-42.354561,1.000000,0.417482,0.000002030,
1794700,42.302280,25.750000,16.552280,0.000000,-42.354561,1.000000,0.417377,0.000002048,
1794800,42.302280,25.250000,17.052280,0.000000,-42.354561,1.000000,0.417274,0.000002056,
1794900,42.302280,25.250000,17.052280,0.000000,-42.302280,1.000000,0.417075,0.000002057,
1795000,42.151138,25.250000,16.901138,0.000000,-42.302280,1.000000,0.416983,0.000002056,
1795100,42.151138,25.500000,16.651138,0.000000,-42.302280,1.000000,0.416823,0.000002061,
1795200,42.151138,25.500000,16.651138,0.000000,-42.302280,1.000000,0.416661,0.000002071,
1795300,42.200569,25.500000,16.700569,0.000000,-42.151138,1.000000,0.416502,0.000002082,
1795400,42.200569,25.500000,16.700569,0.000000,-42.151138,1.000000,0.416395,0.000002066,
1795500,42.200569,25.500000,16.700569,0.000000,-42.151138,1.000000,0.416300,0.000002067,
1795600,42.100285,25.500000,16.600285,0.000000,-42.151138,1.000000,0.416155,0.000002075,
1795700,42.100285,25.000000,17.100285,0.000000,-42.100285,1.000000,0.416067,0.000002064,
1795800,42.100285,25.000000,17.100285,0.000000,-42.100285,1.000000,0.415914,0.000002073,
1795900,42.175140,25.000000,17.175140,0.000000,-42.100285,1.000000,0.415758,0.000002047,
1796000,42.175140,25.250000,16.925140,0.000000,-42.100285,1.000000,0.415583,0.000002042,
1796100,42.175140,25.250000,16.925140,0.000000,-42.175140,1.000000,0.415487,0.000002072,
1796200,42.087570,25.250000,16.837570,0.000000,-42.175140,1.000000,0.415343,0.000002044,
1796300,42.087570,25.250000,16.837570,0.000000,-42.175140,1.000000,0.415187,0.000002038,
1796400,42.087570,25.250000,16.837570,0.000000,-42.175140,1.000000,0.415050,0.000002054,
1796500,42.043785,25.250000,16.793785,0.000000,-42.087570,1.000000,0.414825,0.000002054,
1796600,42.043785,25.000000,17.043785,0.000000,-42.087570,1.000000,0.414676,0.000002054,
1796700,42.043785,25.000000,17.043785,0.000000,-42.087570,1.000000,0.414530,0.000002026,
1796800,42.146893,25.000000,17.146893,0.000000,-42.087570,1.000000,0.414343,0.000002048,
1796900,42.146893,25.250000,16.896893,0.000000,-42.146893,1.000000,0.414168,0.000002051,
1797000,42.146893,25.250000,16.896893,0.000000,-42.146893,1.000000,0.414037,0.000002045,
1797100,42.198448,25.250000,16.948448,0.000000,-42.146893,1.000000,0.413873,0.000002055,
1797200,42.198448,25.000000,17.198448,0.000000,-42.146893,1.000000,0.413693,0.000002088,
1797300,42.198448,25.000000,17.198448,0.000000,-42.198448,1.000000,0.413528,0.000002114,
1797400,42.224224,25.000000,17.224224,0.000000,-42.198448,1.000000,0.413361,0.000002067,
1797500,42.224224,24.750000,17.474224,0.000000,-42.198448,1.000000,0.413226,0.000002064,
1797600,42.224224,24.750000,17.474224,0.000000,-42.198448,1.000000,0.413089,0.000002057,
1797700,42.362114,24.750000,17.612114,0.000000,-42.224224,1.000000,0.412909,0.000002046,
1797800,42.362114,25.250000,17.112114,0.000000,-42.224224,1.000000,0.412755,0.000002019,
1797900,42.362114,25.250000,17.112114,0.000000,-42.224224,1.000000,0.412653,0.000002036,
1798000,42.431057,25.250000,17.181057,0.000000,-42.224224,1.000000,0.412468,0.000002033,
1798100,42.431057,25.250000,17.181057,0.000000,-42.431057,1.000000,0.412287,0.000002025,
1798200,42.431057,25.250000,17.181057,0.000000,-42.431057,1.000000,0.412145,0.000002020,
1798300,42.215530,25.250000,16.965530,0.000000,-42.431057,1.000000,0.411966,0.000002037,
1798400,42.215530,25.250000,16.965530,0.000000,-42.431057,1.000000,0.411775,0.000002034,
1798500,42.215530,25.250000,16.965530,0.000000,-42.215530,1.000000,0.411611,0.000002039,
1798600,42.232765,25.250000,16.982765,0.000000,-42.215530,1.000000,0.411394,0.000002043,
1798700,42.232765,25.250000,16.982765,0.000000,-42.215530,1.000000,0.411237,0.000002041,
1798800,42.232765,25.250000,16.982765,0.000000,-42.215530,1.000000,0.411046,0.000002039,
1798900,42.241383,25.250000,16.991383,0.000000,-42.232765,1.000000,0.410873,0.000002011,
1799000,42.241383,25.250000,16.991383,0.000000,-42.232765,1.000000,0.410843,0.000001988,
1799100,42.241383,25.250000,16.991383,0.000000,-42.232765,1.000000,0.410635,0.000001987,
1799200,42.245689,25.250000,16.995689,0.000000,-42.232765,1.000000,0.410480,0.000001979,
1799300,42.245689,25.750000,16.495689,0.000000,-42.245689,1.000000,0.410346,0.000001957,
1799400,42.245689,25.750000,16.495689,0.000000,-42.245689,1.000000,0.410199,0.000001939,
1799500,42.122845,25.750000,16.372845,0.000000,-42.245689,1.000000,0.410030,0.000001963,
1799600,42.122845,25.250000,16.872845,0.000000,-42.245689,1.000000,0.409895,0.000001965,
1799700,42.122845,25.250000,16.872845,0.000000,-42.122845,1.000000,0.409710,0.000001978,
1799800,42.061424,25.250000,16.811424,0.000000,-42.122845,1.000000,0.409597,0.000001976,
1799900,42.061424,25.500000,16.561424,0.000000,-42.122845,1.000000,0.409492,0.000001982,
1800000,42.061424,25.500000,16.561424,0.000000,-42.122845,1.000000,0.409339,0.000001959,
1800100,41.905712,25.500000,16.405712,0.000000,-42.061424,1.000000,0.409190,0.000001969,
1800200,41.905712,25.500000,16.405712,0.000000,-42.061424,1.000000,0.408955,0.000001951,
1800300,41.905712,25.500000,16.405712,0.000000,-42.061424,1.000000,0.408783,0.000001952,
1800400,41.952858,25.500000,16.452858,0.000000,-42.061424,1.000000,0.408625,0.000002001,
1800500,41.952858,25.250000,16.702858,0.000000,-41.952858,1.000000,0.408496,0.000001995,
1800600,41.952858,25.250000,16.702858,0.000000,-41.952858,1.000000,0.408359,0.000001967,
1800700,42.101429,25.250000,16.851429,0.000000,-41.952858,1.000000,0.408188,0.000001971,
1800800,42.101429,25.250000,16.851429,0.000000,-41.952858,1.000000,0.408025,0.000001993,
1800900,42.101429,25.250000,16.851429,0.000000,-42.101429,1.000000,0.407923,0.000001969,
1801000,42.050713,25.250000,16.800713,0.000000,-42.101429,1.000000,0.407783,0.000001991,
1801100,42.050713,25.250000,16.800713,0.000000,-42.101429,1.000000,0.407644,0.000001977,
1801200,42.050713,25.250000,16.800713,0.000000,-42.101429,1.000000,0.407505,0.000001982,
1801300,41.900356,25.250000,16.650356,0.000000,-42.050713,1.000000,0.407379,0.000001993,
1801400,41.900356,25.250000,16.650356,0.000000,-42.050713,1.000000,0.407249,0.000001985,
1801500,41.900356,25.250000,16.650356,0.000000,-42.050713,1.000000,0.407095,0.000001989,
1801600,41.950180,25.250000,16.700180,0.000000,-42.050713,1.000000,0.406966,0.000002016,
1801700,41.950180,25.250000,16.700180,0.000000,-41.950180,1.000000,0.406803,0.000002010,
1801800,41.950180,25.250000,16.700180,0.000000,-41.950180,1.000000,0.406643,0.000002029,
1801900,41.850090,25.250000,16.600090,0.000000,-41.950180,1.000000,0.406525,0.000001994,
1802000,41.850090,25.250000,16.600090,0.000000,-41.950180,1.000000,0.406352,0.000001997,
1802100,41.850090,25.250000,16.600090,0.000000,-41.850090,1.000000,0.406189,0.000002006,
1802200,41.550045,25.250000,16.300045,0.000000,-41.850090,1.000000,0.406007,0.000002019,
1802300,41.550045,25.000000,16.550045,0.000000,-41.850090,1.000000,0.405901,0.000002027,
1802400,41.550045,25.000000,16.550045,0.000000,-41.850090,1.000000,0.405755,0.000002037,
1802500,41.525024,25.000000,16.525024,0.000000,-41.550045,1.000000,0.405590,0.000002009,
1802600,41.525024,25.500000,16.025024,0.000000,-41.550045,1.000000,0.405467,0.000002022,
1802700,41.525024,25.500000,16.025024,0.000000,-41.550045,1.000000,0.405352,0.000002062,
1802800,41.762512,25.500000,16.262512,0.000000,-41.550045,1.000000,0.405127,0.000002064,
1802900,41.762512,25.500000,16.262512,0.000000,-41.762512,1.000000,0.404972,0.000002058,
1803000,41.762512,25.500000,16.262512,0.000000,-41.762512,1.000000,0.404861,0.000002049,
1803100,41.756256,25.500000,16.256256,0.000000,-41.762512,1.000000,0.404762,0.000002060,
1803200,41.756256,25.000000,16.756256,0.000000,-41.762512,1.000000,0.404547,0.000002043,
1803300,41.756256,25.000000,16.756256,0.000000,-41.756256,1.000000,0.404383,0.000002063,
1803400,41.878128,25.000000,16.878128,0.000000,-41.756256,1.000000,0.404234,0.000002054,
1803500,41.878128,25.250000,16.628128,0.000000,-41.756256,1.000000,0.404072,0.000002037,
1803600,41.878128,25.250000,16.628128,0.000000,-41.756256,1.000000,0.403949,0.000002009,
1803700,41.939064,25.250000,16.689064,0.000000,-41.878128,1.000000,0.403801,0.000002005,
1803800,41.939064,25.250000,16.689064,0.000000,-41.878128,1.000000,0.403651,0.000001983,
1803900,41.939064,25.250000,16.689064,0.000000,-41.878128,1.000000,0.403492,0.000001975,
1804000,41.844532,25.250000,16.594532,0.000000,-41.878128,1.000000,0.403321,0.000001978,
1804100,41.844532,25.000000,16.844532,0.000000,-41.844532,1.000000,0.403203,0.000001990,
1804200,41.844532,25.000000,16.844532,0.000000,-41.844532,1.000000,0.403068,0.000001967,
1804300,41.922264,25.000000,16.922264,0.000000,-41.844532,1.000000,0.402903,0.000001958,
1804400,41.922264,25.250000,16.672264,0.000000,-41.844532,1.000000,0.402822,0.000001956,
1804500,41.922264,25.250000,16.672264,0.000000,-41.922264,1.000000,0.402709,0.000001931,
1804600,41.961132,25.250000,16.711132,0.000000,-41.922264,1.000000,0.402560,0.000001935,
1804700,41.961132,25.500000,16.461132,0.000000,-41.922264,1.000000,0.402366,0.000001925,
1804800,41.961132,25.500000,16.461132,0.000000,-41.922264,1.000000,0.402214,0.000001912,
1804900,41.730568,25.500000,16.230568,0.000000,-41.961132,1.000000,0.402074,0.000001906,
1805000,41.730568,25.000000,16.730568,0.000000,-41.961132,1.000000,0.401924,0.000001881,
1805100,41.730568,25.000000,16.730568,0.000000,-41.961132,1.000000,0.401813,0.000001891,
1805200,41.615284,25.000000,16.615284,0.000000,-41.961132,1.000000,0.401652,0.000001903,
1805300,41.615284,25.000000,16.615284,0.000000,-41.615284,1.000000,0.401481,0.000001928,
1805400,41.615284,25.000000,16.615284,0.000000,-41.615284,1.000000,0.401291,0.000001948,
1805500,41.557640,25.000000,16.557640,0.000000,-41.615284,1.000000,0.401107,0.000001962,
1805600,41.557640,25.500000,16.057640,0.000000,-41.615284,1.000000,0.401004,0.000001958,
1805700,41.557640,25.500000,16.057640,0.000000,-41.557640,1.000000,0.400855,0.000001963,
1805800,41.528820,25.500000,16.028820,0.000000,-41.557640,1.000000,0.400709,0.000001968,
1805900,41.528820,25.250000,16.278820,0.000000,-41.557640,1.000000,0.400555,0.000001955,
1806000,41.528820,25.250000,16.278820,0.000000,-41.557640,1.000000,0.400430,0.000001954,
1806100,41.389412,25.250000,16.139412,0.000000,-41.528820,1.000000,0.400307,0.000001972,
1806200,41.389412,25.250000,16.139412,0.000000,-41.528820,1.000000,0.400213,0.000001993,
1806300,41.389412,25.250000,16.139412,0.000000,-41.528820,1.000000,0.400055,0.000001940,
1806400,41.569706,25.250000,16.319706,0.000000,-41.528820,1.000000,0.399894,0.000001990,
1806500,41.569706,25.250000,16.319706,0.000000,-41.569706,1.000000,0.399721,0.000001994,
1806600,41.569706,25.250000,16.319706,0.000000,-41.569706,1.000000,0.399577,0.000001989,
1806700,41.659851,25.250000,16.409851,0.000000,-41.569706,1.000000,0.399358,0.000001961,
1806800,41.659851,25.250000,16.409851,0.000000,-41.569706,1.000000,0.399223,0.000001986,
1806900,41.659851,25.250000,16.409851,0.000000,-41.659851,1.000000,0.399090,0.000001974,
1807000,41.579926,25.250000,16.329926,0.000000,-41.659851,1.000000,0.398963,0.000001992,
1807100,41.579926,25.250000,16.329926,0.000000,-41.659851,1.000000,0.398851,0.000001948,
1807200,41.579926,25.250000,16.329926,0.000000,-41.659851,1.000000,0.398652,0.000001956,
1807300,41.539963,25.250000,16.289963,0.000000,-41.579926,1.000000,0.398512,0.000001960,
1807400,41.539963,25.250000,16.289963,0.000000,-41.579926,1.000000,0.398343,0.000001959,
1807500,41.539963,25.250000,16.289963,0.000000,-41.579926,1.000000,0.398236,0.000001932,
1807600,41.644981,25.250000,16.394981,0.000000,-41.579926,1.000000,0.398090,0.000001945,
1807700,41.644981,25.500000,16.144981,0.000000,-41.644981,1.000000,0.397936,0.000001955,
1807800,41.644981,25.500000,16.144981,0.000000,-41.644981,1.000000,0.397813,0.000001954,
1807900,41.447491,25.500000,15.947491,0.000000,-41.644981,1.000000,0.397666,0.000001963,
1808000,41.447491,25.500000,15.947491,0.000000,-41.644981,1.000000,0.397517,0.000001986,
1808100,41.447491,25.500000,15.947491,0.000000,-41.447491,1.000000,0.397370,0.000001999,
1808200,41.473747,25.500000,15.973747,0.000000,-41.447491,1.000000,0.397199,0.000002001,
1808300,41.473747,25.250000,16.223747,0.000000,-41.447491,1.000000,0.397066,0.000001986,
1808400,41.473747,25.250000,16.223747,0.000000,-41.447491,1.000000,0.396946,0.000001980,
1808500,41.361874,25.250000,16.111874,0.000000,-41.473747,1.000000,0.396796,0.000001966,
1808600,41.361874,25.500000,15.861874,0.000000,-41.473747,1.000000,0.396638,0.000001970,
1808700,41.361874,25.500000,15.861874,0.000000,-41.473747,1.000000,0.396511,0.000001972,
1808800,41.555939,25.500000,16.055939,0.000000,-41.473747,1.000000,0.396365,0.000001954,
1808900,41.555939,25.250000,16.305939,0.000000,-41.555939,1.000000,0.396300,0.000001972,
1809000,41.555939,25.250000,16.305939,0.000000,-41.555939,1.000000,0.396132,0.000001976,
1809100,41.527969,25.250000,16.277969,0.000000,-41.555939,1.000000,0.396015,0.000001969,
1809200,41.527969,25.250000,16.277969,0.000000,-41.555939,1.000000,0.395881,0.000001953,
1809300,41.527969,25.250000,16.277969,0.000000,-41.527969,1.000000,0.395688,0.000001936,
1809400,41.513985,25.250000,16.263985,0.000000,-41.527969,1.000000,0.395545,0.000001961,
1809500,41.513985,25.500000,16.013985,0.000000,-41.527969,1.000000,0.395387,0.000001966,
1809600,41.513985,25.500000,16.013985,0.000000,-41.527969,1.000000,0.395237,0.000001956,
1809700,41.631992,25.500000,16.131992,0.000000,-41.513985,1.000000,0.395120,0.000001938,
1809800,41.631992,25.500000,16.131992,0.000000,-41.513985,1.000000,0.394978,0.000001948,
1809900,41.631992,25.500000,16.131992,0.000000,-41.513985,1.000000,0.394837,0.000001963,
1810000,41.565994,25.500000,16.065994,0.000000,-41.513985,1.000000,0.394714,0.000001944,
1810100,41.565994,25.000000,16.565994,0.000000,-41.565994,1.000000,0.394625,0.000001934,
1810200,41.565994,25.000000,16.565994,0.000000,-41.565994,1.000000,0.394489,0.000001920,
1810300,41.532997,25.000000,16.532997,0.000000,-41.565994,1.000000,0.394295,0.000001952,
1810400,41.532997,25.500000,16.032997,0.000000,-41.565994,1.000000,0.394146,0.000001945,
1810500,41.532997,25.500000,16.032997,0.000000,-41.532997,1.000000,0.393974,0.000001944,
1810600,41.516499,25.500000,16.016499,0.000000,-41.532997,1.000000,0.393833,0.000001933,
1810700,41.516499,25.250000,16.266499,0.000000,-41.532997,1.000000,0.393688,0.000001940,
1810800,41.516499,25.250000,16.266499,0.000000,-41.532997,1.000000,0.393535,0.000001947,
1810900,41.508247,25.250000,16.258247,0.000000,-41.516499,1.000000,0.393402,0.000001962,
1811000,41.508247,25.000000,16.508247,0.000000,-41.516499,1.000000,0.393247,0.000001996,
1811100,41.508247,25.000000,16.508247,0.000000,-41.516499,1.000000,0.393078,0.000001985,
1811200,41.254124,25.000000,16.254124,0.000000,-41.516499,1.000000,0.392923,0.000001983,
1811300,41.254124,25.000000,16.254124,0.000000,-41.254124,1.000000,0.392709,0.000001970,
1811400,41.254124,25.000000,16.254124,0.000000,-41.254124,1.000000,0.392546,0.000001993,
1811500,41.127060,25.000000,16.127060,0.000000,-41.254124,1.000000,0.392428,0.000001979,
1811600,41.127060,25.500000,15.627060,0.000000,-41.254124,1.000000,0.392299,0.000001983,
1811700,41.127060,25.500000,15.627060,0.000000,-41.127060,1.000000,0.392130,0.000002000,
1811800,41.188530,25.500000,15.688530,0.000000,-41.127060,1.000000,0.391994,0.000001974,
1811900,41.188530,25.250000,15.938530,0.000000,-41.127060,1.000000,0.391855,0.000001998,
1812000,41.188530,25.250000,15.938530,0.000000,-41.127060,1.000000,0.391676,0.000001997,
1812100,41.219265,25.250000,15.969265,0.000000,-41.188530,1.000000,0.391549,0.000001982,
1812200,41.219265,25.250000,15.969265,0.000000,-41.188530,1.000000,0.391389,0.000001983,
1812300,41.219265,25.250000,15.969265,0.000000,-41.188530,1.000000,0.391256,0.000001965,
1812400,41.359634,25.250000,16.109634,0.000000,-41.188530,1.000000,0.391092,0.000001975,
1812500,41.359634,25.250000,16.109634,0.000000,-41.359634,1.000000,0.390999,0.000001976,
1812600,41.359634,25.250000,16.109634,0.000000,-41.359634,1.000000,0.390883,0.000001995,
1812700,41.054817,25.250000,15.804817,0.000000,-41.359634,1.000000,0.390786,0.000001997,
1812800,41.054817,25.250000,15.804817,0.000000,-41.359634,1.000000,0.390674,0.000002016,
1812900,41.054817,25.250000,15.804817,0.000000,-41.054817,1.000000,0.390528,0.000002018,
1813000,41.152409,25.250000,15.902409,0.000000,-41.054817,1.000000,0.390361,0.000001995,
1813100,41.152409,25.250000,15.902409,0.000000,-41.054817,1.000000,0.390250,0.000001981,
1813200,41.152409,25.250000,15.902409,0.000000,-41.054817,1.000000,0.390136,0.000001974,
1813300,40.826202,25.250000,15.576202,0.000000,-41.152409,1.000000,0.390022,0.000001976,
1813400,40.826202,25.250000,15.576202,0.000000,-41.152409,1.000000,0.389948,0.000002003,
1813500,40.826202,25.250000,15.576202,0.000000,-41.152409,1.000000,0.389813,0.000001996,
1813600,41.038101,25.250000,15.788101,0.000000,-41.152409,1.000000,0.389700,0.000002025,
1813700,41.038101,25.500000,15.538101,0.000000,-41.038101,1.000000,0.389537,0.000002028,
1813800,41.038101,25.500000,15.538101,0.000000,-41.038101,1.000000,0.389350,0.000001990,
1813900,40.894051,25.500000,15.394051,0.000000,-41.038101,1.000000,0.389217,0.000001985,
1814000,40.894051,25.250000,15.644051,0.000000,-41.038101,1.000000,0.389031,0.000001986,
1814100,40.894051,25.250000,15.644051,0.000000,-40.894051,1.000000,0.388836,0.000001979,
1814200,41.072025,25.250000,15.822025,0.000000,-40.894051,1.000000,0.388760,0.000001958,
1814300,41.072025,25.250000,15.822025,0.000000,-40.894051,1.000000,0.388615,0.000001974,
1814400,41.072025,25.250000,15.822025,0.000000,-40.894051,1.000000,0.388448,0.000002003,
1814600,40.911011,24.500000,16.411011,0.000000,-41.072025,1.000000,0.388189,0.000002014,
1814700,40.911011,24.500000,16.411011,0.000000,-41.072025,1.000000,0.388071,0.000002032,
1814800,41.080505,24.500000,16.580505,0.000000,-41.072025,1.000000,0.387941,0.000002045,
1814900,41.080505,25.250000,15.830505,0.000000,-41.080505,1.000000,0.387757,0.000002053,
1815000,41.080505,25.250000,15.830505,0.000000,-41.080505,1.000000,0.387589,0.000002059,
1815100,41.165253,25.250000,15.915253,0.000000,-41.080505,1.000000,0.387471,0.000002063,
1815200,41.165253,25.250000,15.915253,0.000000,-41.080505,1.000000,0.387279,0.000002051,
1815300,41.165253,25.250000,15.915253,0.000000,-41.165253,1.000000,0.387114,0.000002040,
1815400,41.082626,25.250000,15.832626,0.000000,-41.165253,1.000000,0.387002,0.000002039,
1815500,41.082626,25.250000,15.832626,0.000000,-41.165253,1.000000,0.386887,0.000002029,
1815600,41.082626,25.250000,15.832626,0.000000,-41.165253,1.000000,0.386743,0.000002018,
1815700,40.916313,25.250000,15.666313,0.000000,-41.082626,1.000000,0.386593,0.000001972,
1815800,40.916313,25.500000,15.416313,0.000000,-41.082626,1.000000,0.386467,0.000001967,
1815900,40.916313,25.500000,15.416313,0.000000,-41.082626,1.000000,0.386341,0.000001950,
1816000,41.083157,25.500000,15.583157,0.000000,-41.082626,1.000000,0.386210,0.000001948,
1816100,41.083157,25.000000,16.083157,0.000000,-41.083157,1.000000,0.386065,0.000001980,
1816200,41.083157,25.000000,16.083157,0.000000,-41.083157,1.000000,0.385965,0.000001979,
1816300,41.041580,25.000000,16.041580,0.000000,-41.083157,1.000000,0.385807,0.000001978,
1816400,41.041580,25.250000,15.791580,0.000000,-41.083157,1.000000,0.385675,0.000001976,
1816500,41.041580,25.250000,15.791580,0.000000,-41.041580,1.000000,0.385587,0.000001958,
1816600,40.895790,25.250000,15.645790,0.000000,-41.041580,1.000000,0.385429,0.000001965,
1816700,40.895790,25.250000,15.645790,0.000000,-41.041580,1.000000,0.385270,0.000001991,
1816800,40.895790,25.250000,15.645790,0.000000,-41.041580,1.000000,0.385071,0.000002017,
1816900,40.822895,25.250000,15.572895,0.000000,-40.895790,1.000000,0.384927,0.000002010,
1817000,40.822895,25.500000,15.322895,0.000000,-40.895790,1.000000,0.384812,0.000001989,
1817100,40.822895,25.500000,15.322895,0.000000,-40.895790,1.000000,0.384653,0.000001987,
1817200,40.911446,25.500000,15.411446,0.000000,-40.895790,1.000000,0.384527,0.000001985,
1817300,40.911446,25.000000,15.911446,0.000000,-40.911446,1.000000,0.384432,0.000001971,
1817400,40.911446,25.000000,15.911446,0.000000,-40.911446,1.000000,0.384299,0.000001989,
1817500,40.955723,25.000000,15.955723,0.000000,-40.911446,1.000000,0.384177,0.000001960,
1817600,40.977859,25.000000,15.977859,0.000000,-40.911446,1.000000,0.384042,0.000001985,
1817700,40.977859,25.250000,15.727859,0.000000,-40.977859,1.000000,0.383883,0.000001993,
1817800,40.977859,25.250000,15.727859,0.000000,-40.977859,1.000000,0.383799,0.000001985,
1817900,41.113930,25.250000,15.863930,0.000000,-40.977859,1.000000,0.383644,0.000001995,
1818000,41.113930,25.250000,15.863930,0.000000,-40.977859,1.000000,0.383474,0.000002006,
1818100,41.113930,25.250000,15.863930,0.000000,-41.113930,1.000000,0.383320,0.000001981,
1818200,41.056965,25.250000,15.806965,0.000000,-41.113930,1.000000,0.383165,0.000001993,
1818300,41.056965,25.250000,15.806965,0.000000,-41.113930,1.000000,0.383036,0.000002004,
1818400,41.056965,25.250000,15.806965,0.000000,-41.113930,1.000000,0.382843,0.000002028,
1818500,40.903481,25.250000,15.653481,0.000000,-41.056965,1.000000,0.382696,0.000002046,
1818600,40.903481,25.500000,15.403481,0.000000,-41.056965,1.000000,0.382546,0.000002032,
1818700,40.903481,25.500000,15.403481,0.000000,-41.056965,1.000000,0.382411,0.000002038,
1818800,40.826740,25.500000,15.326740,0.000000,-41.056965,1.000000,0.382279,0.000002046,
1818900,40.826740,25.250000,15.576740,0.000000,-40.826740,1.000000,0.382123,0.000002052,
1819000,40.826740,25.250000,15.576740,0.000000,-40.826740,1.000000,0.382012,0.000002019,
1819100,40.913368,25.250000,15.663368,0.000000,-40.826740,1.000000,0.381881,0.000002026,
1819200,40.913368,25.250000,15.663368,0.000000,-40.826740,1.000000,0.381719,0.000002022,
1819300,40.913368,25.250000,15.663368,0.000000,-40.913368,1.000000,0.381580,0.000002014,
1819400,40.831684,25.250000,15.581684,0.000000,-40.913368,1.000000,0.381420,0.000002003,
1819500,40.831684,25.250000,15.581684,0.000000,-40.913368,1.000000,0.381297,0.000002004,
1819600,40.831684,25.250000,15.581684,0.000000,-40.913368,1.000000,0.381175,0.000001985,
1819700,40.790840,25.250000,15.540840,0.000000,-40.831684,1.000000,0.381030,0.000001978,
1819800,40.790840,25.500000,15.290840,0.000000,-40.831684,1.000000,0.380890,0.000001996,
1819900,40.790840,25.500000,15.290840,0.000000,-40.831684,1.000000,0.380771,0.000001983,
1820000,41.020420,25.500000,15.520420,0.000000,-40.831684,1.000000,0.380637,0.000001964,
1820100,41.020420,25.250000,15.770420,0.000000,-41.020420,1.000000,0.380491,0.000001976,
1820200,41.020420,25.250000,15.770420,0.000000,-41.020420,1.000000,0.380328,0.000001972,
1820300,41.135208,25.250000,15.885208,0.000000,-41.020420,1.000000,0.380200,0.000001990,
1820400,41.135208,25.500000,15.635208,0.000000,-41.020420,1.000000,0.380033,0.000001968,
1820500,41.135208,25.500000,15.635208,0.000000,-41.135208,1.000000,0.379873,0.000001963,
1820600,41.067604,25.500000,15.567604,0.000000,-41.135208,1.000000,0.379720,0.000001976,
1820700,41.067604,25.500000,15.567604,0.000000,-41.135208,1.000000,0.379578,0.000001989,
1820800,41.067604,25.500000,15.567604,0.000000,-41.135208,1.000000,0.379428,0.000001982,
1820900,41.158802,25.500000,15.658802,0.000000,-41.067604,1.000000,0.379300,0.000001965,
1821000,41.158802,25.250000,15.908802,0.000000,-41.067604,1.000000,0.379162,0.000001955,
1821100,41.158802,25.250000,15.908802,0.000000,-41.067604,1.000000,0.379056,0.000001959,
1821200,40.954399,25.250000,15.704399,0.000000,-41.067604,1.000000,0.378900,0.000001965,
1821300,40.954399,25.250000,15.704399,0.000000,-40.954399,1.000000,0.378761,0.000001972,
1821400,40.954399,25.250000,15.704399,0.000000,-40.954399,1.000000,0.378643,0.000001959,
1821500,40.727200,25.250000,15.477200,0.000000,-40.954399,1.000000,0.378510,0.000001959,
1821600,40.727200,25.250000,15.477200,0.000000,-40.954399,1.000000,0.378413,0.000001975,
1821700,40.727200,25.250000,15.477200,0.000000,-40.727200,1.000000,0.378329,0.000001985,
1821800,40.613602,25.250000,15.363602,0.000000,-40.727200,1.000000,0.378223,0.000001959,
1821900,40.613602,25.250000,15.363602,0.000000,-40.727200,1.000000,0.378056,0.000001940,
1822000,40.613602,25.250000,15.363602,0.000000,-40.727200,1.000000,0.377921,0.000001923,
1822100,40.306801,25.250000,15.056801,0.000000,-40.613602,1.000000,0.377834,0.000001931,
1822200,40.306801,25.250000,15.056801,0.000000,-40.613602,1.000000,0.377750,0.000001921,
1822300,40.306801,25.250000,15.056801,0.000000,-40.613602,1.000000,0.377612,0.000001943,
1822400,40.528400,25.250000,15.278400,0.000000,-40.613602,1.000000,0.377480,0.000001931,
1822500,40.528400,25.000000,15.528400,0.000000,-40.528400,1.000000,0.377369,0.000001922,
1822600,40.528400,25.000000,15.528400,0.000000,-40.528400,1.000000,0.377256,0.000001917,
1822700,40.764198,25.000000,15.764198,0.000000,-40.528400,1.000000,0.377123,0.000001900,
1822800,40.764198,25.250000,15.514198,0.000000,-40.528400,1.000000,0.376991,0.000001920,
1822900,40.764198,25.250000,15.514198,0.000000,-40.764198,1.000000,0.376858,0.000001920,
1823000,40.757099,25.250000,15.507099,0.000000,-40.764198,1.000000,0.376704,0.000001912,
1823100,40.757099,25.500000,15.257099,0.000000,-40.764198,1.000000,0.376599,0.000001930,
1823200,40.757099,25.500000,15.257099,0.000000,-40.764198,1.000000,0.376441,0.000001938,
1823300,40.753548,25.500000,15.253548,0.000000,-40.757099,1.000000,0.376310,0.000001964,
1823400,40.753548,25.000000,15.753548,0.000000,-40.757099,1.000000,0.376183,0.000001965,
1823500,40.753548,25.000000,15.753548,0.000000,-40.757099,1.000000,0.376054,0.000001943,
1823600,40.876774,25.000000,15.876774,0.000000,-40.757099,1.000000,0.375920,0.000001970,
1823700,40.876774,25.000000,15.876774,0.000000,-40.876774,1.000000,0.375812,0.000001984,
1823800,40.876774,25.000000,15.876774,0.000000,-40.876774,1.000000,0.375636,0.000001984,
1823900,40.688385,25.000000,15.688385,0.000000,-40.876774,1.000000,0.375491,0.000001992,
1824000,40.688385,25.000000,15.688385,0.000000,-40.876774,1.000000,0.375321,0.000002003,
1824100,40.688385,25.000000,15.688385,0.000000,-40.688385,1.000000,0.375207,0.000001999,
1824200,40.594193,25.000000,15.594193,0.000000,-40.688385,1.000000,0.375054,0.000002008,
1824300,40.594193,25.250000,15.344193,0.000000,-40.688385,1.000000,0.374920,0.000002005,
1824400,40.594193,25.250000,15.344193,0.000000,-40.688385,1.000000,0.374792,0.000001996,
1824500,40.547096,25.250000,15.297096,0.000000,-40.594193,1.000000,0.374626,0.000001977,
1824600,40.547096,25.500000,15.047096,0.000000,-40.594193,1.000000,0.374515,0.000001970,
1824700,40.547096,25.500000,15.047096,0.000000,-40.594193,1.000000,0.374353,0.000002011,
1824800,40.648548,25.500000,15.148548,0.000000,-40.594193,1.000000,0.374251,0.000001985,
1824900,40.648548,25.250000,15.398548,0.000000,-40.648548,1.000000,0.374080,0.000001979,
1825000,40.648548,25.250000,15.398548,0.000000,-40.648548,1.000000,0.373959,0.000001946,
1825100,40.699272,25.250000,15.449272,0.000000,-40.648548,1.000000,0.373795,0.000001929,
1825200,40.699272,25.250000,15.449272,0.000000,-40.648548,1.000000,0.373671,0.000001890,
1825300,40.699272,25.250000,15.449272,0.000000,-40.699272,1.000000,0.373497,0.000001883,
1825400,40.599636,25.250000,15.349636,0.000000,-40.699272,1.000000,0.373359,0.000001864,
1825500,40.599636,25.500000,15.099636,0.000000,-40.699272,1.000000,0.373248,0.000001864,
1825600,40.599636,25.500000,15.099636,0.000000,-40.699272,1.000000,0.373056,0.000001870,
1825700,40.674820,25.500000,15.174820,0.000000,-40.599636,1.000000,0.372946,0.000001886,
1825800,40.674820,25.500000,15.174820,0.000000,-40.599636,1.000000,0.372848,0.000001900,
1825900,40.674820,25.500000,15.174820,0.000000,-40.599636,1.000000,0.372660,0.000001894,
1826000,40.587410,25.500000,15.087410,0.000000,-40.599636,1.000000,0.372549,0.000001896,
1826100,40.587410,25.500000,15.087410,0.000000,-40.587410,1.000000,0.372429,0.000001885,
1826200,40.587410,25.500000,15.087410,0.000000,-40.587410,1.000000,0.372290,0.000001870,
1826300,40.543705,25.500000,15.043705,0.000000,-40.587410,1.000000,0.372212,0.000001889,
1826400,40.543705,25.250000,15.293705,0.000000,-40.587410,1.000000,0.372021,0.000001914,
1826500,40.543705,25.250000,15.293705,0.000000,-40.543705,1.000000,0.371863,0.000001900,
1826700,40.521851,25.250000,15.271851,0.000000,-40.543705,1.000000,0.371622,0.000001881,
1826800,40.521851,25.250000,15.271851,0.000000,-40.543705,1.000000,0.371492,0.000001875,
1826900,40.510925,25.250000,15.260925,0.000000,-40.521851,1.000000,0.371371,0.000001855,
1827000,40.510925,25.750000,14.760925,0.000000,-40.521851,1.000000,0.371230,0.000001867,
1827100,40.510925,25.750000,14.760925,0.000000,-40.521851,1.000000,0.371079,0.000001865,
1827200,40.505463,25.750000,14.755463,0.000000,-40.521851,1.000000,0.370905,0.000001873,
1827300,40.505463,25.250000,15.255463,0.000000,-40.505463,1.000000,0.370697,0.000001863,
1827400,40.505463,25.250000,15.255463,0.000000,-40.505463,1.000000,0.370577,0.000001889,
1827500,40.502731,25.250000,15.252731,0.000000,-40.505463,1.000000,0.370417,0.000001889,
1827600,40.502731,25.500000,15.002731,0.000000,-40.505463,1.000000,0.370234,0.000001883,
1827700,40.502731,25.500000,15.002731,0.000000,-40.502731,1.000000,0.370068,0.000001892,
1827800,40.501366,25.500000,15.001366,0.000000,-40.502731,1.000000,0.369918,0.000001915,
1827900,40.501366,25.000000,15.501366,0.000000,-40.502731,1.000000,0.369778,0.000001955,
1828000,40.501366,25.000000,15.501366,0.000000,-40.502731,1.000000,0.369693,0.000001948,
1828100,40.375683,25.000000,15.375683,0.000000,-40.501366,1.000000,0.369511,0.000001970,
1828200,40.375683,25.000000,15.375683,0.000000,-40.501366,1.000000,0.369373,0.000001982,
1828300,40.375683,25.000000,15.375683,0.000000,-40.501366,1.000000,0.369195,0.000001969,
1828400,40.312843,25.000000,15.312843,0.000000,-40.501366,1.000000,0.369075,0.000001948,
1828500,40.312843,25.500000,14.812843,0.000000,-40.312843,1.000000,0.368983,0.000001934,
1828600,40.312843,25.500000,14.812843,0.000000,-40.312843,1.000000,0.368789,0.000001952,
1828700,40.281422,25.500000,14.781422,0.000000,-40.312843,1.000000,0.368677,0.000001952,
1828800,40.281422,25.250000,15.031422,0.000000,-40.312843,1.000000,0.368551,0.000001953,
1828900,40.281422,25.250000,15.031422,0.000000,-40.281422,1.000000,0.368447,0.000001971,
1829000,40.390709,25.250000,15.140709,0.000000,-40.281422,1.000000,0.368279,0.000001972,
1829100,40.390709,25.000000,15.390709,0.000000,-40.281422,1.000000,0.368187,0.000001984,
1829200,40.390709,25.000000,15.390709,0.000000,-40.281422,1.000000,0.368089,0.000001975,
1829300,40.320354,25.000000,15.320354,0.000000,-40.390709,1.000000,0.367984,0.000001977,
1829400,40.320354,25.250000,15.070354,0.000000,-40.390709,1.000000,0.367845,0.000001993,
1829500,40.320354,25.250000,15.070354,0.000000,-40.390709,1.000000,0.367703,0.000001971,
1829600,40.285179,25.250000,15.035179,0.000000,-40.390709,1.000000,0.367592,0.000001963,
1829700,40.285179,25.250000,15.035179,0.000000,-40.285179,1.000000,0.367481,0.000001974,
1829800,40.285179,25.250000,15.035179,0.000000,-40.285179,1.000000,0.367300,0.000001933,
1829900,40.142590,25.250000,14.892590,0.000000,-40.285179,1.000000,0.367180,0.000001908,
1830000,40.142590,25.750000,14.392590,0.000000,-40.285179,1.000000,0.367032,0.000001894,
1830100,40.142590,25.750000,14.392590,0.000000,-40.142590,1.000000,0.366867,0.000001942,
1830200,40.196297,25.750000,14.446297,0.000000,-40.142590,1.000000,0.366724,0.000001974,
1830300,40.196297,25.250000,14.946297,0.000000,-40.142590,1.000000,0.366576,0.000001971,
1830400,40.196297,25.250000,14.946297,0.000000,-40.142590,1.000000,0.366499,0.000001962,
1830500,40.223148,25.250000,14.973148,0.000000,-40.196297,1.000000,0.366420,0.000001951,
1830600,40.223148,25.000000,15.223148,0.000000,-40.196297,1.000000,0.366314,0.000001952,
1830700,40.223148,25.000000,15.223148,0.000000,-40.196297,1.000000,0.366169,0.000001932,
1830800,40.361572,25.000000,15.361572,0.000000,-40.196297,1.000000,0.365993,0.000001905,
1830900,40.361572,25.500000,14.861572,0.000000,-40.361572,1.000000,0.365851,0.000001918,
1831000,40.361572,25.500000,14.861572,0.000000,-40.361572,1.000000,0.365717,0.000001947,
1831100,40.305786,25.500000,14.805786,0.000000,-40.361572,1.000000,0.365622,0.000001977,
1831200,40.305786,25.000000,15.305786,0.000000,-40.361572,1.000000,0.365482,0.000001963,
1831300,40.305786,25.000000,15.305786,0.000000,-40.305786,1.000000,0.365394,0.000001982,
1831400,40.152893,25.000000,15.152893,0.000000,-40.305786,1.000000,0.365219,0.000002009,
1831500,40.152893,25.250000,14.902893,0.000000,-40.305786,1.000000,0.365058,0.000001990,
1831600,40.152893,25.250000,14.902893,0.000000,-40.305786,1.000000,0.364966,0.000001978,
1831700,40.201447,25.250000,14.951447,0.000000,-40.152893,1.000000,0.364859,0.000001964,
1831800,40.201447,24.750000,15.451447,0.000000,-40.152893,1.000000,0.364727,0.000001966,
1831900,40.201447,24.750000,15.451447,0.000000,-40.152893,1.000000,0.364578,0.000001988,
1832000,40.100723,24.750000,15.350723,0.000000,-40.152893,1.000000,0.364456,0.000001996,
1832100,40.100723,25.250000,14.850723,0.000000,-40.100723,1.000000,0.364320,0.000001993,
1832200,40.100723,25.250000,14.850723,0.000000,-40.100723,1.000000,0.364198,0.000002007,
1832300,40.175362,25.250000,14.925362,0.000000,-40.100723,1.000000,0.364028,0.000001996,
1832400,40.175362,25.250000,14.925362,0.000000,-40.100723,1.000000,0.363874,0.000001988,
1832500,40.175362,25.250000,14.925362,0.000000,-40.175362,1.000000,0.363734,0.000001971,
1832600,40.087681,25.250000,14.837681,0.000000,-40.175362,1.000000,0.363602,0.000001938,
1832700,40.087681,25.500000,14.587681,0.000000,-40.175362,1.000000,0.363478,0.000001990,
1832800,40.087681,25.500000,14.587681,0.000000,-40.175362,1.000000,0.363301,0.000001962,
1832900,40.168839,25.500000,14.668839,0.000000,-40.087681,1.000000,0.363150,0.000001949,
1833000,40.168839,25.000000,15.168839,0.000000,-40.087681,1.000000,0.363027,0.000001944,
1833100,40.168839,25.000000,15.168839,0.000000,-40.087681,1.000000,0.362896,0.000001975,
1833200,40.334419,25.000000,15.334419,0.000000,-40.087681,1.000000,0.362795,0.000001973,
1833300,40.334419,25.500000,14.834419,0.000000,-40.334419,1.000000,0.362680,0.000001980,
1833400,40.334419,25.500000,14.834419,0.000000,-40.334419,1.000000,0.362571,0.000001975,
1833500,40.292210,25.500000,14.792210,0.000000,-40.334419,1.000000,0.362450,0.000001985,
1833600,40.292210,25.500000,14.792210,0.000000,-40.334419,1.000000,0.362319,0.000002000,
1833700,40.292210,25.500000,14.792210,0.000000,-40.292210,1.000000,0.362146,0.000002000,
1833800,40.146103,25.500000,14.646103,0.000000,-40.292210,1.000000,0.362026,0.000001989,
1833900,40.146103,25.250000,14.896103,0.000000,-40.292210,1.000000,0.361911,0.000002000,
1834000,40.146103,25.250000,14.896103,0.000000,-40.292210,1.000000,0.361814,0.000002003,
1834100,39.948051,25.250000,14.698051,0.000000,-40.146103,1.000000,0.361692,0.000001999,
1834200,39.948051,25.000000,14.948051,0.000000,-40.146103,1.000000,0.361568,0.000002007,
1834300,39.948051,25.000000,14.948051,0.000000,-40.146103,1.000000,0.361394,0.000002010,
1834400,39.974026,25.000000,14.974026,0.000000,-40.146103,1.000000,0.361259,0.000002026,
1834500,39.974026,25.250000,14.724026,0.000000,-39.974026,1.000000,0.361112,0.000002017,
1834600,39.974026,25.250000,14.724026,0.000000,-39.974026,1.000000,0.360976,0.000002003,
1834700,40.112015,25.250000,14.862015,0.000000,-39.974026,1.000000,0.360872,0.000002003,
1834800,40.112015,25.000000,15.112015,0.000000,-39.974026,1.000000,0.360739,0.000002011,
1834900,40.112015,25.000000,15.112015,0.000000,-40.112015,1.000000,0.360606,0.000001982,
1835000,40.056007,25.000000,15.056007,0.000000,-40.112015,1.000000,0.360481,0.000001992,
1835100,40.056007,25.500000,14.556007,0.000000,-40.112015,1.000000,0.360332,0.000001987,
1835200,40.056007,25.500000,14.556007,0.000000,-40.112015,1.000000,0.360190,0.000001981,
1835300,39.778004,25.500000,14.278004,0.000000,-40.056007,1.000000,0.360027,0.000001967,
1835400,39.778004,25.250000,14.528004,0.000000,-40.056007,1.000000,0.359902,0.000001947,
1835500,39.778004,25.250000,14.528004,0.000000,-40.056007,1.000000,0.359729,0.000001938,
1835600,40.014000,25.250000,14.764000,0.000000,-40.056007,1.000000,0.359535,0.000001905,
1835700,40.014000,25.250000,14.764000,0.000000,-40.014000,1.000000,0.359401,0.000001952,
1835800,40.014000,25.250000,14.764000,0.000000,-40.014000,1.000000,0.359271,0.000001932,
1835900,39.882000,25.250000,14.632000,0.000000,-40.014000,1.000000,0.359160,0.000001950,
1836000,39.882000,25.000000,14.882000,0.000000,-40.014000,1.000000,0.358985,0.000001972,
1836100,39.882000,25.000000,14.882000,0.000000,-39.882000,1.000000,0.358833,0.000001941,
1836200,39.941002,25.000000,14.941002,0.000000,-39.882000,1.000000,0.358670,0.000001900,
1836300,39.941002,25.000000,14.941002,0.000000,-39.882000,1.000000,0.358567,0.000001946,
1836400,39.941002,25.000000,14.941002,0.000000,-39.882000,1.000000,0.358398,0.000001945,
1836500,39.970501,25.000000,14.970501,0.000000,-39.941002,1.000000,0.358274,0.000001953,
1836600,39.970501,24.750000,15.220501,0.000000,-39.941002,1.000000,0.358142,0.000001941,
1836700,39.970501,24.750000,15.220501,0.000000,-39.941002,1.000000,0.358008,0.000001949,
1836800,40.110252,24.750000,15.360252,0.000000,-39.941002,1.000000,0.357903,0.000001930,
1836900,40.110252,25.500000,14.610252,0.000000,-40.110252,1.000000,0.357777,0.000001940,
1837000,40.110252,25.500000,14.610252,0.000000,-40.110252,1.000000,0.357708,0.000001958,
1837100,40.055126,25.500000,14.555126,0.000000,-40.110252,1.000000,0.357556,0.000001951,
1837200,40.055126,25.250000,14.805126,0.000000,-40.110252,1.000000,0.357394,0.000001932,
1837300,40.055126,25.250000,14.805126,0.000000,-40.055126,1.000000,0.357303,0.000001933,
1837400,39.777565,25.250000,14.527565,0.000000,-40.055126,1.000000,0.357159,0.000001940,
1837500,39.777565,25.250000,14.527565,0.000000,-40.055126,1.000000,0.356990,0.000001947,
1837600,39.777565,25.250000,14.527565,0.000000,-40.055126,1.000000,0.356880,0.000001932,
1837700,39.638783,25.250000,14.388783,0.000000,-39.777565,1.000000,0.356720,0.000001920,
1837800,39.638783,25.500000,14.138783,0.000000,-39.777565,1.000000,0.356589,0.000001962,
1837900,39.638783,25.500000,14.138783,0.000000,-39.777565,1.000000,0.356447,0.000001955,
1838000,39.694389,25.500000,14.194389,0.000000,-39.777565,1.000000,0.356286,0.000001941,
1838100,39.694389,25.250000,14.444389,0.000000,-39.694389,1.000000,0.356141,0.000001939,
1838200,39.694389,25.250000,14.444389,0.000000,-39.694389,1.000000,0.355992,0.000001958,
1838300,39.722195,25.250000,14.472195,0.000000,-39.694389,1.000000,0.355869,0.000001930,
1838400,39.722195,25.500000,14.222195,0.000000,-39.694389,1.000000,0.355716,0.000001918,
1838500,39.722195,25.500000,14.222195,0.000000,-39.722195,1.000000,0.355619,0.000001884,
1838600,39.611099,25.500000,14.111099,0.000000,-39.722195,1.000000,0.355435,0.000001890,
1838700,39.611099,25.250000,14.361099,0.000000,-39.722195,1.000000,0.355271,0.000001910,
1838800,39.611099,25.250000,14.361099,0.000000,-39.722195,1.000000,0.355117,0.000001918,
1838900,39.680550,25.250000,14.430550,0.000000,-39.611099,1.000000,0.354992,0.000001907,
1839000,39.680550,25.000000,14.680550,0.000000,-39.611099,1.000000,0.354892,0.000001893,
1839100,39.680550,25.000000,14.680550,0.000000,-39.611099,1.000000,0.354766,0.000001903,
1839200,39.715275,25.000000,14.715275,0.000000,-39.611099,1.000000,0.354637,0.000001852,
1839300,39.715275,25.000000,14.715275,0.000000,-39.715275,1.000000,0.354548,0.000001844,
1839400,39.715275,25.000000,14.715275,0.000000,-39.715275,1.000000,0.354388,0.000001875,
1839500,39.732635,25.000000,14.732635,0.000000,-39.715275,1.000000,0.354273,0.000001863,
1839600,39.732635,25.000000,14.732635,0.000000,-39.715275,1.000000,0.354136,0.000001853,
1839700,39.732635,25.000000,14.732635,0.000000,-39.732635,1.000000,0.354031,0.000001856,
1839800,39.366318,25.000000,14.366318,0.000000,-39.732635,1.000000,0.353940,0.000001862,
1839900,39.366318,25.250000,14.116318,0.000000,-39.732635,1.000000,0.353855,0.000001870,
1840000,39.366318,25.250000,14.116318,0.000000,-39.732635,1.000000,0.353727,0.000001874,
1840100,39.433159,25.250000,14.183159,0.000000,-39.366318,1.000000,0.353603,0.000001849,
1840200,39.433159,25.000000,14.433159,0.000000,-39.366318,1.000000,0.353493,0.000001848,
1840300,39.433159,25.000000,14.433159,0.000000,-39.366318,1.000000,0.353335,0.000001854,
1840400,39.591579,25.000000,14.591579,0.000000,-39.366318,1.000000,0.353249,0.000001861,
1840500,39.591579,25.250000,14.341579,0.000000,-39.591579,1.000000,0.353122,0.000001857,
1840600,39.591579,25.250000,14.341579,0.000000,-39.591579,1.000000,0.352975,0.000001889,
1840700,39.295792,25.250000,14.045792,0.000000,-39.591579,1.000000,0.352867,0.000001904,
1840800,39.295792,25.500000,13.795792,0.000000,-39.591579,1.000000,0.352726,0.000001937,
1840900,39.295792,25.500000,13.795792,0.000000,-39.295792,1.000000,0.352599,0.000001928,
1841000,39.647896,25.500000,14.147896,0.000000,-39.295792,1.000000,0.352432,0.000001922,
1841100,39.647896,25.500000,14.147896,0.000000,-39.295792,1.000000,0.352297,0.000001920,
1841200,39.647896,25.500000,14.147896,0.000000,-39.295792,1.000000,0.352192,0.000001885,
1841300,39.573948,25.500000,14.073948,0.000000,-39.647896,1.000000,0.352046,0.000001878,
1841400,39.573948,25.500000,14.073948,0.000000,-39.647896,1.000000,0.351923,0.000001898,
1841500,39.573948,25.500000,14.073948,0.000000,-39.647896,1.000000,0.351754,0.000001882,
1841600,39.786972,25.500000,14.286972,0.000000,-39.647896,1.000000,0.351670,0.000001886,
1841700,39.786972,25.500000,14.286972,0.000000,-39.786972,1.000000,0.351485,0.000001861,
1841800,39.786972,25.500000,14.286972,0.000000,-39.786972,1.000000,0.351349,0.000001880,
1841900,39.518486,25.500000,14.018486,0.000000,-39.786972,1.000000,0.351221,0.000001889,
1842000,39.518486,25.500000,14.018486,0.000000,-39.786972,1.000000,0.351080,0.000001888,
1842100,39.518486,25.500000,14.018486,0.000000,-39.518486,1.000000,0.350922,0.000001859,
1842200,39.634243,25.500000,14.134243,0.000000,-39.518486,1.000000,0.350784,0.000001896,
1842300,39.634243,25.500000,14.134243,0.000000,-39.518486,1.000000,0.350619,0.000001903,
1842400,39.634243,25.500000,14.134243,0.000000,-39.518486,1.000000,0.350522,0.000001901,
1842500,39.692123,25.500000,14.192123,0.000000,-39.634243,1.000000,0.350420,0.000001885,
1842600,39.692123,25.000000,14.692123,0.000000,-39.634243,1.000000,0.350302,0.000001890,
1842700,39.692123,25.000000,14.692123,0.000000,-39.634243,1.000000,0.350141,0.000001891,
1842800,39.721062,25.000000,14.721062,0.000000,-39.634243,1.000000,0.350024,0.000001914,
1842900,39.721062,25.000000,14.721062,0.000000,-39.721062,1.000000,0.349931,0.000001932,
1843000,39.721062,25.000000,14.721062,0.000000,-39.721062,1.000000,0.349792,0.000001972,
1843100,39.610531,25.000000,14.610531,0.000000,-39.721062,1.000000,0.349604,0.000001979,
1843200,39.555267,25.000000,14.555267,0.000000,-39.721062,1.000000,0.349438,0.000001949,
1843300,39.555267,25.250000,14.305267,0.000000,-39.555267,1.000000,0.349341,0.000001981,
1843400,39.555267,25.250000,14.305267,0.000000,-39.555267,1.000000,0.349236,0.000001987,
1843500,39.527634,25.250000,14.277634,0.000000,-39.555267,1.000000,0.349079,0.000001994,
1843600,39.527634,25.250000,14.277634,0.000000,-39.555267,1.000000,0.348981,0.000001990,
1843700,39.527634,25.250000,14.277634,0.000000,-39.527634,1.000000,0.348796,0.000001974,
1843800,39.638817,25.250000,14.388817,0.000000,-39.527634,1.000000,0.348665,0.000001967,
1843900,39.638817,25.500000,14.138817,0.000000,-39.527634,1.000000,0.348535,0.000001956,
1844000,39.638817,25.500000,14.138817,0.000000,-39.527634,1.000000,0.348407,0.000001936,
1844100,39.694408,25.500000,14.194408,0.000000,-39.638817,1.000000,0.348272,0.000001931,
1844200,39.694408,25.500000,14.194408,0.000000,-39.638817,1.000000,0.348145,0.000001974,
1844300,39.694408,25.500000,14.194408,0.000000,-39.638817,1.000000,0.347994,0.000001981,
1844400,39.597206,25.500000,14.097206,0.000000,-39.638817,1.000000,0.347854,0.000001980,
1844500,39.597206,25.250000,14.347206,0.000000,-39.597206,1.000000,0.347735,0.000001966,
1844600,39.597206,25.250000,14.347206,0.000000,-39.597206,1.000000,0.347632,0.000001959,
1844700,39.673603,25.250000,14.423603,0.000000,-39.597206,1.000000,0.347557,0.000001962,
1844800,39.673603,25.250000,14.423603,0.000000,-39.597206,1.000000,0.347416,0.000001985,
1844900,39.673603,25.250000,14.423603,0.000000,-39.673603,1.000000,0.347309,0.000001967,
1845000,39.711800,25.250000,14.461800,0.000000,-39.673603,1.000000,0.347161,0.000001946,
1845100,39.711800,24.750000,14.961800,0.000000,-39.673603,1.000000,0.347009,0.000001939,
1845200,39.711800,24.750000,14.961800,0.000000,-39.673603,1.000000,0.346858,0.000001966,
1845300,39.605900,24.750000,14.855900,0.000000,-39.711800,1.000000,0.346712,0.000001980,
1845400,39.605900,25.250000,14.355900,0.000000,-39.711800,1.000000,0.346585,0.000001945,
1845500,39.605900,25.250000,14.355900,0.000000,-39.711800,1.000000,0.346404,0.000001927,
1845600,39.552948,25.250000,14.302948,0.000000,-39.711800,1.000000,0.346258,0.000001918,
1845700,39.552948,25.250000,14.302948,0.000000,-39.552948,1.000000,0.346146,0.000001919,
1845800,39.552948,25.250000,14.302948,0.000000,-39.552948,1.000000,0.346087,0.000001914,
1845900,39.526474,25.250000,14.276474,0.000000,-39.552948,1.000000,0.345951,0.000001931,
1846000,39.526474,24.750000,14.776474,0.000000,-39.552948,1.000000,0.345827,0.000001926,
1846100,39.526474,24.750000,14.776474,0.000000,-39.526474,1.000000,0.345712,0.000001929,
1846200,39.263237,24.750000,14.513237,0.000000,-39.526474,1.000000,0.345582,0.000001944,
1846300,39.263237,24.750000,14.513237,0.000000,-39.526474,1.000000,0.345480,0.000001922,
1846400,39.263237,24.750000,14.513237,0.000000,-39.526474,1.000000,0.345394,0.000001929,
1846500,39.256618,24.750000,14.506618,0.000000,-39.263237,1.000000,0.345270,0.000001918,
1846600,39.256618,25.250000,14.006618,0.000000,-39.263237,1.000000,0.345140,0.000001914,
1846700,39.256618,25.250000,14.006618,0.000000,-39.263237,1.000000,0.345007,0.000001903,
1846800,39.128311,25.250000,13.878311,0.000000,-39.263237,1.000000,0.344897,0.000001900,
1846900,39.128311,25.250000,13.878311,0.000000,-39.128311,1.000000,0.344756,0.000001878,
1847000,39.128311,25.250000,13.878311,0.000000,-39.128311,1.000000,0.344645,0.000001880,
1847100,39.314156,25.250000,14.064156,0.000000,-39.128311,1.000000,0.344557,0.000001888,
1847200,39.314156,25.250000,14.064156,0.000000,-39.128311,1.000000,0.344433,0.000001907,
1847300,39.314156,25.250000,14.064156,0.000000,-39.314156,1.000000,0.344300,0.000001910,
1847400,39.282078,25.250000,14.032078,0.000000,-39.314156,1.000000,0.344174,0.000001911,
1847500,39.282078,25.500000,13.782078,0.000000,-39.314156,1.000000,0.344005,0.000001932,
1847600,39.282078,25.500000,13.782078,0.000000,-39.314156,1.000000,0.343906,0.000001956,
1847700,39.266037,25.500000,13.766037,0.000000,-39.282078,1.000000,0.343759,0.000001953,
1847800,39.266037,25.250000,14.016037,0.000000,-39.282078,1.000000,0.343593,0.000001957,
1847900,39.266037,25.250000,14.016037,0.000000,-39.282078,1.000000,0.343444,0.000001958,
1848000,39.383018,25.250000,14.133018,0.000000,-39.282078,1.000000,0.343364,0.000001956,
1848100,39.383018,25.500000,13.883018,0.000000,-39.383018,1.000000,0.343279,0.000001949,
1848200,39.383018,25.500000,13.883018,0.000000,-39.383018,1.000000,0.343144,0.000001939,
1848300,39.316509,25.500000,13.816509,0.000000,-39.383018,1.000000,0.343058,0.000001940,
1848400,39.316509,25.500000,13.816509,0.000000,-39.383018,1.000000,0.342931,0.000001952,
1848500,39.316509,25.500000,13.816509,0.000000,-39.316509,1.000000,0.342825,0.000001938,
1848600,39.158257,25.500000,13.658257,0.000000,-39.316509,1.000000,0.342709,0.000001913,
1848700,39.158257,25.500000,13.658257,0.000000,-39.316509,1.000000,0.342592,0.000001946,
1848800,39.158257,25.500000,13.658257,0.000000,-39.316509,1.000000,0.342439,0.000001960,
1848900,39.204128,25.500000,13.704128,0.000000,-39.158257,1.000000,0.342320,0.000001946,
1849000,39.204128,25.250000,13.954128,0.000000,-39.158257,1.000000,0.342228,0.000001944,
1849100,39.204128,25.250000,13.954128,0.000000,-39.158257,1.000000,0.342082,0.000001934,
1849200,39.227066,25.250000,13.977066,0.000000,-39.158257,1.000000,0.341934,0.000001945,
1849300,39.227066,25.000000,14.227066,0.000000,-39.227066,1.000000,0.341807,0.000001963,
1849400,39.227066,25.000000,14.227066,0.000000,-39.227066,1.000000,0.341710,0.000001976,
1849500,38.988533,25.000000,13.988533,0.000000,-39.227066,1.000000,0.341588,0.000001983,
1849600,38.988533,25.500000,13.488533,0.000000,-39.227066,1.000000,0.341476,0.000001971,
1849700,38.988533,25.500000,13.488533,0.000000,-38.988533,1.000000,0.341340,0.000001973,
1849800,39.119267,25.500000,13.619267,0.000000,-38.988533,1.000000,0.341201,0.000001995,
1849900,39.119267,24.500000,14.619267,0.000000,-38.988533,1.000000,0.341064,0.000002027,
1850000,39.119267,24.500000,14.619267,0.000000,-38.988533,1.000000,0.340947,0.000002026,
1850100,39.184631,24.500000,14.684631,0.000000,-39.119267,1.000000,0.340823,0.000002008,
1850200,39.184631,25.000000,14.184631,0.000000,-39.119267,1.000000,0.340676,0.000001988,
1850300,39.184631,25.000000,14.184631,0.000000,-39.119267,1.000000,0.340606,0.000001989,
1850400,39.342316,25.000000,14.342316,0.000000,-39.119267,1.000000,0.340470,0.000001990,
1850500,39.342316,25.000000,14.342316,0.000000,-39.342316,1.000000,0.340341,0.000001978,
1850600,39.342316,25.000000,14.342316,0.000000,-39.342316,1.000000,0.340264,0.000001974,
1850700,39.171158,25.000000,14.171158,0.000000,-39.342316,1.000000,0.340096,0.000001973,
1850800,39.171158,24.750000,14.421158,0.000000,-39.342316,1.000000,0.339952,0.000001986,
1850900,39.171158,24.750000,14.421158,0.000000,-39.171158,1.000000,0.339825,0.000001975,
1851000,39.085579,24.750000,14.335579,0.000000,-39.171158,1.000000,0.339759,0.000001984,
1851100,39.085579,25.500000,13.585579,0.000000,-39.171158,1.000000,0.339593,0.000002007,
1851200,39.085579,25.500000,13.585579,0.000000,-39.171158,1.000000,0.339507,0.000001980,
1851300,38.917789,25.500000,13.417789,0.000000,-39.085579,1.000000,0.339391,0.000001976,
1851400,38.917789,25.250000,13.667789,0.000000,-39.085579,1.000000,0.339284,0.000001964,
1851500,38.917789,25.250000,13.667789,0.000000,-39.085579,1.000000,0.339204,0.000001948,
1851600,38.833893,25.250000,13.583893,0.000000,-39.085579,1.000000,0.339056,0.000001969,
1851700,38.833893,25.500000,13.333893,0.000000,-38.833893,1.000000,0.338957,0.000002005,
1851800,38.833893,25.500000,13.333893,0.000000,-38.833893,1.000000,0.338829,0.000001995,
1851900,39.041946,25.500000,13.541946,0.000000,-38.833893,1.000000,0.338719,0.000001979,
1852000,39.041946,24.750000,14.291946,0.000000,-38.833893,1.000000,0.338568,0.000001986,
1852100,39.041946,24.750000,14.291946,0.000000,-39.041946,1.000000,0.338452,0.000001975,
1852200,38.895973,24.750000,14.145973,0.000000,-39.041946,1.000000,0.338377,0.000001944,
1852300,38.895973,25.250000,13.645973,0.000000,-39.041946,1.000000,0.338238,0.000001931,
1852400,38.895973,25.250000,13.645973,0.000000,-39.041946,1.000000,0.338131,0.000001950,
1852500,39.072987,25.250000,13.822987,0.000000,-38.895973,1.000000,0.337959,0.000001949,
1852600,39.072987,25.250000,13.822987,0.000000,-38.895973,1.000000,0.337842,0.000001960,
1852700,39.072987,25.250000,13.822987,0.000000,-38.895973,1.000000,0.337728,0.000001919,
1852800,39.161491,25.250000,13.911491,0.000000,-38.895973,1.000000,0.337606,0.000001939,
1852900,39.161491,25.250000,13.911491,0.000000,-39.161491,1.000000,0.337492,0.000001954,
1853000,39.161491,25.250000,13.911491,0.000000,-39.161491,1.000000,0.337319,0.000002010,
1853100,39.205746,25.250000,13.955746,0.000000,-39.161491,1.000000,0.337183,0.000001986,
1853200,39.205746,25.000000,14.205746,0.000000,-39.161491,1.000000,0.337010,0.000001983,
1853300,39.205746,25.000000,14.205746,0.000000,-39.205746,1.000000,0.336930,0.000001953,
1853400,39.102875,25.000000,14.102875,0.000000,-39.205746,1.000000,0.336798,0.000001971,
1853500,39.102875,25.250000,13.852875,0.000000,-39.205746,1.000000,0.336647,0.000001961,
1853600,39.102875,25.250000,13.852875,0.000000,-39.205746,1.000000,0.336509,0.000001965,
1853700,38.926437,25.250000,13.676437,0.000000,-39.102875,1.000000,0.336378,0.000001955,
1853800,38.926437,25.250000,13.676437,0.000000,-39.102875,1.000000,0.336244,0.000001964,
1853900,38.926437,25.250000,13.676437,0.000000,-39.102875,1.000000,0.336059,0.000001992,
1854000,39.088219,25.250000,13.838219,0.000000,-39.102875,1.000000,0.335954,0.000001983,
1854100,39.088219,25.000000,14.088219,0.000000,-39.088219,1.000000,0.335786,0.000001976,
1854200,39.088219,25.000000,14.088219,0.000000,-39.088219,1.000000,0.335685,0.000001946,
1854300,39.044109,25.000000,14.044109,0.000000,-39.088219,1.000000,0.335543,0.000001979,
1854400,39.044109,25.000000,14.044109,0.000000,-39.088219,1.000000,0.335403,0.000001958,
1854500,39.044109,25.000000,14.044109,0.000000,-39.044109,1.000000,0.335292,0.000001958,
1854600,38.897057,25.000000,13.897057,0.000000,-39.044109,1.000000,0.335163,0.000001947,
1854700,38.897057,25.250000,13.647057,0.000000,-39.044109,1.000000,0.335071,0.000001974,
1854800,38.897057,25.250000,13.647057,0.000000,-39.044109,1.000000,0.334984,0.000001954,
1854900,38.698528,25.250000,13.448528,0.000000,-38.897057,1.000000,0.334830,0.000001940,
1855000,38.698528,25.250000,13.448528,0.000000,-38.897057,1.000000,0.334731,0.000001910,
1855100,38.698528,25.250000,13.448528,0.000000,-38.897057,1.000000,0.334563,0.000001900,
1855200,38.724266,25.250000,13.474266,0.000000,-38.897057,1.000000,0.334460,0.000001919,
1855300,38.724266,25.000000,13.724266,0.000000,-38.724266,1.000000,0.334336,0.000001930,
1855400,38.724266,25.000000,13.724266,0.000000,-38.724266,1.000000,0.334193,0.000001912,
1855500,38.737133,25.000000,13.737133,0.000000,-38.724266,1.000000,0.334092,0.000001907,
1855600,38.737133,25.500000,13.237133,0.000000,-38.724266,1.000000,0.333984,0.000001916,
1855700,38.737133,25.500000,13.237133,0.000000,-38.737133,1.000000,0.333816,0.000001914,
1855800,38.618568,25.500000,13.118568,0.000000,-38.737133,1.000000,0.333673,0.000001882,
1855900,38.618568,25.250000,13.368568,0.000000,-38.737133,1.000000,0.333509,0.000001900,
1856000,38.618568,25.250000,13.368568,0.000000,-38.737133,1.000000,0.333404,0.000001904,
1856100,38.934284,25.250000,13.684284,0.000000,-38.618568,1.000000,0.333268,0.000001922,
1856200,38.934284,25.250000,13.684284,0.000000,-38.618568,1.000000,0.333162,0.000001924,
1856300,38.934284,25.250000,13.684284,0.000000,-38.618568,1.000000,0.333050,0.000001917,
1856400,38.967140,25.250000,13.717140,0.000000,-38.618568,1.000000,0.332921,0.000001942,
1856500,38.967140,25.500000,13.467140,0.000000,-38.967140,1.000000,0.332759,0.000001943,
1856600,38.967140,25.500000,13.467140,0.000000,-38.967140,1.000000,0.332636,0.000001950,
1856700,38.608570,25.500000,13.108570,0.000000,-38.967140,1.000000,0.332520,0.000001965,
1856800,38.608570,25.500000,13.108570,0.000000,-38.967140,1.000000,0.332350,0.000001962,
1856900,38.608570,25.500000,13.108570,0.000000,-38.608570,1.000000,0.332224,0.000001965,
1857000,38.804283,25.500000,13.304283,0.000000,-38.608570,1.000000,0.332142,0.000001963,
1857100,38.804283,25.250000,13.554283,0.000000,-38.608570,1.000000,0.332021,0.000001944,
1857200,38.804283,25.250000,13.554283,0.000000,-38.608570,1.000000,0.331878,0.000001942,
1857300,38.902142,25.250000,13.652142,0.000000,-38.804283,1.000000,0.331773,0.000001947,
1857400,38.902142,25.250000,13.652142,0.000000,-38.804283,1.000000,0.331659,0.000001955,
1857500,38.902142,25.250000,13.652142,0.000000,-38.804283,1.000000,0.331546,0.000001932,
1857600,38.951073,25.250000,13.701073,0.000000,-38.804283,1.000000,0.331439,0.000001939,
1857700,38.951073,25.000000,13.951073,0.000000,-38.951073,1.000000,0.331297,0.000001947,
1857800,38.951073,25.000000,13.951073,0.000000,-38.951073,1.000000,0.331162,0.000001967,
1857900,38.725536,25.000000,13.725536,0.000000,-38.951073,1.000000,0.331036,0.000001982,
1858000,38.725536,25.250000,13.475536,0.000000,-38.951073,1.000000,0.330905,0.000002008,
1858100,38.725536,25.250000,13.475536,0.000000,-38.725536,1.000000,0.330801,0.000002008,
1858200,38.612770,25.250000,13.362770,0.000000,-38.725536,1.000000,0.330650,0.000002008,
1858300,38.612770,25.000000,13.612770,0.000000,-38.725536,1.000000,0.330543,0.000002016,
1858400,38.612770,25.000000,13.612770,0.000000,-38.725536,1.000000,0.330438,0.000002017,
1858500,38.681385,25.000000,13.681385,0.000000,-38.612770,1.000000,0.330286,0.000002033,
1858600,38.681385,25.500000,13.181385,0.000000,-38.612770,1.000000,0.330207,0.000002022,
1858700,38.681385,25.500000,13.181385,0.000000,-38.612770,1.000000,0.330094,0.000002030,
1858800,38.590691,25.500000,13.090691,0.000000,-38.612770,1.000000,0.329921,0.000002023,
1858900,38.590691,25.000000,13.590691,0.000000,-38.590691,1.000000,0.329796,0.000001979,
1859000,38.590691,25.000000,13.590691,0.000000,-38.590691,1.000000,0.329667,0.000001969,
1859100,38.420345,25.000000,13.420345,0.000000,-38.590691,1.000000,0.329515,0.000001975,
1859200,38.420345,25.250000,13.170345,0.000000,-38.590691,1.000000,0.329387,0.000001972,
1859300,38.420345,25.250000,13.170345,0.000000,-38.420345,1.000000,0.329249,0.000001983,
1859400,38.335175,25.250000,13.085175,0.000000,-38.420345,1.000000,0.329157,0.000001986,
1859500,38.335175,25.250000,13.085175,0.000000,-38.420345,1.000000,0.329049,0.000001986,
1859600,38.335175,25.250000,13.085175,0.000000,-38.420345,1.000000,0.328944,0.000001958,
1859700,38.292587,25.250000,13.042587,0.000000,-38.335175,1.000000,0.328775,0.000001943,
1859800,38.292587,25.250000,13.042587,0.000000,-38.335175,1.000000,0.328676,0.000001937,
1859900,38.292587,25.250000,13.042587,0.000000,-38.335175,1.000000,0.328569,0.000001913,
1860000,38.646294,25.250000,13.396294,0.000000,-38.335175,1.000000,0.328487,0.000001927,
1860100,38.646294,25.250000,13.396294,0.000000,-38.646294,1.000000,0.328370,0.000001912,
1860200,38.646294,25.250000,13.396294,0.000000,-38.646294,1.000000,0.328234,0.000001911,
1860300,38.448147,25.250000,13.198147,0.000000,-38.646294,1.000000,0.328140,0.000001949,
1860400,38.448147,25.000000,13.448147,0.000000,-38.646294,1.000000,0.328038,0.000001959,
1860500,38.448147,25.000000,13.448147,0.000000,-38.448147,1.000000,0.327913,0.000001930,
1860600,38.599075,25.000000,13.599075,0.000000,-38.448147,1.000000,0.327817,0.000001936,
1860700,38.599075,25.000000,13.599075,0.000000,-38.448147,1.000000,0.327683,0.000001940,
1860800,38.599075,25.000000,13.599075,0.000000,-38.448147,1.000000,0.327568,0.000001948,
1860900,38.424538,25.000000,13.424538,0.000000,-38.599075,1.000000,0.327440,0.000001950,
1861000,38.424538,25.500000,12.924538,0.000000,-38.599075,1.000000,0.327277,0.000001957,
1861100,38.424538,25.500000,12.924538,0.000000,-38.599075,1.000000,0.327143,0.000001969,
1861200,38.587269,25.500000,13.087269,0.000000,-38.599075,1.000000,0.326991,0.000001970,
1861300,38.587269,25.250000,13.337269,0.000000,-38.587269,1.000000,0.326889,0.000001970,
1861400,38.587269,25.250000,13.337269,0.000000,-38.587269,1.000000,0.326793,0.000001954,
1861500,38.543633,25.250000,13.293633,0.000000,-38.587269,1.000000,0.326700,0.000001965,
1861600,38.543633,25.000000,13.543633,0.000000,-38.587269,1.000000,0.326587,0.000001985,
1861700,38.543633,25.000000,13.543633,0.000000,-38.543633,1.000000,0.326463,0.000002006,
1861800,38.646816,25.000000,13.646816,0.000000,-38.543633,1.000000,0.326339,0.000001985,
1861900,38.646816,25.250000,13.396816,0.000000,-38.543633,1.000000,0.326163,0.000001971,
1862000,38.646816,25.250000,13.396816,0.000000,-38.543633,1.000000,0.326092,0.000001976,
1862100,38.698410,25.250000,13.448410,0.000000,-38.646816,1.000000,0.325970,0.000001972,
1862200,38.698410,25.000000,13.698410,0.000000,-38.646816,1.000000,0.325882,0.000001964,
1862300,38.698410,25.000000,13.698410,0.000000,-38.646816,1.000000,0.325724,0.000001964,
1862400,38.724205,25.000000,13.724205,0.000000,-38.646816,1.000000,0.325627,0.000001945,
1862500,38.724205,25.250000,13.474205,0.000000,-38.724205,1.000000,0.325557,0.000001894,
1862600,38.724205,25.250000,13.474205,0.000000,-38.724205,1.000000,0.325436,0.000001921,
1862700,38.612103,25.250000,13.362103,0.000000,-38.724205,1.000000,0.325357,0.000001938,
1862800,38.612103,25.000000,13.612103,0.000000,-38.724205,1.000000,0.325228,0.000001941,
1862900,38.612103,25.000000,13.612103,0.000000,-38.612103,1.000000,0.325101,0.000001958,
1863000,38.556053,25.000000,13.556053,0.000000,-38.612103,1.000000,0.324985,0.000001951,
1863100,38.556053,25.000000,13.556053,0.000000,-38.612103,1.000000,0.324929,0.000001967,
1863200,38.556053,25.000000,13.556053,0.000000,-38.612103,1.000000,0.324776,0.000001993,
1863300,38.528027,25.000000,13.528027,0.000000,-38.556053,1.000000,0.324638,0.000001972,
1863400,38.528027,25.250000,13.278027,0.000000,-38.556053,1.000000,0.324508,0.000001987,
1863500,38.528027,25.250000,13.278027,0.000000,-38.556053,1.000000,0.324373,0.000001970,
1863600,38.514015,25.250000,13.264015,0.000000,-38.556053,1.000000,0.324203,0.000001959,
1863700,38.514015,25.000000,13.514015,0.000000,-38.514015,1.000000,0.324100,0.000001951,
1863800,38.514015,25.000000,13.514015,0.000000,-38.514015,1.000000,0.323960,0.000001961,
1863900,38.507008,25.000000,13.507008,0.000000,-38.514015,1.000000,0.323872,0.000001943,
1864000,38.507008,24.750000,13.757008,0.000000,-38.514015,1.000000,0.323766,0.000001951,
1864100,38.507008,24.750000,13.757008,0.000000,-38.507008,1.000000,0.323661,0.000001965,
1864200,38.503502,24.750000,13.753502,0.000000,-38.507008,1.000000,0.323532,0.000001955,
1864300,38.503502,25.250000,13.253502,0.000000,-38.507008,1.000000,0.323416,0.000001952,
1864400,38.503502,25.250000,13.253502,0.000000,-38.507008,1.000000,0.323307,0.000001963,
1864500,38.626751,25.250000,13.376751,0.000000,-38.503502,1.000000,0.323221,0.000001955,
1864600,38.626751,24.750000,13.876751,0.000000,-38.503502,1.000000,0.323117,0.000001960,
1864700,38.626751,24.750000,13.876751,0.000000,-38.503502,1.000000,0.322979,0.000001959,
1864800,38.563377,24.750000,13.813377,0.000000,-38.503502,1.000000,0.322870,0.000001979,
1864900,38.563377,25.000000,13.563377,0.000000,-38.563377,1.000000,0.322770,0.000001996,
1865000,38.563377,25.000000,13.563377,0.000000,-38.563377,1.000000,0.322638,0.000001976,
1865100,38.531689,25.000000,13.531689,0.000000,-38.563377,1.000000,0.322536,0.000001990,
1865200,38.531689,25.250000,13.281689,0.000000,-38.563377,1.000000,0.322486,0.000001980,
1865300,38.531689,25.250000,13.281689,0.000000,-38.531689,1.000000,0.322373,0.000001954,
1865400,38.390846,25.250000,13.140846,0.000000,-38.531689,1.000000,0.322235,0.000001922,
1865500,38.390846,25.000000,13.390846,0.000000,-38.531689,1.000000,0.322108,0.000001906,
1865600,38.390846,25.000000,13.390846,0.000000,-38.531689,1.000000,0.322018,0.000001924,
1865700,38.445423,25.000000,13.445423,0.000000,-38.390846,1.000000,0.321938,0.000001915,
1865800,38.445423,25.250000,13.195423,0.000000,-38.390846,1.000000,0.321760,0.000001929,
1865900,38.445423,25.250000,13.195423,0.000000,-38.390846,1.000000,0.321620,0.000001917,
1866000,38.472710,25.250000,13.222710,0.000000,-38.390846,1.000000,0.321512,0.000001920,
1866100,38.472710,25.000000,13.472710,0.000000,-38.472710,1.000000,0.321410,0.000001943,
1866200,38.472710,25.000000,13.472710,0.000000,-38.472710,1.000000,0.321226,0.000001948,
1866300,38.111355,25.000000,13.111355,0.000000,-38.472710,1.000000,0.321117,0.000001926,
1866400,38.111355,25.500000,12.611355,0.000000,-38.472710,1.000000,0.320999,0.000001950,
1866500,38.111355,25.500000,12.611355,0.000000,-38.111355,1.000000,0.320894,0.000001943,
1866600,38.180679,25.500000,12.680679,0.000000,-38.111355,1.000000,0.320770,0.000001954,
1866700,38.180679,25.500000,12.680679,0.000000,-38.111355,1.000000,0.320661,0.000001947,
1866800,38.180679,25.500000,12.680679,0.000000,-38.111355,1.000000,0.320595,0.000001925,
1866900,38.215340,25.500000,12.715340,0.000000,-38.180679,1.000000,0.320480,0.000001929,
1867000,38.215340,25.250000,12.965340,0.000000,-38.180679,1.000000,0.320362,0.000001940,
1867100,38.215340,25.250000,12.965340,0.000000,-38.180679,1.000000,0.320249,0.000001961,
1867200,38.107670,25.250000,12.857670,0.000000,-38.180679,1.000000,0.320097,0.000001967,
1867300,38.107670,24.750000,13.357670,0.000000,-38.107670,1.000000,0.320009,0.000001967,
1867400,38.107670,24.750000,13.357670,0.000000,-38.107670,1.000000,0.319873,0.000001972,
1867500,38.303833,24.750000,13.553833,0.000000,-38.107670,1.000000,0.319790,0.000001982,
1867600,38.303833,25.250000,13.053833,0.000000,-38.107670,1.000000,0.319646,0.000001975,
1867700,38.303833,25.250000,13.053833,0.000000,-38.303833,1.000000,0.319510,0.000001972,
1867800,38.276917,25.250000,13.026917,0.000000,-38.303833,1.000000,0.319410,0.000001962,
1867900,38.276917,25.250000,13.026917,0.000000,-38.303833,1.000000,0.319258,0.000001979,
1868000,38.276917,25.250000,13.026917,0.000000,-38.303833,1.000000,0.319167,0.000001970,
1868100,38.138458,25.250000,12.888458,0.000000,-38.276917,1.000000,0.319064,0.000001997,
1868200,38.138458,24.250000,13.888458,0.000000,-38.276917,1.000000,0.318965,0.000001976,
1868300,38.138458,24.250000,13.888458,0.000000,-38.276917,1.000000,0.318803,0.000001959,
1868400,38.069229,24.250000,13.819229,0.000000,-38.276917,1.000000,0.318717,0.000001968,
1868500,38.069229,25.750000,12.319229,0.000000,-38.069229,1.000000,0.318581,0.000001986,
1868600,38.069229,25.750000,12.319229,0.000000,-38.069229,1.000000,0.318437,0.000002007,
1868700,38.159615,25.750000,12.409615,0.000000,-38.069229,1.000000,0.318354,0.000002005,
1868800,38.204807,25.750000,12.454807,0.000000,-38.069229,1.000000,0.318235,0.000002022,
1868900,38.204807,25.250000,12.954807,0.000000,-38.204807,1.000000,0.318173,0.000002024,
1869000,38.204807,25.250000,12.954807,0.000000,-38.204807,1.000000,0.318006,0.000002009,
1869100,37.977402,25.250000,12.727402,0.000000,-38.204807,1.000000,0.317888,0.000002012,
1869200,37.977402,25.250000,12.727402,0.000000,-38.204807,1.000000,0.317822,0.000001975,
1869300,37.977402,25.250000,12.727402,0.000000,-37.977402,1.000000,0.317705,0.000001955,
1869400,37.988701,25.250000,12.738701,0.000000,-37.977402,1.000000,0.317602,0.000001958,
1869500,37.988701,25.250000,12.738701,0.000000,-37.977402,1.000000,0.317490,0.000001971,
1869600,37.988701,25.250000,12.738701,0.000000,-37.977402,1.000000,0.317400,0.000001974,
1869700,38.244350,25.250000,12.994350,0.000000,-37.988701,1.000000,0.317280,0.000001970,
1869800,38.244350,24.750000,13.494350,0.000000,-37.988701,1.000000,0.317134,0.000001971,
1869900,38.244350,24.750000,13.494350,0.000000,-37.988701,1.000000,0.317031,0.000001960,
1870000,38.247177,24.750000,13.497177,0.000000,-37.988701,1.000000,0.316949,0.000001938,
1870100,38.247177,25.500000,12.747177,0.000000,-38.247177,1.000000,0.316835,0.000001938,
1870200,38.247177,25.500000,12.747177,0.000000,-38.247177,1.000000,0.316715,0.000001961,
1870300,38.248589,25.500000,12.748589,0.000000,-38.247177,1.000000,0.316634,0.000001937,
1870400,38.248589,25.500000,12.748589,0.000000,-38.247177,1.000000,0.316530,0.000001953,
1870500,38.248589,25.500000,12.748589,0.000000,-38.248589,1.000000,0.316415,0.000001968,
1870600,38.249294,25.500000,12.749294,0.000000,-38.248589,1.000000,0.316309,0.000001973,
1870700,38.249294,25.500000,12.749294,0.000000,-38.248589,1.000000,0.316185,0.000001982,
1870800,38.249294,25.500000,12.749294,0.000000,-38.248589,1.000000,0.316063,0.000001984,
1870900,38.249649,25.500000,12.749649,0.000000,-38.249294,1.000000,0.315961,0.000001984,
1871000,38.249649,25.000000,13.249649,0.000000,-38.249294,1.000000,0.315875,0.000001995,
1871100,38.249649,25.000000,13.249649,0.000000,-38.249294,1.000000,0.315743,0.000001965,
1871200,38.249825,25.000000,13.249825,0.000000,-38.249294,1.000000,0.315651,0.000001953,
1871300,38.249825,24.750000,13.499825,0.000000,-38.249825,1.000000,0.315523,0.000001958,
1871400,38.249825,24.750000,13.499825,0.000000,-38.249825,1.000000,0.315371,0.000001957,
1871500,38.249912,24.750000,13.499912,0.000000,-38.249825,1.000000,0.315267,0.000001934,
1871600,38.249912,25.000000,13.249912,0.000000,-38.249825,1.000000,0.315153,0.000001919,
1871700,38.249912,25.000000,13.249912,0.000000,-38.249912,1.000000,0.315064,0.000001931,
1871800,38.374954,25.000000,13.374954,0.000000,-38.249912,1.000000,0.315005,0.000001935,
1871900,38.374954,25.000000,13.374954,0.000000,-38.249912,1.000000,0.314913,0.000001914,
1872000,38.374954,25.000000,13.374954,0.000000,-38.249912,1.000000,0.314821,0.000001885,
1872100,38.312477,25.000000,13.312477,0.000000,-38.374954,1.000000,0.314793,0.000001913,
1872200,38.312477,25.250000,13.062477,0.000000,-38.374954,1.000000,0.314692,0.000001942,
1872300,38.312477,25.250000,13.062477,0.000000,-38.374954,1.000000,0.314628,0.000001935,
1872400,38.281239,25.250000,13.031239,0.000000,-38.374954,1.000000,0.314521,0.000001959,
1872500,38.281239,25.250000,13.031239,0.000000,-38.281239,1.000000,0.314408,0.000001950,
1872600,38.281239,25.250000,13.031239,0.000000,-38.281239,1.000000,0.314253,0.000001940,
1872700,38.140617,25.250000,12.890617,0.000000,-38.281239,1.000000,0.314085,0.000001968,
1872800,38.140617,25.000000,13.140617,0.000000,-38.281239,1.000000,0.313967,0.000001988,
1872900,38.140617,25.000000,13.140617,0.000000,-38.140617,1.000000,0.313858,0.000001959,
1873000,38.070309,25.000000,13.070309,0.000000,-38.140617,1.000000,0.313720,0.000001962,
1873100,38.070309,25.250000,12.820309,0.000000,-38.140617,1.000000,0.313616,0.000001943,
1873200,38.070309,25.250000,12.820309,0.000000,-38.140617,1.000000,0.313461,0.000001935,
1873300,38.035156,25.250000,12.785156,0.000000,-38.070309,1.000000,0.313326,0.000001953,
1873400,38.035156,24.750000,13.285156,0.000000,-38.070309,1.000000,0.313253,0.000001999,
1873500,38.035156,24.750000,13.285156,0.000000,-38.070309,1.000000,0.313121,0.000001992,
1873600,38.017578,24.750000,13.267578,0.000000,-38.070309,1.000000,0.312964,0.000001966,
1873700,38.017578,25.250000,12.767578,0.000000,-38.017578,1.000000,0.312857,0.000001958,
1873800,38.017578,25.250000,12.767578,0.000000,-38.017578,1.000000,0.312712,0.000001954,
1873900,38.008789,25.250000,12.758789,0.000000,-38.017578,1.000000,0.312599,0.000001972,
1874000,38.008789,25.500000,12.508789,0.000000,-38.017578,1.000000,0.312488,0.000002012,
1874100,38.008789,25.500000,12.508789,0.000000,-38.008789,1.000000,0.312335,0.000001984,
1874200,38.129395,25.500000,12.629395,0.000000,-38.008789,1.000000,0.312236,0.000001990,
1874300,38.129395,25.250000,12.879395,0.000000,-38.008789,1.000000,0.312093,0.000002004,
1874400,38.129395,25.250000,12.879395,0.000000,-38.008789,1.000000,0.311962,0.000001994,
1874500,38.064697,25.250000,12.814697,0.000000,-38.129395,1.000000,0.311860,0.000001962,
1874600,38.064697,25.500000,12.564697,0.000000,-38.129395,1.000000,0.311749,0.000001983,
1874700,38.064697,25.500000,12.564697,0.000000,-38.129395,1.000000,0.311649,0.000001963,
1874800,37.907349,25.500000,12.407349,0.000000,-38.129395,1.000000,0.311541,0.000001943,
1874900,37.907349,25.250000,12.657349,0.000000,-37.907349,1.000000,0.311469,0.000001941,
1875000,37.907349,25.250000,12.657349,0.000000,-37.907349,1.000000,0.311367,0.000001925,
1875100,37.953674,25.250000,12.703674,0.000000,-37.907349,1.000000,0.311285,0.000001950,
1875200,37.953674,25.500000,12.453674,0.000000,-37.907349,1.000000,0.311162,0.000001970,
1875300,37.953674,25.500000,12.453674,0.000000,-37.953674,1.000000,0.311067,0.000001971,
1875400,37.976837,25.500000,12.476837,0.000000,-37.953674,1.000000,0.310902,0.000001965,
1875500,37.976837,25.250000,12.726837,0.000000,-37.953674,1.000000,0.310796,0.000001958,
1875600,37.976837,25.250000,12.726837,0.000000,-37.953674,1.000000,0.310675,0.000001971,
1875700,37.863419,25.250000,12.613419,0.000000,-37.976837,1.000000,0.310552,0.000001949,
1875800,37.863419,25.500000,12.363419,0.000000,-37.976837,1.000000,0.310481,0.000001951,
1875900,37.863419,25.500000,12.363419,0.000000,-37.976837,1.000000,0.310356,0.000001968,
1876000,37.806709,25.500000,12.306709,0.000000,-37.976837,1.000000,0.310272,0.000001975,
1876100,37.806709,25.000000,12.806709,0.000000,-37.806709,1.000000,0.310146,0.000001954,
1876200,37.806709,25.000000,12.806709,0.000000,-37.806709,1.000000,0.310050,0.000001971,
1876300,37.903355,25.000000,12.903355,0.000000,-37.806709,1.000000,0.309895,0.000001967,
1876400,37.903355,25.250000,12.653355,0.000000,-37.806709,1.000000,0.309794,0.000001994,
1876500,37.903355,25.250000,12.653355,0.000000,-37.903355,1.000000,0.309750,0.000002001,
1876600,37.826675,25.250000,12.576675,0.000000,-37.903355,1.000000,0.309625,0.000002008,
1876700,37.826675,25.250000,12.576675,0.000000,-37.903355,1.000000,0.309444,0.000001985,
1876800,37.826675,25.250000,12.576675,0.000000,-37.903355,1.000000,0.309363,0.000001975,
1876900,37.788338,25.250000,12.538338,0.000000,-37.826675,1.000000,0.309250,0.000001974,
1877000,37.788338,25.250000,12.538338,0.000000,-37.826675,1.000000,0.309140,0.000001934,
1877100,37.788338,25.250000,12.538338,0.000000,-37.826675,1.000000,0.309024,0.000001930,
1877200,37.769169,25.250000,12.519169,0.000000,-37.826675,1.000000,0.308878,0.000001971,
1877300,37.769169,25.250000,12.519169,0.000000,-37.769169,1.000000,0.308710,0.000001955,
1877400,37.769169,25.250000,12.519169,0.000000,-37.769169,1.000000,0.308556,0.000001969,
1877500,37.759583,25.250000,12.509583,0.000000,-37.769169,1.000000,0.308419,0.000001963,
1877600,37.759583,25.000000,12.759583,0.000000,-37.769169,1.000000,0.308276,0.000001942,
1877700,37.759583,25.000000,12.759583,0.000000,-37.759583,1.000000,0.308161,0.000001948,
1877800,37.754791,25.000000,12.754791,0.000000,-37.759583,1.000000,0.308049,0.000001935,
1877900,37.754791,25.000000,12.754791,0.000000,-37.759583,1.000000,0.307875,0.000001955,
1878000,37.754791,25.000000,12.754791,0.000000,-37.759583,1.000000,0.307751,0.000001949,
1878100,37.752396,25.000000,12.752396,0.000000,-37.754791,1.000000,0.307567,0.000001988,
1878200,37.752396,25.250000,12.502396,0.000000,-37.754791,1.000000,0.307542,0.000001993,
1878300,37.752396,25.250000,12.502396,0.000000,-37.754791,1.000000,0.307436,0.000001975,
1878400,37.876198,25.250000,12.626198,0.000000,-37.754791,1.000000,0.307315,0.000001960,
1878500,37.876198,25.250000,12.626198,0.000000,-37.876198,1.000000,0.307231,0.000001951,
1878600,37.876198,25.250000,12.626198,0.000000,-37.876198,1.000000,0.307079,0.000001939,
1878700,37.938099,25.250000,12.688099,0.000000,-37.876198,1.000000,0.306928,0.000001918,
1878800,37.938099,25.250000,12.688099,0.000000,-37.876198,1.000000,0.306799,0.000001929,
1878900,37.938099,25.250000,12.688099,0.000000,-37.938099,1.000000,0.306640,0.000001932,
1879000,37.844048,25.250000,12.594048,0.000000,-37.938099,1.000000,0.306506,0.000001925,
1879100,37.844048,25.250000,12.594048,0.000000,-37.938099,1.000000,0.306396,0.000001931,
1879200,37.844048,25.250000,12.594048,0.000000,-37.938099,1.000000,0.306280,0.000001911,
1879300,37.672024,25.250000,12.422024,0.000000,-37.844048,1.000000,0.306135,0.000001924,
1879400,37.672024,25.500000,12.172024,0.000000,-37.844048,1.000000,0.306036,0.000001929,
1879500,37.672024,25.500000,12.172024,0.000000,-37.844048,1.000000,0.305934,0.000001970,
1879600,37.836014,25.500000,12.336014,0.000000,-37.844048,1.000000,0.305822,0.000001941,
1879700,37.836014,25.250000,12.586014,0.000000,-37.836014,1.000000,0.305720,0.000001925,
1879800,37.836014,25.250000,12.586014,0.000000,-37.836014,1.000000,0.305603,0.000001950,
1879900,37.668007,25.250000,12.418007,0.000000,-37.836014,1.000000,0.305537,0.000001943,
1880000,37.668007,24.750000,12.918007,0.000000,-37.836014,1.000000,0.305414,0.000001948,
1880100,37.668007,24.750000,12.918007,0.000000,-37.668007,1.000000,0.305285,0.000001932,
1880200,37.709003,24.750000,12.959003,0.000000,-37.668007,1.000000,0.305179,0.000001943,
1880300,37.709003,25.250000,12.459003,0.000000,-37.668007,1.000000,0.305065,0.000001933,
1880400,37.709003,25.250000,12.459003,0.000000,-37.668007,1.000000,0.305017,0.000001929,
1880500,37.729500,25.250000,12.479500,0.000000,-37.709003,1.000000,0.304900,0.000001943,
1880600,37.729500,25.250000,12.479500,0.000000,-37.709003,1.000000,0.304749,0.000001958,
1880700,37.729500,25.250000,12.479500,0.000000,-37.709003,1.000000,0.304628,0.000001981,
1880800,37.739750,25.250000,12.489750,0.000000,-37.709003,1.000000,0.304523,0.000001990,
1880900,37.739750,25.000000,12.739750,0.000000,-37.739750,1.000000,0.304399,0.000001987,
1881000,37.739750,25.000000,12.739750,0.000000,-37.739750,1.000000,0.304257,0.000001989,
1881100,37.744873,25.000000,12.744873,0.000000,-37.739750,1.000000,0.304129,0.000002003,
1881300,37.744873,25.000000,12.744873,0.000000,-37.744873,1.000000,0.303985,0.000001977,
1881400,37.747437,25.000000,12.747437,0.000000,-37.744873,1.000000,0.303900,0.000001946,
1881500,37.747437,25.250000,12.497437,0.000000,-37.744873,1.000000,0.303828,0.000001937,
1881600,37.747437,25.250000,12.497437,0.000000,-37.744873,1.000000,0.303722,0.000001938,
1881700,37.498718,25.250000,12.248718,0.000000,-37.747437,1.000000,0.303623,0.000001948,
1881800,37.498718,25.250000,12.248718,0.000000,-37.747437,1.000000,0.303553,0.000001958,
1881900,37.498718,25.250000,12.248718,0.000000,-37.747437,1.000000,0.303406,0.000001946,
1882000,37.374359,25.250000,12.124359,0.000000,-37.747437,1.000000,0.303284,0.000001967,
1882100,37.374359,25.500000,11.874359,0.000000,-37.374359,1.000000,0.303159,0.000001936,
1882200,37.374359,25.500000,11.874359,0.000000,-37.374359,1.000000,0.303044,0.000001925,
1882300,37.687180,25.500000,12.187180,0.000000,-37.374359,1.000000,0.302935,0.000001939,
1882400,37.687180,25.250000,12.437180,0.000000,-37.374359,1.000000,0.302794,0.000001965,
1882500,37.687180,25.250000,12.437180,0.000000,-37.687180,1.000000,0.302661,0.000001936,
1882600,37.468590,25.250000,12.218590,0.000000,-37.687180,1.000000,0.302530,0.000001956,
1882700,37.468590,25.000000,12.468590,0.000000,-37.687180,1.000000,0.302401,0.000001959,
1882800,37.468590,25.000000,12.468590,0.000000,-37.687180,1.000000,0.302313,0.000001952,
1882900,37.359295,25.000000,12.359295,0.000000,-37.468590,1.000000,0.302214,0.000001948,
1883000,37.359295,25.500000,11.859295,0.000000,-37.468590,1.000000,0.302141,0.000001976,
1883100,37.359295,25.500000,11.859295,0.000000,-37.468590,1.000000,0.302037,0.000001967,
1883200,37.429649,25.500000,11.929649,0.000000,-37.468590,1.000000,0.301956,0.000001989,
1883300,37.429649,24.750000,12.679649,0.000000,-37.429649,1.000000,0.301846,0.000002009,
1883400,37.429649,24.750000,12.679649,0.000000,-37.429649,1.000000,0.301723,0.000002041,
1883500,37.589825,24.750000,12.839825,0.000000,-37.429649,1.000000,0.301652,0.000002027,
1883600,37.589825,25.000000,12.589825,0.000000,-37.429649,1.000000,0.301522,0.000002018,
1883700,37.589825,25.000000,12.589825,0.000000,-37.589825,1.000000,0.301412,0.000001991,
1883800,37.419914,25.000000,12.419914,0.000000,-37.589825,1.000000,0.301340,0.000001971,
1883900,37.419914,25.500000,11.919914,0.000000,-37.589825,1.000000,0.301194,0.000001992,
1884000,37.419914,25.500000,11.919914,0.000000,-37.589825,1.000000,0.301075,0.000001961,
1884100,37.584957,25.500000,12.084957,0.000000,-37.419914,1.000000,0.301004,0.000001955,
1884200,37.584957,25.000000,12.584957,0.000000,-37.419914,1.000000,0.300895,0.000001942,
1884300,37.584957,25.000000,12.584957,0.000000,-37.419914,1.000000,0.300817,0.000001955,
1884400,37.542480,25.000000,12.542480,0.000000,-37.419914,1.000000,0.300713,0.000001969,
1884500,37.542480,24.750000,12.792480,0.000000,-37.542480,1.000000,0.300611,0.000001949,
1884600,37.542480,24.750000,12.792480,0.000000,-37.542480,1.000000,0.300525,0.000001945,
1884700,37.521240,24.750000,12.771240,0.000000,-37.542480,1.000000,0.300415,0.000001916,
1884800,37.521240,25.500000,12.021240,0.000000,-37.542480,1.000000,0.300326,0.000001887,
1884900,37.521240,25.500000,12.021240,0.000000,-37.521240,1.000000,0.300211,0.000001905,
1885000,37.510620,25.500000,12.010620,0.000000,-37.521240,1.000000,0.300057,0.000001889,
1885100,37.510620,25.250000,12.260620,0.000000,-37.521240,1.000000,0.299950,0.000001926,
1885200,37.510620,25.250000,12.260620,0.000000,-37.521240,1.000000,0.299822,0.000001936,
1885300,37.505310,25.250000,12.255310,0.000000,-37.510620,1.000000,0.299713,0.000001959,
1885400,37.505310,25.000000,12.505310,0.000000,-37.510620,1.000000,0.299590,0.000001963,
1885500,37.505310,25.000000,12.505310,0.000000,-37.510620,1.000000,0.299479,0.000001964,
1885600,37.502655,25.000000,12.502655,0.000000,-37.510620,1.000000,0.299381,0.000001972,
1885700,37.502655,25.500000,12.002655,0.000000,-37.502655,1.000000,0.299288,0.000001941,
1885800,37.502655,25.500000,12.002655,0.000000,-37.502655,1.000000,0.299235,0.000001932,
1885900,37.501328,25.500000,12.001328,0.000000,-37.502655,1.000000,0.299088,0.000001929,
1886000,37.501328,25.250000,12.251328,0.000000,-37.502655,1.000000,0.298960,0.000001950,
1886100,37.501328,25.250000,12.251328,0.000000,-37.501328,1.000000,0.298864,0.000001922,
1886200,37.375664,25.250000,12.125664,0.000000,-37.501328,1.000000,0.298828,0.000001934,
1886300,37.375664,24.750000,12.625664,0.000000,-37.501328,1.000000,0.298721,0.000001955,
1886400,37.375664,24.750000,12.625664,0.000000,-37.501328,1.000000,0.298561,0.000001962,
1886500,37.437832,24.750000,12.687832,0.000000,-37.375664,1.000000,0.298447,0.000001964,
1886600,37.437832,25.500000,11.937832,0.000000,-37.375664,1.000000,0.298339,0.000001984,
1886700,37.437832,25.500000,11.937832,0.000000,-37.375664,1.000000,0.298258,0.000001989,
1886800,37.468918,25.500000,11.968918,0.000000,-37.375664,1.000000,0.298112,0.000002001,
1886900,37.468918,25.250000,12.218918,0.000000,-37.468918,1.000000,0.298017,0.000002023,
1887000,37.468918,25.250000,12.218918,0.000000,-37.468918,1.000000,0.297917,0.000002023,
1887100,37.484459,25.250000,12.234459,0.000000,-37.468918,1.000000,0.297827,0.000002016,
1887200,37.484459,25.250000,12.234459,0.000000,-37.468918,1.000000,0.297707,0.000002026,
1887300,37.484459,25.250000,12.234459,0.000000,-37.484459,1.000000,0.297618,0.000002017,
1887400,37.492229,25.250000,12.242229,0.000000,-37.484459,1.000000,0.297489,0.000002028,
1887500,37.492229,25.250000,12.242229,0.000000,-37.484459,1.000000,0.297425,0.000002024,
1887600,37.492229,25.250000,12.242229,0.000000,-37.484459,1.000000,0.297333,0.000001992,
1887700,37.371117,25.250000,12.121117,0.000000,-37.492229,1.000000,0.297241,0.000001989,
1887800,37.371117,25.500000,11.871117,0.000000,-37.492229,1.000000,0.297200,0.000001950,
1887900,37.371117,25.500000,11.871117,0.000000,-37.492229,1.000000,0.297086,0.000001953,
1888000,37.310558,25.500000,11.810558,0.000000,-37.492229,1.000000,0.296976,0.000001919,
1888100,37.310558,25.000000,12.310558,0.000000,-37.310558,1.000000,0.296935,0.000001906,
1888200,37.310558,25.000000,12.310558,0.000000,-37.310558,1.000000,0.296818,0.000001881,
1888300,37.405281,25.000000,12.405281,0.000000,-37.310558,1.000000,0.296694,0.000001890,
1888400,37.405281,25.250000,12.155281,0.000000,-37.310558,1.000000,0.296547,0.000001907,
1888500,37.405281,25.250000,12.155281,0.000000,-37.405281,1.000000,0.296448,0.000001915,
1888600,37.077641,25.250000,11.827641,0.000000,-37.405281,1.000000,0.296384,0.000001898,
1888700,37.077641,25.250000,11.827641,0.000000,-37.405281,1.000000,0.296260,0.000001893,
1888800,37.077641,25.250000,11.827641,0.000000,-37.405281,1.000000,0.296146,0.000001885,
1888900,37.288818,25.250000,12.038818,0.000000,-37.077641,1.000000,0.296055,0.000001896,
1889000,37.288818,25.250000,12.038818,0.000000,-37.077641,1.000000,0.295984,0.000001910,
1889100,37.288818,25.250000,12.038818,0.000000,-37.077641,1.000000,0.295857,0.000001934,
1889200,37.269409,25.250000,12.019409,0.000000,-37.077641,1.000000,0.295778,0.000001941,
1889300,37.269409,25.000000,12.269409,0.000000,-37.269409,1.000000,0.295651,0.000001928,
1889400,37.269409,25.000000,12.269409,0.000000,-37.269409,1.000000,0.295498,0.000001930,
1889500,37.259705,25.000000,12.259705,0.000000,-37.269409,1.000000,0.295359,0.000001887,
1889600,37.259705,25.250000,12.009705,0.000000,-37.269409,1.000000,0.295241,0.000001893,
1889700,37.259705,25.250000,12.009705,0.000000,-37.259705,1.000000,0.295125,0.000001897,
1889800,37.254852,25.250000,12.004852,0.000000,-37.259705,1.000000,0.294981,0.000001885,
1889900,37.254852,25.500000,11.754852,0.000000,-37.259705,1.000000,0.294856,0.000001868,
1890000,37.254852,25.500000,11.754852,0.000000,-37.259705,1.000000,0.294793,0.000001838,
1890100,37.002426,25.500000,11.502426,0.000000,-37.254852,1.000000,0.294727,0.000001834,
1890200,37.002426,25.500000,11.502426,0.000000,-37.254852,1.000000,0.294637,0.000001845,
1890300,37.002426,25.500000,11.502426,0.000000,-37.254852,1.000000,0.294524,0.000001876,
1890400,37.376213,25.500000,11.876213,0.000000,-37.254852,1.000000,0.294494,0.000001913,
1890500,37.376213,25.250000,12.126213,0.000000,-37.376213,1.000000,0.294343,0.000001900,
1890600,37.376213,25.250000,12.126213,0.000000,-37.376213,1.000000,0.294223,0.000001905,
1890700,37.313107,25.250000,12.063107,0.000000,-37.376213,1.000000,0.294116,0.000001924,
1890800,37.313107,25.000000,12.313107,0.000000,-37.376213,1.000000,0.293982,0.000001921,
1890900,37.313107,25.000000,12.313107,0.000000,-37.313107,1.000000,0.293921,0.000001926,
1891000,37.281555,25.000000,12.281555,0.000000,-37.313107,1.000000,0.293821,0.000001947,
1891100,37.281555,25.250000,12.031555,0.000000,-37.313107,1.000000,0.293690,0.000001961,
1891200,37.281555,25.250000,12.031555,0.000000,-37.313107,1.000000,0.293579,0.000002003,
1891300,37.265778,25.250000,12.015778,0.000000,-37.281555,1.000000,0.293456,0.000002002,
1891400,37.265778,25.250000,12.015778,0.000000,-37.281555,1.000000,0.293357,0.000001975,
1891500,37.265778,25.250000,12.015778,0.000000,-37.281555,1.000000,0.293225,0.000001960,
1891600,37.257889,25.250000,12.007889,0.000000,-37.281555,1.000000,0.293131,0.000001970,
1891700,37.257889,25.000000,12.257889,0.000000,-37.257889,1.000000,0.293021,0.000001974,
1891800,37.257889,25.000000,12.257889,0.000000,-37.257889,1.000000,0.292911,0.000001944,
1891900,37.253944,25.000000,12.253944,0.000000,-37.257889,1.000000,0.292808,0.000001960,
1892000,37.253944,25.250000,12.003944,0.000000,-37.257889,1.000000,0.292732,0.000001982,
1892100,37.253944,25.250000,12.003944,0.000000,-37.253944,1.000000,0.292576,0.000002008,
1892200,37.126972,25.250000,11.876972,0.000000,-37.253944,1.000000,0.292470,0.000002031,
1892300,37.126972,25.000000,12.126972,0.000000,-37.253944,1.000000,0.292398,0.000001999,
1892400,37.126972,25.000000,12.126972,0.000000,-37.253944,1.000000,0.292299,0.000002007,
1892500,37.063484,25.000000,12.063484,0.000000,-37.126972,1.000000,0.292201,0.000002005,
1892600,37.063484,25.250000,11.813484,0.000000,-37.126972,1.000000,0.292083,0.000002027,
1892700,37.063484,25.250000,11.813484,0.000000,-37.126972,1.000000,0.291985,0.000002030,
1892800,37.031742,25.250000,11.781742,0.000000,-37.126972,1.000000,0.291883,0.000002017,
1892900,37.031742,25.250000,11.781742,0.000000,-37.031742,1.000000,0.291764,0.000002008,
1893000,37.031742,25.250000,11.781742,0.000000,-37.031742,1.000000,0.291654,0.000002006,
1893100,37.140869,25.250000,11.890869,0.000000,-37.031742,1.000000,0.291506,0.000002009,
1893200,37.140869,25.500000,11.640869,0.000000,-37.031742,1.000000,0.291408,0.000002011,
1893300,37.140869,25.500000,11.640869,0.000000,-37.140869,1.000000,0.291286,0.000002021,
1893400,37.195435,25.500000,11.695435,0.000000,-37.140869,1.000000,0.291186,0.000002022,
1893500,37.195435,25.250000,11.945435,0.000000,-37.140869,1.000000,0.291080,0.000001997,
1893600,37.195435,25.250000,11.945435,0.000000,-37.140869,1.000000,0.290968,0.000001973,
1893700,37.222717,25.250000,11.972717,0.000000,-37.195435,1.000000,0.290870,0.000001981,
1893800,37.222717,25.000000,12.222717,0.000000,-37.195435,1.000000,0.290793,0.000001995,
1893900,37.222717,25.000000,12.222717,0.000000,-37.195435,1.000000,0.290728,0.000001948,
1894000,37.236359,25.000000,12.236359,0.000000,-37.195435,1.000000,0.290688,0.000001955,
1894100,37.236359,25.000000,12.236359,0.000000,-37.236359,1.000000,0.290563,0.000001963,
1894200,37.236359,25.000000,12.236359,0.000000,-37.236359,1.000000,0.290478,0.000001961,
1894300,37.118179,25.000000,12.118179,0.000000,-37.236359,1.000000,0.290360,0.000001982,
1894400,37.059090,25.000000,12.059090,0.000000,-37.236359,1.000000,0.290266,0.000001958,
1894500,37.059090,25.000000,12.059090,0.000000,-37.059090,1.000000,0.290160,0.000001941,
1894600,37.059090,25.000000,12.059090,0.000000,-37.059090,1.000000,0.290115,0.000001955,
1894700,37.029545,25.000000,12.029545,0.000000,-37.059090,1.000000,0.289978,0.000001955,
1894800,37.029545,25.500000,11.529545,0.000000,-37.059090,1.000000,0.289856,0.000001960,
1894900,37.029545,25.500000,11.529545,0.000000,-37.029545,1.000000,0.289780,0.000001967,
1895000,37.014771,25.500000,11.514771,0.000000,-37.029545,1.000000,0.289660,0.000001976,
1895100,37.014771,25.250000,11.764771,0.000000,-37.029545,1.000000,0.289623,0.000001954,
1895200,37.014771,25.250000,11.764771,0.000000,-37.029545,1.000000,0.289574,0.000001937,
1895300,36.882385,25.250000,11.632385,0.000000,-37.014771,1.000000,0.289502,0.000001935,
1895400,36.882385,25.000000,11.882385,0.000000,-37.014771,1.000000,0.289380,0.000001931,
1895500,36.882385,25.000000,11.882385,0.000000,-37.014771,1.000000,0.289333,0.000001933,
1895600,36.941193,25.000000,11.941193,0.000000,-37.014771,1.000000,0.289236,0.000001918,
1895700,36.941193,25.250000,11.691193,0.000000,-36.941193,1.000000,0.289100,0.000001923,
1895800,36.941193,25.250000,11.691193,0.000000,-36.941193,1.000000,0.288944,0.000001927,
1895900,36.970596,25.250000,11.720596,0.000000,-36.941193,1.000000,0.288847,0.000001937,
1896000,36.970596,25.250000,11.720596,0.000000,-36.941193,1.000000,0.288725,0.000001969,
1896100,36.970596,25.250000,11.720596,0.000000,-36.970596,1.000000,0.288624,0.000001968,
1896200,36.985298,25.250000,11.735298,0.000000,-36.970596,1.000000,0.288523,0.000001981,
1896300,36.985298,25.250000,11.735298,0.000000,-36.970596,1.000000,0.288397,0.000001972,
1896400,36.985298,25.250000,11.735298,0.000000,-36.970596,1.000000,0.288306,0.000001979,
1896500,36.867649,25.250000,11.617649,0.000000,-36.985298,1.000000,0.288200,0.000001967,
1896600,36.867649,25.000000,11.867649,0.000000,-36.985298,1.000000,0.288085,0.000001946,
1896700,36.867649,25.000000,11.867649,0.000000,-36.985298,1.000000,0.288000,0.000001938,
1896800,36.933823,25.000000,11.933823,0.000000,-36.985298,1.000000,0.287983,0.000001943,
1896900,36.933823,25.000000,11.933823,0.000000,-36.933823,1.000000,0.287871,0.000001942,
1897000,36.933823,25.000000,11.933823,0.000000,-36.933823,1.000000,0.287764,0.000001944,
1897100,36.966911,25.000000,11.966911,0.000000,-36.933823,1.000000,0.287647,0.000001947,
1897200,36.966911,25.500000,11.466911,0.000000,-36.933823,1.000000,0.287574,0.000001950,
1897300,36.966911,25.500000,11.466911,0.000000,-36.966911,1.000000,0.287468,0.000001960,
1897400,36.983456,25.500000,11.483456,0.000000,-36.966911,1.000000,0.287369,0.000001973,
1897500,36.983456,25.000000,11.983456,0.000000,-36.966911,1.000000,0.287264,0.000001984,
1897600,36.983456,25.000000,11.983456,0.000000,-36.966911,1.000000,0.287092,0.000001962,
1897700,36.991730,25.000000,11.991730,0.000000,-36.983456,1.000000,0.287021,0.000001967,
1897800,36.991730,25.250000,11.741730,0.000000,-36.983456,1.000000,0.286951,0.000001961,
1897900,36.991730,25.250000,11.741730,0.000000,-36.983456,1.000000,0.286870,0.000001983,
1898000,36.995865,25.250000,11.745865,0.000000,-36.983456,1.000000,0.286814,0.000001971,
1898100,36.995865,25.250000,11.745865,0.000000,-36.995865,1.000000,0.286684,0.000001957,
1898200,36.995865,25.250000,11.745865,0.000000,-36.995865,1.000000,0.286554,0.000001952,
1898300,36.997932,25.250000,11.747932,0.000000,-36.995865,1.000000,0.286424,0.000001943,
1898400,36.997932,25.250000,11.747932,0.000000,-36.995865,1.000000,0.286291,0.000001956,
1898500,36.997932,25.250000,11.747932,0.000000,-36.997932,1.000000,0.286198,0.000001948,
1898600,36.623966,25.250000,11.373966,0.000000,-36.997932,1.000000,0.286173,0.000001926,
1898700,36.623966,25.000000,11.623966,0.000000,-36.997932,1.000000,0.286119,0.000001922,
1898800,36.623966,25.000000,11.623966,0.000000,-36.997932,1.000000,0.286041,0.000001924,
1898900,36.811981,25.000000,11.811981,0.000000,-36.623966,1.000000,0.285931,0.000001892,
1899000,36.811981,24.750000,12.061981,0.000000,-36.623966,1.000000,0.285842,0.000001891,
1899100,36.811981,24.750000,12.061981,0.000000,-36.623966,1.000000,0.285725,0.000001918,
1899200,36.905991,24.750000,12.155991,0.000000,-36.623966,1.000000,0.285583,0.000001927,
1899300,36.905991,25.000000,11.905991,0.000000,-36.905991,1.000000,0.285506,0.000001934,
1899400,36.905991,25.000000,11.905991,0.000000,-36.905991,1.000000,0.285428,0.000001958,
1899500,36.952995,25.000000,11.952995,0.000000,-36.905991,1.000000,0.285331,0.000001947,
1899600,36.952995,25.250000,11.702995,0.000000,-36.905991,1.000000,0.285187,0.000001948,
1899700,36.952995,25.250000,11.702995,0.000000,-36.952995,1.000000,0.285087,0.000001935,
1899800,36.851498,25.250000,11.601498,0.000000,-36.952995,1.000000,0.285022,0.000001947,
1899900,36.851498,24.750000,12.101498,0.000000,-36.952995,1.000000,0.284941,0.000001966,
1900000,36.851498,24.750000,12.101498,0.000000,-36.952995,1.000000,0.284841,0.000001944,
1900100,36.800751,24.750000,12.050751,0.000000,-36.851498,1.000000,0.284711,0.000002000,
1900200,36.800751,25.500000,11.300751,0.000000,-36.851498,1.000000,0.284600,0.000001966,
1900300,36.800751,25.500000,11.300751,0.000000,-36.851498,1.000000,0.284487,0.000001935,
1900400,36.775375,25.500000,11.275375,0.000000,-36.851498,1.000000,0.284406,0.000001946,
1900500,36.775375,25.250000,11.525375,0.000000,-36.775375,1.000000,0.284285,0.000001950,
1900600,36.775375,25.250000,11.525375,0.000000,-36.775375,1.000000,0.284174,0.000001952,
1900700,36.762688,25.250000,11.512688,0.000000,-36.775375,1.000000,0.284048,0.000001937,
1900800,36.762688,24.750000,12.012688,0.000000,-36.775375,1.000000,0.283953,0.000001959,
1900900,36.762688,24.750000,12.012688,0.000000,-36.762688,1.000000,0.283810,0.000001937,
1901000,36.631344,24.750000,11.881344,0.000000,-36.762688,1.000000,0.283731,0.000001953,
1901100,36.631344,25.250000,11.381344,0.000000,-36.762688,1.000000,0.283672,0.000001968,
1901200,36.631344,25.250000,11.381344,0.000000,-36.762688,1.000000,0.283566,0.000001989,
1901300,36.690674,25.250000,11.440674,0.000000,-36.631344,1.000000,0.283464,0.000002010,
1901400,36.690674,25.250000,11.440674,0.000000,-36.631344,1.000000,0.283385,0.000002019,
1901500,36.690674,25.250000,11.440674,0.000000,-36.631344,1.000000,0.283302,0.000002017,
1901600,36.845337,25.250000,11.595337,0.000000,-36.631344,1.000000,0.283182,0.000002065,
1901700,36.845337,25.250000,11.595337,0.000000,-36.845337,1.000000,0.283045,0.000002034,
1901800,36.845337,25.250000,11.595337,0.000000,-36.845337,1.000000,0.282964,0.000001989,
1901900,36.797668,25.250000,11.547668,0.000000,-36.845337,1.000000,0.282894,0.000001999,
1902000,36.797668,25.250000,11.547668,0.000000,-36.845337,1.000000,0.282771,0.000002000,
1902100,36.797668,25.250000,11.547668,0.000000,-36.797668,1.000000,0.282669,0.000001990,
1902200,36.773834,25.250000,11.523834,0.000000,-36.797668,1.000000,0.282532,0.000001974,
1902300,36.773834,25.250000,11.523834,0.000000,-36.797668,1.000000,0.282423,0.000001966,
1902400,36.773834,25.250000,11.523834,0.000000,-36.797668,1.000000,0.282279,0.000001953,
1902500,36.761917,25.250000,11.511917,0.000000,-36.773834,1.000000,0.282211,0.000001943,
1902600,36.761917,25.500000,11.261917,0.000000,-36.773834,1.000000,0.282080,0.000001938,
1902700,36.761917,25.500000,11.261917,0.000000,-36.773834,1.000000,0.281997,0.000001951,
1902800,36.755959,25.500000,11.255959,0.000000,-36.773834,1.000000,0.281904,0.000001989,
1902900,36.755959,25.250000,11.505959,0.000000,-36.755959,1.000000,0.281808,0.000001957,
1903000,36.755959,25.250000,11.505959,0.000000,-36.755959,1.000000,0.281715,0.000001941,
1903100,36.752979,25.250000,11.502979,0.000000,-36.755959,1.000000,0.281642,0.000001942,
1903200,36.752979,24.750000,12.002979,0.000000,-36.755959,1.000000,0.281545,0.000001935,
1903300,36.752979,24.750000,12.002979,0.000000,-36.752979,1.000000,0.281416,0.000001938,
1903500,36.751488,25.000000,11.751488,0.000000,-36.752979,1.000000,0.281180,0.000001949,
1903600,36.751488,25.000000,11.751488,0.000000,-36.752979,1.000000,0.281094,0.000001928,
1903700,36.750744,25.000000,11.750744,0.000000,-36.751488,1.000000,0.281003,0.000001931,
1903800,36.750744,25.000000,11.750744,0.000000,-36.751488,1.000000,0.280886,0.000001919,
1903900,36.750744,25.000000,11.750744,0.000000,-36.751488,1.000000,0.280772,0.000001912,
1904000,36.750374,25.000000,11.750374,0.000000,-36.751488,1.000000,0.280696,0.000001897,
1904100,36.750374,25.000000,11.750374,0.000000,-36.750374,1.000000,0.280649,0.000001921,
1904200,36.750374,25.000000,11.750374,0.000000,-36.750374,1.000000,0.280577,0.000001929,
1904300,36.625187,25.000000,11.625187,0.000000,-36.750374,1.000000,0.280469,0.000001921,
1904400,36.625187,25.250000,11.375187,0.000000,-36.750374,1.000000,0.280362,0.000001912,
1904500,36.625187,25.250000,11.375187,0.000000,-36.625187,1.000000,0.280234,0.000001899,
1904600,36.562592,25.250000,11.312592,0.000000,-36.625187,1.000000,0.280090,0.000001880,
1904700,36.562592,24.500000,12.062592,0.000000,-36.625187,1.000000,0.280009,0.000001865,
1904800,36.562592,24.500000,12.062592,0.000000,-36.625187,1.000000,0.279951,0.000001830,
1904900,36.656296,24.500000,12.156296,0.000000,-36.562592,1.000000,0.279850,0.000001835,
1905000,36.656296,25.000000,11.656296,0.000000,-36.562592,1.000000,0.279757,0.000001853,
1905100,36.656296,25.000000,11.656296,0.000000,-36.562592,1.000000,0.279660,0.000001877,
1905200,36.578148,25.000000,11.578148,0.000000,-36.562592,1.000000,0.279545,0.000001874,
1905300,36.578148,25.250000,11.328148,0.000000,-36.578148,1.000000,0.279450,0.000001889,
1905400,36.578148,25.250000,11.328148,0.000000,-36.578148,1.000000,0.279372,0.000001878,
1905500,36.664074,25.250000,11.414074,0.000000,-36.578148,1.000000,0.279277,0.000001885,
1905600,36.664074,25.000000,11.664074,0.000000,-36.578148,1.000000,0.279175,0.000001890,
1905700,36.664074,25.000000,11.664074,0.000000,-36.664074,1.000000,0.279042,0.000001897,
1905800,36.582039,25.000000,11.582039,0.000000,-36.664074,1.000000,0.278932,0.000001925,
1905900,36.582039,25.000000,11.582039,0.000000,-36.664074,1.000000,0.278848,0.000001949,
1906000,36.582039,25.000000,11.582039,0.000000,-36.664074,1.000000,0.278756,0.000001945,
1906100,36.666019,25.000000,11.666019,0.000000,-36.582039,1.000000,0.278619,0.000001967,
1906200,36.666019,25.250000,11.416019,0.000000,-36.582039,1.000000,0.278506,0.000001968,
1906300,36.666019,25.250000,11.416019,0.000000,-36.582039,1.000000,0.278430,0.000001956,
1906400,36.708008,25.250000,11.458008,0.000000,-36.582039,1.000000,0.278311,0.000001963,
1906500,36.708008,25.250000,11.458008,0.000000,-36.708008,1.000000,0.278232,0.000001983,
1906600,36.708008,25.250000,11.458008,0.000000,-36.708008,1.000000,0.278148,0.000001963,
1906700,36.729004,25.250000,11.479004,0.000000,-36.708008,1.000000,0.278022,0.000001948,
1906800,36.729004,25.500000,11.229004,0.000000,-36.708008,1.000000,0.277917,0.000001965,
1906900,36.729004,25.500000,11.229004,0.000000,-36.729004,1.000000,0.277856,0.000001953,
1907000,36.739502,25.500000,11.239502,0.000000,-36.729004,1.000000,0.277778,0.000001970,
1907100,36.739502,25.500000,11.239502,0.000000,-36.729004,1.000000,0.277708,0.000001954,
1907200,36.739502,25.500000,11.239502,0.000000,-36.729004,1.000000,0.277576,0.000001947,
1907300,36.744751,25.500000,11.244751,0.000000,-36.739502,1.000000,0.277500,0.000001948,
1907400,36.744751,24.750000,11.994751,0.000000,-36.739502,1.000000,0.277385,0.000001953,
1907500,36.744751,24.750000,11.994751,0.000000,-36.739502,1.000000,0.277305,0.000001967,
1907600,36.622375,24.750000,11.872375,0.000000,-36.739502,1.000000,0.277194,0.000001967,
1907700,36.622375,25.250000,11.372375,0.000000,-36.622375,1.000000,0.277059,0.000001971,
1907800,36.622375,25.250000,11.372375,0.000000,-36.622375,1.000000,0.276967,0.000001975,
1907900,36.561188,25.250000,11.311188,0.000000,-36.622375,1.000000,0.276868,0.000001977,
1908000,36.561188,24.750000,11.811188,0.000000,-36.622375,1.000000,0.276797,0.000001957,
1908100,36.561188,24.750000,11.811188,0.000000,-36.561188,1.000000,0.276678,0.000001979,
1908200,36.530594,24.750000,11.780594,0.000000,-36.561188,1.000000,0.276570,0.000001960,
1908300,36.530594,25.250000,11.280594,0.000000,-36.561188,1.000000,0.276460,0.000001987,
1908400,36.530594,25.250000,11.280594,0.000000,-36.561188,1.000000,0.276373,0.000001979,
1908500,36.515297,25.250000,11.265297,0.000000,-36.530594,1.000000,0.276301,0.000001972,
1908600,36.515297,25.250000,11.265297,0.000000,-36.530594,1.000000,0.276195,0.000002005,
1908700,36.515297,25.250000,11.265297,0.000000,-36.530594,1.000000,0.276142,0.000002015,
1908800,36.507648,25.250000,11.257648,0.000000,-36.530594,1.000000,0.276061,0.000002006,
1908900,36.507648,25.000000,11.507648,0.000000,-36.507648,1.000000,0.275935,0.000002011,
1909000,36.507648,25.000000,11.507648,0.000000,-36.507648,1.000000,0.275853,0.000002004,
1909100,36.253822,25.000000,11.253822,0.000000,-36.507648,1.000000,0.275770,0.000001989,
1909200,36.253822,25.000000,11.253822,0.000000,-36.507648,1.000000,0.275626,0.000001991,
1909300,36.253822,25.000000,11.253822,0.000000,-36.253822,1.000000,0.275544,0.000001990,
1909400,36.501911,25.000000,11.501911,0.000000,-36.253822,1.000000,0.275445,0.000001992,
1909500,36.501911,24.750000,11.751911,0.000000,-36.253822,1.000000,0.275344,0.000001990,
1909600,36.501911,24.750000,11.751911,0.000000,-36.253822,1.000000,0.275235,0.000001968,
1909700,36.500954,24.750000,11.750954,0.000000,-36.501911,1.000000,0.275202,0.000001930,
1909800,36.500954,25.000000,11.500954,0.000000,-36.501911,1.000000,0.275106,0.000001923,
1909900,36.500954,25.000000,11.500954,0.000000,-36.501911,1.000000,0.275037,0.000001940,
1910000,36.500477,25.000000,11.500477,0.000000,-36.501911,1.000000,0.274953,0.000001948,
1910100,36.500477,24.750000,11.750477,0.000000,-36.500477,1.000000,0.274903,0.000001938,
1910200,36.500477,24.750000,11.750477,0.000000,-36.500477,1.000000,0.274811,0.000001941,
1910300,36.500237,24.750000,11.750237,0.000000,-36.500477,1.000000,0.274711,0.000001951,
1910400,36.500237,25.250000,11.250237,0.000000,-36.500477,1.000000,0.274604,0.000001939,
1910500,36.500237,25.250000,11.250237,0.000000,-36.500237,1.000000,0.274547,0.000001907,
1910600,36.625118,25.250000,11.375118,0.000000,-36.500237,1.000000,0.274422,0.000001913,
1910700,36.625118,25.250000,11.375118,0.000000,-36.500237,1.000000,0.274317,0.000001920,
1910800,36.625118,25.250000,11.375118,0.000000,-36.500237,1.000000,0.274234,0.000001918,
1910900,36.562561,25.250000,11.312561,0.000000,-36.625118,1.000000,0.274168,0.000001929,
1911000,36.562561,25.500000,11.062561,0.000000,-36.625118,1.000000,0.274064,0.000001933,
1911100,36.562561,25.500000,11.062561,0.000000,-36.625118,1.000000,0.273969,0.000001956,
1911200,36.531281,25.500000,11.031281,0.000000,-36.625118,1.000000,0.273836,0.000001957,
1911300,36.531281,25.750000,10.781281,0.000000,-36.531281,1.000000,0.273761,0.000001953,
1911400,36.531281,25.750000,10.781281,0.000000,-36.531281,1.000000,0.273692,0.000001958,
1911500,36.515640,25.750000,10.765640,0.000000,-36.531281,1.000000,0.273594,0.000001937,
1911600,36.515640,25.250000,11.265640,0.000000,-36.531281,1.000000,0.273524,0.000001953,
1911700,36.515640,25.250000,11.265640,0.000000,-36.515640,1.000000,0.273446,0.000001943,
1911800,36.257820,25.250000,11.007820,0.000000,-36.515640,1.000000,0.273341,0.000001973,
1911900,36.257820,25.000000,11.257820,0.000000,-36.515640,1.000000,0.273217,0.000001959,
1912000,36.257820,25.000000,11.257820,0.000000,-36.515640,1.000000,0.273123,0.000001932,
1912100,36.378910,25.000000,11.378910,0.000000,-36.257820,1.000000,0.273031,0.000001951,
1912200,36.378910,25.250000,11.128910,0.000000,-36.257820,1.000000,0.272966,0.000001938,
1912300,36.378910,25.250000,11.128910,0.000000,-36.257820,1.000000,0.272866,0.000001929,
1912400,36.439453,25.250000,11.189453,0.000000,-36.257820,1.000000,0.272771,0.000001934,
1912500,36.439453,25.250000,11.189453,0.000000,-36.439453,1.000000,0.272694,0.000001938,
1912600,36.439453,25.250000,11.189453,0.000000,-36.439453,1.000000,0.272616,0.000001960,
1912700,36.469727,25.250000,11.219727,0.000000,-36.439453,1.000000,0.272510,0.000001970,
1912800,36.469727,25.000000,11.469727,0.000000,-36.439453,1.000000,0.272432,0.000001966,
1912900,36.469727,25.000000,11.469727,0.000000,-36.469727,1.000000,0.272328,0.000001963,
1913000,36.484863,25.000000,11.484863,0.000000,-36.469727,1.000000,0.272263,0.000001986,
1913100,36.484863,25.000000,11.484863,0.000000,-36.469727,1.000000,0.272158,0.000001977,
1913200,36.484863,25.000000,11.484863,0.000000,-36.469727,1.000000,0.272064,0.000001982,
1913300,36.367432,25.000000,11.367432,0.000000,-36.484863,1.000000,0.271912,0.000001961,
1913400,36.367432,25.000000,11.367432,0.000000,-36.484863,1.000000,0.271845,0.000001967,
1913500,36.367432,25.000000,11.367432,0.000000,-36.484863,1.000000,0.271720,0.000001936,
1913600,36.308716,25.000000,11.308716,0.000000,-36.484863,1.000000,0.271604,0.000001941,
1913700,36.308716,25.500000,10.808716,0.000000,-36.308716,1.000000,0.271484,0.000001942,
1913800,36.308716,25.500000,10.808716,0.000000,-36.308716,1.000000,0.271433,0.000001928,
1913900,36.404358,25.500000,10.904358,0.000000,-36.308716,1.000000,0.271371,0.000001958,
1914000,36.404358,25.250000,11.154358,0.000000,-36.308716,1.000000,0.271278,0.000001983,
1914100,36.404358,25.250000,11.154358,0.000000,-36.404358,1.000000,0.271128,0.000001960,
1914200,36.452179,25.250000,11.202179,0.000000,-36.404358,1.000000,0.270990,0.000001968,
1914300,36.452179,24.750000,11.702179,0.000000,-36.404358,1.000000,0.270872,0.000001955,
1914400,36.452179,24.750000,11.702179,0.000000,-36.404358,1.000000,0.270750,0.000001974,
1914500,36.351089,24.750000,11.601089,0.000000,-36.452179,1.000000,0.270637,0.000002007,
1914600,36.351089,25.000000,11.351089,0.000000,-36.452179,1.000000,0.270523,0.000002014,
1914700,36.351089,25.000000,11.351089,0.000000,-36.452179,1.000000,0.270419,0.000002050,
1914800,36.300545,25.000000,11.300545,0.000000,-36.452179,1.000000,0.270304,0.000002025,
1914900,36.300545,25.000000,11.300545,0.000000,-36.300545,1.000000,0.270233,0.000002016,
1915000,36.300545,25.000000,11.300545,0.000000,-36.300545,1.000000,0.270168,0.000001997,
1915100,36.275272,25.000000,11.275272,0.000000,-36.300545,1.000000,0.270089,0.000001997,
1915200,36.275272,25.250000,11.025272,0.000000,-36.300545,1.000000,0.270019,0.000002006,
1915300,36.275272,25.250000,11.025272,0.000000,-36.275272,1.000000,0.269961,0.000002010,
1915400,36.137634,25.250000,10.887634,0.000000,-36.275272,1.000000,0.269856,0.000001990,
1915500,36.137634,25.000000,11.137634,0.000000,-36.275272,1.000000,0.269780,0.000001996,
1915600,36.137634,25.000000,11.137634,0.000000,-36.275272,1.000000,0.269733,0.000001955,
1915700,36.193817,25.000000,11.193817,0.000000,-36.137634,1.000000,0.269657,0.000001986,
1915800,36.193817,25.000000,11.193817,0.000000,-36.137634,1.000000,0.269606,0.000001963,
1915900,36.193817,25.000000,11.193817,0.000000,-36.137634,1.000000,0.269554,0.000001962,
1916000,36.096909,25.000000,11.096909,0.000000,-36.137634,1.000000,0.269489,0.000001968,
1916100,36.096909,24.750000,11.346909,0.000000,-36.096909,1.000000,0.269369,0.000001991,
1916200,36.096909,24.750000,11.346909,0.000000,-36.096909,1.000000,0.269296,0.000001996,
1916300,36.173454,24.750000,11.423454,0.000000,-36.096909,1.000000,0.269187,0.000002005,
1916400,36.173454,24.750000,11.423454,0.000000,-36.096909,1.000000,0.269113,0.000002011,
1916500,36.173454,24.750000,11.423454,0.000000,-36.173454,1.000000,0.269010,0.000002001,
1916600,35.961727,24.750000,11.211727,0.000000,-36.173454,1.000000,0.268887,0.000001981,
1916700,35.961727,25.000000,10.961727,0.000000,-36.173454,1.000000,0.268772,0.000001974,
1916800,35.961727,25.000000,10.961727,0.000000,-36.173454,1.000000,0.268633,0.000001988,
1916900,35.980865,25.000000,10.980865,0.000000,-35.961727,1.000000,0.268520,0.000001984,
1917000,35.980865,25.000000,10.980865,0.000000,-35.961727,1.000000,0.268396,0.000001989,
1917100,35.980865,25.000000,10.980865,0.000000,-35.961727,1.000000,0.268290,0.000001949,
1917200,35.865433,25.000000,10.865433,0.000000,-35.961727,1.000000,0.268171,0.000001963,
1917300,35.865433,25.000000,10.865433,0.000000,-35.865433,1.000000,0.268063,0.000001945,
1917400,35.865433,25.000000,10.865433,0.000000,-35.865433,1.000000,0.267974,0.000001924,
1917500,36.057716,25.000000,11.057716,0.000000,-35.865433,1.000000,0.267862,0.000001919,
1917600,36.057716,25.250000,10.807716,0.000000,-35.865433,1.000000,0.267797,0.000001935,
1917700,36.057716,25.250000,10.807716,0.000000,-36.057716,1.000000,0.267705,0.000001955,
1917800,35.903858,25.250000,10.653858,0.000000,-36.057716,1.000000,0.267659,0.000001948,
1917900,35.903858,25.000000,10.903858,0.000000,-36.057716,1.000000,0.267595,0.000001968,
1918000,35.903858,25.000000,10.903858,0.000000,-36.057716,1.000000,0.267555,0.000001954,
1918100,36.076927,25.000000,11.076927,0.000000,-35.903858,1.000000,0.267473,0.000001933,
1918200,36.076927,24.750000,11.326927,0.000000,-35.903858,1.000000,0.267412,0.000001919,
1918300,36.076927,24.750000,11.326927,0.000000,-35.903858,1.000000,0.267312,0.000001924,
1918400,36.163464,24.750000,11.413464,0.000000,-35.903858,1.000000,0.267240,0.000001925,
1918500,36.163464,24.750000,11.413464,0.000000,-36.163464,1.000000,0.267183,0.000001914,
1918600,36.163464,24.750000,11.413464,0.000000,-36.163464,1.000000,0.267107,0.000001941,
1918700,35.956734,24.750000,11.206734,0.000000,-36.163464,1.000000,0.266991,0.000001947,
1918800,35.956734,25.250000,10.706734,0.000000,-36.163464,1.000000,0.266907,0.000001967,
1918900,35.956734,25.250000,10.706734,0.000000,-35.956734,1.000000,0.266820,0.000001972,
1919000,35.853367,25.250000,10.603367,0.000000,-35.956734,1.000000,0.266667,0.000001954,
1919100,35.853367,25.000000,10.853367,0.000000,-35.956734,1.000000,0.266590,0.000001959,
1919200,35.853367,25.000000,10.853367,0.000000,-35.956734,1.000000,0.266544,0.000001976,
1919300,35.926682,25.000000,10.926682,0.000000,-35.853367,1.000000,0.266477,0.000001984,
1919400,35.926682,25.000000,10.926682,0.000000,-35.853367,1.000000,0.266390,0.000001966,
1919500,35.926682,25.000000,10.926682,0.000000,-35.853367,1.000000,0.266286,0.000001963,
1919600,35.713341,25.000000,10.713341,0.000000,-35.853367,1.000000,0.266152,0.000002014,
1919700,35.713341,25.000000,10.713341,0.000000,-35.713341,1.000000,0.266057,0.000002011,
1919800,35.713341,25.000000,10.713341,0.000000,-35.713341,1.000000,0.265927,0.000002006,
1919900,35.981670,25.000000,10.981670,0.000000,-35.713341,1.000000,0.265817,0.000001995,
1920000,36.115837,25.000000,11.115837,0.000000,-35.713341,1.000000,0.265764,0.000001973,
1920100,36.115837,25.000000,11.115837,0.000000,-36.115837,1.000000,0.265629,0.000001979,
1920200,36.115837,25.000000,11.115837,0.000000,-36.115837,1.000000,0.265526,0.000001968,
1920300,36.057919,25.000000,11.057919,0.000000,-36.115837,1.000000,0.265444,0.000001952,
1920400,36.057919,25.250000,10.807919,0.000000,-36.115837,1.000000,0.265319,0.000001977,
1920500,36.057919,25.250000,10.807919,0.000000,-36.057919,1.000000,0.265266,0.000001962,
1920600,36.153961,25.250000,10.903961,0.000000,-36.057919,1.000000,0.265197,0.000001993,
1920700,36.153961,25.000000,11.153961,0.000000,-36.057919,1.000000,0.265107,0.000001996,
1920800,36.153961,25.000000,11.153961,0.000000,-36.057919,1.000000,0.265049,0.000001996,
1920900,36.201981,25.000000,11.201981,0.000000,-36.153961,1.000000,0.264940,0.000002017,
1921000,36.201981,25.250000,10.951981,0.000000,-36.153961,1.000000,0.264799,0.000002027,
1921100,36.201981,25.250000,10.951981,0.000000,-36.153961,1.000000,0.264762,0.000002021,
1921200,35.975990,25.250000,10.725990,0.000000,-36.153961,1.000000,0.264704,0.000002029,
1921300,35.975990,25.250000,10.725990,0.000000,-35.975990,1.000000,0.264643,0.000001996,
1921400,35.975990,25.250000,10.725990,0.000000,-35.975990,1.000000,0.264569,0.000001990,
1921500,35.987995,25.250000,10.737995,0.000000,-35.975990,1.000000,0.264474,0.000002011,
1921600,35.987995,25.500000,10.487995,0.000000,-35.975990,1.000000,0.264383,0.000002005,
1921700,35.987995,25.500000,10.487995,0.000000,-35.987995,1.000000,0.264294,0.000002008,
1921800,35.868996,25.500000,10.368996,0.000000,-35.987995,1.000000,0.264199,0.000001996,
1921900,35.868996,25.000000,10.868996,0.000000,-35.987995,1.000000,0.264109,0.000001952,
1922000,35.868996,25.000000,10.868996,0.000000,-35.987995,1.000000,0.264033,0.000001933,
1922100,35.934498,25.000000,10.934498,0.000000,-35.868996,1.000000,0.263940,0.000001931,
1922200,35.934498,24.500000,11.434498,0.000000,-35.868996,1.000000,0.263877,0.000001939,
1922300,35.934498,24.500000,11.434498,0.000000,-35.868996,1.000000,0.263778,0.000001888,
1922400,35.967247,24.500000,11.467247,0.000000,-35.868996,1.000000,0.263643,0.000001879,
1922500,35.967247,25.250000,10.717247,0.000000,-35.967247,1.000000,0.263552,0.000001878,
1922600,35.967247,25.250000,10.717247,0.000000,-35.967247,1.000000,0.263472,0.000001886,
1922700,35.733624,25.250000,10.483624,0.000000,-35.967247,1.000000,0.263409,0.000001929,
1922800,35.733624,25.250000,10.483624,0.000000,-35.967247,1.000000,0.263299,0.000001892,
1922900,35.733624,25.250000,10.483624,0.000000,-35.733624,1.000000,0.263206,0.000001915,
1923000,35.866814,25.250000,10.616814,0.000000,-35.733624,1.000000,0.263135,0.000001909,
1923100,35.866814,25.000000,10.866814,0.000000,-35.733624,1.000000,0.263018,0.000001887,
1923200,35.866814,25.000000,10.866814,0.000000,-35.733624,1.000000,0.262912,0.000001876,
1923300,35.683407,25.000000,10.683407,0.000000,-35.866814,1.000000,0.262851,0.000001858,
1923400,35.683407,25.250000,10.433407,0.000000,-35.866814,1.000000,0.262774,0.000001880,
1923500,35.683407,25.250000,10.433407,0.000000,-35.866814,1.000000,0.262716,0.000001892,
1923600,35.716705,25.250000,10.466705,0.000000,-35.866814,1.000000,0.262592,0.000001894,
1923700,35.716705,25.000000,10.716705,0.000000,-35.716705,1.000000,0.262451,0.000001893,
1923800,35.716705,25.000000,10.716705,0.000000,-35.716705,1.000000,0.262401,0.000001904,
1923900,35.858353,25.000000,10.858353,0.000000,-35.716705,1.000000,0.262286,0.000001930,
1924000,35.858353,25.000000,10.858353,0.000000,-35.716705,1.000000,0.262218,0.000001936,
1924100,35.858353,25.000000,10.858353,0.000000,-35.858353,1.000000,0.262090,0.000001945,
1924200,35.929176,25.000000,10.929176,0.000000,-35.858353,1.000000,0.262004,0.000001951,
1924300,35.929176,25.000000,10.929176,0.000000,-35.858353,1.000000,0.261919,0.000001936,
1924400,35.929176,25.000000,10.929176,0.000000,-35.858353,1.000000,0.261864,0.000001925,
1924500,35.964588,25.000000,10.964588,0.000000,-35.929176,1.000000,0.261841,0.000001917,
1924600,35.964588,25.000000,10.964588,0.000000,-35.929176,1.000000,0.261750,0.000001912,
1924700,35.964588,25.000000,10.964588,0.000000,-35.929176,1.000000,0.261636,0.000001922,
1924800,35.857292,25.000000,10.857292,0.000000,-35.929176,1.000000,0.261489,0.000001922,
1924900,35.857292,25.500000,10.357292,0.000000,-35.857292,1.000000,0.261389,0.000001943,
1925000,35.857292,25.500000,10.357292,0.000000,-35.857292,1.000000,0.261306,0.000001935,
1925100,35.803646,25.500000,10.303646,0.000000,-35.857292,1.000000,0.261218,0.000001947,
1925200,35.803646,25.000000,10.803646,0.000000,-35.857292,1.000000,0.261102,0.000001939,
1925300,35.803646,25.000000,10.803646,0.000000,-35.803646,1.000000,0.261004,0.000001956,
1925400,35.776825,25.000000,10.776825,0.000000,-35.803646,1.000000,0.260925,0.000001979,
1925500,35.776825,25.250000,10.526825,0.000000,-35.803646,1.000000,0.260788,0.000001986,
1925600,35.776825,25.250000,10.526825,0.000000,-35.803646,1.000000,0.260683,0.000001992,
1925700,35.763412,25.250000,10.513412,0.000000,-35.776825,1.000000,0.260606,0.000001973,
1925800,35.763412,24.500000,11.263412,0.000000,-35.776825,1.000000,0.260554,0.000001972,
1925900,35.763412,24.500000,11.263412,0.000000,-35.776825,1.000000,0.260440,0.000001955,
1926000,35.756706,24.500000,11.256706,0.000000,-35.776825,1.000000,0.260350,0.000001941,
1926100,35.756706,24.750000,11.006706,0.000000,-35.756706,1.000000,0.260209,0.000001932,
1926200,35.756706,24.750000,11.006706,0.000000,-35.756706,1.000000,0.260134,0.000001931,
1926300,35.753353,24.750000,11.003353,0.000000,-35.756706,1.000000,0.260042,0.000001964,
1926400,35.753353,25.500000,10.253353,0.000000,-35.756706,1.000000,0.259950,0.000001933,
1926500,35.753353,25.500000,10.253353,0.000000,-35.753353,1.000000,0.259846,0.000001934,
1926600,35.751678,25.500000,10.251678,0.000000,-35.753353,1.000000,0.259732,0.000001965,
1926700,35.751678,25.250000,10.501678,0.000000,-35.753353,1.000000,0.259619,0.000001984,
1926800,35.751678,25.250000,10.501678,0.000000,-35.753353,1.000000,0.259508,0.000001970,
1926900,35.625839,25.250000,10.375839,0.000000,-35.751678,1.000000,0.259430,0.000001991,
1927000,35.625839,25.000000,10.625839,0.000000,-35.751678,1.000000,0.259404,0.000002019,
1927100,35.625839,25.000000,10.625839,0.000000,-35.751678,1.000000,0.259291,0.000001994,
1927200,35.687920,25.000000,10.687920,0.000000,-35.751678,1.000000,0.259190,0.000002010,
1927300,35.687920,25.000000,10.687920,0.000000,-35.687920,1.000000,0.259135,0.000001990,
1927400,35.687920,25.000000,10.687920,0.000000,-35.687920,1.000000,0.259090,0.000001965,
1927500,35.718960,25.000000,10.718960,0.000000,-35.687920,1.000000,0.258985,0.000001975,
1927600,35.718960,24.750000,10.968960,0.000000,-35.687920,1.000000,0.258911,0.000001971,
1927700,35.718960,24.750000,10.968960,0.000000,-35.718960,1.000000,0.258836,0.000001971,
1927800,35.734482,24.750000,10.984482,0.000000,-35.718960,1.000000,0.258742,0.000001959,
1927900,35.734482,24.500000,11.234482,0.000000,-35.718960,1.000000,0.258594,0.000001963,
1928000,35.734482,24.500000,11.234482,0.000000,-35.718960,1.000000,0.258485,0.000001945,
1928100,35.742241,24.500000,11.242241,0.000000,-35.734482,1.000000,0.258411,0.000001944,
1928200,35.742241,25.000000,10.742241,0.000000,-35.734482,1.000000,0.258318,0.000001941,
1928300,35.742241,25.000000,10.742241,0.000000,-35.734482,1.000000,0.258247,0.000001933,
1928400,35.746120,25.000000,10.746120,0.000000,-35.734482,1.000000,0.258152,0.000001931,
1928500,35.746120,25.250000,10.496120,0.000000,-35.746120,1.000000,0.258052,0.000001927,
1928600,35.746120,25.250000,10.496120,0.000000,-35.746120,1.000000,0.257937,0.000001918,
1928700,35.748062,25.250000,10.498062,0.000000,-35.746120,1.000000,0.257866,0.000001931,
1928800,35.748062,24.500000,11.248062,0.000000,-35.746120,1.000000,0.257805,0.000001910,
1928900,35.748062,24.500000,11.248062,0.000000,-35.748062,1.000000,0.257684,0.000001907,
1929000,35.749031,24.500000,11.249031,0.000000,-35.748062,1.000000,0.257566,0.000001896,
1929100,35.749031,24.750000,10.999031,0.000000,-35.748062,1.000000,0.257516,0.000001896,
1929200,35.749031,24.750000,10.999031,0.000000,-35.748062,1.000000,0.257391,0.000001907,
1929300,35.624516,24.750000,10.874516,0.000000,-35.749031,1.000000,0.257286,0.000001950,
1929400,35.624516,24.750000,10.874516,0.000000,-35.749031,1.000000,0.257195,0.000001942,
1929500,35.624516,24.750000,10.874516,0.000000,-35.749031,1.000000,0.257087,0.000001955,
1929600,35.562256,24.750000,10.812256,0.000000,-35.749031,1.000000,0.257010,0.000001959,
1929700,35.562256,25.000000,10.562256,0.000000,-35.562256,1.000000,0.256870,0.000001978,
1929800,35.562256,25.000000,10.562256,0.000000,-35.562256,1.000000,0.256791,0.000001963,
1929900,35.656128,25.000000,10.656128,0.000000,-35.562256,1.000000,0.256712,0.000001971,
1930000,35.656128,25.000000,10.656128,0.000000,-35.562256,1.000000,0.256577,0.000001983,
1930100,35.656128,25.000000,10.656128,0.000000,-35.656128,1.000000,0.256494,0.000002008,
1930200,35.703064,25.000000,10.703064,0.000000,-35.656128,1.000000,0.256456,0.000002012,
1930400,35.703064,24.500000,11.203064,0.000000,-35.656128,1.000000,0.256311,0.000002029,
1930500,35.476532,24.500000,10.976532,0.000000,-35.703064,1.000000,0.256231,0.000002045,
1930600,35.476532,24.750000,10.726532,0.000000,-35.703064,1.000000,0.256145,0.000002057,
1930700,35.476532,24.750000,10.726532,0.000000,-35.703064,1.000000,0.256058,0.000002057,
1930800,35.613266,24.750000,10.863266,0.000000,-35.703064,1.000000,0.255956,0.000002023,
1930900,35.613266,24.500000,11.113266,0.000000,-35.613266,1.000000,0.255896,0.000002006,
1931000,35.613266,24.500000,11.113266,0.000000,-35.613266,1.000000,0.255750,0.000002010,
1931100,35.556633,24.500000,11.056633,0.000000,-35.613266,1.000000,0.255608,0.000001982,
1931200,35.556633,25.000000,10.556633,0.000000,-35.613266,1.000000,0.255477,0.000001981,
1931300,35.556633,25.000000,10.556633,0.000000,-35.556633,1.000000,0.255389,0.000001973,
1931400,35.528316,25.000000,10.528316,0.000000,-35.556633,1.000000,0.255283,0.000001957,
1931500,35.528316,25.500000,10.028316,0.000000,-35.556633,1.000000,0.255175,0.000001970,
1931600,35.528316,25.500000,10.028316,0.000000,-35.556633,1.000000,0.255115,0.000001974,
1931700,35.514160,25.500000,10.014160,0.000000,-35.528316,1.000000,0.255036,0.000001948,
1931800,35.514160,25.000000,10.514160,0.000000,-35.528316,1.000000,0.254960,0.000001936,
1931900,35.514160,25.000000,10.514160,0.000000,-35.528316,1.000000,0.254895,0.000001943,
1932000,35.632080,25.000000,10.632080,0.000000,-35.528316,1.000000,0.254785,0.000001974,
1932100,35.632080,25.500000,10.132080,0.000000,-35.632080,1.000000,0.254680,0.000001973,
1932200,35.632080,25.500000,10.132080,0.000000,-35.632080,1.000000,0.254600,0.000001967,
1932300,35.691040,25.500000,10.191040,0.000000,-35.632080,1.000000,0.254459,0.000001966,
1932400,35.691040,25.250000,10.441040,0.000000,-35.632080,1.000000,0.254333,0.000001956,
1932500,35.691040,25.250000,10.441040,0.000000,-35.691040,1.000000,0.254287,0.000001967,
1932600,35.345520,25.250000,10.095520,0.000000,-35.691040,1.000000,0.254228,0.000001982,
1932700,35.345520,25.250000,10.095520,0.000000,-35.691040,1.000000,0.254135,0.000001998,
1932800,35.345520,25.250000,10.095520,0.000000,-35.691040,1.000000,0.254081,0.000001979,
1932900,35.422760,25.250000,10.172760,0.000000,-35.345520,1.000000,0.254012,0.000001986,
1933000,35.422760,24.750000,10.672760,0.000000,-35.345520,1.000000,0.253941,0.000001988,
1933100,35.422760,24.750000,10.672760,0.000000,-35.345520,1.000000,0.253876,0.000001981,
1933200,35.461380,24.750000,10.711380,0.000000,-35.345520,1.000000,0.253735,0.000001960,
1933300,35.461380,25.000000,10.461380,0.000000,-35.461380,1.000000,0.253663,0.000001964,
1933400,35.461380,25.000000,10.461380,0.000000,-35.461380,1.000000,0.253570,0.000001973,
1933500,35.480690,25.000000,10.480690,0.000000,-35.461380,1.000000,0.253475,0.000001947,
1933600,35.480690,25.250000,10.230690,0.000000,-35.461380,1.000000,0.253432,0.000001957,
1933700,35.480690,25.250000,10.230690,0.000000,-35.480690,1.000000,0.253333,0.000001949,
1933800,35.365345,25.250000,10.115345,0.000000,-35.480690,1.000000,0.253246,0.000001941,
1933900,35.365345,25.000000,10.365345,0.000000,-35.480690,1.000000,0.253172,0.000001943,
1934000,35.365345,25.000000,10.365345,0.000000,-35.480690,1.000000,0.253070,0.000001947,
1934100,35.557671,25.000000,10.557671,0.000000,-35.365345,1.000000,0.252992,0.000001953,
1934200,35.557671,24.750000,10.807671,0.000000,-35.365345,1.000000,0.252873,0.000001929,
1934300,35.557671,24.750000,10.807671,0.000000,-35.365345,1.000000,0.252775,0.000001925,
1934400,35.278835,24.750000,10.528835,0.000000,-35.365345,1.000000,0.252733,0.000001912,
1934500,35.278835,25.250000,10.028835,0.000000,-35.278835,1.000000,0.252614,0.000001890,
1934600,35.278835,25.250000,10.028835,0.000000,-35.278835,1.000000,0.252571,0.000001891,
1934700,35.389420,25.250000,10.139420,0.000000,-35.278835,1.000000,0.252487,0.000001913,
1934800,35.389420,25.500000,9.889420,0.000000,-35.278835,1.000000,0.252352,0.000001917,
1934900,35.389420,25.500000,9.889420,0.000000,-35.389420,1.000000,0.252218,0.000001919,
1935000,34.944710,25.500000,9.444710,0.000000,-35.389420,1.000000,0.252126,0.000001919,
1935100,34.944710,25.250000,9.694710,0.000000,-35.389420,1.000000,0.252022,0.000001910,
1935200,34.944710,25.250000,9.694710,0.000000,-35.389420,1.000000,0.251927,0.000001916,
1935300,35.222355,25.250000,9.972355,0.000000,-34.944710,1.000000,0.251889,0.000001912,
1935400,35.222355,25.000000,10.222355,0.000000,-34.944710,1.000000,0.251816,0.000001914,
1935500,35.222355,25.000000,10.222355,0.000000,-34.944710,1.000000,0.251729,0.000001932,
1935600,35.361176,25.000000,10.361176,0.000000,-34.944710,1.000000,0.251625,0.000001919,
1935700,35.361176,24.750000,10.611176,0.000000,-35.361176,1.000000,0.251558,0.000001941,
1935800,35.361176,24.750000,10.611176,0.000000,-35.361176,1.000000,0.251449,0.000001960,
1935900,35.180588,24.750000,10.430588,0.000000,-35.361176,1.000000,0.251403,0.000001962,
1936000,35.180588,25.000000,10.180588,0.000000,-35.361176,1.000000,0.251370,0.000001940,
1936100,35.180588,25.000000,10.180588,0.000000,-35.180588,1.000000,0.251311,0.000001966,
1936200,35.340294,25.000000,10.340294,0.000000,-35.180588,1.000000,0.251224,0.000001952,
1936300,35.340294,25.000000,10.340294,0.000000,-35.180588,1.000000,0.251155,0.000001935,
1936400,35.340294,25.000000,10.340294,0.000000,-35.180588,1.000000,0.251069,0.000001941,
1936500,35.420147,25.000000,10.420147,0.000000,-35.340294,1.000000,0.250954,0.000001955,
1936600,35.420147,25.250000,10.170147,0.000000,-35.340294,1.000000,0.250900,0.000001985,
1936700,35.420147,25.250000,10.170147,0.000000,-35.340294,1.000000,0.250828,0.000001973,
1936800,35.460075,25.250000,10.210075,0.000000,-35.340294,1.000000,0.250721,0.000001949,
1936900,35.460075,25.250000,10.210075,0.000000,-35.460075,1.000000,0.250624,0.000001939,
1937000,35.460075,25.250000,10.210075,0.000000,-35.460075,1.000000,0.250529,0.000001923,
1937100,35.355038,25.250000,10.105038,0.000000,-35.460075,1.000000,0.250440,0.000001927,
1937200,35.355038,25.000000,10.355038,0.000000,-35.460075,1.000000,0.250341,0.000001968,
1937300,35.355038,25.000000,10.355038,0.000000,-35.355038,1.000000,0.250270,0.000001968,
1937400,35.302521,25.000000,10.302521,0.000000,-35.355038,1.000000,0.250181,0.000001983,
1937500,35.302521,25.000000,10.302521,0.000000,-35.355038,1.000000,0.250072,0.000002012,
1937600,35.302521,25.000000,10.302521,0.000000,-35.355038,1.000000,0.250011,0.000001996,
1937700,35.276260,25.000000,10.276260,0.000000,-35.302521,1.000000,0.249945,0.000001985,
1937800,35.276260,24.500000,10.776260,0.000000,-35.302521,1.000000,0.249863,0.000001977,
1937900,35.276260,24.500000,10.776260,0.000000,-35.302521,1.000000,0.249761,0.000001955,
1938000,35.263130,24.500000,10.763130,0.000000,-35.302521,1.000000,0.249694,0.000001945,
1938100,35.263130,25.250000,10.013130,0.000000,-35.263130,1.000000,0.249590,0.000001959,
1938200,35.263130,25.250000,10.013130,0.000000,-35.263130,1.000000,0.249510,0.000001965,
1938300,35.256565,25.250000,10.006565,0.000000,-35.263130,1.000000,0.249411,0.000001966,
1938400,35.256565,24.500000,10.756565,0.000000,-35.263130,1.000000,0.249339,0.000001964,
1938500,35.256565,24.500000,10.756565,0.000000,-35.256565,1.000000,0.249288,0.000001980,
1938600,35.128281,24.500000,10.628281,0.000000,-35.256565,1.000000,0.249187,0.000001968,
1938700,35.128281,25.250000,9.878281,0.000000,-35.256565,1.000000,0.249114,0.000001970,
1938800,35.128281,25.250000,9.878281,0.000000,-35.256565,1.000000,0.249045,0.000001967,
1938900,35.064140,25.250000,9.814140,0.000000,-35.128281,1.000000,0.248954,0.000001951,
1939000,35.064140,25.000000,10.064140,0.000000,-35.128281,1.000000,0.248870,0.000001963,
1939100,35.064140,25.000000,10.064140,0.000000,-35.128281,1.000000,0.248826,0.000001945,
1939200,34.907070,25.000000,9.907070,0.000000,-35.128281,1.000000,0.248763,0.000001954,
1939300,34.907070,25.000000,9.907070,0.000000,-34.907070,1.000000,0.248667,0.000001935,
1939400,34.907070,25.000000,9.907070,0.000000,-34.907070,1.000000,0.248589,0.000001946,
1939500,35.203537,25.000000,10.203537,0.000000,-34.907070,1.000000,0.248468,0.000001965,
1939600,35.203537,25.250000,9.953537,0.000000,-34.907070,1.000000,0.248345,0.000001968,
1939700,35.203537,25.250000,9.953537,0.000000,-35.203537,1.000000,0.248275,0.000001966,
1939800,35.226768,25.250000,9.976768,0.000000,-35.203537,1.000000,0.248161,0.000001954,
1939900,35.226768,25.000000,10.226768,0.000000,-35.203537,1.000000,0.248081,0.000001941,
1940000,35.226768,25.000000,10.226768,0.000000,-35.203537,1.000000,0.247959,0.000001964,
1940100,35.238384,25.000000,10.238384,0.000000,-35.226768,1.000000,0.247888,0.000001984,
1940200,35.238384,24.750000,10.488384,0.000000,-35.226768,1.000000,0.247811,0.000001965,
1940300,35.238384,24.750000,10.488384,0.000000,-35.226768,1.000000,0.247731,0.000001961,
1940400,35.244194,24.750000,10.494194,0.000000,-35.226768,1.000000,0.247580,0.000001959,
1940500,35.244194,25.250000,9.994194,0.000000,-35.244194,1.000000,0.247480,0.000001956,
1940600,35.244194,25.250000,9.994194,0.000000,-35.244194,1.000000,0.247374,0.000001982,
1940700,34.997097,25.250000,9.747097,0.000000,-35.244194,1.000000,0.247305,0.000001979,
1940800,34.997097,25.000000,9.997097,0.000000,-35.244194,1.000000,0.247239,0.000001979,
1940900,34.997097,25.000000,9.997097,0.000000,-34.997097,1.000000,0.247159,0.000001978,
1941000,35.123550,25.000000,10.123550,0.000000,-34.997097,1.000000,0.247051,0.000002004,
1941100,35.123550,24.750000,10.373550,0.000000,-34.997097,1.000000,0.246949,0.000001975,
1941200,35.123550,24.750000,10.373550,0.000000,-34.997097,1.000000,0.246861,0.000001958,
1941300,35.186775,24.750000,10.436775,0.000000,-35.123550,1.000000,0.246775,0.000001957,
1941400,35.186775,25.000000,10.186775,0.000000,-35.123550,1.000000,0.246666,0.000001948,
1941500,35.186775,25.000000,10.186775,0.000000,-35.123550,1.000000,0.246569,0.000001938,
1941600,35.218388,25.000000,10.218388,0.000000,-35.123550,1.000000,0.246468,0.000001981,
1941700,35.218388,25.250000,9.968388,0.000000,-35.218388,1.000000,0.246362,0.000001992,
1941800,35.218388,25.250000,9.968388,0.000000,-35.218388,1.000000,0.246331,0.000002023,
1941900,35.234192,25.250000,9.984192,0.000000,-35.218388,1.000000,0.246266,0.000002001,
1942000,35.234192,25.500000,9.734192,0.000000,-35.218388,1.000000,0.246200,0.000002007,
1942100,35.234192,25.500000,9.734192,0.000000,-35.234192,1.000000,0.246107,0.000002012,
1942200,35.242096,25.500000,9.742096,0.000000,-35.234192,1.000000,0.246025,0.000002015,
1942300,35.242096,25.000000,10.242096,0.000000,-35.234192,1.000000,0.246012,0.000001995,
1942400,35.242096,25.000000,10.242096,0.000000,-35.234192,1.000000,0.245893,0.000001993,
1942500,34.996048,25.000000,9.996048,0.000000,-35.242096,1.000000,0.245794,0.000001996,
1942600,34.996048,24.750000,10.246048,0.000000,-35.242096,1.000000,0.245712,0.000001960,
1942700,34.996048,24.750000,10.246048,0.000000,-35.242096,1.000000,0.245665,0.000001943,
1942800,34.873024,24.750000,10.123024,0.000000,-35.242096,1.000000,0.245570,0.000001952,
1942900,34.873024,25.250000,9.623024,0.000000,-34.873024,1.000000,0.245519,0.000001964,
1943000,34.873024,25.250000,9.623024,0.000000,-34.873024,1.000000,0.245384,0.000001979,
1943100,35.061512,25.250000,9.811512,0.000000,-34.873024,1.000000,0.245293,0.000001971,
1943200,35.061512,25.250000,9.811512,0.000000,-34.873024,1.000000,0.245208,0.000001988,
1943300,35.061512,25.250000,9.811512,0.000000,-35.061512,1.000000,0.245115,0.000001988,
1943400,35.030754,25.250000,9.780754,0.000000,-35.061512,1.000000,0.245018,0.000001968,
1943500,35.030754,24.750000,10.280754,0.000000,-35.061512,1.000000,0.244907,0.000001945,
1943600,35.030754,24.750000,10.280754,0.000000,-35.061512,1.000000,0.244839,0.000001930,
1943700,35.015377,24.750000,10.265377,0.000000,-35.030754,1.000000,0.244727,0.000001898,
1943800,35.015377,25.250000,9.765377,0.000000,-35.030754,1.000000,0.244610,0.000001898,
1943900,35.015377,25.250000,9.765377,0.000000,-35.030754,1.000000,0.244522,0.000001897,
1944000,35.007690,25.250000,9.757690,0.000000,-35.030754,1.000000,0.244409,0.000001928,
1944100,35.007690,25.250000,9.757690,0.000000,-35.007690,1.000000,0.244284,0.000001917,
1944200,35.007690,25.250000,9.757690,0.000000,-35.007690,1.000000,0.244192,0.000001931,
1944300,35.003845,25.250000,9.753845,0.000000,-35.007690,1.000000,0.244115,0.000001970,
1944400,35.003845,25.000000,10.003845,0.000000,-35.007690,1.000000,0.244009,0.000001978,
1944500,35.003845,25.000000,10.003845,0.000000,-35.003845,1.000000,0.243927,0.000001971,
1944600,35.126923,25.000000,10.126923,0.000000,-35.003845,1.000000,0.243800,0.000001959,
1944700,35.126923,24.750000,10.376923,0.000000,-35.003845,1.000000,0.243726,0.000001944,
1944800,35.126923,24.750000,10.376923,0.000000,-35.003845,1.000000,0.243611,0.000001946,
1944900,35.188461,24.750000,10.438461,0.000000,-35.126923,1.000000,0.243500,0.000001974,
1945000,35.188461,24.750000,10.438461,0.000000,-35.126923,1.000000,0.243396,0.000001936,
1945100,35.188461,24.750000,10.438461,0.000000,-35.126923,1.000000,0.243303,0.000001932,
1945200,34.969231,24.750000,10.219231,0.000000,-35.126923,1.000000,0.243191,0.000001921,
1945300,34.969231,24.750000,10.219231,0.000000,-34.969231,1.000000,0.243102,0.000001912,
1945400,34.969231,24.750000,10.219231,0.000000,-34.969231,1.000000,0.243028,0.000001942,
1945500,34.984615,24.750000,10.234615,0.000000,-34.969231,1.000000,0.242965,0.000001964,
1945600,34.992310,24.750000,10.242310,0.000000,-34.969231,1.000000,0.242917,0.000001955,
1945700,34.992310,24.750000,10.242310,0.000000,-34.992310,1.000000,0.242790,0.000001939,
1945800,34.992310,24.750000,10.242310,0.000000,-34.992310,1.000000,0.242755,0.000001934,
1945900,35.121155,24.750000,10.371155,0.000000,-34.992310,1.000000,0.242636,0.000001941,
1946000,35.121155,25.000000,10.121155,0.000000,-34.992310,1.000000,0.242544,0.000001929,
1946100,35.121155,25.000000,10.121155,0.000000,-35.121155,1.000000,0.242420,0.000001921,
1946200,35.185577,25.000000,10.185577,0.000000,-35.121155,1.000000,0.242315,0.000001923,
1946300,35.185577,25.500000,9.685577,0.000000,-35.121155,1.000000,0.242236,0.000001966,
1946400,35.185577,25.500000,9.685577,0.000000,-35.121155,1.000000,0.242158,0.000001970,
1946500,35.217789,25.500000,9.717789,0.000000,-35.185577,1.000000,0.242104,0.000001957,
1946600,35.217789,25.000000,10.217789,0.000000,-35.185577,1.000000,0.241946,0.000001932,
1946700,35.217789,25.000000,10.217789,0.000000,-35.185577,1.000000,0.241883,0.000001953,
1946800,35.233894,25.000000,10.233894,0.000000,-35.185577,1.000000,0.241796,0.000001946,
1946900,35.233894,25.000000,10.233894,0.000000,-35.233894,1.000000,0.241743,0.000001940,
1947000,35.233894,25.000000,10.233894,0.000000,-35.233894,1.000000,0.241643,0.000001947,
1947100,35.241947,25.000000,10.241947,0.000000,-35.233894,1.000000,0.241525,0.000001950,
1947200,35.241947,25.250000,9.991947,0.000000,-35.233894,1.000000,0.241468,0.000001943,
1947300,35.241947,25.250000,9.991947,0.000000,-35.241947,1.000000,0.241354,0.000001950,
1947400,35.245972,25.250000,9.995972,0.000000,-35.241947,1.000000,0.241290,0.000001948,
1947500,35.245972,25.000000,10.245972,0.000000,-35.241947,1.000000,0.241266,0.000001939,
1947600,35.245972,25.000000,10.245972,0.000000,-35.241947,1.000000,0.241142,0.000001969,
1947700,35.122986,25.000000,10.122986,0.000000,-35.245972,1.000000,0.241071,0.000001944,
1947800,35.122986,25.250000,9.872986,0.000000,-35.245972,1.000000,0.240990,0.000001922,
1947900,35.122986,25.250000,9.872986,0.000000,-35.245972,1.000000,0.240905,0.000001915,
1948000,35.061493,25.250000,9.811493,0.000000,-35.245972,1.000000,0.240802,0.000001907,
1948100,35.061493,25.000000,10.061493,0.000000,-35.061493,1.000000,0.240625,0.000001912,
1948200,35.061493,25.000000,10.061493,0.000000,-35.061493,1.000000,0.240558,0.000001906,
1948300,35.030746,25.000000,10.030746,0.000000,-35.061493,1.000000,0.240513,0.000001906,
1948400,35.030746,25.000000,10.030746,0.000000,-35.061493,1.000000,0.240404,0.000001915,
1948500,35.030746,25.000000,10.030746,0.000000,-35.030746,1.000000,0.240354,0.000001905,
1948600,35.015373,25.000000,10.015373,0.000000,-35.030746,1.000000,0.240301,0.000001884,
1948700,35.015373,25.250000,9.765373,0.000000,-35.030746,1.000000,0.240159,0.000001877,
1948800,35.015373,25.250000,9.765373,0.000000,-35.030746,1.000000,0.240089,0.000001865,
1948900,35.007687,25.250000,9.757687,0.000000,-35.015373,1.000000,0.240006,0.000001868,
1949000,35.007687,25.000000,10.007687,0.000000,-35.015373,1.000000,0.239908,0.000001892,
1949100,35.007687,25.000000,10.007687,0.000000,-35.015373,1.000000,0.239842,0.000001903,
1949200,35.003845,25.000000,10.003845,0.000000,-35.015373,1.000000,0.239786,0.000001924,
1949300,35.003845,25.000000,10.003845,0.000000,-35.003845,1.000000,0.239739,0.000001915,
1949400,35.003845,25.000000,10.003845,0.000000,-35.003845,1.000000,0.239574,0.000001932,
1949500,34.751923,25.000000,9.751923,0.000000,-35.003845,1.000000,0.239481,0.000001938,
1949600,34.751923,25.000000,9.751923,0.000000,-35.003845,1.000000,0.239388,0.000001937,
1949700,34.751923,25.000000,9.751923,0.000000,-34.751923,1.000000,0.239266,0.000001926,
1949800,34.750961,25.000000,9.750961,0.000000,-34.751923,1.000000,0.239199,0.000001952,
1949900,34.750961,25.000000,9.750961,0.000000,-34.751923,1.000000,0.239145,0.000001919,
1950000,34.750961,25.000000,9.750961,0.000000,-34.751923,1.000000,0.239061,0.000001934,
1950100,34.875481,25.000000,9.875481,0.000000,-34.750961,1.000000,0.238983,0.000001934,
1950200,34.875481,24.750000,10.125481,0.000000,-34.750961,1.000000,0.238884,0.000001913,
1950300,34.875481,24.750000,10.125481,0.000000,-34.750961,1.000000,0.238832,0.000001914,
1950400,34.937740,24.750000,10.187740,0.000000,-34.750961,1.000000,0.238714,0.000001961,
1950500,34.937740,25.000000,9.937740,0.000000,-34.937740,1.000000,0.238679,0.000001955,
1950600,34.937740,25.000000,9.937740,0.000000,-34.937740,1.000000,0.238584,0.000001957,
1950700,34.843872,25.000000,9.843872,0.000000,-34.937740,1.000000,0.238519,0.000001958,
1950800,34.843872,25.250000,9.593872,0.000000,-34.937740,1.000000,0.238479,0.000001934,
1950900,34.843872,25.250000,9.593872,0.000000,-34.843872,1.000000,0.238388,0.000001959,
1951000,34.796936,25.250000,9.546936,0.000000,-34.843872,1.000000,0.238282,0.000001963,
1951100,34.796936,25.250000,9.546936,0.000000,-34.843872,1.000000,0.238228,0.000001971,
1951200,34.796936,25.250000,9.546936,0.000000,-34.843872,1.000000,0.238118,0.000001989,
1951300,34.648468,25.250000,9.398468,0.000000,-34.796936,1.000000,0.238046,0.000001971,
1951400,34.648468,24.250000,10.398468,0.000000,-34.796936,1.000000,0.237911,0.000001965,
1951500,34.648468,24.250000,10.398468,0.000000,-34.796936,1.000000,0.237839,0.000001946,
1951600,34.824234,24.250000,10.574234,0.000000,-34.796936,1.000000,0.237779,0.000001981,
1951700,34.824234,24.750000,10.074234,0.000000,-34.824234,1.000000,0.237655,0.000002005,
1951800,34.824234,24.750000,10.074234,0.000000,-34.824234,1.000000,0.237547,0.000002003,
1951900,34.787117,24.750000,10.037117,0.000000,-34.824234,1.000000,0.237497,0.000001972,
1952000,34.787117,25.250000,9.537117,0.000000,-34.824234,1.000000,0.237388,0.000001982,
1952100,34.787117,25.250000,9.537117,0.000000,-34.787117,1.000000,0.237326,0.000001967,
1952200,34.768559,25.250000,9.518559,0.000000,-34.787117,1.000000,0.237199,0.000001972,
1952300,34.768559,25.000000,9.768559,0.000000,-34.787117,1.000000,0.237108,0.000001953,
1952400,34.768559,25.000000,9.768559,0.000000,-34.787117,1.000000,0.237000,0.000001961,
1952500,34.884277,25.000000,9.884277,0.000000,-34.768559,1.000000,0.236947,0.000001978,
1952600,34.884277,25.250000,9.634277,0.000000,-34.768559,1.000000,0.236848,0.000001989,
1952700,34.884277,25.250000,9.634277,0.000000,-34.768559,1.000000,0.236757,0.000001988,
1952800,34.942139,25.250000,9.692139,0.000000,-34.768559,1.000000,0.236662,0.000001971,
1952900,34.942139,25.250000,9.692139,0.000000,-34.942139,1.000000,0.236616,0.000001954,
1953000,34.942139,25.250000,9.692139,0.000000,-34.942139,1.000000,0.236531,0.000001952,
1953100,34.846069,25.250000,9.596069,0.000000,-34.942139,1.000000,0.236446,0.000001981,
1953200,34.846069,24.500000,10.346069,0.000000,-34.942139,1.000000,0.236339,0.000001970,
1953300,34.846069,24.500000,10.346069,0.000000,-34.846069,1.000000,0.236241,0.000001985,
1953400,34.673035,24.500000,10.173035,0.000000,-34.846069,1.000000,0.236194,0.000001983,
1953500,34.673035,25.250000,9.423035,0.000000,-34.846069,1.000000,0.236182,0.000001945,
1953600,34.673035,25.250000,9.423035,0.000000,-34.846069,1.000000,0.236074,0.000001954,
1953700,34.586517,25.250000,9.336517,0.000000,-34.673035,1.000000,0.235949,0.000001954,
1953800,34.586517,24.750000,9.836517,0.000000,-34.673035,1.000000,0.235852,0.000001966,
1953900,34.586517,24.750000,9.836517,0.000000,-34.673035,1.000000,0.235794,0.000001946,
1954000,34.418259,24.750000,9.668259,0.000000,-34.673035,1.000000,0.235714,0.000001943,
1954100,34.418259,25.000000,9.418259,0.000000,-34.418259,1.000000,0.235689,0.000001908,
1954200,34.418259,25.000000,9.418259,0.000000,-34.418259,1.000000,0.235630,0.000001904,
1954300,34.459129,25.000000,9.459129,0.000000,-34.418259,1.000000,0.235550,0.000001921,
1954400,34.459129,25.000000,9.459129,0.000000,-34.418259,1.000000,0.235457,0.000001907,
1954500,34.459129,25.000000,9.459129,0.000000,-34.459129,1.000000,0.235392,0.000001910,
1954600,34.604565,25.000000,9.604565,0.000000,-34.459129,1.000000,0.235275,0.000001923,
1954700,34.604565,25.250000,9.354565,0.000000,-34.459129,1.000000,0.235200,0.000001927,
1954800,34.604565,25.250000,9.354565,0.000000,-34.459129,1.000000,0.235114,0.000001921,
1954900,34.552284,25.250000,9.302284,0.000000,-34.604565,1.000000,0.235021,0.000001922,
1955000,34.552284,25.000000,9.552284,0.000000,-34.604565,1.000000,0.234969,0.000001920,
1955100,34.552284,25.000000,9.552284,0.000000,-34.604565,1.000000,0.234868,0.000001960,
1955200,34.651142,25.000000,9.651142,0.000000,-34.604565,1.000000,0.234812,0.000001931,
1955300,34.651142,25.000000,9.651142,0.000000,-34.651142,1.000000,0.234731,0.000001925,
1955400,34.651142,25.000000,9.651142,0.000000,-34.651142,1.000000,0.234626,0.000001952,
1955500,34.700569,25.000000,9.700569,0.000000,-34.651142,1.000000,0.234515,0.000001955,
1955600,34.700569,25.000000,9.700569,0.000000,-34.651142,1.000000,0.234416,0.000001967,
1955700,34.700569,25.000000,9.700569,0.000000,-34.700569,1.000000,0.234328,0.000001978,
1955800,34.725285,25.000000,9.725285,0.000000,-34.700569,1.000000,0.234225,0.000001955,
1955900,34.725285,25.250000,9.475285,0.000000,-34.700569,1.000000,0.234156,0.000001938,
1956000,34.725285,25.250000,9.475285,0.000000,-34.700569,1.000000,0.234066,0.000001932,
1956100,34.737640,25.250000,9.487640,0.000000,-34.725285,1.000000,0.233969,0.000001944,
1956200,34.737640,24.500000,10.237640,0.000000,-34.725285,1.000000,0.233874,0.000001932,
1956300,34.737640,24.500000,10.237640,0.000000,-34.725285,1.000000,0.233797,0.000001933,
1956400,34.743820,24.500000,10.243820,0.000000,-34.725285,1.000000,0.233744,0.000001993,
1956500,34.743820,25.000000,9.743820,0.000000,-34.743820,1.000000,0.233653,0.000001974,
1956600,34.743820,25.000000,9.743820,0.000000,-34.743820,1.000000,0.233573,0.000001955,
1956700,34.621910,25.000000,9.621910,0.000000,-34.743820,1.000000,0.233479,0.000001943,
1956800,34.621910,25.250000,9.371910,0.000000,-34.743820,1.000000,0.233360,0.000001943,
1956900,34.621910,25.250000,9.371910,0.000000,-34.621910,1.000000,0.233260,0.000001946,
1957000,34.685955,25.250000,9.435955,0.000000,-34.621910,1.000000,0.233152,0.000001950,
1957100,34.685955,25.250000,9.435955,0.000000,-34.621910,1.000000,0.233079,0.000001963,
1957200,34.685955,25.250000,9.435955,0.000000,-34.621910,1.000000,0.232973,0.000001958,
1957300,34.717979,25.250000,9.467979,0.000000,-34.685955,1.000000,0.232880,0.000001965,
1957400,34.717979,24.750000,9.967979,0.000000,-34.685955,1.000000,0.232815,0.000001953,
1957500,34.717979,24.750000,9.967979,0.000000,-34.685955,1.000000,0.232764,0.000001964,
1957600,34.733990,24.750000,9.983990,0.000000,-34.685955,1.000000,0.232708,0.000001961,
1957700,34.733990,24.750000,9.983990,0.000000,-34.733990,1.000000,0.232602,0.000001946,
1957800,34.733990,24.750000,9.983990,0.000000,-34.733990,1.000000,0.232534,0.000001944,
1957900,34.616997,24.750000,9.866997,0.000000,-34.733990,1.000000,0.232428,0.000001936,
1958000,34.616997,25.000000,9.616997,0.000000,-34.733990,1.000000,0.232365,0.000001955,
1958100,34.616997,25.000000,9.616997,0.000000,-34.616997,1.000000,0.232259,0.000001967,
1958200,34.558498,25.000000,9.558498,0.000000,-34.616997,1.000000,0.232137,0.000001971,
1958300,34.558498,25.250000,9.308498,0.000000,-34.616997,1.000000,0.232050,0.000001971,
1958500,34.529251,25.250000,9.279251,0.000000,-34.558498,1.000000,0.231940,0.000001957,
1958600,34.529251,25.500000,9.029251,0.000000,-34.558498,1.000000,0.231804,0.000001960,
1958700,34.529251,25.500000,9.029251,0.000000,-34.558498,1.000000,0.231685,0.000001980,
1958800,34.514626,25.500000,9.014626,0.000000,-34.558498,1.000000,0.231624,0.000001955,
1958900,34.514626,24.500000,10.014626,0.000000,-34.514626,1.000000,0.231530,0.000001979,
1959000,34.514626,24.500000,10.014626,0.000000,-34.514626,1.000000,0.231451,0.000001979,
1959100,34.507313,24.500000,10.007313,0.000000,-34.514626,1.000000,0.231399,0.000001985,
1959200,34.507313,25.000000,9.507313,0.000000,-34.514626,1.000000,0.231361,0.000001978,
1959300,34.507313,25.000000,9.507313,0.000000,-34.507313,1.000000,0.231292,0.000001991,
1959400,34.503654,25.000000,9.503654,0.000000,-34.507313,1.000000,0.231252,0.000001983,
1959500,34.503654,25.250000,9.253654,0.000000,-34.507313,1.000000,0.231201,0.000001987,
1959600,34.503654,25.250000,9.253654,0.000000,-34.507313,1.000000,0.231060,0.000001996,
1959700,34.376827,25.250000,9.126827,0.000000,-34.503654,1.000000,0.230960,0.000002005,
1959800,34.376827,25.250000,9.126827,0.000000,-34.503654,1.000000,0.230884,0.000001988,
1959900,34.376827,25.250000,9.126827,0.000000,-34.503654,1.000000,0.230791,0.000001961,
1960000,34.563416,25.250000,9.313416,0.000000,-34.503654,1.000000,0.230700,0.000001957,
1960100,34.563416,24.500000,10.063416,0.000000,-34.563416,1.000000,0.230620,0.000001968,
1960200,34.563416,24.500000,10.063416,0.000000,-34.563416,1.000000,0.230533,0.000001967,
1960300,34.656708,24.500000,10.156708,0.000000,-34.563416,1.000000,0.230502,0.000001971,
1960400,34.656708,25.000000,9.656708,0.000000,-34.563416,1.000000,0.230397,0.000001930,
1960500,34.656708,25.000000,9.656708,0.000000,-34.656708,1.000000,0.230266,0.000001914,
1960600,34.578354,25.000000,9.578354,0.000000,-34.656708,1.000000,0.230215,0.000001903,
1960700,34.578354,25.000000,9.578354,0.000000,-34.656708,1.000000,0.230106,0.000001911,
1960800,34.578354,25.000000,9.578354,0.000000,-34.656708,1.000000,0.230014,0.000001876,
1960900,34.414177,25.000000,9.414177,0.000000,-34.578354,1.000000,0.229903,0.000001861,
1961000,34.414177,24.750000,9.664177,0.000000,-34.578354,1.000000,0.229818,0.000001834,
1961100,34.414177,24.750000,9.664177,0.000000,-34.578354,1.000000,0.229758,0.000001844,
1961200,34.207088,24.750000,9.457088,0.000000,-34.578354,1.000000,0.229635,0.000001844,
1961300,34.207088,25.000000,9.207088,0.000000,-34.207088,1.000000,0.229508,0.000001823,
1961400,34.207088,25.000000,9.207088,0.000000,-34.207088,1.000000,0.229427,0.000001851,
1961500,34.478546,25.000000,9.478546,0.000000,-34.207088,1.000000,0.229409,0.000001869,
1961600,34.478546,24.750000,9.728546,0.000000,-34.207088,1.000000,0.229352,0.000001866,
1961700,34.478546,24.750000,9.728546,0.000000,-34.478546,1.000000,0.229241,0.000001843,
1961800,34.239273,24.750000,9.489273,0.000000,-34.478546,1.000000,0.229138,0.000001840,
1961900,34.239273,25.000000,9.239273,0.000000,-34.478546,1.000000,0.229053,0.000001824,
1962000,34.239273,25.000000,9.239273,0.000000,-34.478546,1.000000,0.228972,0.000001817,
1962100,33.994637,25.000000,8.994637,0.000000,-34.239273,1.000000,0.228862,0.000001820,
1962200,33.994637,24.500000,9.494637,0.000000,-34.239273,1.000000,0.228763,0.000001833,
1962300,33.994637,24.500000,9.494637,0.000000,-34.239273,1.000000,0.228692,0.000001855,
1962400,34.247318,24.500000,9.747318,0.000000,-34.239273,1.000000,0.228587,0.000001864,
1962500,34.247318,25.000000,9.247318,0.000000,-34.247318,1.000000,0.228494,0.000001880,
1962600,34.247318,25.000000,9.247318,0.000000,-34.247318,1.000000,0.228412,0.000001908,
1962700,34.373657,25.000000,9.373657,0.000000,-34.247318,1.000000,0.228300,0.000001935,
1962800,34.373657,24.500000,9.873657,0.000000,-34.247318,1.000000,0.228201,0.000001935,
1962900,34.373657,24.500000,9.873657,0.000000,-34.373657,1.000000,0.228118,0.000001941,
1963000,34.436829,24.500000,9.936829,0.000000,-34.373657,1.000000,0.227954,0.000001990,
1963100,34.436829,25.250000,9.186829,0.000000,-34.373657,1.000000,0.227904,0.000001987,
1963200,34.436829,25.250000,9.186829,0.000000,-34.373657,1.000000,0.227830,0.000001992,
1963300,34.218414,25.250000,8.968414,0.000000,-34.436829,1.000000,0.227732,0.000001936,
1963400,34.218414,24.750000,9.468414,0.000000,-34.436829,1.000000,0.227645,0.000001962,
1963500,34.218414,24.750000,9.468414,0.000000,-34.436829,1.000000,0.227595,0.000001996,
1963600,34.234207,24.750000,9.484207,0.000000,-34.436829,1.000000,0.227513,0.000002002,
1963700,34.234207,25.250000,8.984207,0.000000,-34.234207,1.000000,0.227487,0.000001995,
1963800,34.234207,25.250000,8.984207,0.000000,-34.234207,1.000000,0.227379,0.000001974,
1963900,34.242104,25.250000,8.992104,0.000000,-34.234207,1.000000,0.227265,0.000002005,
1964000,34.242104,25.250000,8.992104,0.000000,-34.234207,1.000000,0.227229,0.000001983,
1964100,34.242104,25.250000,8.992104,0.000000,-34.242104,1.000000,0.227094,0.000001979,
1964200,34.371052,25.250000,9.121052,0.000000,-34.242104,1.000000,0.227008,0.000001979,
1964300,34.371052,25.250000,9.121052,0.000000,-34.242104,1.000000,0.226903,0.000001981,
1964400,34.371052,25.250000,9.121052,0.000000,-34.242104,1.000000,0.226815,0.000002005,
1964500,34.310524,25.250000,9.060524,0.000000,-34.371052,1.000000,0.226701,0.000001996,
1964600,34.310524,24.750000,9.560524,0.000000,-34.371052,1.000000,0.226580,0.000001980,
1964700,34.310524,24.750000,9.560524,0.000000,-34.371052,1.000000,0.226518,0.000001978,
1964800,34.280262,24.750000,9.530262,0.000000,-34.371052,1.000000,0.226438,0.000001956,
1964900,34.280262,25.000000,9.280262,0.000000,-34.280262,1.000000,0.226388,0.000001944,
1965000,34.280262,25.000000,9.280262,0.000000,-34.280262,1.000000,0.226305,0.000001978,
1965100,34.265129,25.000000,9.265129,0.000000,-34.280262,1.000000,0.226181,0.000001957,
1965200,34.265129,25.250000,9.015129,0.000000,-34.280262,1.000000,0.226117,0.000001959,
1965300,34.265129,25.250000,9.015129,0.000000,-34.265129,1.000000,0.226023,0.000001951,
1965400,34.257565,25.250000,9.007565,0.000000,-34.265129,1.000000,0.225947,0.000001932,
1965500,34.257565,25.000000,9.257565,0.000000,-34.265129,1.000000,0.225878,0.000001960,
1965600,34.257565,25.000000,9.257565,0.000000,-34.265129,1.000000,0.225801,0.000001949,
1965700,34.253784,25.000000,9.253784,0.000000,-34.257565,1.000000,0.225764,0.000001952,
1965800,34.253784,24.750000,9.503784,0.000000,-34.257565,1.000000,0.225697,0.000001950,
1965900,34.253784,24.750000,9.503784,0.000000,-34.257565,1.000000,0.225611,0.000001962,
1966000,34.126892,24.750000,9.376892,0.000000,-34.257565,1.000000,0.225474,0.000001959,
1966100,34.126892,24.750000,9.376892,0.000000,-34.126892,1.000000,0.225388,0.000001991,
1966200,34.126892,24.750000,9.376892,0.000000,-34.126892,1.000000,0.225308,0.000001986,
1966300,34.188446,24.750000,9.438446,0.000000,-34.126892,1.000000,0.225208,0.000002018,
1966400,34.188446,24.750000,9.438446,0.000000,-34.126892,1.000000,0.225160,0.000002004,
1966500,34.188446,24.750000,9.438446,0.000000,-34.188446,1.000000,0.225085,0.000001988,
1966600,34.344223,24.750000,9.594223,0.000000,-34.188446,1.000000,0.224986,0.000001986,
1966700,34.344223,24.750000,9.594223,0.000000,-34.188446,1.000000,0.224878,0.000002024,
1966800,34.344223,24.750000,9.594223,0.000000,-34.188446,1.000000,0.224763,0.000002033,
1966900,34.422112,24.750000,9.672112,0.000000,-34.344223,1.000000,0.224642,0.000002037,
1967000,34.422112,25.000000,9.422112,0.000000,-34.344223,1.000000,0.224511,0.000002030,
1967100,34.422112,25.000000,9.422112,0.000000,-34.344223,1.000000,0.224469,0.000002030,
1967200,34.336056,25.000000,9.336056,0.000000,-34.344223,1.000000,0.224401,0.000002060,
1967300,34.336056,25.500000,8.836056,0.000000,-34.336056,1.000000,0.224334,0.000002066,
1967400,34.336056,25.500000,8.836056,0.000000,-34.336056,1.000000,0.224225,0.000002049,
1967500,34.418030,25.500000,8.918030,0.000000,-34.336056,1.000000,0.224104,0.000002050,
1967600,34.418030,24.750000,9.668030,0.000000,-34.336056,1.000000,0.224026,0.000002059,
1967700,34.418030,24.750000,9.668030,0.000000,-34.418030,1.000000,0.223941,0.000002034,
1967800,34.209015,24.750000,9.459015,0.000000,-34.418030,1.000000,0.223823,0.000002019,
1967900,34.209015,25.000000,9.209015,0.000000,-34.418030,1.000000,0.223702,0.000002016,
1968000,34.209015,25.000000,9.209015,0.000000,-34.418030,1.000000,0.223622,0.000002024,
1968100,34.229507,25.000000,9.229507,0.000000,-34.209015,1.000000,0.223539,0.000002042,
1968200,34.229507,24.250000,9.979507,0.000000,-34.209015,1.000000,0.223493,0.000002030,
1968300,34.229507,24.250000,9.979507,0.000000,-34.209015,1.000000,0.223422,0.000001987,
1968400,34.364754,24.250000,10.114754,0.000000,-34.209015,1.000000,0.223324,0.000001978,
1968500,34.364754,24.750000,9.614754,0.000000,-34.364754,1.000000,0.223202,0.000001987,
1968600,34.364754,24.750000,9.614754,0.000000,-34.364754,1.000000,0.223156,0.000001995,
1968700,34.307377,24.750000,9.557377,0.000000,-34.364754,1.000000,0.223053,0.000001972,
1968800,34.307377,25.000000,9.307377,0.000000,-34.364754,1.000000,0.222989,0.000001959,
1968900,34.307377,25.000000,9.307377,0.000000,-34.307377,1.000000,0.222918,0.000001953,
1969000,34.153687,25.000000,9.153687,0.000000,-34.307377,1.000000,0.222831,0.000001959,
1969100,34.153687,24.750000,9.403687,0.000000,-34.307377,1.000000,0.222768,0.000001980,
1969200,34.153687,24.750000,9.403687,0.000000,-34.307377,1.000000,0.222721,0.000001963,
1969300,34.326843,24.750000,9.576843,0.000000,-34.153687,1.000000,0.222608,0.000001964,
1969400,34.326843,25.000000,9.326843,0.000000,-34.153687,1.000000,0.222481,0.000001940,
1969500,34.326843,25.000000,9.326843,0.000000,-34.153687,1.000000,0.222351,0.000001924,
1969600,34.413422,25.000000,9.413422,0.000000,-34.153687,1.000000,0.222259,0.000001940,
1969700,34.413422,25.000000,9.413422,0.000000,-34.413422,1.000000,0.222187,0.000001960,
1969800,34.413422,25.000000,9.413422,0.000000,-34.413422,1.000000,0.222047,0.000001955,
1969900,34.081711,25.000000,9.081711,0.000000,-34.413422,1.000000,0.221934,0.000001959,
1970000,34.081711,25.000000,9.081711,0.000000,-34.413422,1.000000,0.221840,0.000001947,
1970100,34.081711,25.000000,9.081711,0.000000,-34.081711,1.000000,0.221757,0.000001948,
1970200,34.290855,25.000000,9.290855,0.000000,-34.081711,1.000000,0.221657,0.000001962,
1970300,34.290855,24.750000,9.540855,0.000000,-34.081711,1.000000,0.221595,0.000001960,
1970400,34.290855,24.750000,9.540855,0.000000,-34.081711,1.000000,0.221556,0.000001948,
1970500,34.145428,24.750000,9.395428,0.000000,-34.290855,1.000000,0.221425,0.000001966,
1970600,34.145428,25.250000,8.895428,0.000000,-34.290855,1.000000,0.221375,0.000001971,
1970700,34.145428,25.250000,8.895428,0.000000,-34.290855,1.000000,0.221270,0.000001973,
1970800,34.072716,25.250000,8.822716,0.000000,-34.290855,1.000000,0.221178,0.000001977,
1970900,34.072716,25.000000,9.072716,0.000000,-34.072716,1.000000,0.221098,0.000001956,
1971000,34.072716,25.000000,9.072716,0.000000,-34.072716,1.000000,0.221024,0.000001941,
1971100,34.036358,25.000000,9.036358,0.000000,-34.072716,1.000000,0.220951,0.000001945,
1971200,34.018181,25.000000,9.018181,0.000000,-34.072716,1.000000,0.220857,0.000001957,
1971300,34.018181,25.250000,8.768181,0.000000,-34.018181,1.000000,0.220757,0.000001947,
1971400,34.018181,25.250000,8.768181,0.000000,-34.018181,1.000000,0.220679,0.000001937,
1971500,34.134090,25.250000,8.884090,0.000000,-34.018181,1.000000,0.220590,0.000001917,
1971600,34.134090,25.250000,8.884090,0.000000,-34.018181,1.000000,0.220477,0.000001946,
1971700,34.134090,25.250000,8.884090,0.000000,-34.134090,1.000000,0.220364,0.000001969,
1971800,34.317047,25.250000,9.067047,0.000000,-34.134090,1.000000,0.220278,0.000001931,
1971900,34.317047,25.250000,9.067047,0.000000,-34.134090,1.000000,0.220235,0.000001943,
1972000,34.317047,25.250000,9.067047,0.000000,-34.134090,1.000000,0.220118,0.000001944,
1972100,34.283524,25.250000,9.033524,0.000000,-34.317047,1.000000,0.220049,0.000001935,
1972200,34.283524,24.750000,9.533524,0.000000,-34.317047,1.000000,0.219967,0.000001938,
1972300,34.283524,24.750000,9.533524,0.000000,-34.317047,1.000000,0.219830,0.000001930,
1972400,34.141762,24.750000,9.391762,0.000000,-34.317047,1.000000,0.219697,0.000001918,
1972500,34.141762,24.500000,9.641762,0.000000,-34.141762,1.000000,0.219615,0.000001947,
1972600,34.141762,24.500000,9.641762,0.000000,-34.141762,1.000000,0.219552,0.000001963,
1972700,34.195881,24.500000,9.695881,0.000000,-34.141762,1.000000,0.219395,0.000001954,
1972800,34.195881,25.250000,8.945881,0.000000,-34.141762,1.000000,0.219297,0.000001952,
1972900,34.195881,25.250000,8.945881,0.000000,-34.195881,1.000000,0.219183,0.000001961,
1973000,34.222939,25.250000,8.972939,0.000000,-34.195881,1.000000,0.219073,0.000001952,
1973100,34.222939,24.500000,9.722939,0.000000,-34.195881,1.000000,0.218928,0.000001964,
1973200,34.222939,24.500000,9.722939,0.000000,-34.195881,1.000000,0.218839,0.000001952,
1973300,34.236469,24.500000,9.736469,0.000000,-34.222939,1.000000,0.218770,0.000001977,
1973400,34.236469,25.250000,8.986469,0.000000,-34.222939,1.000000,0.218679,0.000001993,
1973500,34.236469,25.250000,8.986469,0.000000,-34.222939,1.000000,0.218625,0.000001977,
1973600,34.243233,25.250000,8.993233,0.000000,-34.222939,1.000000,0.218547,0.000001958,
1973700,34.243233,25.250000,8.993233,0.000000,-34.243233,1.000000,0.218445,0.000001960,
1973800,34.243233,25.250000,8.993233,0.000000,-34.243233,1.000000,0.218326,0.000001914,
1973900,34.121616,25.250000,8.871616,0.000000,-34.243233,1.000000,0.218241,0.000001924,
1974000,34.121616,25.250000,8.871616,0.000000,-34.243233,1.000000,0.218159,0.000001923,
1974100,34.121616,25.250000,8.871616,0.000000,-34.121616,1.000000,0.218081,0.000001913,
1974200,33.810806,25.250000,8.560806,0.000000,-34.121616,1.000000,0.217975,0.000001937,
1974300,33.810806,25.000000,8.810806,0.000000,-34.121616,1.000000,0.217870,0.000001938,
1974400,33.810806,25.000000,8.810806,0.000000,-34.121616,1.000000,0.217782,0.000001954,
1974500,33.780403,25.000000,8.780403,0.000000,-33.810806,1.000000,0.217697,0.000001976,
1974600,33.780403,25.000000,8.780403,0.000000,-33.810806,1.000000,0.217618,0.000001985,
1974700,33.780403,25.000000,8.780403,0.000000,-33.810806,1.000000,0.217533,0.000001978,
1974800,34.015202,25.000000,9.015202,0.000000,-33.810806,1.000000,0.217464,0.000001968,
1974900,34.015202,25.250000,8.765202,0.000000,-34.015202,1.000000,0.217424,0.000001966,
1975000,34.015202,25.250000,8.765202,0.000000,-34.015202,1.000000,0.217324,0.000001959,
1975100,33.882599,25.250000,8.632599,0.000000,-34.015202,1.000000,0.217222,0.000001940,
1975200,33.882599,25.000000,8.882599,0.000000,-34.015202,1.000000,0.217128,0.000001987,
1975300,33.882599,25.000000,8.882599,0.000000,-33.882599,1.000000,0.217045,0.000001982,
1975400,34.066299,25.000000,9.066299,0.000000,-33.882599,1.000000,0.216943,0.000001973,
1975500,34.066299,25.250000,8.816299,0.000000,-33.882599,1.000000,0.216855,0.000001981,
1975600,34.066299,25.250000,8.816299,0.000000,-33.882599,1.000000,0.216750,0.000001980,
1975700,33.908150,25.250000,8.658150,0.000000,-34.066299,1.000000,0.216588,0.000001974,
1975800,33.908150,25.250000,8.658150,0.000000,-34.066299,1.000000,0.216506,0.000001972,
1975900,33.908150,25.250000,8.658150,0.000000,-34.066299,1.000000,0.216393,0.000001960,
1976000,33.954075,25.250000,8.704075,0.000000,-34.066299,1.000000,0.216352,0.000001960,
1976100,33.954075,25.000000,8.954075,0.000000,-33.954075,1.000000,0.216255,0.000001956,
1976200,33.954075,25.000000,8.954075,0.000000,-33.954075,1.000000,0.216168,0.000001933,
1976300,33.977036,25.000000,8.977036,0.000000,-33.954075,1.000000,0.216050,0.000001919,
1976400,33.977036,25.500000,8.477036,0.000000,-33.954075,1.000000,0.215923,0.000001956,
1976500,33.977036,25.500000,8.477036,0.000000,-33.977036,1.000000,0.215901,0.000001967,
1976600,33.738518,25.500000,8.238518,0.000000,-33.977036,1.000000,0.215801,0.000001978,
1976700,33.738518,24.750000,8.988518,0.000000,-33.977036,1.000000,0.215674,0.000001985,
1976800,33.738518,24.750000,8.988518,0.000000,-33.977036,1.000000,0.215568,0.000002005,
1976900,33.869259,24.750000,9.119259,0.000000,-33.738518,1.000000,0.215498,0.000002026,
1977000,33.869259,24.500000,9.369259,0.000000,-33.738518,1.000000,0.215408,0.000002022,
1977100,33.869259,24.500000,9.369259,0.000000,-33.738518,1.000000,0.215302,0.000002000,
1977200,33.809631,24.500000,9.309631,0.000000,-33.738518,1.000000,0.215214,0.000001991,
1977300,33.809631,25.000000,8.809631,0.000000,-33.809631,1.000000,0.215133,0.000001996,
1977400,33.809631,25.000000,8.809631,0.000000,-33.809631,1.000000,0.215011,0.000001997,
1977500,33.779816,25.000000,8.779816,0.000000,-33.809631,1.000000,0.214993,0.000002000,
1977600,33.779816,24.750000,9.029816,0.000000,-33.809631,1.000000,0.214939,0.000001988,
1977700,33.779816,24.750000,9.029816,0.000000,-33.779816,1.000000,0.214852,0.000001991,
1977800,33.639908,24.750000,8.889908,0.000000,-33.779816,1.000000,0.214753,0.000001954,
1977900,33.639908,25.000000,8.639908,0.000000,-33.779816,1.000000,0.214665,0.000001976,
1978000,33.639908,25.000000,8.639908,0.000000,-33.779816,1.000000,0.214625,0.000001968,
1978100,33.819954,25.000000,8.819954,0.000000,-33.639908,1.000000,0.214535,0.000001943,
1978200,33.819954,25.250000,8.569954,0.000000,-33.639908,1.000000,0.214427,0.000001957,
1978300,33.819954,25.250000,8.569954,0.000000,-33.639908,1.000000,0.214283,0.000001949,
1978400,33.909977,25.250000,8.659977,0.000000,-33.639908,1.000000,0.214208,0.000001953,
1978500,33.909977,25.250000,8.659977,0.000000,-33.909977,1.000000,0.214140,0.000001959,
1978600,33.909977,25.250000,8.659977,0.000000,-33.909977,1.000000,0.214059,0.000001926,
1978700,33.954987,25.250000,8.704987,0.000000,-33.909977,1.000000,0.213996,0.000001947,
1978800,33.954987,25.000000,8.954987,0.000000,-33.909977,1.000000,0.213901,0.000001929,
1978900,33.954987,25.000000,8.954987,0.000000,-33.954987,1.000000,0.213798,0.000001970,
1979000,33.727493,25.000000,8.727493,0.000000,-33.954987,1.000000,0.213731,0.000001995,
1979100,33.727493,24.750000,8.977493,0.000000,-33.954987,1.000000,0.213654,0.000001987,
1979200,33.727493,24.750000,8.977493,0.000000,-33.954987,1.000000,0.213532,0.000001984,
1979300,33.613747,24.750000,8.863747,0.000000,-33.727493,1.000000,0.213455,0.000001967,
1979400,33.613747,25.000000,8.613747,0.000000,-33.727493,1.000000,0.213361,0.000001959,
1979500,33.613747,25.000000,8.613747,0.000000,-33.727493,1.000000,0.213276,0.000001967,
1979600,33.681873,25.000000,8.681873,0.000000,-33.727493,1.000000,0.213197,0.000001996,
1979700,33.681873,25.000000,8.681873,0.000000,-33.681873,1.000000,0.213072,0.000001980,
1979800,33.681873,25.000000,8.681873,0.000000,-33.681873,1.000000,0.213001,0.000001979,
1979900,33.840935,25.000000,8.840935,0.000000,-33.681873,1.000000,0.212920,0.000001996,
1980000,33.840935,25.500000,8.340935,0.000000,-33.681873,1.000000,0.212814,0.000001983,
1980100,33.840935,25.500000,8.340935,0.000000,-33.840935,1.000000,0.212709,0.000002009,
1980200,33.920467,25.500000,8.420467,0.000000,-33.840935,1.000000,0.212620,0.000002012,
1980300,33.920467,24.750000,9.170467,0.000000,-33.840935,1.000000,0.212542,0.000002018,
1980400,33.920467,24.750000,9.170467,0.000000,-33.840935,1.000000,0.212432,0.000002011,
1980500,33.585236,24.750000,8.835236,0.000000,-33.920467,1.000000,0.212333,0.000001989,
1980600,33.585236,25.000000,8.585236,0.000000,-33.920467,1.000000,0.212221,0.000001999,
1980700,33.585236,25.000000,8.585236,0.000000,-33.920467,1.000000,0.212166,0.000001957,
1980800,33.667618,25.000000,8.667618,0.000000,-33.920467,1.000000,0.212108,0.000001941,
1980900,33.667618,24.750000,8.917618,0.000000,-33.667618,1.000000,0.212006,0.000001949,
1981000,33.667618,24.750000,8.917618,0.000000,-33.667618,1.000000,0.211926,0.000001960,
1981100,33.708809,24.750000,8.958809,0.000000,-33.667618,1.000000,0.211850,0.000001955,
1981200,33.708809,25.000000,8.708809,0.000000,-33.667618,1.000000,0.211717,0.000001984,
1981300,33.708809,25.000000,8.708809,0.000000,-33.708809,1.000000,0.211653,0.000001991,
1981400,33.479404,25.000000,8.479404,0.000000,-33.708809,1.000000,0.211586,0.000001996,
1981500,33.479404,25.000000,8.479404,0.000000,-33.708809,1.000000,0.211473,0.000001989,
1981600,33.479404,25.000000,8.479404,0.000000,-33.708809,1.000000,0.211418,0.000001978,
1981700,33.489700,25.000000,8.489700,0.000000,-33.479404,1.000000,0.211341,0.000001987,
1981800,33.489700,24.750000,8.739700,0.000000,-33.479404,1.000000,0.211246,0.000001987,
1981900,33.489700,24.750000,8.739700,0.000000,-33.479404,1.000000,0.211204,0.000001989,
1982000,33.494850,24.750000,8.744850,0.000000,-33.479404,1.000000,0.211150,0.000001998,
1982100,33.494850,25.250000,8.244850,0.000000,-33.494850,1.000000,0.211036,0.000001979,
1982200,33.494850,25.250000,8.244850,0.000000,-33.494850,1.000000,0.210950,0.000001963,
1982300,33.497425,25.250000,8.247425,0.000000,-33.494850,1.000000,0.210914,0.000001961,
1982400,33.497425,25.250000,8.247425,0.000000,-33.494850,1.000000,0.210870,0.000001954,
1982500,33.497425,25.250000,8.247425,0.000000,-33.497425,1.000000,0.210807,0.000001941,
1982600,33.623711,25.250000,8.373711,0.000000,-33.497425,1.000000,0.210726,0.000001942,
1982700,33.623711,25.250000,8.373711,0.000000,-33.497425,1.000000,0.210626,0.000001980,
1982800,33.623711,25.250000,8.373711,0.000000,-33.497425,1.000000,0.210594,0.000001991,
1982900,33.686855,25.250000,8.436855,0.000000,-33.623711,1.000000,0.210468,0.000001986,
1983000,33.686855,25.250000,8.436855,0.000000,-33.623711,1.000000,0.210413,0.000001969,
1983100,33.686855,25.250000,8.436855,0.000000,-33.623711,1.000000,0.210283,0.000001952,
1983200,33.593430,25.250000,8.343430,0.000000,-33.623711,1.000000,0.210231,0.000001964,
1983300,33.593430,25.250000,8.343430,0.000000,-33.593430,1.000000,0.210130,0.000001959,
1983400,33.593430,25.250000,8.343430,0.000000,-33.593430,1.000000,0.210025,0.000001969,
1983500,33.796715,25.250000,8.546715,0.000000,-33.593430,1.000000,0.209900,0.000001950,
1983600,33.796715,25.500000,8.296715,0.000000,-33.593430,1.000000,0.209856,0.000001954,
1983700,33.796715,25.500000,8.296715,0.000000,-33.796715,1.000000,0.209818,0.000001964,
1983800,33.773357,25.500000,8.273357,0.000000,-33.796715,1.000000,0.209684,0.000001992,
1983900,33.773357,24.750000,9.023357,0.000000,-33.796715,1.000000,0.209580,0.000002004,
1984000,33.773357,24.750000,9.023357,0.000000,-33.796715,1.000000,0.209503,0.000001981,
1984100,33.761681,24.750000,9.011681,0.000000,-33.773357,1.000000,0.209448,0.000001979,
1984200,33.761681,24.750000,9.011681,0.000000,-33.773357,1.000000,0.209402,0.000001952,
1984300,33.761681,24.750000,9.011681,0.000000,-33.773357,1.000000,0.209285,0.000001956,
1984400,33.755840,24.750000,9.005840,0.000000,-33.773357,1.000000,0.209202,0.000001979,
1984500,33.755840,25.250000,8.505840,0.000000,-33.755840,1.000000,0.209119,0.000001958,
1984600,33.755840,25.250000,8.505840,0.000000,-33.755840,1.000000,0.209055,0.000001964,
1984700,33.877922,25.250000,8.627922,0.000000,-33.755840,1.000000,0.209026,0.000001933,
1984800,33.877922,25.250000,8.627922,0.000000,-33.755840,1.000000,0.208955,0.000001943,
1984900,33.877922,25.250000,8.627922,0.000000,-33.877922,1.000000,0.208863,0.000001937,
1985000,33.563961,25.250000,8.313961,0.000000,-33.877922,1.000000,0.208791,0.000001933,
1985100,33.563961,25.000000,8.563961,0.000000,-33.877922,1.000000,0.208708,0.000001940,
1985200,33.563961,25.000000,8.563961,0.000000,-33.877922,1.000000,0.208603,0.000001913,
1985300,33.531982,25.000000,8.531982,0.000000,-33.563961,1.000000,0.208533,0.000001880,
1985400,33.531982,25.000000,8.531982,0.000000,-33.563961,1.000000,0.208470,0.000001883,
1985500,33.531982,25.000000,8.531982,0.000000,-33.563961,1.000000,0.208395,0.000001886,
1985600,33.765991,25.000000,8.765991,0.000000,-33.563961,1.000000,0.208288,0.000001909,
1985700,33.765991,25.000000,8.765991,0.000000,-33.765991,1.000000,0.208248,0.000001911,
1985800,33.765991,25.000000,8.765991,0.000000,-33.765991,1.000000,0.208153,0.000001953,
1985900,33.632996,25.000000,8.632996,0.000000,-33.765991,1.000000,0.208094,0.000001964,
1986000,33.632996,25.000000,8.632996,0.000000,-33.765991,1.000000,0.208043,0.000001948,
1986100,33.632996,25.000000,8.632996,0.000000,-33.632996,1.000000,0.207980,0.000001936,
1986200,33.691498,25.000000,8.691498,0.000000,-33.632996,1.000000,0.207885,0.000001932,
1986300,33.691498,25.250000,8.441498,0.000000,-33.632996,1.000000,0.207813,0.000001927,
1986400,33.691498,25.250000,8.441498,0.000000,-33.632996,1.000000,0.207752,0.000001903,
1986500,33.720749,25.250000,8.470749,0.000000,-33.691498,1.000000,0.207669,0.000001920,
1986600,33.720749,25.500000,8.220749,0.000000,-33.691498,1.000000,0.207603,0.000001946,
1986700,33.720749,25.500000,8.220749,0.000000,-33.691498,1.000000,0.207520,0.000001962,
1986800,33.360374,25.500000,7.860374,0.000000,-33.691498,1.000000,0.207416,0.000001986,
1986900,33.360374,24.250000,9.110374,0.000000,-33.360374,1.000000,0.207333,0.000001987,
1987000,33.360374,24.250000,9.110374,0.000000,-33.360374,1.000000,0.207268,0.000001982,
1987100,33.430187,24.250000,9.180187,0.000000,-33.360374,1.000000,0.207231,0.000001963,
1987200,33.430187,24.750000,8.680187,0.000000,-33.360374,1.000000,0.207168,0.000001948,
1987300,33.430187,24.750000,8.680187,0.000000,-33.430187,1.000000,0.207097,0.000001938,
1987400,33.465096,24.750000,8.715096,0.000000,-33.430187,1.000000,0.207055,0.000001939,
1987500,33.465096,25.250000,8.215096,0.000000,-33.430187,1.000000,0.206974,0.000001965,
1987600,33.465096,25.250000,8.215096,0.000000,-33.430187,1.000000,0.206879,0.000001952,
1987700,33.607548,25.250000,8.357548,0.000000,-33.465096,1.000000,0.206790,0.000001968,
1987800,33.607548,25.250000,8.357548,0.000000,-33.465096,1.000000,0.206681,0.000001959,
1987900,33.607548,25.250000,8.357548,0.000000,-33.465096,1.000000,0.206586,0.000001971,
1988000,33.553772,25.250000,8.303772,0.000000,-33.465096,1.000000,0.206518,0.000001963,
1988100,33.553772,24.750000,8.803772,0.000000,-33.553772,1.000000,0.206465,0.000001948,
1988200,33.553772,24.750000,8.803772,0.000000,-33.553772,1.000000,0.206382,0.000001983,
1988300,33.651886,24.750000,8.901886,0.000000,-33.553772,1.000000,0.206303,0.000001989,
1988400,33.651886,25.250000,8.401886,0.000000,-33.553772,1.000000,0.206267,0.000001960,
1988500,33.651886,25.250000,8.401886,0.000000,-33.651886,1.000000,0.206167,0.000001956,
1988600,33.700943,25.250000,8.450943,0.000000,-33.651886,1.000000,0.206071,0.000001958,
1988700,33.700943,25.500000,8.200943,0.000000,-33.651886,1.000000,0.206019,0.000001942,
1988800,33.700943,25.500000,8.200943,0.000000,-33.651886,1.000000,0.205932,0.000001934,
1988900,33.600471,25.500000,8.100471,0.000000,-33.700943,1.000000,0.205837,0.000001924,
1989000,33.600471,24.750000,8.850471,0.000000,-33.700943,1.000000,0.205779,0.000001946,
1989100,33.600471,24.750000,8.850471,0.000000,-33.700943,1.000000,0.205731,0.000001952,
1989200,33.550236,24.750000,8.800236,0.000000,-33.700943,1.000000,0.205648,0.000001954,
1989300,33.550236,25.250000,8.300236,0.000000,-33.550236,1.000000,0.205576,0.000001954,
1989400,33.550236,25.250000,8.300236,0.000000,-33.550236,1.000000,0.205485,0.000001934,
1989500,33.525116,25.250000,8.275116,0.000000,-33.550236,1.000000,0.205401,0.000001949,
1989600,33.525116,25.000000,8.525116,0.000000,-33.550236,1.000000,0.205294,0.000001956,
1989700,33.525116,25.000000,8.525116,0.000000,-33.525116,1.000000,0.205159,0.000001957,
1989800,33.387558,25.000000,8.387558,0.000000,-33.525116,1.000000,0.205049,0.000001991,
1989900,33.387558,25.500000,7.887558,0.000000,-33.525116,1.000000,0.204986,0.000001980,
1990000,33.387558,25.500000,7.887558,0.000000,-33.525116,1.000000,0.204899,0.000001962,
1990100,33.318779,25.500000,7.818779,0.000000,-33.387558,1.000000,0.204859,0.000001982,
1990200,33.318779,25.500000,7.818779,0.000000,-33.387558,1.000000,0.204755,0.000002009,
1990300,33.318779,25.500000,7.818779,0.000000,-33.387558,1.000000,0.204691,0.000002020,
1990400,33.159389,25.500000,7.659389,0.000000,-33.387558,1.000000,0.204609,0.000002032,
1990500,33.159389,25.250000,7.909389,0.000000,-33.159389,1.000000,0.204508,0.000002006,
1990600,33.159389,25.250000,7.909389,0.000000,-33.159389,1.000000,0.204428,0.000001980,
1990700,33.329697,25.250000,8.079697,0.000000,-33.159389,1.000000,0.204357,0.000001985,
1990800,33.329697,25.250000,8.079697,0.000000,-33.159389,1.000000,0.204233,0.000001949,
1990900,33.329697,25.250000,8.079697,0.000000,-33.329697,1.000000,0.204146,0.000001953,
1991000,33.539848,25.250000,8.289848,0.000000,-33.329697,1.000000,0.204085,0.000001923,
1991100,33.539848,24.750000,8.789848,0.000000,-33.329697,1.000000,0.204053,0.000001932,
1991200,33.539848,24.750000,8.789848,0.000000,-33.329697,1.000000,0.203962,0.000001921,
1991300,33.394924,24.750000,8.644924,0.000000,-33.539848,1.000000,0.203942,0.000001907,
1991400,33.394924,25.500000,7.894924,0.000000,-33.539848,1.000000,0.203847,0.000001905,
1991500,33.394924,25.500000,7.894924,0.000000,-33.539848,1.000000,0.203780,0.000001899,
1991600,33.447464,25.500000,7.947464,0.000000,-33.539848,1.000000,0.203715,0.000001910,
1991700,33.447464,24.500000,8.947464,0.000000,-33.447464,1.000000,0.203620,0.000001923,
1991800,33.447464,24.500000,8.947464,0.000000,-33.447464,1.000000,0.203540,0.000001914,
1991900,33.598732,24.500000,9.098732,0.000000,-33.447464,1.000000,0.203472,0.000001947,
1992000,33.598732,25.000000,8.598732,0.000000,-33.447464,1.000000,0.203390,0.000001957,
1992100,33.598732,25.000000,8.598732,0.000000,-33.598732,1.000000,0.203337,0.000001967,
1992200,33.674366,25.000000,8.674366,0.000000,-33.598732,1.000000,0.203204,0.000001997,
1992300,33.674366,24.750000,8.924366,0.000000,-33.598732,1.000000,0.203090,0.000002023,
1992400,33.674366,24.750000,8.924366,0.000000,-33.598732,1.000000,0.203049,0.000002009,
1992500,33.712181,24.750000,8.962181,0.000000,-33.674366,1.000000,0.202934,0.000002012,
1992600,33.712181,24.250000,9.462181,0.000000,-33.674366,1.000000,0.202866,0.000001978,
1992700,33.712181,24.250000,9.462181,0.000000,-33.674366,1.000000,0.202832,0.000001986,
1992800,33.606091,24.250000,9.356091,0.000000,-33.674366,1.000000,0.202770,0.000001983,
1992900,33.606091,25.250000,8.356091,0.000000,-33.606091,1.000000,0.202756,0.000001979,
1993000,33.606091,25.250000,8.356091,0.000000,-33.606091,1.000000,0.202744,0.000001981,
1993100,33.303047,25.250000,8.053047,0.000000,-33.606091,1.000000,0.202671,0.000001966,
1993200,33.303047,24.750000,8.553047,0.000000,-33.606091,1.000000,0.202546,0.000001943,
1993300,33.303047,24.750000,8.553047,0.000000,-33.303047,1.000000,0.202431,0.000001957,
1993400,33.276524,24.750000,8.526524,0.000000,-33.303047,1.000000,0.202320,0.000001955,
1993500,33.276524,24.750000,8.526524,0.000000,-33.303047,1.000000,0.202276,0.000001956,
1993600,33.276524,24.750000,8.526524,0.000000,-33.303047,1.000000,0.202188,0.000001944,
1993700,33.388260,24.750000,8.638260,0.000000,-33.276524,1.000000,0.202121,0.000001957,
1993800,33.388260,25.000000,8.388260,0.000000,-33.276524,1.000000,0.202022,0.000001961,
1993900,33.388260,25.000000,8.388260,0.000000,-33.276524,1.000000,0.201962,0.000001959,
1994000,33.444130,25.000000,8.444130,0.000000,-33.276524,1.000000,0.201869,0.000001960,
1994100,33.444130,25.000000,8.444130,0.000000,-33.444130,1.000000,0.201775,0.000001942,
1994200,33.444130,25.000000,8.444130,0.000000,-33.444130,1.000000,0.201690,0.000001948,
1994300,33.472065,25.000000,8.472065,0.000000,-33.444130,1.000000,0.201582,0.000001937,
1994400,33.472065,25.000000,8.472065,0.000000,-33.444130,1.000000,0.201540,0.000001951,
1994500,33.472065,25.000000,8.472065,0.000000,-33.472065,1.000000,0.201499,0.000001942,
1994600,33.486031,25.000000,8.486031,0.000000,-33.472065,1.000000,0.201408,0.000001963,
1994700,33.486031,25.000000,8.486031,0.000000,-33.472065,1.000000,0.201331,0.000001999,
1994800,33.486031,25.000000,8.486031,0.000000,-33.472065,1.000000,0.201225,0.000001993,
1994900,33.368015,25.000000,8.368015,0.000000,-33.486031,1.000000,0.201157,0.000001972,
1995000,33.368015,25.250000,8.118015,0.000000,-33.486031,1.000000,0.201076,0.000001972,
1995100,33.368015,25.250000,8.118015,0.000000,-33.486031,1.000000,0.201005,0.000001986,
1995200,33.184006,25.250000,7.934006,0.000000,-33.486031,1.000000,0.200876,0.000001990,
1995300,33.184006,25.000000,8.184006,0.000000,-33.184006,1.000000,0.200833,0.000001985,
1995400,33.184006,25.000000,8.184006,0.000000,-33.184006,1.000000,0.200783,0.000001983,
1995500,33.092003,25.000000,8.092003,0.000000,-33.184006,1.000000,0.200698,0.000002001,
1995600,33.092003,25.250000,7.842003,0.000000,-33.184006,1.000000,0.200593,0.000001997,
1995700,33.092003,25.250000,7.842003,0.000000,-33.092003,1.000000,0.200536,0.000001982,
1995800,33.296001,25.250000,8.046001,0.000000,-33.092003,1.000000,0.200466,0.000001980,
1995900,33.296001,24.750000,8.546001,0.000000,-33.092003,1.000000,0.200426,0.000001961,
1996000,33.296001,24.750000,8.546001,0.000000,-33.092003,1.000000,0.200313,0.000001960,
1996100,33.023003,24.750000,8.273003,0.000000,-33.296001,1.000000,0.200239,0.000001954,
1996200,33.023003,24.250000,8.773003,0.000000,-33.296001,1.000000,0.200174,0.000002032,
1996300,33.023003,24.250000,8.773003,0.000000,-33.296001,1.000000,0.200088,0.000002018,
1996400,33.011501,24.250000,8.761501,0.000000,-33.296001,1.000000,0.200063,0.000002010,
1996500,33.011501,25.000000,8.011501,0.000000,-33.011501,1.000000,0.200052,0.000002011,
1996600,33.011501,25.000000,8.011501,0.000000,-33.011501,1.000000,0.199964,0.000002020,
1996700,33.005753,25.000000,8.005753,0.000000,-33.011501,1.000000,0.199907,0.000002032,
1996800,33.002876,25.000000,8.002876,0.000000,-33.011501,1.000000,0.199866,0.000002024,
1996900,33.002876,25.000000,8.002876,0.000000,-33.002876,1.000000,0.199805,0.000001985,
1997000,33.002876,25.000000,8.002876,0.000000,-33.002876,1.000000,0.199718,0.000001998,
1997100,33.126438,25.000000,8.126438,0.000000,-33.002876,1.000000,0.199641,0.000002006,
1997200,33.126438,24.750000,8.376438,0.000000,-33.002876,1.000000,0.199530,0.000001999,
1997300,33.126438,24.750000,8.376438,0.000000,-33.126438,1.000000,0.199481,0.000001971,
1997400,33.063217,24.750000,8.313217,0.000000,-33.126438,1.000000,0.199364,0.000001993,
1997500,33.063217,25.250000,7.813217,0.000000,-33.126438,1.000000,0.199321,0.000001998,
1997600,33.063217,25.250000,7.813217,0.000000,-33.126438,1.000000,0.199292,0.000002012,
1997700,33.031609,25.250000,7.781609,0.000000,-33.063217,1.000000,0.199214,0.000001986,
1997800,33.031609,24.750000,8.281609,0.000000,-33.063217,1.000000,0.199170,0.000001975,
1997900,33.031609,24.750000,8.281609,0.000000,-33.063217,1.000000,0.199085,0.000001963,
1998000,33.015804,24.750000,8.265804,0.000000,-33.063217,1.000000,0.199053,0.000001975,
1998100,33.015804,25.000000,8.015804,0.000000,-33.015804,1.000000,0.198996,0.000001956,
1998200,33.015804,25.000000,8.015804,0.000000,-33.015804,1.000000,0.198940,0.000001916,
1998300,33.007904,25.000000,8.007904,0.000000,-33.015804,1.000000,0.198878,0.000001906,
1998400,33.007904,25.250000,7.757904,0.000000,-33.015804,1.000000,0.198797,0.000001926,
1998500,33.007904,25.250000,7.757904,0.000000,-33.007904,1.000000,0.198707,0.000001914,
1998600,33.253952,25.250000,8.003952,0.000000,-33.007904,1.000000,0.198610,0.000001920,
1998700,33.253952,25.250000,8.003952,0.000000,-33.007904,1.000000,0.198499,0.000001941,
1998800,33.253952,25.250000,8.003952,0.000000,-33.007904,1.000000,0.198471,0.000001952,
1998900,33.126976,25.250000,7.876976,0.000000,-33.253952,1.000000,0.198386,0.000001952,
1999000,33.126976,25.000000,8.126976,0.000000,-33.253952,1.000000,0.198262,0.000001942,
1999100,33.126976,25.000000,8.126976,0.000000,-33.253952,1.000000,0.198147,0.000001943,
1999200,33.063488,25.000000,8.063488,0.000000,-33.253952,1.000000,0.198026,0.000001953,
1999300,33.063488,24.750000,8.313488,0.000000,-33.063488,1.000000,0.197963,0.000001978,
1999400,33.063488,24.750000,8.313488,0.000000,-33.063488,1.000000,0.197899,0.000002000,
1999500,33.156746,24.750000,8.406746,0.000000,-33.063488,1.000000,0.197817,0.000001986,
1999600,33.156746,24.750000,8.406746,0.000000,-33.063488,1.000000,0.197763,0.000001971,
1999700,33.156746,24.750000,8.406746,0.000000,-33.156746,1.000000,0.197732,0.000001937,
1999800,33.078373,24.750000,8.328373,0.000000,-33.156746,1.000000,0.197638,0.000001931,
1999900,33.078373,25.250000,7.828373,0.000000,-33.156746,1.000000,0.197556,0.000001913,
2000000,33.078373,25.250000,7.828373,0.000000,-33.156746,1.000000,0.197448,0.000001902,
2000100,33.164185,25.250000,7.914185,0.000000,-33.078373,1.000000,0.197362,0.000001926,
2000200,33.164185,25.000000,8.164185,0.000000,-33.078373,1.000000,0.197306,0.000001960,
2000300,33.164185,25.000000,8.164185,0.000000,-33.078373,1.000000,0.197231,0.000001934,
2000400,33.207092,25.000000,8.207092,0.000000,-33.078373,1.000000,0.197157,0.000001940,
2000500,33.207092,25.250000,7.957092,0.000000,-33.207092,1.000000,0.197038,0.000001920,
2000600,33.207092,25.250000,7.957092,0.000000,-33.207092,1.000000,0.196981,0.000001911,
2000700,33.228546,25.250000,7.978546,0.000000,-33.207092,1.000000,0.196952,0.000001929,
2000800,33.228546,25.000000,8.228546,0.000000,-33.207092,1.000000,0.196831,0.000001952,
2000900,33.228546,25.000000,8.228546,0.000000,-33.228546,1.000000,0.196807,0.000001936,
2001000,33.239273,25.000000,8.239273,0.000000,-33.228546,1.000000,0.196748,0.000001966,
2001100,33.239273,25.250000,7.989273,0.000000,-33.228546,1.000000,0.196703,0.000001946,
2001200,33.239273,25.250000,7.989273,0.000000,-33.228546,1.000000,0.196662,0.000001960,
2001300,33.244637,25.250000,7.994637,0.000000,-33.239273,1.000000,0.196572,0.000001951,
2001400,33.244637,24.750000,8.494637,0.000000,-33.239273,1.000000,0.196475,0.000001946,
2001500,33.244637,24.750000,8.494637,0.000000,-33.239273,1.000000,0.196420,0.000001953,
2001600,32.997318,24.750000,8.247318,0.000000,-33.239273,1.000000,0.196297,0.000001943,
2001700,32.997318,25.000000,7.997318,0.000000,-32.997318,1.000000,0.196258,0.000001930,
2001800,32.997318,25.000000,7.997318,0.000000,-32.997318,1.000000,0.196170,0.000001929,
2001900,32.873657,25.000000,7.873657,0.000000,-32.997318,1.000000,0.196111,0.000001945,
2002000,32.873657,24.750000,8.123657,0.000000,-32.997318,1.000000,0.196015,0.000001982,
2002100,32.873657,24.750000,8.123657,0.000000,-32.873657,1.000000,0.195965,0.000001985,
2002200,32.936829,24.750000,8.186829,0.000000,-32.873657,1.000000,0.195859,0.000001996,
2002300,32.936829,24.500000,8.436829,0.000000,-32.873657,1.000000,0.195773,0.000001999,
2002400,32.936829,24.500000,8.436829,0.000000,-32.873657,1.000000,0.195744,0.000001997,
2002600,33.093414,25.000000,8.093414,0.000000,-32.936829,1.000000,0.195603,0.000001995,
2002700,33.093414,25.000000,8.093414,0.000000,-32.936829,1.000000,0.195540,0.000002020,
2002800,33.171707,25.000000,8.171707,0.000000,-32.936829,1.000000,0.195495,0.000002014,
2002900,33.171707,25.000000,8.171707,0.000000,-33.171707,1.000000,0.195384,0.000001996,
2003000,33.171707,25.000000,8.171707,0.000000,-33.171707,1.000000,0.195310,0.000001985,
2003100,32.960854,25.000000,7.960854,0.000000,-33.171707,1.000000,0.195236,0.000001973,
2003200,32.960854,25.250000,7.710854,0.000000,-33.171707,1.000000,0.195174,0.000001960,
2003300,32.960854,25.250000,7.710854,0.000000,-32.960854,1.000000,0.195179,0.000001950,
2003400,33.105427,25.250000,7.855427,0.000000,-32.960854,1.000000,0.195047,0.000001981,
2003500,33.105427,25.250000,7.855427,0.000000,-32.960854,1.000000,0.194939,0.000002007,
2003600,33.105427,25.250000,7.855427,0.000000,-32.960854,1.000000,0.194849,0.000002020,
2003700,32.927711,25.250000,7.677711,0.000000,-33.105427,1.000000,0.194753,0.000001986,
2003800,32.927711,25.000000,7.927711,0.000000,-33.105427,1.000000,0.194664,0.000001963,
2003900,32.927711,25.000000,7.927711,0.000000,-33.105427,1.000000,0.194623,0.000001953,
2004000,32.838856,25.000000,7.838856,0.000000,-33.105427,1.000000,0.194486,0.000001951,
2004100,32.838856,25.000000,7.838856,0.000000,-32.838856,1.000000,0.194431,0.000001958,
2004200,32.838856,25.000000,7.838856,0.000000,-32.838856,1.000000,0.194372,0.000001964,
2004300,32.794426,25.000000,7.794426,0.000000,-32.838856,1.000000,0.194353,0.000001945,
2004400,32.794426,24.750000,8.044426,0.000000,-32.838856,1.000000,0.194301,0.000001951,
2004500,32.794426,24.750000,8.044426,0.000000,-32.794426,1.000000,0.194167,0.000001963,
2004600,33.022213,24.750000,8.272213,0.000000,-32.794426,1.000000,0.194016,0.000001985,
2004700,33.022213,24.500000,8.522213,0.000000,-32.794426,1.000000,0.193954,0.000001972,
2004800,33.022213,24.500000,8.522213,0.000000,-32.794426,1.000000,0.193919,0.000001973,
2004900,33.011108,24.500000,8.511108,0.000000,-33.022213,1.000000,0.193829,0.000001940,
2005000,33.011108,25.000000,8.011108,0.000000,-33.022213,1.000000,0.193741,0.000001940,
2005100,33.011108,25.000000,8.011108,0.000000,-33.022213,1.000000,0.193686,0.000001942,
2005200,33.130554,25.000000,8.130554,0.000000,-33.022213,1.000000,0.193643,0.000001965,
2005300,33.130554,25.000000,8.130554,0.000000,-33.130554,1.000000,0.193595,0.000001932,
2005400,33.130554,25.000000,8.130554,0.000000,-33.130554,1.000000,0.193590,0.000001940,
2005500,33.065277,25.000000,8.065277,0.000000,-33.130554,1.000000,0.193545,0.000001953,
2005600,33.065277,24.750000,8.315277,0.000000,-33.130554,1.000000,0.193510,0.000001942,
2005700,33.065277,24.750000,8.315277,0.000000,-33.065277,1.000000,0.193435,0.000002001,
2005800,33.032639,24.750000,8.282639,0.000000,-33.065277,1.000000,0.193333,0.000002008,
2005900,33.032639,25.000000,8.032639,0.000000,-33.065277,1.000000,0.193265,0.000001983,
2006000,33.032639,25.000000,8.032639,0.000000,-33.065277,1.000000,0.193186,0.000001997,
2006100,33.141319,25.000000,8.141319,0.000000,-33.032639,1.000000,0.193122,0.000001984,
2006200,33.141319,24.750000,8.391319,0.000000,-33.032639,1.000000,0.193053,0.000002012,
2006300,33.141319,24.750000,8.391319,0.000000,-33.032639,1.000000,0.192960,0.000002015,
2006400,33.070660,24.750000,8.320660,0.000000,-33.032639,1.000000,0.192873,0.000001998,
2006500,33.070660,25.250000,7.820660,0.000000,-33.070660,1.000000,0.192785,0.000002002,
2006600,33.070660,25.250000,7.820660,0.000000,-33.070660,1.000000,0.192737,0.000001996,
2006700,33.035332,25.250000,7.785332,0.000000,-33.070660,1.000000,0.192671,0.000002030,
2006800,33.035332,25.000000,8.035332,0.000000,-33.070660,1.000000,0.192626,0.000002024,
2006900,33.035332,25.000000,8.035332,0.000000,-33.035332,1.000000,0.192583,0.000002004,
2007000,33.017666,25.000000,8.017666,0.000000,-33.035332,1.000000,0.192504,0.000002023,
2007100,33.017666,25.000000,8.017666,0.000000,-33.035332,1.000000,0.192461,0.000002010,
2007200,33.017666,25.000000,8.017666,0.000000,-33.035332,1.000000,0.192387,0.000001989,
2007300,33.133835,25.000000,8.133835,0.000000,-33.017666,1.000000,0.192323,0.000002005,
2007400,33.133835,25.500000,7.633835,0.000000,-33.017666,1.000000,0.192245,0.000001980,
2007500,33.133835,25.500000,7.633835,0.000000,-33.017666,1.000000,0.192238,0.000001979,
2007600,33.191917,25.500000,7.691917,0.000000,-33.017666,1.000000,0.192197,0.000001965,
2007700,33.191917,25.250000,7.941917,0.000000,-33.191917,1.000000,0.192101,0.000001960,
2007800,33.191917,25.250000,7.941917,0.000000,-33.191917,1.000000,0.192095,0.000001982,
2007900,33.220959,25.250000,7.970959,0.000000,-33.191917,1.000000,0.192025,0.000001999,
2008000,33.220959,25.000000,8.220959,0.000000,-33.191917,1.000000,0.191939,0.000001959,
2008100,33.220959,25.000000,8.220959,0.000000,-33.220959,1.000000,0.191872,0.000001956,
2008200,33.110481,25.000000,8.110481,0.000000,-33.220959,1.000000,0.191811,0.000001953,
2008300,33.110481,25.500000,7.610481,0.000000,-33.220959,1.000000,0.191749,0.000001946,
2008400,33.110481,25.500000,7.610481,0.000000,-33.220959,1.000000,0.191693,0.000001909,
2008500,33.180241,25.500000,7.680241,0.000000,-33.110481,1.000000,0.191656,0.000001890,
2008600,33.180241,25.250000,7.930241,0.000000,-33.110481,1.000000,0.191564,0.000001904,
2008700,33.180241,25.250000,7.930241,0.000000,-33.110481,1.000000,0.191471,0.000001897,
2008800,33.090118,25.250000,7.840118,0.000000,-33.110481,1.000000,0.191371,0.000001957,
2008900,33.090118,25.000000,8.090118,0.000000,-33.090118,1.000000,0.191296,0.000001976,
2009000,33.090118,25.000000,8.090118,0.000000,-33.090118,1.000000,0.191249,0.000001997,
2009100,32.920059,25.000000,7.920059,0.000000,-33.090118,1.000000,0.191159,0.000001965,
2009200,32.920059,25.000000,7.920059,0.000000,-33.090118,1.000000,0.191084,0.000001945,
2009300,32.920059,25.000000,7.920059,0.000000,-32.920059,1.000000,0.190995,0.000001940,
2009400,33.085030,25.000000,8.085030,0.000000,-32.920059,1.000000,0.190923,0.000001943,
2009500,33.085030,25.250000,7.835030,0.000000,-32.920059,1.000000,0.190869,0.000001942,
2009600,33.085030,25.250000,7.835030,0.000000,-32.920059,1.000000,0.190765,0.000001932,
2009700,33.042515,25.250000,7.792515,0.000000,-33.085030,1.000000,0.190705,0.000001918,
2009800,33.042515,24.750000,8.292515,0.000000,-33.085030,1.000000,0.190654,0.000001916,
2009900,33.042515,24.750000,8.292515,0.000000,-33.085030,1.000000,0.190607,0.000001934,
2010000,32.646255,24.750000,7.896255,0.000000,-33.085030,1.000000,0.190552,0.000001932,
2010100,32.646255,25.250000,7.396255,0.000000,-32.646255,1.000000,0.190479,0.000001953,
2010200,32.646255,25.250000,7.396255,0.000000,-32.646255,1.000000,0.190388,0.000001971,
2010300,32.823128,25.250000,7.573128,0.000000,-32.646255,1.000000,0.190310,0.000001977,
2010400,32.823128,25.500000,7.323128,0.000000,-32.646255,1.000000,0.190228,0.000001971,
2010500,32.823128,25.500000,7.323128,0.000000,-32.823128,1.000000,0.190147,0.000001988,
2010600,32.911564,25.500000,7.411564,0.000000,-32.823128,1.000000,0.190054,0.000001998,
2010700,32.911564,25.000000,7.911564,0.000000,-32.823128,1.000000,0.189990,0.000001994,
2010800,32.911564,25.000000,7.911564,0.000000,-32.823128,1.000000,0.189913,0.000001980,
2010900,32.955780,25.000000,7.955780,0.000000,-32.911564,1.000000,0.189878,0.000001979,
2011000,32.955780,25.000000,7.955780,0.000000,-32.911564,1.000000,0.189850,0.000001956,
2011100,32.955780,25.000000,7.955780,0.000000,-32.911564,1.000000,0.189780,0.000001931,
2011200,32.977890,25.000000,7.977890,0.000000,-32.911564,1.000000,0.189707,0.000001908,
2011300,32.977890,24.500000,8.477890,0.000000,-32.977890,1.000000,0.189666,0.000001936,
2011400,32.977890,24.500000,8.477890,0.000000,-32.977890,1.000000,0.189589,0.000001941,
2011500,32.738945,24.500000,8.238945,0.000000,-32.977890,1.000000,0.189538,0.000001954,
2011600,32.738945,25.250000,7.488945,0.000000,-32.977890,1.000000,0.189461,0.000001951,
2011700,32.738945,25.250000,7.488945,0.000000,-32.738945,1.000000,0.189379,0.000001953,
2011800,32.619473,25.250000,7.369473,0.000000,-32.738945,1.000000,0.189311,0.000001949,
2011900,32.619473,25.250000,7.369473,0.000000,-32.738945,1.000000,0.189255,0.000001918,
2012000,32.619473,25.250000,7.369473,0.000000,-32.738945,1.000000,0.189176,0.000001954,
2012100,32.684738,25.250000,7.434738,0.000000,-32.619473,1.000000,0.189095,0.000001953,
2012200,32.684738,24.750000,7.934738,0.000000,-32.619473,1.000000,0.189018,0.000001934,
2012300,32.684738,24.750000,7.934738,0.000000,-32.619473,1.000000,0.188910,0.000001934,
2012600,32.717369,24.750000,7.967369,0.000000,-32.717369,1.000000,0.188712,0.000001907,
2012700,32.858685,24.750000,8.108685,0.000000,-32.717369,1.000000,0.188661,0.000001914,
2012800,32.858685,24.250000,8.608685,0.000000,-32.717369,1.000000,0.188559,0.000001924,
2012900,32.858685,24.250000,8.608685,0.000000,-32.858685,1.000000,0.188481,0.000001941,
2013000,32.929344,24.250000,8.679344,0.000000,-32.858685,1.000000,0.188412,0.000001975,
2013100,32.929344,25.000000,7.929344,0.000000,-32.858685,1.000000,0.188355,0.000001990,
2013200,32.929344,25.000000,7.929344,0.000000,-32.858685,1.000000,0.188287,0.000001973,
2013300,32.714672,25.000000,7.714672,0.000000,-32.929344,1.000000,0.188218,0.000001966,
2013400,32.714672,25.000000,7.714672,0.000000,-32.929344,1.000000,0.188206,0.000001970,
2013500,32.714672,25.000000,7.714672,0.000000,-32.929344,1.000000,0.188155,0.000001983,
2013600,32.732338,25.000000,7.732338,0.000000,-32.929344,1.000000,0.188084,0.000001972,
2013700,32.732338,25.750000,6.982338,0.000000,-32.732338,1.000000,0.187988,0.000001946,
2013800,32.732338,25.750000,6.982338,0.000000,-32.732338,1.000000,0.187900,0.000001952,
2013900,32.741169,25.750000,6.991169,0.000000,-32.732338,1.000000,0.187852,0.000001958,
2014000,32.741169,25.000000,7.741169,0.000000,-32.732338,1.000000,0.187767,0.000001972,
2014100,32.741169,25.000000,7.741169,0.000000,-32.741169,1.000000,0.187693,0.000001987,
2014200,32.620583,25.000000,7.620583,0.000000,-32.741169,1.000000,0.187628,0.000001969,
2014300,32.620583,25.000000,7.620583,0.000000,-32.741169,1.000000,0.187572,0.000001991,
2014400,32.620583,25.000000,7.620583,0.000000,-32.741169,1.000000,0.187509,0.000001974,
2014500,32.810291,25.000000,7.810291,0.000000,-32.620583,1.000000,0.187477,0.000001978,
2014600,32.810291,25.250000,7.560291,0.000000,-32.620583,1.000000,0.187396,0.000001938,
2014700,32.810291,25.250000,7.560291,0.000000,-32.620583,1.000000,0.187353,0.000001915,
2014800,32.655144,25.250000,7.405144,0.000000,-32.620583,1.000000,0.187252,0.000001916,
2014900,32.655144,25.000000,7.655144,0.000000,-32.655144,1.000000,0.187162,0.000001950,
2015000,32.655144,25.000000,7.655144,0.000000,-32.655144,1.000000,0.187092,0.000001960,
2015100,32.577572,25.000000,7.577572,0.000000,-32.655144,1.000000,0.187018,0.000001925,
2015200,32.577572,25.250000,7.327572,0.000000,-32.655144,1.000000,0.186956,0.000001957,
2015300,32.577572,25.250000,7.327572,0.000000,-32.577572,1.000000,0.186898,0.000001953,
2015400,32.788788,25.250000,7.538788,0.000000,-32.577572,1.000000,0.186830,0.000001979,
2015500,32.788788,24.750000,8.038788,0.000000,-32.577572,1.000000,0.186770,0.000001949,
2015600,32.788788,24.750000,8.038788,0.000000,-32.577572,1.000000,0.186647,0.000001953,
2015700,32.644394,24.750000,7.894394,0.000000,-32.788788,1.000000,0.186570,0.000001970,
2015800,32.644394,25.500000,7.144394,0.000000,-32.788788,1.000000,0.186475,0.000001982,
2015900,32.644394,25.500000,7.144394,0.000000,-32.788788,1.000000,0.186448,0.000001972,
2016000,32.822197,25.500000,7.322197,0.000000,-32.788788,1.000000,0.186339,0.000001987,
2016100,32.822197,25.500000,7.322197,0.000000,-32.822197,1.000000,0.186332,0.000001983,
2016200,32.822197,25.500000,7.322197,0.000000,-32.822197,1.000000,0.186248,0.000001954,
2016300,32.786098,25.500000,7.286098,0.000000,-32.822197,1.000000,0.186162,0.000001943,
2016400,32.786098,25.250000,7.536098,0.000000,-32.822197,1.000000,0.186117,0.000001926,
2016500,32.786098,25.250000,7.536098,0.000000,-32.786098,1.000000,0.186029,0.000001923,
2016600,32.768051,25.250000,7.518051,0.000000,-32.786098,1.000000,0.185951,0.000001935,
2016700,32.768051,25.000000,7.768051,0.000000,-32.786098,1.000000,0.185915,0.000001972,
2016800,32.768051,25.000000,7.768051,0.000000,-32.786098,1.000000,0.185807,0.000001971,
2016900,32.759026,25.000000,7.759026,0.000000,-32.768051,1.000000,0.185719,0.000001989,
2017000,32.759026,25.000000,7.759026,0.000000,-32.768051,1.000000,0.185712,0.000001967,
2017100,32.759026,25.000000,7.759026,0.000000,-32.768051,1.000000,0.185637,0.000001955,
2017200,32.754513,25.000000,7.754513,0.000000,-32.768051,1.000000,0.185558,0.000001991,
2017300,32.754513,25.000000,7.754513,0.000000,-32.754513,1.000000,0.185485,0.000001993,
2017400,32.754513,25.000000,7.754513,0.000000,-32.754513,1.000000,0.185392,0.000002005,
2017500,32.752258,25.000000,7.752258,0.000000,-32.754513,1.000000,0.185275,0.000001994,
2017600,32.752258,25.500000,7.252258,0.000000,-32.754513,1.000000,0.185205,0.000001958,
2017700,32.752258,25.500000,7.252258,0.000000,-32.752258,1.000000,0.185150,0.000001944,
2017800,32.626129,25.500000,7.126129,0.000000,-32.752258,1.000000,0.185057,0.000001946,
2017900,32.626129,25.000000,7.626129,0.000000,-32.752258,1.000000,0.185019,0.000001930,
2018000,32.626129,25.000000,7.626129,0.000000,-32.752258,1.000000,0.184962,0.000001931,
2018100,32.563065,25.000000,7.563065,0.000000,-32.626129,1.000000,0.184880,0.000001988,
2018200,32.563065,25.000000,7.563065,0.000000,-32.626129,1.000000,0.184804,0.000002004,
2018300,32.563065,25.000000,7.563065,0.000000,-32.626129,1.000000,0.184752,0.000001992,
2018400,32.656532,25.000000,7.656532,0.000000,-32.626129,1.000000,0.184693,0.000001988,
2018500,32.656532,25.250000,7.406532,0.000000,-32.656532,1.000000,0.184636,0.000001970,
2018600,32.656532,25.250000,7.406532,0.000000,-32.656532,1.000000,0.184554,0.000001972,
2018700,32.578266,25.250000,7.328266,0.000000,-32.656532,1.000000,0.184527,0.000001976,
2018800,32.578266,25.000000,7.578266,0.000000,-32.656532,1.000000,0.184422,0.000001983,
2018900,32.578266,25.000000,7.578266,0.000000,-32.578266,1.000000,0.184330,0.000001988,
2019000,32.664131,25.000000,7.664131,0.000000,-32.578266,1.000000,0.184253,0.000001978,
2019100,32.664131,25.250000,7.414131,0.000000,-32.578266,1.000000,0.184166,0.000001961,
2019200,32.664131,25.250000,7.414131,0.000000,-32.578266,1.000000,0.184076,0.000001963,
2019300,32.332066,25.250000,7.082066,0.000000,-32.664131,1.000000,0.184014,0.000001956,
2019400,32.332066,25.500000,6.832066,0.000000,-32.664131,1.000000,0.183913,0.000001962,
2019500,32.332066,25.500000,6.832066,0.000000,-32.664131,1.000000,0.183800,0.000001975,
2019600,32.541031,25.500000,7.041031,0.000000,-32.664131,1.000000,0.183735,0.000001976,
2019700,32.541031,24.500000,8.041031,0.000000,-32.541031,1.000000,0.183674,0.000001979,
2019800,32.541031,24.500000,8.041031,0.000000,-32.541031,1.000000,0.183649,0.000001956,
2019900,32.270515,24.500000,7.770515,0.000000,-32.541031,1.000000,0.183592,0.000001957,
2020000,32.270515,25.000000,7.270515,0.000000,-32.541031,1.000000,0.183542,0.000001969,
2020100,32.270515,25.000000,7.270515,0.000000,-32.270515,1.000000,0.183435,0.000001976,
2020200,32.385258,25.000000,7.385258,0.000000,-32.270515,1.000000,0.183315,0.000001982,
2020300,32.385258,25.000000,7.385258,0.000000,-32.270515,1.000000,0.183195,0.000002005,
2020400,32.385258,25.000000,7.385258,0.000000,-32.270515,1.000000,0.183127,0.000001993,
2020500,32.442627,25.000000,7.442627,0.000000,-32.385258,1.000000,0.183115,0.000001972,
2020600,32.442627,25.250000,7.192627,0.000000,-32.385258,1.000000,0.183015,0.000001975,
2020700,32.442627,25.250000,7.192627,0.000000,-32.385258,1.000000,0.182915,0.000001959,
2020800,32.471313,25.250000,7.221313,0.000000,-32.385258,1.000000,0.182848,0.000001947,
2020900,32.471313,24.750000,7.721313,0.000000,-32.471313,1.000000,0.182811,0.000001929,
2021000,32.471313,24.750000,7.721313,0.000000,-32.471313,1.000000,0.182732,0.000001927,
2021100,32.360657,24.750000,7.610657,0.000000,-32.471313,1.000000,0.182638,0.000001946,
2021200,32.360657,25.000000,7.360657,0.000000,-32.471313,1.000000,0.182568,0.000001941,
2021300,32.360657,25.000000,7.360657,0.000000,-32.360657,1.000000,0.182508,0.000001923,
2021400,32.430328,25.000000,7.430328,0.000000,-32.360657,1.000000,0.182409,0.000001941,
2021500,32.430328,25.250000,7.180328,0.000000,-32.360657,1.000000,0.182350,0.000001952,
2021600,32.430328,25.250000,7.180328,0.000000,-32.360657,1.000000,0.182304,0.000001974,
2021700,32.465164,25.250000,7.215164,0.000000,-32.430328,1.000000,0.182236,0.000001929,
2021800,32.465164,25.500000,6.965164,0.000000,-32.430328,1.000000,0.182153,0.000001948,
2021900,32.465164,25.500000,6.965164,0.000000,-32.430328,1.000000,0.182065,0.000001955,
2022000,32.482582,25.500000,6.982582,0.000000,-32.430328,1.000000,0.182032,0.000001962,
2022100,32.482582,25.250000,7.232582,0.000000,-32.482582,1.000000,0.181950,0.000001976,
2022200,32.482582,25.250000,7.232582,0.000000,-32.482582,1.000000,0.181866,0.000001979,
2022300,32.616291,25.250000,7.366291,0.000000,-32.482582,1.000000,0.181799,0.000002016,
2022400,32.683144,25.250000,7.433144,0.000000,-32.482582,1.000000,0.181740,0.000002013,
2022500,32.683144,25.250000,7.433144,0.000000,-32.683144,1.000000,0.181678,0.000001976,
2022600,32.683144,25.250000,7.433144,0.000000,-32.683144,1.000000,0.181578,0.000001981,
2022700,32.716572,25.250000,7.466572,0.000000,-32.683144,1.000000,0.181486,0.000001970,
2022800,32.716572,24.500000,8.216572,0.000000,-32.683144,1.000000,0.181385,0.000001968,
2022900,32.716572,24.500000,8.216572,0.000000,-32.716572,1.000000,0.181316,0.000001975,
2023000,32.733284,24.500000,8.233284,0.000000,-32.716572,1.000000,0.181220,0.000001957,
2023100,32.733284,24.750000,7.983284,0.000000,-32.716572,1.000000,0.181171,0.000001925,
2023200,32.733284,24.750000,7.983284,0.000000,-32.716572,1.000000,0.181097,0.000001957,
2023300,32.616642,24.750000,7.866642,0.000000,-32.733284,1.000000,0.181034,0.000001932,
2023400,32.616642,25.000000,7.616642,0.000000,-32.733284,1.000000,0.181011,0.000001959,
2023500,32.616642,25.000000,7.616642,0.000000,-32.733284,1.000000,0.180918,0.000001953,
2023600,32.308319,25.000000,7.308319,0.000000,-32.733284,1.000000,0.180886,0.000001944,
2023700,32.308319,24.750000,7.558319,0.000000,-32.308319,1.000000,0.180811,0.000001915,
2023800,32.308319,24.750000,7.558319,0.000000,-32.308319,1.000000,0.180737,0.000001947,
2023900,32.154160,24.750000,7.404160,0.000000,-32.308319,1.000000,0.180663,0.000001947,
2024000,32.154160,24.750000,7.404160,0.000000,-32.308319,1.000000,0.180585,0.000001950,
2024100,32.154160,24.750000,7.404160,0.000000,-32.154160,1.000000,0.180484,0.000001947,
2024200,32.202080,24.750000,7.452080,0.000000,-32.154160,1.000000,0.180358,0.000001942,
2024300,32.202080,24.750000,7.452080,0.000000,-32.154160,1.000000,0.180258,0.000001964,
2024400,32.202080,24.750000,7.452080,0.000000,-32.154160,1.000000,0.180174,0.000001978,
2024500,32.101040,24.750000,7.351040,0.000000,-32.202080,1.000000,0.180130,0.000001971,
2024600,32.101040,25.000000,7.101040,0.000000,-32.202080,1.000000,0.180058,0.000001973,
2024700,32.101040,25.000000,7.101040,0.000000,-32.202080,1.000000,0.179990,0.000001960,
2024800,32.425522,25.000000,7.425522,0.000000,-32.202080,1.000000,0.179915,0.000001956,
2024900,32.425522,25.000000,7.425522,0.000000,-32.425522,1.000000,0.179845,0.000001940,
2025000,32.425522,25.000000,7.425522,0.000000,-32.425522,1.000000,0.179781,0.000001966,
2025100,32.337761,25.000000,7.337761,0.000000,-32.425522,1.000000,0.179670,0.000001983,
2025200,32.337761,25.000000,7.337761,0.000000,-32.425522,1.000000,0.179636,0.000001984,
2025300,32.337761,25.000000,7.337761,0.000000,-32.337761,1.000000,0.179554,0.000001977,
2025400,32.668880,25.000000,7.668880,0.000000,-32.337761,1.000000,0.179479,0.000001948,
2025500,32.668880,25.250000,7.418880,0.000000,-32.337761,1.000000,0.179418,0.000001944,
2025600,32.668880,25.250000,7.418880,0.000000,-32.337761,1.000000,0.179330,0.000001972,
2025700,32.709442,25.250000,7.459442,0.000000,-32.668880,1.000000,0.179320,0.000001966,
2025800,32.709442,24.750000,7.959442,0.000000,-32.668880,1.000000,0.179246,0.000001987,
2025900,32.709442,24.750000,7.959442,0.000000,-32.668880,1.000000,0.179166,0.000001996,
2026000,32.729721,24.750000,7.979721,0.000000,-32.668880,1.000000,0.179051,0.000001977,
2026100,32.729721,25.000000,7.729721,0.000000,-32.729721,1.000000,0.178994,0.000001966,
2026200,32.729721,25.000000,7.729721,0.000000,-32.729721,1.000000,0.178904,0.000001974,
2026300,32.489861,25.000000,7.489861,0.000000,-32.729721,1.000000,0.178864,0.000001964,
2026400,32.489861,25.250000,7.239861,0.000000,-32.729721,1.000000,0.178729,0.000002002,
2026500,32.489861,25.250000,7.239861,0.000000,-32.489861,1.000000,0.178638,0.000002017,
2026600,32.369930,25.250000,7.119930,0.000000,-32.489861,1.000000,0.178565,0.000002017,
2026700,32.369930,25.250000,7.119930,0.000000,-32.489861,1.000000,0.178516,0.000001976,
2026800,32.369930,25.250000,7.119930,0.000000,-32.489861,1.000000,0.178398,0.000001954,
2026900,32.434967,25.250000,7.184967,0.000000,-32.369930,1.000000,0.178354,0.000001961,
2027000,32.434967,24.750000,7.684967,0.000000,-32.369930,1.000000,0.178279,0.000001951,
2027100,32.434967,24.750000,7.684967,0.000000,-32.369930,1.000000,0.178238,0.000001967,
2027200,32.342484,24.750000,7.592484,0.000000,-32.369930,1.000000,0.178195,0.000001952,
2027300,32.342484,25.500000,6.842484,0.000000,-32.342484,1.000000,0.178095,0.000001937,
2027400,32.342484,25.500000,6.842484,0.000000,-32.342484,1.000000,0.178044,0.000001921,
2027500,32.296242,25.500000,6.796242,0.000000,-32.342484,1.000000,0.178008,0.000001940,
2027600,32.296242,25.000000,7.296242,0.000000,-32.342484,1.000000,0.177915,0.000001927,
2027700,32.296242,25.000000,7.296242,0.000000,-32.296242,1.000000,0.177807,0.000001922,
2027800,32.398121,25.000000,7.398121,0.000000,-32.296242,1.000000,0.177757,0.000001938,
2027900,32.398121,25.500000,6.898121,0.000000,-32.296242,1.000000,0.177691,0.000001968,
2028000,32.398121,25.500000,6.898121,0.000000,-32.296242,1.000000,0.177614,0.000001957,
2028100,32.324059,25.500000,6.824059,0.000000,-32.398121,1.000000,0.177556,0.000001968,
2028200,32.324059,25.000000,7.324059,0.000000,-32.398121,1.000000,0.177503,0.000001937,
2028300,32.324059,25.000000,7.324059,0.000000,-32.398121,1.000000,0.177467,0.000001926,
2028400,32.537029,25.000000,7.537029,0.000000,-32.398121,1.000000,0.177423,0.000001924,
2028500,32.537029,25.000000,7.537029,0.000000,-32.537029,1.000000,0.177335,0.000001923,
2028600,32.537029,25.000000,7.537029,0.000000,-32.537029,1.000000,0.177248,0.000001917,
2028700,32.518517,25.000000,7.518517,0.000000,-32.537029,1.000000,0.177181,0.000001891,
2028800,32.518517,25.500000,7.018517,0.000000,-32.537029,1.000000,0.177097,0.000001890,
2028900,32.518517,25.500000,7.018517,0.000000,-32.518517,1.000000,0.177073,0.000001895,
2029000,32.509258,25.500000,7.009258,0.000000,-32.518517,1.000000,0.177052,0.000001892,
2029100,32.509258,25.250000,7.259258,0.000000,-32.518517,1.000000,0.176959,0.000001890,
2029200,32.509258,25.250000,7.259258,0.000000,-32.518517,1.000000,0.176888,0.000001910,
2029300,32.504631,25.250000,7.254631,0.000000,-32.509258,1.000000,0.176817,0.000001909,
2029400,32.504631,25.250000,7.254631,0.000000,-32.509258,1.000000,0.176750,0.000001914,
2029500,32.504631,25.250000,7.254631,0.000000,-32.509258,1.000000,0.176661,0.000001895,
2029600,32.502316,25.250000,7.252316,0.000000,-32.509258,1.000000,0.176595,0.000001905,
2029700,32.502316,24.750000,7.752316,0.000000,-32.502316,1.000000,0.176499,0.000001905,
2029800,32.502316,24.750000,7.752316,0.000000,-32.502316,1.000000,0.176409,0.000001918,
2029900,32.501160,24.750000,7.751160,0.000000,-32.502316,1.000000,0.176364,0.000001914,
2030000,32.501160,25.000000,7.501160,0.000000,-32.502316,1.000000,0.176323,0.000001925,
2030100,32.501160,25.000000,7.501160,0.000000,-32.501160,1.000000,0.176242,0.000001920,
2030200,32.500580,25.000000,7.500580,0.000000,-32.501160,1.000000,0.176188,0.000001907,
2030300,32.500580,25.000000,7.500580,0.000000,-32.501160,1.000000,0.176141,0.000001890,
2030400,32.500580,25.000000,7.500580,0.000000,-32.501160,1.000000,0.176074,0.000001901,
2030500,32.500290,25.000000,7.500290,0.000000,-32.500580,1.000000,0.176044,0.000001939,
2030600,32.500290,25.000000,7.500290,0.000000,-32.500580,1.000000,0.176010,0.000001948,
2030700,32.500290,25.000000,7.500290,0.000000,-32.500580,1.000000,0.175955,0.000001951,
2030800,32.375145,25.000000,7.375145,0.000000,-32.500580,1.000000,0.175888,0.000001965,
2030900,32.375145,25.250000,7.125145,0.000000,-32.375145,1.000000,0.175814,0.000001942,
2031000,32.375145,25.250000,7.125145,0.000000,-32.375145,1.000000,0.175758,0.000001951,
2031100,32.187572,25.250000,6.937572,0.000000,-32.375145,1.000000,0.175698,0.000001916,
2031200,32.187572,24.750000,7.437572,0.000000,-32.375145,1.000000,0.175658,0.000001937,
2031300,32.187572,24.750000,7.437572,0.000000,-32.187572,1.000000,0.175552,0.000001922,
2031400,32.218788,24.750000,7.468788,0.000000,-32.187572,1.000000,0.175496,0.000001913,
2031500,32.218788,25.250000,6.968788,0.000000,-32.187572,1.000000,0.175456,0.000001905,
2031600,32.218788,25.250000,6.968788,0.000000,-32.187572,1.000000,0.175341,0.000001907,
2031700,32.359394,25.250000,7.109394,0.000000,-32.218788,1.000000,0.175221,0.000001920,
2031800,32.359394,25.000000,7.359394,0.000000,-32.218788,1.000000,0.175155,0.000001958,
2031900,32.359394,25.000000,7.359394,0.000000,-32.218788,1.000000,0.175136,0.000001987,
2032000,32.429695,25.000000,7.429695,0.000000,-32.218788,1.000000,0.175090,0.000001988,
2032100,32.429695,24.750000,7.679695,0.000000,-32.429695,1.000000,0.175055,0.000001968,
2032200,32.429695,24.750000,7.679695,0.000000,-32.429695,1.000000,0.175014,0.000001934,
2032300,32.464848,24.750000,7.714848,0.000000,-32.429695,1.000000,0.174966,0.000001959,
2032400,32.464848,24.500000,7.964848,0.000000,-32.429695,1.000000,0.174923,0.000001975,
2032500,32.464848,24.500000,7.964848,0.000000,-32.464848,1.000000,0.174921,0.000001966,
2032600,32.357422,24.500000,7.857422,0.000000,-32.464848,1.000000,0.174824,0.000001978,
2032700,32.357422,25.000000,7.357422,0.000000,-32.464848,1.000000,0.174748,0.000001971,
2032800,32.357422,25.000000,7.357422,0.000000,-32.464848,1.000000,0.174674,0.000001951,
2032900,32.178711,25.000000,7.178711,0.000000,-32.357422,1.000000,0.174627,0.000001954,
2033000,32.178711,25.000000,7.178711,0.000000,-32.357422,1.000000,0.174571,0.000001951,
2033100,32.178711,25.000000,7.178711,0.000000,-32.357422,1.000000,0.174478,0.000001966,
2033200,32.089355,25.000000,7.089355,0.000000,-32.357422,1.000000,0.174384,0.000001950,
2033300,32.089355,25.000000,7.089355,0.000000,-32.089355,1.000000,0.174395,0.000001954,
2033400,32.089355,25.000000,7.089355,0.000000,-32.089355,1.000000,0.174339,0.000001945,
2033500,31.919678,25.000000,6.919678,0.000000,-32.089355,1.000000,0.174300,0.000001955,
2033600,31.919678,25.000000,6.919678,0.000000,-32.089355,1.000000,0.174212,0.000001955,
2033700,31.919678,25.000000,6.919678,0.000000,-31.919678,1.000000,0.174184,0.000001999,
2033800,32.084839,25.000000,7.084839,0.000000,-31.919678,1.000000,0.174117,0.000001944,
2033900,32.084839,25.000000,7.084839,0.000000,-31.919678,1.000000,0.174026,0.000001951,
2034000,32.084839,25.000000,7.084839,0.000000,-31.919678,1.000000,0.173982,0.000001948,
2034100,32.167419,25.000000,7.167419,0.000000,-32.084839,1.000000,0.173920,0.000001943,
2034200,32.167419,25.000000,7.167419,0.000000,-32.084839,1.000000,0.173836,0.000001937,
2034300,32.167419,25.000000,7.167419,0.000000,-32.084839,1.000000,0.173754,0.000001929,
2034400,32.208710,25.000000,7.208710,0.000000,-32.084839,1.000000,0.173692,0.000001956,
2034500,32.208710,25.000000,7.208710,0.000000,-32.208710,1.000000,0.173634,0.000001957,
2034600,32.208710,25.000000,7.208710,0.000000,-32.208710,1.000000,0.173594,0.000001970,
2034700,31.979355,25.000000,6.979355,0.000000,-32.208710,1.000000,0.173528,0.000001936,
2034800,31.979355,25.250000,6.729355,0.000000,-32.208710,1.000000,0.173438,0.000001955,
2034900,31.979355,25.250000,6.729355,0.000000,-31.979355,1.000000,0.173367,0.000001946,
2035000,31.864677,25.250000,6.614677,0.000000,-31.979355,1.000000,0.173307,0.000001951,
2035100,31.864677,25.000000,6.864677,0.000000,-31.979355,1.000000,0.173265,0.000001950,
2035200,31.864677,25.000000,6.864677,0.000000,-31.979355,1.000000,0.173182,0.000001940,
2035300,32.057339,25.000000,7.057339,0.000000,-31.864677,1.000000,0.173123,0.000001933,
2035400,32.057339,25.250000,6.807339,0.000000,-31.864677,1.000000,0.173073,0.000001927,
2035500,32.057339,25.250000,6.807339,0.000000,-31.864677,1.000000,0.173023,0.000001940,
2035600,32.153671,25.250000,6.903671,0.000000,-31.864677,1.000000,0.172864,0.000001960,
2035700,32.153671,24.750000,7.403671,0.000000,-32.153671,1.000000,0.172835,0.000001999,
2035800,32.153671,24.750000,7.403671,0.000000,-32.153671,1.000000,0.172811,0.000001970,
2035900,32.076836,24.750000,7.326836,0.000000,-32.153671,1.000000,0.172757,0.000001998,
2036000,32.076836,25.250000,6.826836,0.000000,-32.153671,1.000000,0.172670,0.000002017,
2036100,32.076836,25.250000,6.826836,0.000000,-32.076836,1.000000,0.172570,0.000002009,
2036200,32.288418,25.250000,7.038418,0.000000,-32.076836,1.000000,0.172559,0.000001984,
2036300,32.288418,25.250000,7.038418,0.000000,-32.076836,1.000000,0.172509,0.000001972,
2036400,32.288418,25.250000,7.038418,0.000000,-32.076836,1.000000,0.172398,0.000001958,
2036500,32.019211,25.250000,6.769211,0.000000,-32.288418,1.000000,0.172319,0.000001970,
2036600,32.019211,25.250000,6.769211,0.000000,-32.288418,1.000000,0.172312,0.000001960,
2036700,32.019211,25.250000,6.769211,0.000000,-32.288418,1.000000,0.172256,0.000001952,
2036800,32.009605,25.250000,6.759605,0.000000,-32.288418,1.000000,0.172146,0.000001969,
2036900,32.009605,25.000000,7.009605,0.000000,-32.009605,1.000000,0.172114,0.000001976,
2037000,32.009605,25.000000,7.009605,0.000000,-32.009605,1.000000,0.172077,0.000001956,
2037100,32.129803,25.000000,7.129803,0.000000,-32.009605,1.000000,0.172019,0.000001936,
2037200,32.129803,24.500000,7.629803,0.000000,-32.009605,1.000000,0.171951,0.000001946,
2037300,32.129803,24.500000,7.629803,0.000000,-32.129803,1.000000,0.171892,0.000001944,
2037400,32.064903,24.500000,7.564903,0.000000,-32.129803,1.000000,0.171857,0.000001952,
2037500,32.064903,25.250000,6.814903,0.000000,-32.129803,1.000000,0.171826,0.000001949,
2037600,32.064903,25.250000,6.814903,0.000000,-32.129803,1.000000,0.171721,0.000001945,
2037700,32.157452,25.250000,6.907452,0.000000,-32.064903,1.000000,0.171681,0.000001968,
2037800,32.157452,24.750000,7.407452,0.000000,-32.064903,1.000000,0.171646,0.000001975,
2037900,32.157452,24.750000,7.407452,0.000000,-32.064903,1.000000,0.171538,0.000001975,
2038000,31.953726,24.750000,7.203726,0.000000,-32.064903,1.000000,0.171504,0.000001963,
2038100,31.953726,24.750000,7.203726,0.000000,-31.953726,1.000000,0.171481,0.000001941,
2038200,31.953726,24.750000,7.203726,0.000000,-31.953726,1.000000,0.171455,0.000001936,
2038300,31.851864,24.750000,7.101864,0.000000,-31.953726,1.000000,0.171426,0.000001947,
2038400,31.851864,24.750000,7.101864,0.000000,-31.953726,1.000000,0.171306,0.000001988,
2038500,31.851864,24.750000,7.101864,0.000000,-31.851864,1.000000,0.171242,0.000001967,
2038600,32.050934,24.750000,7.300934,0.000000,-31.851864,1.000000,0.171162,0.000001975,
2038700,32.050934,24.750000,7.300934,0.000000,-31.851864,1.000000,0.171079,0.000001987,
2038800,32.050934,24.750000,7.300934,0.000000,-31.851864,1.000000,0.171000,0.000001978,
2038900,32.150467,24.750000,7.400467,0.000000,-32.050934,1.000000,0.170953,0.000001933,
2039000,32.150467,25.750000,6.400467,0.000000,-32.050934,1.000000,0.170877,0.000001937,
2039100,32.150467,25.750000,6.400467,0.000000,-32.050934,1.000000,0.170812,0.000001950,
2039200,32.200233,25.750000,6.450233,0.000000,-32.050934,1.000000,0.170761,0.000001959,
2039300,32.200233,25.000000,7.200233,0.000000,-32.200233,1.000000,0.170693,0.000001964,
2039400,32.200233,25.000000,7.200233,0.000000,-32.200233,1.000000,0.170657,0.000001961,
2039500,32.225117,25.000000,7.225117,0.000000,-32.200233,1.000000,0.170557,0.000001937,
2039600,32.225117,25.000000,7.225117,0.000000,-32.200233,1.000000,0.170481,0.000001960,
2039700,32.225117,25.000000,7.225117,0.000000,-32.225117,1.000000,0.170458,0.000001966,
2039800,31.987558,25.000000,6.987558,0.000000,-32.225117,1.000000,0.170422,0.000001940,
2039900,31.987558,25.250000,6.737558,0.000000,-32.225117,1.000000,0.170396,0.000001959,
2040000,31.987558,25.250000,6.737558,0.000000,-32.225117,1.000000,0.170300,0.000001954,
2040100,32.118778,25.250000,6.868778,0.000000,-31.987558,1.000000,0.170188,0.000001987,
2040200,32.118778,25.250000,6.868778,0.000000,-31.987558,1.000000,0.170113,0.000001968,
2040300,32.118778,25.250000,6.868778,0.000000,-31.987558,1.000000,0.170070,0.000001941,
2040400,32.184387,25.250000,6.934387,0.000000,-31.987558,1.000000,0.170034,0.000001918,
2040500,32.184387,25.250000,6.934387,0.000000,-32.184387,1.000000,0.169963,0.000001952,
2040600,32.184387,25.250000,6.934387,0.000000,-32.184387,1.000000,0.169888,0.000001959,
2040700,32.092194,25.250000,6.842194,0.000000,-32.184387,1.000000,0.169815,0.000001970,
2040800,32.092194,25.250000,6.842194,0.000000,-32.184387,1.000000,0.169748,0.000002014,
2040900,32.092194,25.250000,6.842194,0.000000,-32.092194,1.000000,0.169677,0.000002013,
2041000,32.171097,25.250000,6.921097,0.000000,-32.092194,1.000000,0.169593,0.000002013,
2041100,32.171097,25.250000,6.921097,0.000000,-32.092194,1.000000,0.169551,0.000001969,
2041200,32.171097,25.250000,6.921097,0.000000,-32.092194,1.000000,0.169481,0.000001983,
2041300,32.085548,25.250000,6.835548,0.000000,-32.171097,1.000000,0.169418,0.000001998,
2041400,32.085548,25.000000,7.085548,0.000000,-32.171097,1.000000,0.169320,0.000001982,
2041500,32.085548,25.000000,7.085548,0.000000,-32.171097,1.000000,0.169250,0.000001980,
2041600,32.167774,25.000000,7.167774,0.000000,-32.171097,1.000000,0.169179,0.000001963,
2041700,32.167774,25.000000,7.167774,0.000000,-32.167774,1.000000,0.169077,0.000001976,
2041800,32.167774,25.000000,7.167774,0.000000,-32.167774,1.000000,0.169005,0.000001984,
2041900,31.833887,25.000000,6.833887,0.000000,-32.167774,1.000000,0.168946,0.000001990,
2042000,31.833887,25.500000,6.333887,0.000000,-32.167774,1.000000,0.168883,0.000001968,
2042100,31.833887,25.500000,6.333887,0.000000,-31.833887,1.000000,0.168837,0.000001967,
2042200,32.041943,25.500000,6.541943,0.000000,-31.833887,1.000000,0.168801,0.000001983,
2042300,32.041943,25.000000,7.041943,0.000000,-31.833887,1.000000,0.168709,0.000001978,
2042400,32.041943,25.000000,7.041943,0.000000,-31.833887,1.000000,0.168683,0.000001954,
2042500,32.145973,25.000000,7.145973,0.000000,-32.041943,1.000000,0.168640,0.000001974,
2042600,32.145973,25.500000,6.645973,0.000000,-32.041943,1.000000,0.168590,0.000001987,
2042700,32.145973,25.500000,6.645973,0.000000,-32.041943,1.000000,0.168545,0.000001955,
2042800,31.822987,25.500000,6.322987,0.000000,-32.041943,1.000000,0.168530,0.000001933,
2042900,31.822987,25.500000,6.322987,0.000000,-31.822987,1.000000,0.168448,0.000001942,
2043000,31.822987,25.500000,6.322987,0.000000,-31.822987,1.000000,0.168405,0.000001955,
2043100,31.911493,25.500000,6.411493,0.000000,-31.822987,1.000000,0.168346,0.000001949,
2043200,31.911493,24.500000,7.411493,0.000000,-31.822987,1.000000,0.168323,0.000001932,
2043300,31.911493,24.500000,7.411493,0.000000,-31.911493,1.000000,0.168245,0.000001955,
2043400,31.705746,24.500000,7.205746,0.000000,-31.911493,1.000000,0.168156,0.000001967,
2043500,31.705746,24.750000,6.955746,0.000000,-31.911493,1.000000,0.168100,0.000001953,
2043600,31.705746,24.750000,6.955746,0.000000,-31.911493,1.000000,0.168033,0.000001969,
2043700,31.602873,24.750000,6.852873,0.000000,-31.705746,1.000000,0.167960,0.000001947,
2043800,31.602873,25.000000,6.602873,0.000000,-31.705746,1.000000,0.167944,0.000001960,
2043900,31.602873,25.000000,6.602873,0.000000,-31.705746,1.000000,0.167832,0.000001968,
2044000,31.801437,25.000000,6.801437,0.000000,-31.705746,1.000000,0.167774,0.000001971,
2044100,31.801437,24.750000,7.051437,0.000000,-31.801437,1.000000,0.167659,0.000001975,
2044200,31.801437,24.750000,7.051437,0.000000,-31.801437,1.000000,0.167559,0.000001969,
2044300,32.025719,24.750000,7.275719,0.000000,-31.801437,1.000000,0.167477,0.000001961,
2044400,32.025719,25.000000,7.025719,0.000000,-31.801437,1.000000,0.167438,0.000001935,
2044500,32.025719,25.000000,7.025719,0.000000,-32.025719,1.000000,0.167336,0.000001942,
2044600,32.137859,25.000000,7.137859,0.000000,-32.025719,1.000000,0.167243,0.000001954,
2044700,32.137859,25.000000,7.137859,0.000000,-32.025719,1.000000,0.167177,0.000001939,
2044800,32.137859,25.000000,7.137859,0.000000,-32.025719,1.000000,0.167106,0.000001918,
2044900,32.068932,25.000000,7.068932,0.000000,-32.137859,1.000000,0.167036,0.000001924,
2045000,32.068932,25.000000,7.068932,0.000000,-32.137859,1.000000,0.166971,0.000001939,
2045100,32.068932,25.000000,7.068932,0.000000,-32.137859,1.000000,0.166913,0.000001941,
2045200,31.784466,25.000000,6.784466,0.000000,-32.137859,1.000000,0.166898,0.000001970,
2045300,31.784466,24.750000,7.034466,0.000000,-31.784466,1.000000,0.166833,0.000001988,
2045400,31.784466,24.750000,7.034466,0.000000,-31.784466,1.000000,0.166827,0.000001997,
2045500,32.017235,24.750000,7.267235,0.000000,-31.784466,1.000000,0.166737,0.000002028,
2045600,32.017235,24.500000,7.517235,0.000000,-31.784466,1.000000,0.166637,0.000002025,
2045700,32.017235,24.500000,7.517235,0.000000,-32.017235,1.000000,0.166588,0.000001992,
2045800,31.883617,24.500000,7.383617,0.000000,-32.017235,1.000000,0.166553,0.000001977,
2045900,31.883617,25.000000,6.883617,0.000000,-32.017235,1.000000,0.166509,0.000001982,
2046000,31.883617,25.000000,6.883617,0.000000,-32.017235,1.000000,0.166465,0.000001972,
2046100,31.566809,25.000000,6.566809,0.000000,-31.883617,1.000000,0.166416,0.000001979,
2046200,31.566809,25.250000,6.316809,0.000000,-31.883617,1.000000,0.166391,0.000001974,
2046300,31.566809,25.250000,6.316809,0.000000,-31.883617,1.000000,0.166348,0.000001987,
2046400,31.658405,25.250000,6.408405,0.000000,-31.883617,1.000000,0.166263,0.000001974,
2046500,31.658405,24.500000,7.158405,0.000000,-31.658405,1.000000,0.166289,0.000001968,
2046600,31.658405,24.500000,7.158405,0.000000,-31.658405,1.000000,0.166248,0.000001986,
2046700,31.954203,24.500000,7.454203,0.000000,-31.658405,1.000000,0.166168,0.000001970,
2046800,31.954203,25.000000,6.954203,0.000000,-31.658405,1.000000,0.166055,0.000001979,
2046900,31.954203,25.000000,6.954203,0.000000,-31.954203,1.000000,0.166064,0.000001974,
2047000,31.977100,25.000000,6.977100,0.000000,-31.954203,1.000000,0.165946,0.000001992,
2047100,31.977100,25.250000,6.727100,0.000000,-31.954203,1.000000,0.165893,0.000002009,
2047200,31.977100,25.250000,6.727100,0.000000,-31.954203,1.000000,0.165787,0.000001968,
2047300,32.113548,25.250000,6.863548,0.000000,-31.977100,1.000000,0.165708,0.000001981,
2047400,32.113548,24.750000,7.363548,0.000000,-31.977100,1.000000,0.165639,0.000001977,
2047500,32.113548,24.750000,7.363548,0.000000,-31.977100,1.000000,0.165596,0.000001954,
2047600,32.056774,24.750000,7.306774,0.000000,-31.977100,1.000000,0.165535,0.000001953,
2047700,32.056774,24.750000,7.306774,0.000000,-32.056774,1.000000,0.165529,0.000001936,
2047800,32.056774,24.750000,7.306774,0.000000,-32.056774,1.000000,0.165479,0.000001930,
2047900,31.903387,24.750000,7.153387,0.000000,-32.056774,1.000000,0.165474,0.000001948,
2048000,31.826694,24.750000,7.076694,0.000000,-32.056774,1.000000,0.165415,0.000001961,
2048100,31.826694,24.250000,7.576694,0.000000,-31.826694,1.000000,0.165351,0.000001995,
2048200,31.826694,24.250000,7.576694,0.000000,-31.826694,1.000000,0.165264,0.000002030,
2048300,31.913347,24.250000,7.663347,0.000000,-31.826694,1.000000,0.165210,0.000002032,
2048400,31.913347,25.250000,6.663347,0.000000,-31.826694,1.000000,0.165169,0.000002038,
2048500,31.913347,25.250000,6.663347,0.000000,-31.913347,1.000000,0.165110,0.000002046,
2048600,31.831673,25.250000,6.581673,0.000000,-31.913347,1.000000,0.165036,0.000002051,
2048700,31.831673,25.000000,6.831673,0.000000,-31.913347,1.000000,0.164952,0.000002027,
2048800,31.831673,25.000000,6.831673,0.000000,-31.913347,1.000000,0.164890,0.000002002,
2048900,31.790836,25.000000,6.790836,0.000000,-31.831673,1.000000,0.164837,0.000002008,
2049000,31.790836,25.000000,6.790836,0.000000,-31.831673,1.000000,0.164743,0.000001993,
2049100,31.790836,25.000000,6.790836,0.000000,-31.831673,1.000000,0.164676,0.000001996,
2049200,31.770418,25.000000,6.770418,0.000000,-31.831673,1.000000,0.164624,0.000001966,
2049300,31.770418,25.250000,6.520418,0.000000,-31.770418,1.000000,0.164542,0.000001962,
2049400,31.770418,25.250000,6.520418,0.000000,-31.770418,1.000000,0.164470,0.000001957,
2049500,31.760208,25.250000,6.510208,0.000000,-31.770418,1.000000,0.164405,0.000001963,
2049600,31.760208,25.000000,6.760208,0.000000,-31.770418,1.000000,0.164376,0.000001983,
2049700,31.760208,25.000000,6.760208,0.000000,-31.760208,1.000000,0.164380,0.000002015,
2049800,31.880104,25.000000,6.880104,0.000000,-31.760208,1.000000,0.164358,0.000001998,
2049900,31.880104,25.250000,6.630104,0.000000,-31.760208,1.000000,0.164349,0.000001989,
2050000,31.880104,25.250000,6.630104,0.000000,-31.760208,1.000000,0.164303,0.000002011,
2050100,31.940052,25.250000,6.690052,0.000000,-31.880104,1.000000,0.164241,0.000002000,
2050200,31.940052,25.000000,6.940052,0.000000,-31.880104,1.000000,0.164191,0.000001971,
2050300,31.940052,25.000000,6.940052,0.000000,-31.880104,1.000000,0.164121,0.000001989,
2050400,31.970026,25.000000,6.970026,0.000000,-31.880104,1.000000,0.164046,0.000001974,
2050500,31.970026,25.250000,6.720026,0.000000,-31.970026,1.000000,0.163983,0.000001959,
2050600,31.970026,25.250000,6.720026,0.000000,-31.970026,1.000000,0.163959,0.000001964,
2050700,31.735012,25.250000,6.485012,0.000000,-31.970026,1.000000,0.163913,0.000001960,
2050800,31.735012,25.500000,6.235012,0.000000,-31.970026,1.000000,0.163861,0.000001966,
2050900,31.735012,25.500000,6.235012,0.000000,-31.735012,1.000000,0.163822,0.000001985,
2051000,31.492506,25.500000,5.992506,0.000000,-31.735012,1.000000,0.163775,0.000001974,
2051100,31.492506,25.000000,6.492506,0.000000,-31.735012,1.000000,0.163739,0.000001941,
2051200,31.492506,25.000000,6.492506,0.000000,-31.735012,1.000000,0.163696,0.000001964,
2051300,31.621254,25.000000,6.621254,0.000000,-31.492506,1.000000,0.163627,0.000001962,
2051400,31.621254,24.750000,6.871254,0.000000,-31.492506,1.000000,0.163538,0.000001983,
2051500,31.621254,24.750000,6.871254,0.000000,-31.492506,1.000000,0.163499,0.000001972,
2051600,31.810627,24.750000,7.060627,0.000000,-31.492506,1.000000,0.163425,0.000001950,
2051700,31.810627,25.250000,6.560627,0.000000,-31.810627,1.000000,0.163359,0.000001948,
2051800,31.810627,25.250000,6.560627,0.000000,-31.810627,1.000000,0.163295,0.000001954,
2051900,31.280313,25.250000,6.030313,0.000000,-31.810627,1.000000,0.163225,0.000001962,
2052000,31.280313,24.750000,6.530313,0.000000,-31.810627,1.000000,0.163184,0.000001974,
2052100,31.280313,24.750000,6.530313,0.000000,-31.280313,1.000000,0.163116,0.000001977,
2052200,31.515156,24.750000,6.765156,0.000000,-31.280313,1.000000,0.163068,0.000001956,
2052300,31.515156,25.000000,6.515156,0.000000,-31.280313,1.000000,0.163012,0.000001973,
2052400,31.515156,25.000000,6.515156,0.000000,-31.280313,1.000000,0.162977,0.000001977,
2052500,31.632578,25.000000,6.632578,0.000000,-31.515156,1.000000,0.162929,0.000001973,
2052600,31.632578,24.750000,6.882578,0.000000,-31.515156,1.000000,0.162883,0.000001991,
2052700,31.632578,24.750000,6.882578,0.000000,-31.515156,1.000000,0.162849,0.000001983,
2052800,31.816288,24.750000,7.066288,0.000000,-31.515156,1.000000,0.162797,0.000001973,
2052900,31.816288,25.250000,6.566288,0.000000,-31.816288,1.000000,0.162744,0.000001994,
2053000,31.816288,25.250000,6.566288,0.000000,-31.816288,1.000000,0.162653,0.000001984,
2053100,31.908144,25.250000,6.658144,0.000000,-31.816288,1.000000,0.162582,0.000002002,
2053200,31.908144,25.000000,6.908144,0.000000,-31.816288,1.000000,0.162514,0.000001995,
2053300,31.908144,25.000000,6.908144,0.000000,-31.908144,1.000000,0.162420,0.000001989,
2053400,31.579071,25.000000,6.579071,0.000000,-31.908144,1.000000,0.162399,0.000001975,
2053500,31.579071,25.250000,6.329071,0.000000,-31.908144,1.000000,0.162347,0.000001990,
2053600,31.579071,25.250000,6.329071,0.000000,-31.908144,1.000000,0.162307,0.000001976,
2053700,31.539536,25.250000,6.289536,0.000000,-31.579071,1.000000,0.162281,0.000001963,
2053800,31.539536,24.750000,6.789536,0.000000,-31.579071,1.000000,0.162241,0.000001951,
2053900,31.539536,24.750000,6.789536,0.000000,-31.579071,1.000000,0.162168,0.000001962,
2054000,31.644768,24.750000,6.894768,0.000000,-31.579071,1.000000,0.162124,0.000001953,
2054100,31.644768,25.250000,6.394768,0.000000,-31.644768,1.000000,0.162087,0.000001956,
2054200,31.644768,25.250000,6.394768,0.000000,-31.644768,1.000000,0.162071,0.000001919,
2054300,31.822384,25.250000,6.572384,0.000000,-31.644768,1.000000,0.162053,0.000001924,
2054400,31.822384,24.500000,7.322384,0.000000,-31.644768,1.000000,0.161990,0.000001916,
2054500,31.822384,24.500000,7.322384,0.000000,-31.822384,1.000000,0.161968,0.000001972,
2054600,31.661192,24.500000,7.161192,0.000000,-31.822384,1.000000,0.161915,0.000001970,
2054700,31.661192,25.250000,6.411192,0.000000,-31.822384,1.000000,0.161831,0.000001966,
2054800,31.661192,25.250000,6.411192,0.000000,-31.822384,1.000000,0.161733,0.000001992,
2054900,31.705597,25.250000,6.455597,0.000000,-31.661192,1.000000,0.161642,0.000002011,
2055000,31.705597,25.250000,6.455597,0.000000,-31.661192,1.000000,0.161562,0.000001996,
2055100,31.705597,25.250000,6.455597,0.000000,-31.661192,1.000000,0.161470,0.000002006,
2055200,31.727798,25.250000,6.477798,0.000000,-31.661192,1.000000,0.161420,0.000002005,
2055300,31.727798,25.250000,6.477798,0.000000,-31.727798,1.000000,0.161356,0.000001992,
2055400,31.727798,25.250000,6.477798,0.000000,-31.727798,1.000000,0.161332,0.000001980,
2055500,31.488899,25.250000,6.238899,0.000000,-31.727798,1.000000,0.161295,0.000002001,
2055600,31.488899,25.000000,6.488899,0.000000,-31.727798,1.000000,0.161254,0.000001972,
2055700,31.488899,25.000000,6.488899,0.000000,-31.488899,1.000000,0.161213,0.000002008,
2055800,31.619450,25.000000,6.619450,0.000000,-31.488899,1.000000,0.161207,0.000002015,
2055900,31.619450,25.000000,6.619450,0.000000,-31.488899,1.000000,0.161140,0.000001999,
2056000,31.619450,25.000000,6.619450,0.000000,-31.488899,1.000000,0.161048,0.000002006,
2056100,31.559725,25.000000,6.559725,0.000000,-31.619450,1.000000,0.160963,0.000001991,
2056200,31.559725,25.000000,6.559725,0.000000,-31.619450,1.000000,0.160926,0.000001980,
2056300,31.559725,25.000000,6.559725,0.000000,-31.619450,1.000000,0.160905,0.000001947,
2056400,31.654861,25.000000,6.654861,0.000000,-31.619450,1.000000,0.160861,0.000001942,
2056500,31.654861,25.000000,6.654861,0.000000,-31.654861,1.000000,0.160780,0.000001934,
2056600,31.654861,25.000000,6.654861,0.000000,-31.654861,1.000000,0.160704,0.000001943,
2056700,31.577431,25.000000,6.577431,0.000000,-31.654861,1.000000,0.160639,0.000001939,
2056800,31.577431,25.000000,6.577431,0.000000,-31.654861,1.000000,0.160609,0.000001943,
2056900,31.577431,25.000000,6.577431,0.000000,-31.577431,1.000000,0.160570,0.000001936,
2057000,31.538715,25.000000,6.538715,0.000000,-31.577431,1.000000,0.160510,0.000001925,
2057100,31.538715,25.000000,6.538715,0.000000,-31.577431,1.000000,0.160441,0.000001935,
2057200,31.538715,25.000000,6.538715,0.000000,-31.577431,1.000000,0.160370,0.000001939,
2057300,31.519358,25.000000,6.519358,0.000000,-31.538715,1.000000,0.160316,0.000001931,
2057400,31.519358,25.000000,6.519358,0.000000,-31.538715,1.000000,0.160241,0.000001941,
2057500,31.519358,25.000000,6.519358,0.000000,-31.538715,1.000000,0.160198,0.000001946,
2057600,31.759678,25.000000,6.759678,0.000000,-31.538715,1.000000,0.160129,0.000001943,
2057700,31.759678,25.250000,6.509678,0.000000,-31.759678,1.000000,0.160049,0.000001971,
2057800,31.759678,25.250000,6.509678,0.000000,-31.759678,1.000000,0.160015,0.000001985,
2057900,31.879839,25.250000,6.629839,0.000000,-31.759678,1.000000,0.160011,0.000001999,
2058000,31.879839,24.750000,7.129839,0.000000,-31.759678,1.000000,0.159933,0.000001991,
2058100,31.879839,24.750000,7.129839,0.000000,-31.879839,1.000000,0.159895,0.000002012,
2058200,31.939919,24.750000,7.189919,0.000000,-31.879839,1.000000,0.159856,0.000002008,
2058300,31.939919,24.750000,7.189919,0.000000,-31.879839,1.000000,0.159776,0.000002037,
2058400,31.939919,24.750000,7.189919,0.000000,-31.879839,1.000000,0.159670,0.000002016,
2058500,31.719959,24.750000,6.969959,0.000000,-31.939919,1.000000,0.159603,0.000002023,
2058600,31.719959,25.000000,6.719959,0.000000,-31.939919,1.000000,0.159506,0.000002019,
2058700,31.719959,25.000000,6.719959,0.000000,-31.939919,1.000000,0.159496,0.000002012,
2058800,31.484980,25.000000,6.484980,0.000000,-31.939919,1.000000,0.159417,0.000002027,
2058900,31.484980,25.000000,6.484980,0.000000,-31.484980,1.000000,0.159435,0.000002010,
2059000,31.484980,25.000000,6.484980,0.000000,-31.484980,1.000000,0.159402,0.000001997,
2059100,31.492489,25.000000,6.492489,0.000000,-31.484980,1.000000,0.159338,0.000001960,
2059200,31.492489,25.250000,6.242489,0.000000,-31.484980,1.000000,0.159332,0.000001961,
2059300,31.492489,25.250000,6.242489,0.000000,-31.492489,1.000000,0.159286,0.000001982,
2059400,31.746244,25.250000,6.496244,0.000000,-31.492489,1.000000,0.159270,0.000001984,
2059500,31.746244,25.250000,6.496244,0.000000,-31.492489,1.000000,0.159168,0.000001979,
2059600,31.746244,25.250000,6.496244,0.000000,-31.492489,1.000000,0.159091,0.000001946,
2059700,31.873123,25.250000,6.623123,0.000000,-31.746244,1.000000,0.159024,0.000001954,
2059800,31.873123,25.000000,6.873123,0.000000,-31.746244,1.000000,0.158931,0.000001953,
2059900,31.873123,25.000000,6.873123,0.000000,-31.746244,1.000000,0.158834,0.000001959,
2060000,31.811562,25.000000,6.811562,0.000000,-31.746244,1.000000,0.158838,0.000001928,
2060100,31.811562,25.000000,6.811562,0.000000,-31.811562,1.000000,0.158782,0.000001932,
2060200,31.811562,25.000000,6.811562,0.000000,-31.811562,1.000000,0.158723,0.000001936,
2060300,31.780781,25.000000,6.780781,0.000000,-31.811562,1.000000,0.158651,0.000001962,
2060400,31.780781,25.000000,6.780781,0.000000,-31.811562,1.000000,0.158583,0.000001952,
2060500,31.780781,25.000000,6.780781,0.000000,-31.780781,1.000000,0.158508,0.000001951,
2060600,31.640390,25.000000,6.640390,0.000000,-31.780781,1.000000,0.158460,0.000001952,
2060700,31.640390,25.500000,6.140390,0.000000,-31.780781,1.000000,0.158414,0.000001939,
2060800,31.640390,25.500000,6.140390,0.000000,-31.780781,1.000000,0.158333,0.000001930,
2060900,31.570194,25.500000,6.070194,0.000000,-31.640390,1.000000,0.158301,0.000001940,
2061000,31.570194,25.000000,6.570194,0.000000,-31.640390,1.000000,0.158173,0.000001913,
2061100,31.570194,25.000000,6.570194,0.000000,-31.640390,1.000000,0.158084,0.000001911,
2061200,31.535097,25.000000,6.535097,0.000000,-31.640390,1.000000,0.158108,0.000001911,
2061300,31.535097,25.000000,6.535097,0.000000,-31.535097,1.000000,0.158086,0.000001900,
2061400,31.535097,25.000000,6.535097,0.000000,-31.535097,1.000000,0.158082,0.000001884,
2061500,31.267548,25.000000,6.267548,0.000000,-31.535097,1.000000,0.158029,0.000001902,
2061600,31.267548,25.500000,5.767548,0.000000,-31.535097,1.000000,0.157958,0.000001940,
2061700,31.267548,25.500000,5.767548,0.000000,-31.267548,1.000000,0.157907,0.000001946,
2061800,31.258774,25.500000,5.758774,0.000000,-31.267548,1.000000,0.157857,0.000001929,
2061900,31.258774,25.000000,6.258774,0.000000,-31.267548,1.000000,0.157841,0.000001901,
2062000,31.258774,25.000000,6.258774,0.000000,-31.267548,1.000000,0.157808,0.000001917,
2062100,31.254387,25.000000,6.254387,0.000000,-31.258774,1.000000,0.157758,0.000001922,
2062200,31.254387,25.250000,6.004387,0.000000,-31.258774,1.000000,0.157779,0.000001881,
2062300,31.254387,25.250000,6.004387,0.000000,-31.258774,1.000000,0.157729,0.000001905,
2062400,31.502193,25.250000,6.252193,0.000000,-31.258774,1.000000,0.157695,0.000001908,
2062500,31.502193,25.250000,6.252193,0.000000,-31.502193,1.000000,0.157649,0.000001915,
2062600,31.502193,25.250000,6.252193,0.000000,-31.502193,1.000000,0.157598,0.000001904,
2062700,31.626097,25.250000,6.376097,0.000000,-31.502193,1.000000,0.157500,0.000001928,
2062800,31.626097,25.250000,6.376097,0.000000,-31.502193,1.000000,0.157486,0.000001935,
2062900,31.626097,25.250000,6.376097,0.000000,-31.626097,1.000000,0.157393,0.000001932,
2063000,31.563049,25.250000,6.313049,0.000000,-31.626097,1.000000,0.157356,0.000001896,
2063100,31.563049,25.000000,6.563049,0.000000,-31.626097,1.000000,0.157316,0.000001914,
2063200,31.563049,25.000000,6.563049,0.000000,-31.626097,1.000000,0.157250,0.000001923,
2063300,31.281525,25.000000,6.281525,0.000000,-31.563049,1.000000,0.157159,0.000001934,
2063400,31.281525,25.250000,6.031525,0.000000,-31.563049,1.000000,0.157094,0.000001952,
2063500,31.281525,25.250000,6.031525,0.000000,-31.563049,1.000000,0.157082,0.000001922,
2063600,31.515762,25.250000,6.265762,0.000000,-31.563049,1.000000,0.157006,0.000001919,
2063700,31.515762,25.000000,6.515762,0.000000,-31.515762,1.000000,0.156950,0.000001918,
2063800,31.515762,25.000000,6.515762,0.000000,-31.515762,1.000000,0.156851,0.000001934,
2063900,31.507881,25.000000,6.507881,0.000000,-31.515762,1.000000,0.156791,0.000001945,
2064000,31.507881,24.750000,6.757881,0.000000,-31.515762,1.000000,0.156696,0.000001949,
2064100,31.507881,24.750000,6.757881,0.000000,-31.507881,1.000000,0.156675,0.000001964,
2064200,31.503941,24.750000,6.753941,0.000000,-31.507881,1.000000,0.156617,0.000001977,
2064300,31.503941,25.000000,6.503941,0.000000,-31.507881,1.000000,0.156541,0.000001942,
2064400,31.503941,25.000000,6.503941,0.000000,-31.507881,1.000000,0.156525,0.000001940,
2064500,31.626970,25.000000,6.626970,0.000000,-31.503941,1.000000,0.156477,0.000001943,
2064600,31.626970,25.000000,6.626970,0.000000,-31.503941,1.000000,0.156433,0.000001951,
2064700,31.626970,25.000000,6.626970,0.000000,-31.503941,1.000000,0.156345,0.000001943,
2064800,31.688484,25.000000,6.688484,0.000000,-31.503941,1.000000,0.156256,0.000001976,
2064900,31.688484,24.750000,6.938484,0.000000,-31.688484,1.000000,0.156155,0.000001955,
2065000,31.688484,24.750000,6.938484,0.000000,-31.688484,1.000000,0.156094,0.000001940,
2065100,31.719242,24.750000,6.969242,0.000000,-31.688484,1.000000,0.156026,0.000001952,
2065200,31.719242,25.000000,6.719242,0.000000,-31.688484,1.000000,0.155959,0.000001977,
2065300,31.719242,25.000000,6.719242,0.000000,-31.719242,1.000000,0.155953,0.000001978,
2065400,31.609621,25.000000,6.609621,0.000000,-31.719242,1.000000,0.155922,0.000001961,
2065500,31.609621,25.250000,6.359621,0.000000,-31.719242,1.000000,0.155855,0.000001971,
2065600,31.609621,25.250000,6.359621,0.000000,-31.719242,1.000000,0.155863,0.000001958,
2065700,31.304810,25.250000,6.054810,0.000000,-31.609621,1.000000,0.155756,0.000001973,
2065800,31.304810,25.250000,6.054810,0.000000,-31.609621,1.000000,0.155774,0.000001955,
2065900,31.304810,25.250000,6.054810,0.000000,-31.609621,1.000000,0.155759,0.000001997,
2066000,31.277405,25.250000,6.027405,0.000000,-31.609621,1.000000,0.155703,0.000001970,
2066100,31.277405,25.000000,6.277405,0.000000,-31.277405,1.000000,0.155686,0.000002002,
2066200,31.277405,25.000000,6.277405,0.000000,-31.277405,1.000000,0.155604,0.000001998,
2066300,31.513702,25.000000,6.513702,0.000000,-31.277405,1.000000,0.155571,0.000001997,
2066400,31.513702,25.250000,6.263702,0.000000,-31.277405,1.000000,0.155466,0.000001977,
2066500,31.513702,25.250000,6.263702,0.000000,-31.513702,1.000000,0.155436,0.000001971,
2066600,31.506851,25.250000,6.256851,0.000000,-31.513702,1.000000,0.155388,0.000001957,
2066700,31.506851,24.750000,6.756851,0.000000,-31.513702,1.000000,0.155388,0.000001949,
2066800,31.506851,24.750000,6.756851,0.000000,-31.513702,1.000000,0.155343,0.000001955,
2066900,31.503426,24.750000,6.753426,0.000000,-31.506851,1.000000,0.155273,0.000001941,
2067000,31.503426,25.500000,6.003426,0.000000,-31.506851,1.000000,0.155232,0.000001946,
2067100,31.503426,25.500000,6.003426,0.000000,-31.506851,1.000000,0.155126,0.000001956,
2067200,31.501713,25.500000,6.001713,0.000000,-31.506851,1.000000,0.155058,0.000001953,
2067300,31.501713,24.750000,6.751713,0.000000,-31.501713,1.000000,0.154990,0.000002005,
2067400,31.501713,24.750000,6.751713,0.000000,-31.501713,1.000000,0.154937,0.000002036,
2067500,31.500856,24.750000,6.750856,0.000000,-31.501713,1.000000,0.154860,0.000002026,
2067600,31.500856,25.000000,6.500856,0.000000,-31.501713,1.000000,0.154772,0.000002013,
2067700,31.500856,25.000000,6.500856,0.000000,-31.500856,1.000000,0.154706,0.000002026,
2067800,31.250427,25.000000,6.250427,0.000000,-31.500856,1.000000,0.154682,0.000002014,
2067900,31.250427,24.750000,6.500427,0.000000,-31.500856,1.000000,0.154669,0.000001998,
2068000,31.250427,24.750000,6.500427,0.000000,-31.500856,1.000000,0.154579,0.000001999,
2068100,31.375214,24.750000,6.625214,0.000000,-31.250427,1.000000,0.154541,0.000001987,
2068200,31.375214,25.250000,6.125214,0.000000,-31.250427,1.000000,0.154465,0.000002012,
2068300,31.375214,25.250000,6.125214,0.000000,-31.250427,1.000000,0.154380,0.000002037,
2068400,31.312607,25.250000,6.062607,0.000000,-31.250427,1.000000,0.154317,0.000002027,
2068500,31.312607,25.000000,6.312607,0.000000,-31.312607,1.000000,0.154280,0.000002009,
2068600,31.312607,25.000000,6.312607,0.000000,-31.312607,1.000000,0.154227,0.000002030,
2068700,31.406303,25.000000,6.406303,0.000000,-31.312607,1.000000,0.154180,0.000002032,
2068800,31.406303,25.000000,6.406303,0.000000,-31.312607,1.000000,0.154127,0.000002052,
2068900,31.406303,25.000000,6.406303,0.000000,-31.406303,1.000000,0.154029,0.000002059,
2069000,31.578152,25.000000,6.578152,0.000000,-31.406303,1.000000,0.153988,0.000002045,
2069100,31.578152,24.250000,7.328152,0.000000,-31.406303,1.000000,0.153921,0.000002036,
2069200,31.578152,24.250000,7.328152,0.000000,-31.406303,1.000000,0.153857,0.000002035,
2069300,31.414076,24.250000,7.164076,0.000000,-31.578152,1.000000,0.153787,0.000002014,
2069400,31.414076,25.000000,6.414076,0.000000,-31.578152,1.000000,0.153736,0.000002016,
2069500,31.414076,25.000000,6.414076,0.000000,-31.578152,1.000000,0.153684,0.000001997,
2069600,31.457039,25.000000,6.457039,0.000000,-31.578152,1.000000,0.153645,0.000002005,
2069700,31.457039,25.000000,6.457039,0.000000,-31.457039,1.000000,0.153566,0.000002011,
2069800,31.457039,25.000000,6.457039,0.000000,-31.457039,1.000000,0.153535,0.000002036,
2069900,31.353519,25.000000,6.353519,0.000000,-31.457039,1.000000,0.153457,0.000002061,
2070000,31.353519,25.000000,6.353519,0.000000,-31.457039,1.000000,0.153424,0.000002053,
2070100,31.353519,25.000000,6.353519,0.000000,-31.353519,1.000000,0.153369,0.000002024,
2070200,31.176760,25.000000,6.176760,0.000000,-31.353519,1.000000,0.153335,0.000002010,
2070300,31.176760,24.750000,6.426760,0.000000,-31.353519,1.000000,0.153271,0.000001977,
2070400,31.176760,24.750000,6.426760,0.000000,-31.353519,1.000000,0.153259,0.000001974,
2070500,31.213379,24.750000,6.463379,0.000000,-31.176760,1.000000,0.153205,0.000001974,
2070600,31.213379,24.750000,6.463379,0.000000,-31.176760,1.000000,0.153124,0.000001978,
2070700,31.213379,24.750000,6.463379,0.000000,-31.176760,1.000000,0.153068,0.000001977,
2070800,31.231689,24.750000,6.481689,0.000000,-31.176760,1.000000,0.153032,0.000001979,
2070900,31.231689,25.000000,6.231689,0.000000,-31.231689,1.000000,0.152983,0.000001963,
2071000,31.231689,25.000000,6.231689,0.000000,-31.231689,1.000000,0.152906,0.000001948,
2071100,31.365845,25.000000,6.365845,0.000000,-31.231689,1.000000,0.152847,0.000001921,
2071200,31.365845,25.000000,6.365845,0.000000,-31.231689,1.000000,0.152750,0.000001955,
2071300,31.365845,25.000000,6.365845,0.000000,-31.365845,1.000000,0.152682,0.000001943,
2071400,31.432922,25.000000,6.432922,0.000000,-31.365845,1.000000,0.152633,0.000001927,
2071500,31.432922,25.000000,6.432922,0.000000,-31.365845,1.000000,0.152575,0.000001901,
2071600,31.432922,25.000000,6.432922,0.000000,-31.365845,1.000000,0.152540,0.000001892,
2071700,31.341461,25.000000,6.341461,0.000000,-31.432922,1.000000,0.152470,0.000001873,
2071800,31.341461,25.250000,6.091461,0.000000,-31.432922,1.000000,0.152435,0.000001854,
2071900,31.341461,25.250000,6.091461,0.000000,-31.432922,1.000000,0.152339,0.000001846,
2072000,31.420731,25.250000,6.170731,0.000000,-31.432922,1.000000,0.152269,0.000001864,
2072100,31.420731,25.500000,5.920731,0.000000,-31.420731,1.000000,0.152200,0.000001890,
2072200,31.420731,25.500000,5.920731,0.000000,-31.420731,1.000000,0.152165,0.000001897,
2072300,31.460365,25.500000,5.960365,0.000000,-31.420731,1.000000,0.152107,0.000001899,
2072400,31.460365,24.500000,6.960365,0.000000,-31.420731,1.000000,0.152114,0.000001896,
2072500,31.460365,24.500000,6.960365,0.000000,-31.460365,1.000000,0.152082,0.000001920,
2072600,31.355183,24.500000,6.855183,0.000000,-31.460365,1.000000,0.151990,0.000001923,
2072700,31.355183,25.000000,6.355183,0.000000,-31.460365,1.000000,0.151956,0.000001909,
2072800,31.355183,25.000000,6.355183,0.000000,-31.460365,1.000000,0.151885,0.000001870,
2072900,31.302591,25.000000,6.302591,0.000000,-31.355183,1.000000,0.151844,0.000001878,
2073000,31.302591,24.750000,6.552591,0.000000,-31.355183,1.000000,0.151783,0.000001910,
2073100,31.302591,24.750000,6.552591,0.000000,-31.355183,1.000000,0.151735,0.000001915,
2073200,31.401295,24.750000,6.651295,0.000000,-31.355183,1.000000,0.151630,0.000001916,
2073300,31.401295,25.250000,6.151295,0.000000,-31.401295,1.000000,0.151579,0.000001914,
2073400,31.401295,25.250000,6.151295,0.000000,-31.401295,1.000000,0.151494,0.000001884,
2073500,31.325647,25.250000,6.075647,0.000000,-31.401295,1.000000,0.151444,0.000001914,
2073600,31.287823,25.250000,6.037823,0.000000,-31.401295,1.000000,0.151445,0.000001938,
2073700,31.287823,25.000000,6.287823,0.000000,-31.287823,1.000000,0.151402,0.000001957,
2073800,31.287823,25.000000,6.287823,0.000000,-31.287823,1.000000,0.151294,0.000001919,
2073900,31.143911,25.000000,6.143911,0.000000,-31.287823,1.000000,0.151279,0.000001931,
2074000,31.143911,25.000000,6.143911,0.000000,-31.287823,1.000000,0.151215,0.000001932,
2074100,31.143911,25.000000,6.143911,0.000000,-31.143911,1.000000,0.151144,0.000001939,
2074200,31.196957,25.000000,6.196957,0.000000,-31.143911,1.000000,0.151053,0.000001929,
2074300,31.196957,24.750000,6.446957,0.000000,-31.143911,1.000000,0.150984,0.000001923,
2074400,31.196957,24.750000,6.446957,0.000000,-31.143911,1.000000,0.150933,0.000001922,
2074500,31.223478,24.750000,6.473478,0.000000,-31.196957,1.000000,0.150891,0.000001924,
2074600,31.223478,24.750000,6.473478,0.000000,-31.196957,1.000000,0.150833,0.000001936,
2074700,31.223478,24.750000,6.473478,0.000000,-31.196957,1.000000,0.150782,0.000001954,
2074800,31.361740,24.750000,6.611740,0.000000,-31.196957,1.000000,0.150751,0.000001960,
2074900,31.361740,25.000000,6.361740,0.000000,-31.361740,1.000000,0.150693,0.000001966,
2075000,31.361740,25.000000,6.361740,0.000000,-31.361740,1.000000,0.150640,0.000001963,
2075100,31.305870,25.000000,6.305870,0.000000,-31.361740,1.000000,0.150547,0.000001975,
2075200,31.305870,25.250000,6.055870,0.000000,-31.361740,1.000000,0.150479,0.000001984,
2075300,31.305870,25.250000,6.055870,0.000000,-31.305870,1.000000,0.150468,0.000001989,
2075400,31.277935,25.250000,6.027935,0.000000,-31.305870,1.000000,0.150415,0.000001987,
2075500,31.277935,25.000000,6.277935,0.000000,-31.305870,1.000000,0.150354,0.000002005,
2075600,31.277935,25.000000,6.277935,0.000000,-31.305870,1.000000,0.150325,0.000002013,
2075700,31.263968,25.000000,6.263968,0.000000,-31.277935,1.000000,0.150307,0.000001995,
2075800,31.263968,25.000000,6.263968,0.000000,-31.277935,1.000000,0.150303,0.000002014,
2075900,31.263968,25.000000,6.263968,0.000000,-31.277935,1.000000,0.150217,0.000001998,
2076000,31.256985,25.000000,6.256985,0.000000,-31.277935,1.000000,0.150164,0.000001982,
2076100,31.256985,25.000000,6.256985,0.000000,-31.256985,1.000000,0.150095,0.000001958,
2076200,31.256985,25.000000,6.256985,0.000000,-31.256985,1.000000,0.150073,0.000001955,
2076300,31.128492,25.000000,6.128492,0.000000,-31.256985,1.000000,0.149995,0.000001969,
2076400,31.128492,25.000000,6.128492,0.000000,-31.256985,1.000000,0.149932,0.000001962,
2076500,31.128492,25.000000,6.128492,0.000000,-31.128492,1.000000,0.149929,0.000001937,
2076600,31.314247,25.000000,6.314247,0.000000,-31.128492,1.000000,0.149815,0.000001978,
2076700,31.314247,25.000000,6.314247,0.000000,-31.128492,1.000000,0.149753,0.000001970,
2076800,31.314247,25.000000,6.314247,0.000000,-31.128492,1.000000,0.149724,0.000002000,
2076900,31.282124,25.000000,6.282124,0.000000,-31.314247,1.000000,0.149626,0.000002004,
2077000,31.282124,24.500000,6.782124,0.000000,-31.314247,1.000000,0.149592,0.000001994,
2077100,31.282124,24.500000,6.782124,0.000000,-31.314247,1.000000,0.149586,0.000001981,
2077200,31.016062,24.500000,6.516062,0.000000,-31.314247,1.000000,0.149531,0.000001981,
2077300,31.016062,25.000000,6.016062,0.000000,-31.016062,1.000000,0.149487,0.000001976,
2077400,31.016062,25.000000,6.016062,0.000000,-31.016062,1.000000,0.149416,0.000001976,
2077500,31.008030,25.000000,6.008030,0.000000,-31.016062,1.000000,0.149359,0.000002003,
2077600,31.008030,25.000000,6.008030,0.000000,-31.016062,1.000000,0.149300,0.000001977,
2077700,31.008030,25.000000,6.008030,0.000000,-31.008030,1.000000,0.149222,0.000001958,
2077800,31.004015,25.000000,6.004015,0.000000,-31.008030,1.000000,0.149154,0.000001956,
2077900,31.004015,25.000000,6.004015,0.000000,-31.008030,1.000000,0.149103,0.000001937,
2078000,31.004015,25.000000,6.004015,0.000000,-31.008030,1.000000,0.149041,0.000001957,
2078100,31.252007,25.000000,6.252007,0.000000,-31.004015,1.000000,0.149002,0.000001957,
2078200,31.252007,25.000000,6.252007,0.000000,-31.004015,1.000000,0.148961,0.000001990,
2078300,31.252007,25.000000,6.252007,0.000000,-31.004015,1.000000,0.148884,0.000001990,
2078400,31.251003,25.000000,6.251003,0.000000,-31.004015,1.000000,0.148811,0.000001976,
2078500,31.251003,25.000000,6.251003,0.000000,-31.251003,1.000000,0.148739,0.000001957,
2078600,31.251003,25.000000,6.251003,0.000000,-31.251003,1.000000,0.148671,0.000001952,
2078700,31.250502,25.000000,6.250502,0.000000,-31.251003,1.000000,0.148606,0.000001954,
2078800,31.250502,25.000000,6.250502,0.000000,-31.251003,1.000000,0.148547,0.000001960,
2078900,31.250502,25.000000,6.250502,0.000000,-31.250502,1.000000,0.148499,0.000001957,
2079000,31.125252,25.000000,6.125252,0.000000,-31.250502,1.000000,0.148434,0.000001962,
2079100,31.125252,25.000000,6.125252,0.000000,-31.250502,1.000000,0.148381,0.000001947,
2079200,31.125252,25.000000,6.125252,0.000000,-31.250502,1.000000,0.148333,0.000001948,
2079300,31.187626,25.000000,6.187626,0.000000,-31.125252,1.000000,0.148263,0.000001954,
2079400,31.187626,25.250000,5.937626,0.000000,-31.125252,1.000000,0.148175,0.000001967,
2079500,31.187626,25.250000,5.937626,0.000000,-31.125252,1.000000,0.148112,0.000001965,
2079600,31.093813,25.250000,5.843813,0.000000,-31.125252,1.000000,0.148068,0.000001941,
2079700,31.093813,25.250000,5.843813,0.000000,-31.093813,1.000000,0.148022,0.000001934,
2079800,31.093813,25.250000,5.843813,0.000000,-31.093813,1.000000,0.147977,0.000001942,
2079900,31.171906,25.250000,5.921906,0.000000,-31.093813,1.000000,0.147913,0.000001933,
2080000,31.171906,24.500000,6.671906,0.000000,-31.093813,1.000000,0.147845,0.000001955,
2080100,31.171906,24.500000,6.671906,0.000000,-31.171906,1.000000,0.147793,0.000001933,
2080200,31.085953,24.500000,6.585953,0.000000,-31.171906,1.000000,0.147741,0.000001923,
2080300,31.085953,25.250000,5.835953,0.000000,-31.171906,1.000000,0.147690,0.000001931,
2080400,31.085953,25.250000,5.835953,0.000000,-31.171906,1.000000,0.147630,0.000001959,
2080500,31.167976,25.250000,5.917976,0.000000,-31.085953,1.000000,0.147616,0.000001961,
2080600,31.167976,25.000000,6.167976,0.000000,-31.085953,1.000000,0.147582,0.000001940,
2080700,31.167976,25.000000,6.167976,0.000000,-31.085953,1.000000,0.147547,0.000001976,
2080800,31.083988,25.000000,6.083988,0.000000,-31.085953,1.000000,0.147482,0.000001966,
2080900,31.083988,25.000000,6.083988,0.000000,-31.083988,1.000000,0.147441,0.000001961,
2081000,31.083988,25.000000,6.083988,0.000000,-31.083988,1.000000,0.147378,0.000001951,
2081100,31.291994,25.000000,6.291994,0.000000,-31.083988,1.000000,0.147288,0.000001952,
2081200,31.291994,25.000000,6.291994,0.000000,-31.083988,1.000000,0.147266,0.000001947,
2081300,31.291994,25.000000,6.291994,0.000000,-31.291994,1.000000,0.147235,0.000001947,
2081400,31.270996,25.000000,6.270996,0.000000,-31.291994,1.000000,0.147205,0.000001918,
2081500,31.270996,24.500000,6.770996,0.000000,-31.291994,1.000000,0.147147,0.000001937,
2081600,31.270996,24.500000,6.770996,0.000000,-31.291994,1.000000,0.147100,0.000001930,
2081700,31.260498,24.500000,6.760498,0.000000,-31.270996,1.000000,0.147036,0.000001923,
2081800,31.260498,24.500000,6.760498,0.000000,-31.270996,1.000000,0.146949,0.000001917,
2081900,31.260498,24.500000,6.760498,0.000000,-31.270996,1.000000,0.146875,0.000001913,
2082000,30.880249,24.500000,6.380249,0.000000,-31.270996,1.000000,0.146847,0.000001912,
2082100,30.880249,25.250000,5.630249,0.000000,-30.880249,1.000000,0.146795,0.000001877,
2082200,30.880249,25.250000,5.630249,0.000000,-30.880249,1.000000,0.146793,0.000001906,
2082300,30.940125,25.250000,5.690125,0.000000,-30.880249,1.000000,0.146738,0.000001890,
2082400,30.940125,25.250000,5.690125,0.000000,-30.880249,1.000000,0.146645,0.000001868,
2082500,30.940125,25.250000,5.690125,0.000000,-30.940125,1.000000,0.146629,0.000001873,
2082600,30.970062,25.250000,5.720062,0.000000,-30.940125,1.000000,0.146558,0.000001869,
2082700,30.970062,25.250000,5.720062,0.000000,-30.940125,1.000000,0.146455,0.000001867,
2082800,30.970062,25.250000,5.720062,0.000000,-30.940125,1.000000,0.146375,0.000001833,
2082900,31.110031,25.250000,5.860031,0.000000,-30.970062,1.000000,0.146354,0.000001826,
2083000,31.110031,24.750000,6.360031,0.000000,-30.970062,1.000000,0.146300,0.000001861,
2083100,31.110031,24.750000,6.360031,0.000000,-30.970062,1.000000,0.146235,0.000001878,
2083200,30.930016,24.750000,6.180016,0.000000,-30.970062,1.000000,0.146221,0.000001896,
2083300,30.930016,25.250000,5.680016,0.000000,-30.930016,1.000000,0.146185,0.000001886,
2083400,30.930016,25.250000,5.680016,0.000000,-30.930016,1.000000,0.146139,0.000001900,
2083500,30.965008,25.250000,5.715008,0.000000,-30.930016,1.000000,0.146099,0.000001916,
2083600,30.965008,24.750000,6.215008,0.000000,-30.930016,1.000000,0.146051,0.000001937,
2083700,30.965008,24.750000,6.215008,0.000000,-30.965008,1.000000,0.146015,0.000001959,
2083800,30.982504,24.750000,6.232504,0.000000,-30.965008,1.000000,0.145891,0.000001944,
2083900,30.982504,25.250000,5.732504,0.000000,-30.965008,1.000000,0.145850,0.000001928,
2084000,30.982504,25.250000,5.732504,0.000000,-30.965008,1.000000,0.145778,0.000001925,
2084100,31.116253,25.250000,5.866253,0.000000,-30.982504,1.000000,0.145704,0.000001927,
2084200,31.116253,25.000000,6.116253,0.000000,-30.982504,1.000000,0.145649,0.000001937,
2084300,31.116253,25.000000,6.116253,0.000000,-30.982504,1.000000,0.145641,0.000001939,
2084400,30.933126,25.000000,5.933126,0.000000,-30.982504,1.000000,0.145554,0.000001948,
2084500,30.933126,25.000000,5.933126,0.000000,-30.933126,1.000000,0.145541,0.000001950,
2084600,30.933126,25.000000,5.933126,0.000000,-30.933126,1.000000,0.145508,0.000001953,
2084700,30.966564,25.000000,5.966564,0.000000,-30.933126,1.000000,0.145474,0.000002010,
2084800,30.966564,25.000000,5.966564,0.000000,-30.933126,1.000000,0.145415,0.000002022,
2084900,30.966564,25.000000,5.966564,0.000000,-30.966564,1.000000,0.145332,0.000002004,
2085000,30.983282,25.000000,5.983282,0.000000,-30.966564,1.000000,0.145281,0.000001987,
2085100,30.983282,25.250000,5.733282,0.000000,-30.966564,1.000000,0.145223,0.000001958,
2085200,30.983282,25.250000,5.733282,0.000000,-30.966564,1.000000,0.145186,0.000001950,
2085300,30.991642,25.250000,5.741642,0.000000,-30.983282,1.000000,0.145143,0.000001931,
2085400,30.991642,25.000000,5.991642,0.000000,-30.983282,1.000000,0.145131,0.000001939,
2085500,30.991642,25.000000,5.991642,0.000000,-30.983282,1.000000,0.145089,0.000001931,
2085600,30.995821,25.000000,5.995821,0.000000,-30.983282,1.000000,0.145058,0.000001913,
2085700,30.995821,25.000000,5.995821,0.000000,-30.995821,1.000000,0.145012,0.000001922,
2085800,30.995821,25.000000,5.995821,0.000000,-30.995821,1.000000,0.145009,0.000001920,
2085900,30.872910,25.000000,5.872910,0.000000,-30.995821,1.000000,0.144991,0.000001963,
2086000,30.872910,25.000000,5.872910,0.000000,-30.995821,1.000000,0.144918,0.000001959,
2086100,30.872910,25.000000,5.872910,0.000000,-30.872910,1.000000,0.144795,0.000001996,
2086200,31.061455,25.000000,6.061455,0.000000,-30.872910,1.000000,0.144783,0.000002039,
2086300,31.061455,24.750000,6.311455,0.000000,-30.872910,1.000000,0.144715,0.000002029,
2086400,31.061455,24.750000,6.311455,0.000000,-30.872910,1.000000,0.144694,0.000002008,
2086500,30.905727,24.750000,6.155727,0.000000,-31.061455,1.000000,0.144659,0.000002009,
2086600,30.905727,25.250000,5.655727,0.000000,-31.061455,1.000000,0.144593,0.000001962,
2086700,30.905727,25.250000,5.655727,0.000000,-31.061455,1.000000,0.144510,0.000001976,
2086800,30.952864,25.250000,5.702864,0.000000,-31.061455,1.000000,0.144447,0.000001965,
2086900,30.952864,25.250000,5.702864,0.000000,-30.952864,1.000000,0.144365,0.000001950,
2087000,30.952864,25.250000,5.702864,0.000000,-30.952864,1.000000,0.144316,0.000001936,
2087100,31.101433,25.250000,5.851433,0.000000,-30.952864,1.000000,0.144254,0.000001972,
2087200,31.101433,25.000000,6.101433,0.000000,-30.952864,1.000000,0.144206,0.000001954,
2087300,31.101433,25.000000,6.101433,0.000000,-31.101433,1.000000,0.144108,0.000001955,
2087400,31.050716,25.000000,6.050716,0.000000,-31.101433,1.000000,0.144069,0.000001962,
2087500,31.050716,25.000000,6.050716,0.000000,-31.101433,1.000000,0.144037,0.000001966,
2087600,31.050716,25.000000,6.050716,0.000000,-31.101433,1.000000,0.143989,0.000001985,
2087700,30.900358,25.000000,5.900358,0.000000,-31.050716,1.000000,0.143993,0.000001978,
2087800,30.900358,24.750000,6.150358,0.000000,-31.050716,1.000000,0.143925,0.000001983,
2087900,30.900358,24.750000,6.150358,0.000000,-31.050716,1.000000,0.143916,0.000002006,
2088000,30.950180,24.750000,6.200180,0.000000,-31.050716,1.000000,0.143851,0.000001967,
2088100,30.950180,25.000000,5.950180,0.000000,-30.950180,1.000000,0.143824,0.000001968,
2088200,30.950180,25.000000,5.950180,0.000000,-30.950180,1.000000,0.143763,0.000001995,
2088300,30.975090,25.000000,5.975090,0.000000,-30.950180,1.000000,0.143727,0.000001993,
2088400,30.975090,25.000000,5.975090,0.000000,-30.950180,1.000000,0.143710,0.000001986,
2088500,30.975090,25.000000,5.975090,0.000000,-30.975090,1.000000,0.143688,0.000001960,
2088600,30.987545,25.000000,5.987545,0.000000,-30.975090,1.000000,0.143625,0.000001975,
2088700,30.987545,24.750000,6.237545,0.000000,-30.975090,1.000000,0.143582,0.000001949,
2088800,30.987545,24.750000,6.237545,0.000000,-30.975090,1.000000,0.143495,0.000001946,
2088900,30.993773,24.750000,6.243773,0.000000,-30.987545,1.000000,0.143496,0.000001945,
2089000,30.993773,25.250000,5.743773,0.000000,-30.987545,1.000000,0.143495,0.000001930,
2089100,30.993773,25.250000,5.743773,0.000000,-30.987545,1.000000,0.143452,0.000001937,
2089200,30.996887,25.250000,5.746887,0.000000,-30.987545,1.000000,0.143418,0.000001941,
2089300,30.996887,25.000000,5.996887,0.000000,-30.996887,1.000000,0.143366,0.000001913,
2089400,30.996887,25.000000,5.996887,0.000000,-30.996887,1.000000,0.143325,0.000001900,
2089500,30.998444,25.000000,5.998444,0.000000,-30.996887,1.000000,0.143322,0.000001901,
2089600,30.998444,25.000000,5.998444,0.000000,-30.996887,1.000000,0.143235,0.000001914,
2089700,30.998444,25.000000,5.998444,0.000000,-30.998444,1.000000,0.143209,0.000001926,
2089800,30.874222,25.000000,5.874222,0.000000,-30.998444,1.000000,0.143186,0.000001943,
2089900,30.874222,25.000000,5.874222,0.000000,-30.998444,1.000000,0.143132,0.000001931,
2090000,30.874222,25.000000,5.874222,0.000000,-30.998444,1.000000,0.143073,0.000001919,
2090100,30.937111,25.000000,5.937111,0.000000,-30.874222,1.000000,0.143028,0.000001900,
2090200,30.937111,25.500000,5.437111,0.000000,-30.874222,1.000000,0.142994,0.000001913,
2090300,30.937111,25.500000,5.437111,0.000000,-30.874222,1.000000,0.142927,0.000001925,
2090400,30.968555,25.500000,5.468555,0.000000,-30.874222,1.000000,0.142874,0.000001954,
2090500,30.968555,25.000000,5.968555,0.000000,-30.968555,1.000000,0.142811,0.000001979,
2090600,30.968555,25.000000,5.968555,0.000000,-30.968555,1.000000,0.142791,0.000001972,
2090700,30.859278,25.000000,5.859278,0.000000,-30.968555,1.000000,0.142697,0.000001971,
2090800,30.859278,24.750000,6.109278,0.000000,-30.968555,1.000000,0.142639,0.000001981,
2090900,30.859278,24.750000,6.109278,0.000000,-30.859278,1.000000,0.142573,0.000001984,
2091000,30.554638,24.750000,5.804638,0.000000,-30.859278,1.000000,0.142504,0.000001961,
2091100,30.554638,25.000000,5.554638,0.000000,-30.859278,1.000000,0.142498,0.000001952,
2091200,30.554638,25.000000,5.554638,0.000000,-30.859278,1.000000,0.142461,0.000001956,
2091300,30.777319,25.000000,5.777319,0.000000,-30.554638,1.000000,0.142400,0.000001954,
2091400,30.777319,24.750000,6.027319,0.000000,-30.554638,1.000000,0.142388,0.000001928,
2091500,30.777319,24.750000,6.027319,0.000000,-30.554638,1.000000,0.142358,0.000001947,
2091600,30.763660,24.750000,6.013660,0.000000,-30.554638,1.000000,0.142301,0.000001955,
2091700,30.763660,25.000000,5.763660,0.000000,-30.763660,1.000000,0.142260,0.000001958,
2091800,30.763660,25.000000,5.763660,0.000000,-30.763660,1.000000,0.142197,0.000001953,
2091900,30.756830,25.000000,5.756830,0.000000,-30.763660,1.000000,0.142165,0.000001947,
2092000,30.756830,25.000000,5.756830,0.000000,-30.763660,1.000000,0.142104,0.000001942,
2092100,30.756830,25.000000,5.756830,0.000000,-30.756830,1.000000,0.142072,0.000001932,
2092200,30.878414,25.000000,5.878414,0.000000,-30.756830,1.000000,0.141992,0.000001921,
2092300,30.878414,25.000000,5.878414,0.000000,-30.756830,1.000000,0.141940,0.000001894,
2092400,30.878414,25.000000,5.878414,0.000000,-30.756830,1.000000,0.141904,0.000001881,
2092500,30.939207,25.000000,5.939207,0.000000,-30.878414,1.000000,0.141894,0.000001898,
2092600,30.939207,25.000000,5.939207,0.000000,-30.878414,1.000000,0.141890,0.000001916,
2092700,30.939207,25.000000,5.939207,0.000000,-30.878414,1.000000,0.141782,0.000001917,
2092800,30.969604,25.000000,5.969604,0.000000,-30.878414,1.000000,0.141722,0.000001931,
2092900,30.969604,24.750000,6.219604,0.000000,-30.969604,1.000000,0.141639,0.000001929,
2093000,30.969604,24.750000,6.219604,0.000000,-30.969604,1.000000,0.141628,0.000001945,
2093100,30.859802,24.750000,6.109802,0.000000,-30.969604,1.000000,0.141619,0.000001911,
2093200,30.859802,25.250000,5.609802,0.000000,-30.969604,1.000000,0.141601,0.000001917,
2093300,30.859802,25.250000,5.609802,0.000000,-30.859802,1.000000,0.141565,0.000001904,
2093400,30.804901,25.250000,5.554901,0.000000,-30.859802,1.000000,0.141494,0.000001893,
2093500,30.804901,25.000000,5.804901,0.000000,-30.859802,1.000000,0.141481,0.000001899,
2093600,30.804901,25.000000,5.804901,0.000000,-30.859802,1.000000,0.141444,0.000001883,
2093700,30.777451,25.000000,5.777451,0.000000,-30.804901,1.000000,0.141422,0.000001880,
2093800,30.777451,25.000000,5.777451,0.000000,-30.804901,1.000000,0.141324,0.000001898,
2093900,30.777451,25.000000,5.777451,0.000000,-30.804901,1.000000,0.141333,0.000001878,
2094000,30.638725,25.000000,5.638725,0.000000,-30.804901,1.000000,0.141277,0.000001883,
2094100,30.638725,25.250000,5.388725,0.000000,-30.638725,1.000000,0.141231,0.000001885,
2094200,30.638725,25.250000,5.388725,0.000000,-30.638725,1.000000,0.141203,0.000001880,
2094300,30.694363,25.250000,5.444363,0.000000,-30.638725,1.000000,0.141157,0.000001879,
2094400,30.694363,24.500000,6.194363,0.000000,-30.638725,1.000000,0.141112,0.000001914,
2094500,30.694363,24.500000,6.194363,0.000000,-30.694363,1.000000,0.141071,0.000001930,
2094600,30.722181,24.500000,6.222181,0.000000,-30.694363,1.000000,0.141013,0.000001921,
2094700,30.722181,25.000000,5.722181,0.000000,-30.694363,1.000000,0.140992,0.000001879,
2094800,30.722181,25.000000,5.722181,0.000000,-30.694363,1.000000,0.140951,0.000001878,
2094900,30.861092,25.000000,5.861092,0.000000,-30.722181,1.000000,0.140929,0.000001900,
2095000,30.861092,25.000000,5.861092,0.000000,-30.722181,1.000000,0.140855,0.000001901,
2095100,30.861092,25.000000,5.861092,0.000000,-30.722181,1.000000,0.140815,0.000001906,
2095200,30.805546,25.000000,5.805546,0.000000,-30.722181,1.000000,0.140837,0.000001903,
2095300,30.805546,25.250000,5.555546,0.000000,-30.805546,1.000000,0.140808,0.000001915,
2095400,30.805546,25.250000,5.555546,0.000000,-30.805546,1.000000,0.140783,0.000001914,
2095500,30.777773,25.250000,5.527773,0.000000,-30.805546,1.000000,0.140710,0.000001906,
2095600,30.777773,25.000000,5.777773,0.000000,-30.805546,1.000000,0.140618,0.000001883,
2095700,30.777773,25.000000,5.777773,0.000000,-30.777773,1.000000,0.140565,0.000001900,
2095800,30.513885,25.000000,5.513885,0.000000,-30.777773,1.000000,0.140546,0.000001935,
2095900,30.513885,25.000000,5.513885,0.000000,-30.777773,1.000000,0.140489,0.000001906,
2096000,30.513885,25.000000,5.513885,0.000000,-30.777773,1.000000,0.140391,0.000001908,
2096100,30.381943,25.000000,5.381943,0.000000,-30.513885,1.000000,0.140414,0.000001876,
2096200,30.381943,24.750000,5.631943,0.000000,-30.513885,1.000000,0.140352,0.000001859,
2096300,30.381943,24.750000,5.631943,0.000000,-30.513885,1.000000,0.140314,0.000001869,
2096400,30.565971,24.750000,5.815971,0.000000,-30.513885,1.000000,0.140279,0.000001868,
2096500,30.565971,24.750000,5.815971,0.000000,-30.565971,1.000000,0.140208,0.000001900,
2096600,30.565971,24.750000,5.815971,0.000000,-30.565971,1.000000,0.140145,0.000001911,
2096700,30.657986,24.750000,5.907986,0.000000,-30.565971,1.000000,0.140100,0.000001887,
2096800,30.657986,25.250000,5.407986,0.000000,-30.565971,1.000000,0.140087,0.000001893,
2096900,30.657986,25.250000,5.407986,0.000000,-30.657986,1.000000,0.140041,0.000001890,
2097000,30.703993,25.250000,5.453993,0.000000,-30.657986,1.000000,0.139975,0.000001880,
2097100,30.703993,25.000000,5.703993,0.000000,-30.657986,1.000000,0.139901,0.000001897,
2097200,30.703993,25.000000,5.703993,0.000000,-30.657986,1.000000,0.139843,0.000001879,
2097300,30.726997,25.000000,5.726997,0.000000,-30.703993,1.000000,0.139851,0.000001880,
2097400,30.726997,24.500000,6.226997,0.000000,-30.703993,1.000000,0.139874,0.000001905,
2097500,30.726997,24.500000,6.226997,0.000000,-30.703993,1.000000,0.139850,0.000001921,
2097600,30.738499,24.500000,6.238499,0.000000,-30.703993,1.000000,0.139778,0.000001927,
2097700,30.738499,25.000000,5.738499,0.000000,-30.738499,1.000000,0.139734,0.000001957,
2097800,30.738499,25.000000,5.738499,0.000000,-30.738499,1.000000,0.139656,0.000001942,
2097900,30.744249,25.000000,5.744249,0.000000,-30.738499,1.000000,0.139599,0.000001936,
2098000,30.744249,24.750000,5.994249,0.000000,-30.738499,1.000000,0.139582,0.000001940,
2098100,30.744249,24.750000,5.994249,0.000000,-30.744249,1.000000,0.139520,0.000001942,
2098200,30.747124,24.750000,5.997124,0.000000,-30.744249,1.000000,0.139478,0.000001976,
2098300,30.747124,25.000000,5.747124,0.000000,-30.744249,1.000000,0.139411,0.000001937,
2098400,30.747124,25.000000,5.747124,0.000000,-30.744249,1.000000,0.139433,0.000001951,
2098500,30.623562,25.000000,5.623562,0.000000,-30.747124,1.000000,0.139367,0.000001935,
2098600,30.623562,24.750000,5.873562,0.000000,-30.747124,1.000000,0.139305,0.000001967,
2098700,30.623562,24.750000,5.873562,0.000000,-30.747124,1.000000,0.139217,0.000001943,
2098800,30.811781,24.750000,6.061781,0.000000,-30.747124,1.000000,0.139083,0.000001967,
2098900,30.811781,25.000000,5.811781,0.000000,-30.811781,1.000000,0.139039,0.000001963,
2099000,30.811781,25.000000,5.811781,0.000000,-30.811781,1.000000,0.139022,0.000001968,
2099100,30.780891,25.000000,5.780891,0.000000,-30.811781,1.000000,0.138980,0.000001951,
2099200,30.765446,25.000000,5.765446,0.000000,-30.811781,1.000000,0.138982,0.000001956,
2099300,30.765446,25.000000,5.765446,0.000000,-30.765446,1.000000,0.138964,0.000001985,
2099400,30.765446,25.000000,5.765446,0.000000,-30.765446,1.000000,0.138878,0.000001980,
2099500,30.882723,25.000000,5.882723,0.000000,-30.765446,1.000000,0.138870,0.000001970,
2099600,30.882723,25.250000,5.632723,0.000000,-30.765446,1.000000,0.138847,0.000001982,
2099700,30.882723,25.250000,5.632723,0.000000,-30.882723,1.000000,0.138816,0.000001985,
2099800,30.816360,25.250000,5.566360,0.000000,-30.882723,1.000000,0.138800,0.000001958,
2099900,30.816360,25.000000,5.816360,0.000000,-30.882723,1.000000,0.138758,0.000001946,
2100000,30.816360,25.000000,5.816360,0.000000,-30.882723,1.000000,0.138731,0.000001944,
2100100,30.783180,25.000000,5.783180,0.000000,-30.816360,1.000000,0.138750,0.000001951,
2100200,30.783180,25.000000,5.783180,0.000000,-30.816360,1.000000,0.138669,0.000001929,
2100300,30.783180,25.000000,5.783180,0.000000,-30.816360,1.000000,0.138606,0.000001931,
2100400,30.641590,25.000000,5.641590,0.000000,-30.816360,1.000000,0.138573,0.000001929,
2100500,30.641590,25.000000,5.641590,0.000000,-30.641590,1.000000,0.138539,0.000001949,
2100600,30.641590,25.000000,5.641590,0.000000,-30.641590,1.000000,0.138521,0.000001943,
2100700,30.695795,25.000000,5.695795,0.000000,-30.641590,1.000000,0.138440,0.000001951,
2100800,30.695795,25.000000,5.695795,0.000000,-30.641590,1.000000,0.138426,0.000001944,
2100900,30.695795,25.000000,5.695795,0.000000,-30.695795,1.000000,0.138374,0.000001937,
2101000,30.722897,25.000000,5.722897,0.000000,-30.695795,1.000000,0.138366,0.000001935,
2101100,30.722897,25.000000,5.722897,0.000000,-30.695795,1.000000,0.138344,0.000001935,
2101200,30.722897,25.000000,5.722897,0.000000,-30.695795,1.000000,0.138281,0.000001900,
2101300,30.736448,25.000000,5.736448,0.000000,-30.722897,1.000000,0.138213,0.000001914,
2101400,30.736448,24.500000,6.236448,0.000000,-30.722897,1.000000,0.138188,0.000001909,
2101500,30.736448,24.500000,6.236448,0.000000,-30.722897,1.000000,0.138145,0.000001898,
2101600,30.743225,24.500000,6.243225,0.000000,-30.722897,1.000000,0.138137,0.000001918,
2101700,30.743225,25.250000,5.493225,0.000000,-30.743225,1.000000,0.138110,0.000001951,
2101800,30.743225,25.250000,5.493225,0.000000,-30.743225,1.000000,0.138093,0.000001958,
2101900,30.871613,25.250000,5.621613,0.000000,-30.743225,1.000000,0.137990,0.000001950,
2102000,30.871613,24.750000,6.121613,0.000000,-30.743225,1.000000,0.137951,0.000001942,
2102100,30.871613,24.750000,6.121613,0.000000,-30.871613,1.000000,0.137941,0.000001929,
2102200,30.810806,24.750000,6.060806,0.000000,-30.871613,1.000000,0.137905,0.000001962,
2102300,30.810806,25.000000,5.810806,0.000000,-30.871613,1.000000,0.137899,0.000001913,
2102400,30.810806,25.000000,5.810806,0.000000,-30.871613,1.000000,0.137829,0.000001911,
2102500,30.655403,25.000000,5.655403,0.000000,-30.810806,1.000000,0.137810,0.000001917,
2102600,30.655403,25.000000,5.655403,0.000000,-30.810806,1.000000,0.137815,0.000001909,
2102700,30.655403,25.000000,5.655403,0.000000,-30.810806,1.000000,0.137766,0.000001906,
2102800,30.702702,25.000000,5.702702,0.000000,-30.810806,1.000000,0.137776,0.000001907,
2102900,30.702702,25.000000,5.702702,0.000000,-30.702702,1.000000,0.137734,0.000001907,
2103000,30.702702,25.000000,5.702702,0.000000,-30.702702,1.000000,0.137618,0.000001935,
2103100,30.726351,25.000000,5.726351,0.000000,-30.702702,1.000000,0.137582,0.000001913,
2103200,30.726351,25.250000,5.476351,0.000000,-30.702702,1.000000,0.137546,0.000001915,
2103300,30.726351,25.250000,5.476351,0.000000,-30.726351,1.000000,0.137498,0.000001917,
2103400,30.738174,25.250000,5.488174,0.000000,-30.726351,1.000000,0.137475,0.000001905,
2103500,30.738174,25.000000,5.738174,0.000000,-30.726351,1.000000,0.137412,0.000001913,
2103600,30.738174,25.000000,5.738174,0.000000,-30.726351,1.000000,0.137415,0.000001893,
2103700,30.494087,25.000000,5.494087,0.000000,-30.738174,1.000000,0.137312,0.000001906,
2103800,30.494087,24.500000,5.994087,0.000000,-30.738174,1.000000,0.137336,0.000001908,
2103900,30.494087,24.500000,5.994087,0.000000,-30.738174,1.000000,0.137257,0.000001934,
2104000,30.497044,24.500000,5.997044,0.000000,-30.738174,1.000000,0.137205,0.000001932,
2104100,30.497044,25.250000,5.247044,0.000000,-30.497044,1.000000,0.137140,0.000001990,
2104200,30.497044,25.250000,5.247044,0.000000,-30.497044,1.000000,0.137103,0.000001959,
2104300,30.623522,25.250000,5.373522,0.000000,-30.497044,1.000000,0.137013,0.000001951,
2104400,30.623522,25.000000,5.623522,0.000000,-30.497044,1.000000,0.136998,0.000001940,
2104500,30.623522,25.000000,5.623522,0.000000,-30.623522,1.000000,0.136992,0.000001920,
2104600,30.436760,25.000000,5.436760,0.000000,-30.623522,1.000000,0.136956,0.000001922,
2104700,30.436760,24.750000,5.686760,0.000000,-30.623522,1.000000,0.136955,0.000001917,
2104800,30.436760,24.750000,5.686760,0.000000,-30.623522,1.000000,0.136923,0.000001938,
2104900,30.718380,24.750000,5.968380,0.000000,-30.436760,1.000000,0.136871,0.000001932,
2105000,30.718380,25.000000,5.718380,0.000000,-30.436760,1.000000,0.136848,0.000001922,
2105100,30.718380,25.000000,5.718380,0.000000,-30.436760,1.000000,0.136801,0.000001889,
2105200,30.484190,25.000000,5.484190,0.000000,-30.436760,1.000000,0.136737,0.000001903,
2105300,30.484190,25.000000,5.484190,0.000000,-30.484190,1.000000,0.136648,0.000001898,
2105400,30.484190,25.000000,5.484190,0.000000,-30.484190,1.000000,0.136646,0.000001889,
2105500,30.492096,25.000000,5.492096,0.000000,-30.484190,1.000000,0.136605,0.000001913,
2105600,30.492096,25.250000,5.242096,0.000000,-30.484190,1.000000,0.136565,0.000001893,
2105700,30.492096,25.250000,5.242096,0.000000,-30.492096,1.000000,0.136544,0.000001905,
2105800,30.496048,25.250000,5.246048,0.000000,-30.492096,1.000000,0.136506,0.000001907,
2105900,30.496048,25.000000,5.496048,0.000000,-30.492096,1.000000,0.136531,0.000001929,
2106000,30.496048,25.000000,5.496048,0.000000,-30.492096,1.000000,0.136475,0.000001962,
2106100,30.373024,25.000000,5.373024,0.000000,-30.496048,1.000000,0.136462,0.000001959,
2106200,30.373024,25.000000,5.373024,0.000000,-30.496048,1.000000,0.136443,0.000001943,
2106300,30.373024,25.000000,5.373024,0.000000,-30.496048,1.000000,0.136381,0.000001925,
2106400,30.561512,25.000000,5.561512,0.000000,-30.496048,1.000000,0.136341,0.000001925,
2106500,30.561512,25.000000,5.561512,0.000000,-30.561512,1.000000,0.136266,0.000001922,
2106600,30.561512,25.000000,5.561512,0.000000,-30.561512,1.000000,0.136190,0.000001933,
2106700,30.530756,25.000000,5.530756,0.000000,-30.561512,1.000000,0.136149,0.000001954,
2106800,30.530756,25.000000,5.530756,0.000000,-30.561512,1.000000,0.136081,0.000001951,
2106900,30.530756,25.000000,5.530756,0.000000,-30.530756,1.000000,0.136098,0.000001955,
2107000,30.515377,25.000000,5.515377,0.000000,-30.530756,1.000000,0.136087,0.000001946,
2107100,30.515377,24.500000,6.015377,0.000000,-30.530756,1.000000,0.136075,0.000001954,
2107200,30.515377,24.500000,6.015377,0.000000,-30.530756,1.000000,0.136023,0.000001952,
2107300,30.507689,24.500000,6.007689,0.000000,-30.515377,1.000000,0.136018,0.000001939,
2107400,30.507689,25.000000,5.507689,0.000000,-30.515377,1.000000,0.136032,0.000001929,
2107500,30.507689,25.000000,5.507689,0.000000,-30.515377,1.000000,0.135994,0.000001960,
2107600,30.628845,25.000000,5.628845,0.000000,-30.515377,1.000000,0.135937,0.000001974,
2107700,30.628845,25.000000,5.628845,0.000000,-30.628845,1.000000,0.135854,0.000001963,
2107800,30.628845,25.000000,5.628845,0.000000,-30.628845,1.000000,0.135798,0.000001967,
2107900,30.564423,25.000000,5.564423,0.000000,-30.628845,1.000000,0.135750,0.000001980,
2108000,30.564423,25.250000,5.314423,0.000000,-30.628845,1.000000,0.135743,0.000001983,
2108100,30.564423,25.250000,5.314423,0.000000,-30.564423,1.000000,0.135697,0.000001999,
2108200,30.532211,25.250000,5.282211,0.000000,-30.564423,1.000000,0.135677,0.000002020,
2108300,30.532211,25.000000,5.532211,0.000000,-30.564423,1.000000,0.135662,0.000002039,
2108400,30.532211,25.000000,5.532211,0.000000,-30.564423,1.000000,0.135627,0.000002036,
2108500,30.516106,25.000000,5.516106,0.000000,-30.532211,1.000000,0.135603,0.000002052,
2108600,30.516106,25.000000,5.516106,0.000000,-30.532211,1.000000,0.135562,0.000002057,
2108700,30.516106,25.000000,5.516106,0.000000,-30.532211,1.000000,0.135496,0.000002061,
2108800,30.383053,25.000000,5.383053,0.000000,-30.532211,1.000000,0.135386,0.000002052,
2108900,30.383053,24.750000,5.633053,0.000000,-30.383053,1.000000,0.135287,0.000002045,
2109000,30.383053,24.750000,5.633053,0.000000,-30.383053,1.000000,0.135226,0.000002041,
2109100,30.191526,24.750000,5.441526,0.000000,-30.383053,1.000000,0.135183,0.000002049,
2109200,30.191526,25.250000,4.941526,0.000000,-30.383053,1.000000,0.135179,0.000002025,
2109300,30.191526,25.250000,4.941526,0.000000,-30.191526,1.000000,0.135151,0.000001988,
2109400,30.345764,25.250000,5.095764,0.000000,-30.191526,1.000000,0.135079,0.000001970,
2109500,30.345764,25.000000,5.345764,0.000000,-30.191526,1.000000,0.135060,0.000001955,
2109600,30.345764,25.000000,5.345764,0.000000,-30.191526,1.000000,0.134959,0.000001977,
2109700,30.172882,25.000000,5.172882,0.000000,-30.345764,1.000000,0.134934,0.000001976,
2109800,30.172882,25.250000,4.922882,0.000000,-30.345764,1.000000,0.134879,0.000001983,
2109900,30.172882,25.250000,4.922882,0.000000,-30.345764,1.000000,0.134858,0.000001973,
2110000,30.461441,25.250000,5.211441,0.000000,-30.345764,1.000000,0.134829,0.000001983,
2110100,30.461441,24.750000,5.711441,0.000000,-30.461441,1.000000,0.134774,0.000001986,
2110200,30.461441,24.750000,5.711441,0.000000,-30.461441,1.000000,0.134728,0.000001982,
2110300,30.480721,24.750000,5.730721,0.000000,-30.461441,1.000000,0.134649,0.000002026,
2110400,30.480721,25.000000,5.480721,0.000000,-30.461441,1.000000,0.134632,0.000002030,
2110500,30.480721,25.000000,5.480721,0.000000,-30.480721,1.000000,0.134613,0.000002003,
2110600,30.615360,25.000000,5.615360,0.000000,-30.480721,1.000000,0.134597,0.000001984,
2110700,30.615360,25.250000,5.365360,0.000000,-30.480721,1.000000,0.134539,0.000001950,
2110800,30.615360,25.250000,5.365360,0.000000,-30.480721,1.000000,0.134470,0.000001940,
2110900,30.432680,25.250000,5.182680,0.000000,-30.615360,1.000000,0.134454,0.000001955,
2111000,30.432680,24.500000,5.932680,0.000000,-30.615360,1.000000,0.134370,0.000001967,
2111100,30.432680,24.500000,5.932680,0.000000,-30.615360,1.000000,0.134310,0.000001959,
2111200,30.591339,24.500000,6.091339,0.000000,-30.615360,1.000000,0.134328,0.000001958,
2111300,30.591339,24.750000,5.841339,0.000000,-30.591339,1.000000,0.134272,0.000001938,
2111400,30.591339,24.750000,5.841339,0.000000,-30.591339,1.000000,0.134211,0.000001922,
2111500,30.545670,24.750000,5.795670,0.000000,-30.591339,1.000000,0.134187,0.000001918,
2111600,30.545670,24.500000,6.045670,0.000000,-30.591339,1.000000,0.134145,0.000001937,
2111700,30.545670,24.500000,6.045670,0.000000,-30.545670,1.000000,0.134100,0.000001939,
2111800,30.397835,24.500000,5.897835,0.000000,-30.545670,1.000000,0.134087,0.000001963,
2111900,30.397835,25.250000,5.147835,0.000000,-30.545670,1.000000,0.133979,0.000001980,
2112000,30.397835,25.250000,5.147835,0.000000,-30.545670,1.000000,0.133936,0.000001972,
2112100,30.448917,25.250000,5.198917,0.000000,-30.397835,1.000000,0.133877,0.000001965,
2112200,30.448917,25.000000,5.448917,0.000000,-30.397835,1.000000,0.133849,0.000001964,
2112300,30.448917,25.000000,5.448917,0.000000,-30.397835,1.000000,0.133791,0.000001972,
2112400,30.474459,25.000000,5.474459,0.000000,-30.397835,1.000000,0.133814,0.000001952,
2112500,30.474459,24.500000,5.974459,0.000000,-30.474459,1.000000,0.133816,0.000001955,
2112600,30.474459,24.500000,5.974459,0.000000,-30.474459,1.000000,0.133793,0.000001935,
2112700,30.237228,24.500000,5.737228,0.000000,-30.474459,1.000000,0.133742,0.000001959,
2112800,30.237228,24.750000,5.487228,0.000000,-30.474459,1.000000,0.133672,0.000001959,
2112900,30.237228,24.750000,5.487228,0.000000,-30.237228,1.000000,0.133625,0.000001956,
2113000,30.368614,24.750000,5.618614,0.000000,-30.237228,1.000000,0.133601,0.000001961,
2113100,30.368614,25.000000,5.368614,0.000000,-30.237228,1.000000,0.133584,0.000001971,
2113200,30.368614,25.000000,5.368614,0.000000,-30.237228,1.000000,0.133564,0.000001949,
2113300,30.434307,25.000000,5.434307,0.000000,-30.368614,1.000000,0.133501,0.000001930,
2113400,30.434307,25.000000,5.434307,0.000000,-30.368614,1.000000,0.133454,0.000001933,
2113500,30.434307,25.000000,5.434307,0.000000,-30.368614,1.000000,0.133451,0.000001938,
2113600,30.467154,25.000000,5.467154,0.000000,-30.368614,1.000000,0.133459,0.000001909,
2113700,30.467154,25.250000,5.217154,0.000000,-30.467154,1.000000,0.133385,0.000001875,
2113800,30.467154,25.250000,5.217154,0.000000,-30.467154,1.000000,0.133341,0.000001872,
2113900,30.233578,25.250000,4.983578,0.000000,-30.467154,1.000000,0.133342,0.000001882,
2114000,30.233578,25.000000,5.233578,0.000000,-30.467154,1.000000,0.133312,0.000001868,
2114100,30.233578,25.000000,5.233578,0.000000,-30.233578,1.000000,0.133272,0.000001885,
2114200,30.366789,25.000000,5.366789,0.000000,-30.233578,1.000000,0.133218,0.000001890,
2114300,30.366789,24.750000,5.616789,0.000000,-30.233578,1.000000,0.133153,0.000001891,
2114400,30.366789,24.750000,5.616789,0.000000,-30.233578,1.000000,0.133109,0.000001898,
2114500,30.433395,24.750000,5.683395,0.000000,-30.366789,1.000000,0.133055,0.000001924,
2114600,30.433395,25.000000,5.433395,0.000000,-30.366789,1.000000,0.133012,0.000001927,
2114700,30.433395,25.000000,5.433395,0.000000,-30.366789,1.000000,0.132973,0.000001953,
2114800,30.466698,25.000000,5.466698,0.000000,-30.366789,1.000000,0.132984,0.000001948,
2114900,30.466698,24.750000,5.716698,0.000000,-30.466698,1.000000,0.132947,0.000001960,
2115000,30.466698,24.750000,5.716698,0.000000,-30.466698,1.000000,0.132911,0.000001933,
2115100,30.483349,24.750000,5.733349,0.000000,-30.466698,1.000000,0.132886,0.000001904,
2115200,30.483349,24.500000,5.983349,0.000000,-30.466698,1.000000,0.132829,0.000001909,
2115300,30.483349,24.500000,5.983349,0.000000,-30.483349,1.000000,0.132801,0.000001942,
2115400,30.491674,24.500000,5.991674,0.000000,-30.483349,1.000000,0.132765,0.000001954,
2115500,30.491674,24.750000,5.741674,0.000000,-30.483349,1.000000,0.132749,0.000001922,
2115600,30.491674,24.750000,5.741674,0.000000,-30.483349,1.000000,0.132680,0.000001935,
2115700,30.370838,24.750000,5.620838,0.000000,-30.491674,1.000000,0.132597,0.000001928,
2115800,30.370838,24.750000,5.620838,0.000000,-30.491674,1.000000,0.132596,0.000001924,
2115900,30.370838,24.750000,5.620838,0.000000,-30.491674,1.000000,0.132547,0.000001941,
2116000,30.435419,24.750000,5.685419,0.000000,-30.491674,1.000000,0.132503,0.000001948,
2116100,30.435419,25.250000,5.185419,0.000000,-30.435419,1.000000,0.132447,0.000001945,
2116200,30.435419,25.250000,5.185419,0.000000,-30.435419,1.000000,0.132417,0.000001969,
2116300,30.342709,25.250000,5.092709,0.000000,-30.435419,1.000000,0.132352,0.000001950,
2116400,30.342709,24.500000,5.842709,0.000000,-30.435419,1.000000,0.132273,0.000001941,
2116500,30.342709,24.500000,5.842709,0.000000,-30.342709,1.000000,0.132250,0.000001919,
2116600,30.171354,24.500000,5.671354,0.000000,-30.342709,1.000000,0.132249,0.000001907,
2116700,30.171354,24.750000,5.421354,0.000000,-30.342709,1.000000,0.132177,0.000001877,
2116800,30.171354,24.750000,5.421354,0.000000,-30.342709,1.000000,0.132162,0.000001874,
2116900,30.210678,24.750000,5.460678,0.000000,-30.171354,1.000000,0.132131,0.000001899,
2117000,30.210678,24.750000,5.460678,0.000000,-30.171354,1.000000,0.132102,0.000001892,
2117100,30.210678,24.750000,5.460678,0.000000,-30.171354,1.000000,0.132088,0.000001896,
2117200,30.105339,24.750000,5.355339,0.000000,-30.171354,1.000000,0.132020,0.000001899,
2117300,30.105339,24.750000,5.355339,0.000000,-30.105339,1.000000,0.131996,0.000001887,
2117400,30.105339,24.750000,5.355339,0.000000,-30.105339,1.000000,0.131995,0.000001898,
2117500,30.052670,24.750000,5.302670,0.000000,-30.105339,1.000000,0.131945,0.000001878,
2117600,30.052670,25.000000,5.052670,0.000000,-30.105339,1.000000,0.131945,0.000001861,
2117700,30.052670,25.000000,5.052670,0.000000,-30.052670,1.000000,0.131908,0.000001849,
2117800,30.151335,25.000000,5.151335,0.000000,-30.052670,1.000000,0.131870,0.000001819,
2117900,30.151335,24.750000,5.401335,0.000000,-30.052670,1.000000,0.131841,0.000001816,
2118000,30.151335,24.750000,5.401335,0.000000,-30.052670,1.000000,0.131809,0.000001864,
2118100,30.325668,24.750000,5.575668,0.000000,-30.151335,1.000000,0.131734,0.000001861,
2118200,30.325668,24.750000,5.575668,0.000000,-30.151335,1.000000,0.131687,0.000001842,
2118300,30.325668,24.750000,5.575668,0.000000,-30.151335,1.000000,0.131632,0.000001862,
2118400,30.537834,24.750000,5.787834,0.000000,-30.151335,1.000000,0.131582,0.000001859,
2118500,30.537834,25.000000,5.537834,0.000000,-30.537834,1.000000,0.131512,0.000001858,
2118600,30.537834,25.000000,5.537834,0.000000,-30.537834,1.000000,0.131494,0.000001844,
2118700,30.268917,25.000000,5.268917,0.000000,-30.537834,1.000000,0.131431,0.000001843,
2118800,30.268917,24.750000,5.518917,0.000000,-30.537834,1.000000,0.131425,0.000001867,
2118900,30.268917,24.750000,5.518917,0.000000,-30.268917,1.000000,0.131403,0.000001859,
2119000,30.384459,24.750000,5.634459,0.000000,-30.268917,1.000000,0.131382,0.000001885,
2119100,30.384459,24.500000,5.884459,0.000000,-30.268917,1.000000,0.131367,0.000001896,
2119200,30.384459,24.500000,5.884459,0.000000,-30.268917,1.000000,0.131367,0.000001890,
2119300,30.192230,24.500000,5.692230,0.000000,-30.384459,1.000000,0.131309,0.000001902,
2119400,30.192230,24.750000,5.442230,0.000000,-30.384459,1.000000,0.131227,0.000001916,
2119500,30.192230,24.750000,5.442230,0.000000,-30.384459,1.000000,0.131187,0.000001893,
2119600,30.221115,24.750000,5.471115,0.000000,-30.384459,1.000000,0.131148,0.000001900,
2119700,30.221115,25.000000,5.221115,0.000000,-30.221115,1.000000,0.131107,0.000001894,
2119800,30.221115,25.000000,5.221115,0.000000,-30.221115,1.000000,0.131100,0.000001886,
2119900,30.360558,25.000000,5.360558,0.000000,-30.221115,1.000000,0.131046,0.000001948,
2120000,30.360558,24.750000,5.610558,0.000000,-30.221115,1.000000,0.131047,0.000001951,
2120100,30.360558,24.750000,5.610558,0.000000,-30.360558,1.000000,0.131000,0.000001941,
2120200,30.305279,24.750000,5.555279,0.000000,-30.360558,1.000000,0.130973,0.000001950,
2120300,30.305279,25.000000,5.305279,0.000000,-30.360558,1.000000,0.130935,0.000001957,
2120400,30.305279,25.000000,5.305279,0.000000,-30.360558,1.000000,0.130903,0.000001969,
2120500,30.277639,25.000000,5.277639,0.000000,-30.305279,1.000000,0.130836,0.000001966,
2120600,30.277639,25.000000,5.277639,0.000000,-30.305279,1.000000,0.130807,0.000001978,
2120700,30.277639,25.000000,5.277639,0.000000,-30.305279,1.000000,0.130745,0.000001966,
2120800,30.263821,25.000000,5.263821,0.000000,-30.305279,1.000000,0.130715,0.000001977,
2120900,30.263821,25.000000,5.263821,0.000000,-30.263821,1.000000,0.130717,0.000001976,
2121000,30.263821,25.000000,5.263821,0.000000,-30.263821,1.000000,0.130677,0.000001968,
2121100,30.131910,25.000000,5.131910,0.000000,-30.263821,1.000000,0.130635,0.000001966,
2121200,30.131910,25.000000,5.131910,0.000000,-30.263821,1.000000,0.130512,0.000001967,
2121300,30.131910,25.000000,5.131910,0.000000,-30.131910,1.000000,0.130473,0.000001940,
2121400,30.440956,25.000000,5.440956,0.000000,-30.131910,1.000000,0.130442,0.000001959,
2121500,30.440956,24.750000,5.690956,0.000000,-30.131910,1.000000,0.130375,0.000001943,
2121600,30.440956,24.750000,5.690956,0.000000,-30.131910,1.000000,0.130358,0.000001957,
2121700,30.345478,24.750000,5.595478,0.000000,-30.440956,1.000000,0.130261,0.000001969,
2121800,30.345478,25.000000,5.345478,0.000000,-30.440956,1.000000,0.130219,0.000001977,
2121900,30.345478,25.000000,5.345478,0.000000,-30.440956,1.000000,0.130194,0.000001949,
2122000,30.172739,25.000000,5.172739,0.000000,-30.440956,1.000000,0.130143,0.000001936,
2122100,30.172739,24.500000,5.672739,0.000000,-30.172739,1.000000,0.130100,0.000001947,
2122200,30.172739,24.500000,5.672739,0.000000,-30.172739,1.000000,0.130074,0.000001925,
2122300,30.086369,24.500000,5.586369,0.000000,-30.172739,1.000000,0.130056,0.000001954,
2122400,30.086369,25.250000,4.836369,0.000000,-30.172739,1.000000,0.130073,0.000001957,
2122500,30.086369,25.250000,4.836369,0.000000,-30.086369,1.000000,0.130110,0.000001944,
2122600,30.168184,25.250000,4.918184,0.000000,-30.086369,1.000000,0.130034,0.000001947,
2122700,30.168184,24.250000,5.918184,0.000000,-30.086369,1.000000,0.129971,0.000001948,
2122800,30.168184,24.250000,5.918184,0.000000,-30.086369,1.000000,0.129909,0.000001951,
2122900,30.209091,24.250000,5.959091,0.000000,-30.168184,1.000000,0.129867,0.000001932,
2123000,30.209091,25.250000,4.959091,0.000000,-30.168184,1.000000,0.129787,0.000001929,
2123100,30.209091,25.250000,4.959091,0.000000,-30.168184,1.000000,0.129713,0.000001924,
2123200,30.229546,25.250000,4.979546,0.000000,-30.168184,1.000000,0.129705,0.000001909,
2123300,30.229546,25.000000,5.229546,0.000000,-30.229546,1.000000,0.129646,0.000001898,
2123400,30.229546,25.000000,5.229546,0.000000,-30.229546,1.000000,0.129616,0.000001912,
2123500,30.239773,25.000000,5.239773,0.000000,-30.229546,1.000000,0.129583,0.000001907,
2123600,30.239773,24.750000,5.489773,0.000000,-30.229546,1.000000,0.129554,0.000001935,
2123700,30.239773,24.750000,5.489773,0.000000,-30.239773,1.000000,0.129508,0.000001939,
2123800,30.244886,24.750000,5.494886,0.000000,-30.239773,1.000000,0.129506,0.000002007,
2123900,30.244886,25.250000,4.994886,0.000000,-30.239773,1.000000,0.129448,0.000002013,
2124000,30.244886,25.250000,4.994886,0.000000,-30.239773,1.000000,0.129393,0.000002013,
2124100,30.247444,25.250000,4.997444,0.000000,-30.244886,1.000000,0.129339,0.000002014,
2124200,30.247444,24.000000,6.247444,0.000000,-30.244886,1.000000,0.129297,0.000001997,
2124300,30.247444,24.000000,6.247444,0.000000,-30.244886,1.000000,0.129215,0.000002005,
2124400,30.373722,24.000000,6.373722,0.000000,-30.244886,1.000000,0.129161,0.000002022,
2124500,30.373722,25.000000,5.373722,0.000000,-30.373722,1.000000,0.129095,0.000002027,
2124600,30.373722,25.000000,5.373722,0.000000,-30.373722,1.000000,0.129080,0.000002023,
2124700,30.311861,25.000000,5.311861,0.000000,-30.373722,1.000000,0.129024,0.000002011,
2124800,30.280930,25.000000,5.280930,0.000000,-30.373722,1.000000,0.128942,0.000001990,
2124900,30.280930,25.250000,5.030930,0.000000,-30.280930,1.000000,0.128896,0.000001971,
2125000,30.280930,25.250000,5.030930,0.000000,-30.280930,1.000000,0.128842,0.000001968,
2125100,30.015465,25.250000,4.765465,0.000000,-30.280930,1.000000,0.128757,0.000002006,
2125200,30.015465,25.000000,5.015465,0.000000,-30.280930,1.000000,0.128753,0.000001994,
2125300,30.015465,25.000000,5.015465,0.000000,-30.015465,1.000000,0.128732,0.000001978,
2125400,30.132732,25.000000,5.132732,0.000000,-30.015465,1.000000,0.128712,0.000001947,
2125500,30.132732,25.000000,5.132732,0.000000,-30.015465,1.000000,0.128693,0.000001952,
2125600,30.132732,25.000000,5.132732,0.000000,-30.015465,1.000000,0.128686,0.000001961,
2125700,30.191366,25.000000,5.191366,0.000000,-30.132732,1.000000,0.128636,0.000001990,
2125800,30.191366,25.250000,4.941366,0.000000,-30.132732,1.000000,0.128624,0.000001983,
2125900,30.191366,25.250000,4.941366,0.000000,-30.132732,1.000000,0.128611,0.000001977,
2126000,29.720684,25.250000,4.470684,0.000000,-30.132732,1.000000,0.128519,0.000001986,
2126100,29.720684,24.750000,4.970684,0.000000,-29.720684,1.000000,0.128457,0.000001988,
2126200,29.720684,24.750000,4.970684,0.000000,-29.720684,1.000000,0.128433,0.000002004,
2126300,29.735342,24.750000,4.985342,0.000000,-29.720684,1.000000,0.128404,0.000001992,
2126400,29.735342,24.000000,5.735342,0.000000,-29.720684,1.000000,0.128373,0.000001970,
2126500,29.735342,24.000000,5.735342,0.000000,-29.735342,1.000000,0.128330,0.000001962,
2126600,29.992672,24.000000,5.992672,0.000000,-29.735342,1.000000,0.128292,0.000001995,
2126700,29.992672,25.000000,4.992672,0.000000,-29.735342,1.000000,0.128259,0.000001956,
2126800,29.992672,25.000000,4.992672,0.000000,-29.735342,1.000000,0.128185,0.000001954,
2126900,30.121336,25.000000,5.121336,0.000000,-29.992672,1.000000,0.128190,0.000001942,
2127000,30.121336,25.000000,5.121336,0.000000,-29.992672,1.000000,0.128140,0.000001928,
2127100,30.121336,25.000000,5.121336,0.000000,-29.992672,1.000000,0.128046,0.000001916,
2127200,30.185669,25.000000,5.185669,0.000000,-29.992672,1.000000,0.128044,0.000001919,
2127300,30.185669,24.750000,5.435669,0.000000,-30.185669,1.000000,0.127970,0.000001920,
2127400,30.185669,24.750000,5.435669,0.000000,-30.185669,1.000000,0.127899,0.000001931,
2127500,29.967834,24.750000,5.217834,0.000000,-30.185669,1.000000,0.127878,0.000001945,
2127600,29.967834,25.000000,4.967834,0.000000,-30.185669,1.000000,0.127870,0.000001949,
2127700,29.967834,25.000000,4.967834,0.000000,-29.967834,1.000000,0.127857,0.000001988,
2127800,29.983917,25.000000,4.983917,0.000000,-29.967834,1.000000,0.127814,0.000001977,
2127900,29.983917,24.500000,5.483917,0.000000,-29.967834,1.000000,0.127712,0.000001962,
2128000,29.983917,24.500000,5.483917,0.000000,-29.967834,1.000000,0.127675,0.000001985,
2128100,30.116959,24.500000,5.616959,0.000000,-29.983917,1.000000,0.127629,0.000001957,
2128200,30.116959,25.000000,5.116959,0.000000,-29.983917,1.000000,0.127608,0.000001938,
2128300,30.116959,25.000000,5.116959,0.000000,-29.983917,1.000000,0.127602,0.000001931,
2128400,30.183479,25.000000,5.183479,0.000000,-29.983917,1.000000,0.127557,0.000001938,
2128500,30.183479,24.750000,5.433479,0.000000,-30.183479,1.000000,0.127535,0.000001944,
2128600,30.183479,24.750000,5.433479,0.000000,-30.183479,1.000000,0.127502,0.000001957,
2128700,30.216740,24.750000,5.466740,0.000000,-30.183479,1.000000,0.127460,0.000001950,
2128800,30.216740,24.750000,5.466740,0.000000,-30.183479,1.000000,0.127432,0.000001933,
2128900,30.216740,24.750000,5.466740,0.000000,-30.216740,1.000000,0.127409,0.000001939,
2129000,30.233370,24.750000,5.483370,0.000000,-30.216740,1.000000,0.127412,0.000001946,
2129100,30.233370,24.750000,5.483370,0.000000,-30.216740,1.000000,0.127353,0.000001917,
2129200,30.233370,24.750000,5.483370,0.000000,-30.216740,1.000000,0.127282,0.000001946,
2129300,29.991684,24.750000,5.241684,0.000000,-30.233370,1.000000,0.127258,0.000001941,
2129400,29.991684,25.000000,4.991684,0.000000,-30.233370,1.000000,0.127205,0.000001963,
2129500,29.991684,25.000000,4.991684,0.000000,-30.233370,1.000000,0.127156,0.000001961,
2129600,30.120842,25.000000,5.120842,0.000000,-30.233370,1.000000,0.127086,0.000001944,
2129700,30.120842,24.500000,5.620842,0.000000,-30.120842,1.000000,0.127107,0.000001976,
2129800,30.120842,24.500000,5.620842,0.000000,-30.120842,1.000000,0.127129,0.000001982,
2129900,30.185421,24.500000,5.685421,0.000000,-30.120842,1.000000,0.127091,0.000002000,
2130000,30.185421,25.000000,5.185421,0.000000,-30.120842,1.000000,0.127047,0.000001964,
2130100,30.185421,25.000000,5.185421,0.000000,-30.185421,1.000000,0.126996,0.000001953,
2130200,30.217710,25.000000,5.217710,0.000000,-30.185421,1.000000,0.126969,0.000001954,
2130300,30.217710,25.000000,5.217710,0.000000,-30.185421,1.000000,0.126930,0.000001959,
2130400,30.217710,25.000000,5.217710,0.000000,-30.185421,1.000000,0.126883,0.000001953,
2130500,30.233856,25.000000,5.233856,0.000000,-30.217710,1.000000,0.126820,0.000001950,
2130600,30.233856,24.750000,5.483856,0.000000,-30.217710,1.000000,0.126759,0.000001951,
2130700,30.233856,24.750000,5.483856,0.000000,-30.217710,1.000000,0.126727,0.000001968,
2130800,30.241928,24.750000,5.491928,0.000000,-30.217710,1.000000,0.126681,0.000001955,
2130900,30.241928,25.000000,5.241928,0.000000,-30.241928,1.000000,0.126669,0.000001939,
2131000,30.241928,25.000000,5.241928,0.000000,-30.241928,1.000000,0.126616,0.000001954,
2131100,30.245964,25.000000,5.245964,0.000000,-30.241928,1.000000,0.126585,0.000001930,
2131200,30.245964,25.000000,5.245964,0.000000,-30.241928,1.000000,0.126512,0.000001965,
2131300,30.245964,25.000000,5.245964,0.000000,-30.245964,1.000000,0.126488,0.000001953,
2131400,29.997982,25.000000,4.997982,0.000000,-30.245964,1.000000,0.126458,0.000001967,
2131500,29.997982,25.250000,4.747982,0.000000,-30.245964,1.000000,0.126380,0.000001958,
2131600,29.997982,25.250000,4.747982,0.000000,-30.245964,1.000000,0.126329,0.000001987,
2131700,30.123991,25.250000,4.873991,0.000000,-29.997982,1.000000,0.126274,0.000001972,
2131800,30.123991,25.000000,5.123991,0.000000,-29.997982,1.000000,0.126256,0.000001964,
2131900,30.123991,25.000000,5.123991,0.000000,-29.997982,1.000000,0.126231,0.000001972,
2132000,30.186996,25.000000,5.186996,0.000000,-29.997982,1.000000,0.126192,0.000001961,
2132100,30.186996,24.750000,5.436996,0.000000,-30.186996,1.000000,0.126100,0.000001950,
2132200,30.186996,24.750000,5.436996,0.000000,-30.186996,1.000000,0.126044,0.000001947,
2132300,30.093498,24.750000,5.343498,0.000000,-30.186996,1.000000,0.126026,0.000001956,
2132400,30.093498,25.000000,5.093498,0.000000,-30.186996,1.000000,0.125964,0.000001936,
2132500,30.093498,25.000000,5.093498,0.000000,-30.093498,1.000000,0.125955,0.000001926,
2132600,29.796749,25.000000,4.796749,0.000000,-30.093498,1.000000,0.125960,0.000001937,
2132700,29.796749,24.750000,5.046749,0.000000,-30.093498,1.000000,0.125951,0.000001936,
2132800,29.796749,24.750000,5.046749,0.000000,-30.093498,1.000000,0.125887,0.000001937,
2132900,29.898375,24.750000,5.148375,0.000000,-29.796749,1.000000,0.125887,0.000001947,
2133000,29.898375,24.250000,5.648375,0.000000,-29.796749,1.000000,0.125800,0.000001955,
2133100,29.898375,24.250000,5.648375,0.000000,-29.796749,1.000000,0.125744,0.000001950,
2133200,29.949188,24.250000,5.699188,0.000000,-29.796749,1.000000,0.125655,0.000001957,
2133300,29.949188,24.750000,5.199188,0.000000,-29.949188,1.000000,0.125598,0.000001962,
2133400,29.949188,24.750000,5.199188,0.000000,-29.949188,1.000000,0.125542,0.000001945,
2133500,29.974594,24.750000,5.224594,0.000000,-29.949188,1.000000,0.125492,0.000001927,
2133600,29.974594,24.750000,5.224594,0.000000,-29.949188,1.000000,0.125504,0.000001953,
2133700,29.974594,24.750000,5.224594,0.000000,-29.974594,1.000000,0.125459,0.000001948,
2133800,29.987297,24.750000,5.237297,0.000000,-29.974594,1.000000,0.125465,0.000001936,
2133900,29.987297,25.000000,4.987297,0.000000,-29.974594,1.000000,0.125447,0.000001920,
2134000,29.987297,25.000000,4.987297,0.000000,-29.974594,1.000000,0.125415,0.000001917,
2134100,30.118649,25.000000,5.118649,0.000000,-29.987297,1.000000,0.125345,0.000001923,
2134200,30.118649,25.250000,4.868649,0.000000,-29.987297,1.000000,0.125312,0.000001933,
2134300,30.118649,25.250000,4.868649,0.000000,-29.987297,1.000000,0.125258,0.000001940,
2134400,30.059324,25.250000,4.809324,0.000000,-29.987297,1.000000,0.125216,0.000001939,
2134500,30.059324,24.500000,5.559324,0.000000,-30.059324,1.000000,0.125143,0.000001934,
2134600,30.059324,24.500000,5.559324,0.000000,-30.059324,1.000000,0.125137,0.000001920,
2134700,30.029663,24.500000,5.529663,0.000000,-30.059324,1.000000,0.125067,0.000001958,
2134800,30.029663,25.000000,5.029663,0.000000,-30.059324,1.000000,0.125033,0.000001965,
2134900,30.029663,25.000000,5.029663,0.000000,-30.029663,1.000000,0.125019,0.000001979,
2135000,30.014832,25.000000,5.014832,0.000000,-30.029663,1.000000,0.124936,0.000001970,
2135100,30.014832,25.250000,4.764832,0.000000,-30.029663,1.000000,0.124885,0.000001948,
2135200,30.014832,25.250000,4.764832,0.000000,-30.029663,1.000000,0.124835,0.000001926,
2135300,30.132416,25.250000,4.882416,0.000000,-30.014832,1.000000,0.124822,0.000001912,
2135400,30.132416,25.000000,5.132416,0.000000,-30.014832,1.000000,0.124764,0.000001922,
2135500,30.132416,25.000000,5.132416,0.000000,-30.014832,1.000000,0.124691,0.000001917,
2135600,30.066208,25.000000,5.066208,0.000000,-30.014832,1.000000,0.124660,0.000001942,
2135700,30.066208,25.000000,5.066208,0.000000,-30.066208,1.000000,0.124634,0.000001943,
2135800,30.066208,25.000000,5.066208,0.000000,-30.066208,1.000000,0.124627,0.000001946,
2135900,30.033104,25.000000,5.033104,0.000000,-30.066208,1.000000,0.124549,0.000001956,
2136000,30.033104,25.000000,5.033104,0.000000,-30.066208,1.000000,0.124552,0.000001947,
2136100,30.033104,25.000000,5.033104,0.000000,-30.033104,1.000000,0.124500,0.000001936,
2136200,30.141552,25.000000,5.141552,0.000000,-30.033104,1.000000,0.124435,0.000001914,
2136300,30.141552,24.500000,5.641552,0.000000,-30.033104,1.000000,0.124405,0.000001938,
2136400,30.141552,24.500000,5.641552,0.000000,-30.033104,1.000000,0.124442,0.000001941,
2136500,30.195776,24.500000,5.695776,0.000000,-30.141552,1.000000,0.124417,0.000001961,
2136600,30.195776,24.750000,5.445776,0.000000,-30.141552,1.000000,0.124377,0.000001949,
2136700,30.195776,24.750000,5.445776,0.000000,-30.141552,1.000000,0.124323,0.000001966,
2136800,30.097889,24.750000,5.347889,0.000000,-30.141552,1.000000,0.124321,0.000001972,
2136900,30.097889,25.000000,5.097889,0.000000,-30.097889,1.000000,0.124243,0.000001952,
2137000,30.097889,25.000000,5.097889,0.000000,-30.097889,1.000000,0.124180,0.000001950,
2137100,30.048944,25.000000,5.048944,0.000000,-30.097889,1.000000,0.124159,0.000001948,
2137200,30.048944,24.750000,5.298944,0.000000,-30.097889,1.000000,0.124117,0.000001954,
2137300,30.048944,24.750000,5.298944,0.000000,-30.048944,1.000000,0.124069,0.000001938,
2137400,30.024471,24.750000,5.274471,0.000000,-30.048944,1.000000,0.124034,0.000001938,
2137500,30.024471,25.000000,5.024471,0.000000,-30.048944,1.000000,0.123961,0.000001919,
2137600,30.024471,25.000000,5.024471,0.000000,-30.048944,1.000000,0.123915,0.000001922,
2137700,30.012236,25.000000,5.012236,0.000000,-30.024471,1.000000,0.123880,0.000001918,
2137800,30.012236,25.250000,4.762236,0.000000,-30.024471,1.000000,0.123802,0.000001921,
2137900,30.012236,25.250000,4.762236,0.000000,-30.024471,1.000000,0.123739,0.000001935,
2138000,30.006119,25.250000,4.756119,0.000000,-30.024471,1.000000,0.123714,0.000001945,
2138100,30.006119,25.000000,5.006119,0.000000,-30.006119,1.000000,0.123678,0.000001941,
2138200,30.006119,25.000000,5.006119,0.000000,-30.006119,1.000000,0.123647,0.000001917,
2138300,30.003059,25.000000,5.003059,0.000000,-30.006119,1.000000,0.123593,0.000001932,
2138400,30.003059,25.000000,5.003059,0.000000,-30.006119,1.000000,0.123574,0.000001925,
2138500,30.003059,25.000000,5.003059,0.000000,-30.003059,1.000000,0.123574,0.000001934,
2138600,29.751530,25.000000,4.751530,0.000000,-30.003059,1.000000,0.123497,0.000001965,
2138700,29.751530,25.250000,4.501530,0.000000,-30.003059,1.000000,0.123484,0.000001941,
2138800,29.751530,25.250000,4.501530,0.000000,-30.003059,1.000000,0.123468,0.000001907,
2138900,29.875765,25.250000,4.625765,0.000000,-29.751530,1.000000,0.123395,0.000001898,
2139000,29.875765,24.500000,5.375765,0.000000,-29.751530,1.000000,0.123355,0.000001915,
2139100,29.875765,24.500000,5.375765,0.000000,-29.751530,1.000000,0.123323,0.000001919,
2139200,30.062881,24.500000,5.562881,0.000000,-29.751530,1.000000,0.123330,0.000001938,
2139300,30.062881,25.000000,5.062881,0.000000,-30.062881,1.000000,0.123270,0.000001946,
2139400,30.062881,25.000000,5.062881,0.000000,-30.062881,1.000000,0.123228,0.000001956,
2139500,30.031441,25.000000,5.031441,0.000000,-30.062881,1.000000,0.123192,0.000001950,
2139600,30.031441,24.250000,5.781441,0.000000,-30.062881,1.000000,0.123181,0.000001970,
2139700,30.031441,24.250000,5.781441,0.000000,-30.031441,1.000000,0.123129,0.000001955,
2139800,30.015720,24.250000,5.765720,0.000000,-30.031441,1.000000,0.123076,0.000001951,
2139900,30.015720,24.750000,5.265720,0.000000,-30.031441,1.000000,0.123050,0.000001949,
2140000,30.015720,24.750000,5.265720,0.000000,-30.031441,1.000000,0.122967,0.000001965,
2140100,29.757860,24.750000,5.007860,0.000000,-30.015720,1.000000,0.122904,0.000001985,
2140200,29.757860,25.000000,4.757860,0.000000,-30.015720,1.000000,0.122847,0.000001998,
2140300,29.757860,25.000000,4.757860,0.000000,-30.015720,1.000000,0.122865,0.000002009,
2140400,29.878929,25.000000,4.878929,0.000000,-30.015720,1.000000,0.122799,0.000002029,
2140500,29.878929,24.750000,5.128929,0.000000,-29.878929,1.000000,0.122753,0.000002020,
2140600,29.878929,24.750000,5.128929,0.000000,-29.878929,1.000000,0.122712,0.000001991,
2140700,29.939465,24.750000,5.189465,0.000000,-29.878929,1.000000,0.122685,0.000001969,
2140800,29.939465,24.750000,5.189465,0.000000,-29.878929,1.000000,0.122629,0.000001968,
2140900,29.939465,24.750000,5.189465,0.000000,-29.939465,1.000000,0.122581,0.000001999,
2141000,29.969732,24.750000,5.219732,0.000000,-29.939465,1.000000,0.122560,0.000001993,
2141100,29.969732,25.000000,4.969732,0.000000,-29.939465,1.000000,0.122512,0.000002001,
2141200,29.969732,25.000000,4.969732,0.000000,-29.939465,1.000000,0.122535,0.000001987,
2141300,29.734867,25.000000,4.734867,0.000000,-29.969732,1.000000,0.122540,0.000001996,
2141400,29.734867,25.000000,4.734867,0.000000,-29.969732,1.000000,0.122516,0.000001997,
2141500,29.734867,25.000000,4.734867,0.000000,-29.969732,1.000000,0.122454,0.000001989,
2141600,29.742434,25.000000,4.742434,0.000000,-29.969732,1.000000,0.122419,0.000001985,
2141700,29.742434,25.250000,4.492434,0.000000,-29.742434,1.000000,0.122293,0.000001989,
2141800,29.742434,25.250000,4.492434,0.000000,-29.742434,1.000000,0.122255,0.000001975,
2141900,29.621216,25.250000,4.371216,0.000000,-29.742434,1.000000,0.122220,0.000001970,
2142000,29.621216,24.750000,4.871216,0.000000,-29.742434,1.000000,0.122177,0.000001943,
2142100,29.621216,24.750000,4.871216,0.000000,-29.621216,1.000000,0.122116,0.000001928,
2142200,29.810608,24.750000,5.060608,0.000000,-29.621216,1.000000,0.122104,0.000001954,
2142300,29.810608,24.750000,5.060608,0.000000,-29.621216,1.000000,0.122099,0.000001947,
2142400,29.810608,24.750000,5.060608,0.000000,-29.621216,1.000000,0.122044,0.000001935,
2142500,29.780304,24.750000,5.030304,0.000000,-29.810608,1.000000,0.122045,0.000001952,
2142600,29.780304,25.000000,4.780304,0.000000,-29.810608,1.000000,0.122007,0.000001959,
2142700,29.780304,25.000000,4.780304,0.000000,-29.810608,1.000000,0.121954,0.000001951,
2142800,29.765152,25.000000,4.765152,0.000000,-29.810608,1.000000,0.121868,0.000001937,
2142900,29.765152,24.500000,5.265152,0.000000,-29.765152,1.000000,0.121837,0.000001953,
2143000,29.765152,24.500000,5.265152,0.000000,-29.765152,1.000000,0.121851,0.000001939,
2143100,29.757576,24.500000,5.257576,0.000000,-29.765152,1.000000,0.121835,0.000001932,
2143200,29.757576,24.500000,5.257576,0.000000,-29.765152,1.000000,0.121804,0.000001907,
2143300,29.757576,24.500000,5.257576,0.000000,-29.757576,1.000000,0.121763,0.000001898,
2143400,29.628788,24.500000,5.128788,0.000000,-29.757576,1.000000,0.121703,0.000001877,
2143500,29.628788,24.750000,4.878788,0.000000,-29.757576,1.000000,0.121613,0.000001879,
2143600,29.628788,24.750000,4.878788,0.000000,-29.757576,1.000000,0.121601,0.000001886,
2143700,29.939394,24.750000,5.189394,0.000000,-29.628788,1.000000,0.121591,0.000001901,
2143800,29.939394,25.000000,4.939394,0.000000,-29.628788,1.000000,0.121588,0.000001914,
2143900,29.939394,25.000000,4.939394,0.000000,-29.628788,1.000000,0.121517,0.000001902,
2144000,29.719696,25.000000,4.719696,0.000000,-29.628788,1.000000,0.121436,0.000001900,
2144100,29.719696,25.000000,4.719696,0.000000,-29.719696,1.000000,0.121353,0.000001890,
2144200,29.719696,25.000000,4.719696,0.000000,-29.719696,1.000000,0.121311,0.000001895,
2144300,29.859848,25.000000,4.859848,0.000000,-29.719696,1.000000,0.121237,0.000001877,
2144400,29.859848,25.000000,4.859848,0.000000,-29.719696,1.000000,0.121140,0.000001882,
2144500,29.859848,25.000000,4.859848,0.000000,-29.859848,1.000000,0.121107,0.000001860,
2144600,29.804924,25.000000,4.804924,0.000000,-29.859848,1.000000,0.121071,0.000001841,
2144700,29.804924,24.500000,5.304924,0.000000,-29.859848,1.000000,0.121081,0.000001835,
2144800,29.804924,24.500000,5.304924,0.000000,-29.859848,1.000000,0.121045,0.000001836,
2144900,29.777462,24.500000,5.277462,0.000000,-29.804924,1.000000,0.120975,0.000001853,
2145000,29.777462,24.500000,5.277462,0.000000,-29.804924,1.000000,0.120957,0.000001887,
2145100,29.777462,24.500000,5.277462,0.000000,-29.804924,1.000000,0.120913,0.000001895,
2145200,29.888731,24.500000,5.388731,0.000000,-29.804924,1.000000,0.120887,0.000001916,
2145300,29.888731,25.000000,4.888731,0.000000,-29.888731,1.000000,0.120885,0.000001918,
2145400,29.888731,25.000000,4.888731,0.000000,-29.888731,1.000000,0.120866,0.000001919,
2145500,29.819366,25.000000,4.819366,0.000000,-29.888731,1.000000,0.120791,0.000001937,
2145600,29.819366,25.000000,4.819366,0.000000,-29.888731,1.000000,0.120736,0.000001937,
2145700,29.819366,25.000000,4.819366,0.000000,-29.819366,1.000000,0.120710,0.000001919,
2145800,29.909683,25.000000,4.909683,0.000000,-29.819366,1.000000,0.120621,0.000001943,
2145900,29.909683,24.750000,5.159683,0.000000,-29.819366,1.000000,0.120572,0.000001926,
2146000,29.909683,24.750000,5.159683,0.000000,-29.819366,1.000000,0.120525,0.000001920,
2146100,29.954842,24.750000,5.204842,0.000000,-29.909683,1.000000,0.120473,0.000001946,
2146200,29.954842,24.500000,5.454842,0.000000,-29.909683,1.000000,0.120402,0.000001941,
2146300,29.954842,24.500000,5.454842,0.000000,-29.909683,1.000000,0.120339,0.000001930,
2146400,29.977421,24.500000,5.477421,0.000000,-29.909683,1.000000,0.120272,0.000001931,
2146500,29.977421,24.750000,5.227421,0.000000,-29.977421,1.000000,0.120211,0.000001883,
2146600,29.977421,24.750000,5.227421,0.000000,-29.977421,1.000000,0.120203,0.000001877,
2146700,29.863710,24.750000,5.113710,0.000000,-29.977421,1.000000,0.120126,0.000001892,
2146800,29.863710,25.000000,4.863710,0.000000,-29.977421,1.000000,0.120102,0.000001869,
2146900,29.863710,25.000000,4.863710,0.000000,-29.863710,1.000000,0.120088,0.000001902,
2147000,29.931854,25.000000,4.931854,0.000000,-29.863710,1.000000,0.120024,0.000001903,
2147100,29.931854,24.750000,5.181854,0.000000,-29.863710,1.000000,0.119973,0.000001946,
2147200,29.931854,24.750000,5.181854,0.000000,-29.863710,1.000000,0.119919,0.000001912,
2147300,29.715927,24.750000,4.965927,0.000000,-29.931854,1.000000,0.119868,0.000001925,
2147400,29.715927,25.000000,4.715927,0.000000,-29.931854,1.000000,0.119866,0.000001948,
2147500,29.715927,25.000000,4.715927,0.000000,-29.931854,1.000000,0.119867,0.000001959,
2147600,29.732964,25.000000,4.732964,0.000000,-29.931854,1.000000,0.119840,0.000001953,
2147700,29.732964,24.750000,4.982964,0.000000,-29.732964,1.000000,0.119812,0.000001960,
2147800,29.732964,24.750000,4.982964,0.000000,-29.732964,1.000000,0.119808,0.000001939,
2147900,29.491482,24.750000,4.741482,0.000000,-29.732964,1.000000,0.119753,0.000001964,
2148000,29.491482,24.750000,4.741482,0.000000,-29.732964,1.000000,0.119708,0.000001954,
2148100,29.491482,24.750000,4.741482,0.000000,-29.491482,1.000000,0.119643,0.000001975,
2148200,29.620741,24.750000,4.870741,0.000000,-29.491482,1.000000,0.119623,0.000001989,
2148300,29.620741,24.750000,4.870741,0.000000,-29.491482,1.000000,0.119589,0.000001985,
2148400,29.620741,24.750000,4.870741,0.000000,-29.491482,1.000000,0.119525,0.000001992,
2148500,29.685371,24.750000,4.935371,0.000000,-29.620741,1.000000,0.119501,0.000001972,
2148600,29.685371,24.500000,5.185371,0.000000,-29.620741,1.000000,0.119467,0.000001979,
2148700,29.685371,24.500000,5.185371,0.000000,-29.620741,1.000000,0.119478,0.000001980,
2148800,29.842686,24.500000,5.342686,0.000000,-29.620741,1.000000,0.119417,0.000001968,
2148900,29.842686,24.750000,5.092686,0.000000,-29.842686,1.000000,0.119400,0.000001998,
2149000,29.842686,24.750000,5.092686,0.000000,-29.842686,1.000000,0.119348,0.000001991,
2149100,29.921343,24.750000,5.171343,0.000000,-29.842686,1.000000,0.119330,0.000001994,
2149200,29.921343,24.750000,5.171343,0.000000,-29.842686,1.000000,0.119271,0.000002007,
2149300,29.921343,24.750000,5.171343,0.000000,-29.921343,1.000000,0.119212,0.000002005,
2149400,29.585670,24.750000,4.835670,0.000000,-29.921343,1.000000,0.119199,0.000001981,
2149500,29.585670,24.750000,4.835670,0.000000,-29.921343,1.000000,0.119168,0.000002007,
2149600,29.585670,24.750000,4.835670,0.000000,-29.921343,1.000000,0.119127,0.000001989,
2149700,29.792835,24.750000,5.042835,0.000000,-29.585670,1.000000,0.119104,0.000001985,
2149800,29.792835,24.750000,5.042835,0.000000,-29.585670,1.000000,0.119026,0.000001961,
2149900,29.792835,24.750000,5.042835,0.000000,-29.585670,1.000000,0.119014,0.000001994,
2150000,29.646418,24.750000,4.896418,0.000000,-29.585670,1.000000,0.118965,0.000002009,
2150100,29.646418,24.750000,4.896418,0.000000,-29.646418,1.000000,0.118907,0.000002030,
2150200,29.646418,24.750000,4.896418,0.000000,-29.646418,1.000000,0.118857,0.000001991,
2150300,29.823208,24.750000,5.073208,0.000000,-29.646418,1.000000,0.118800,0.000001988,
2150400,29.911604,24.750000,5.161604,0.000000,-29.646418,1.000000,0.118730,0.000001982,
2150500,29.911604,24.750000,5.161604,0.000000,-29.911604,1.000000,0.118663,0.000002001,
2150600,29.911604,24.750000,5.161604,0.000000,-29.911604,1.000000,0.118640,0.000001970,
2150700,29.955803,24.750000,5.205803,0.000000,-29.911604,1.000000,0.118621,0.000001976,
2150800,29.955803,25.000000,4.955803,0.000000,-29.911604,1.000000,0.118599,0.000001966,
2150900,29.955803,25.000000,4.955803,0.000000,-29.955803,1.000000,0.118600,0.000001949,
2151000,29.727901,25.000000,4.727901,0.000000,-29.955803,1.000000,0.118560,0.000001943,
2151100,29.727901,24.750000,4.977901,0.000000,-29.955803,1.000000,0.118481,0.000001938,
2151200,29.727901,24.750000,4.977901,0.000000,-29.955803,1.000000,0.118392,0.000001933,
2151300,29.738951,24.750000,4.988951,0.000000,-29.727901,1.000000,0.118350,0.000001923,
2151400,29.738951,24.500000,5.238951,0.000000,-29.727901,1.000000,0.118308,0.000001941,
2151500,29.738951,24.500000,5.238951,0.000000,-29.727901,1.000000,0.118253,0.000001914,
2151600,29.744476,24.500000,5.244476,0.000000,-29.727901,1.000000,0.118164,0.000001893,
2151700,29.744476,24.750000,4.994476,0.000000,-29.744476,1.000000,0.118130,0.000001922,
2151800,29.744476,24.750000,4.994476,0.000000,-29.744476,1.000000,0.118134,0.000001916,
2151900,29.747238,24.750000,4.997238,0.000000,-29.744476,1.000000,0.118064,0.000001930,
2152000,29.747238,24.500000,5.247238,0.000000,-29.744476,1.000000,0.118037,0.000001954,
2152100,29.747238,24.500000,5.247238,0.000000,-29.747238,1.000000,0.118021,0.000001972,
2152200,29.748619,24.500000,5.248619,0.000000,-29.747238,1.000000,0.117998,0.000002008,
2152300,29.748619,24.750000,4.998619,0.000000,-29.747238,1.000000,0.117973,0.000002024,
2152400,29.748619,24.750000,4.998619,0.000000,-29.747238,1.000000,0.117877,0.000002015,
2152500,29.749310,24.750000,4.999310,0.000000,-29.748619,1.000000,0.117874,0.000002022,
2152600,29.749310,24.500000,5.249310,0.000000,-29.748619,1.000000,0.117848,0.000002012,
2152700,29.749310,24.500000,5.249310,0.000000,-29.748619,1.000000,0.117824,0.000001998,
2152800,29.749655,24.500000,5.249655,0.000000,-29.748619,1.000000,0.117767,0.000001971,
2152900,29.749655,24.750000,4.999655,0.000000,-29.749655,1.000000,0.117702,0.000001962,
2153000,29.749655,24.750000,4.999655,0.000000,-29.749655,1.000000,0.117689,0.000001957,
2153100,29.749828,24.750000,4.999828,0.000000,-29.749655,1.000000,0.117660,0.000001952,
2153200,29.749828,24.500000,5.249828,0.000000,-29.749655,1.000000,0.117610,0.000001945,
2153300,29.749828,24.500000,5.249828,0.000000,-29.749828,1.000000,0.117581,0.000001937,
2153400,29.749914,24.500000,5.249914,0.000000,-29.749828,1.000000,0.117533,0.000001937,
2153500,29.749914,24.750000,4.999914,0.000000,-29.749828,1.000000,0.117473,0.000001959,
2153600,29.749914,24.750000,4.999914,0.000000,-29.749828,1.000000,0.117488,0.000001973,
2153700,29.749958,24.750000,4.999958,0.000000,-29.749914,1.000000,0.117469,0.000001969,
2153800,29.749958,25.000000,4.749958,0.000000,-29.749914,1.000000,0.117420,0.000001963,
2153900,29.749958,25.000000,4.749958,0.000000,-29.749914,1.000000,0.117376,0.000001961,
2154000,29.749979,25.000000,4.749979,0.000000,-29.749914,1.000000,0.117338,0.000001981,
2154100,29.749979,24.750000,4.999979,0.000000,-29.749979,1.000000,0.117314,0.000001971,
2154200,29.749979,24.750000,4.999979,0.000000,-29.749979,1.000000,0.117268,0.000002002,
2154300,29.749989,24.750000,4.999989,0.000000,-29.749979,1.000000,0.117234,0.000002007,
2154400,29.749989,24.250000,5.499989,0.000000,-29.749979,1.000000,0.117200,0.000001995,
2154500,29.749989,24.250000,5.499989,0.000000,-29.749989,1.000000,0.117143,0.000001968,
2154600,29.874994,24.250000,5.624994,0.000000,-29.749989,1.000000,0.117063,0.000001971,
2154700,29.874994,24.750000,5.124994,0.000000,-29.749989,1.000000,0.117004,0.000001990,
2154800,29.874994,24.750000,5.124994,0.000000,-29.749989,1.000000,0.116921,0.000002002,
2154900,29.812496,24.750000,5.062496,0.000000,-29.874994,1.000000,0.116880,0.000001987,
2155000,29.812496,25.000000,4.812496,0.000000,-29.874994,1.000000,0.116857,0.000001989,
2155100,29.812496,25.000000,4.812496,0.000000,-29.874994,1.000000,0.116855,0.000002014,
2155200,29.781248,25.000000,4.781248,0.000000,-29.874994,1.000000,0.116847,0.000002009,
2155300,29.781248,25.000000,4.781248,0.000000,-29.781248,1.000000,0.116841,0.000002029,
2155400,29.781248,25.000000,4.781248,0.000000,-29.781248,1.000000,0.116777,0.000002046,
2155500,29.765625,25.000000,4.765625,0.000000,-29.781248,1.000000,0.116682,0.000002024,
2155600,29.765625,24.250000,5.515625,0.000000,-29.781248,1.000000,0.116621,0.000002014,
2155700,29.765625,24.250000,5.515625,0.000000,-29.765625,1.000000,0.116600,0.000001989,
2155800,29.507812,24.250000,5.257812,0.000000,-29.765625,1.000000,0.116582,0.000001970,
2155900,29.507812,25.000000,4.507812,0.000000,-29.765625,1.000000,0.116545,0.000001980,
2156000,29.507812,25.000000,4.507812,0.000000,-29.765625,1.000000,0.116500,0.000001990,
2156100,29.628906,25.000000,4.628906,0.000000,-29.507812,1.000000,0.116459,0.000001995,
2156200,29.628906,25.000000,4.628906,0.000000,-29.507812,1.000000,0.116382,0.000001969,
2156300,29.628906,25.000000,4.628906,0.000000,-29.507812,1.000000,0.116334,0.000001985,
2156400,29.689453,25.000000,4.689453,0.000000,-29.507812,1.000000,0.116295,0.000001994,
2156500,29.689453,24.750000,4.939453,0.000000,-29.689453,1.000000,0.116258,0.000001986,
2156600,29.689453,24.750000,4.939453,0.000000,-29.689453,1.000000,0.116160,0.000001984,
2156700,29.719727,24.750000,4.969727,0.000000,-29.689453,1.000000,0.116134,0.000001959,
2156800,29.719727,24.250000,5.469727,0.000000,-29.689453,1.000000,0.116115,0.000001975,
2156900,29.719727,24.250000,5.469727,0.000000,-29.719727,1.000000,0.116092,0.000001978,
2157000,29.734863,24.250000,5.484863,0.000000,-29.719727,1.000000,0.116053,0.000001962,
2157100,29.734863,24.500000,5.234863,0.000000,-29.719727,1.000000,0.116031,0.000001977,
2157200,29.734863,24.500000,5.234863,0.000000,-29.719727,1.000000,0.115968,0.000001985,
2157300,29.742432,24.500000,5.242432,0.000000,-29.734863,1.000000,0.115914,0.000001985,
2157400,29.742432,24.750000,4.992432,0.000000,-29.734863,1.000000,0.115924,0.000001988,
2157500,29.742432,24.750000,4.992432,0.000000,-29.734863,1.000000,0.115915,0.000001984,
2157600,29.496216,24.750000,4.746216,0.000000,-29.734863,1.000000,0.115874,0.000001971,
2157700,29.496216,25.000000,4.496216,0.000000,-29.496216,1.000000,0.115814,0.000001991,
2157800,29.496216,25.000000,4.496216,0.000000,-29.496216,1.000000,0.115755,0.000002013,
2157900,29.498108,25.000000,4.498108,0.000000,-29.496216,1.000000,0.115712,0.000002001,
2158000,29.498108,24.500000,4.998108,0.000000,-29.496216,1.000000,0.115695,0.000002019,
2158100,29.498108,24.500000,4.998108,0.000000,-29.498108,1.000000,0.115656,0.000002018,
2158200,29.624054,24.500000,5.124054,0.000000,-29.498108,1.000000,0.115598,0.000002022,
2158300,29.624054,24.750000,4.874054,0.000000,-29.498108,1.000000,0.115570,0.000002006,
2158400,29.624054,24.750000,4.874054,0.000000,-29.498108,1.000000,0.115503,0.000002030,
2158500,29.437027,24.750000,4.687027,0.000000,-29.624054,1.000000,0.115478,0.000002022,
2158600,29.437027,25.000000,4.437027,0.000000,-29.624054,1.000000,0.115453,0.000002016,
2158700,29.437027,25.000000,4.437027,0.000000,-29.624054,1.000000,0.115411,0.000001977,
2158800,29.468513,25.000000,4.468513,0.000000,-29.624054,1.000000,0.115404,0.000001988,
2158900,29.468513,24.750000,4.718513,0.000000,-29.468513,1.000000,0.115336,0.000001981,
2159000,29.468513,24.750000,4.718513,0.000000,-29.468513,1.000000,0.115269,0.000001991,
2159100,29.609257,24.750000,4.859257,0.000000,-29.468513,1.000000,0.115230,0.000001996,
2159200,29.609257,25.000000,4.609257,0.000000,-29.468513,1.000000,0.115172,0.000002022,
2159300,29.609257,25.000000,4.609257,0.000000,-29.609257,1.000000,0.115136,0.000002020,
2159400,29.554628,25.000000,4.554628,0.000000,-29.609257,1.000000,0.115126,0.000002023,
2159500,29.554628,24.750000,4.804628,0.000000,-29.609257,1.000000,0.115144,0.000002017,
2159600,29.554628,24.750000,4.804628,0.000000,-29.609257,1.000000,0.115125,0.000002056,
2159700,29.277313,24.750000,4.527313,0.000000,-29.554628,1.000000,0.115102,0.000002077,
2159800,29.277313,24.750000,4.527313,0.000000,-29.554628,1.000000,0.115079,0.000002083,
2159900,29.277313,24.750000,4.527313,0.000000,-29.554628,1.000000,0.115096,0.000002100,
2160000,29.513657,24.750000,4.763657,0.000000,-29.554628,1.000000,0.115017,0.000002082,
2160100,29.513657,24.750000,4.763657,0.000000,-29.513657,1.000000,0.114968,0.000002031,
2160200,29.513657,24.750000,4.763657,0.000000,-29.513657,1.000000,0.114925,0.000002028,
2160300,29.256828,24.750000,4.506828,0.000000,-29.513657,1.000000,0.114898,0.000002015,
2160400,29.256828,24.750000,4.506828,0.000000,-29.513657,1.000000,0.114850,0.000002029,
2160500,29.256828,24.750000,4.506828,0.000000,-29.256828,1.000000,0.114770,0.000002062,
2160600,29.253414,24.750000,4.503414,0.000000,-29.256828,1.000000,0.114757,0.000002039,
2160700,29.253414,24.750000,4.503414,0.000000,-29.256828,1.000000,0.114695,0.000002044,
2160800,29.253414,24.750000,4.503414,0.000000,-29.256828,1.000000,0.114652,0.000002034,
2160900,29.501707,24.750000,4.751707,0.000000,-29.253414,1.000000,0.114613,0.000002042,
2161000,29.501707,24.750000,4.751707,0.000000,-29.253414,1.000000,0.114565,0.000002035,
2161100,29.501707,24.750000,4.751707,0.000000,-29.253414,1.000000,0.114533,0.000002037,
2161200,29.625854,24.750000,4.875854,0.000000,-29.253414,1.000000,0.114516,0.000002006,
2161300,29.625854,25.250000,4.375854,0.000000,-29.625854,1.000000,0.114447,0.000001976,
2161400,29.625854,25.250000,4.375854,0.000000,-29.625854,1.000000,0.114429,0.000001961,
2161500,29.312927,25.250000,4.062927,0.000000,-29.625854,1.000000,0.114402,0.000001939,
2161600,29.312927,24.750000,4.562927,0.000000,-29.625854,1.000000,0.114370,0.000001940,
2161700,29.312927,24.750000,4.562927,0.000000,-29.312927,1.000000,0.114313,0.000001949,
2161800,29.531464,24.750000,4.781464,0.000000,-29.312927,1.000000,0.114286,0.000001945,
2161900,29.531464,25.000000,4.531464,0.000000,-29.312927,1.000000,0.114276,0.000001927,
2162000,29.531464,25.000000,4.531464,0.000000,-29.312927,1.000000,0.114254,0.000001926,
2162100,29.640732,25.000000,4.640732,0.000000,-29.531464,1.000000,0.114297,0.000001930,
2162200,29.640732,24.750000,4.890732,0.000000,-29.531464,1.000000,0.114288,0.000001936,
2162300,29.640732,24.750000,4.890732,0.000000,-29.531464,1.000000,0.114275,0.000001946,
2162400,29.445366,24.750000,4.695366,0.000000,-29.531464,1.000000,0.114214,0.000001961,
2162500,29.445366,24.750000,4.695366,0.000000,-29.445366,1.000000,0.114155,0.000001962,
2162600,29.445366,24.750000,4.695366,0.000000,-29.445366,1.000000,0.114137,0.000001968,
2162700,29.347683,24.750000,4.597683,0.000000,-29.445366,1.000000,0.114095,0.000001951,
2162800,29.347683,24.750000,4.597683,0.000000,-29.445366,1.000000,0.113975,0.000001952,
2162900,29.347683,24.750000,4.597683,0.000000,-29.347683,1.000000,0.113910,0.000001946,
2163000,29.423841,24.750000,4.673841,0.000000,-29.347683,1.000000,0.113866,0.000001947,
2163100,29.423841,25.250000,4.173841,0.000000,-29.347683,1.000000,0.113843,0.000001926,
2163200,29.423841,25.250000,4.173841,0.000000,-29.347683,1.000000,0.113805,0.000001927,
2163300,29.586922,25.250000,4.336922,0.000000,-29.423841,1.000000,0.113780,0.000001912,
2163400,29.586922,24.750000,4.836922,0.000000,-29.423841,1.000000,0.113752,0.000001925,
2163500,29.586922,24.750000,4.836922,0.000000,-29.423841,1.000000,0.113707,0.000001944,
2163600,29.543461,24.750000,4.793461,0.000000,-29.423841,1.000000,0.113645,0.000001954,
2163700,29.543461,24.500000,5.043461,0.000000,-29.543461,1.000000,0.113624,0.000001985,
2163800,29.543461,24.500000,5.043461,0.000000,-29.543461,1.000000,0.113601,0.000001981,
2163900,29.271730,24.500000,4.771730,0.000000,-29.543461,1.000000,0.113545,0.000001985,
2164000,29.271730,24.750000,4.521730,0.000000,-29.543461,1.000000,0.113481,0.000001986,
2164100,29.271730,24.750000,4.521730,0.000000,-29.271730,1.000000,0.113422,0.000001967,
2164200,29.385864,24.750000,4.635864,0.000000,-29.271730,1.000000,0.113386,0.000001975,
2164300,29.385864,25.000000,4.385864,0.000000,-29.271730,1.000000,0.113308,0.000002009,
2164400,29.385864,25.000000,4.385864,0.000000,-29.271730,1.000000,0.113237,0.000002005,
2164500,29.567932,25.000000,4.567932,0.000000,-29.385864,1.000000,0.113204,0.000001998,
2164600,29.567932,24.750000,4.817932,0.000000,-29.385864,1.000000,0.113194,0.000001963,
2164700,29.567932,24.750000,4.817932,0.000000,-29.385864,1.000000,0.113179,0.000001961,
2164800,29.658966,24.750000,4.908966,0.000000,-29.385864,1.000000,0.113154,0.000001997,
2164900,29.658966,25.000000,4.658966,0.000000,-29.658966,1.000000,0.113131,0.000001968,
2165000,29.658966,25.000000,4.658966,0.000000,-29.658966,1.000000,0.113101,0.000001973,
2165100,29.704483,25.000000,4.704483,0.000000,-29.658966,1.000000,0.113060,0.000001962,
2165200,29.704483,24.750000,4.954483,0.000000,-29.658966,1.000000,0.112969,0.000001990,
2165300,29.704483,24.750000,4.954483,0.000000,-29.704483,1.000000,0.112978,0.000002009,
2165400,29.727242,24.750000,4.977242,0.000000,-29.704483,1.000000,0.112911,0.000002025,
2165500,29.727242,24.750000,4.977242,0.000000,-29.704483,1.000000,0.112875,0.000001994,
2165600,29.727242,24.750000,4.977242,0.000000,-29.704483,1.000000,0.112839,0.000001986,
2165700,29.488621,24.750000,4.738621,0.000000,-29.727242,1.000000,0.112776,0.000002001,
2165800,29.488621,24.750000,4.738621,0.000000,-29.727242,1.000000,0.112804,0.000002020,
2165900,29.488621,24.750000,4.738621,0.000000,-29.727242,1.000000,0.112738,0.000002015,
2166000,29.369310,24.750000,4.619310,0.000000,-29.727242,1.000000,0.112703,0.000002012,
2166100,29.369310,24.250000,5.119310,0.000000,-29.369310,1.000000,0.112674,0.000002008,
2166200,29.369310,24.250000,5.119310,0.000000,-29.369310,1.000000,0.112680,0.000002010,
2166300,29.559654,24.250000,5.309654,0.000000,-29.369310,1.000000,0.112639,0.000002002,
2166400,29.559654,24.500000,5.059654,0.000000,-29.369310,1.000000,0.112628,0.000001976,
2166500,29.559654,24.500000,5.059654,0.000000,-29.559654,1.000000,0.112615,0.000001968,
2166600,29.529827,24.500000,5.029827,0.000000,-29.559654,1.000000,0.112528,0.000001952,
2166700,29.529827,24.750000,4.779827,0.000000,-29.559654,1.000000,0.112520,0.000001976,
2166800,29.529827,24.750000,4.779827,0.000000,-29.559654,1.000000,0.112507,0.000001964,
2166900,29.639914,24.750000,4.889914,0.000000,-29.529827,1.000000,0.112483,0.000001971,
2167000,29.639914,25.000000,4.639914,0.000000,-29.529827,1.000000,0.112447,0.000001976,
2167100,29.639914,25.000000,4.639914,0.000000,-29.529827,1.000000,0.112403,0.000001978,
2167200,29.444958,25.000000,4.444958,0.000000,-29.529827,1.000000,0.112426,0.000001957,
2167300,29.444958,24.750000,4.694958,0.000000,-29.444958,1.000000,0.112364,0.000001983,
2167400,29.444958,24.750000,4.694958,0.000000,-29.444958,1.000000,0.112296,0.000001961,
2167500,29.472479,24.750000,4.722479,0.000000,-29.444958,1.000000,0.112284,0.000001963,
2167600,29.472479,25.000000,4.472479,0.000000,-29.444958,1.000000,0.112223,0.000001954,
2167700,29.472479,25.000000,4.472479,0.000000,-29.472479,1.000000,0.112182,0.000001965,
2167800,29.236240,25.000000,4.236240,0.000000,-29.472479,1.000000,0.112159,0.000001976,
2167900,29.236240,25.000000,4.236240,0.000000,-29.472479,1.000000,0.112128,0.000001988,
2168000,29.236240,25.000000,4.236240,0.000000,-29.472479,1.000000,0.112042,0.000001956,
2168100,29.368120,25.000000,4.368120,0.000000,-29.236240,1.000000,0.112045,0.000001956,
2168200,29.368120,25.000000,4.368120,0.000000,-29.236240,1.000000,0.112023,0.000001990,
2168300,29.368120,25.000000,4.368120,0.000000,-29.236240,1.000000,0.111979,0.000001962,
2168400,29.434059,25.000000,4.434059,0.000000,-29.236240,1.000000,0.111907,0.000001981,
2168500,29.434059,25.250000,4.184059,0.000000,-29.434059,1.000000,0.111905,0.000001995,
2168600,29.434059,25.250000,4.184059,0.000000,-29.434059,1.000000,0.111852,0.000001994,
2168700,29.467030,25.250000,4.217030,0.000000,-29.434059,1.000000,0.111753,0.000001978,
2168800,29.467030,24.750000,4.717030,0.000000,-29.434059,1.000000,0.111672,0.000001987,
2168900,29.467030,24.750000,4.717030,0.000000,-29.467030,1.000000,0.111648,0.000001975,
2169000,29.483515,24.750000,4.733515,0.000000,-29.467030,1.000000,0.111664,0.000001964,
2169100,29.483515,25.000000,4.483515,0.000000,-29.467030,1.000000,0.111626,0.000001965,
2169200,29.483515,25.000000,4.483515,0.000000,-29.467030,1.000000,0.111521,0.000001943,
2169300,29.241756,25.000000,4.241756,0.000000,-29.483515,1.000000,0.111449,0.000001933,
2169400,29.241756,24.750000,4.491756,0.000000,-29.483515,1.000000,0.111447,0.000001951,
2169500,29.241756,24.750000,4.491756,0.000000,-29.483515,1.000000,0.111391,0.000001959,
2169600,29.245878,24.750000,4.495878,0.000000,-29.483515,1.000000,0.111339,0.000001959,
2169700,29.245878,24.750000,4.495878,0.000000,-29.245878,1.000000,0.111303,0.000001950,
2169800,29.245878,24.750000,4.495878,0.000000,-29.245878,1.000000,0.111309,0.000001957,
2169900,29.122940,24.750000,4.372940,0.000000,-29.245878,1.000000,0.111253,0.000001950,
2170000,29.122940,24.750000,4.372940,0.000000,-29.245878,1.000000,0.111189,0.000001964,
2170100,29.122940,24.750000,4.372940,0.000000,-29.122940,1.000000,0.111157,0.000001949,
2170200,28.936470,24.750000,4.186470,0.000000,-29.122940,1.000000,0.111123,0.000001930,
2170300,28.936470,24.750000,4.186470,0.000000,-29.122940,1.000000,0.111097,0.000001934,
2170400,28.936470,24.750000,4.186470,0.000000,-29.122940,1.000000,0.111044,0.000001904,
2170500,29.218235,24.750000,4.468235,0.000000,-28.936470,1.000000,0.111015,0.000001918,
2170600,29.218235,24.500000,4.718235,0.000000,-28.936470,1.000000,0.110996,0.000001947,
2170700,29.218235,24.500000,4.718235,0.000000,-28.936470,1.000000,0.110937,0.000001962,
2170800,29.359118,24.500000,4.859118,0.000000,-28.936470,1.000000,0.110869,0.000001962,
2170900,29.359118,24.250000,5.109118,0.000000,-29.359118,1.000000,0.110844,0.000001981,
2171000,29.359118,24.250000,5.109118,0.000000,-29.359118,1.000000,0.110792,0.000001930,
2171100,29.429558,24.250000,5.179558,0.000000,-29.359118,1.000000,0.110821,0.000001956,
2171200,29.429558,24.750000,4.679558,0.000000,-29.359118,1.000000,0.110846,0.000001934,
2171300,29.429558,24.750000,4.679558,0.000000,-29.429558,1.000000,0.110812,0.000001973,
2171400,29.339779,24.750000,4.589779,0.000000,-29.429558,1.000000,0.110766,0.000001975,
2171500,29.339779,24.250000,5.089779,0.000000,-29.429558,1.000000,0.110744,0.000001949,
2171600,29.339779,24.250000,5.089779,0.000000,-29.429558,1.000000,0.110715,0.000001954,
2171700,29.419889,24.250000,5.169889,0.000000,-29.339779,1.000000,0.110626,0.000001965,
2171800,29.419889,24.750000,4.669889,0.000000,-29.339779,1.000000,0.110564,0.000001986,
2171900,29.419889,24.750000,4.669889,0.000000,-29.339779,1.000000,0.110503,0.000002017,
2172000,29.334946,24.750000,4.584946,0.000000,-29.339779,1.000000,0.110474,0.000002010,
2172100,29.334946,24.750000,4.584946,0.000000,-29.334946,1.000000,0.110444,0.000001995,
2172200,29.334946,24.750000,4.584946,0.000000,-29.334946,1.000000,0.110400,0.000002000,
2172300,29.167473,24.750000,4.417473,0.000000,-29.334946,1.000000,0.110342,0.000001977,
2172400,29.167473,24.250000,4.917473,0.000000,-29.334946,1.000000,0.110270,0.000001949,
2172500,29.167473,24.250000,4.917473,0.000000,-29.167473,1.000000,0.110231,0.000001907,
2172600,29.333736,24.250000,5.083736,0.000000,-29.167473,1.000000,0.110147,0.000001909,
2172700,29.333736,24.750000,4.583736,0.000000,-29.167473,1.000000,0.110139,0.000001924,
2172800,29.333736,24.750000,4.583736,0.000000,-29.167473,1.000000,0.110088,0.000001910,
2172900,29.166868,24.750000,4.416868,0.000000,-29.333736,1.000000,0.110078,0.000001900,
2173000,29.166868,24.750000,4.416868,0.000000,-29.333736,1.000000,0.110018,0.000001937,
2173100,29.166868,24.750000,4.416868,0.000000,-29.333736,1.000000,0.109978,0.000001916,
2173200,29.083435,24.750000,4.333435,0.000000,-29.333736,1.000000,0.109977,0.000001922,
2173300,29.083435,25.000000,4.083435,0.000000,-29.083435,1.000000,0.109921,0.000001960,
2173400,29.083435,25.000000,4.083435,0.000000,-29.083435,1.000000,0.109912,0.000001936,
2173500,29.291718,25.000000,4.291718,0.000000,-29.083435,1.000000,0.109879,0.000001919,
2173600,29.291718,25.000000,4.291718,0.000000,-29.083435,1.000000,0.109824,0.000001948,
2173700,29.291718,25.000000,4.291718,0.000000,-29.291718,1.000000,0.109769,0.000001937,
2173800,29.395859,25.000000,4.395859,0.000000,-29.291718,1.000000,0.109739,0.000001927,
2173900,29.395859,24.750000,4.645859,0.000000,-29.291718,1.000000,0.109701,0.000001948,
2174000,29.395859,24.750000,4.645859,0.000000,-29.291718,1.000000,0.109635,0.000001960,
2174100,29.322929,24.750000,4.572929,0.000000,-29.395859,1.000000,0.109603,0.000001951,
2174200,29.322929,24.750000,4.572929,0.000000,-29.395859,1.000000,0.109525,0.000001936,
2174300,29.322929,24.750000,4.572929,0.000000,-29.395859,1.000000,0.109468,0.000001960,
2174400,29.286465,24.750000,4.536465,0.000000,-29.395859,1.000000,0.109437,0.000001969,
2174500,29.286465,25.000000,4.286465,0.000000,-29.286465,1.000000,0.109399,0.000001967,
2174600,29.286465,25.000000,4.286465,0.000000,-29.286465,1.000000,0.109388,0.000001947,
2174700,29.143232,25.000000,4.143232,0.000000,-29.286465,1.000000,0.109346,0.000001950,
2174800,29.143232,24.500000,4.643232,0.000000,-29.286465,1.000000,0.109300,0.000001953,
2174900,29.143232,24.500000,4.643232,0.000000,-29.143232,1.000000,0.109287,0.000001975,
2175000,29.071617,24.500000,4.571617,0.000000,-29.143232,1.000000,0.109238,0.000001967,
2175100,29.071617,25.000000,4.071617,0.000000,-29.143232,1.000000,0.109197,0.000001969,
2175200,29.071617,25.000000,4.071617,0.000000,-29.143232,1.000000,0.109129,0.000001980,
2175300,29.160809,25.000000,4.160809,0.000000,-29.071617,1.000000,0.109100,0.000001967,
2175400,29.160809,25.000000,4.160809,0.000000,-29.071617,1.000000,0.109037,0.000001979,
2175500,29.160809,25.000000,4.160809,0.000000,-29.071617,1.000000,0.109008,0.000001965,
2175600,29.455404,25.000000,4.455404,0.000000,-29.071617,1.000000,0.108986,0.000001961,
2175700,29.455404,25.000000,4.455404,0.000000,-29.455404,1.000000,0.108937,0.000001969,
2175800,29.455404,25.000000,4.455404,0.000000,-29.455404,1.000000,0.108864,0.000001962,
2175900,29.352703,25.000000,4.352703,0.000000,-29.455404,1.000000,0.108846,0.000001963,
2176000,29.301352,25.000000,4.301352,0.000000,-29.455404,1.000000,0.108778,0.000001955,
2176100,29.301352,24.250000,5.051352,0.000000,-29.301352,1.000000,0.108751,0.000001957,
2176200,29.301352,24.250000,5.051352,0.000000,-29.301352,1.000000,0.108701,0.000001939,
2176300,29.275677,24.250000,5.025677,0.000000,-29.301352,1.000000,0.108731,0.000001943,
2176400,29.275677,24.750000,4.525677,0.000000,-29.301352,1.000000,0.108696,0.000001931,
2176500,29.275677,24.750000,4.525677,0.000000,-29.275677,1.000000,0.108699,0.000001918,
2176600,29.262838,24.750000,4.512838,0.000000,-29.275677,1.000000,0.108651,0.000001952,
2176700,29.262838,24.750000,4.512838,0.000000,-29.275677,1.000000,0.108584,0.000001931,
2176800,29.262838,24.750000,4.512838,0.000000,-29.275677,1.000000,0.108503,0.000001912,
2176900,29.381420,24.750000,4.631420,0.000000,-29.262838,1.000000,0.108478,0.000001924,
2177000,29.381420,25.000000,4.381420,0.000000,-29.262838,1.000000,0.108398,0.000001892,
2177100,29.381420,25.000000,4.381420,0.000000,-29.262838,1.000000,0.108424,0.000001909,
2177200,29.315710,25.000000,4.315710,0.000000,-29.262838,1.000000,0.108446,0.000001933,
2177300,29.315710,25.000000,4.315710,0.000000,-29.315710,1.000000,0.108401,0.000001938,
2177400,29.315710,25.000000,4.315710,0.000000,-29.315710,1.000000,0.108404,0.000001930,
2177500,29.282856,25.000000,4.282856,0.000000,-29.315710,1.000000,0.108371,0.000001921,
2177600,29.282856,25.000000,4.282856,0.000000,-29.315710,1.000000,0.108317,0.000001925,
2177700,29.282856,25.000000,4.282856,0.000000,-29.282856,1.000000,0.108265,0.000001960,
2177800,29.141428,25.000000,4.141428,0.000000,-29.282856,1.000000,0.108194,0.000001952,
2177900,29.141428,25.000000,4.141428,0.000000,-29.282856,1.000000,0.108161,0.000001942,
2178000,29.141428,25.000000,4.141428,0.000000,-29.282856,1.000000,0.108110,0.000001961,
2178100,29.195713,25.000000,4.195713,0.000000,-29.141428,1.000000,0.108078,0.000001966,
2178200,29.195713,24.750000,4.445713,0.000000,-29.141428,1.000000,0.108002,0.000001978,
2178300,29.195713,24.750000,4.445713,0.000000,-29.141428,1.000000,0.107924,0.000001994,
2178400,29.097857,24.750000,4.347857,0.000000,-29.141428,1.000000,0.107880,0.000001991,
2178500,29.097857,24.750000,4.347857,0.000000,-29.097857,1.000000,0.107937,0.000001993,
2178600,29.097857,24.750000,4.347857,0.000000,-29.097857,1.000000,0.107903,0.000001975,
2178700,29.173927,24.750000,4.423927,0.000000,-29.097857,1.000000,0.107845,0.000001975,
2178800,29.173927,24.750000,4.423927,0.000000,-29.097857,1.000000,0.107816,0.000001956,
2178900,29.173927,24.750000,4.423927,0.000000,-29.173927,1.000000,0.107773,0.000001946,
2179000,29.211964,24.750000,4.461964,0.000000,-29.173927,1.000000,0.107727,0.000001957,
2179100,29.211964,25.250000,3.961964,0.000000,-29.173927,1.000000,0.107687,0.000001970,
2179200,29.211964,25.250000,3.961964,0.000000,-29.173927,1.000000,0.107647,0.000001947,
2179300,29.230982,25.250000,3.980982,0.000000,-29.211964,1.000000,0.107565,0.000001984,
2179400,29.230982,25.000000,4.230982,0.000000,-29.211964,1.000000,0.107472,0.000001969,
2179500,29.230982,25.000000,4.230982,0.000000,-29.211964,1.000000,0.107466,0.000001949,
2179600,29.115490,25.000000,4.115490,0.000000,-29.211964,1.000000,0.107412,0.000001931,
2179700,29.115490,24.750000,4.365490,0.000000,-29.115490,1.000000,0.107397,0.000001905,
2179800,29.115490,24.750000,4.365490,0.000000,-29.115490,1.000000,0.107353,0.000001905,
2179900,29.182745,24.750000,4.432745,0.000000,-29.115490,1.000000,0.107277,0.000001900,
2180000,29.182745,24.750000,4.432745,0.000000,-29.115490,1.000000,0.107182,0.000001893,
2180100,29.182745,24.750000,4.432745,0.000000,-29.182745,1.000000,0.107123,0.000001897,
2180200,29.216373,24.750000,4.466373,0.000000,-29.182745,1.000000,0.107134,0.000001893,
2180300,29.216373,25.000000,4.216373,0.000000,-29.182745,1.000000,0.107068,0.000001919,
2180400,29.216373,25.000000,4.216373,0.000000,-29.182745,1.000000,0.106998,0.000001920,
2180500,28.608187,25.000000,3.608187,0.000000,-29.216373,1.000000,0.106907,0.000001898,
2180600,28.608187,24.750000,3.858187,0.000000,-29.216373,1.000000,0.106840,0.000001881,
2180700,28.608187,24.750000,3.858187,0.000000,-29.216373,1.000000,0.106777,0.000001888,
2180800,28.804092,24.750000,4.054092,0.000000,-29.216373,1.000000,0.106745,0.000001897,
2180900,28.804092,24.750000,4.054092,0.000000,-28.804092,1.000000,0.106726,0.000001906,
2181000,28.804092,24.750000,4.054092,0.000000,-28.804092,1.000000,0.106681,0.000001912,
2181100,29.027046,24.750000,4.277046,0.000000,-28.804092,1.000000,0.106683,0.000001916,
2181200,29.027046,24.750000,4.277046,0.000000,-28.804092,1.000000,0.106587,0.000001915,
2181300,29.027046,24.750000,4.277046,0.000000,-29.027046,1.000000,0.106546,0.000001905,
2181400,29.263523,24.750000,4.513523,0.000000,-29.027046,1.000000,0.106471,0.000001914,
2181500,29.263523,25.000000,4.263523,0.000000,-29.027046,1.000000,0.106412,0.000001892,
2181600,29.263523,25.000000,4.263523,0.000000,-29.027046,1.000000,0.106318,0.000001922,
2181700,29.256762,25.000000,4.256762,0.000000,-29.263523,1.000000,0.106314,0.000001900,
2181800,29.256762,25.250000,4.006762,0.000000,-29.263523,1.000000,0.106326,0.000001894,
2181900,29.256762,25.250000,4.006762,0.000000,-29.263523,1.000000,0.106273,0.000001897,
2182000,29.003380,25.250000,3.753380,0.000000,-29.263523,1.000000,0.106246,0.000001916,
2182100,29.003380,24.750000,4.253380,0.000000,-29.003380,1.000000,0.106177,0.000001910,
2182200,29.003380,24.750000,4.253380,0.000000,-29.003380,1.000000,0.106113,0.000001926,
2182300,28.876690,24.750000,4.126690,0.000000,-29.003380,1.000000,0.106068,0.000001938,
2182400,28.876690,25.000000,3.876690,0.000000,-29.003380,1.000000,0.106087,0.000001964,
2182500,28.876690,25.000000,3.876690,0.000000,-28.876690,1.000000,0.106040,0.000001949,
2182600,29.063345,25.000000,4.063345,0.000000,-28.876690,1.000000,0.105987,0.000001962,
2182700,29.063345,24.750000,4.313345,0.000000,-28.876690,1.000000,0.105944,0.000001951,
2182800,29.063345,24.750000,4.313345,0.000000,-28.876690,1.000000,0.105908,0.000001948,
2182900,29.281673,24.750000,4.531673,0.000000,-29.063345,1.000000,0.105836,0.000001942,
2183000,29.281673,24.750000,4.531673,0.000000,-29.063345,1.000000,0.105794,0.000001926,
2183100,29.281673,24.750000,4.531673,0.000000,-29.063345,1.000000,0.105744,0.000001935,
2183200,29.265837,24.750000,4.515837,0.000000,-29.063345,1.000000,0.105677,0.000001967,
2183300,29.265837,24.750000,4.515837,0.000000,-29.265837,1.000000,0.105647,0.000001951,
2183400,29.265837,24.750000,4.515837,0.000000,-29.265837,1.000000,0.105570,0.000001956,
2183500,29.132919,24.750000,4.382919,0.000000,-29.265837,1.000000,0.105521,0.000001957,
2183600,29.132919,25.000000,4.132919,0.000000,-29.265837,1.000000,0.105497,0.000001944,
2183700,29.132919,25.000000,4.132919,0.000000,-29.132919,1.000000,0.105445,0.000001949,
2183800,29.191460,25.000000,4.191460,0.000000,-29.132919,1.000000,0.105404,0.000001956,
2183900,29.191460,24.750000,4.441460,0.000000,-29.132919,1.000000,0.105361,0.000001953,
2184000,29.191460,24.750000,4.441460,0.000000,-29.132919,1.000000,0.105344,0.000001932,
2184100,29.220730,24.750000,4.470730,0.000000,-29.191460,1.000000,0.105304,0.000001946,
2184200,29.220730,24.750000,4.470730,0.000000,-29.191460,1.000000,0.105275,0.000001921,
2184300,29.220730,24.750000,4.470730,0.000000,-29.191460,1.000000,0.105206,0.000001911,
2184400,28.985365,24.750000,4.235365,0.000000,-29.191460,1.000000,0.105165,0.000001923,
2184500,28.985365,24.750000,4.235365,0.000000,-28.985365,1.000000,0.105098,0.000001921,
2184600,28.985365,24.750000,4.235365,0.000000,-28.985365,1.000000,0.105032,0.000001916,
2184700,29.117683,24.750000,4.367683,0.000000,-28.985365,1.000000,0.105010,0.000001902,
2184800,29.117683,24.500000,4.617683,0.000000,-28.985365,1.000000,0.105005,0.000001942,
2184900,29.117683,24.500000,4.617683,0.000000,-29.117683,1.000000,0.104965,0.000001911,
2185000,29.058842,24.500000,4.558842,0.000000,-29.117683,1.000000,0.104947,0.000001916,
2185100,29.058842,25.250000,3.808842,0.000000,-29.117683,1.000000,0.104926,0.000001947,
2185200,29.058842,25.250000,3.808842,0.000000,-29.117683,1.000000,0.104869,0.000001945,
2185300,29.029421,25.250000,3.779421,0.000000,-29.058842,1.000000,0.104819,0.000001945,
2185400,29.029421,25.000000,4.029421,0.000000,-29.058842,1.000000,0.104782,0.000001968,
2185500,29.029421,25.000000,4.029421,0.000000,-29.058842,1.000000,0.104752,0.000001957,
2185600,29.139709,25.000000,4.139709,0.000000,-29.058842,1.000000,0.104662,0.000001965,
2185700,29.139709,24.250000,4.889709,0.000000,-29.139709,1.000000,0.104622,0.000001959,
2185800,29.139709,24.250000,4.889709,0.000000,-29.139709,1.000000,0.104595,0.000001956,
2185900,29.069855,24.250000,4.819855,0.000000,-29.139709,1.000000,0.104510,0.000001942,
2186000,29.069855,25.000000,4.069855,0.000000,-29.139709,1.000000,0.104443,0.000001931,
2186100,29.069855,25.000000,4.069855,0.000000,-29.069855,1.000000,0.104406,0.000001957,
2186200,28.909927,25.000000,3.909927,0.000000,-29.069855,1.000000,0.104346,0.000001941,
2186300,28.909927,25.000000,3.909927,0.000000,-29.069855,1.000000,0.104346,0.000001966,
2186400,28.909927,25.000000,3.909927,0.000000,-29.069855,1.000000,0.104277,0.000001974,
2186500,29.079964,25.000000,4.079964,0.000000,-28.909927,1.000000,0.104266,0.000001997,
2186600,29.079964,25.000000,4.079964,0.000000,-28.909927,1.000000,0.104192,0.000001979,
2186700,29.079964,25.000000,4.079964,0.000000,-28.909927,1.000000,0.104130,0.000001970,
2186800,28.914982,25.000000,3.914982,0.000000,-28.909927,1.000000,0.104052,0.000001960,
2186900,28.914982,24.750000,4.164982,0.000000,-28.914982,1.000000,0.103971,0.000001911,
2187000,28.914982,24.750000,4.164982,0.000000,-28.914982,1.000000,0.103979,0.000001891,
2187100,29.082491,24.750000,4.332491,0.000000,-28.914982,1.000000,0.103909,0.000001926,
2187200,29.082491,24.750000,4.332491,0.000000,-28.914982,1.000000,0.103875,0.000001919,
2187300,29.082491,24.750000,4.332491,0.000000,-29.082491,1.000000,0.103836,0.000001932,
2187400,29.166245,24.750000,4.416245,0.000000,-29.082491,1.000000,0.103774,0.000001928,
2187500,29.166245,24.750000,4.416245,0.000000,-29.082491,1.000000,0.103772,0.000001943,
2187600,29.166245,24.750000,4.416245,0.000000,-29.082491,1.000000,0.103715,0.000001948,
2187700,29.083122,24.750000,4.333122,0.000000,-29.166245,1.000000,0.103602,0.000001945,
2187800,29.083122,24.750000,4.333122,0.000000,-29.166245,1.000000,0.103522,0.000001930,
2187900,29.083122,24.750000,4.333122,0.000000,-29.166245,1.000000,0.103496,0.000001929,
2188000,29.166561,24.750000,4.416561,0.000000,-29.166245,1.000000,0.103452,0.000001942,
2188100,29.166561,24.250000,4.916561,0.000000,-29.166561,1.000000,0.103401,0.000001934,
2188200,29.166561,24.250000,4.916561,0.000000,-29.166561,1.000000,0.103383,0.000001915,
2188300,28.958281,24.250000,4.708281,0.000000,-29.166561,1.000000,0.103317,0.000001938,
2188400,28.958281,24.750000,4.208281,0.000000,-29.166561,1.000000,0.103304,0.000001934,
2188500,28.958281,24.750000,4.208281,0.000000,-28.958281,1.000000,0.103270,0.000001924,
2188600,28.854141,24.750000,4.104141,0.000000,-28.958281,1.000000,0.103196,0.000001927,
2188700,28.854141,24.500000,4.354141,0.000000,-28.958281,1.000000,0.103120,0.000001906,
2188800,28.854141,24.500000,4.354141,0.000000,-28.958281,1.000000,0.103093,0.000001944,
2188900,29.052071,24.500000,4.552071,0.000000,-28.854141,1.000000,0.103034,0.000001952,
2189000,29.052071,24.500000,4.552071,0.000000,-28.854141,1.000000,0.102984,0.000001933,
2189100,29.052071,24.500000,4.552071,0.000000,-28.854141,1.000000,0.102941,0.000001943,
2189200,29.026035,24.500000,4.526035,0.000000,-28.854141,1.000000,0.102863,0.000001916,
2189300,29.026035,25.000000,4.026035,0.000000,-29.026035,1.000000,0.102807,0.000001936,
2189400,29.026035,25.000000,4.026035,0.000000,-29.026035,1.000000,0.102778,0.000001940,
2189500,29.138018,25.000000,4.138018,0.000000,-29.026035,1.000000,0.102778,0.000001940,
2189600,29.138018,24.500000,4.638018,0.000000,-29.026035,1.000000,0.102692,0.000001929,
2189700,29.138018,24.500000,4.638018,0.000000,-29.138018,1.000000,0.102627,0.000001937,
2189800,28.819008,24.500000,4.319008,0.000000,-29.138018,1.000000,0.102577,0.000001972,
2189900,28.819008,25.000000,3.819008,0.000000,-29.138018,1.000000,0.102528,0.000001988,
2190000,28.819008,25.000000,3.819008,0.000000,-29.138018,1.000000,0.102456,0.000001997,
2190100,29.034504,25.000000,4.034504,0.000000,-28.819008,1.000000,0.102457,0.000002010,
2190200,29.034504,24.750000,4.284504,0.000000,-28.819008,1.000000,0.102412,0.000001990,
2190300,29.034504,24.750000,4.284504,0.000000,-28.819008,1.000000,0.102358,0.000002021,
2190400,29.017252,24.750000,4.267252,0.000000,-28.819008,1.000000,0.102283,0.000002021,
2190500,29.017252,24.500000,4.517252,0.000000,-29.017252,1.000000,0.102219,0.000002012,
2190600,29.017252,24.500000,4.517252,0.000000,-29.017252,1.000000,0.102174,0.000001989,
2190700,29.008625,24.500000,4.508625,0.000000,-29.017252,1.000000,0.102133,0.000001970,
2190800,29.008625,25.000000,4.008625,0.000000,-29.017252,1.000000,0.102067,0.000001981,
2190900,29.008625,25.000000,4.008625,0.000000,-29.008625,1.000000,0.102048,0.000001957,
2191000,29.129313,25.000000,4.129313,0.000000,-29.008625,1.000000,0.101980,0.000001967,
2191100,29.129313,24.750000,4.379313,0.000000,-29.008625,1.000000,0.101907,0.000001972,
2191200,29.129313,24.750000,4.379313,0.000000,-29.008625,1.000000,0.101852,0.000002006,
2191300,29.189655,24.750000,4.439655,0.000000,-29.129313,1.000000,0.101820,0.000001989,
2191400,29.189655,25.000000,4.189655,0.000000,-29.129313,1.000000,0.101756,0.000001967,
2191500,29.189655,25.000000,4.189655,0.000000,-29.129313,1.000000,0.101696,0.000001968,
2191600,29.219828,25.000000,4.219828,0.000000,-29.129313,1.000000,0.101694,0.000001965,
2191700,29.219828,25.000000,4.219828,0.000000,-29.219828,1.000000,0.101715,0.000001962,
2191800,29.219828,25.000000,4.219828,0.000000,-29.219828,1.000000,0.101676,0.000001947,
2191900,29.109913,25.000000,4.109913,0.000000,-29.219828,1.000000,0.101613,0.000001934,
2192000,29.109913,25.000000,4.109913,0.000000,-29.219828,1.000000,0.101556,0.000001960,
2192100,29.109913,25.000000,4.109913,0.000000,-29.109913,1.000000,0.101487,0.000001981,
2192200,29.054956,25.000000,4.054956,0.000000,-29.109913,1.000000,0.101437,0.000001995,
2192300,29.054956,24.750000,4.304956,0.000000,-29.109913,1.000000,0.101383,0.000001986,
2192400,29.054956,24.750000,4.304956,0.000000,-29.109913,1.000000,0.101376,0.000001983,
2192500,29.027477,24.750000,4.277477,0.000000,-29.054956,1.000000,0.101317,0.000001979,
2192600,29.027477,25.000000,4.027477,0.000000,-29.054956,1.000000,0.101294,0.000001962,
2192700,29.027477,25.000000,4.027477,0.000000,-29.054956,1.000000,0.101263,0.000001969,
2192800,29.138739,25.000000,4.138739,0.000000,-29.054956,1.000000,0.101169,0.000001994,
2192900,29.138739,25.250000,3.888739,0.000000,-29.138739,1.000000,0.101146,0.000001972,
2193000,29.138739,25.250000,3.888739,0.000000,-29.138739,1.000000,0.101142,0.000001974,
2193100,29.194370,25.250000,3.944370,0.000000,-29.138739,1.000000,0.101043,0.000001938,
2193200,29.194370,24.250000,4.944370,0.000000,-29.138739,1.000000,0.101059,0.000001953,
2193300,29.194370,24.250000,4.944370,0.000000,-29.194370,1.000000,0.101010,0.000001953,
2193400,29.097185,24.250000,4.847185,0.000000,-29.194370,1.000000,0.100968,0.000001952,
2193500,29.097185,24.750000,4.347185,0.000000,-29.194370,1.000000,0.100868,0.000001978,
2193600,29.097185,24.750000,4.347185,0.000000,-29.194370,1.000000,0.100823,0.000001925,
2193700,29.173592,24.750000,4.423592,0.000000,-29.097185,1.000000,0.100739,0.000001959,
2193800,29.173592,24.750000,4.423592,0.000000,-29.097185,1.000000,0.100680,0.000001973,
2193900,29.173592,24.750000,4.423592,0.000000,-29.097185,1.000000,0.100638,0.000001946,
2194000,28.961796,24.750000,4.211796,0.000000,-29.097185,1.000000,0.100620,0.000001950,
2194100,28.961796,24.750000,4.211796,0.000000,-28.961796,1.000000,0.100563,0.000001949,
2194200,28.961796,24.750000,4.211796,0.000000,-28.961796,1.000000,0.100534,0.000001949,
2194300,28.980898,24.750000,4.230898,0.000000,-28.961796,1.000000,0.100493,0.000001955,
2194400,28.980898,25.000000,3.980898,0.000000,-28.961796,1.000000,0.100401,0.000001962,
2194500,28.980898,25.000000,3.980898,0.000000,-28.980898,1.000000,0.100379,0.000001940,
2194600,28.740448,25.000000,3.740448,0.000000,-28.980898,1.000000,0.100336,0.000001959,
2194700,28.740448,25.000000,3.740448,0.000000,-28.980898,1.000000,0.100283,0.000001933,
2194800,28.740448,25.000000,3.740448,0.000000,-28.980898,1.000000,0.100212,0.000001927,
2194900,28.870224,25.000000,3.870224,0.000000,-28.740448,1.000000,0.100219,0.000001929,
2195000,28.870224,24.500000,4.370224,0.000000,-28.740448,1.000000,0.100235,0.000001942,
2195100,28.870224,24.500000,4.370224,0.000000,-28.740448,1.000000,0.100185,0.000001935,
2195200,28.935112,24.500000,4.435112,0.000000,-28.740448,1.000000,0.100162,0.000001931,
2195300,28.935112,25.000000,3.935112,0.000000,-28.935112,1.000000,0.100079,0.000001934,
2195400,28.935112,25.000000,3.935112,0.000000,-28.935112,1.000000,0.100067,0.000001941,
2195500,28.967556,25.000000,3.967556,0.000000,-28.935112,1.000000,0.099990,0.000001926,
2195600,28.967556,25.000000,3.967556,0.000000,-28.935112,1.000000,0.099916,0.000001922,
2195700,28.967556,25.000000,3.967556,0.000000,-28.967556,1.000000,0.099872,0.000001941,
2195800,28.858778,25.000000,3.858778,0.000000,-28.967556,1.000000,0.099785,0.000001955,
2195900,28.858778,25.000000,3.858778,0.000000,-28.967556,1.000000,0.099737,0.000001949,
2196000,28.858778,25.000000,3.858778,0.000000,-28.967556,1.000000,0.099734,0.000001937,
2196100,28.929390,25.000000,3.929390,0.000000,-28.858778,1.000000,0.099668,0.000001976,
2196200,28.929390,25.250000,3.679390,0.000000,-28.858778,1.000000,0.099627,0.000001970,
2196300,28.929390,25.250000,3.679390,0.000000,-28.858778,1.000000,0.099571,0.000001966,
2196400,28.964695,25.250000,3.714695,0.000000,-28.858778,1.000000,0.099543,0.000001970,
2196500,28.964695,25.250000,3.714695,0.000000,-28.964695,1.000000,0.099485,0.000001957,
2196600,28.964695,25.250000,3.714695,0.000000,-28.964695,1.000000,0.099439,0.000001974,
2196700,28.982347,25.250000,3.732347,0.000000,-28.964695,1.000000,0.099450,0.000001977,
2196800,28.982347,25.000000,3.982347,0.000000,-28.964695,1.000000,0.099356,0.000001948,
2196900,28.982347,25.000000,3.982347,0.000000,-28.982347,1.000000,0.099300,0.000001975,
2197000,28.991173,25.000000,3.991173,0.000000,-28.982347,1.000000,0.099302,0.000001997,
2197100,28.991173,24.500000,4.491173,0.000000,-28.982347,1.000000,0.099248,0.000001978,
2197200,28.991173,24.500000,4.491173,0.000000,-28.982347,1.000000,0.099236,0.000001933,
2197300,28.870586,24.500000,4.370586,0.000000,-28.991173,1.000000,0.099217,0.000001946,
2197400,28.870586,25.000000,3.870586,0.000000,-28.991173,1.000000,0.099177,0.000001956,
2197500,28.870586,25.000000,3.870586,0.000000,-28.991173,1.000000,0.099097,0.000001942,
2197600,28.935293,25.000000,3.935293,0.000000,-28.991173,1.000000,0.099050,0.000001941,
2197700,28.935293,25.000000,3.935293,0.000000,-28.935293,1.000000,0.098983,0.000001920,
2197800,28.935293,25.000000,3.935293,0.000000,-28.935293,1.000000,0.098918,0.000001906,
2197900,28.842648,25.000000,3.842648,0.000000,-28.935293,1.000000,0.098833,0.000001900,
2198000,28.842648,24.750000,4.092648,0.000000,-28.935293,1.000000,0.098780,0.000001912,
2198100,28.842648,24.750000,4.092648,0.000000,-28.842648,1.000000,0.098738,0.000001919,
2198200,28.921324,24.750000,4.171324,0.000000,-28.842648,1.000000,0.098734,0.000001932,
2198300,28.921324,25.000000,3.921324,0.000000,-28.842648,1.000000,0.098747,0.000001957,
2198400,28.921324,25.000000,3.921324,0.000000,-28.842648,1.000000,0.098662,0.000001947,
2198500,28.960663,25.000000,3.960663,0.000000,-28.921324,1.000000,0.098598,0.000001984,
2198600,28.960663,25.000000,3.960663,0.000000,-28.921324,1.000000,0.098550,0.000001994,
2198700,28.960663,25.000000,3.960663,0.000000,-28.921324,1.000000,0.098504,0.000001966,
2198800,28.980331,25.000000,3.980331,0.000000,-28.921324,1.000000,0.098456,0.000001943,
2198900,28.980331,25.000000,3.980331,0.000000,-28.980331,1.000000,0.098363,0.000001963,
2199000,28.980331,25.000000,3.980331,0.000000,-28.980331,1.000000,0.098329,0.000001940,
2199100,28.990166,25.000000,3.990166,0.000000,-28.980331,1.000000,0.098289,0.000001958,
2199200,28.990166,24.750000,4.240166,0.000000,-28.980331,1.000000,0.098219,0.000001953,
2199300,28.990166,24.750000,4.240166,0.000000,-28.990166,1.000000,0.098102,0.000001973,
2199400,28.870083,24.750000,4.120083,0.000000,-28.990166,1.000000,0.098047,0.000001973,
2199500,28.870083,24.750000,4.120083,0.000000,-28.990166,1.000000,0.098044,0.000001963,
2199600,28.870083,24.750000,4.120083,0.000000,-28.990166,1.000000,0.097996,0.000001969,
2199700,28.810041,24.750000,4.060041,0.000000,-28.870083,1.000000,0.097981,0.000001955,
2199800,28.810041,25.000000,3.810041,0.000000,-28.870083,1.000000,0.097899,0.000001971,
2199900,28.810041,25.000000,3.810041,0.000000,-28.870083,1.000000,0.097887,0.000001972,
2200000,28.905022,25.000000,3.905022,0.000000,-28.870083,1.000000,0.097875,0.000001971,
2200100,28.905022,24.750000,4.155022,0.000000,-28.905022,1.000000,0.097880,0.000001940,
2200200,28.905022,24.750000,4.155022,0.000000,-28.905022,1.000000,0.097870,0.000001947,
2200300,28.827511,24.750000,4.077511,0.000000,-28.905022,1.000000,0.097857,0.000001926,
2200400,28.827511,24.750000,4.077511,0.000000,-28.905022,1.000000,0.097812,0.000001938,
2200500,28.827511,24.750000,4.077511,0.000000,-28.827511,1.000000,0.097766,0.000001969,
2200600,28.788755,24.750000,4.038755,0.000000,-28.827511,1.000000,0.097708,0.000001975,
2200700,28.788755,25.000000,3.788755,0.000000,-28.827511,1.000000,0.097682,0.000002003,
2200800,28.788755,25.000000,3.788755,0.000000,-28.827511,1.000000,0.097631,0.000002009,
2200900,28.769379,25.000000,3.769379,0.000000,-28.788755,1.000000,0.097565,0.000001998,
2201000,28.769379,25.000000,3.769379,0.000000,-28.788755,1.000000,0.097501,0.000001996,
2201100,28.769379,25.000000,3.769379,0.000000,-28.788755,1.000000,0.097475,0.000001965,
2201200,28.634689,25.000000,3.634689,0.000000,-28.788755,1.000000,0.097433,0.000001947,
2201300,28.634689,24.750000,3.884689,0.000000,-28.634689,1.000000,0.097392,0.000001945,
2201400,28.634689,24.750000,3.884689,0.000000,-28.634689,1.000000,0.097335,0.000001937,
2201500,28.567345,24.750000,3.817345,0.000000,-28.634689,1.000000,0.097247,0.000001942,
2201600,28.533672,24.750000,3.783672,0.000000,-28.634689,1.000000,0.097185,0.000001940,
2201700,28.533672,24.750000,3.783672,0.000000,-28.533672,1.000000,0.097138,0.000001931,
2201800,28.533672,24.750000,3.783672,0.000000,-28.533672,1.000000,0.097149,0.000001915,
2201900,28.516836,24.750000,3.766836,0.000000,-28.533672,1.000000,0.097116,0.000001893,
2202000,28.516836,24.750000,3.766836,0.000000,-28.533672,1.000000,0.097025,0.000001933,
2202100,28.516836,24.750000,3.766836,0.000000,-28.516836,1.000000,0.096960,0.000001918,
2202200,28.508419,24.750000,3.758419,0.000000,-28.516836,1.000000,0.096952,0.000001915,
2202300,28.508419,25.000000,3.508419,0.000000,-28.516836,1.000000,0.096856,0.000001886,
2202400,28.508419,25.000000,3.508419,0.000000,-28.516836,1.000000,0.096817,0.000001862,
2202500,28.254210,25.000000,3.254210,0.000000,-28.508419,1.000000,0.096793,0.000001893,
2202600,28.254210,24.750000,3.504210,0.000000,-28.508419,1.000000,0.096724,0.000001909,
2202700,28.254210,24.750000,3.504210,0.000000,-28.508419,1.000000,0.096704,0.000001957,
2202800,28.502106,24.750000,3.752106,0.000000,-28.508419,1.000000,0.096657,0.000001935,
2202900,28.502106,25.000000,3.502106,0.000000,-28.502106,1.000000,0.096614,0.000001944,
2203000,28.502106,25.000000,3.502106,0.000000,-28.502106,1.000000,0.096587,0.000001954,
2203100,28.501053,25.000000,3.501053,0.000000,-28.502106,1.000000,0.096526,0.000001970,
2203200,28.501053,25.000000,3.501053,0.000000,-28.502106,1.000000,0.096491,0.000001955,
2203300,28.501053,25.000000,3.501053,0.000000,-28.501053,1.000000,0.096445,0.000001986,
2203400,28.750526,25.000000,3.750526,0.000000,-28.501053,1.000000,0.096414,0.000001997,
2203500,28.750526,24.500000,4.250526,0.000000,-28.501053,1.000000,0.096399,0.000002002,
2203600,28.750526,24.500000,4.250526,0.000000,-28.501053,1.000000,0.096391,0.000001993,
2203700,28.875263,24.500000,4.375263,0.000000,-28.750526,1.000000,0.096336,0.000001986,
2203800,28.875263,25.000000,3.875263,0.000000,-28.750526,1.000000,0.096282,0.000002000,
2203900,28.875263,25.000000,3.875263,0.000000,-28.750526,1.000000,0.096229,0.000002003,
2204000,28.687632,25.000000,3.687632,0.000000,-28.750526,1.000000,0.096213,0.000001982,
2204100,28.687632,24.750000,3.937632,0.000000,-28.687632,1.000000,0.096149,0.000001988,
2204200,28.687632,24.750000,3.937632,0.000000,-28.687632,1.000000,0.096089,0.000001974,
2204300,28.718815,24.750000,3.968815,0.000000,-28.687632,1.000000,0.096040,0.000001969,
2204400,28.718815,25.000000,3.718815,0.000000,-28.687632,1.000000,0.095992,0.000001958,
2204500,28.718815,25.000000,3.718815,0.000000,-28.718815,1.000000,0.095937,0.000001980,
2204600,28.984407,25.000000,3.984407,0.000000,-28.718815,1.000000,0.095919,0.000001962,
2204700,28.984407,24.500000,4.484407,0.000000,-28.718815,1.000000,0.095852,0.000001957,
2204800,28.984407,24.500000,4.484407,0.000000,-28.718815,1.000000,0.095821,0.000001967,
2204900,28.492203,24.500000,3.992203,0.000000,-28.984407,1.000000,0.095788,0.000001961,
2205000,28.492203,24.750000,3.742203,0.000000,-28.984407,1.000000,0.095762,0.000001929,
2205100,28.492203,24.750000,3.742203,0.000000,-28.984407,1.000000,0.095734,0.000001916,
2205200,28.746101,24.750000,3.996101,0.000000,-28.984407,1.000000,0.095687,0.000001956,
2205300,28.746101,24.500000,4.246101,0.000000,-28.746101,1.000000,0.095608,0.000001936,
2205400,28.746101,24.500000,4.246101,0.000000,-28.746101,1.000000,0.095570,0.000001957,
2205500,28.873051,24.500000,4.373051,0.000000,-28.746101,1.000000,0.095553,0.000001978,
2205600,28.873051,25.000000,3.873051,0.000000,-28.746101,1.000000,0.095512,0.000001981,
2205700,28.873051,25.000000,3.873051,0.000000,-28.873051,1.000000,0.095507,0.000001993,
2205800,28.686525,25.000000,3.686525,0.000000,-28.873051,1.000000,0.095487,0.000001997,
2205900,28.686525,25.000000,3.686525,0.000000,-28.873051,1.000000,0.095457,0.000001991,
2206000,28.686525,25.000000,3.686525,0.000000,-28.873051,1.000000,0.095414,0.000002000,
2206100,28.593262,25.000000,3.593262,0.000000,-28.686525,1.000000,0.095376,0.000001994,
2206200,28.593262,24.500000,4.093262,0.000000,-28.686525,1.000000,0.095322,0.000001984,
2206300,28.593262,24.500000,4.093262,0.000000,-28.686525,1.000000,0.095299,0.000001979,
2206400,28.546631,24.500000,4.046631,0.000000,-28.686525,1.000000,0.095294,0.000002000,
2206500,28.546631,25.250000,3.296631,0.000000,-28.546631,1.000000,0.095263,0.000002005,
2206600,28.546631,25.250000,3.296631,0.000000,-28.546631,1.000000,0.095259,0.000001990,
2206700,28.773315,25.250000,3.523315,0.000000,-28.546631,1.000000,0.095235,0.000001979,
2206800,28.773315,24.500000,4.273315,0.000000,-28.546631,1.000000,0.095267,0.000001970,
2206900,28.773315,24.500000,4.273315,0.000000,-28.773315,1.000000,0.095194,0.000001980,
2207000,28.886658,24.500000,4.386658,0.000000,-28.773315,1.000000,0.095111,0.000001952,
2207100,28.886658,24.500000,4.386658,0.000000,-28.773315,1.000000,0.095073,0.000001954,
2207200,28.886658,24.500000,4.386658,0.000000,-28.773315,1.000000,0.095033,0.000001950,
2207300,28.443329,24.500000,3.943329,0.000000,-28.886658,1.000000,0.094979,0.000001962,
2207400,28.443329,25.000000,3.443329,0.000000,-28.886658,1.000000,0.094928,0.000001981,
2207500,28.443329,25.000000,3.443329,0.000000,-28.886658,1.000000,0.094837,0.000001984,
2207600,28.721664,25.000000,3.721664,0.000000,-28.886658,1.000000,0.094820,0.000001959,
2207700,28.721664,24.750000,3.971664,0.000000,-28.721664,1.000000,0.094822,0.000001953,
2207800,28.721664,24.750000,3.971664,0.000000,-28.721664,1.000000,0.094788,0.000001944,
2207900,28.860832,24.750000,4.110832,0.000000,-28.721664,1.000000,0.094734,0.000001926,
2208000,28.860832,24.500000,4.360832,0.000000,-28.721664,1.000000,0.094719,0.000001930,
2208100,28.860832,24.500000,4.360832,0.000000,-28.860832,1.000000,0.094700,0.000001930,
2208200,28.930416,24.500000,4.430416,0.000000,-28.860832,1.000000,0.094685,0.000001945,
2208300,28.930416,24.500000,4.430416,0.000000,-28.860832,1.000000,0.094648,0.000001948,
2208400,28.930416,24.500000,4.430416,0.000000,-28.860832,1.000000,0.094638,0.000001937,
2208500,28.965208,24.500000,4.465208,0.000000,-28.930416,1.000000,0.094603,0.000001942,
2208600,28.965208,24.500000,4.465208,0.000000,-28.930416,1.000000,0.094574,0.000001933,
2208700,28.965208,24.500000,4.465208,0.000000,-28.930416,1.000000,0.094585,0.000001962,
2208800,28.607605,24.500000,4.107605,0.000000,-28.930416,1.000000,0.094510,0.000001966,
2208900,28.607605,24.750000,3.857605,0.000000,-28.607605,1.000000,0.094473,0.000001957,
2209000,28.607605,24.750000,3.857605,0.000000,-28.607605,1.000000,0.094449,0.000001964,
2209100,28.803802,24.750000,4.053802,0.000000,-28.607605,1.000000,0.094371,0.000001947,
2209200,28.803802,24.500000,4.303802,0.000000,-28.607605,1.000000,0.094314,0.000001977,
2209300,28.803802,24.500000,4.303802,0.000000,-28.803802,1.000000,0.094289,0.000001987,
2209400,28.901901,24.500000,4.401901,0.000000,-28.803802,1.000000,0.094238,0.000001987,
2209500,28.901901,24.500000,4.401901,0.000000,-28.803802,1.000000,0.094117,0.000001974,
2209600,28.901901,24.500000,4.401901,0.000000,-28.803802,1.000000,0.094102,0.000001979,
2209700,28.950951,24.500000,4.450951,0.000000,-28.901901,1.000000,0.093997,0.000001943,
2209800,28.950951,24.750000,4.200951,0.000000,-28.901901,1.000000,0.093958,0.000001940,
2209900,28.950951,24.750000,4.200951,0.000000,-28.901901,1.000000,0.093938,0.000001956,
2210000,28.850475,24.750000,4.100475,0.000000,-28.901901,1.000000,0.093908,0.000001959,
2210100,28.850475,24.750000,4.100475,0.000000,-28.850475,1.000000,0.093876,0.000001960,
2210200,28.850475,24.750000,4.100475,0.000000,-28.850475,1.000000,0.093849,0.000001937,
2210300,28.675238,24.750000,3.925238,0.000000,-28.850475,1.000000,0.093794,0.000001972,
2210400,28.675238,25.000000,3.675238,0.000000,-28.850475,1.000000,0.093740,0.000001981,
2210500,28.675238,25.000000,3.675238,0.000000,-28.675238,1.000000,0.093754,0.000001988,
2210600,28.712620,25.000000,3.712620,0.000000,-28.675238,1.000000,0.093737,0.000001983,
2210700,28.712620,25.250000,3.462620,0.000000,-28.675238,1.000000,0.093746,0.000001991,
2210800,28.712620,25.250000,3.462620,0.000000,-28.675238,1.000000,0.093672,0.000001994,
2210900,28.606310,25.250000,3.356310,0.000000,-28.712620,1.000000,0.093636,0.000001981,
2211000,28.606310,24.500000,4.106310,0.000000,-28.712620,1.000000,0.093576,0.000001975,
2211100,28.606310,24.500000,4.106310,0.000000,-28.712620,1.000000,0.093573,0.000001961,
2211200,28.553154,24.500000,4.053154,0.000000,-28.712620,1.000000,0.093536,0.000001943,
2211300,28.553154,24.500000,4.053154,0.000000,-28.553154,1.000000,0.093507,0.000001952,
2211400,28.553154,24.500000,4.053154,0.000000,-28.553154,1.000000,0.093479,0.000001955,
2211500,28.776577,24.500000,4.276577,0.000000,-28.553154,1.000000,0.093503,0.000001946,
2211600,28.776577,24.750000,4.026577,0.000000,-28.553154,1.000000,0.093458,0.000001967,
2211700,28.776577,24.750000,4.026577,0.000000,-28.776577,1.000000,0.093418,0.000001968,
2211800,28.888288,24.750000,4.138288,0.000000,-28.776577,1.000000,0.093390,0.000001973,
2211900,28.888288,24.500000,4.388288,0.000000,-28.776577,1.000000,0.093345,0.000001968,
2212000,28.888288,24.500000,4.388288,0.000000,-28.776577,1.000000,0.093306,0.000001950,
2212100,28.694145,24.500000,4.194145,0.000000,-28.888288,1.000000,0.093274,0.000001941,
2212200,28.694145,24.750000,3.944145,0.000000,-28.888288,1.000000,0.093264,0.000001942,
2212300,28.694145,24.750000,3.944145,0.000000,-28.888288,1.000000,0.093246,0.000001912,
2212400,28.722073,24.750000,3.972073,0.000000,-28.888288,1.000000,0.093219,0.000001915,
2212500,28.722073,25.000000,3.722073,0.000000,-28.722073,1.000000,0.093179,0.000001914,
2212600,28.722073,25.000000,3.722073,0.000000,-28.722073,1.000000,0.093138,0.000001902,
2212700,28.861036,25.000000,3.861036,0.000000,-28.722073,1.000000,0.093090,0.000001889,
2212800,28.861036,25.000000,3.861036,0.000000,-28.722073,1.000000,0.093080,0.000001875,
2212900,28.861036,25.000000,3.861036,0.000000,-28.861036,1.000000,0.093018,0.000001887,
2213000,28.680519,25.000000,3.680519,0.000000,-28.861036,1.000000,0.092997,0.000001899,
2213100,28.680519,24.500000,4.180519,0.000000,-28.861036,1.000000,0.092960,0.000001889,
2213200,28.680519,24.500000,4.180519,0.000000,-28.861036,1.000000,0.092963,0.000001897,
2213300,28.715260,24.500000,4.215260,0.000000,-28.680519,1.000000,0.092923,0.000001915,
2213400,28.715260,25.000000,3.715260,0.000000,-28.680519,1.000000,0.092906,0.000001933,
2213500,28.715260,25.000000,3.715260,0.000000,-28.680519,1.000000,0.092838,0.000001940,
2213600,28.732630,25.000000,3.732630,0.000000,-28.680519,1.000000,0.092781,0.000001931,
2213700,28.732630,24.750000,3.982630,0.000000,-28.732630,1.000000,0.092747,0.000001926,
2213800,28.732630,24.750000,3.982630,0.000000,-28.732630,1.000000,0.092679,0.000001952,
2213900,28.866314,24.750000,4.116314,0.000000,-28.732630,1.000000,0.092607,0.000001946,
2214000,28.866314,24.750000,4.116314,0.000000,-28.732630,1.000000,0.092602,0.000001957,
2214100,28.866314,24.750000,4.116314,0.000000,-28.866314,1.000000,0.092591,0.000001951,
2214200,28.808157,24.750000,4.058157,0.000000,-28.866314,1.000000,0.092597,0.000001968,
2214300,28.808157,24.500000,4.308157,0.000000,-28.866314,1.000000,0.092527,0.000001975,
2214400,28.808157,24.500000,4.308157,0.000000,-28.866314,1.000000,0.092491,0.000001970,
2214500,28.779079,24.500000,4.279079,0.000000,-28.808157,1.000000,0.092447,0.000002032,
2214600,28.779079,24.750000,4.029079,0.000000,-28.808157,1.000000,0.092392,0.000002033,
2214700,28.779079,24.750000,4.029079,0.000000,-28.808157,1.000000,0.092347,0.000002034,
2214800,28.764540,24.750000,4.014540,0.000000,-28.808157,1.000000,0.092305,0.000002061,
2214900,28.764540,24.500000,4.264540,0.000000,-28.764540,1.000000,0.092294,0.000002043,
2215000,28.764540,24.500000,4.264540,0.000000,-28.764540,1.000000,0.092276,0.000002057,
2215100,28.757271,24.500000,4.257271,0.000000,-28.764540,1.000000,0.092251,0.000002053,
2215200,28.757271,25.250000,3.507271,0.000000,-28.764540,1.000000,0.092242,0.000002049,
2215300,28.757271,25.250000,3.507271,0.000000,-28.757271,1.000000,0.092210,0.000002031,
2215400,28.628635,25.250000,3.378635,0.000000,-28.757271,1.000000,0.092119,0.000002049,
2215500,28.628635,25.000000,3.628635,0.000000,-28.757271,1.000000,0.092054,0.000002042,
2215600,28.628635,25.000000,3.628635,0.000000,-28.757271,1.000000,0.092041,0.000002012,
2215700,28.564318,25.000000,3.564318,0.000000,-28.628635,1.000000,0.092005,0.000002026,
2215800,28.564318,25.000000,3.564318,0.000000,-28.628635,1.000000,0.091992,0.000002024,
2215900,28.564318,25.000000,3.564318,0.000000,-28.628635,1.000000,0.091962,0.000002024,
2216000,28.532158,25.000000,3.532158,0.000000,-28.628635,1.000000,0.091921,0.000002006,
2216100,28.532158,24.750000,3.782158,0.000000,-28.532158,1.000000,0.091873,0.000001985,
2216200,28.532158,24.750000,3.782158,0.000000,-28.532158,1.000000,0.091825,0.000001965,
2216300,28.641079,24.750000,3.891079,0.000000,-28.532158,1.000000,0.091760,0.000001964,
2216400,28.641079,25.500000,3.141079,0.000000,-28.532158,1.000000,0.091709,0.000001981,
2216500,28.641079,25.500000,3.141079,0.000000,-28.641079,1.000000,0.091663,0.000002020,
2216600,28.570539,25.500000,3.070539,0.000000,-28.641079,1.000000,0.091576,0.000002015,
2216700,28.570539,24.750000,3.820539,0.000000,-28.641079,1.000000,0.091496,0.000001991,
2216800,28.570539,24.750000,3.820539,0.000000,-28.641079,1.000000,0.091471,0.000002010,
2216900,28.410271,24.750000,3.660271,0.000000,-28.570539,1.000000,0.091437,0.000001990,
2217000,28.410271,25.250000,3.160271,0.000000,-28.570539,1.000000,0.091379,0.000001984,
2217100,28.410271,25.250000,3.160271,0.000000,-28.570539,1.000000,0.091335,0.000001953,
2217200,28.330135,25.250000,3.080135,0.000000,-28.570539,1.000000,0.091274,0.000001992,
2217300,28.330135,25.000000,3.330135,0.000000,-28.330135,1.000000,0.091240,0.000002009,
2217400,28.330135,25.000000,3.330135,0.000000,-28.330135,1.000000,0.091246,0.000001988,
2217500,28.540068,25.000000,3.540068,0.000000,-28.330135,1.000000,0.091217,0.000002015,
2217600,28.540068,24.750000,3.790068,0.000000,-28.330135,1.000000,0.091157,0.000002019,
2217700,28.540068,24.750000,3.790068,0.000000,-28.540068,1.000000,0.091106,0.000001982,
2217800,28.770035,24.750000,4.020035,0.000000,-28.540068,1.000000,0.091057,0.000001982,
2217900,28.770035,25.250000,3.520035,0.000000,-28.540068,1.000000,0.090999,0.000001967,
2218000,28.770035,25.250000,3.520035,0.000000,-28.540068,1.000000,0.090965,0.000001984,
2218100,28.760017,25.250000,3.510017,0.000000,-28.770035,1.000000,0.090896,0.000001965,
2218200,28.760017,25.000000,3.760017,0.000000,-28.770035,1.000000,0.090867,0.000001989,
2218300,28.760017,25.000000,3.760017,0.000000,-28.770035,1.000000,0.090885,0.000002007,
2218400,28.630009,25.000000,3.630009,0.000000,-28.770035,1.000000,0.090827,0.000002033,
2218500,28.630009,25.000000,3.630009,0.000000,-28.630009,1.000000,0.090771,0.000002025,
2218600,28.630009,25.000000,3.630009,0.000000,-28.630009,1.000000,0.090756,0.000002032,
2218700,28.690004,25.000000,3.690004,0.000000,-28.630009,1.000000,0.090732,0.000002022,
2218800,28.690004,25.250000,3.440004,0.000000,-28.630009,1.000000,0.090712,0.000001991,
2218900,28.690004,25.250000,3.440004,0.000000,-28.690004,1.000000,0.090627,0.000001953,
2219000,28.720001,25.250000,3.470001,0.000000,-28.690004,1.000000,0.090583,0.000001958,
2219100,28.720001,25.250000,3.470001,0.000000,-28.690004,1.000000,0.090553,0.000001981,
2219200,28.720001,25.250000,3.470001,0.000000,-28.690004,1.000000,0.090576,0.000001966,
2219300,28.360001,25.250000,3.110001,0.000000,-28.720001,1.000000,0.090518,0.000002021,
2219400,28.360001,24.500000,3.860001,0.000000,-28.720001,1.000000,0.090479,0.000002020,
2219500,28.360001,24.500000,3.860001,0.000000,-28.720001,1.000000,0.090435,0.000001994,
2219600,28.555000,24.500000,4.055000,0.000000,-28.720001,1.000000,0.090376,0.000002001,
2219700,28.555000,25.000000,3.555000,0.000000,-28.555000,1.000000,0.090356,0.000002005,
2219800,28.555000,25.000000,3.555000,0.000000,-28.555000,1.000000,0.090326,0.000002003,
2219900,28.652500,25.000000,3.652500,0.000000,-28.555000,1.000000,0.090267,0.000001980,
2220000,28.652500,25.000000,3.652500,0.000000,-28.555000,1.000000,0.090264,0.000001999,
2220100,28.652500,25.000000,3.652500,0.000000,-28.652500,1.000000,0.090225,0.000002013,
2220200,28.576250,25.000000,3.576250,0.000000,-28.652500,1.000000,0.090164,0.000002022,
2220300,28.576250,25.250000,3.326250,0.000000,-28.652500,1.000000,0.090127,0.000002006,
2220400,28.576250,25.250000,3.326250,0.000000,-28.652500,1.000000,0.090058,0.000002015,
2220500,28.538124,25.250000,3.288124,0.000000,-28.576250,1.000000,0.089985,0.000002011,
2220600,28.538124,24.500000,4.038124,0.000000,-28.576250,1.000000,0.089976,0.000002012,
2220700,28.538124,24.500000,4.038124,0.000000,-28.576250,1.000000,0.089938,0.000002003,
2220800,28.394062,24.500000,3.894062,0.000000,-28.576250,1.000000,0.089906,0.000001979,
2220900,28.394062,25.250000,3.144062,0.000000,-28.394062,1.000000,0.089843,0.000001961,
2221000,28.394062,25.250000,3.144062,0.000000,-28.394062,1.000000,0.089804,0.000001968,
2221100,28.572031,25.250000,3.322031,0.000000,-28.394062,1.000000,0.089799,0.000001967,
2221200,28.572031,24.750000,3.822031,0.000000,-28.394062,1.000000,0.089696,0.000001963,
2221300,28.572031,24.750000,3.822031,0.000000,-28.572031,1.000000,0.089643,0.000001967,
2221400,28.536015,24.750000,3.786015,0.000000,-28.572031,1.000000,0.089616,0.000001963,
2221500,28.536015,24.500000,4.036015,0.000000,-28.572031,1.000000,0.089628,0.000001965,
2221600,28.536015,24.500000,4.036015,0.000000,-28.572031,1.000000,0.089608,0.000001991,
2221700,28.518007,24.500000,4.018007,0.000000,-28.536015,1.000000,0.089579,0.000001970,
2221800,28.518007,25.000000,3.518007,0.000000,-28.536015,1.000000,0.089526,0.000001957,
2221900,28.518007,25.000000,3.518007,0.000000,-28.536015,1.000000,0.089491,0.000001942,
2222000,28.509003,25.000000,3.509003,0.000000,-28.536015,1.000000,0.089436,0.000001936,
2222100,28.509003,24.750000,3.759003,0.000000,-28.509003,1.000000,0.089392,0.000001948,
2222200,28.509003,24.750000,3.759003,0.000000,-28.509003,1.000000,0.089367,0.000001952,
2222300,28.504501,24.750000,3.754501,0.000000,-28.509003,1.000000,0.089353,0.000001961,
2222400,28.504501,24.750000,3.754501,0.000000,-28.509003,1.000000,0.089403,0.000001968,
2222500,28.504501,24.750000,3.754501,0.000000,-28.504501,1.000000,0.089344,0.000001964,
2222600,28.627251,24.750000,3.877251,0.000000,-28.504501,1.000000,0.089309,0.000001978,
2222700,28.627251,25.000000,3.627251,0.000000,-28.504501,1.000000,0.089226,0.000001968,
2222800,28.627251,25.000000,3.627251,0.000000,-28.504501,1.000000,0.089191,0.000001971,
2222900,28.688625,25.000000,3.688625,0.000000,-28.627251,1.000000,0.089181,0.000001985,
2223000,28.688625,24.750000,3.938625,0.000000,-28.627251,1.000000,0.089161,0.000001966,
2223100,28.688625,24.750000,3.938625,0.000000,-28.627251,1.000000,0.089183,0.000001943,
2223200,28.594313,24.750000,3.844313,0.000000,-28.627251,1.000000,0.089107,0.000001942,
2223300,28.594313,24.750000,3.844313,0.000000,-28.594313,1.000000,0.089127,0.000001976,
2223400,28.594313,24.750000,3.844313,0.000000,-28.594313,1.000000,0.089091,0.000001950,
2223500,28.547157,24.750000,3.797157,0.000000,-28.594313,1.000000,0.089035,0.000001962,
2223600,28.547157,25.000000,3.547157,0.000000,-28.594313,1.000000,0.088984,0.000001969,
2223700,28.547157,25.000000,3.547157,0.000000,-28.547157,1.000000,0.088983,0.000001968,
2223800,28.398579,25.000000,3.398579,0.000000,-28.547157,1.000000,0.088977,0.000001989,
2223900,28.398579,25.000000,3.398579,0.000000,-28.547157,1.000000,0.088936,0.000001986,
2224000,28.398579,25.000000,3.398579,0.000000,-28.547157,1.000000,0.088909,0.000001985,
2224100,28.324289,25.000000,3.324289,0.000000,-28.398579,1.000000,0.088877,0.000001964,
2224200,28.324289,25.000000,3.324289,0.000000,-28.398579,1.000000,0.088803,0.000001965,
2224300,28.324289,25.000000,3.324289,0.000000,-28.398579,1.000000,0.088740,0.000001984,
2224400,28.537144,25.000000,3.537144,0.000000,-28.398579,1.000000,0.088756,0.000001991,
2224500,28.537144,24.750000,3.787144,0.000000,-28.537144,1.000000,0.088714,0.000001977,
2224600,28.537144,24.750000,3.787144,0.000000,-28.537144,1.000000,0.088659,0.000001929,
2224700,28.643572,24.750000,3.893572,0.000000,-28.537144,1.000000,0.088617,0.000001931,
2224800,28.643572,24.250000,4.393572,0.000000,-28.537144,1.000000,0.088578,0.000001933,
2224900,28.643572,24.250000,4.393572,0.000000,-28.643572,1.000000,0.088579,0.000001940,
2225000,28.571785,24.250000,4.321785,0.000000,-28.643572,1.000000,0.088507,0.000001914,
2225100,28.571785,25.000000,3.571785,0.000000,-28.643572,1.000000,0.088464,0.000001914,
2225200,28.571785,25.000000,3.571785,0.000000,-28.643572,1.000000,0.088452,0.000001907,
2225300,28.660892,25.000000,3.660892,0.000000,-28.571785,1.000000,0.088445,0.000001882,
2225400,28.660892,25.000000,3.660892,0.000000,-28.571785,1.000000,0.088400,0.000001909,
2225500,28.660892,25.000000,3.660892,0.000000,-28.571785,1.000000,0.088390,0.000001947,
2225600,28.580446,25.000000,3.580446,0.000000,-28.571785,1.000000,0.088318,0.000001957,
2225700,28.580446,25.000000,3.580446,0.000000,-28.580446,1.000000,0.088242,0.000001956,
2225800,28.580446,25.000000,3.580446,0.000000,-28.580446,1.000000,0.088220,0.000001959,
2225900,28.665222,25.000000,3.665222,0.000000,-28.580446,1.000000,0.088264,0.000001941,
2226000,28.665222,24.750000,3.915222,0.000000,-28.580446,1.000000,0.088179,0.000001927,
2226100,28.665222,24.750000,3.915222,0.000000,-28.665222,1.000000,0.088153,0.000001915,
2226200,28.582611,24.750000,3.832611,0.000000,-28.665222,1.000000,0.088108,0.000001908,
2226300,28.582611,25.000000,3.582611,0.000000,-28.665222,1.000000,0.088131,0.000001917,
2226400,28.582611,25.000000,3.582611,0.000000,-28.665222,1.000000,0.088064,0.000001930,
2226500,28.666306,25.000000,3.666306,0.000000,-28.582611,1.000000,0.088088,0.000001930,
2226600,28.666306,24.250000,4.416306,0.000000,-28.582611,1.000000,0.088033,0.000001931,
2226700,28.666306,24.250000,4.416306,0.000000,-28.582611,1.000000,0.088018,0.000001950,
2226800,28.583153,24.250000,4.333153,0.000000,-28.582611,1.000000,0.088015,0.000001956,
2226900,28.583153,24.750000,3.833153,0.000000,-28.583153,1.000000,0.087986,0.000001960,
2227000,28.583153,24.750000,3.833153,0.000000,-28.583153,1.000000,0.087968,0.000001955,
2227100,28.416576,24.750000,3.666576,0.000000,-28.583153,1.000000,0.087921,0.000001936,
2227200,28.333288,24.750000,3.583288,0.000000,-28.583153,1.000000,0.087906,0.000001941,
2227300,28.333288,25.000000,3.333288,0.000000,-28.333288,1.000000,0.087846,0.000001929,
2227400,28.333288,25.000000,3.333288,0.000000,-28.333288,1.000000,0.087790,0.000001948,
2227500,28.541645,25.000000,3.541645,0.000000,-28.333288,1.000000,0.087721,0.000001958,
2227600,28.541645,24.750000,3.791645,0.000000,-28.333288,1.000000,0.087687,0.000001975,
2227700,28.541645,24.750000,3.791645,0.000000,-28.541645,1.000000,0.087672,0.000001950,
2227800,28.395823,24.750000,3.645823,0.000000,-28.541645,1.000000,0.087605,0.000001946,
2227900,28.395823,25.000000,3.395823,0.000000,-28.541645,1.000000,0.087638,0.000001958,
2228000,28.395823,25.000000,3.395823,0.000000,-28.541645,1.000000,0.087601,0.000001966,
2228100,28.447910,25.000000,3.447910,0.000000,-28.395823,1.000000,0.087562,0.000001968,
2228200,28.447910,25.000000,3.447910,0.000000,-28.395823,1.000000,0.087519,0.000001926,
2228300,28.447910,25.000000,3.447910,0.000000,-28.395823,1.000000,0.087455,0.000001922,
2228400,28.598955,25.000000,3.598955,0.000000,-28.395823,1.000000,0.087415,0.000001915,
2228500,28.598955,25.250000,3.348955,0.000000,-28.598955,1.000000,0.087419,0.000001910,
2228600,28.598955,25.250000,3.348955,0.000000,-28.598955,1.000000,0.087384,0.000001927,
2228700,28.799477,25.250000,3.549477,0.000000,-28.598955,1.000000,0.087364,0.000001938,
2228800,28.799477,25.000000,3.799477,0.000000,-28.598955,1.000000,0.087322,0.000001928,
2228900,28.799477,25.000000,3.799477,0.000000,-28.799477,1.000000,0.087330,0.000001952,
2229000,28.774738,25.000000,3.774738,0.000000,-28.799477,1.000000,0.087231,0.000001922,
2229100,28.774738,25.000000,3.774738,0.000000,-28.799477,1.000000,0.087201,0.000001925,
2229200,28.774738,25.000000,3.774738,0.000000,-28.799477,1.000000,0.087173,0.000001953,
2229300,28.762369,25.000000,3.762369,0.000000,-28.774738,1.000000,0.087152,0.000001952,
2229400,28.762369,25.000000,3.762369,0.000000,-28.774738,1.000000,0.087099,0.000001934,
2229500,28.762369,25.000000,3.762369,0.000000,-28.774738,1.000000,0.087030,0.000001916,
2229600,28.631184,25.000000,3.631184,0.000000,-28.774738,1.000000,0.087028,0.000001927,
2229700,28.631184,25.250000,3.381184,0.000000,-28.631184,1.000000,0.086999,0.000001930,
2229800,28.631184,25.250000,3.381184,0.000000,-28.631184,1.000000,0.086956,0.000001918,
2229900,28.690592,25.250000,3.440592,0.000000,-28.631184,1.000000,0.086907,0.000001908,
2230000,28.690592,25.000000,3.690592,0.000000,-28.631184,1.000000,0.086871,0.000001891,
2230100,28.690592,25.000000,3.690592,0.000000,-28.690592,1.000000,0.086856,0.000001871,
2230200,28.720295,25.000000,3.720295,0.000000,-28.690592,1.000000,0.086862,0.000001852,
2230300,28.720295,24.250000,4.470295,0.000000,-28.690592,1.000000,0.086850,0.000001837,
2230400,28.720295,24.250000,4.470295,0.000000,-28.690592,1.000000,0.086811,0.000001842,
2230500,28.735147,24.250000,4.485147,0.000000,-28.720295,1.000000,0.086758,0.000001848,
2230600,28.735147,25.250000,3.485147,0.000000,-28.720295,1.000000,0.086699,0.000001859,
2230700,28.735147,25.250000,3.485147,0.000000,-28.720295,1.000000,0.086648,0.000001882,
2230800,28.617573,25.250000,3.367573,0.000000,-28.720295,1.000000,0.086554,0.000001894,
2230900,28.617573,24.500000,4.117573,0.000000,-28.617573,1.000000,0.086547,0.000001888,
2231000,28.617573,24.500000,4.117573,0.000000,-28.617573,1.000000,0.086534,0.000001911,
2231100,28.558786,24.500000,4.058786,0.000000,-28.617573,1.000000,0.086497,0.000001907,
2231200,28.558786,24.750000,3.808786,0.000000,-28.617573,1.000000,0.086462,0.000001887,
2231300,28.558786,24.750000,3.808786,0.000000,-28.558786,1.000000,0.086425,0.000001863,
2231400,28.529392,24.750000,3.779392,0.000000,-28.558786,1.000000,0.086409,0.000001869,
2231500,28.529392,25.000000,3.529392,0.000000,-28.558786,1.000000,0.086370,0.000001869,
2231600,28.529392,25.000000,3.529392,0.000000,-28.558786,1.000000,0.086328,0.000001848,
2231700,28.514696,25.000000,3.514696,0.000000,-28.529392,1.000000,0.086303,0.000001845,
2231800,28.514696,25.000000,3.514696,0.000000,-28.529392,1.000000,0.086261,0.000001849,
2231900,28.514696,25.000000,3.514696,0.000000,-28.529392,1.000000,0.086249,0.000001849,
2232000,28.382347,25.000000,3.382347,0.000000,-28.529392,1.000000,0.086244,0.000001869,
2232100,28.382347,25.000000,3.382347,0.000000,-28.382347,1.000000,0.086213,0.000001879,
2232200,28.382347,25.000000,3.382347,0.000000,-28.382347,1.000000,0.086210,0.000001881,
2232300,28.566174,25.000000,3.566174,0.000000,-28.382347,1.000000,0.086180,0.000001872,
2232400,28.566174,25.000000,3.566174,0.000000,-28.382347,1.000000,0.086194,0.000001844,
2232500,28.566174,25.000000,3.566174,0.000000,-28.566174,1.000000,0.086136,0.000001857,
2232600,28.533087,25.000000,3.533087,0.000000,-28.566174,1.000000,0.086103,0.000001886,
2232700,28.533087,24.750000,3.783087,0.000000,-28.566174,1.000000,0.086050,0.000001877,
2232800,28.533087,24.750000,3.783087,0.000000,-28.566174,1.000000,0.085996,0.000001889,
2232900,28.516544,24.750000,3.766544,0.000000,-28.533087,1.000000,0.085931,0.000001900,
2233000,28.516544,24.750000,3.766544,0.000000,-28.533087,1.000000,0.085893,0.000001909,
2233100,28.516544,24.750000,3.766544,0.000000,-28.533087,1.000000,0.085860,0.000001883,
2233200,28.258272,24.750000,3.508272,0.000000,-28.533087,1.000000,0.085832,0.000001883,
2233300,28.258272,25.250000,3.008272,0.000000,-28.258272,1.000000,0.085809,0.000001892,
2233400,28.258272,25.250000,3.008272,0.000000,-28.258272,1.000000,0.085790,0.000001930,
2233500,28.379135,25.250000,3.129135,0.000000,-28.258272,1.000000,0.085726,0.000001884,
2233600,28.379135,24.750000,3.629135,0.000000,-28.258272,1.000000,0.085642,0.000001886,
2233700,28.379135,24.750000,3.629135,0.000000,-28.379135,1.000000,0.085603,0.000001883,
2233800,28.564568,24.750000,3.814568,0.000000,-28.379135,1.000000,0.085575,0.000001898,
2233900,28.564568,25.000000,3.564568,0.000000,-28.379135,1.000000,0.085600,0.000001903,
2234000,28.564568,25.000000,3.564568,0.000000,-28.379135,1.000000,0.085541,0.000001893,
2234100,28.532284,25.000000,3.532284,0.000000,-28.564568,1.000000,0.085550,0.000001887,
2234200,28.532284,25.000000,3.532284,0.000000,-28.564568,1.000000,0.085482,0.000001889,
2234300,28.532284,25.000000,3.532284,0.000000,-28.564568,1.000000,0.085482,0.000001874,
2234400,28.516142,25.000000,3.516142,0.000000,-28.564568,1.000000,0.085458,0.000001884,
2234500,28.516142,24.500000,4.016142,0.000000,-28.516142,1.000000,0.085388,0.000001918,
2234600,28.516142,24.500000,4.016142,0.000000,-28.516142,1.000000,0.085364,0.000001921,
2234700,28.383072,24.500000,3.883072,0.000000,-28.516142,1.000000,0.085288,0.000001939,
2234800,28.383072,25.000000,3.383072,0.000000,-28.516142,1.000000,0.085247,0.000001916,
2234900,28.383072,25.000000,3.383072,0.000000,-28.383072,1.000000,0.085264,0.000001927,
2235000,28.441536,25.000000,3.441536,0.000000,-28.383072,1.000000,0.085271,0.000001935,
2235100,28.441536,24.750000,3.691536,0.000000,-28.383072,1.000000,0.085245,0.000001930,
2235200,28.441536,24.750000,3.691536,0.000000,-28.383072,1.000000,0.085186,0.000001918,
2235300,28.470768,24.750000,3.720768,0.000000,-28.441536,1.000000,0.085135,0.000001946,
2235400,28.470768,25.000000,3.470768,0.000000,-28.441536,1.000000,0.085142,0.000001975,
2235500,28.470768,25.000000,3.470768,0.000000,-28.441536,1.000000,0.085088,0.000001994,
2235600,28.485384,25.000000,3.485384,0.000000,-28.441536,1.000000,0.085043,0.000001979,
2235700,28.485384,25.000000,3.485384,0.000000,-28.485384,1.000000,0.085036,0.000001972,
2235800,28.485384,25.000000,3.485384,0.000000,-28.485384,1.000000,0.084945,0.000001941,
2235900,28.367691,25.000000,3.367691,0.000000,-28.485384,1.000000,0.084941,0.000001943,
2236000,28.367691,25.000000,3.367691,0.000000,-28.485384,1.000000,0.084958,0.000001954,
2236100,28.367691,25.000000,3.367691,0.000000,-28.367691,1.000000,0.084947,0.000001981,
2236200,28.308846,25.000000,3.308846,0.000000,-28.367691,1.000000,0.084923,0.000001995,
2236300,28.308846,24.500000,3.808846,0.000000,-28.367691,1.000000,0.084924,0.000001990,
2236400,28.308846,24.500000,3.808846,0.000000,-28.367691,1.000000,0.084885,0.000001993,
2236500,28.654423,24.500000,4.154423,0.000000,-28.308846,1.000000,0.084893,0.000002004,
2236600,28.654423,24.750000,3.904423,0.000000,-28.308846,1.000000,0.084882,0.000001982,
2236700,28.654423,24.750000,3.904423,0.000000,-28.308846,1.000000,0.084860,0.000001988,
2236800,28.452211,24.750000,3.702211,0.000000,-28.308846,1.000000,0.084856,0.000001983,
2236900,28.452211,24.750000,3.702211,0.000000,-28.452211,1.000000,0.084806,0.000001984,
2237000,28.452211,24.750000,3.702211,0.000000,-28.452211,1.000000,0.084752,0.000002005,
2237100,28.476105,24.750000,3.726105,0.000000,-28.452211,1.000000,0.084767,0.000002007,
2237200,28.476105,25.000000,3.476105,0.000000,-28.452211,1.000000,0.084736,0.000001960,
2237300,28.476105,25.000000,3.476105,0.000000,-28.476105,1.000000,0.084697,0.000001950,
2237400,28.488052,25.000000,3.488052,0.000000,-28.476105,1.000000,0.084694,0.000001944,
2237500,28.488052,25.000000,3.488052,0.000000,-28.476105,1.000000,0.084650,0.000001936,
2237600,28.488052,25.000000,3.488052,0.000000,-28.476105,1.000000,0.084656,0.000001942,
2237700,28.619026,25.000000,3.619026,0.000000,-28.488052,1.000000,0.084608,0.000001916,
2237800,28.619026,24.750000,3.869026,0.000000,-28.488052,1.000000,0.084599,0.000001914,
2237900,28.619026,24.750000,3.869026,0.000000,-28.488052,1.000000,0.084528,0.000001911,
2238000,28.684513,24.750000,3.934513,0.000000,-28.488052,1.000000,0.084529,0.000001912,
2238100,28.684513,24.750000,3.934513,0.000000,-28.684513,1.000000,0.084543,0.000001938,
2238200,28.684513,24.750000,3.934513,0.000000,-28.684513,1.000000,0.084518,0.000001951,
2238300,28.592257,24.750000,3.842257,0.000000,-28.684513,1.000000,0.084468,0.000001963,
2238400,28.592257,24.750000,3.842257,0.000000,-28.684513,1.000000,0.084451,0.000001939,
2238500,28.592257,24.750000,3.842257,0.000000,-28.592257,1.000000,0.084421,0.000001937,
2238600,28.546127,24.750000,3.796127,0.000000,-28.592257,1.000000,0.084379,0.000001964,
2238700,28.546127,24.500000,4.046127,0.000000,-28.592257,1.000000,0.084288,0.000001947,
2238800,28.546127,24.500000,4.046127,0.000000,-28.592257,1.000000,0.084246,0.000001945,
2238900,28.523064,24.500000,4.023064,0.000000,-28.546127,1.000000,0.084281,0.000001924,
2239000,28.523064,24.500000,4.023064,0.000000,-28.546127,1.000000,0.084206,0.000001932,
2239100,28.523064,24.500000,4.023064,0.000000,-28.546127,1.000000,0.084200,0.000001931,
2239200,28.511532,24.500000,4.011532,0.000000,-28.546127,1.000000,0.084201,0.000001919,
2239300,28.511532,24.750000,3.761532,0.000000,-28.511532,1.000000,0.084147,0.000001952,
2239400,28.511532,24.750000,3.761532,0.000000,-28.511532,1.000000,0.084156,0.000001953,
2239500,28.255766,24.750000,3.505766,0.000000,-28.511532,1.000000,0.084192,0.000001979,
2239600,28.255766,24.500000,3.755766,0.000000,-28.511532,1.000000,0.084146,0.000001936,
2239700,28.255766,24.500000,3.755766,0.000000,-28.255766,1.000000,0.084139,0.000001918,
2239800,28.127884,24.500000,3.627884,0.000000,-28.255766,1.000000,0.084128,0.000001907,
2239900,28.127884,25.250000,2.877884,0.000000,-28.255766,1.000000,0.084073,0.000001901,
2240000,28.127884,25.250000,2.877884,0.000000,-28.255766,1.000000,0.084006,0.000001896,
2240100,28.313942,25.250000,3.063942,0.000000,-28.127884,1.000000,0.083964,0.000001948,
2240200,28.313942,25.000000,3.313942,0.000000,-28.127884,1.000000,0.083938,0.000001938,
2240300,28.313942,25.000000,3.313942,0.000000,-28.127884,1.000000,0.083975,0.000001941,
2240400,28.156971,25.000000,3.156971,0.000000,-28.127884,1.000000,0.083952,0.000001943,
2240500,28.156971,25.000000,3.156971,0.000000,-28.156971,1.000000,0.083952,0.000001980,
2240600,28.156971,25.000000,3.156971,0.000000,-28.156971,1.000000,0.083895,0.000001958,
2240700,28.328485,25.000000,3.328485,0.000000,-28.156971,1.000000,0.083804,0.000001983,
2240800,28.328485,24.750000,3.578485,0.000000,-28.156971,1.000000,0.083763,0.000001965,
2240900,28.328485,24.750000,3.578485,0.000000,-28.328485,1.000000,0.083757,0.000001946,
2241000,28.414242,24.750000,3.664242,0.000000,-28.328485,1.000000,0.083727,0.000001923,
2241100,28.414242,24.250000,4.164242,0.000000,-28.328485,1.000000,0.083725,0.000001951,
2241200,28.414242,24.250000,4.164242,0.000000,-28.328485,1.000000,0.083709,0.000001942,
2241300,28.457121,24.250000,4.207121,0.000000,-28.414242,1.000000,0.083654,0.000001965,
2241400,28.457121,24.750000,3.707121,0.000000,-28.414242,1.000000,0.083612,0.000001976,
2241500,28.457121,24.750000,3.707121,0.000000,-28.414242,1.000000,0.083606,0.000001964,
2241600,28.478561,24.750000,3.728561,0.000000,-28.414242,1.000000,0.083571,0.000001979,
2241700,28.478561,24.500000,3.978561,0.000000,-28.478561,1.000000,0.083490,0.000002008,
2241800,28.478561,24.500000,3.978561,0.000000,-28.478561,1.000000,0.083443,0.000002009,
2241900,28.489281,24.500000,3.989281,0.000000,-28.478561,1.000000,0.083460,0.000001987,
2242000,28.489281,24.750000,3.739281,0.000000,-28.478561,1.000000,0.083430,0.000001959,
2242100,28.489281,24.750000,3.739281,0.000000,-28.489281,1.000000,0.083413,0.000001930,
2242200,28.244640,24.750000,3.494640,0.000000,-28.489281,1.000000,0.083381,0.000001916,
2242300,28.244640,25.000000,3.244640,0.000000,-28.489281,1.000000,0.083346,0.000001925,
2242400,28.244640,25.000000,3.244640,0.000000,-28.489281,1.000000,0.083320,0.000001905,
2242500,28.247320,25.000000,3.247320,0.000000,-28.244640,1.000000,0.083270,0.000001885,
2242600,28.247320,25.000000,3.247320,0.000000,-28.244640,1.000000,0.083210,0.000001892,
2242700,28.247320,25.000000,3.247320,0.000000,-28.244640,1.000000,0.083192,0.000001912,
2242800,28.123661,25.000000,3.123661,0.000000,-28.244640,1.000000,0.083142,0.000001893,
2242900,28.123661,24.750000,3.373661,0.000000,-28.123661,1.000000,0.083095,0.000001881,
2243000,28.123661,24.750000,3.373661,0.000000,-28.123661,1.000000,0.083092,0.000001895,
2243100,27.936831,24.750000,3.186831,0.000000,-28.123661,1.000000,0.083094,0.000001874,
2243200,27.936831,24.750000,3.186831,0.000000,-28.123661,1.000000,0.083090,0.000001875,
2243300,27.936831,24.750000,3.186831,0.000000,-27.936831,1.000000,0.083073,0.000001843,
2243400,28.218414,24.750000,3.468414,0.000000,-27.936831,1.000000,0.083050,0.000001847,
2243500,28.218414,24.750000,3.468414,0.000000,-27.936831,1.000000,0.083017,0.000001835,
2243600,28.218414,24.750000,3.468414,0.000000,-27.936831,1.000000,0.082977,0.000001825,
2243700,28.359207,24.750000,3.609207,0.000000,-28.218414,1.000000,0.082964,0.000001834,
2243800,28.359207,25.000000,3.359207,0.000000,-28.218414,1.000000,0.082907,0.000001869,
2243900,28.359207,25.000000,3.359207,0.000000,-28.218414,1.000000,0.082867,0.000001866,
2244000,28.304604,25.000000,3.304604,0.000000,-28.218414,1.000000,0.082855,0.000001885,
2244100,28.304604,25.250000,3.054604,0.000000,-28.304604,1.000000,0.082835,0.000001886,
2244200,28.304604,25.250000,3.054604,0.000000,-28.304604,1.000000,0.082790,0.000001884,
2244300,28.277302,25.250000,3.027302,0.000000,-28.304604,1.000000,0.082766,0.000001861,
2244400,28.277302,24.500000,3.777302,0.000000,-28.304604,1.000000,0.082743,0.000001867,
2244500,28.277302,24.500000,3.777302,0.000000,-28.277302,1.000000,0.082697,0.000001872,
2244600,28.388651,24.500000,3.888651,0.000000,-28.277302,1.000000,0.082674,0.000001842,
2244700,28.388651,25.000000,3.388651,0.000000,-28.277302,1.000000,0.082676,0.000001834,
2244800,28.388651,25.000000,3.388651,0.000000,-28.277302,1.000000,0.082683,0.000001874,
2244900,28.444324,25.000000,3.444324,0.000000,-28.388651,1.000000,0.082650,0.000001859,
2245000,28.444324,25.000000,3.444324,0.000000,-28.388651,1.000000,0.082629,0.000001857,
2245100,28.444324,25.000000,3.444324,0.000000,-28.388651,1.000000,0.082599,0.000001851,
2245200,28.347162,25.000000,3.347162,0.000000,-28.388651,1.000000,0.082640,0.000001887,
2245300,28.347162,24.500000,3.847162,0.000000,-28.347162,1.000000,0.082639,0.000001900,
2245400,28.347162,24.500000,3.847162,0.000000,-28.347162,1.000000,0.082556,0.000001965,
2245500,28.298580,24.500000,3.798580,0.000000,-28.347162,1.000000,0.082497,0.000001970,
2245600,28.298580,24.500000,3.798580,0.000000,-28.347162,1.000000,0.082452,0.000001948,
2245700,28.298580,24.500000,3.798580,0.000000,-28.298580,1.000000,0.082395,0.000001950,
2245800,28.399290,24.500000,3.899290,0.000000,-28.298580,1.000000,0.082320,0.000001958,
2245900,28.399290,25.000000,3.399290,0.000000,-28.298580,1.000000,0.082311,0.000001952,
2246000,28.399290,25.000000,3.399290,0.000000,-28.298580,1.000000,0.082307,0.000001955,
2246100,28.449646,25.000000,3.449646,0.000000,-28.399290,1.000000,0.082281,0.000001987,
2246200,28.449646,24.500000,3.949646,0.000000,-28.399290,1.000000,0.082244,0.000001998,
2246300,28.449646,24.500000,3.949646,0.000000,-28.399290,1.000000,0.082225,0.000001986,
2246400,28.474823,24.500000,3.974823,0.000000,-28.399290,1.000000,0.082265,0.000002001,
2246500,28.474823,25.250000,3.224823,0.000000,-28.474823,1.000000,0.082229,0.000001982,
2246600,28.474823,25.250000,3.224823,0.000000,-28.474823,1.000000,0.082182,0.000001973,
2246700,28.362411,25.250000,3.112411,0.000000,-28.474823,1.000000,0.082178,0.000001976,
2246800,28.362411,24.500000,3.862411,0.000000,-28.474823,1.000000,0.082147,0.000001968,
2246900,28.362411,24.500000,3.862411,0.000000,-28.362411,1.000000,0.082158,0.000001969,
2247000,28.431206,24.500000,3.931206,0.000000,-28.362411,1.000000,0.082177,0.000001942,
2247100,28.431206,25.000000,3.431206,0.000000,-28.362411,1.000000,0.082130,0.000001943,
2247200,28.431206,25.000000,3.431206,0.000000,-28.362411,1.000000,0.082121,0.000001935,
2247300,28.465603,25.000000,3.465603,0.000000,-28.431206,1.000000,0.082085,0.000001962,
2247400,28.465603,24.750000,3.715603,0.000000,-28.431206,1.000000,0.082060,0.000001955,
2247500,28.465603,24.750000,3.715603,0.000000,-28.431206,1.000000,0.082065,0.000001968,
2247600,28.232801,24.750000,3.482801,0.000000,-28.431206,1.000000,0.082005,0.000002002,
2247700,28.232801,25.000000,3.232801,0.000000,-28.232801,1.000000,0.081995,0.000001985,
2247800,28.232801,25.000000,3.232801,0.000000,-28.232801,1.000000,0.081952,0.000001991,
2247900,28.241402,25.000000,3.241402,0.000000,-28.232801,1.000000,0.081918,0.000001972,
2248000,28.241402,24.500000,3.741402,0.000000,-28.232801,1.000000,0.081869,0.000001988,
2248100,28.241402,24.500000,3.741402,0.000000,-28.241402,1.000000,0.081849,0.000001997,
2248200,28.245701,24.500000,3.745701,0.000000,-28.241402,1.000000,0.081855,0.000001990,
2248300,28.245701,24.750000,3.495701,0.000000,-28.241402,1.000000,0.081798,0.000002022,
2248400,28.245701,24.750000,3.495701,0.000000,-28.241402,1.000000,0.081760,0.000002010,
2248500,28.247850,24.750000,3.497850,0.000000,-28.245701,1.000000,0.081783,0.000001999,
2248600,28.247850,24.750000,3.497850,0.000000,-28.245701,1.000000,0.081767,0.000001985,
2248700,28.247850,24.750000,3.497850,0.000000,-28.245701,1.000000,0.081762,0.000001981,
2248800,28.248924,24.750000,3.498924,0.000000,-28.245701,1.000000,0.081735,0.000001969,
2248900,28.248924,24.750000,3.498924,0.000000,-28.248924,1.000000,0.081714,0.000001942,
2249000,28.248924,24.750000,3.498924,0.000000,-28.248924,1.000000,0.081651,0.000001929,
2249100,28.249462,24.750000,3.499462,0.000000,-28.248924,1.000000,0.081591,0.000001909,
2249200,28.249462,24.750000,3.499462,0.000000,-28.248924,1.000000,0.081552,0.000001902,
2249300,28.249462,24.750000,3.499462,0.000000,-28.249462,1.000000,0.081571,0.000001940,
2249400,28.249731,24.750000,3.499731,0.000000,-28.249462,1.000000,0.081527,0.000001988,
2249500,28.249731,24.750000,3.499731,0.000000,-28.249462,1.000000,0.081482,0.000001987,
2249600,28.249731,24.750000,3.499731,0.000000,-28.249462,1.000000,0.081458,0.000001979,
2249700,28.249866,24.750000,3.499866,0.000000,-28.249731,1.000000,0.081430,0.000001974,
2249800,28.249866,25.250000,2.999866,0.000000,-28.249731,1.000000,0.081393,0.000001972,
2249900,28.249866,25.250000,2.999866,0.000000,-28.249731,1.000000,0.081379,0.000001936,
2250000,28.249933,25.250000,2.999933,0.000000,-28.249731,1.000000,0.081346,0.000001938,
2250100,28.249933,25.000000,3.249933,0.000000,-28.249933,1.000000,0.081314,0.000001924,
2250200,28.249933,25.000000,3.249933,0.000000,-28.249933,1.000000,0.081251,0.000001939,
2250300,28.249966,25.000000,3.249966,0.000000,-28.249933,1.000000,0.081248,0.000001950,
2250400,28.249966,25.000000,3.249966,0.000000,-28.249933,1.000000,0.081253,0.000001962,
2250500,28.249966,25.000000,3.249966,0.000000,-28.249966,1.000000,0.081205,0.000001958,
2250600,28.124983,25.000000,3.124983,0.000000,-28.249966,1.000000,0.081176,0.000001956,
2250700,28.124983,24.750000,3.374983,0.000000,-28.249966,1.000000,0.081122,0.000001947,
2250800,28.124983,24.750000,3.374983,0.000000,-28.249966,1.000000,0.081094,0.000001950,
2250900,27.937492,24.750000,3.187492,0.000000,-28.124983,1.000000,0.081047,0.000001945,
2251000,27.937492,25.250000,2.687492,0.000000,-28.124983,1.000000,0.081026,0.000001968,
2251100,27.937492,25.250000,2.687492,0.000000,-28.124983,1.000000,0.080987,0.000001952,
2251200,28.093746,25.250000,2.843746,0.000000,-28.124983,1.000000,0.080935,0.000001947,
2251300,28.093746,24.500000,3.593746,0.000000,-28.093746,1.000000,0.080927,0.000001976,
2251400,28.093746,24.500000,3.593746,0.000000,-28.093746,1.000000,0.080887,0.000001994,
2251500,28.296873,24.500000,3.796873,0.000000,-28.093746,1.000000,0.080874,0.000001967,
2251600,28.296873,24.750000,3.546873,0.000000,-28.093746,1.000000,0.080863,0.000001956,
2251700,28.296873,24.750000,3.546873,0.000000,-28.296873,1.000000,0.080849,0.000001955,
2251800,28.398438,24.750000,3.648438,0.000000,-28.296873,1.000000,0.080836,0.000001933,
2251900,28.398438,24.750000,3.648438,0.000000,-28.296873,1.000000,0.080826,0.000001932,
2252000,28.398438,24.750000,3.648438,0.000000,-28.296873,1.000000,0.080846,0.000001932,
2252100,28.324219,24.750000,3.574219,0.000000,-28.398438,1.000000,0.080797,0.000001930,
2252200,28.324219,25.250000,3.074219,0.000000,-28.398438,1.000000,0.080828,0.000001927,
2252300,28.324219,25.250000,3.074219,0.000000,-28.398438,1.000000,0.080805,0.000001933,
2252400,28.287109,25.250000,3.037109,0.000000,-28.398438,1.000000,0.080787,0.000001959,
2252500,28.287109,24.500000,3.787109,0.000000,-28.287109,1.000000,0.080727,0.000001949,
2252600,28.287109,24.500000,3.787109,0.000000,-28.287109,1.000000,0.080780,0.000001978,
2252700,28.143555,24.500000,3.643555,0.000000,-28.287109,1.000000,0.080747,0.000001973,
2252800,28.071777,24.500000,3.571777,0.000000,-28.287109,1.000000,0.080736,0.000001968,
2252900,28.071777,25.000000,3.071777,0.000000,-28.071777,1.000000,0.080755,0.000001986,
2253000,28.071777,25.000000,3.071777,0.000000,-28.071777,1.000000,0.080714,0.000001951,
2253100,28.285889,25.000000,3.285889,0.000000,-28.071777,1.000000,0.080623,0.000001954,
2253200,28.285889,25.000000,3.285889,0.000000,-28.071777,1.000000,0.080578,0.000001971,
2253300,28.285889,25.000000,3.285889,0.000000,-28.285889,1.000000,0.080495,0.000001984,
2253400,28.392944,25.000000,3.392944,0.000000,-28.285889,1.000000,0.080415,0.000002009,
2253500,28.392944,24.750000,3.642944,0.000000,-28.285889,1.000000,0.080381,0.000002023,
2253600,28.392944,24.750000,3.642944,0.000000,-28.285889,1.000000,0.080360,0.000001994,
2253700,28.321472,24.750000,3.571472,0.000000,-28.392944,1.000000,0.080361,0.000001987,
2253800,28.321472,25.000000,3.321472,0.000000,-28.392944,1.000000,0.080346,0.000001982,
2253900,28.321472,25.000000,3.321472,0.000000,-28.392944,1.000000,0.080355,0.000001996,
2254000,28.285736,25.000000,3.285736,0.000000,-28.392944,1.000000,0.080292,0.000001981,
2254100,28.285736,24.500000,3.785736,0.000000,-28.285736,1.000000,0.080222,0.000001951,
2254200,28.285736,24.500000,3.785736,0.000000,-28.285736,1.000000,0.080211,0.000001957,
2254300,28.142868,24.500000,3.642868,0.000000,-28.285736,1.000000,0.080180,0.000001965,
2254400,28.142868,24.250000,3.892868,0.000000,-28.285736,1.000000,0.080193,0.000001961,
2254500,28.142868,24.250000,3.892868,0.000000,-28.142868,1.000000,0.080192,0.000001942,
2254600,28.321434,24.250000,4.071434,0.000000,-28.142868,1.000000,0.080162,0.000001946,
2254700,28.321434,24.750000,3.571434,0.000000,-28.142868,1.000000,0.080161,0.000001938,
2254800,28.321434,24.750000,3.571434,0.000000,-28.142868,1.000000,0.080127,0.000001924,
2254900,28.160717,24.750000,3.410717,0.000000,-28.321434,1.000000,0.080099,0.000001918,
2255000,28.160717,25.000000,3.160717,0.000000,-28.321434,1.000000,0.080066,0.000001943,
2255100,28.160717,25.000000,3.160717,0.000000,-28.321434,1.000000,0.080046,0.000001926,
2255200,28.205359,25.000000,3.205359,0.000000,-28.321434,1.000000,0.080007,0.000001941,
2255300,28.205359,24.750000,3.455359,0.000000,-28.205359,1.000000,0.079963,0.000001963,
2255400,28.205359,24.750000,3.455359,0.000000,-28.205359,1.000000,0.079936,0.000001963,
2255500,28.352680,24.750000,3.602680,0.000000,-28.205359,1.000000,0.079931,0.000001974,
2255600,28.352680,25.000000,3.352680,0.000000,-28.205359,1.000000,0.079917,0.000001932,
2255700,28.352680,25.000000,3.352680,0.000000,-28.352680,1.000000,0.079909,0.000001936,
2255800,28.176340,25.000000,3.176340,0.000000,-28.352680,1.000000,0.079902,0.000001949,
2255900,28.176340,25.000000,3.176340,0.000000,-28.352680,1.000000,0.079850,0.000001940,
2256000,28.176340,25.000000,3.176340,0.000000,-28.352680,1.000000,0.079813,0.000001945,
2256100,28.088169,25.000000,3.088169,0.000000,-28.176340,1.000000,0.079746,0.000001946,
2256200,28.088169,25.000000,3.088169,0.000000,-28.176340,1.000000,0.079685,0.000001956,
2256300,28.088169,25.000000,3.088169,0.000000,-28.176340,1.000000,0.079691,0.000001968,
2256400,28.169085,25.000000,3.169085,0.000000,-28.176340,1.000000,0.079663,0.000001968,
2256500,28.169085,25.250000,2.919085,0.000000,-28.169085,1.000000,0.079658,0.000001933,
2256600,28.169085,25.250000,2.919085,0.000000,-28.169085,1.000000,0.079575,0.000001928,
2256700,28.209541,25.250000,2.959541,0.000000,-28.169085,1.000000,0.079522,0.000001928,
2256800,28.209541,25.250000,2.959541,0.000000,-28.169085,1.000000,0.079502,0.000001929,
2256900,28.209541,25.250000,2.959541,0.000000,-28.209541,1.000000,0.079499,0.000001968,
2257000,28.229771,25.250000,2.979771,0.000000,-28.209541,1.000000,0.079460,0.000001966,
2257100,28.229771,25.000000,3.229771,0.000000,-28.209541,1.000000,0.079410,0.000001971,
2257200,28.229771,25.000000,3.229771,0.000000,-28.209541,1.000000,0.079375,0.000001954,
2257300,28.114885,25.000000,3.114885,0.000000,-28.229771,1.000000,0.079294,0.000001949,
2257400,28.114885,25.000000,3.114885,0.000000,-28.229771,1.000000,0.079281,0.000001947,
2257500,28.114885,25.000000,3.114885,0.000000,-28.229771,1.000000,0.079296,0.000001950,
2257600,28.182442,25.000000,3.182442,0.000000,-28.229771,1.000000,0.079224,0.000001953,
2257700,28.182442,25.000000,3.182442,0.000000,-28.182442,1.000000,0.079266,0.000001966,
2257800,28.182442,25.000000,3.182442,0.000000,-28.182442,1.000000,0.079263,0.000001999,
2257900,28.216221,25.000000,3.216221,0.000000,-28.182442,1.000000,0.079217,0.000002001,
2258000,28.216221,25.000000,3.216221,0.000000,-28.182442,1.000000,0.079232,0.000002010,
2258100,28.216221,25.000000,3.216221,0.000000,-28.216221,1.000000,0.079187,0.000001999,
2258200,28.233110,25.000000,3.233110,0.000000,-28.216221,1.000000,0.079155,0.000002008,
2258300,28.233110,25.000000,3.233110,0.000000,-28.216221,1.000000,0.079101,0.000002000,
2258400,28.233110,25.000000,3.233110,0.000000,-28.216221,1.000000,0.079087,0.000002004,
2258500,28.241554,25.000000,3.241554,0.000000,-28.233110,1.000000,0.079038,0.000001964,
2258600,28.241554,25.000000,3.241554,0.000000,-28.233110,1.000000,0.079042,0.000001954,
2258700,28.241554,25.000000,3.241554,0.000000,-28.233110,1.000000,0.079021,0.000001949,
2258800,28.245777,25.000000,3.245777,0.000000,-28.233110,1.000000,0.078976,0.000001910,
2258900,28.245777,25.000000,3.245777,0.000000,-28.245777,1.000000,0.078947,0.000001931,
2259000,28.245777,25.000000,3.245777,0.000000,-28.245777,1.000000,0.078944,0.000001935,
2259100,28.247889,25.000000,3.247889,0.000000,-28.245777,1.000000,0.078960,0.000001939,
2259200,28.247889,24.750000,3.497889,0.000000,-28.245777,1.000000,0.078941,0.000001936,
2259300,28.247889,24.750000,3.497889,0.000000,-28.247889,1.000000,0.078891,0.000001941,
2259400,28.123943,24.750000,3.373943,0.000000,-28.247889,1.000000,0.078867,0.000001949,
2259500,28.123943,25.000000,3.123943,0.000000,-28.247889,1.000000,0.078820,0.000001949,
2259600,28.123943,25.000000,3.123943,0.000000,-28.247889,1.000000,0.078712,0.000001964,
2259700,28.061972,25.000000,3.061972,0.000000,-28.123943,1.000000,0.078688,0.000001959,
2259800,28.061972,25.000000,3.061972,0.000000,-28.123943,1.000000,0.078637,0.000001941,
2259900,28.061972,25.000000,3.061972,0.000000,-28.123943,1.000000,0.078622,0.000001932,
2260000,28.155987,25.000000,3.155987,0.000000,-28.123943,1.000000,0.078575,0.000001925,
2260100,28.155987,25.000000,3.155987,0.000000,-28.155987,1.000000,0.078614,0.000001914,
2260200,28.155987,25.000000,3.155987,0.000000,-28.155987,1.000000,0.078590,0.000001919,
2260300,28.202993,25.000000,3.202993,0.000000,-28.155987,1.000000,0.078522,0.000001916,
2260400,28.202993,25.000000,3.202993,0.000000,-28.155987,1.000000,0.078509,0.000001966,
2260500,28.202993,25.000000,3.202993,0.000000,-28.202993,1.000000,0.078472,0.000001968,
2260600,28.226498,25.000000,3.226498,0.000000,-28.202993,1.000000,0.078461,0.000001959,
2260700,28.226498,25.000000,3.226498,0.000000,-28.202993,1.000000,0.078481,0.000001937,
2260800,28.226498,25.000000,3.226498,0.000000,-28.202993,1.000000,0.078493,0.000001918,
2260900,28.238249,25.000000,3.238249,0.000000,-28.226498,1.000000,0.078446,0.000001937,
2261000,28.238249,25.000000,3.238249,0.000000,-28.226498,1.000000,0.078411,0.000001929,
2261100,28.238249,25.000000,3.238249,0.000000,-28.226498,1.000000,0.078415,0.000001954,
2261200,28.244125,25.000000,3.244125,0.000000,-28.226498,1.000000,0.078394,0.000001954,
2261300,28.244125,24.750000,3.494125,0.000000,-28.244125,1.000000,0.078378,0.000001944,
2261400,28.244125,24.750000,3.494125,0.000000,-28.244125,1.000000,0.078319,0.000001947,
2261500,27.997063,24.750000,3.247063,0.000000,-28.244125,1.000000,0.078276,0.000001958,
2261600,27.997063,25.000000,2.997063,0.000000,-28.244125,1.000000,0.078202,0.000001944,
2261700,27.997063,25.000000,2.997063,0.000000,-27.997063,1.000000,0.078155,0.000001935,
2261800,27.873531,25.000000,2.873531,0.000000,-27.997063,1.000000,0.078099,0.000001947,
2261900,27.873531,24.500000,3.373531,0.000000,-27.997063,1.000000,0.078108,0.000001925,
2262000,27.873531,24.500000,3.373531,0.000000,-27.997063,1.000000,0.078110,0.000001955,
2262100,28.061766,24.500000,3.561766,0.000000,-27.873531,1.000000,0.078115,0.000001952,
2262200,28.061766,24.500000,3.561766,0.000000,-27.873531,1.000000,0.078048,0.000001939,
2262300,28.061766,24.500000,3.561766,0.000000,-27.873531,1.000000,0.078030,0.000001948,
2262400,28.155884,24.500000,3.655884,0.000000,-27.873531,1.000000,0.078006,0.000001975,
2262500,28.155884,25.000000,3.155884,0.000000,-28.155884,1.000000,0.078004,0.000001972,
2262600,28.155884,25.000000,3.155884,0.000000,-28.155884,1.000000,0.077959,0.000001964,
2262700,27.952942,25.000000,2.952942,0.000000,-28.155884,1.000000,0.077944,0.000001968,
2262800,27.952942,25.250000,2.702942,0.000000,-28.155884,1.000000,0.077884,0.000001968,
2262900,27.952942,25.250000,2.702942,0.000000,-27.952942,1.000000,0.077873,0.000001975,
2263000,27.851471,25.250000,2.601471,0.000000,-27.952942,1.000000,0.077849,0.000001981,
2263100,27.851471,24.500000,3.351471,0.000000,-27.952942,1.000000,0.077827,0.000002018,
2263200,27.851471,24.500000,3.351471,0.000000,-27.952942,1.000000,0.077757,0.000002022,
2263300,28.050735,24.500000,3.550735,0.000000,-27.851471,1.000000,0.077734,0.000002008,
2263400,28.050735,25.000000,3.050735,0.000000,-27.851471,1.000000,0.077692,0.000001978,
2263500,28.050735,25.000000,3.050735,0.000000,-27.851471,1.000000,0.077682,0.000001989,
2263600,28.150368,25.000000,3.150368,0.000000,-27.851471,1.000000,0.077638,0.000002018,
2263700,28.150368,24.250000,3.900368,0.000000,-28.150368,1.000000,0.077642,0.000002016,
2263800,28.150368,24.250000,3.900368,0.000000,-28.150368,1.000000,0.077610,0.000002026,
2263900,27.950184,24.250000,3.700184,0.000000,-28.150368,1.000000,0.077589,0.000001992,
2264000,27.950184,24.500000,3.450184,0.000000,-28.150368,1.000000,0.077524,0.000001994,
2264100,27.950184,24.500000,3.450184,0.000000,-27.950184,1.000000,0.077466,0.000002024,
2264200,28.100092,24.500000,3.600092,0.000000,-27.950184,1.000000,0.077401,0.000001996,
2264300,28.100092,25.000000,3.100092,0.000000,-27.950184,1.000000,0.077437,0.000002014,
2264400,28.100092,25.000000,3.100092,0.000000,-27.950184,1.000000,0.077405,0.000002020,
2264500,27.925045,25.000000,2.925045,0.000000,-28.100092,1.000000,0.077403,0.000002031,
2264600,27.925045,24.000000,3.925045,0.000000,-28.100092,1.000000,0.077330,0.000002050,
2264700,27.925045,24.000000,3.925045,0.000000,-28.100092,1.000000,0.077228,0.000002021,
2264800,28.087523,24.000000,4.087523,0.000000,-28.100092,1.000000,0.077132,0.000002017,
2264900,28.087523,25.000000,3.087523,0.000000,-28.087523,1.000000,0.077137,0.000001993,
2265000,28.087523,25.000000,3.087523,0.000000,-28.087523,1.000000,0.077100,0.000001989,
2265100,28.168762,25.000000,3.168762,0.000000,-28.087523,1.000000,0.077099,0.000001992,
2265200,28.168762,24.750000,3.418762,0.000000,-28.087523,1.000000,0.077071,0.000002000,
2265300,28.168762,24.750000,3.418762,0.000000,-28.168762,1.000000,0.077108,0.000001988,
2265400,28.084381,24.750000,3.334381,0.000000,-28.168762,1.000000,0.077058,0.000001996,
2265500,28.084381,25.000000,3.084381,0.000000,-28.168762,1.000000,0.077053,0.000001998,
2265600,28.084381,25.000000,3.084381,0.000000,-28.168762,1.000000,0.077009,0.000001986,
2265700,28.167191,25.000000,3.167191,0.000000,-28.084381,1.000000,0.076962,0.000001950,
2265800,28.167191,25.000000,3.167191,0.000000,-28.084381,1.000000,0.076946,0.000001939,
2265900,28.167191,25.000000,3.167191,0.000000,-28.084381,1.000000,0.076900,0.000001942,
2266000,28.083595,25.000000,3.083595,0.000000,-28.084381,1.000000,0.076874,0.000001926,
2266100,28.083595,25.000000,3.083595,0.000000,-28.083595,1.000000,0.076870,0.000001926,
2266200,28.083595,25.000000,3.083595,0.000000,-28.083595,1.000000,0.076826,0.000001946,
2266300,28.041798,25.000000,3.041798,0.000000,-28.083595,1.000000,0.076820,0.000001971,
2266400,28.041798,25.000000,3.041798,0.000000,-28.083595,1.000000,0.076824,0.000001971,
2266500,28.041798,25.000000,3.041798,0.000000,-28.041798,1.000000,0.076780,0.000001967,
2266600,28.270899,25.000000,3.270899,0.000000,-28.041798,1.000000,0.076709,0.000001962,
2266700,28.270899,24.500000,3.770899,0.000000,-28.041798,1.000000,0.076688,0.000001964,
2266800,28.270899,24.500000,3.770899,0.000000,-28.041798,1.000000,0.076655,0.000001936,
2266900,28.010448,24.500000,3.510448,0.000000,-28.270899,1.000000,0.076653,0.000001935,
2267000,28.010448,25.250000,2.760448,0.000000,-28.270899,1.000000,0.076630,0.000001901,
2267100,28.010448,25.250000,2.760448,0.000000,-28.270899,1.000000,0.076617,0.000001926,
2267200,28.255224,25.250000,3.005224,0.000000,-28.270899,1.000000,0.076609,0.000001926,
2267300,28.255224,25.000000,3.255224,0.000000,-28.255224,1.000000,0.076588,0.000001937,
2267400,28.255224,25.000000,3.255224,0.000000,-28.255224,1.000000,0.076552,0.000001925,
2267500,28.002613,25.000000,3.002613,0.000000,-28.255224,1.000000,0.076478,0.000001929,
2267600,28.002613,25.250000,2.752613,0.000000,-28.255224,1.000000,0.076503,0.000001929,
2267700,28.002613,25.250000,2.752613,0.000000,-28.002613,1.000000,0.076439,0.000001928,
2267800,27.876307,25.250000,2.626307,0.000000,-28.002613,1.000000,0.076411,0.000001945,
2267900,27.876307,25.000000,2.876307,0.000000,-28.002613,1.000000,0.076388,0.000001944,
2268000,27.876307,25.000000,2.876307,0.000000,-28.002613,1.000000,0.076354,0.000001921,
2268100,27.938152,25.000000,2.938152,0.000000,-27.876307,1.000000,0.076346,0.000001940,
2268200,27.938152,25.000000,2.938152,0.000000,-27.876307,1.000000,0.076311,0.000001927,
2268300,27.938152,25.000000,2.938152,0.000000,-27.876307,1.000000,0.076265,0.000001931,
2268400,27.969076,25.000000,2.969076,0.000000,-27.876307,1.000000,0.076212,0.000001908,
2268500,27.969076,25.000000,2.969076,0.000000,-27.969076,1.000000,0.076176,0.000001916,
2268600,27.969076,25.000000,2.969076,0.000000,-27.969076,1.000000,0.076164,0.000001938,
2268700,27.984539,25.000000,2.984539,0.000000,-27.969076,1.000000,0.076144,0.000001923,
2268800,27.984539,25.250000,2.734539,0.000000,-27.969076,1.000000,0.076123,0.000001940,
2268900,27.984539,25.250000,2.734539,0.000000,-27.984539,1.000000,0.076058,0.000001920,
2269000,27.992270,25.250000,2.742270,0.000000,-27.984539,1.000000,0.076064,0.000001921,
2269100,27.992270,25.000000,2.992270,0.000000,-27.984539,1.000000,0.076050,0.000001925,
2269200,27.992270,25.000000,2.992270,0.000000,-27.984539,1.000000,0.075974,0.000001938,
2269300,28.121136,25.000000,3.121136,0.000000,-27.992270,1.000000,0.075955,0.000001915,
2269400,28.121136,24.750000,3.371136,0.000000,-27.992270,1.000000,0.075930,0.000001955,
2269500,28.121136,24.750000,3.371136,0.000000,-27.992270,1.000000,0.075905,0.000001962,
2269600,28.060568,24.750000,3.310568,0.000000,-27.992270,1.000000,0.075840,0.000001960,
2269700,28.060568,24.750000,3.310568,0.000000,-28.060568,1.000000,0.075767,0.000001958,
2269800,28.060568,24.750000,3.310568,0.000000,-28.060568,1.000000,0.075755,0.000001957,
2269900,28.030285,24.750000,3.280285,0.000000,-28.060568,1.000000,0.075746,0.000001934,
2270000,28.030285,25.000000,3.030285,0.000000,-28.060568,1.000000,0.075722,0.000001931,
2270100,28.030285,25.000000,3.030285,0.000000,-28.030285,1.000000,0.075717,0.000001941,
2270200,28.015142,25.000000,3.015142,0.000000,-28.030285,1.000000,0.075702,0.000001970,
2270300,28.015142,24.750000,3.265142,0.000000,-28.030285,1.000000,0.075663,0.000001971,
2270400,28.015142,24.750000,3.265142,0.000000,-28.030285,1.000000,0.075596,0.000001968,
2270500,28.007572,24.750000,3.257572,0.000000,-28.015142,1.000000,0.075601,0.000001945,
2270600,28.007572,25.000000,3.007572,0.000000,-28.015142,1.000000,0.075552,0.000001982,
2270700,28.007572,25.000000,3.007572,0.000000,-28.015142,1.000000,0.075585,0.000001970,
2270800,28.003786,25.000000,3.003786,0.000000,-28.015142,1.000000,0.075535,0.000001947,
2270900,28.003786,25.000000,3.003786,0.000000,-28.003786,1.000000,0.075516,0.000001920,
2271000,28.003786,25.000000,3.003786,0.000000,-28.003786,1.000000,0.075523,0.000001928,
2271100,28.126892,25.000000,3.126892,0.000000,-28.003786,1.000000,0.075534,0.000001913,
2271200,28.126892,25.000000,3.126892,0.000000,-28.003786,1.000000,0.075533,0.000001914,
2271300,28.126892,25.000000,3.126892,0.000000,-28.126892,1.000000,0.075465,0.000001917,
2271400,28.063446,25.000000,3.063446,0.000000,-28.126892,1.000000,0.075454,0.000001932,
2271500,28.063446,25.000000,3.063446,0.000000,-28.126892,1.000000,0.075471,0.000001935,
2271600,28.063446,25.000000,3.063446,0.000000,-28.126892,1.000000,0.075447,0.000001934,
2271700,28.031723,25.000000,3.031723,0.000000,-28.063446,1.000000,0.075388,0.000001951,
2271800,28.031723,25.000000,3.031723,0.000000,-28.063446,1.000000,0.075327,0.000001951,
2271900,28.031723,25.000000,3.031723,0.000000,-28.063446,1.000000,0.075326,0.000001915,
2272000,28.015862,25.000000,3.015862,0.000000,-28.063446,1.000000,0.075326,0.000001912,
2272100,28.015862,25.000000,3.015862,0.000000,-28.015862,1.000000,0.075260,0.000001895,
2272200,28.015862,25.000000,3.015862,0.000000,-28.015862,1.000000,0.075241,0.000001894,
2272300,28.007931,25.000000,3.007931,0.000000,-28.015862,1.000000,0.075194,0.000001869,
2272400,28.007931,24.750000,3.257931,0.000000,-28.015862,1.000000,0.075156,0.000001891,
2272500,28.007931,24.750000,3.257931,0.000000,-28.007931,1.000000,0.075183,0.000001900,
2272600,28.003965,24.750000,3.253965,0.000000,-28.007931,1.000000,0.075145,0.000001893,
2272700,28.003965,24.750000,3.253965,0.000000,-28.007931,1.000000,0.075123,0.000001901,
2272800,28.003965,24.750000,3.253965,0.000000,-28.007931,1.000000,0.075049,0.000001919,
2272900,28.001984,24.750000,3.251984,0.000000,-28.003965,1.000000,0.074992,0.000001904,
2273000,28.001984,25.000000,3.001984,0.000000,-28.003965,1.000000,0.075006,0.000001920,
2273100,28.001984,25.000000,3.001984,0.000000,-28.003965,1.000000,0.074961,0.000001933,
2273200,27.750992,25.000000,2.750992,0.000000,-28.003965,1.000000,0.074959,0.000001932,
2273300,27.750992,25.250000,2.500992,0.000000,-27.750992,1.000000,0.074886,0.000001955,
2273400,27.750992,25.250000,2.500992,0.000000,-27.750992,1.000000,0.074890,0.000001953,
2273500,27.875496,25.250000,2.625496,0.000000,-27.750992,1.000000,0.074835,0.000001962,
2273600,27.875496,25.000000,2.875496,0.000000,-27.750992,1.000000,0.074810,0.000001974,
2273700,27.875496,25.000000,2.875496,0.000000,-27.875496,1.000000,0.074801,0.000001981,
2273800,27.812748,25.000000,2.812748,0.000000,-27.875496,1.000000,0.074736,0.000001979,
2273900,27.812748,25.000000,2.812748,0.000000,-27.875496,1.000000,0.074758,0.000001988,
2274000,27.812748,25.000000,2.812748,0.000000,-27.875496,1.000000,0.074752,0.000001976,
2274100,27.781374,25.000000,2.781374,0.000000,-27.812748,1.000000,0.074730,0.000001973,
2274200,27.781374,24.500000,3.281374,0.000000,-27.812748,1.000000,0.074744,0.000001964,
2274300,27.781374,24.500000,3.281374,0.000000,-27.812748,1.000000,0.074718,0.000001952,
2274400,27.765686,24.500000,3.265686,0.000000,-27.812748,1.000000,0.074692,0.000001962,
2274500,27.765686,25.000000,2.765686,0.000000,-27.765686,1.000000,0.074671,0.000001954,
2274600,27.765686,25.000000,2.765686,0.000000,-27.765686,1.000000,0.074629,0.000001965,
2274700,27.882843,25.000000,2.882843,0.000000,-27.765686,1.000000,0.074613,0.000001978,
2274800,27.882843,24.750000,3.132843,0.000000,-27.765686,1.000000,0.074592,0.000001977,
2274900,27.882843,24.750000,3.132843,0.000000,-27.882843,1.000000,0.074555,0.000001972,
2275000,27.816422,24.750000,3.066422,0.000000,-27.882843,1.000000,0.074512,0.000001975,
2275100,27.816422,25.000000,2.816422,0.000000,-27.882843,1.000000,0.074483,0.000001973,
2275200,27.816422,25.000000,2.816422,0.000000,-27.882843,1.000000,0.074448,0.000001970,
2275300,27.783211,25.000000,2.783211,0.000000,-27.816422,1.000000,0.074443,0.000001967,
2275400,27.783211,25.250000,2.533211,0.000000,-27.816422,1.000000,0.074439,0.000001985,
2275500,27.783211,25.250000,2.533211,0.000000,-27.816422,1.000000,0.074398,0.000001980,
2275600,27.766605,25.250000,2.516605,0.000000,-27.816422,1.000000,0.074393,0.000001972,
2275700,27.766605,25.000000,2.766605,0.000000,-27.766605,1.000000,0.074351,0.000001985,
2275800,27.766605,25.000000,2.766605,0.000000,-27.766605,1.000000,0.074324,0.000001979,
2275900,28.008303,25.000000,3.008303,0.000000,-27.766605,1.000000,0.074318,0.000001955,
2276000,28.008303,24.500000,3.508303,0.000000,-27.766605,1.000000,0.074297,0.000001942,
2276100,28.008303,24.500000,3.508303,0.000000,-28.008303,1.000000,0.074252,0.000001980,
2276200,27.879150,24.500000,3.379150,0.000000,-28.008303,1.000000,0.074257,0.000001944,
2276300,27.879150,24.750000,3.129150,0.000000,-28.008303,1.000000,0.074224,0.000001981,
2276400,27.879150,24.750000,3.129150,0.000000,-28.008303,1.000000,0.074240,0.000002014,
2276500,27.814575,24.750000,3.064575,0.000000,-27.879150,1.000000,0.074188,0.000002014,
2276600,27.814575,25.000000,2.814575,0.000000,-27.879150,1.000000,0.074144,0.000002017,
2276700,27.814575,25.000000,2.814575,0.000000,-27.879150,1.000000,0.074142,0.000002002,
2276800,27.782288,25.000000,2.782288,0.000000,-27.879150,1.000000,0.074142,0.000001990,
2276900,27.782288,25.000000,2.782288,0.000000,-27.782288,1.000000,0.074097,0.000001977,
2277000,27.782288,25.000000,2.782288,0.000000,-27.782288,1.000000,0.074043,0.000001973,
2277100,27.891144,25.000000,2.891144,0.000000,-27.782288,1.000000,0.074007,0.000001960,
2277200,27.891144,24.500000,3.391144,0.000000,-27.782288,1.000000,0.073986,0.000001963,
2277300,27.891144,24.500000,3.391144,0.000000,-27.891144,1.000000,0.073998,0.000001984,
2277400,27.820572,24.500000,3.320572,0.000000,-27.891144,1.000000,0.073969,0.000001978,
2277500,27.820572,25.000000,2.820572,0.000000,-27.891144,1.000000,0.074017,0.000001973,
2277600,27.820572,25.000000,2.820572,0.000000,-27.891144,1.000000,0.074008,0.000001978,
2277700,27.660286,25.000000,2.660286,0.000000,-27.820572,1.000000,0.073962,0.000001955,
2277800,27.660286,25.000000,2.660286,0.000000,-27.820572,1.000000,0.073910,0.000001959,
2277900,27.660286,25.000000,2.660286,0.000000,-27.820572,1.000000,0.073863,0.000001959,
2278000,27.705143,25.000000,2.705143,0.000000,-27.820572,1.000000,0.073813,0.000001941,
2278100,27.705143,25.000000,2.705143,0.000000,-27.705143,1.000000,0.073776,0.000001947,
2278200,27.705143,25.000000,2.705143,0.000000,-27.705143,1.000000,0.073783,0.000001966,
2278300,27.852571,25.000000,2.852571,0.000000,-27.705143,1.000000,0.073728,0.000001969,
2278400,27.926285,25.000000,2.926285,0.000000,-27.705143,1.000000,0.073667,0.000001969,
2278500,27.926285,25.000000,2.926285,0.000000,-27.926285,1.000000,0.073651,0.000001953,
2278600,27.926285,25.000000,2.926285,0.000000,-27.926285,1.000000,0.073566,0.000001960,
2278700,27.588142,25.000000,2.588142,0.000000,-27.926285,1.000000,0.073506,0.000001956,
2278800,27.588142,24.500000,3.088142,0.000000,-27.926285,1.000000,0.073491,0.000001974,
2278900,27.588142,24.500000,3.088142,0.000000,-27.588142,1.000000,0.073499,0.000001968,
2279000,27.919071,24.500000,3.419071,0.000000,-27.588142,1.000000,0.073466,0.000001963,
2279100,27.919071,25.000000,2.919071,0.000000,-27.588142,1.000000,0.073432,0.000001972,
2279200,27.919071,25.000000,2.919071,0.000000,-27.588142,1.000000,0.073374,0.000001995,
2279300,27.834536,25.000000,2.834536,0.000000,-27.919071,1.000000,0.073338,0.000001977,
2279400,27.834536,25.000000,2.834536,0.000000,-27.919071,1.000000,0.073360,0.000001987,
2279500,27.834536,25.000000,2.834536,0.000000,-27.919071,1.000000,0.073357,0.000001996,
2279600,27.917267,25.000000,2.917267,0.000000,-27.919071,1.000000,0.073342,0.000001978,
2279700,27.917267,25.250000,2.667267,0.000000,-27.917267,1.000000,0.073337,0.000001958,
2279800,27.917267,25.250000,2.667267,0.000000,-27.917267,1.000000,0.073327,0.000001938,
2279900,27.958633,25.250000,2.708633,0.000000,-27.917267,1.000000,0.073278,0.000001918,
2280000,27.958633,25.000000,2.958633,0.000000,-27.917267,1.000000,0.073268,0.000001946,
2280100,27.958633,25.000000,2.958633,0.000000,-27.958633,1.000000,0.073208,0.000001943,
2280200,27.979317,25.000000,2.979317,0.000000,-27.958633,1.000000,0.073215,0.000001917,
2280300,27.979317,25.000000,2.979317,0.000000,-27.958633,1.000000,0.073225,0.000001943,
2280400,27.979317,25.000000,2.979317,0.000000,-27.958633,1.000000,0.073243,0.000001944,
2280500,27.864658,25.000000,2.864658,0.000000,-27.979317,1.000000,0.073213,0.000001950,
2280600,27.864658,24.750000,3.114658,0.000000,-27.979317,1.000000,0.073138,0.000001960,
2280700,27.864658,24.750000,3.114658,0.000000,-27.979317,1.000000,0.073121,0.000001949,
2280800,27.682329,24.750000,2.932329,0.000000,-27.979317,1.000000,0.073120,0.000001938,
2280900,27.682329,25.000000,2.682329,0.000000,-27.682329,1.000000,0.073089,0.000001949,
2281000,27.682329,25.000000,2.682329,0.000000,-27.682329,1.000000,0.073052,0.000001927,
2281100,27.841164,25.000000,2.841164,0.000000,-27.682329,1.000000,0.073005,0.000001943,
2281200,27.841164,25.000000,2.841164,0.000000,-27.682329,1.000000,0.073036,0.000001961,
2281300,27.841164,25.000000,2.841164,0.000000,-27.841164,1.000000,0.073050,0.000001921,
2281400,28.045582,25.000000,3.045582,0.000000,-27.841164,1.000000,0.073007,0.000001905,
2281500,28.045582,25.250000,2.795582,0.000000,-27.841164,1.000000,0.073010,0.000001905,
2281600,28.045582,25.250000,2.795582,0.000000,-27.841164,1.000000,0.072955,0.000001891,
2281700,28.022791,25.250000,2.772791,0.000000,-28.045582,1.000000,0.072931,0.000001910,
2281800,28.022791,25.000000,3.022791,0.000000,-28.045582,1.000000,0.072878,0.000001938,
2281900,28.022791,25.000000,3.022791,0.000000,-28.045582,1.000000,0.072831,0.000001954,
2282000,28.011395,25.000000,3.011395,0.000000,-28.045582,1.000000,0.072809,0.000001952,
2282100,28.011395,24.750000,3.261395,0.000000,-28.011395,1.000000,0.072791,0.000001987,
2282200,28.011395,24.750000,3.261395,0.000000,-28.011395,1.000000,0.072775,0.000001986,
2282300,28.005697,24.750000,3.255697,0.000000,-28.011395,1.000000,0.072720,0.000002005,
2282400,28.005697,25.000000,3.005697,0.000000,-28.011395,1.000000,0.072725,0.000002021,
2282500,28.005697,25.000000,3.005697,0.000000,-28.005697,1.000000,0.072702,0.000002008,
2282600,28.127850,25.000000,3.127850,0.000000,-28.005697,1.000000,0.072675,0.000002003,
2282700,28.127850,25.000000,3.127850,0.000000,-28.005697,1.000000,0.072650,0.000001956,
2282800,28.127850,25.000000,3.127850,0.000000,-28.005697,1.000000,0.072598,0.000001958,
2282900,27.938925,25.000000,2.938925,0.000000,-28.127850,1.000000,0.072570,0.000001977,
2283000,27.938925,24.750000,3.188925,0.000000,-28.127850,1.000000,0.072570,0.000001974,
2283100,27.938925,24.750000,3.188925,0.000000,-28.127850,1.000000,0.072566,0.000001969,
2283200,27.719463,24.750000,2.969463,0.000000,-28.127850,1.000000,0.072559,0.000001950,
2283300,27.719463,25.000000,2.719463,0.000000,-27.719463,1.000000,0.072532,0.000001930,
2283400,27.719463,25.000000,2.719463,0.000000,-27.719463,1.000000,0.072537,0.000001923,
2283500,27.734732,25.000000,2.734732,0.000000,-27.719463,1.000000,0.072544,0.000001918,
2283600,27.734732,24.750000,2.984732,0.000000,-27.719463,1.000000,0.072494,0.000001949,
2283700,27.734732,24.750000,2.984732,0.000000,-27.734732,1.000000,0.072454,0.000001916,
2283800,27.867367,24.750000,3.117367,0.000000,-27.734732,1.000000,0.072430,0.000001913,
2283900,27.867367,24.750000,3.117367,0.000000,-27.734732,1.000000,0.072446,0.000001940,
2284000,27.867367,24.750000,3.117367,0.000000,-27.734732,1.000000,0.072450,0.000001909,
2284100,27.933683,24.750000,3.183683,0.000000,-27.867367,1.000000,0.072446,0.000001896,
2284200,27.933683,25.000000,2.933683,0.000000,-27.867367,1.000000,0.072412,0.000001895,
2284300,27.933683,25.000000,2.933683,0.000000,-27.867367,1.000000,0.072398,0.000001873,
2284400,27.716843,25.000000,2.716843,0.000000,-27.867367,1.000000,0.072357,0.000001880,
2284500,27.716843,24.750000,2.966843,0.000000,-27.716843,1.000000,0.072303,0.000001882,
2284600,27.716843,24.750000,2.966843,0.000000,-27.716843,1.000000,0.072277,0.000001889,
2284700,27.733421,24.750000,2.983421,0.000000,-27.716843,1.000000,0.072299,0.000001903,
2284800,27.733421,24.750000,2.983421,0.000000,-27.716843,1.000000,0.072261,0.000001885,
2284900,27.733421,24.750000,2.983421,0.000000,-27.733421,1.000000,0.072268,0.000001896,
2285000,27.741711,24.750000,2.991711,0.000000,-27.733421,1.000000,0.072280,0.000001905,
2285100,27.741711,25.250000,2.491711,0.000000,-27.733421,1.000000,0.072217,0.000001912,
2285200,27.741711,25.250000,2.491711,0.000000,-27.733421,1.000000,0.072159,0.000001921,
2285300,27.745855,25.250000,2.495855,0.000000,-27.741711,1.000000,0.072101,0.000001928,
2285400,27.745855,25.000000,2.745855,0.000000,-27.741711,1.000000,0.072046,0.000001925,
2285500,27.745855,25.000000,2.745855,0.000000,-27.741711,1.000000,0.072027,0.000001916,
2285600,27.622929,25.000000,2.622929,0.000000,-27.741711,1.000000,0.071998,0.000001925,
2285700,27.622929,24.500000,3.122929,0.000000,-27.622929,1.000000,0.071982,0.000001928,
2285800,27.622929,24.500000,3.122929,0.000000,-27.622929,1.000000,0.071995,0.000001944,
2285900,27.686464,24.500000,3.186464,0.000000,-27.622929,1.000000,0.071957,0.000001963,
2286000,27.686464,25.000000,2.686464,0.000000,-27.622929,1.000000,0.071982,0.000001942,
2286100,27.686464,25.000000,2.686464,0.000000,-27.686464,1.000000,0.071965,0.000001940,
2286200,27.718231,25.000000,2.718231,0.000000,-27.686464,1.000000,0.071953,0.000001955,
2286300,27.718231,25.250000,2.468231,0.000000,-27.686464,1.000000,0.071880,0.000001969,
2286400,27.718231,25.250000,2.468231,0.000000,-27.686464,1.000000,0.071885,0.000001936,
2286500,27.859116,25.250000,2.609116,0.000000,-27.718231,1.000000,0.071837,0.000001939,
2286600,27.859116,25.250000,2.609116,0.000000,-27.718231,1.000000,0.071795,0.000001957,
2286700,27.859116,25.250000,2.609116,0.000000,-27.718231,1.000000,0.071771,0.000001956,
2286800,27.929558,25.250000,2.679558,0.000000,-27.718231,1.000000,0.071800,0.000001944,
2286900,27.929558,24.500000,3.429558,0.000000,-27.929558,1.000000,0.071762,0.000001941,
2287000,27.929558,24.500000,3.429558,0.000000,-27.929558,1.000000,0.071775,0.000001951,
2287100,27.964779,24.500000,3.464779,0.000000,-27.929558,1.000000,0.071801,0.000001932,
2287200,27.964779,24.500000,3.464779,0.000000,-27.929558,1.000000,0.071764,0.000001929,
2287300,27.964779,24.500000,3.464779,0.000000,-27.964779,1.000000,0.071740,0.000001959,
2287400,27.732389,24.500000,3.232389,0.000000,-27.964779,1.000000,0.071748,0.000001982,
2287500,27.732389,24.750000,2.982389,0.000000,-27.964779,1.000000,0.071690,0.000001979,
2287600,27.732389,24.750000,2.982389,0.000000,-27.964779,1.000000,0.071628,0.000001981,
2287700,27.741196,24.750000,2.991196,0.000000,-27.732389,1.000000,0.071623,0.000002008,
2287800,27.741196,25.000000,2.741196,0.000000,-27.732389,1.000000,0.071598,0.000001995,
2287900,27.741196,25.000000,2.741196,0.000000,-27.732389,1.000000,0.071560,0.000001983,
2288000,27.745598,25.000000,2.745598,0.000000,-27.732389,1.000000,0.071561,0.000001995,
2288100,27.745598,24.750000,2.995598,0.000000,-27.745598,1.000000,0.071528,0.000001996,
2288200,27.745598,24.750000,2.995598,0.000000,-27.745598,1.000000,0.071515,0.000001991,
2288300,27.872799,24.750000,3.122799,0.000000,-27.745598,1.000000,0.071452,0.000001992,
2288400,27.872799,25.000000,2.872799,0.000000,-27.745598,1.000000,0.071410,0.000002020,
2288500,27.872799,25.000000,2.872799,0.000000,-27.872799,1.000000,0.071368,0.000002006,
2288600,27.936399,25.000000,2.936399,0.000000,-27.872799,1.000000,0.071350,0.000001991,
2288700,27.936399,25.000000,2.936399,0.000000,-27.872799,1.000000,0.071273,0.000002005,
2288800,27.936399,25.000000,2.936399,0.000000,-27.872799,1.000000,0.071255,0.000002023,
2288900,27.968201,25.000000,2.968201,0.000000,-27.936399,1.000000,0.071228,0.000002034,
2289000,27.968201,24.500000,3.468201,0.000000,-27.936399,1.000000,0.071213,0.000002020,
2289100,27.968201,24.500000,3.468201,0.000000,-27.936399,1.000000,0.071202,0.000002027,
2289200,27.859100,24.500000,3.359100,0.000000,-27.936399,1.000000,0.071161,0.000002002,
2289300,27.859100,25.000000,2.859100,0.000000,-27.859100,1.000000,0.071171,0.000002013,
2289400,27.859100,25.000000,2.859100,0.000000,-27.859100,1.000000,0.071129,0.000002015,
2289500,27.804550,25.000000,2.804550,0.000000,-27.859100,1.000000,0.071088,0.000001990,
2289600,27.804550,25.000000,2.804550,0.000000,-27.859100,1.000000,0.071050,0.000001981,
2289700,27.804550,25.000000,2.804550,0.000000,-27.804550,1.000000,0.071025,0.000001973,
2289800,27.777275,25.000000,2.777275,0.000000,-27.804550,1.000000,0.071049,0.000001951,
2289900,27.777275,24.750000,3.027275,0.000000,-27.804550,1.000000,0.071011,0.000001951,
2290000,27.777275,24.750000,3.027275,0.000000,-27.804550,1.000000,0.071055,0.000001958,
2290100,27.638638,24.750000,2.888638,0.000000,-27.777275,1.000000,0.071024,0.000001946,
2290200,27.638638,25.250000,2.388638,0.000000,-27.777275,1.000000,0.070972,0.000001939,
2290300,27.638638,25.250000,2.388638,0.000000,-27.777275,1.000000,0.070978,0.000001931,
2290400,27.819319,25.250000,2.569319,0.000000,-27.777275,1.000000,0.070939,0.000001929,
2290500,27.819319,24.750000,3.069319,0.000000,-27.819319,1.000000,0.070931,0.000001932,
2290600,27.819319,24.750000,3.069319,0.000000,-27.819319,1.000000,0.070865,0.000001969,
2290700,27.784660,24.750000,3.034660,0.000000,-27.819319,1.000000,0.070847,0.000001967,
2290800,27.784660,25.000000,2.784660,0.000000,-27.819319,1.000000,0.070839,0.000001979,
2290900,27.784660,25.000000,2.784660,0.000000,-27.784660,1.000000,0.070833,0.000001987,
2291000,27.892330,25.000000,2.892330,0.000000,-27.784660,1.000000,0.070832,0.000001968,
2291100,27.892330,25.250000,2.642330,0.000000,-27.784660,1.000000,0.070822,0.000001937,
2291200,27.892330,25.250000,2.642330,0.000000,-27.784660,1.000000,0.070803,0.000001949,
2291300,27.821165,25.250000,2.571165,0.000000,-27.892330,1.000000,0.070770,0.000001973,
2291400,27.821165,24.750000,3.071165,0.000000,-27.892330,1.000000,0.070722,0.000001956,
2291500,27.821165,24.750000,3.071165,0.000000,-27.892330,1.000000,0.070711,0.000001954,
2291600,27.910583,24.750000,3.160583,0.000000,-27.892330,1.000000,0.070688,0.000001967,
2291700,27.910583,25.000000,2.910583,0.000000,-27.910583,1.000000,0.070700,0.000001980,
2291800,27.910583,25.000000,2.910583,0.000000,-27.910583,1.000000,0.070594,0.000001964,
2291900,27.830292,25.000000,2.830292,0.000000,-27.910583,1.000000,0.070581,0.000001967,
2292000,27.830292,25.000000,2.830292,0.000000,-27.910583,1.000000,0.070574,0.000001976,
2292100,27.830292,25.000000,2.830292,0.000000,-27.830292,1.000000,0.070551,0.000002026,
2292200,27.790146,25.000000,2.790146,0.000000,-27.830292,1.000000,0.070529,0.000002039,
2292300,27.790146,24.750000,3.040146,0.000000,-27.830292,1.000000,0.070479,0.000002032,
2292400,27.790146,24.750000,3.040146,0.000000,-27.830292,1.000000,0.070394,0.000002021,
2292500,27.520073,24.750000,2.770073,0.000000,-27.790146,1.000000,0.070410,0.000001999,
2292600,27.520073,24.000000,3.520073,0.000000,-27.790146,1.000000,0.070391,0.000002014,
2292700,27.520073,24.000000,3.520073,0.000000,-27.790146,1.000000,0.070403,0.000002035,
2292800,27.635036,24.000000,3.635036,0.000000,-27.790146,1.000000,0.070428,0.000002043,
2292900,27.635036,25.250000,2.385036,0.000000,-27.635036,1.000000,0.070423,0.000002060,
2293000,27.635036,25.250000,2.385036,0.000000,-27.635036,1.000000,0.070465,0.000002054,
2293100,27.567518,25.250000,2.317518,0.000000,-27.635036,1.000000,0.070416,0.000002040,
2293200,27.567518,25.250000,2.317518,0.000000,-27.635036,1.000000,0.070453,0.000002060,
2293300,27.567518,25.250000,2.317518,0.000000,-27.567518,1.000000,0.070406,0.000002043,
2293400,27.658760,25.250000,2.408760,0.000000,-27.567518,1.000000,0.070389,0.000002032,
2293500,27.658760,25.000000,2.658760,0.000000,-27.567518,1.000000,0.070346,0.000001994,
2293600,27.658760,25.000000,2.658760,0.000000,-27.567518,1.000000,0.070329,0.000002005,
2293700,27.704380,25.000000,2.704380,0.000000,-27.658760,1.000000,0.070297,0.000002010,
2293800,27.704380,24.500000,3.204380,0.000000,-27.658760,1.000000,0.070235,0.000001995,
2293900,27.704380,24.500000,3.204380,0.000000,-27.658760,1.000000,0.070169,0.000001971,
2294000,27.727190,24.500000,3.227190,0.000000,-27.658760,1.000000,0.070107,0.000001952,
2294100,27.727190,25.000000,2.727190,0.000000,-27.727190,1.000000,0.070112,0.000001922,
2294200,27.727190,25.000000,2.727190,0.000000,-27.727190,1.000000,0.070098,0.000001898,
2294300,27.988594,25.000000,2.988594,0.000000,-27.727190,1.000000,0.070108,0.000001889,
2294400,27.988594,25.000000,2.988594,0.000000,-27.727190,1.000000,0.070053,0.000001917,
2294500,27.988594,25.000000,2.988594,0.000000,-27.988594,1.000000,0.070010,0.000001958,
2294600,27.869297,25.000000,2.869297,0.000000,-27.988594,1.000000,0.069977,0.000001956,
2294700,27.869297,24.750000,3.119297,0.000000,-27.988594,1.000000,0.070004,0.000001972,
2294800,27.869297,24.750000,3.119297,0.000000,-27.988594,1.000000,0.069999,0.000001955,
2294900,27.809649,24.750000,3.059649,0.000000,-27.869297,1.000000,0.069961,0.000001960,
2295000,27.809649,25.000000,2.809649,0.000000,-27.869297,1.000000,0.069904,0.000001941,
2295100,27.809649,25.000000,2.809649,0.000000,-27.869297,1.000000,0.069911,0.000001951,
2295200,27.779823,25.000000,2.779823,0.000000,-27.869297,1.000000,0.069918,0.000001942,
2295300,27.779823,25.250000,2.529823,0.000000,-27.779823,1.000000,0.069888,0.000001926,
2295400,27.779823,25.250000,2.529823,0.000000,-27.779823,1.000000,0.069850,0.000001938,
2295500,27.764912,25.250000,2.514912,0.000000,-27.779823,1.000000,0.069783,0.000001939,
2295600,27.764912,24.750000,3.014912,0.000000,-27.779823,1.000000,0.069772,0.000001943,
2295700,27.764912,24.750000,3.014912,0.000000,-27.764912,1.000000,0.069765,0.000001942,
2295800,27.882456,24.750000,3.132456,0.000000,-27.764912,1.000000,0.069794,0.000001923,
2295900,27.882456,24.500000,3.382456,0.000000,-27.764912,1.000000,0.069763,0.000001944,
2296000,27.882456,24.500000,3.382456,0.000000,-27.764912,1.000000,0.069737,0.000001949,
2296100,27.941227,24.500000,3.441227,0.000000,-27.882456,1.000000,0.069663,0.000001953,
2296200,27.941227,25.000000,2.941227,0.000000,-27.882456,1.000000,0.069613,0.000001961,
2296300,27.941227,25.000000,2.941227,0.000000,-27.882456,1.000000,0.069637,0.000001958,
2296400,27.845613,25.000000,2.845613,0.000000,-27.882456,1.000000,0.069552,0.000001971,
2296500,27.845613,25.000000,2.845613,0.000000,-27.845613,1.000000,0.069563,0.000001962,
2296600,27.845613,25.000000,2.845613,0.000000,-27.845613,1.000000,0.069559,0.000001938,
2296700,27.797806,25.000000,2.797806,0.000000,-27.845613,1.000000,0.069483,0.000001950,
2296800,27.797806,25.000000,2.797806,0.000000,-27.845613,1.000000,0.069463,0.000001953,
2296900,27.797806,25.000000,2.797806,0.000000,-27.797806,1.000000,0.069458,0.000001942,
2297000,27.523903,25.000000,2.523903,0.000000,-27.797806,1.000000,0.069462,0.000001946,
2297100,27.523903,25.000000,2.523903,0.000000,-27.797806,1.000000,0.069455,0.000001947,
2297200,27.523903,25.000000,2.523903,0.000000,-27.797806,1.000000,0.069435,0.000001952,
2297300,27.511951,25.000000,2.511951,0.000000,-27.523903,1.000000,0.069392,0.000001962,
2297400,27.511951,24.750000,2.761951,0.000000,-27.523903,1.000000,0.069392,0.000001965,
2297500,27.511951,24.750000,2.761951,0.000000,-27.523903,1.000000,0.069405,0.000001984,
2297600,27.505976,24.750000,2.755976,0.000000,-27.523903,1.000000,0.069376,0.000001961,
2297700,27.505976,25.000000,2.505976,0.000000,-27.505976,1.000000,0.069341,0.000001931,
2297800,27.505976,25.000000,2.505976,0.000000,-27.505976,1.000000,0.069301,0.000001935,
2297900,27.627987,25.000000,2.627987,0.000000,-27.505976,1.000000,0.069305,0.000001962,
2298000,27.627987,25.250000,2.377987,0.000000,-27.505976,1.000000,0.069256,0.000001970,
2298100,27.627987,25.250000,2.377987,0.000000,-27.627987,1.000000,0.069246,0.000001995,
2298200,27.688993,25.250000,2.438993,0.000000,-27.627987,1.000000,0.069217,0.000001998,
2298300,27.688993,24.750000,2.938993,0.000000,-27.627987,1.000000,0.069185,0.000001980,
2298400,27.688993,24.750000,2.938993,0.000000,-27.627987,1.000000,0.069175,0.000001985,
2298500,27.719498,24.750000,2.969498,0.000000,-27.688993,1.000000,0.069174,0.000001959,
2298600,27.719498,25.250000,2.469498,0.000000,-27.688993,1.000000,0.069166,0.000001934,
2298700,27.719498,25.250000,2.469498,0.000000,-27.688993,1.000000,0.069073,0.000001960,
2298800,27.734749,25.250000,2.484749,0.000000,-27.688993,1.000000,0.069039,0.000001969,
2298900,27.734749,24.750000,2.984749,0.000000,-27.734749,1.000000,0.069031,0.000001956,
2299000,27.734749,24.750000,2.984749,0.000000,-27.734749,1.000000,0.068950,0.000001966,
2299100,27.742374,24.750000,2.992374,0.000000,-27.734749,1.000000,0.069017,0.000001966,
2299200,27.742374,25.000000,2.742374,0.000000,-27.734749,1.000000,0.069002,0.000001930,
2299300,27.742374,25.000000,2.742374,0.000000,-27.742374,1.000000,0.068994,0.000001962,
2299400,27.621187,25.000000,2.621187,0.000000,-27.742374,1.000000,0.069022,0.000001978,
2299500,27.621187,25.000000,2.621187,0.000000,-27.742374,1.000000,0.069008,0.000001971,
2299600,27.621187,25.000000,2.621187,0.000000,-27.742374,1.000000,0.068906,0.000001985,
2299700,27.810593,25.000000,2.810593,0.000000,-27.621187,1.000000,0.068880,0.000001979,
2299800,27.810593,25.000000,2.810593,0.000000,-27.621187,1.000000,0.068851,0.000001990,
2299900,27.810593,25.000000,2.810593,0.000000,-27.621187,1.000000,0.068813,0.000002010,
2300000,27.905296,25.000000,2.905296,0.000000,-27.621187,1.000000,0.068764,0.000001996,
2300100,27.905296,25.000000,2.905296,0.000000,-27.905296,1.000000,0.068751,0.000001994,
2300200,27.905296,25.000000,2.905296,0.000000,-27.905296,1.000000,0.068709,0.000001988,
2300300,27.702648,25.000000,2.702648,0.000000,-27.905296,1.000000,0.068707,0.000001971,
2300400,27.702648,25.000000,2.702648,0.000000,-27.905296,1.000000,0.068665,0.000001957,
2300500,27.702648,25.000000,2.702648,0.000000,-27.702648,1.000000,0.068646,0.000001969,
2300600,27.726324,25.000000,2.726324,0.000000,-27.702648,1.000000,0.068625,0.000001968,
2300700,27.726324,25.000000,2.726324,0.000000,-27.702648,1.000000,0.068580,0.000001952,
2300800,27.726324,25.000000,2.726324,0.000000,-27.702648,1.000000,0.068560,0.000001945,
2300900,27.738163,25.000000,2.738163,0.000000,-27.726324,1.000000,0.068497,0.000001968,
2301000,27.738163,24.750000,2.988163,0.000000,-27.726324,1.000000,0.068481,0.000001954,
2301100,27.738163,24.750000,2.988163,0.000000,-27.726324,1.000000,0.068436,0.000001963,
2301200,27.744081,24.750000,2.994081,0.000000,-27.726324,1.000000,0.068450,0.000001961,
2301300,27.744081,25.000000,2.744081,0.000000,-27.744081,1.000000,0.068408,0.000001979,
2301400,27.744081,25.000000,2.744081,0.000000,-27.744081,1.000000,0.068377,0.000001972,
2301500,27.747040,25.000000,2.747040,0.000000,-27.744081,1.000000,0.068385,0.000001991,
2301600,27.747040,24.500000,3.247040,0.000000,-27.744081,1.000000,0.068405,0.000001995,
2301700,27.747040,24.500000,3.247040,0.000000,-27.747040,1.000000,0.068411,0.000002031,
2301800,27.748520,24.500000,3.248520,0.000000,-27.747040,1.000000,0.068394,0.000002039,
2301900,27.748520,25.000000,2.748520,0.000000,-27.747040,1.000000,0.068368,0.000002042,
2302000,27.748520,25.000000,2.748520,0.000000,-27.747040,1.000000,0.068310,0.000002017,
2302100,27.499260,25.000000,2.499260,0.000000,-27.748520,1.000000,0.068269,0.000001981,
2302200,27.499260,24.500000,2.999260,0.000000,-27.748520,1.000000,0.068243,0.000001972,
2302300,27.499260,24.500000,2.999260,0.000000,-27.748520,1.000000,0.068197,0.000001968,
2302400,27.624630,24.500000,3.124630,0.000000,-27.748520,1.000000,0.068136,0.000001975,
2302500,27.624630,24.750000,2.874630,0.000000,-27.624630,1.000000,0.068105,0.000001999,
2302600,27.624630,24.750000,2.874630,0.000000,-27.624630,1.000000,0.068122,0.000001994,
2302700,27.687315,24.750000,2.937315,0.000000,-27.624630,1.000000,0.068102,0.000002016,
2302800,27.687315,24.750000,2.937315,0.000000,-27.624630,1.000000,0.068103,0.000001989,
2302900,27.687315,24.750000,2.937315,0.000000,-27.687315,1.000000,0.068094,0.000002026,
2303000,27.718658,24.750000,2.968658,0.000000,-27.687315,1.000000,0.068071,0.000002017,
2303100,27.718658,25.000000,2.718658,0.000000,-27.687315,1.000000,0.068065,0.000001999,
2303200,27.718658,25.000000,2.718658,0.000000,-27.687315,1.000000,0.068076,0.000002015,
2303300,27.859329,25.000000,2.859329,0.000000,-27.718658,1.000000,0.068010,0.000002009,
2303400,27.859329,24.500000,3.359329,0.000000,-27.718658,1.000000,0.068006,0.000001993,
2303500,27.859329,24.500000,3.359329,0.000000,-27.718658,1.000000,0.067979,0.000001989,
2303600,27.804665,24.500000,3.304665,0.000000,-27.718658,1.000000,0.067966,0.000001971,
2303700,27.804665,24.500000,3.304665,0.000000,-27.804665,1.000000,0.067932,0.000001973,
2303800,27.804665,24.500000,3.304665,0.000000,-27.804665,1.000000,0.067899,0.000001956,
2303900,27.777332,24.500000,3.277332,0.000000,-27.804665,1.000000,0.067884,0.000001958,
2304000,27.763666,24.500000,3.263666,0.000000,-27.804665,1.000000,0.067928,0.000001964,
2304100,27.763666,25.000000,2.763666,0.000000,-27.763666,1.000000,0.067873,0.000001947,
2304200,27.763666,25.000000,2.763666,0.000000,-27.763666,1.000000,0.067813,0.000001961,
2304300,27.881832,25.000000,2.881832,0.000000,-27.763666,1.000000,0.067780,0.000001960,
2304400,27.881832,25.000000,2.881832,0.000000,-27.763666,1.000000,0.067755,0.000001929,
2304500,27.881832,25.000000,2.881832,0.000000,-27.881832,1.000000,0.067673,0.000001955,
2304600,27.815916,25.000000,2.815916,0.000000,-27.881832,1.000000,0.067686,0.000001944,
2304700,27.815916,24.500000,3.315916,0.000000,-27.881832,1.000000,0.067673,0.000001940,
2304800,27.815916,24.500000,3.315916,0.000000,-27.881832,1.000000,0.067611,0.000001982,
2304900,27.657959,24.500000,3.157959,0.000000,-27.815916,1.000000,0.067593,0.000001980,
2305000,27.657959,24.500000,3.157959,0.000000,-27.815916,1.000000,0.067562,0.000001968,
2305100,27.657959,24.500000,3.157959,0.000000,-27.815916,1.000000,0.067535,0.000001952,
2305200,27.578979,24.500000,3.078979,0.000000,-27.815916,1.000000,0.067478,0.000001948,
2305300,27.578979,24.750000,2.828979,0.000000,-27.578979,1.000000,0.067478,0.000001970,
2305400,27.578979,24.750000,2.828979,0.000000,-27.578979,1.000000,0.067519,0.000001971,
2305500,27.664490,24.750000,2.914490,0.000000,-27.578979,1.000000,0.067450,0.000001940,
2305600,27.664490,25.000000,2.664490,0.000000,-27.578979,1.000000,0.067380,0.000001949,
2305700,27.664490,25.000000,2.664490,0.000000,-27.664490,1.000000,0.067367,0.000001949,
2305800,27.707245,25.000000,2.707245,0.000000,-27.664490,1.000000,0.067366,0.000001968,
2305900,27.707245,24.750000,2.957245,0.000000,-27.664490,1.000000,0.067395,0.000001980,
2306000,27.707245,24.750000,2.957245,0.000000,-27.664490,1.000000,0.067390,0.000001964,
2306100,27.603622,24.750000,2.853622,0.000000,-27.707245,1.000000,0.067379,0.000001960,
2306200,27.603622,25.000000,2.603622,0.000000,-27.707245,1.000000,0.067318,0.000001962,
2306300,27.603622,25.000000,2.603622,0.000000,-27.707245,1.000000,0.067280,0.000001936,
2306400,27.676811,25.000000,2.676811,0.000000,-27.707245,1.000000,0.067255,0.000001939,
2306500,27.676811,25.000000,2.676811,0.000000,-27.676811,1.000000,0.067240,0.000001910,
2306600,27.676811,25.000000,2.676811,0.000000,-27.676811,1.000000,0.067258,0.000001937,
2306700,27.713406,25.000000,2.713406,0.000000,-27.676811,1.000000,0.067238,0.000001928,
2306800,27.713406,24.750000,2.963406,0.000000,-27.676811,1.000000,0.067255,0.000001942,
2306900,27.713406,24.750000,2.963406,0.000000,-27.713406,1.000000,0.067221,0.000001917,
2307000,27.606703,24.750000,2.856703,0.000000,-27.713406,1.000000,0.067174,0.000001898,
2307100,27.606703,24.500000,3.106703,0.000000,-27.713406,1.000000,0.067119,0.000001905,
2307200,27.606703,24.500000,3.106703,0.000000,-27.713406,1.000000,0.067061,0.000001920,
2307300,27.428352,24.500000,2.928352,0.000000,-27.606703,1.000000,0.067030,0.000001931,
2307400,27.428352,24.750000,2.678352,0.000000,-27.606703,1.000000,0.067029,0.000001962,
2307500,27.428352,24.750000,2.678352,0.000000,-27.606703,1.000000,0.067015,0.000001954,
2307600,27.464176,24.750000,2.714176,0.000000,-27.606703,1.000000,0.067039,0.000001939,
2307700,27.464176,24.000000,3.464176,0.000000,-27.464176,1.000000,0.067039,0.000001926,
